episode,reward,bins,optimal_bins,utilization,actor_loss,critic_loss,gradient_variance,gradient_norm
0,30.369047619047617,56,49,0.8636904761904762,2.1961967945098877,29.95981788635254,0.0,44.25141525268555
1,-5.702127659574467,94,83,0.8829787234042553,-1.9081372022628784,21.09453773498535,0.0021872317884117365,19.20771598815918
2,-141.3421052631579,228,198,0.866578947368421,-3.758922576904297,8.13638687133789,0.002398937940597534,13.203744888305664
3,59.33333333333334,24,20,0.8333333333333334,5.045182228088379,57.242576599121094,0.0026453430764377117,24.558456420898438
4,40.95652173913043,46,40,0.8695652173913043,1.7104520797729492,34.41390609741211,0.0028149636927992105,28.112218856811523
5,-26.860869565217396,115,102,0.8813913043478261,-1.3748645782470703,30.807109832763672,0.0025714049115777016,15.066386222839355
6,43.888888888888886,45,40,0.8888888888888888,1.4666441679000854,53.823001861572266,0.00284647848457098,29.525650024414062
7,-129.64840182648402,219,196,0.8935159817351598,-2.1546103954315186,11.001587867736816,0.0026285587809979916,12.72212028503418
8,43.888888888888886,45,40,0.8888888888888888,1.244277000427246,34.564144134521484,0.002433269051834941,13.882771492004395
9,63.95652173913043,23,20,0.8695652173913043,4.0193657875061035,57.13322067260742,0.0023800963535904884,19.777196884155273
10,63.95652173913043,23,20,0.8695652173913043,3.0363900661468506,59.670501708984375,0.0024094327818602324,24.96803855895996
11,-7.631578947368416,95,83,0.8736842105263158,-1.8967876434326172,13.196952819824219,0.002277977066114545,8.664989471435547
12,-5.7021276595744705,94,83,0.8829787234042553,-2.3603291511535645,13.271682739257812,0.002146248472854495,7.851393699645996
13,59.333333333333336,24,20,0.8333333333333334,1.1889111995697021,109.41809844970703,0.002733276691287756,45.9439811706543
14,-146.34472934472933,234,206,0.8765527065527066,-3.1841611862182617,13.555987358093262,0.0025991161819547415,13.337778091430664
15,-5.702127659574467,94,83,0.8829787234042553,-1.1683249473571777,10.786709785461426,0.002470938488841057,10.134848594665527
16,-21.18018018018018,111,100,0.8981981981981982,-0.7884327173233032,26.36052703857422,0.0024431562051177025,22.46271514892578
17,-5.702127659574467,94,83,0.8829787234042553,0.6091726422309875,29.5777587890625,0.0023301837500184774,10.136038780212402
18,-22.535714285714278,112,101,0.8946428571428572,0.6825576424598694,25.115676879882812,0.0022552553564310074,19.066267013549805
19,63.95652173913043,23,20,0.8695652173913043,4.229144096374512,73.75184631347656,0.00226636603474617,25.852998733520508
20,-131.43243243243245,222,202,0.9056756756756756,0.17858906090259552,13.960646629333496,0.002180817537009716,11.948946952819824
21,-24.327433628318584,113,101,0.8867256637168142,-1.9778093099594116,17.417747497558594,0.0021750133018940687,21.664031982421875
22,-21.797619047619044,112,102,0.9020238095238096,-3.215276002883911,29.56120491027832,0.0021182720083743334,18.492250442504883
23,-138.0497076023392,228,206,0.8995029239766081,-2.394441604614258,16.432720184326172,0.002047007204964757,13.746563911437988
24,40.95652173913043,46,40,0.8695652173913043,-1.572462558746338,47.54273986816406,0.0020026376005262136,19.466154098510742
25,59.333333333333336,24,20,0.8333333333333334,0.6018816828727722,72.88817596435547,0.0019680564291775227,20.005775451660156
26,39.50000000000001,52,48,0.915,-3.111311435699463,49.654117584228516,0.002027875045314431,31.50908660888672
27,25.422222222222224,60,52,0.8542222222222222,-2.7990729808807373,56.50254440307617,0.0020061128307133913,24.25660514831543
28,35.333333333333336,48,40,0.8333333333333334,0.38427913188934326,29.2537784576416,0.0019565862603485584,12.851520538330078
29,-7.631578947368412,95,83,0.8736842105263158,0.041920363903045654,22.47545051574707,0.0019023551139980555,7.746773719787598
30,-17.532110091743117,109,100,0.9146788990825688,-0.4067378044128418,38.37632369995117,0.0018531804671511054,14.358247756958008
31,46.90909090909091,44,40,0.9090909090909091,0.6473208665847778,57.847381591796875,0.0018073242390528321,16.792762756347656
32,40.95652173913042,46,40,0.8695652173913043,0.3410763740539551,57.135414123535156,0.0017596280667930841,15.543838500976562
33,-3.752688172043008,93,83,0.8924731182795699,-0.5953895449638367,21.852258682250977,0.0017134351655840874,9.091629028320312
34,34.64197530864198,54,48,0.8864197530864197,-2.949462890625,47.78425598144531,0.0016826977953314781,21.398061752319336
35,-136.64170337738622,227,206,0.903582966226138,-1.4672317504882812,17.244461059570312,0.0016440965700894594,10.73524284362793
36,-16.179012345679006,108,100,0.9182098765432098,-3.2152912616729736,37.464534759521484,0.0016063337679952383,14.49594497680664
37,-21.18018018018018,111,100,0.8981981981981982,-2.9722328186035156,43.027042388916016,0.001577990478836,12.616466522216797
38,-25.365781710914458,113,100,0.8763421828908554,-2.3091673851013184,37.54442596435547,0.001542453421279788,8.386046409606934
39,-22.769911504424776,113,103,0.9023008849557522,-1.9254189729690552,39.40892028808594,0.0015088511863723397,14.392803192138672
40,-1.7826086956521774,92,83,0.9021739130434783,-0.027066363021731377,32.862396240234375,0.0014772547874599695,8.0943603515625
41,-139.43085880640464,229,206,0.8956914119359535,0.630685567855835,17.392044067382812,0.0014466497814282775,8.836565971374512
42,30.793939393939386,55,48,0.8579393939393939,-0.486914724111557,71.10810089111328,0.0014236107235774398,16.773948669433594
43,-125.2642089093702,217,200,0.917357910906298,0.3344547748565674,17.311920166015625,0.001398126594722271,7.262959003448486
44,46.90909090909091,44,40,0.9090909090909091,0.18359020352363586,34.01847839355469,0.0013742126757279038,8.354930877685547
45,-3.7526881720430154,93,83,0.8924731182795699,-1.3636335134506226,26.170021057128906,0.0013516608159989119,5.396880626678467
46,40.95652173913043,46,40,0.8695652173913043,-2.4192779064178467,48.49482727050781,0.0013257651589810848,12.544469833374023
47,-3.7526881720430105,93,83,0.8924731182795699,-2.45747971534729,28.46552085876465,0.0013016853481531143,7.882719993591309
48,63.95652173913043,23,20,0.8695652173913043,-0.5198951959609985,110.21882629394531,0.0012788284802809358,10.2618989944458
49,-5.7021276595744705,94,83,0.8829787234042553,-2.1112051010131836,27.299070358276367,0.0012579249450936913,6.246771812438965
50,-28.56896551724138,116,102,0.8743103448275862,-3.005032777786255,17.451997756958008,0.001241284073330462,4.372581481933594
51,-5.70212765957446,94,83,0.8829787234042553,-0.8656345009803772,28.2152099609375,0.0012217386392876506,6.145780086517334
52,-22.16666666666667,112,101,0.8983333333333333,-1.200616478919983,31.665660858154297,0.0012044197646901011,5.282196521759033
53,-121.17527386541471,213,196,0.9182472613458529,0.23533594608306885,17.909921646118164,0.0011893889168277383,4.603377342224121
54,-5.7021276595744705,94,83,0.8829787234042553,0.5433134436607361,33.0994987487793,0.0011724256910383701,6.119143962860107
55,63.95652173913044,23,20,0.8695652173913043,3.5552308559417725,74.56166076660156,0.0011604228056967258,16.961488723754883
56,43.888888888888886,45,40,0.8888888888888888,0.790820837020874,57.34437942504883,0.0011417071800678968,10.192349433898926
57,63.95652173913043,23,20,0.8695652173913043,2.4380242824554443,58.33784103393555,0.0011371594155207276,12.756502151489258
58,46.90909090909091,44,40,0.9090909090909091,-2.152247905731201,56.6872444152832,0.0011195865226909518,7.998650550842285
59,63.95652173913044,23,20,0.8695652173913043,-3.3304195404052734,101.10162353515625,0.0011072291526943445,17.806930541992188
60,-135.7433628318584,226,204,0.902566371681416,-4.317171573638916,8.13790512084961,0.001094688312150538,5.338665008544922
61,63.95652173913044,23,20,0.8695652173913043,-1.8959320783615112,92.17787170410156,0.0010788639774546027,8.21851921081543
62,-130.02262443438914,221,202,0.9097737556561086,-2.3820765018463135,16.665403366088867,0.0010678988182917237,5.550082206726074
63,43.888888888888886,45,40,0.8888888888888888,-0.7669023275375366,57.335330963134766,0.0010543527314439416,10.8236083984375
64,43.888888888888886,45,40,0.8888888888888888,0.2713998258113861,57.479942321777344,0.0010434346040710807,12.484112739562988
65,-121.13145539906102,213,196,0.9186854460093896,0.593061089515686,15.933650970458984,0.0010347467614337802,5.876764297485352
66,63.95652173913043,23,20,0.8695652173913043,3.623094320297241,91.9284439086914,0.0010263315634801984,16.224994659423828
67,40.371794871794876,52,49,0.9237179487179488,0.321878582239151,79.17383575439453,0.0010246613528579473,10.86474895477295
68,63.95652173913044,23,20,0.8695652173913043,2.034348964691162,112.95701599121094,0.0010146851418539882,16.68512535095215
69,43.888888888888886,45,40,0.8888888888888888,-1.0664427280426025,54.64528274536133,0.0010033516446128488,9.637972831726074
70,63.95652173913043,23,20,0.8695652173913043,-1.8541574478149414,110.10657501220703,0.0009934030240401626,11.740883827209473
71,38.09090909090909,55,52,0.9309090909090909,-7.887711524963379,65.84173583984375,0.0010047249961644411,20.432470321655273
72,68.9090909090909,22,20,0.9090909090909091,-3.082526922225952,115.31533813476562,0.0009943125769495964,10.80667495727539
73,43.88888888888888,45,40,0.8888888888888888,-3.176100730895996,58.663421630859375,0.0009823904838413,7.6471686363220215
74,-123.67283950617283,216,200,0.9232716049382717,-1.0865304470062256,12.710431098937988,0.0009771509794518352,2.3860931396484375
75,-3.752688172043012,93,83,0.8924731182795699,-0.9991331100463867,28.122713088989258,0.0009662742959335446,6.843888282775879
76,-3.752688172043017,93,83,0.8924731182795699,-0.5777381658554077,23.394371032714844,0.0009553286363370717,7.411218643188477
77,27.870056497175142,59,52,0.8687005649717514,-3.005581855773926,57.831058502197266,0.0009449697681702673,12.847084045410156
78,68.9090909090909,22,20,0.9090909090909091,1.4168198108673096,103.33109283447266,0.0009363514254800975,11.018062591552734
79,46.909090909090914,44,40,0.9090909090909091,-0.9561951160430908,63.53790283203125,0.000928086054045707,7.187894344329834
80,-18.53333333333333,110,101,0.9146666666666666,-1.9323962926864624,36.047607421875,0.0009242011001333594,5.295661449432373
81,43.888888888888886,45,40,0.8888888888888888,-1.9419432878494263,41.22849655151367,0.000916398479603231,3.7253246307373047
82,32.91812865497076,57,52,0.8991812865497076,-5.813308238983154,65.0724868774414,0.0009899395518004894,36.27290344238281
83,43.88888888888888,45,40,0.8888888888888888,-1.6274175643920898,55.27199172973633,0.0009828732581809163,9.694445610046387
84,-5.702127659574476,94,83,0.8829787234042553,0.108602374792099,23.013774871826172,0.0009746219730004668,3.8147072792053223
85,-125.09831029185868,217,200,0.9190168970814132,0.881517767906189,15.427783966064453,0.0009713419713079929,6.247279167175293
86,-120.97819314641744,214,200,0.9302180685358256,0.860274612903595,15.784510612487793,0.0009658999042585492,4.3865180015563965
87,41.52564102564102,52,49,0.9352564102564103,0.5413593649864197,65.49298095703125,0.000961060868576169,6.199481964111328
88,43.888888888888886,45,40,0.8888888888888888,0.39710143208503723,53.76453399658203,0.000953036593273282,7.489123821258545
89,-14.320872274143301,107,100,0.926791277258567,-1.1791205406188965,29.6452693939209,0.0010593209881335497,40.797672271728516
90,-15.68518518518518,108,100,0.9231481481481482,-2.0430374145507812,28.288217544555664,0.0010563589166849852,9.043523788452148
91,-3.752688172043009,93,83,0.8924731182795699,-1.1547220945358276,27.461795806884766,0.0010491203283891082,4.147916793823242
92,-12.582554517133953,107,102,0.9441744548286605,-2.8817150592803955,31.984874725341797,0.0010668101022019982,19.03775978088379
93,43.888888888888886,45,40,0.8888888888888888,-2.4642436504364014,53.57680130004883,0.0010583670809864998,4.924870491027832
94,40.95652173913044,46,40,0.8695652173913043,-2.406794309616089,56.68224334716797,0.0010500011267140508,6.389021396636963
95,-1.7826086956521694,92,83,0.9021739130434783,-1.1814790964126587,20.765668869018555,0.0010415150318294764,4.388525009155273
96,40.91025641025641,52,49,0.9291025641025641,-2.715090274810791,60.6961784362793,0.0010340105509385467,3.897441864013672
97,-118.1006289308176,212,200,0.9389937106918239,-0.835724413394928,11.283699035644531,0.0010280439164489508,2.7035298347473145
98,43.888888888888886,45,40,0.8888888888888888,0.13843528926372528,32.99491882324219,0.001019046874716878,5.6430439949035645
99,43.435374149659864,49,46,0.9243537414965987,-0.34106016159057617,29.208398818969727,0.0010123052634298801,8.646828651428223
100,-121.56481481481481,216,204,0.9443518518518519,-0.3320852816104889,12.996491432189941,0.0009039903525263071,3.233365058898926
101,-11.471698113207552,106,101,0.9452830188679245,-0.8489082455635071,28.8343448638916,0.0008907426963560283,9.028409004211426
102,-1.7826086956521774,92,83,0.9021739130434783,-0.1315738409757614,24.88412094116211,0.0008861621608957648,5.131190776824951
103,43.73202614379085,51,49,0.9473202614379085,-3.277508020401001,63.8084831237793,0.0008941157720983028,23.965534210205078
104,-11.139682539682555,105,99,0.9386031746031746,-1.2260898351669312,27.440914154052734,0.0008751389686949551,18.872608184814453
105,63.95652173913043,23,20,0.8695652173913043,-0.2295108288526535,95.3864517211914,0.0008722059428691864,7.6504740715026855
106,-16.471471471471464,111,106,0.9452852852852853,-2.7430341243743896,29.06895637512207,0.0008340223575942218,9.447343826293945
107,-12.58255451713396,107,102,0.9441744548286605,-3.018807888031006,28.521827697753906,0.0008373744785785675,10.951451301574707
108,63.95652173913044,23,20,0.8695652173913043,-1.9082344770431519,92.94805145263672,0.000920601247344166,41.856605529785156
109,-123.92354740061162,218,206,0.9407645259938838,-1.6981562376022339,12.73928165435791,0.0009087563375942409,4.15493631362915
110,40.95652173913043,46,40,0.8695652173913043,-0.45926710963249207,33.32817459106445,0.0008852712926454842,5.4417405128479
111,43.88888888888888,45,40,0.8888888888888888,-0.2836134433746338,52.32683563232422,0.0008829744765534997,4.9886274337768555
112,-5.702127659574465,94,83,0.8829787234042553,0.5318518280982971,20.064035415649414,0.0008839862421154976,2.3160951137542725
113,46.9090909090909,44,40,0.9090909090909091,0.14709855616092682,44.05097198486328,0.0007762217428535223,3.1070077419281006
114,43.888888888888886,45,40,0.8888888888888888,-1.011354684829712,39.56260681152344,0.0007716328254900873,8.177661895751953
115,-3.7526881720430163,93,83,0.8924731182795699,0.06430117785930634,23.630691528320312,0.0007717270636931062,2.7927815914154053
116,-3.75268817204302,93,83,0.8924731182795699,-0.37857598066329956,25.775760650634766,0.00075294025009498,2.58591365814209
117,-1.7826086956521738,92,83,0.9021739130434783,-0.713661789894104,20.027523040771484,0.0007530436851084232,2.0373849868774414
118,38.36969696969696,55,52,0.9336969696969697,-7.174021244049072,68.48102569580078,0.0007508702692575753,12.85302448272705
119,-3.7526881720430127,93,83,0.8924731182795699,0.08566313236951828,20.75788116455078,0.0007236917736008763,3.7365293502807617
120,-1.7826086956521663,92,83,0.9021739130434783,1.0676451921463013,22.190675735473633,0.0007216252852231264,4.04978609085083
121,43.888888888888886,45,40,0.8888888888888888,1.7713407278060913,54.81916809082031,0.0007021454512141645,6.16603422164917
122,68.9090909090909,22,20,0.9090909090909091,3.2962708473205566,129.1344757080078,0.0007150682504288852,20.796165466308594
123,-7.631578947368425,95,83,0.8736842105263158,1.1973674297332764,28.234830856323242,0.0007133474573493004,6.461266994476318
124,-12.214953271028035,107,102,0.9478504672897197,1.1576389074325562,25.3501033782959,0.0007052890723571181,6.382183074951172
125,-5.702127659574467,94,83,0.8829787234042553,0.5379663109779358,24.911643981933594,0.0006933425320312381,2.556309938430786
126,40.95652173913043,46,40,0.8695652173913043,0.9658501148223877,42.410888671875,0.0006497669965028763,5.998208999633789
127,42.8562091503268,51,48,0.938562091503268,0.5075564384460449,43.32822799682617,0.0006336374790407717,9.50606918334961
128,43.88888888888889,45,40,0.8888888888888888,0.5742661952972412,46.75905990600586,0.0006309241289272904,6.617622375488281
129,-10.047619047619055,105,100,0.9495238095238095,-1.6323167085647583,29.271583557128906,0.0006358816754072905,10.639490127563477
130,68.9090909090909,22,20,0.9090909090909091,0.6440606713294983,110.53417205810547,0.0006327495793811977,5.997143268585205
131,-115.81200631911533,211,201,0.9518799368088467,-2.203857421875,14.103751182556152,0.0006264945259317756,3.949167251586914
132,43.888888888888886,45,40,0.8888888888888888,-2.9627902507781982,61.632591247558594,0.0006297100917436182,13.422472953796387
133,43.888888888888886,45,40,0.8888888888888888,-2.6754350662231445,43.21997833251953,0.0006301229004748166,3.3816258907318115
134,43.88888888888888,45,40,0.8888888888888888,-3.2876477241516113,50.69255447387695,0.0006154800648801029,3.694462776184082
135,38.36969696969697,55,52,0.9336969696969697,-5.62420129776001,47.23283004760742,0.00061434117378667,1.2429709434509277
136,43.888888888888886,45,40,0.8888888888888888,-2.8576366901397705,53.6884880065918,0.0006092010298743844,2.7807984352111816
137,-3.7526881720430083,93,83,0.8924731182795699,-1.1598817110061646,26.040563583374023,0.0006064764456823468,3.9079854488372803
138,43.73202614379084,51,49,0.9473202614379085,-1.4089257717132568,58.02436065673828,0.0006069231312721968,1.8423219919204712
139,-9.237179487179489,104,99,0.9476282051282051,0.49322354793548584,35.344547271728516,0.0006019063876010478,2.9768903255462646
140,63.95652173913043,23,20,0.8695652173913043,1.4395215511322021,102.94669342041016,0.0006017689011059701,2.990812301635742
141,43.732026143790854,51,49,0.9473202614379085,-0.29520905017852783,65.26287078857422,0.0006024311296641827,3.3691272735595703
142,-115.81200631911533,211,201,0.9518799368088467,-0.2680625915527344,15.177569389343262,0.000592522497754544,2.5655534267425537
143,74.23809523809523,21,20,0.9523809523809523,-0.3346997797489166,106.61225891113281,0.0005930751794949174,1.7076282501220703
144,-5.702127659574468,94,83,0.8829787234042553,-1.4072233438491821,26.767011642456055,0.0005925053264945745,1.0482908487319946
145,43.83660130718953,51,49,0.9483660130718954,-4.103889465332031,60.21418762207031,0.0005941343843005598,7.508421421051025
146,43.88888888888888,45,40,0.8888888888888888,-2.6506295204162598,56.13144302368164,0.0005915843648836017,7.816357612609863
147,63.95652173913044,23,20,0.8695652173913043,-0.5985219478607178,81.1370620727539,0.0005910649779252708,4.127272605895996
148,-1.7826086956521658,92,83,0.9021739130434783,-1.1007342338562012,28.57809066772461,0.0005899430252611637,3.7449185848236084
149,-114.28253968253969,210,202,0.9571746031746031,-0.5708789825439453,13.2116060256958,0.0005912603228352964,5.582703590393066
150,43.888888888888886,45,40,0.8888888888888888,-1.0309603214263916,53.44303512573242,0.0005919905961491168,6.8689141273498535
151,-118.7601246105919,214,204,0.952398753894081,-0.39000236988067627,10.782283782958984,0.0005930300103500485,2.9387331008911133
152,-12.21495327102804,107,102,0.9478504672897197,-1.0178865194320679,24.300806045532227,0.0005933724460192025,2.5882503986358643
153,-3.752688172043016,93,83,0.8924731182795699,-0.19129343330860138,18.282869338989258,0.0005942116258665919,0.6798768043518066
154,68.9090909090909,22,20,0.9090909090909091,-0.3761519193649292,59.918460845947266,0.0005961313145235181,10.485918045043945
155,68.9090909090909,22,20,0.9090909090909091,0.2268235981464386,98.9453353881836,0.0005889179883524776,2.2895569801330566
156,-8.782051282051276,104,100,0.9521794871794872,-2.1631970405578613,27.514659881591797,0.0005875403294339776,3.9137556552886963
157,63.95652173913042,23,20,0.8695652173913043,-1.5026674270629883,94.87301635742188,0.0005798707134090364,1.306993842124939
158,40.95652173913043,46,40,0.8695652173913043,-1.6831552982330322,45.09767150878906,0.0005791926523670554,0.8442828059196472
159,46.3611111111111,48,46,0.9436111111111111,-0.8970896005630493,53.188316345214844,0.000571977929212153,5.219684600830078
160,41.01282051282052,52,49,0.9301282051282052,0.9648764133453369,35.006649017333984,0.0005775214522145689,7.184380054473877
161,-10.880503144654096,106,101,0.9511949685534591,1.2676899433135986,25.274072647094727,0.0005766312242485583,5.727385997772217
162,-7.631578947368421,95,83,0.8736842105263158,0.7358513474464417,25.77741050720215,0.0005777336191385984,6.101961135864258
163,40.913580246913575,54,52,0.9491358024691358,2.487133741378784,38.28105926513672,0.0005786349647678435,4.9193267822265625
164,-11.08176100628931,106,101,0.9491823899371069,0.9318673610687256,23.310331344604492,0.0005730872508138418,1.3498553037643433
165,-5.702127659574474,94,83,0.8829787234042553,-0.050212934613227844,27.929203033447266,0.0005730576231144369,4.209667205810547
166,68.9090909090909,22,20,0.9090909090909091,3.3373236656188965,95.66580200195312,0.0005614240653812885,2.096734046936035
167,-118.7601246105919,214,204,0.952398753894081,-1.7673169374465942,11.124045372009277,0.000558788247872144,2.3755099773406982
168,43.87179487179487,52,51,0.9587179487179487,-1.2911078929901123,50.514869689941406,0.000554081576410681,11.436211585998535
169,-7.631578947368409,95,83,0.8736842105263158,-1.4484232664108276,17.00945281982422,0.0005582555313594639,9.327510833740234
170,-3.7526881720430025,93,83,0.8924731182795699,-2.449761390686035,28.353836059570312,0.00055421277647838,2.99698543548584
171,-12.271028037383182,107,102,0.9472897196261683,-2.9004673957824707,26.91636085510254,0.0005309628904797137,2.7938480377197266
172,46.90909090909091,44,40,0.9090909090909091,-2.975414514541626,45.7031364440918,0.0005267388187348843,1.9716684818267822
173,-110.08737864077669,206,198,0.959126213592233,-2.243969440460205,12.045713424682617,0.0005387365235947073,14.867289543151855
174,43.888888888888886,45,40,0.8888888888888888,-4.478626728057861,53.55738067626953,0.0005618721479550004,21.346025466918945
175,63.95652173913043,23,20,0.8695652173913043,-2.6702466011047363,93.29100799560547,0.0005609365180134773,1.8611987829208374
176,44.69333333333333,50,48,0.9469333333333333,-2.466975450515747,66.9795913696289,0.0005597734125331044,2.7143595218658447
177,-7.317152103559881,103,99,0.9568284789644013,1.3910547494888306,36.96268844604492,0.0005691761034540832,16.350704193115234
178,-3.752688172043014,93,83,0.8924731182795699,1.1933268308639526,32.80698776245117,0.0005643035401590168,3.4815056324005127
179,43.83660130718954,51,49,0.9483660130718954,2.0263280868530273,88.1444320678711,0.0005645726341754198,3.0253233909606934
180,44.22875816993463,51,49,0.9522875816993464,0.9935609698295593,79.64817810058594,0.0005662410403601825,6.588788986206055
181,43.83660130718953,51,49,0.9483660130718954,0.9668391942977905,60.56842041015625,0.0005714748403988779,8.498150825500488
182,40.95652173913043,46,40,0.8695652173913043,-0.8013548851013184,46.63471984863281,0.0004936500336043537,3.374934196472168
183,63.95652173913043,23,20,0.8695652173913043,-2.978422164916992,111.48999786376953,0.001666096388362348,139.00296020507812
184,40.95652173913043,46,40,0.8695652173913043,-3.0896925926208496,43.30775833129883,0.001665501855313778,4.586256504058838
185,59.33333333333334,24,20,0.8333333333333334,-4.747167110443115,77.39399719238281,0.0016844624187797308,20.659751892089844
186,-10.377358490566039,106,102,0.9562264150943396,-0.9782294631004333,20.156190872192383,0.0016854130662977695,3.4457290172576904
187,44.69333333333333,50,48,0.9469333333333333,-1.7291696071624756,35.774837493896484,0.0016866895603016019,3.7806036472320557
188,44.35947712418301,51,49,0.9535947712418301,0.7136725187301636,30.162342071533203,0.0016862745396792889,0.7267208695411682
189,44.69333333333333,50,48,0.9469333333333333,-0.8861477375030518,29.750503540039062,0.0015920099103823304,12.483534812927246
190,-118.1526479750779,214,206,0.9584735202492212,0.49704843759536743,14.826956748962402,0.001605423167347908,16.097097396850586
191,-7.653846153846155,104,101,0.9634615384615385,0.0493435300886631,16.095674514770508,0.001604661112651229,3.8006978034973145
192,43.88888888888888,45,40,0.8888888888888888,-0.6579593420028687,41.617958068847656,0.0015849804040044546,8.452476501464844
193,63.95652173913043,23,20,0.8695652173913043,0.08163757622241974,76.09767150878906,0.0015902197919785976,11.279817581176758
194,-8.647435897435896,104,100,0.9535256410256411,-2.619955539703369,26.926380157470703,0.001702621579170227,43.47742462158203
195,44.69333333333333,50,48,0.9469333333333333,-4.3834638595581055,49.009098052978516,0.0017030942253768444,8.046287536621094
196,40.95652173913043,46,40,0.8695652173913043,-1.4884142875671387,41.020442962646484,0.0017023003892973065,4.652537822723389
197,40.95652173913042,46,40,0.8695652173913043,-0.3134215772151947,37.89259338378906,0.0017031226307153702,7.399926662445068
198,43.888888888888886,45,40,0.8888888888888888,0.8637198209762573,37.07676696777344,0.0017023218097165227,4.367267608642578
199,-12.737003058103973,109,106,0.9626299694189603,0.7529775500297546,24.148466110229492,0.0016987178241834044,4.391134738922119
200,43.888888888888886,45,40,0.8888888888888888,0.449442058801651,39.254241943359375,0.0016983184032142162,4.2201995849609375
201,44.359477124183,51,49,0.9535947712418301,-0.5232279896736145,35.154075622558594,0.0016983699752017856,9.27908992767334
202,44.37333333333333,50,48,0.9437333333333333,-1.1939752101898193,41.7618408203125,0.0016972568118944764,5.335732460021973
203,40.91358024691357,54,52,0.9491358024691358,-2.527768135070801,47.073490142822266,0.0016727480106055737,3.240490198135376
204,40.95652173913042,46,40,0.8695652173913043,-0.5733135938644409,45.17409896850586,0.0016535986214876175,2.7773025035858154
205,-5.702127659574469,94,83,0.8829787234042553,-0.818687379360199,22.426593780517578,0.0016507698455825448,6.576406002044678
206,40.95652173913043,46,40,0.8695652173913043,0.08643726259469986,38.489139556884766,0.0016460978658869863,2.092900276184082
207,63.95652173913044,23,20,0.8695652173913043,2.171473503112793,70.98566436767578,0.0016440623439848423,3.628303289413452
208,43.83660130718954,51,49,0.9483660130718954,-0.2553402781486511,32.834224700927734,0.0015397248789668083,2.4148073196411133
209,40.95652173913044,46,40,0.8695652173913043,-0.47839078307151794,41.759727478027344,0.0015390340704470873,0.3235171437263489
210,63.95652173913043,23,20,0.8695652173913043,-0.05316295847296715,75.54425048828125,0.001546835876069963,11.15334701538086
211,43.88888888888888,45,40,0.8888888888888888,-1.8136487007141113,46.61004638671875,0.0015463099116459489,5.0597453117370605
212,-6.721682847896446,103,100,0.9627831715210357,-1.318176031112671,11.493946075439453,0.001548667554743588,6.307382583618164
213,-108.61951219512196,205,198,0.9638048780487805,0.30852439999580383,7.941874980926514,0.0015491672093048692,1.5795633792877197
214,43.87179487179486,52,51,0.9587179487179487,-0.8091960549354553,32.19746398925781,0.0015478787245228887,4.129245758056641
215,45.16,50,48,0.9516,0.2382131814956665,25.08747673034668,0.001591034117154777,26.576988220214844
216,63.95652173913043,23,20,0.8695652173913043,0.27923452854156494,74.00334167480469,0.001590926549397409,4.272489547729492
217,63.95652173913044,23,20,0.8695652173913043,-0.5313063859939575,88.83900451660156,0.0016042583156377077,15.065779685974121
218,-112.82456140350878,209,202,0.9617543859649123,-0.3584953546524048,7.862301349639893,0.0015989295206964016,4.021719932556152
219,40.95652173913043,46,40,0.8695652173913043,-3.5962648391723633,55.915283203125,0.0016037716995924711,12.090520858764648
220,-111.43910256410257,208,201,0.9656089743589743,-0.8921458125114441,8.714582443237305,0.001604042132385075,1.8607068061828613
221,63.95652173913043,23,20,0.8695652173913043,-2.769022226333618,69.75885772705078,0.0016192004550248384,17.080570220947266
222,-5.702127659574469,94,83,0.8829787234042553,-0.1441492736339569,14.764619827270508,0.0015980780590325594,5.20798921585083
223,-7.631578947368414,95,83,0.8736842105263158,0.05815069004893303,23.734317779541016,0.0016003682976588607,9.072135925292969
224,-8.974603174603171,105,101,0.9602539682539682,1.6622456312179565,24.08315658569336,0.0016092550940811634,12.832761764526367
225,-109.8695652173913,207,202,0.971304347826087,1.1024214029312134,12.268241882324219,0.0016156352357938886,10.06646728515625
226,40.95652173913044,46,40,0.8695652173913043,0.8602235317230225,60.16508102416992,0.0016173814656212926,10.135952949523926
227,-111.33653846153847,208,202,0.9666346153846154,0.8905991911888123,13.322846412658691,0.0016145779518410563,5.117232799530029
228,63.95652173913043,23,20,0.8695652173913043,-1.0877050161361694,120.66046905517578,0.0018115765415132046,58.633056640625
229,40.95652173913044,46,40,0.8695652173913043,-0.16596809029579163,42.20571517944336,0.0018092342652380466,7.559482097625732
230,40.95652173913044,46,40,0.8695652173913043,-1.9838860034942627,34.226680755615234,0.0018119452288374305,10.29876708984375
231,38.10638297872341,47,40,0.851063829787234,-2.202763795852661,34.49273681640625,0.0018118437146767974,2.9695022106170654
232,63.95652173913044,23,20,0.8695652173913043,-2.7207250595092773,75.27783966064453,0.002472449094057083,104.6362075805664
233,-109.19093851132686,206,200,0.9680906148867314,-0.9836996793746948,7.3416619300842285,0.0024756183847784996,8.341879844665527
234,43.888888888888886,45,40,0.8888888888888888,-1.4262481927871704,52.2390251159668,0.0026415186002850533,51.70332717895508
235,-7.256410256410264,104,101,0.9674358974358974,-1.3096141815185547,11.023372650146484,0.0026446327101439238,6.548748970031738
236,-7.631578947368412,95,83,0.8736842105263158,-1.3553379774093628,20.91713523864746,0.0026634170208126307,18.300294876098633
237,-7.631578947368411,95,83,0.8736842105263158,-1.080826759338379,21.423715591430664,0.0027120085433125496,28.460891723632812
238,-105.17491749174918,202,196,0.9682508250825083,-0.5332624316215515,12.187786102294922,0.0027121135499328375,3.0922436714172363
239,-112.86666666666666,210,204,0.9713333333333334,-0.2094457447528839,7.539987087249756,0.0027131522074341774,2.2285306453704834
240,47.29931972789115,49,48,0.9629931972789115,0.30773404240608215,27.463090896606445,0.002714951056987047,2.8216922283172607
241,48.68707482993197,49,48,0.9768707482993197,-1.9295607805252075,33.75681686401367,0.0027137130964547396,2.736226797103882
242,-10.950617283950622,108,105,0.9704938271604938,-0.3860342800617218,18.223569869995117,0.0027152961120009422,4.010044097900391
243,40.95652173913044,46,40,0.8695652173913043,-0.7004569172859192,35.308677673339844,0.0027142104227095842,2.743623733520508
244,-7.6315789473684195,95,83,0.8736842105263158,0.0356949083507061,15.502384185791016,0.00271498691290617,2.267559766769409
245,-9.031446540880504,106,104,0.969685534591195,-0.10807901620864868,13.818216323852539,0.002714727772399783,3.4715209007263184
246,-9.031446540880504,106,104,0.969685534591195,-0.3017532527446747,13.104537963867188,0.002713569439947605,1.2670642137527466
247,-9.541666666666668,96,83,0.8645833333333334,-1.0082956552505493,21.36983299255371,0.00271249539218843,4.021408557891846
248,43.70440251572328,53,52,0.9670440251572328,-1.7414648532867432,39.81428527832031,0.002713136374950409,2.13061261177063
249,43.60377358490566,53,52,0.9660377358490566,-0.830068826675415,28.52645492553711,0.0027129976078867912,5.490392208099365
250,40.95652173913043,46,40,0.8695652173913043,0.31803593039512634,42.907440185546875,0.002711988752707839,3.540506362915039
251,63.95652173913044,23,20,0.8695652173913043,-1.3675649166107178,99.77301788330078,0.004525403492152691,172.7814178466797
252,63.95652173913043,23,20,0.8695652173913043,-0.5947778820991516,77.16893005371094,0.004531064536422491,12.607466697692871
253,-7.631578947368418,95,83,0.8736842105263158,-1.0590771436691284,19.759565353393555,0.004530834499746561,1.0153734683990479
254,63.95652173913043,23,20,0.8695652173913043,-1.8559035062789917,65.50502014160156,0.0045278072357177734,2.066269636154175
255,-9.541666666666664,96,83,0.8645833333333334,-1.8674423694610596,20.57559585571289,0.004526354372501373,1.6436355113983154
256,63.95652173913044,23,20,0.8695652173913043,-3.7342119216918945,75.81641387939453,0.0045308917760849,12.018357276916504
257,63.95652173913043,23,20,0.8695652173913043,-1.8030405044555664,69.78826904296875,0.004532025661319494,8.451108932495117
258,-7.631578947368414,95,83,0.8736842105263158,-1.4767942428588867,18.998023986816406,0.004532028920948505,5.5379958152771
259,-5.702127659574465,94,83,0.8829787234042553,-0.5409809947013855,17.753890991210938,0.0045280796475708485,1.5242068767547607
260,40.95652173913044,46,40,0.8695652173913043,0.020172756165266037,31.887514114379883,0.00452198414131999,2.034520149230957
261,-6.858974358974365,104,102,0.9714102564102564,-0.1463596224784851,9.934706687927246,0.004521816037595272,3.202873945236206
262,-8.409523809523803,105,102,0.9659047619047619,-0.5306835770606995,12.780043601989746,0.004526900593191385,9.365750312805176
263,59.33333333333333,24,20,0.8333333333333334,0.7103265523910522,59.96361541748047,0.004523766692727804,0.6180052161216736
264,43.60377358490566,53,52,0.9660377358490566,-0.7047693133354187,18.019712448120117,0.004525177180767059,2.699631452560425
265,43.888888888888886,45,40,0.8888888888888888,-1.9147508144378662,30.451950073242188,0.004527701530605555,9.379558563232422
266,-112.32698412698413,210,206,0.9767301587301588,-0.959947943687439,12.621628761291504,0.004534743260592222,10.287156105041504
267,40.95652173913042,46,40,0.8695652173913043,-2.5869643688201904,29.865690231323242,0.004542929586023092,15.213274955749512
268,-112.33968253968254,210,206,0.9766031746031746,-0.7372930645942688,8.403251647949219,0.004542972426861525,9.916489601135254
269,40.95652173913044,46,40,0.8695652173913043,1.2431031465530396,28.877748489379883,0.004538526758551598,4.5223283767700195
270,48.687074829931966,49,48,0.9768707482993197,-0.17694832384586334,29.06854820251465,0.005396321881562471,118.60491180419922
271,40.95652173913043,46,40,0.8695652173913043,0.4090757668018341,35.575836181640625,0.005396297667175531,2.2638609409332275
272,63.95652173913043,23,20,0.8695652173913043,-0.08136870712041855,72.40094757080078,0.005395922809839249,8.112112998962402
273,-111.4019138755981,209,204,0.9759808612440192,0.17363294959068298,9.085715293884277,0.005383521318435669,2.603965997695923
274,-7.6315789473684195,95,83,0.8736842105263158,0.041361380368471146,15.775517463684082,0.0053625511936843395,2.536463975906372
275,46.73333333333333,50,49,0.9673333333333334,-2.5956945419311523,41.7442741394043,0.00536239892244339,3.0306968688964844
276,46.06666666666666,50,49,0.9606666666666667,-0.6311599016189575,28.534914016723633,0.005363111384212971,0.3170129656791687
277,-110.87240829346094,209,206,0.9812759170653907,0.33480796217918396,11.824227333068848,0.0053483122028410435,2.2954626083374023
278,63.95652173913043,23,20,0.8695652173913043,5.140535354614258,72.80538940429688,0.005377075169235468,18.514482498168945
279,-7.895238095238101,105,103,0.971047619047619,1.0934011936187744,24.687456130981445,0.0053824977949261665,10.299417495727539
280,-7.631578947368414,95,83,0.8736842105263158,0.2534560263156891,29.32332992553711,0.005380763206630945,2.5990371704101562
281,-5.379084967320262,102,99,0.9662091503267974,0.4312158524990082,27.908164978027344,0.005375364795327187,5.393006324768066
282,38.1063829787234,47,40,0.851063829787234,1.4573293924331665,41.104549407958984,0.005406278185546398,22.311803817749023
283,-7.631578947368414,95,83,0.8736842105263158,-0.5955223441123962,27.65888214111328,0.0042293742299079895,4.521676540374756
284,63.95652173913043,23,20,0.8695652173913043,-0.6034076809883118,95.02534484863281,0.00428349943831563,31.216218948364258
285,-9.54166666666667,96,83,0.8645833333333334,0.18795837461948395,20.24075698852539,0.004267288837581873,3.692209243774414
286,-7.631578947368413,95,83,0.8736842105263158,-1.2363827228546143,23.992225646972656,0.004268170800060034,5.910918712615967
287,38.106382978723396,47,40,0.851063829787234,-2.98612642288208,36.770084381103516,0.004268985707312822,9.669839859008789
288,43.87179487179486,52,51,0.9587179487179487,-2.208348274230957,36.85017395019531,0.004268877673894167,2.7977237701416016
289,63.95652173913043,23,20,0.8695652173913043,-5.248579025268555,75.66082000732422,0.004307170398533344,27.60770606994629
290,-7.631578947368418,95,83,0.8736842105263158,-1.487472653388977,14.103581428527832,0.004292638972401619,3.2048757076263428
291,-112.33968253968254,210,206,0.9766031746031746,-0.7868600487709045,7.583089351654053,0.004292788449674845,0.2391333281993866
292,63.95652173913043,23,20,0.8695652173913043,-1.4478033781051636,61.994285583496094,0.004313356708735228,18.227094650268555
293,-7.051282051282062,104,101,0.9694871794871794,0.4379645586013794,19.969554901123047,0.0043083177879452705,0.7304408550262451
294,63.95652173913043,23,20,0.8695652173913043,-0.36148080229759216,70.050537109375,0.004195308778434992,0.495079904794693
295,-9.0314465408805,106,104,0.969685534591195,0.6188789010047913,18.328794479370117,0.004193909000605345,0.7364248633384705
296,43.88888888888888,45,40,0.8888888888888888,1.2674291133880615,41.69538116455078,0.004196059424430132,3.874199628829956
297,59.333333333333336,24,20,0.8333333333333334,-2.0633890628814697,75.93217468261719,0.004197038244456053,8.86324405670166
298,-112.32698412698413,210,206,0.9767301587301588,0.9758195877075195,9.936809539794922,0.004197272006422281,1.4494154453277588
299,43.60377358490566,53,52,0.9660377358490566,-1.0252726078033447,31.773914337158203,0.004199189133942127,5.239443778991699
300,-9.541666666666659,96,83,0.8645833333333334,-1.1087208986282349,14.09809398651123,0.004198974464088678,2.5004353523254395
301,63.95652173913044,23,20,0.8695652173913043,-1.345887541770935,87.60843658447266,0.004200935363769531,6.502218246459961
302,63.95652173913043,23,20,0.8695652173913043,-2.0182509422302246,79.21393585205078,0.004201602190732956,6.799745559692383
303,63.95652173913043,23,20,0.8695652173913043,0.03407352790236473,85.01580810546875,0.0041997721418738365,2.1996521949768066
304,-112.32698412698413,210,206,0.9767301587301588,1.0632585287094116,12.0639066696167,0.004198707174509764,2.511777877807617
305,63.95652173913043,23,20,0.8695652173913043,-0.21941792964935303,99.95436096191406,0.004201591480523348,10.746655464172363
306,-5.702127659574471,94,83,0.8829787234042553,-0.02107933536171913,22.794153213500977,0.004201685078442097,3.768296957015991
307,-102.20666666666668,200,196,0.9779333333333333,0.3339340388774872,7.825186729431152,0.004200743976980448,4.3124237060546875
308,-4.254901960784318,102,100,0.9774509803921568,0.07321559637784958,10.334481239318848,0.004204701166599989,8.029894828796387
309,-9.54166666666666,96,83,0.8645833333333334,-0.9129390716552734,16.33598518371582,0.0042099906131625175,9.782517433166504
310,43.704402515723274,53,52,0.9670440251572328,-0.567375898361206,23.762483596801758,0.004201449919492006,2.7978243827819824
311,63.95652173913042,23,20,0.8695652173913043,-3.3723833560943604,78.4245834350586,0.004387744702398777,56.17911148071289
312,-5.7021276595744705,94,83,0.8829787234042553,-1.4987975358963013,17.741201400756836,0.00438536424189806,1.9573947191238403
313,40.95652173913043,46,40,0.8695652173913043,-1.0157057046890259,27.35381317138672,0.004384948872029781,2.2623980045318604
314,-9.54166666666666,96,83,0.8645833333333334,-0.8566428422927856,11.216859817504883,0.004390162881463766,9.373099327087402
315,-9.541666666666664,96,83,0.8645833333333334,-0.8994272947311401,16.82415008544922,0.004347903188318014,3.629810094833374
316,63.95652173913043,23,20,0.8695652173913043,-0.9019553065299988,55.24321746826172,0.004347894806414843,4.293289661407471
317,63.95652173913043,23,20,0.8695652173913043,1.5983284711837769,72.47830200195312,0.008161433041095734,250.29913330078125
318,-7.631578947368412,95,83,0.8736842105263158,-0.0810222402215004,11.96808910369873,0.00839403085410595,62.18710708618164
319,-7.631578947368419,95,83,0.8736842105263158,-0.33544930815696716,18.012388229370117,0.0084027498960495,14.569281578063965
320,40.95652173913043,46,40,0.8695652173913043,-1.0450063943862915,30.12360191345215,0.008405134081840515,8.826783180236816
321,-7.631578947368418,95,83,0.8736842105263158,-0.7960383296012878,14.26015853881836,0.008388622663915157,1.5767358541488647
322,-7.631578947368416,95,83,0.8736842105263158,-0.6019967198371887,15.115325927734375,0.008390039205551147,6.931336879730225
323,47.29931972789115,49,48,0.9629931972789115,0.35759568214416504,32.39544677734375,0.008406806737184525,19.065345764160156
324,44.35947712418301,51,49,0.9535947712418301,-0.06558936834335327,16.699634552001953,0.008416622877120972,18.469314575195312
325,-9.031446540880506,106,104,0.969685534591195,-2.2559549808502197,20.534170150756836,0.008418785408139229,11.462194442749023
326,-112.33968253968254,210,206,0.9766031746031746,-2.603994369506836,29.437271118164062,0.008415685966610909,2.3782129287719727
327,-112.33968253968254,210,206,0.9766031746031746,-1.372391700744629,12.034917831420898,0.0085015082731843,38.00815200805664
328,38.1063829787234,47,40,0.851063829787234,1.1702210903167725,55.03746795654297,0.008377366699278355,35.25949478149414
329,43.888888888888886,45,40,0.8888888888888888,1.292054533958435,64.7176513671875,0.008396475575864315,18.923091888427734
330,-7.631578947368412,95,83,0.8736842105263158,1.410028100013733,23.9317626953125,0.008423583582043648,22.760868072509766
331,-9.031446540880506,106,104,0.969685534591195,1.1554348468780518,25.866439819335938,0.008426675572991371,7.283229351043701
332,43.888888888888886,45,40,0.8888888888888888,1.123524785041809,64.54830169677734,0.007808756083250046,28.93857765197754
333,-9.541666666666668,96,83,0.8645833333333334,0.7103798985481262,31.498422622680664,0.007805919740349054,4.258651256561279
334,40.95652173913043,46,40,0.8695652173913043,-0.0734543427824974,64.5660171508789,0.007653380278497934,15.37254524230957
335,-7.895238095238101,105,103,0.971047619047619,0.43242737650871277,27.679895401000977,0.007964279502630234,72.31346893310547
336,40.95652173913043,46,40,0.8695652173913043,2.1525256633758545,55.718788146972656,0.00795943383127451,15.439114570617676
337,44.228758169934636,51,49,0.9522875816993464,1.0679724216461182,54.87619400024414,0.007934126071631908,20.817468643188477
338,40.95652173913044,46,40,0.8695652173913043,1.502071738243103,60.69266128540039,0.007936527021229267,5.935575485229492
339,63.95652173913043,23,20,0.8695652173913043,1.554123878479004,129.8758544921875,0.00800260342657566,33.83247756958008
340,63.95652173913043,23,20,0.8695652173913043,-1.4631075859069824,139.7840118408203,0.008040715008974075,27.4251708984375
341,43.888888888888886,45,40,0.8888888888888888,0.1079355925321579,63.665870666503906,0.008040276356041431,5.110586166381836
342,40.95652173913043,46,40,0.8695652173913043,0.9638489484786987,60.36738586425781,0.008045285008847713,9.167113304138184
343,43.888888888888886,45,40,0.8888888888888888,0.6186306476593018,62.920326232910156,0.008046160452067852,1.6291755437850952
344,-7.631578947368412,95,83,0.8736842105263158,-1.1329540014266968,31.871809005737305,0.008048473857343197,6.4740729331970215
345,40.95652173913044,46,40,0.8695652173913043,0.36346131563186646,63.9765739440918,0.008047344163060188,2.593806505203247
346,63.95652173913043,23,20,0.8695652173913043,-1.415889859199524,140.70700073242188,0.008070064708590508,21.690366744995117
347,40.95652173913044,46,40,0.8695652173913043,0.6962893605232239,59.31463623046875,0.008071774616837502,3.2333645820617676
348,48.68707482993197,49,48,0.9768707482993197,0.8733369708061218,69.70316314697266,0.008076664991676807,7.820444583892822
349,38.1063829787234,47,40,0.851063829787234,-1.0871447324752808,73.58270263671875,0.008077641017735004,7.852468967437744
350,-7.631578947368418,95,83,0.8736842105263158,-1.1018331050872803,31.068613052368164,0.008078373037278652,3.16800594329834
351,48.102040816326536,49,48,0.9710204081632653,0.1006658598780632,66.21814727783203,0.006276015657931566,13.466897964477539
352,-9.541666666666664,96,83,0.8645833333333334,-0.5323605537414551,28.759382247924805,0.006272362545132637,5.995185852050781
353,40.95652173913044,46,40,0.8695652173913043,-0.007887650281190872,65.50851440429688,0.006272262427955866,2.1533539295196533
354,-10.950617283950624,108,105,0.9704938271604938,-0.8685714602470398,28.566478729248047,0.006271221674978733,1.7940298318862915
355,49.36879432624113,47,46,0.9636879432624114,-0.3003707528114319,57.53429412841797,0.0062722815200686455,6.263002872467041
356,-7.256410256410261,104,101,0.9674358974358974,-0.15866434574127197,27.424488067626953,0.006266670301556587,0.58659428358078
357,-108.39805825242718,206,202,0.9760194174757282,0.012024017982184887,11.890969276428223,0.006265261676162481,2.9609806537628174
358,63.95652173913044,23,20,0.8695652173913043,3.7931406497955322,94.15917205810547,0.006276313681155443,12.540995597839355
359,46.62666666666667,50,49,0.9662666666666667,-0.8959614038467407,57.744842529296875,0.0062780058942735195,7.351400375366211
360,-9.54166666666666,96,83,0.8645833333333334,0.08283419907093048,28.682788848876953,0.006278123240917921,1.3240219354629517
361,-7.051282051282055,104,101,0.9694871794871794,0.0927436575293541,27.483919143676758,0.006294216960668564,16.148033142089844
362,46.7516339869281,51,51,0.977516339869281,0.35585761070251465,57.02240753173828,0.006338382605463266,28.819368362426758
363,38.1063829787234,47,40,0.851063829787234,-0.7213367223739624,64.05651092529297,0.006384054198861122,28.121057510375977
364,-104.1881188118812,202,198,0.9781188118811881,0.29813170433044434,13.821202278137207,0.006383127067238092,1.3440632820129395
365,47.62585034013605,49,48,0.9662585034013605,0.3465255796909332,54.47987747192383,0.006382096093147993,4.316012382507324
366,43.893081761006286,53,52,0.9689308176100629,-0.9648109674453735,60.20047378540039,0.006374920252710581,3.683898687362671
367,-5.702127659574467,94,83,0.8829787234042553,0.011966506019234657,26.330106735229492,0.006364139262586832,2.3340938091278076
368,40.95652173913044,46,40,0.8695652173913043,1.0512974262237549,50.4083137512207,0.006362310145050287,6.620260715484619
369,63.95652173913043,23,20,0.8695652173913043,-1.2957768440246582,121.42536163330078,0.006369807757437229,14.13400936126709
370,48.10204081632652,49,48,0.9710204081632653,0.1579940915107727,57.61729049682617,0.005506681744009256,0.2006891369819641
371,63.95652173913044,23,20,0.8695652173913043,1.0987534523010254,108.69795227050781,0.005508795380592346,4.185365676879883
372,-4.915857605177997,103,102,0.98084142394822,-0.13786260783672333,32.66154861450195,0.0055062295868992805,0.8236708045005798
373,-110.01282051282053,208,204,0.9798717948717949,0.499337762594223,15.946211814880371,0.005505829583853483,2.21032977104187
374,-4.254901960784323,102,100,0.9774509803921568,-0.46193742752075195,26.62405776977539,0.005504841450601816,0.5983066558837891
375,63.95652173913042,23,20,0.8695652173913043,-1.1295688152313232,114.51910400390625,0.005507133901119232,7.967827796936035
376,-9.541666666666666,96,83,0.8645833333333334,-1.161534070968628,26.78130531311035,0.0055069634690880775,2.88388991355896
377,-106.9479674796748,205,202,0.980520325203252,0.18297940492630005,16.265125274658203,0.005507327616214752,3.5886523723602295
378,-4.915857605177997,103,102,0.98084142394822,0.10208755731582642,25.219768524169922,0.005485152825713158,5.312204360961914
379,63.95652173913043,23,20,0.8695652173913043,-0.289002001285553,100.7484130859375,0.005479113198816776,1.1840267181396484
380,-112.32698412698413,210,206,0.9767301587301588,0.43241921067237854,16.00324821472168,0.005490646697580814,13.773856163024902
381,46.46153846153847,52,52,0.9846153846153847,-1.2813713550567627,51.053558349609375,0.005490065552294254,2.369521379470825
382,-5.317152103559872,103,101,0.9768284789644013,-0.5526683926582336,31.445993423461914,0.00546605559065938,9.785876274108887
383,-6.480769230769241,104,102,0.9751923076923077,-0.5871934294700623,34.398014068603516,0.005468335002660751,7.4509358406066895
384,59.333333333333336,24,20,0.8333333333333334,1.6841741800308228,92.7678451538086,0.005422953050583601,12.867302894592285
385,-9.541666666666666,96,83,0.8645833333333334,-0.2885139584541321,31.314273834228516,0.0054212468676269054,2.0360922813415527
386,43.60377358490566,53,52,0.9660377358490566,-2.5378732681274414,75.37105560302734,0.005423346068710089,9.521265983581543
387,63.95652173913044,23,20,0.8695652173913043,0.0754711851477623,107.17610168457031,0.005419981200248003,1.4523494243621826
388,40.95652173913043,46,40,0.8695652173913043,-1.0569308996200562,59.664939880371094,0.0054200985468924046,4.331856727600098
389,63.95652173913043,23,20,0.8695652173913043,1.6399236917495728,94.80191040039062,0.005385176278650761,11.257865905761719
390,-110.01282051282051,208,204,0.9798717948717949,1.4551849365234375,15.594551086425781,0.005385221913456917,2.684396982192993
391,-9.541666666666659,96,83,0.8645833333333334,-0.5957539677619934,29.942655563354492,0.005385571159422398,2.5883936882019043
392,63.95652173913044,23,20,0.8695652173913043,0.9207240343093872,93.57754516601562,0.005371925421059132,9.022956848144531
393,46.62666666666667,50,49,0.9662666666666667,-2.160459041595459,56.06757736206055,0.005371978040784597,2.9011549949645996
394,43.704402515723274,53,52,0.9670440251572328,-1.6493808031082153,56.22939682006836,0.005371773615479469,0.7218621373176575
395,63.95652173913044,23,20,0.8695652173913043,1.6946154832839966,100.05108642578125,0.005382061470299959,11.619012832641602
396,-7.107936507936506,105,104,0.978920634920635,-0.042933106422424316,48.34725570678711,0.005380702670663595,3.4804327487945557
397,-7.631578947368419,95,83,0.8736842105263158,0.503752589225769,30.049026489257812,0.0053773364052176476,2.3585214614868164
398,43.88888888888888,45,40,0.8888888888888888,-0.9214460849761963,64.20745086669922,0.005378399044275284,5.944560527801514
399,-6.538461538461533,104,102,0.9746153846153847,1.2387028932571411,37.47600555419922,0.00537694338709116,1.5891963243484497
400,63.95652173913043,23,20,0.8695652173913043,-2.075758934020996,105.69452667236328,0.005380055867135525,8.694449424743652
401,40.95652173913044,46,40,0.8695652173913043,-1.1348063945770264,47.16470718383789,0.005376127082854509,2.1592960357666016
402,-4.7777777777777874,102,100,0.9722222222222222,-0.6649797558784485,27.378955841064453,0.005374467000365257,1.562489628791809
403,63.95652173913043,23,20,0.8695652173913043,-2.1128032207489014,106.65618133544922,0.005376399029046297,7.256401062011719
404,-7.631578947368418,95,83,0.8736842105263158,-0.5612355470657349,24.676937103271484,0.005376060958951712,0.8201168775558472
405,-6.480769230769239,104,102,0.9751923076923077,-0.8813453316688538,26.252883911132812,0.005371270701289177,4.533626079559326
406,63.95652173913043,23,20,0.8695652173913043,-0.944437563419342,98.82421112060547,0.005371010862290859,1.7987821102142334
407,-8.937694704049845,107,106,0.9806230529595016,0.38932034373283386,33.25419998168945,0.005369527731090784,0.7501155138015747
408,63.95652173913044,23,20,0.8695652173913043,-1.662488341331482,108.11297607421875,0.005368078593164682,6.523393630981445
409,63.95652173913043,23,20,0.8695652173913043,1.7708511352539062,110.0779037475586,0.0053750802762806416,12.778578758239746
410,40.95652173913044,46,40,0.8695652173913043,-0.19942167401313782,44.55442810058594,0.005374482832849026,0.497809499502182
411,-4.7777777777777874,102,100,0.9722222222222222,0.17261560261249542,24.45064926147461,0.005879025440663099,106.18374633789062
412,43.60377358490566,53,52,0.9660377358490566,-0.7373335361480713,51.87723159790039,0.005879665724933147,1.987390160560608
413,-4.915857605177992,103,102,0.98084142394822,0.38753047585487366,32.43705368041992,0.0058801546692848206,1.7333858013153076
414,43.893081761006286,53,52,0.9689308176100629,-1.3710198402404785,48.78523254394531,0.005874706897884607,3.298309803009033
415,63.95652173913044,23,20,0.8695652173913043,-0.5507867932319641,83.11769104003906,0.0058728051371872425,0.29441753029823303
416,-5.961538461538462,104,103,0.9803846153846154,1.9834034442901611,30.263568878173828,0.005878943484276533,9.163514137268066
417,-9.043613707165111,107,105,0.979563862928349,0.3890805244445801,29.936477661132812,0.0020581427961587906,1.079943060874939
418,-9.541666666666659,96,83,0.8645833333333334,-0.08349695056676865,24.682573318481445,0.0018215771997347474,2.0573318004608154
419,38.1063829787234,47,40,0.851063829787234,-0.6851008534431458,55.097354888916016,0.0018084028270095587,2.218552827835083
420,59.333333333333336,24,20,0.8333333333333334,-3.147653341293335,97.07703399658203,0.0018178244354203343,15.875240325927734
421,-9.54166666666667,96,83,0.8645833333333334,0.18558628857135773,29.61691665649414,0.0018178519094362855,0.15037724375724792
422,-7.631578947368412,95,83,0.8736842105263158,0.9376986026763916,20.878381729125977,0.001815483090467751,2.1675164699554443
423,40.95652173913043,46,40,0.8695652173913043,-1.1198409795761108,53.990055084228516,0.0017985582817345858,10.154520988464355
424,46.7516339869281,51,51,0.977516339869281,0.5439929366111755,58.07009506225586,0.0017800222849473357,3.977391004562378
425,38.1063829787234,47,40,0.851063829787234,0.5734334588050842,46.295326232910156,0.0017719590105116367,0.5654976963996887
426,40.95652173913043,46,40,0.8695652173913043,0.015860287472605705,45.86069107055664,0.0017714094137772918,1.226518154144287
427,38.1063829787234,47,40,0.851063829787234,-1.369999647140503,48.573482513427734,0.001685986528173089,8.387784957885742
428,63.95652173913044,23,20,0.8695652173913043,-0.33713412284851074,84.83570098876953,0.0016103758243843913,0.19683024287223816
429,46.73333333333333,50,49,0.9673333333333334,-0.2936161160469055,58.415870666503906,0.001589472871273756,1.1688458919525146
430,40.95652173913043,46,40,0.8695652173913043,1.2536616325378418,47.829254150390625,0.001559581607580185,4.161069869995117
431,49.36879432624113,47,46,0.9636879432624114,-0.19043472409248352,55.98784637451172,0.0015585484215989709,6.424787998199463
432,-9.043613707165102,107,105,0.979563862928349,0.2000238448381424,44.15879821777344,0.0015122975455597043,3.884997606277466
433,63.95652173913042,23,20,0.8695652173913043,0.19813556969165802,84.89838409423828,0.0015119916060939431,4.294017314910889
434,40.95652173913043,46,40,0.8695652173913043,0.4850555658340454,50.63554763793945,0.0015001551946625113,1.2716830968856812
435,-9.54166666666666,96,83,0.8645833333333334,-0.4272363483905792,32.372493743896484,0.0011811284348368645,0.009117013774812222
436,40.95652173913043,46,40,0.8695652173913043,0.7155858874320984,61.602989196777344,0.0011684250785037875,3.460291624069214
437,46.75163398692809,51,51,0.977516339869281,-1.1722160577774048,84.99882507324219,0.0011440113885328174,5.537691116333008
438,-7.6315789473684195,95,83,0.8736842105263158,0.16783732175827026,26.790037155151367,0.0011416308116167784,0.7907944917678833
439,-106.9219512195122,205,202,0.980780487804878,1.1929672956466675,19.592876434326172,0.0010730753419920802,1.5683772563934326
440,-100.66834170854271,199,196,0.9833165829145729,0.36889734864234924,22.15509033203125,0.0010308601194992661,3.6382482051849365
441,38.1063829787234,47,40,0.851063829787234,0.8322305679321289,43.16436004638672,0.0010303109884262085,2.327512502670288
442,46.7516339869281,51,51,0.977516339869281,0.18713463842868805,71.8814926147461,0.0010256452951580286,2.3277251720428467
443,-106.24183006535948,204,200,0.9775816993464053,-0.9592838883399963,24.428653717041016,0.001025575678795576,1.2443721294403076
444,-4.533980582524276,103,102,0.9846601941747573,-1.4469332695007324,43.42475509643555,0.001023308839648962,2.6835732460021973
445,40.95652173913044,46,40,0.8695652173913043,1.7194416522979736,44.495731353759766,0.0010261419229209423,6.282013416290283
446,-110.85964912280703,209,206,0.9814035087719298,-0.4290393888950348,21.58036231994629,0.0010001659393310547,4.177727222442627
447,47.13333333333334,50,49,0.9713333333333334,0.6915591359138489,50.40006637573242,0.00100028607994318,3.469876527786255
448,-7.631578947368418,95,83,0.8736842105263158,0.23418833315372467,22.679014205932617,0.0009964213240891695,1.1809320449829102
449,-7.631578947368416,95,83,0.8736842105263158,-0.13535986840724945,24.7683162689209,0.0009933513356372714,1.279305338859558
450,-5.702127659574472,94,83,0.8829787234042553,-0.418398380279541,20.977201461791992,0.000992775079794228,0.06722652912139893
451,-6.480769230769239,104,102,0.9751923076923077,-0.6793471574783325,29.081571578979492,0.0009819911792874336,0.6693278551101685
452,47.625850340136054,49,48,0.9662585034013605,-1.015099287033081,41.31492233276367,0.000980821088887751,4.455904960632324
453,43.70440251572328,53,52,0.9670440251572328,-0.25149643421173096,41.97536849975586,0.0009806763846427202,0.5400672554969788
454,63.95652173913044,23,20,0.8695652173913043,-1.56495201587677,100.39361572265625,0.0009910664521157742,13.699204444885254
455,63.95652173913043,23,20,0.8695652173913043,-0.08303261548280716,89.67192840576172,0.000989164924249053,0.786637008190155
456,-105.54575163398692,204,201,0.9845424836601308,-2.3145110607147217,18.618391036987305,0.000989160151220858,1.2592015266418457
457,40.95652173913043,46,40,0.8695652173913043,-0.4836941063404083,52.81760787963867,0.0009886006591841578,2.7601842880249023
458,-2.9537953795379606,101,100,0.9804620462046204,-0.8580552339553833,30.80846405029297,0.0009794817306101322,3.224376916885376
459,38.10638297872341,47,40,0.851063829787234,0.47089648246765137,40.61091232299805,0.0009767304873093963,0.7336100935935974
460,-106.24183006535948,204,200,0.9775816993464053,0.04869664087891579,22.78761100769043,0.0009772906778380275,3.0427815914154053
461,46.73333333333333,50,49,0.9673333333333334,0.8832630515098572,62.358455657958984,0.000960294681135565,0.38380151987075806
462,-110.87240829346092,209,206,0.9812759170653907,0.0695032998919487,23.07954978942871,0.000911918468773365,4.685365200042725
463,63.95652173913043,23,20,0.8695652173913043,0.1918192207813263,88.93148803710938,0.0008654650882817805,5.3778581619262695
464,38.106382978723396,47,40,0.851063829787234,-0.31618767976760864,51.57651138305664,0.0008652585675008595,1.1996090412139893
465,46.75163398692809,51,51,0.977516339869281,-0.46645739674568176,58.62614059448242,0.0008637678693048656,0.40954628586769104
466,63.95652173913043,23,20,0.8695652173913043,-0.0457029826939106,109.90321350097656,0.0008633052348159254,0.26954683661460876
467,48.68707482993197,49,48,0.9768707482993197,-0.29578864574432373,46.14122009277344,0.0008627224597148597,0.5270174145698547
468,-7.631578947368416,95,83,0.8736842105263158,-0.8113395571708679,21.84051513671875,0.0008596658008173108,3.189429998397827
469,63.95652173913043,23,20,0.8695652173913043,1.266668438911438,110.63174438476562,0.0008492153137922287,2.162921905517578
470,40.95652173913043,46,40,0.8695652173913043,-0.7177441716194153,46.34878158569336,0.0008522397256456316,7.798769474029541
471,47.266666666666666,50,49,0.9726666666666667,-0.4179283678531647,58.92565155029297,0.0008554696687497199,9.65170669555664
472,-5.961538461538462,104,103,0.9803846153846154,-0.07404068112373352,26.468036651611328,0.0008555028471164405,0.276212215423584
473,-4.915857605177997,103,102,0.98084142394822,-0.9028854370117188,34.147491455078125,0.0008555299136787653,2.4128522872924805
474,63.95652173913044,23,20,0.8695652173913043,-0.8521392345428467,92.6225814819336,0.0008555235108360648,1.3855485916137695
475,63.95652173913043,23,20,0.8695652173913043,0.4531465172767639,95.8110580444336,0.0008533921209163964,3.1049818992614746
476,-7.631578947368417,95,83,0.8736842105263158,-1.2018444538116455,19.82618522644043,0.0008531830389983952,1.7560603618621826
477,40.95652173913043,46,40,0.8695652173913043,-0.27235811948776245,45.511844635009766,0.0008525358862243593,2.048102855682373
478,-104.9376026272578,203,200,0.980623973727422,0.6822295188903809,21.00396728515625,0.0008504515280947089,1.8712162971496582
479,-3.4224422442244307,101,99,0.9757755775577558,1.0742241144180298,28.753488540649414,0.000851299671921879,3.2851195335388184
480,47.13333333333333,50,49,0.9713333333333334,-0.10581490397453308,42.12364196777344,0.0008388192509301007,2.946448802947998
481,63.95652173913044,23,20,0.8695652173913043,-0.5614265203475952,88.64389038085938,0.0008405197877436876,6.533712863922119
482,-5.718446601941755,103,101,0.9728155339805825,-1.2793216705322266,34.379859924316406,0.0008360420470125973,4.767950534820557
483,-2.815181518151825,101,100,0.9818481848184818,-0.6868357062339783,29.46904754638672,0.0008331055287271738,1.5566232204437256
484,-105.54575163398692,204,201,0.9845424836601308,-0.36685433983802795,12.893095970153809,0.0008218650473281741,1.1935337781906128
485,40.95652173913043,46,40,0.8695652173913043,-0.6550500392913818,43.41263961791992,0.0008219258743338287,2.4326975345611572
486,-102.70149253731343,201,198,0.9829850746268657,0.10630576312541962,17.55284309387207,0.0008189552463591099,4.847964763641357
487,-104.18811881188118,202,198,0.9781188118811881,0.13192573189735413,19.344181060791016,0.0008188141509890556,1.079632043838501
488,49.027210884353735,49,49,0.9802721088435374,0.8577530980110168,37.931156158447266,0.0008218494476750493,7.000773906707764
489,43.70440251572327,53,52,0.9670440251572328,-0.9483188986778259,40.71670150756836,0.0008128397166728973,0.4516441822052002
490,63.95652173913044,23,20,0.8695652173913043,-1.1435986757278442,78.4776382446289,0.0008134362287819386,4.498632431030273
491,-104.9376026272578,203,200,0.980623973727422,-0.07121145725250244,15.589561462402344,0.0008135374519042671,0.9105629324913025
492,40.95652173913043,46,40,0.8695652173913043,-0.30811163783073425,49.78889846801758,0.0008073658682405949,1.0365488529205322
493,-9.541666666666664,96,83,0.8645833333333334,-0.12561891973018646,20.667226791381836,0.000807743170298636,2.595306396484375
494,-9.541666666666663,96,83,0.8645833333333334,-0.2483866661787033,21.598604202270508,0.0008080569095909595,1.7399731874465942
495,-100.71524288107204,199,196,0.9828475711892797,-0.00728146405890584,18.763525009155273,0.0007982856477610767,1.532876968383789
496,-4.254901960784324,102,100,0.9774509803921568,-0.11016159504652023,19.856870651245117,0.000798255146946758,1.1674460172653198
497,47.26666666666667,50,49,0.9726666666666667,-0.04598039388656616,50.241703033447266,0.0007982465322129428,2.319599151611328
498,47.13333333333334,50,49,0.9713333333333334,-0.1694583296775818,45.27909469604492,0.000798086985014379,3.6453731060028076
499,-7.107936507936505,105,104,0.978920634920635,-0.6604519486427307,24.447416305541992,0.0007977480418048799,0.3917773365974426
500,40.95652173913043,46,40,0.8695652173913043,-1.1487635374069214,46.3061408996582,0.0007950098370201886,4.877216815948486
501,-7.107936507936503,105,104,0.978920634920635,-0.8395140767097473,22.178621292114258,0.0007949564605951309,0.41892826557159424
502,-106.9479674796748,205,202,0.980520325203252,0.09740732610225677,16.4056339263916,0.0007964359247125685,4.79049825668335
503,-105.44117647058825,204,202,0.9855882352941177,-0.09034357219934464,17.079051971435547,0.0007956777117215097,5.435081958770752
504,46.62666666666667,50,49,0.9662666666666667,-0.21221201121807098,38.893863677978516,0.0007967089186422527,3.2714858055114746
505,-9.541666666666668,96,83,0.8645833333333334,-1.031927227973938,21.596355438232422,0.0007963360985741019,3.5764572620391846
506,40.95652173913043,46,40,0.8695652173913043,-1.076912522315979,43.486358642578125,0.0007969090947881341,4.011068344116211
507,47.266666666666666,50,49,0.9726666666666667,0.3657182455062866,38.389137268066406,0.0007970863953232765,1.103188157081604
508,-104.1881188118812,202,198,0.9781188118811881,-0.12221021205186844,13.344572067260742,0.0008009985904209316,9.826177597045898
509,49.027210884353735,49,49,0.9802721088435374,-0.30505457520484924,38.420265197753906,0.0007897831965237856,0.6062811613082886
510,-9.541666666666668,96,83,0.8645833333333334,-1.0804901123046875,20.993331909179688,0.0007902002544142306,3.486475944519043
511,-3.422442244224429,101,99,0.9757755775577558,-0.6081753969192505,22.93451499938965,0.00010336362174712121,4.197168827056885
512,-109.40064102564104,208,206,0.9859935897435897,-0.53971266746521,15.71960735321045,0.00010312494123354554,2.094923496246338
513,-7.6315789473684115,95,83,0.8736842105263158,-0.34363222122192383,21.152904510498047,0.00010303087037755176,2.4218077659606934
514,-7.107936507936505,105,104,0.978920634920635,-0.6742207407951355,22.81006622314453,0.00010272611689288169,0.15629832446575165
515,-9.04361370716511,107,105,0.979563862928349,-0.6638127565383911,27.323488235473633,0.00010271085920976475,1.5535677671432495
516,-109.40064102564104,208,206,0.9859935897435897,0.043994661420583725,16.8981990814209,9.961023897631094e-05,7.303340435028076
517,40.95652173913044,46,40,0.8695652173913043,0.14499370753765106,40.821903228759766,9.96127346297726e-05,0.7176064252853394
518,-4.9158576051780045,103,102,0.98084142394822,-0.17655795812606812,28.60198974609375,9.977847366826609e-05,0.987684965133667
519,38.106382978723396,47,40,0.851063829787234,-0.7599327564239502,45.16056442260742,9.993411367759109e-05,2.9818050861358643
520,-9.541666666666663,96,83,0.8645833333333334,-0.4854821562767029,21.060688018798828,8.627819624962285e-05,2.365734100341797
521,48.68707482993197,49,48,0.9768707482993197,-0.2513853907585144,47.28068923950195,8.625368354842067e-05,1.1621451377868652
522,47.13333333333333,50,49,0.9713333333333334,-1.324476957321167,35.45669937133789,8.662977779749781e-05,4.818439960479736
523,63.95652173913044,23,20,0.8695652173913043,-0.3474375903606415,87.82901000976562,8.24002709123306e-05,5.0144853591918945
524,-105.44117647058823,204,202,0.9855882352941177,0.39520031213760376,14.319456100463867,8.113345393212512e-05,0.9071807265281677
525,46.626666666666665,50,49,0.9662666666666667,-0.20529216527938843,42.21855163574219,8.129417255986482e-05,1.2131673097610474
526,-9.541666666666655,96,83,0.8645833333333334,0.04065407067537308,24.773151397705078,8.15680978121236e-05,1.25222909450531
527,-7.631578947368411,95,83,0.8736842105263158,-0.7074680328369141,21.643333435058594,7.810909301042557e-05,1.7354518175125122
528,-9.541666666666664,96,83,0.8645833333333334,-0.6644116640090942,27.37933349609375,7.804680353729054e-05,0.8029735684394836
529,40.95652173913043,46,40,0.8695652173913043,-2.053750514984131,45.02396774291992,8.174894173862413e-05,8.61231803894043
530,40.95652173913043,46,40,0.8695652173913043,-1.3470640182495117,40.45558547973633,8.136493852362037e-05,5.374043941497803
531,63.95652173913044,23,20,0.8695652173913043,-0.1481417417526245,78.49628448486328,7.993385952431709e-05,3.52085018157959
532,49.36879432624113,47,46,0.9636879432624114,-0.06325720995664597,40.703548431396484,7.943818491185084e-05,1.7191705703735352
533,-110.85964912280703,209,206,0.9814035087719298,0.05636737495660782,15.516945838928223,7.884392834967002e-05,0.44374656677246094
534,-9.541666666666668,96,83,0.8645833333333334,0.07414320111274719,22.18210220336914,7.889520202297717e-05,1.4569333791732788
535,49.02721088435374,49,49,0.9802721088435374,0.13726723194122314,40.010860443115234,7.8953591582831e-05,0.44458767771720886
536,46.461538461538474,52,52,0.9846153846153847,-0.8188621401786804,40.55031204223633,7.77808454586193e-05,1.0008811950683594
537,-105.54575163398692,204,201,0.9845424836601308,-0.33502429723739624,16.149702072143555,8.226692443713546e-05,9.738858222961426
538,43.70440251572327,53,52,0.9670440251572328,-0.9552778005599976,41.19316482543945,8.233268454205245e-05,0.17293451726436615
539,-108.53945249597423,207,204,0.9846054750402576,-0.5356879234313965,19.560047149658203,8.241194154834375e-05,2.19779372215271
540,-9.541666666666666,96,83,0.8645833333333334,0.22077493369579315,21.030027389526367,8.198639989132062e-05,0.9375934600830078
541,-2.8151815181518165,101,100,0.9818481848184818,0.4362219274044037,23.308706283569336,8.138346311170608e-05,0.29309147596359253
542,-9.541666666666668,96,83,0.8645833333333334,0.46848616003990173,21.549152374267578,8.092626376310363e-05,1.5316386222839355
543,40.95652173913044,46,40,0.8695652173913043,0.13934768736362457,41.42555236816406,8.079781400738284e-05,2.495966911315918
544,38.1063829787234,47,40,0.851063829787234,0.5732792019844055,33.84172821044922,8.094212535070255e-05,1.4684336185455322
545,63.95652173913043,23,20,0.8695652173913043,-0.643250048160553,81.98250579833984,7.848245149943978e-05,4.42092752456665
546,48.10204081632653,49,48,0.9710204081632653,1.1584386825561523,31.488525390625,7.956157060107216e-05,4.8271074295043945
547,-109.9326923076923,208,204,0.9806730769230769,-0.008389366790652275,22.237964630126953,7.929025741759688e-05,3.984996795654297
548,47.26666666666667,50,49,0.9726666666666667,0.712780773639679,43.57086944580078,8.009104203665629e-05,3.337763786315918
549,48.10204081632652,49,48,0.9710204081632653,-0.1883435845375061,45.548248291015625,7.99552581156604e-05,1.2079828977584839
550,63.95652173913043,23,20,0.8695652173913043,-0.4124685525894165,75.28807830810547,7.994163024704903e-05,0.46748560667037964
551,40.95652173913043,46,40,0.8695652173913043,-0.6833963394165039,33.60580825805664,8.090970368357375e-05,5.253239631652832
552,63.95652173913043,23,20,0.8695652173913043,0.34746241569519043,84.25904083251953,0.0029427469708025455,216.5237579345703
553,40.95652173913043,46,40,0.8695652173913043,1.331250548362732,37.08501052856445,0.0029440864454954863,3.7700536251068115
554,40.95652173913043,46,40,0.8695652173913043,0.87340247631073,37.82045364379883,0.002934641670435667,3.1529369354248047
555,-9.541666666666666,96,83,0.8645833333333334,0.585757315158844,23.94027328491211,0.0029350335244089365,2.538203239440918
556,-4.915857605177999,103,102,0.98084142394822,0.6384707093238831,31.109508514404297,0.0029357257299125195,2.909459352493286
557,-9.541666666666666,96,83,0.8645833333333334,-1.1755030155181885,30.40444564819336,0.002939213765785098,8.120756149291992
558,59.33333333333334,24,20,0.8333333333333334,-3.194425344467163,85.665771484375,0.0029771444387733936,26.04430389404297
559,-100.71524288107203,199,196,0.9828475711892797,-0.40676870942115784,20.890850067138672,0.002977510914206505,2.8653383255004883
560,40.95652173913043,46,40,0.8695652173913043,0.0585593581199646,37.20744705200195,0.0029778582975268364,4.14078950881958
561,-7.631578947368416,95,83,0.8736842105263158,0.06314052641391754,22.676183700561523,0.0029807244427502155,6.926117897033691
562,40.95652173913043,46,40,0.8695652173913043,0.4062708616256714,35.609764099121094,0.00297905458137393,0.2820441424846649
563,63.95652173913043,23,20,0.8695652173913043,-0.759164571762085,77.13996887207031,0.0029786117374897003,4.30729341506958
564,-7.051282051282056,104,101,0.9694871794871794,-0.2696782946586609,31.237192153930664,0.00297920242883265,3.471713066101074
565,-9.541666666666664,96,83,0.8645833333333334,-0.5594597458839417,23.492048263549805,0.0029795803129673004,3.882356882095337
566,-7.6315789473684195,95,83,0.8736842105263158,-0.007138661574572325,19.980607986450195,0.00297964527271688,1.9586424827575684
567,38.1063829787234,47,40,0.851063829787234,-0.4240502715110779,40.675079345703125,0.002980622695758939,4.847505569458008
568,63.95652173913043,23,20,0.8695652173913043,0.07779719680547714,77.18599700927734,0.0035028348211199045,92.79701232910156
569,46.73333333333333,50,49,0.9673333333333334,0.18570761382579803,36.25111389160156,0.0035026459954679012,1.5888718366622925
570,40.95652173913042,46,40,0.8695652173913043,-0.5640844702720642,51.38737106323242,0.0035003535449504852,3.9280753135681152
571,63.95652173913044,23,20,0.8695652173913043,-1.4506551027297974,73.05422973632812,0.0034995104651898146,8.895892143249512
572,40.95652173913044,46,40,0.8695652173913043,0.9061424732208252,45.59492111206055,0.003610382555052638,42.770729064941406
573,40.95652173913043,46,40,0.8695652173913043,-0.42241236567497253,42.860843658447266,0.003611493855714798,5.446207523345947
574,-7.107936507936507,105,104,0.978920634920635,-0.13422539830207825,26.782106399536133,0.003611581400036812,0.8195511102676392
575,-3.4224422442244293,101,99,0.9757755775577558,0.017606232315301895,24.96269989013672,0.0036121022421866655,4.51498556137085
576,-7.107936507936507,105,104,0.978920634920635,-0.653001070022583,27.467952728271484,0.0036122493911534548,2.4457530975341797
577,-4.5922330097087505,103,102,0.9840776699029126,-0.4441664218902588,21.7694091796875,0.0036124433390796185,2.830127716064453
578,63.95652173913043,23,20,0.8695652173913043,-0.3963398039340973,63.64291763305664,0.0036123727913945913,2.549434185028076
579,-5.317152103559879,103,101,0.9768284789644013,-0.6274005770683289,26.819852828979492,0.0036114787217229605,1.1591391563415527
580,49.02721088435374,49,49,0.9802721088435374,0.8403756618499756,32.44802474975586,0.0036111592780798674,2.2492005825042725
581,-9.541666666666666,96,83,0.8645833333333334,-0.271496057510376,18.3700008392334,0.00360931851901114,0.6479288339614868
582,-2.9537953795379637,101,100,0.9804620462046204,-0.4517524242401123,24.266775131225586,0.0036084125749766827,0.7513511180877686
583,63.95652173913043,23,20,0.8695652173913043,-1.4607727527618408,73.96404266357422,0.003613143227994442,9.91375732421875
584,40.95652173913044,46,40,0.8695652173913043,-0.08419618755578995,36.18299865722656,0.0036130324006080627,1.904238224029541
585,40.95652173913043,46,40,0.8695652173913043,0.11197405308485031,35.07525634765625,0.003612936707213521,0.5598666667938232
586,59.333333333333336,24,20,0.8333333333333334,-0.5446507334709167,75.1417007446289,0.0036114670801907778,1.861217975616455
587,47.62585034013605,49,48,0.9662585034013605,-0.39152124524116516,36.622650146484375,0.0036115897819399834,1.350278615951538
588,40.95652173913044,46,40,0.8695652173913043,-0.09589830040931702,41.1628303527832,0.003607517573982477,0.9385776519775391
589,46.46153846153847,52,52,0.9846153846153847,0.4228436350822449,38.303096771240234,0.0036084605380892754,2.825087308883667
590,63.95652173913042,23,20,0.8695652173913043,-1.2064902782440186,78.23600006103516,0.0036115548573434353,8.988033294677734
591,-5.7184466019417535,103,101,0.9728155339805825,-1.0720329284667969,30.078981399536133,0.0036113837268203497,1.0795701742172241
592,-105.46732026143792,204,202,0.9853267973856209,-0.2782360017299652,13.604111671447754,0.003611567197367549,1.0849199295043945
593,-110.85964912280701,209,206,0.9814035087719298,-0.2851429283618927,16.178316116333008,0.0036332115996629,19.292932510375977
594,-109.40064102564104,208,206,0.9859935897435897,-0.5487580895423889,15.43443489074707,0.003640473121777177,10.811906814575195
595,59.33333333333334,24,20,0.8333333333333334,-1.2189046144485474,75.42210388183594,0.0036427373997867107,7.437199592590332
596,-1.4466666666666668,100,99,0.9855333333333334,-0.5765787363052368,21.57206916809082,0.003642653115093708,3.0820510387420654
597,-99.21885521885523,198,196,0.9878114478114478,-0.27576130628585815,16.180500030517578,0.0036477374378591776,9.199325561523438
598,-99.21885521885523,198,196,0.9878114478114478,-0.3738040030002594,15.097318649291992,0.0036522187292575836,9.861085891723633
599,-4.592233009708748,103,102,0.9840776699029126,-0.22906751930713654,23.056676864624023,0.00365245807915926,0.8907448649406433
600,63.95652173913043,23,20,0.8695652173913043,0.7200145721435547,70.45732879638672,0.003651828970760107,0.3592115640640259
601,63.95652173913043,23,20,0.8695652173913043,0.6565237045288086,68.26431274414062,0.0036520883440971375,1.035444736480713
602,-11.432989690721651,97,83,0.8556701030927835,-0.3882390856742859,20.89982795715332,0.0036506818141788244,0.6910226941108704
603,63.95652173913044,23,20,0.8695652173913043,-1.3644002676010132,70.86170959472656,0.003650314174592495,6.0690226554870605
604,-100.66834170854271,199,196,0.9833165829145729,-0.1324443817138672,12.353002548217773,0.0036550441291183233,9.793639183044434
605,63.95652173913044,23,20,0.8695652173913043,-1.5135647058486938,64.52914428710938,0.003657973138615489,8.627845764160156
606,-4.915857605178001,103,102,0.98084142394822,-0.4184107184410095,21.484310150146484,0.003660491667687893,6.489627838134766
607,-5.96153846153846,104,103,0.9803846153846154,0.039853304624557495,23.487476348876953,0.0036602697800844908,0.43588632345199585
608,-104.9376026272578,203,200,0.980623973727422,0.31804874539375305,13.571223258972168,0.0036542194429785013,1.6519235372543335
609,49.02721088435374,49,49,0.9802721088435374,-0.2528242766857147,33.5873908996582,0.0036542010493576527,3.240515947341919
610,47.266666666666666,50,49,0.9726666666666667,0.49776244163513184,39.683597564697266,0.003654893720522523,3.8410160541534424
611,-7.107936507936511,105,104,0.978920634920635,-0.7196609377861023,29.15734100341797,0.0036549223586916924,1.612907886505127
612,-109.40064102564104,208,206,0.9859935897435897,-1.1212385892868042,21.74399757385254,0.00365488906390965,3.363603353500366
613,-2.8151815181518303,101,100,0.9818481848184818,-0.6425337195396423,26.456235885620117,0.0036544883623719215,1.3677217960357666
614,-105.54575163398692,204,201,0.9845424836601308,0.4525759220123291,15.320502281188965,0.003654632717370987,1.4050606489181519
615,-7.051282051282056,104,101,0.9694871794871794,0.04488586634397507,19.662860870361328,0.003654767759144306,0.4436909258365631
616,63.95652173913042,23,20,0.8695652173913043,-2.4468166828155518,73.73841857910156,0.003657797584310174,11.629980087280273
617,40.95652173913044,46,40,0.8695652173913043,0.6991444230079651,36.32683181762695,0.00370726827532053,28.078887939453125
618,47.625850340136054,49,48,0.9662585034013605,-0.08392852544784546,33.699928283691406,0.003706966061145067,0.5254715085029602
619,-2.8151815181518245,101,100,0.9818481848184818,0.20516157150268555,18.20642852783203,0.0037070277612656355,2.8127963542938232
620,-7.6315789473684195,95,83,0.8736842105263158,-0.08733068406581879,19.99003028869629,0.0037070747930556536,0.13425570726394653
621,-4.592233009708744,103,102,0.9840776699029126,0.2561900019645691,19.679349899291992,0.003707140451297164,0.3374381363391876
622,47.13333333333333,50,49,0.9713333333333334,-0.4499656856060028,37.60124206542969,0.0037065783981233835,0.26917049288749695
623,59.33333333333333,24,20,0.8333333333333334,0.4329492747783661,95.64213562011719,0.0037067667581140995,2.767092704772949
624,63.95652173913044,23,20,0.8695652173913043,-1.4801392555236816,76.21574401855469,0.003708039643242955,6.380005836486816
625,59.333333333333336,24,20,0.8333333333333334,-3.6030335426330566,92.06715393066406,0.003729527350515127,20.339609146118164
626,40.956521739130444,46,40,0.8695652173913043,-0.20658694207668304,40.158912658691406,0.003729207906872034,3.3051576614379883
627,47.13333333333333,50,49,0.9713333333333334,0.245585098862648,35.376949310302734,0.0037306291051208973,3.2143874168395996
628,40.95652173913043,46,40,0.8695652173913043,1.0122123956680298,31.99604606628418,0.0037316330708563328,2.5523316860198975
629,46.733333333333334,50,49,0.9673333333333334,0.13850679993629456,36.57646179199219,0.0037288153544068336,0.8277315497398376
630,-5.317152103559873,103,101,0.9768284789644013,0.08390560001134872,18.55710220336914,0.0037282833363860846,1.3026756048202515
631,63.95652173913043,23,20,0.8695652173913043,0.431903600692749,70.0146484375,0.0037298966199159622,4.228182792663574
632,-7.107936507936511,105,104,0.978920634920635,-0.5447351932525635,19.107275009155273,0.0037299904506653547,0.05651348829269409
633,47.62585034013605,49,48,0.9662585034013605,-0.9976333975791931,33.58942413330078,0.003729822812601924,1.7714887857437134
634,40.95652173913043,46,40,0.8695652173913043,0.27299654483795166,40.54155731201172,0.003729406977072358,0.3792971074581146
635,-9.541666666666657,96,83,0.8645833333333334,-0.15968775749206543,23.365135192871094,0.0037292256020009518,0.9707680940628052
636,63.95652173913043,23,20,0.8695652173913043,0.46965816617012024,89.2408447265625,0.0037292144261300564,1.4492907524108887
637,40.95652173913042,46,40,0.8695652173913043,1.4739365577697754,37.78499221801758,0.0037252712063491344,4.906234264373779
638,47.625850340136054,49,48,0.9662585034013605,0.18536289036273956,29.66462516784668,0.0037254425697028637,0.9528030157089233
639,43.888888888888886,45,40,0.8888888888888888,0.05979466810822487,41.233245849609375,0.003725235816091299,2.2044386863708496
640,43.893081761006286,53,52,0.9689308176100629,0.24616385996341705,40.4809684753418,0.0037257547955960035,2.0372586250305176
641,-11.432989690721653,97,83,0.8556701030927835,-0.5878622531890869,23.374372482299805,0.0037261582911014557,1.4719088077545166
642,40.95652173913044,46,40,0.8695652173913043,0.17617595195770264,36.03623962402344,0.003727055387571454,3.2041001319885254
643,40.95652173913043,46,40,0.8695652173913043,-0.32034537196159363,40.22054672241211,0.003727006260305643,0.23653356730937958
644,47.13333333333333,50,49,0.9713333333333334,-0.22478888928890228,30.586862564086914,0.003726698225364089,0.24139602482318878
645,-9.04361370716511,107,105,0.979563862928349,-0.1448460817337036,19.452774047851562,0.003726114984601736,0.13332204520702362
646,63.95652173913043,23,20,0.8695652173913043,0.8358685970306396,68.78653717041016,0.0037253277841955423,3.6151180267333984
647,40.95652173913043,46,40,0.8695652173913043,-0.9299907088279724,31.538280487060547,0.0037252071779221296,6.773951053619385
648,-7.631578947368416,95,83,0.8736842105263158,0.15738603472709656,21.085559844970703,0.003724222769960761,0.5090541243553162
649,63.95652173913043,23,20,0.8695652173913043,-1.1354162693023682,61.69115447998047,0.0037256020586937666,6.664520263671875
650,63.95652173913044,23,20,0.8695652173913043,0.6046602725982666,58.872650146484375,0.003726356662809849,2.3293933868408203
651,-7.107936507936503,105,104,0.978920634920635,-0.22413356602191925,18.378379821777344,0.0037252057809382677,1.0363680124282837
652,-108.53945249597425,207,204,0.9846054750402576,0.11422629654407501,10.978480339050293,0.0008691841503605247,0.7550396919250488
653,48.10204081632652,49,48,0.9710204081632653,-0.3548556864261627,32.22698974609375,0.000867613940499723,0.8551775813102722
654,-110.85964912280701,209,206,0.9814035087719298,0.15010131895542145,14.654753684997559,0.0008672262774780393,1.5549877882003784
655,-4.592233009708749,103,102,0.9840776699029126,-0.4424516558647156,19.0208797454834,0.0008668101509101689,0.25705742835998535
656,43.893081761006286,53,52,0.9689308176100629,-2.0637431144714355,35.18511199951172,0.0008685655775479972,8.202967643737793
657,43.88888888888889,45,40,0.8888888888888888,-0.00903234537690878,33.06570053100586,0.0008654094417579472,1.1351401805877686
658,46.066666666666656,50,49,0.9606666666666667,-0.4118271768093109,30.022838592529297,0.0008274514693766832,4.864084720611572
659,38.10638297872341,47,40,0.851063829787234,1.0271066427230835,38.58277893066406,0.0008283982169814408,3.3057658672332764
660,40.95652173913043,46,40,0.8695652173913043,-0.13564176857471466,40.19363784790039,0.0008273346466012299,1.1125205755233765
661,46.626666666666665,50,49,0.9662666666666667,-1.2259364128112793,33.10011291503906,0.0008241731557063758,1.991526484489441
662,-9.04361370716511,107,105,0.979563862928349,-0.570131778717041,21.81231689453125,0.0008244250202551484,1.2248234748840332
663,-106.94796747967479,205,202,0.980520325203252,0.03340407460927963,12.040260314941406,0.0008239774033427238,1.14603853225708
664,-9.541666666666663,96,83,0.8645833333333334,-0.9940201044082642,16.2342529296875,0.0008234161068685353,1.1323447227478027
665,-7.631578947368412,95,83,0.8736842105263158,-0.7004892826080322,20.078575134277344,0.0008229990489780903,0.2834719717502594
666,46.56410256410256,52,52,0.9856410256410256,-1.3210797309875488,34.93696594238281,0.0008228301885537803,2.1623401641845703
667,46.733333333333334,50,49,0.9673333333333334,-0.265374094247818,31.764354705810547,0.0008217454887926579,0.8834376335144043
668,40.95652173913043,46,40,0.8695652173913043,-0.8482078909873962,36.46746826171875,0.00029742918559350073,4.897576332092285
669,47.26666666666666,50,49,0.9726666666666667,0.48042839765548706,34.01242446899414,0.00029728616937063634,1.1231292486190796
670,-5.317152103559879,103,101,0.9768284789644013,-0.06503193825483322,17.332361221313477,0.00029688613722100854,0.07871195673942566
671,-105.44117647058825,204,202,0.9855882352941177,-0.04476237669587135,12.311737060546875,0.00029314440325833857,0.9777654409408569
672,63.95652173913043,23,20,0.8695652173913043,-1.0040583610534668,72.64837646484375,0.0001808382075978443,2.5580968856811523
673,-9.541666666666657,96,83,0.8645833333333334,-0.33987319469451904,17.76523780822754,0.00018004268349613994,1.3620491027832031
674,40.95652173913043,46,40,0.8695652173913043,0.8636212944984436,31.818628311157227,0.00018183568317908794,4.598005771636963
675,38.1063829787234,47,40,0.851063829787234,0.2088729590177536,31.886293411254883,0.0001806864602258429,0.2954009771347046
676,-9.541666666666668,96,83,0.8645833333333334,-0.5105544924736023,17.639577865600586,0.00018045329488813877,0.9630988240242004
677,-7.631578947368419,95,83,0.8736842105263158,-0.19868646562099457,17.693056106567383,0.000180299932253547,0.017301475629210472
678,-5.317152103559881,103,101,0.9768284789644013,-0.40319377183914185,20.679407119750977,0.00018025761528406292,2.3136212825775146
679,63.95652173913044,23,20,0.8695652173913043,-0.5607933402061462,61.27833938598633,0.00018061368609778583,3.51167368888855
680,-9.043613707165113,107,105,0.979563862928349,0.14058560132980347,19.452472686767578,0.0001807204680517316,2.505802631378174
681,-109.40064102564104,208,206,0.9859935897435897,-0.5051616430282593,12.534934997558594,0.00018074481340590864,0.9014677405357361
682,-9.541666666666664,96,83,0.8645833333333334,-0.856691300868988,18.151758193969727,0.00018074869876727462,2.5669474601745605
683,-8.937694704049848,107,106,0.9806230529595016,-0.31105321645736694,19.644184112548828,0.0001759133010637015,0.20082461833953857
684,46.564102564102555,52,52,0.9856410256410256,-0.6366899609565735,29.572853088378906,0.00017588760238140821,0.17716993391513824
685,43.89308176100629,53,52,0.9689308176100629,-0.06393858790397644,27.82740020751953,0.0001767691719578579,2.9053406715393066
686,47.299319727891145,49,48,0.9629931972789115,-0.43489813804626465,30.540721893310547,0.00017738054157234728,4.183678150177002
687,-9.541666666666657,96,83,0.8645833333333334,-1.0225049257278442,18.645294189453125,0.0001771392417140305,2.009658098220825
688,46.62666666666667,50,49,0.9662666666666667,-0.68374103307724,24.790246963500977,0.0001772413816070184,0.36292192339897156
689,-108.53945249597425,207,204,0.9846054750402576,-0.6928250789642334,11.473551750183105,0.00017639090947341174,0.4094776213169098
690,49.36879432624113,47,46,0.9636879432624114,0.09276247769594193,28.34733772277832,0.00017252952966373414,0.745904803276062
691,-106.9479674796748,205,202,0.980520325203252,-0.09143546968698502,9.665114402770996,0.00017257774015888572,0.12421590089797974
692,38.1063829787234,47,40,0.851063829787234,-0.843167781829834,37.816165924072266,0.00017253139230888337,2.07002329826355
693,40.95652173913044,46,40,0.8695652173913043,-0.23594745993614197,39.11057662963867,0.00014908058801665902,0.4223535656929016
694,-9.541666666666664,96,83,0.8645833333333334,-0.10831101983785629,18.13677978515625,0.00014258112059906125,1.6102755069732666
695,43.88888888888888,45,40,0.8888888888888888,-0.0906476080417633,34.557369232177734,0.0001398940512444824,0.31576475501060486
696,-9.541666666666657,96,83,0.8645833333333334,-0.48002874851226807,18.136653900146484,0.0001395065919496119,0.5578847527503967
697,49.36879432624113,47,46,0.9636879432624114,-0.08644408732652664,24.510791778564453,0.0001342926552752033,1.3752591609954834
698,-2.9537953795379632,101,100,0.9804620462046204,-0.5079925656318665,19.531517028808594,0.00012852366489823908,0.16235341131687164
699,-7.051282051282059,104,101,0.9694871794871794,-0.11560927331447601,19.27553939819336,0.00012865837197750807,1.4694021940231323
700,40.95652173913043,46,40,0.8695652173913043,-0.5376280546188354,39.83472442626953,0.0001286315091419965,1.6825973987579346
701,47.266666666666666,50,49,0.9726666666666667,0.6382207274436951,25.96414566040039,0.00012906279880553484,2.432368040084839
702,40.95652173913043,46,40,0.8695652173913043,-1.0346547365188599,36.3531494140625,0.00013007984671276063,5.060101509094238
703,40.95652173913044,46,40,0.8695652173913043,-0.17172753810882568,33.26707077026367,0.00012836568930651993,0.8171441555023193
704,40.95652173913044,46,40,0.8695652173913043,0.04394989088177681,30.780229568481445,0.00012245688412804157,0.26520994305610657
705,-105.44117647058823,204,202,0.9855882352941177,0.30594488978385925,10.812095642089844,0.00011863126565003768,0.2192631959915161
706,-109.9326923076923,208,204,0.9806730769230769,0.4206252694129944,11.28730297088623,0.00011603795428527519,0.6581308841705322
707,46.56410256410256,52,52,0.9856410256410256,-0.7307876944541931,24.43216323852539,0.00011603627353906631,0.6742306351661682
708,-5.718446601941755,103,101,0.9728155339805825,-0.7103959321975708,19.73727035522461,0.00011611431546043605,2.592921257019043
709,-7.10793650793651,105,104,0.978920634920635,-0.5674182772636414,15.473836898803711,0.0001157614024123177,0.15786650776863098
710,-9.0436137071651,107,105,0.979563862928349,-0.7199993133544922,17.331119537353516,0.0001150593816419132,0.07936391234397888
711,-99.21885521885523,198,196,0.9878114478114478,-0.4255433678627014,9.464874267578125,0.00011478337546577677,0.3069257438182831
712,-102.70149253731344,201,198,0.9829850746268657,-0.5027850866317749,8.812501907348633,0.00011435367196099833,0.12479808181524277
713,63.95652173913043,23,20,0.8695652173913043,-0.8713411688804626,59.01337814331055,0.00011437168723205104,1.7830737829208374
714,48.68707482993197,49,48,0.9768707482993197,0.5469799041748047,33.923622131347656,0.00011417794303270057,0.03453395143151283
715,63.95652173913043,23,20,0.8695652173913043,0.5659515261650085,60.68677520751953,0.00011517332313815132,3.516988515853882
716,-3.422442244224428,101,99,0.9757755775577558,0.49275293946266174,19.438112258911133,0.00010765706247184426,0.5556061267852783
717,40.95652173913043,46,40,0.8695652173913043,0.09456653892993927,31.432750701904297,5.9413971030153334e-05,0.8698803186416626
718,-110.85964912280703,209,206,0.9814035087719298,-0.26389044523239136,10.392256736755371,5.9415109717519954e-05,0.2841793894767761
719,43.888888888888886,45,40,0.8888888888888888,0.37314125895500183,34.21861267089844,5.937563764746301e-05,1.7631992101669312
720,-9.541666666666668,96,83,0.8645833333333334,-0.4968262016773224,16.175800323486328,6.0221627791179344e-05,3.632931709289551
721,-5.702127659574467,94,83,0.8829787234042553,-0.47548341751098633,15.621017456054688,6.036512422724627e-05,1.050204873085022
722,43.89308176100629,53,52,0.9689308176100629,-0.6189548373222351,28.958621978759766,6.038750143488869e-05,1.4492483139038086
723,63.95652173913043,23,20,0.8695652173913043,-2.7434425354003906,70.47108459472656,6.724993727402762e-05,11.63239860534668
724,-4.915032679738568,102,100,0.9708496732026144,0.03992006555199623,14.550469398498535,6.542041955981404e-05,1.3331679105758667
725,-2.815181518151816,101,100,0.9818481848184818,0.769587516784668,16.64856719970703,4.115247429581359e-05,0.787835955619812
726,-9.541666666666666,96,83,0.8645833333333334,-0.12493832409381866,19.71793556213379,4.0662369428901e-05,1.2585772275924683
727,-5.718446601941752,103,101,0.9728155339805825,0.32494884729385376,21.894880294799805,3.991823541582562e-05,0.41436511278152466
728,59.333333333333336,24,20,0.8333333333333334,-0.04578075557947159,66.89895629882812,3.943411138607189e-05,0.44787707924842834
729,-2.8151815181518214,101,100,0.9818481848184818,0.5242503881454468,12.955920219421387,3.9695667510386556e-05,2.012519598007202
730,40.95652173913044,46,40,0.8695652173913043,0.5501725673675537,35.236263275146484,4.0203198295785114e-05,2.958315849304199
731,49.02721088435374,49,49,0.9802721088435374,-0.26618772745132446,22.57514762878418,3.8925227272557095e-05,1.0459448099136353
732,-105.54575163398692,204,201,0.9845424836601308,-0.9055019021034241,8.49620532989502,3.895734698744491e-05,0.5364357233047485
733,-7.6315789473684195,95,83,0.8736842105263158,-0.9221928715705872,22.717939376831055,3.8848422263981774e-05,0.011650155298411846
734,63.95652173913042,23,20,0.8695652173913043,-0.9512491822242737,82.53727722167969,3.8886173570062965e-05,1.167979121208191
735,63.95652173913043,23,20,0.8695652173913043,-0.7580248713493347,60.77476119995117,3.93464979424607e-05,3.1925010681152344
736,59.33333333333334,24,20,0.8333333333333334,0.7450442314147949,56.2530632019043,4.1535007767379284e-05,5.680163383483887
737,63.95652173913043,23,20,0.8695652173913043,1.5735266208648682,67.50247955322266,4.2531788494670764e-05,6.2720866203308105
738,-109.93269230769232,208,204,0.9806730769230769,0.11581909656524658,10.572956085205078,5.5726603022776544e-05,14.77968978881836
739,-7.631578947368417,95,83,0.8736842105263158,-0.05955182760953903,20.06894302368164,5.551146750804037e-05,0.364138662815094
740,-7.631578947368418,95,83,0.8736842105263158,-0.10176151990890503,19.09254264831543,5.516982128028758e-05,0.03554268181324005
741,-5.317152103559879,103,101,0.9768284789644013,-0.2759785056114197,17.441438674926758,5.499913095263764e-05,1.1254653930664062
742,59.333333333333336,24,20,0.8333333333333334,-0.8789979815483093,79.45960235595703,5.5627544497838244e-05,5.242255687713623
743,-2.815181518151819,101,100,0.9818481848184818,-0.14666959643363953,14.4298677444458,5.562551450566389e-05,0.33054158091545105
744,-100.66834170854271,199,196,0.9833165829145729,-0.618716835975647,9.559428215026855,5.559731289395131e-05,0.6540879607200623
745,-3.422442244224433,101,99,0.9757755775577558,-0.12792430818080902,15.011877059936523,5.56046434212476e-05,0.022759003564715385
746,40.95652173913044,46,40,0.8695652173913043,-0.056665170937776566,31.79949951171875,5.4744832596043125e-05,2.2092978954315186
747,40.95652173913044,46,40,0.8695652173913043,0.8487837910652161,30.029664993286133,5.2555918955476955e-05,1.5305492877960205
748,-4.59223300970875,103,102,0.9840776699029126,-0.32362669706344604,17.181041717529297,5.2523431804729626e-05,1.074127435684204
749,47.299319727891145,49,48,0.9629931972789115,0.6955735683441162,28.73820686340332,5.037036316934973e-05,1.6101605892181396
750,47.62585034013605,49,48,0.9662585034013605,-1.7404183149337769,30.91946792602539,5.237615914666094e-05,6.74261474609375
751,-5.961538461538467,104,103,0.9803846153846154,-0.2814878225326538,13.875741004943848,5.2243267418816686e-05,0.579186737537384
752,-7.107936507936508,105,104,0.978920634920635,-0.5576485395431519,13.840394973754883,5.243542909738608e-05,1.6778088808059692
753,40.95652173913044,46,40,0.8695652173913043,-0.02604864537715912,30.40569496154785,5.248144952929579e-05,0.48676955699920654
754,-100.66834170854271,199,196,0.9833165829145729,-0.11338138580322266,8.513193130493164,5.244227941147983e-05,1.4909964799880981
755,43.888888888888886,45,40,0.8888888888888888,-0.7643725275993347,36.00910186767578,5.3383340855361894e-05,4.395849227905273
756,-2.815181518151821,101,100,0.9818481848184818,0.15144814550876617,13.352242469787598,4.9724028940545395e-05,0.2959328591823578
757,40.95652173913043,46,40,0.8695652173913043,-0.2727283835411072,31.197261810302734,4.969491419615224e-05,0.6311513185501099
758,47.62585034013605,49,48,0.9662585034013605,-0.6180751919746399,23.406328201293945,4.8681529733585194e-05,2.1480772495269775
759,-9.541666666666668,96,83,0.8645833333333334,-0.37864360213279724,20.26547622680664,4.783739132108167e-05,0.3424324095249176
760,38.10638297872341,47,40,0.851063829787234,-0.5089006423950195,33.16887664794922,4.791052560904063e-05,1.7097605466842651
761,46.733333333333334,50,49,0.9673333333333334,0.49686551094055176,23.60993194580078,4.858356624026783e-05,3.2769899368286133
762,43.893081761006286,53,52,0.9689308176100629,-0.15252642333507538,27.573137283325195,4.863304639002308e-05,1.4599229097366333
763,-7.6315789473684195,95,83,0.8736842105263158,-0.4615107774734497,14.14432430267334,4.850074401474558e-05,0.1352284699678421
764,47.299319727891145,49,48,0.9629931972789115,0.012450615875422955,25.517148971557617,4.847087984671816e-05,0.06196202337741852
765,40.95652173913044,46,40,0.8695652173913043,-1.4063249826431274,34.655609130859375,5.024364509154111e-05,5.758046627044678
766,43.888888888888886,45,40,0.8888888888888888,-1.1989279985427856,31.773406982421875,5.154034442966804e-05,5.337588310241699
767,-105.44117647058825,204,202,0.9855882352941177,0.1366739422082901,7.2946906089782715,5.15319115947932e-05,0.2605665922164917
768,-6.4807692307692335,104,102,0.9751923076923077,-0.4652133882045746,16.92072105407715,5.031015825807117e-05,0.8404988646507263
769,-11.432989690721655,97,83,0.8556701030927835,-0.29595792293548584,17.51324462890625,5.017417424824089e-05,0.029559994116425514
770,-9.541666666666659,96,83,0.8645833333333334,-0.0013191115576773882,15.457388877868652,5.028818122809753e-05,0.9897180199623108
771,46.7516339869281,51,51,0.977516339869281,-0.09474916756153107,24.579120635986328,5.027624501963146e-05,0.7733659744262695
772,-4.254901960784318,102,100,0.9774509803921568,-0.04689163714647293,13.618961334228516,5.007030631531961e-05,1.5483925342559814
773,-4.2549019607843235,102,100,0.9774509803921568,-0.2646791934967041,14.373723030090332,4.990827073925175e-05,1.1114435195922852
774,63.95652173913043,23,20,0.8695652173913043,-1.1953076124191284,56.96202850341797,4.929058195557445e-05,4.412428379058838
775,40.95652173913043,46,40,0.8695652173913043,0.41237592697143555,33.20637512207031,4.973394243279472e-05,2.298964738845825
776,-11.432989690721653,97,83,0.8556701030927835,-0.408125638961792,17.604951858520508,4.972858732799068e-05,0.1067751944065094
777,63.95652173913043,23,20,0.8695652173913043,-0.16236567497253418,62.687294006347656,4.996008283342235e-05,2.4880878925323486
778,-102.70149253731344,201,198,0.9829850746268657,0.20763376355171204,10.403375625610352,4.983284088666551e-05,0.633192777633667
779,-108.53945249597425,207,204,0.9846054750402576,-0.08239977061748505,10.19103717803955,4.925995017401874e-05,0.3701329231262207
780,-9.043613707165115,107,105,0.979563862928349,-0.09237712621688843,17.536945343017578,4.872692079516128e-05,0.10260885953903198
781,63.95652173913044,23,20,0.8695652173913043,0.866538405418396,65.49107360839844,4.8814807087183e-05,0.9067687392234802
782,63.95652173913044,23,20,0.8695652173913043,-0.5635258555412292,53.79074478149414,4.8994592361850664e-05,3.171900510787964
783,63.95652173913044,23,20,0.8695652173913043,-0.6632620692253113,67.8573989868164,4.9386198952561244e-05,3.087076187133789
784,-7.631578947368414,95,83,0.8736842105263158,-1.0492923259735107,15.879138946533203,4.9392026994610205e-05,0.05053026229143143
785,-7.051282051282056,104,101,0.9694871794871794,-0.8390942215919495,19.276655197143555,4.877520041191019e-05,0.7656422257423401
786,-9.043613707165111,107,105,0.979563862928349,-0.8783766031265259,20.17074966430664,4.8063233407447115e-05,0.9627394676208496
787,63.95652173913043,23,20,0.8695652173913043,0.9186090230941772,55.506263732910156,4.9293517804471776e-05,4.308912754058838
788,-104.76026272577998,203,200,0.9823973727422003,-0.3353414237499237,11.411575317382812,4.927656482323073e-05,0.9670580625534058
789,46.75163398692809,51,51,0.977516339869281,0.7177980542182922,38.0589714050293,4.9340742407366633e-05,0.6338445544242859
790,-105.54575163398694,204,201,0.9845424836601308,0.00322670373134315,8.721856117248535,4.9272279284195974e-05,0.855176568031311
791,49.027210884353735,49,49,0.9802721088435374,0.2737613618373871,33.88256072998047,4.9572321586310863e-05,2.7085466384887695
792,40.95652173913044,46,40,0.8695652173913043,0.7012689709663391,27.985706329345703,5.0338308938080445e-05,3.4757401943206787
793,43.888888888888886,45,40,0.8888888888888888,-0.6676632165908813,33.274864196777344,5.0437392928870395e-05,1.6649326086044312
794,-110.85964912280701,209,206,0.9814035087719298,-1.4753479957580566,9.52944278717041,5.0264581659575924e-05,1.5641086101531982
795,-9.54166666666666,96,83,0.8645833333333334,-0.6065053343772888,16.6907901763916,5.051844345871359e-05,1.6079376935958862
796,49.36879432624113,47,46,0.9636879432624114,-0.688447117805481,32.41152572631836,5.0543581892270595e-05,1.071846604347229
797,40.95652173913044,46,40,0.8695652173913043,-0.8036428689956665,37.67905044555664,5.062244235887192e-05,1.9017298221588135
798,-105.44117647058823,204,202,0.9855882352941177,0.08583516627550125,8.207119941711426,5.065966979600489e-05,0.4127543568611145
799,-99.21885521885523,198,196,0.9878114478114478,0.3461568057537079,8.612671852111816,5.044901990913786e-05,0.027103813365101814
800,63.95652173913044,23,20,0.8695652173913043,-0.28144577145576477,77.70477294921875,5.061974297859706e-05,2.516838312149048
801,40.95652173913043,46,40,0.8695652173913043,0.34132522344589233,42.313934326171875,5.010689710616134e-05,0.6371628642082214
802,63.95652173913043,23,20,0.8695652173913043,0.12923406064510345,72.04576110839844,4.8822268581716344e-05,0.2063824087381363
803,40.95652173913043,46,40,0.8695652173913043,0.73637455701828,34.783912658691406,4.947889465256594e-05,2.8882620334625244
804,-5.3171521035598825,103,101,0.9768284789644013,0.03420283645391464,14.675225257873535,4.945306500303559e-05,0.3084394037723541
805,-105.54575163398694,204,201,0.9845424836601308,-0.3746853768825531,7.364853858947754,4.945912951370701e-05,0.03891189396381378
806,59.33333333333334,24,20,0.8333333333333334,-0.9417250156402588,61.02505111694336,4.9420934374211356e-05,0.2950068712234497
807,46.46153846153847,52,52,0.9846153846153847,-1.3614625930786133,26.920642852783203,4.976463605999015e-05,2.7791945934295654
808,47.62585034013605,49,48,0.9662585034013605,-0.12275566160678864,22.090866088867188,5.057871385361068e-05,3.9585587978363037
809,-9.043613707165111,107,105,0.979563862928349,-0.15766458213329315,16.613502502441406,5.066189623903483e-05,1.6242727041244507
810,-9.541666666666664,96,83,0.8645833333333334,0.005274935159832239,21.2694149017334,5.0699280109256506e-05,1.2109191417694092
811,-9.541666666666664,96,83,0.8645833333333334,-0.2208736687898636,22.3043270111084,5.098072870168835e-05,2.6066930294036865
812,46.75163398692809,51,51,0.977516339869281,-0.1399191915988922,34.41310119628906,5.119526758790016e-05,2.311218500137329
813,-2.953795379537964,101,100,0.9804620462046204,0.2004103809595108,14.274864196777344,5.1198865548940375e-05,0.9692512154579163
814,-7.631578947368416,95,83,0.8736842105263158,-0.2493400275707245,16.98871421813965,5.119972047396004e-05,0.0163157656788826
815,-9.043613707165115,107,105,0.979563862928349,-0.20210446417331696,14.324715614318848,5.051474363426678e-05,1.6673972606658936
816,-4.915857605177996,103,102,0.98084142394822,-0.6471253633499146,13.105772018432617,5.053985660197213e-05,0.33537811040878296
817,-102.70149253731344,201,198,0.9829850746268657,-0.89336758852005,8.093117713928223,5.053240602137521e-05,0.6775203943252563
818,-11.432989690721659,97,83,0.8556701030927835,-1.1435950994491577,16.95804786682129,5.0696093239821494e-05,2.058168888092041
819,63.95652173913044,23,20,0.8695652173913043,-2.0476999282836914,56.66178512573242,5.0932725571328774e-05,3.4186699390411377
820,63.95652173913044,23,20,0.8695652173913043,-1.8724948167800903,62.57110595703125,5.2943523769499734e-05,7.345202922821045
821,43.888888888888886,45,40,0.8888888888888888,0.9317978620529175,36.93922424316406,5.363247328205034e-05,3.1562819480895996
822,-9.541666666666668,96,83,0.8645833333333334,0.25782060623168945,23.812511444091797,5.369990685721859e-05,1.9273422956466675
823,40.95652173913043,46,40,0.8695652173913043,0.8969767689704895,43.575714111328125,4.6058099542278796e-05,0.07509418576955795
824,-5.702127659574467,94,83,0.8829787234042553,0.5081951022148132,23.541975021362305,4.597615043167025e-05,1.7998180389404297
825,-7.051282051282055,104,101,0.9694871794871794,1.1608555316925049,25.136804580688477,4.608925519278273e-05,1.3823424577713013
826,63.95652173913043,23,20,0.8695652173913043,1.5107899904251099,65.94017791748047,4.949064532411285e-05,7.064027309417725
827,40.95652173913043,46,40,0.8695652173913043,-0.6484339833259583,35.966060638427734,4.9913389375433326e-05,3.1297168731689453
828,43.88888888888888,45,40,0.8888888888888888,-0.49864310026168823,29.988637924194336,4.988040018361062e-05,0.8705044388771057
829,-100.66834170854271,199,196,0.9833165829145729,-0.5917637348175049,7.238921165466309,4.951981463818811e-05,0.0908341258764267
830,-4.254901960784318,102,100,0.9774509803921568,-0.6739789247512817,14.308703422546387,4.882790017290972e-05,0.19811245799064636
831,63.95652173913044,23,20,0.8695652173913043,-0.6837279200553894,60.648101806640625,5.072710700915195e-05,5.146021842956543
832,-110.85964912280703,209,206,0.9814035087719298,-0.0627342090010643,8.971410751342773,5.069300459581427e-05,0.029095565900206566
833,40.95652173913043,46,40,0.8695652173913043,-0.35452204942703247,35.39942169189453,5.083657742943615e-05,2.0075738430023193
834,63.95652173913044,23,20,0.8695652173913043,-0.08723801374435425,70.97129821777344,5.134157618158497e-05,3.3956966400146484
835,40.95652173913043,46,40,0.8695652173913043,-0.5298233032226562,41.96083068847656,5.284486906020902e-05,6.109091281890869
836,-5.317152103559877,103,101,0.9768284789644013,0.2512018084526062,20.121400833129883,5.071111809229478e-05,2.4856505393981934
837,40.95652173913043,46,40,0.8695652173913043,-0.02792186848819256,39.893531799316406,4.80583003081847e-05,2.6802477836608887
838,46.75163398692809,51,51,0.977516339869281,0.0036585810594260693,32.195404052734375,3.47827844962012e-05,0.6122307777404785
839,-109.40064102564104,208,206,0.9859935897435897,-0.2935437858104706,8.632893562316895,3.488834045128897e-05,1.275877594947815
840,-102.70149253731344,201,198,0.9829850746268657,-0.48425325751304626,6.372846603393555,3.493839540169574e-05,0.4434070587158203
841,-105.44117647058825,204,202,0.9855882352941177,-0.5575141906738281,7.764137268066406,3.497808938845992e-05,0.30443981289863586
842,49.36879432624113,47,46,0.9636879432624114,-0.5566293597221375,30.91108512878418,3.408181146369316e-05,2.066054105758667
843,-7.6315789473684195,95,83,0.8736842105263158,-0.8991497755050659,18.729625701904297,3.416431354708038e-05,0.6262861490249634
844,-105.4673202614379,204,202,0.9853267973856209,-0.544990599155426,8.199020385742188,3.416380423004739e-05,0.601794958114624
845,46.7516339869281,51,51,0.977516339869281,-1.041222333908081,24.772794723510742,3.4885604691226035e-05,4.038418769836426
846,40.95652173913043,46,40,0.8695652173913043,0.15949338674545288,36.00100326538086,3.479324368527159e-05,0.5122677087783813
847,40.95652173913043,46,40,0.8695652173913043,0.24573518335819244,39.07855987548828,3.454516263445839e-05,0.043763935565948486
848,-7.6315789473684195,95,83,0.8736842105263158,0.18677718937397003,20.757158279418945,3.457942875684239e-05,0.33409860730171204
849,-7.631578947368412,95,83,0.8736842105263158,-0.5371701717376709,20.67140007019043,3.480423038126901e-05,3.4961962699890137
850,-9.54166666666667,96,83,0.8645833333333334,0.24242471158504486,20.40199089050293,3.2508018193766475e-05,0.31258225440979004
851,-4.915857605177995,103,102,0.98084142394822,-0.004903854802250862,15.459794044494629,3.253236718592234e-05,0.0932307243347168
852,-4.915857605177998,103,102,0.98084142394822,0.10828738659620285,13.850434303283691,3.232660310459323e-05,0.7168128490447998
853,-108.53945249597423,207,204,0.9846054750402576,0.054305657744407654,8.012497901916504,3.229433059459552e-05,0.19471479952335358
854,-5.702127659574478,94,83,0.8829787234042553,0.36697152256965637,17.380582809448242,3.2894069590838626e-05,3.0799720287323
855,46.73333333333333,50,49,0.9673333333333334,-0.39793846011161804,27.116167068481445,3.202863808837719e-05,0.5608534812927246
856,-9.541666666666663,96,83,0.8645833333333334,-1.0490535497665405,16.93897819519043,3.2481286325491965e-05,3.317401170730591
857,63.95652173913044,23,20,0.8695652173913043,-0.084920234978199,63.889137268066406,3.2855230529094115e-05,1.9678279161453247
858,-99.21885521885523,198,196,0.9878114478114478,0.2771817147731781,7.508294105529785,3.281877070548944e-05,1.2966398000717163
859,43.88888888888888,45,40,0.8888888888888888,0.31982022523880005,29.14446449279785,3.2914886105572805e-05,0.7971665263175964
860,40.95652173913042,46,40,0.8695652173913043,0.2360905110836029,32.68369674682617,3.285189814050682e-05,0.32487204670906067
861,40.95652173913043,46,40,0.8695652173913043,0.6145211458206177,30.917295455932617,3.222125451429747e-05,1.452170491218567
862,47.62585034013605,49,48,0.9662585034013605,-0.49391576647758484,22.41395378112793,3.430266588111408e-05,6.016424655914307
863,-3.359477124183012,102,101,0.9864052287581699,0.17899982631206512,14.066493034362793,3.446125629125163e-05,1.194498896598816
864,-9.541666666666659,96,83,0.8645833333333334,-0.5356559157371521,16.742082595825195,3.448335701250471e-05,1.1432429552078247
865,63.95652173913044,23,20,0.8695652173913043,-0.6373625993728638,67.72079467773438,3.2881500374060124e-05,1.9913934469223022
866,46.564102564102555,52,52,0.9856410256410256,-0.4526745080947876,20.346147537231445,3.139869659207761e-05,0.3856591582298279
867,46.626666666666665,50,49,0.9662666666666667,-0.6299682855606079,22.65146827697754,3.1431543902726844e-05,1.0977057218551636
868,63.95652173913043,23,20,0.8695652173913043,-2.639554977416992,58.23706817626953,3.8974823837634176e-05,11.48275089263916
869,-108.45893719806764,207,204,0.9854106280193237,-0.3825747072696686,9.15390682220459,3.8974150811554864e-05,0.8928748965263367
870,-99.21885521885523,198,196,0.9878114478114478,-0.2176806479692459,7.529025554656982,3.8857764593558386e-05,0.035768818110227585
871,46.73333333333332,50,49,0.9673333333333334,-0.6684362292289734,23.396116256713867,3.905026460415684e-05,2.278822422027588
872,-9.541666666666663,96,83,0.8645833333333334,-0.3427946865558624,18.21834373474121,3.899441071553156e-05,0.025505900382995605
873,-106.94796747967479,205,202,0.980520325203252,0.13659889996051788,8.871552467346191,3.9038070099195465e-05,0.622624933719635
874,-4.915857605177994,103,102,0.98084142394822,-0.298421174287796,14.315291404724121,3.8115820643724874e-05,1.311315894126892
875,46.7516339869281,51,51,0.977516339869281,-0.10720635205507278,23.580991744995117,3.7826321204192936e-05,2.1567633152008057
876,63.95652173913043,23,20,0.8695652173913043,0.3021797239780426,55.64433288574219,3.795753946178593e-05,1.032243013381958
877,40.95652173913043,46,40,0.8695652173913043,0.25936567783355713,32.33683395385742,3.787890454987064e-05,1.2513095140457153
878,63.95652173913043,23,20,0.8695652173913043,-0.7812392115592957,53.95036315917969,3.78204022126738e-05,0.8760103583335876
879,43.888888888888886,45,40,0.8888888888888888,-0.22237297892570496,34.24159622192383,3.785910666920245e-05,1.2500067949295044
880,-7.107936507936499,105,104,0.978920634920635,-0.7435497045516968,15.338262557983398,3.785162334679626e-05,0.485378623008728
881,46.7516339869281,51,51,0.977516339869281,-0.881513237953186,23.952089309692383,3.80586352548562e-05,2.771529197692871
882,63.95652173913044,23,20,0.8695652173913043,-0.062408894300460815,53.9212760925293,3.768132592085749e-05,0.5991188287734985
883,-8.937694704049848,107,106,0.9806230529595016,-0.12822352349758148,13.66381549835205,3.727286457433365e-05,0.18779468536376953
884,40.95652173913043,46,40,0.8695652173913043,0.26867377758026123,33.00920486450195,3.72689391952008e-05,0.7045736312866211
885,-2.9537953795379646,101,100,0.9804620462046204,-0.15585725009441376,12.22648811340332,3.7202786188572645e-05,0.16706378757953644
886,-4.915857605177994,103,102,0.98084142394822,0.17880050837993622,13.354193687438965,3.7156376492930576e-05,0.6613478064537048
887,-9.541666666666659,96,83,0.8645833333333334,-0.1795751005411148,17.61823844909668,3.5754193959292024e-05,0.5669717788696289
888,-9.54166666666666,96,83,0.8645833333333334,0.05172162503004074,17.373668670654297,3.600929630920291e-05,1.6188679933547974
889,43.888888888888886,45,40,0.8888888888888888,-0.18408121168613434,32.092552185058594,3.609095438150689e-05,2.070612668991089
890,43.888888888888886,45,40,0.8888888888888888,-0.9359397292137146,33.57086181640625,3.6928238841937855e-05,4.213347911834717
891,-4.9158576051780045,103,102,0.98084142394822,-0.0934290885925293,13.128338813781738,3.694711995194666e-05,1.7715734243392944
892,40.95652173913044,46,40,0.8695652173913043,-0.574435293674469,32.48152160644531,3.6123459722148255e-05,2.080308675765991
893,-5.718446601941758,103,101,0.9728155339805825,-0.4823356568813324,11.912464141845703,3.6060941056348383e-05,1.056196928024292
894,63.95652173913043,23,20,0.8695652173913043,-0.1425088346004486,57.87456130981445,3.605210440582596e-05,0.4590418040752411
895,40.95652173913044,46,40,0.8695652173913043,0.381168395280838,30.057659149169922,3.600321724661626e-05,1.411216378211975
896,-5.961538461538467,104,103,0.9803846153846154,-0.17422854900360107,13.823948860168457,3.600016498239711e-05,1.025763988494873
897,-9.54166666666667,96,83,0.8645833333333334,-0.31480827927589417,19.48299789428711,3.5902838135370985e-05,0.1266862154006958
898,40.95652173913044,46,40,0.8695652173913043,-0.2113105207681656,28.00193214416504,3.586605089367367e-05,0.9311319589614868
899,48.68707482993197,49,48,0.9768707482993197,0.07910429686307907,28.01053237915039,3.5855740861734375e-05,0.7751386165618896
900,-9.541666666666668,96,83,0.8645833333333334,-0.5237874388694763,16.87509536743164,3.5618595575215295e-05,0.964698076248169
901,40.95652173913043,46,40,0.8695652173913043,0.3534153699874878,30.798723220825195,3.574196671252139e-05,0.9377520084381104
902,-6.480769230769233,104,102,0.9751923076923077,-0.09659596532583237,13.031904220581055,3.5732889955397695e-05,0.09139236807823181
903,-102.70149253731344,201,198,0.9829850746268657,-0.34239208698272705,6.467105388641357,3.573323556338437e-05,3.4367566108703613
904,40.95652173913043,46,40,0.8695652173913043,0.6699391603469849,30.31268882751465,3.6361354432301596e-05,2.701136350631714
905,63.95652173913043,23,20,0.8695652173913043,-0.3243733048439026,52.89315414428711,3.637025292846374e-05,1.079941749572754
906,-7.631578947368417,95,83,0.8736842105263158,-0.4456752836704254,14.68847942352295,3.6331770388642326e-05,0.5471814870834351
907,-7.631578947368415,95,83,0.8736842105263158,-0.45081204175949097,16.168529510498047,3.6011842894367874e-05,0.6971321702003479
908,46.564102564102555,52,52,0.9856410256410256,-1.036590814590454,22.84331512451172,3.510872193146497e-05,2.5744776725769043
909,-3.4224422442244267,101,99,0.9757755775577558,0.07080844789743423,12.331001281738281,3.516033757477999e-05,0.9045551419258118
910,-4.915857605178004,103,102,0.98084142394822,-0.21671351790428162,11.367798805236816,3.521630787872709e-05,0.6833011507987976
911,-9.541666666666663,96,83,0.8645833333333334,-0.467267245054245,20.64516830444336,3.494323755148798e-05,0.7486556172370911
912,59.33333333333334,24,20,0.8333333333333334,-1.1421836614608765,59.05854034423828,3.671015292638913e-05,6.149341583251953
913,63.95652173913043,23,20,0.8695652173913043,0.41916602849960327,58.727256774902344,3.68320252164267e-05,1.5302348136901855
914,-102.70149253731344,201,198,0.9829850746268657,-0.2975099980831146,5.98647403717041,3.681737507577054e-05,0.42049285769462585
915,40.95652173913043,46,40,0.8695652173913043,0.6721312999725342,31.77811050415039,3.6751287552760914e-05,1.4055927991867065
916,-11.432989690721648,97,83,0.8556701030927835,-0.6989320516586304,17.636213302612305,3.680544250528328e-05,1.7986559867858887
917,-102.70149253731344,201,198,0.9829850746268657,-0.40839093923568726,6.7977776527404785,3.6809138691751286e-05,0.23320148885250092
918,-7.631578947368421,95,83,0.8736842105263158,-0.47482848167419434,16.662273406982422,3.666582779260352e-05,0.35492444038391113
919,63.95652173913043,23,20,0.8695652173913043,-1.8110185861587524,55.70982360839844,3.7943431379972026e-05,5.921685695648193
920,49.027210884353735,49,49,0.9802721088435374,0.045477788895368576,20.333093643188477,3.5074866900686175e-05,0.05447908490896225
921,-9.541666666666668,96,83,0.8645833333333334,-0.28027597069740295,16.60527992248535,3.442432716838084e-05,1.1481986045837402
922,-4.254901960784323,102,100,0.9774509803921568,0.20808449387550354,10.943656921386719,3.446121627348475e-05,1.1784265041351318
923,40.95652173913043,46,40,0.8695652173913043,-0.27068158984184265,30.803192138671875,3.446279151830822e-05,0.8767077326774597
924,47.299319727891145,49,48,0.9629931972789115,0.6092708706855774,23.069984436035156,3.492311225272715e-05,2.6105823516845703
925,-105.54575163398692,204,201,0.9845424836601308,-0.4982287883758545,6.202114105224609,3.473116521490738e-05,0.8451851606369019
926,43.888888888888886,45,40,0.8888888888888888,-0.2664351463317871,29.659997940063477,3.1224943086272106e-05,0.5637825131416321
927,-103.45214521452145,202,200,0.9854785478547855,-0.43910396099090576,7.848934173583984,3.084280979237519e-05,0.34132152795791626
928,63.95652173913043,23,20,0.8695652173913043,0.2595970332622528,53.84305953979492,3.107167867710814e-05,1.4963396787643433
929,47.299319727891145,49,48,0.9629931972789115,0.5173110365867615,21.5635929107666,3.117185769951902e-05,0.8730469942092896
930,-109.93269230769232,208,204,0.9806730769230769,-0.02526889182627201,6.963193416595459,3.115533763775602e-05,0.8535658121109009
931,63.95652173913043,23,20,0.8695652173913043,-0.8475836515426636,51.121246337890625,2.964735176647082e-05,3.229116678237915
932,40.95652173913043,46,40,0.8695652173913043,-1.201106071472168,29.90273094177246,3.077337532886304e-05,4.884340286254883
933,47.266666666666666,50,49,0.9726666666666667,0.17763221263885498,23.0892333984375,3.0737704946659505e-05,1.786712884902954
934,-5.702127659574474,94,83,0.8829787234042553,-0.6006348133087158,14.991905212402344,3.0249082556110807e-05,0.6780434846878052
935,-9.541666666666663,96,83,0.8645833333333334,-0.7678231000900269,14.243077278137207,2.8345097234705463e-05,0.902253270149231
936,-109.9326923076923,208,204,0.9806730769230769,-0.026861604303121567,7.06421422958374,2.818376015056856e-05,0.6609836220741272
937,-9.541666666666657,96,83,0.8645833333333334,-0.7567939758300781,15.4761381149292,2.7883161237696186e-05,0.3677854537963867
938,-100.66834170854273,199,196,0.9833165829145729,-0.41939622163772583,6.846395969390869,2.790684811770916e-05,1.0948221683502197
939,40.95652173913043,46,40,0.8695652173913043,-0.7184712886810303,36.42874526977539,2.7817499358206987e-05,0.9226292967796326
940,43.89308176100629,53,52,0.9689308176100629,-0.5811703205108643,22.05217170715332,2.7769276130129583e-05,0.7288023233413696
941,40.95652173913043,46,40,0.8695652173913043,-0.25872525572776794,30.125410079956055,2.7732719900086522e-05,0.6600905656814575
942,-9.043613707165116,107,105,0.979563862928349,0.028936930000782013,14.81261157989502,2.7325602786731906e-05,0.5045565962791443
943,38.1063829787234,47,40,0.851063829787234,-0.1836225539445877,34.2241325378418,2.7381625841371715e-05,2.029184341430664
944,38.1063829787234,47,40,0.851063829787234,0.9716401100158691,31.31024742126465,2.7970118026132695e-05,2.564210891723633
945,43.88888888888887,45,40,0.8888888888888888,-0.34039318561553955,34.31422424316406,2.743297955021262e-05,2.4454686641693115
946,49.36879432624113,47,46,0.9636879432624114,0.3656713366508484,23.468212127685547,2.7426305678091012e-05,0.45810946822166443
947,-7.631578947368421,95,83,0.8736842105263158,-0.4500659704208374,14.132203102111816,2.7409174435888417e-05,0.3717118501663208
948,-104.76026272577998,203,200,0.9823973727422003,-0.1900477260351181,8.665635108947754,2.738462899287697e-05,0.08592399954795837
949,63.95652173913042,23,20,0.8695652173913043,-1.042256236076355,56.852603912353516,2.6934605557471514e-05,1.8001552820205688
950,43.893081761006286,53,52,0.9689308176100629,0.049135494977235794,23.761402130126953,2.752166983555071e-05,2.7114293575286865
951,-7.1079365079365076,105,104,0.978920634920635,-0.3201900124549866,12.561151504516602,2.755816421995405e-05,0.6131888628005981
952,63.95652173913044,23,20,0.8695652173913043,-1.005771279335022,58.946739196777344,2.8543368898681365e-05,4.662093639373779
953,-4.533980582524274,103,102,0.9846601941747573,0.3732760548591614,15.278016090393066,2.8528955226647668e-05,0.03790970519185066
954,-9.541666666666671,96,83,0.8645833333333334,-0.07818511873483658,19.357332229614258,2.7727986889658496e-05,0.7873362302780151
955,59.33333333333333,24,20,0.8333333333333334,0.540622353553772,61.904701232910156,2.7778596631833352e-05,0.8815539479255676
956,-4.592233009708746,103,102,0.9840776699029126,0.29148179292678833,12.290884971618652,2.7357935323379934e-05,0.4347693920135498
957,63.95652173913043,23,20,0.8695652173913043,-0.4736028015613556,53.647953033447266,2.6981502742273733e-05,0.8672429919242859
958,43.888888888888886,45,40,0.8888888888888888,-3.049999475479126,30.95635414123535,3.573707363102585e-05,12.6608247756958
959,63.95652173913044,23,20,0.8695652173913043,0.1028917208313942,63.96381759643555,3.660426227725111e-05,3.362062454223633
960,-9.541666666666664,96,83,0.8645833333333334,-0.6940184831619263,17.39167022705078,3.659150388557464e-05,0.21234798431396484
961,46.733333333333334,50,49,0.9673333333333334,-0.34717637300491333,25.67270278930664,3.631956860772334e-05,0.42073383927345276
962,-7.051282051282065,104,101,0.9694871794871794,-0.49768972396850586,13.24124813079834,3.397214095457457e-05,1.498962640762329
963,-9.54166666666667,96,83,0.8645833333333334,-0.09214955568313599,16.33841896057129,3.3757642086129636e-05,0.31873902678489685
964,-105.44117647058823,204,202,0.9855882352941177,0.29488006234169006,7.571876525878906,3.3757543860701844e-05,0.29071056842803955
965,63.95652173913043,23,20,0.8695652173913043,1.3124643564224243,69.70472717285156,3.40088336088229e-05,1.70790433883667
966,46.46153846153847,52,52,0.9846153846153847,0.4266720712184906,31.175975799560547,3.394119266886264e-05,0.7911200523376465
967,-9.541666666666657,96,83,0.8645833333333334,-0.5940406322479248,16.073062896728516,3.3934895327547565e-05,0.4187370836734772
968,-5.961538461538459,104,103,0.9803846153846154,-0.7550647258758545,13.1723051071167,2.6689924197853543e-05,1.1243245601654053
969,-104.76026272577998,203,200,0.9823973727422003,-0.9426084160804749,7.341197490692139,2.679725548659917e-05,0.7928539514541626
970,63.95652173913043,23,20,0.8695652173913043,-1.434800624847412,55.98542022705078,2.7224752557231113e-05,3.279304027557373
971,-104.9376026272578,203,200,0.980623973727422,-0.8354654312133789,8.702729225158691,2.709195359784644e-05,0.3942685127258301
972,43.888888888888886,45,40,0.8888888888888888,-0.8270518779754639,29.682601928710938,2.7433598006609827e-05,3.0017435550689697
973,-104.76026272577998,203,200,0.9823973727422003,-0.07800020277500153,9.43015193939209,2.7391895855544135e-05,0.2346801608800888
974,-7.631578947368418,95,83,0.8736842105263158,0.20930765569210052,19.105144500732422,2.746917016338557e-05,0.7424378395080566
975,-3.359477124183013,102,101,0.9864052287581699,0.554661214351654,12.617514610290527,2.7413831048761494e-05,0.7135593295097351
976,40.95652173913043,46,40,0.8695652173913043,0.19360148906707764,40.43913650512695,2.7427475288277492e-05,2.2341978549957275
977,-9.541666666666657,96,83,0.8645833333333334,-0.03278917074203491,19.71213150024414,2.72623474302236e-05,1.4547978639602661
978,63.95652173913044,23,20,0.8695652173913043,-0.5616607666015625,76.81664276123047,2.8729347832268104e-05,5.519271373748779
979,-7.107936507936505,105,104,0.978920634920635,-0.4277821481227875,11.635031700134277,2.8870788810309023e-05,1.652561068534851
980,48.68707482993197,49,48,0.9768707482993197,-0.02651252970099449,27.429340362548828,2.8932303393958136e-05,1.6850543022155762
981,-7.631578947368415,95,83,0.8736842105263158,0.18515442311763763,15.72368049621582,2.96787875413429e-05,3.4583187103271484
982,-104.76026272577998,203,200,0.9823973727422003,-0.5141335129737854,8.073084831237793,2.9617476684506983e-05,0.08829912543296814
983,-7.631578947368416,95,83,0.8736842105263158,-1.301762342453003,15.713934898376465,2.9714583433815278e-05,2.101634979248047
984,63.95652173913044,23,20,0.8695652173913043,0.0377824641764164,51.4500846862793,3.004491918545682e-05,1.7033867835998535
985,43.88888888888888,45,40,0.8888888888888888,-0.6591295003890991,29.616840362548828,3.0031465939828195e-05,1.2275421619415283
986,-7.10793650793651,105,104,0.978920634920635,-0.8448173403739929,11.52389144897461,3.0054156013648026e-05,1.0081731081008911
987,-5.961538461538465,104,103,0.9803846153846154,0.3534132242202759,11.084582328796387,3.0618255550507456e-05,2.423970937728882
988,-2.815181518151818,101,100,0.9818481848184818,0.19624851644039154,10.017048835754395,3.040265255549457e-05,0.5879204273223877
989,40.95652173913042,46,40,0.8695652173913043,-0.12543492019176483,35.209999084472656,3.0438004614552483e-05,2.2541182041168213
990,-9.043613707165111,107,105,0.979563862928349,0.028027107939124107,13.099976539611816,2.9666833142982796e-05,0.26667702198028564
991,-105.44117647058823,204,202,0.9855882352941177,0.6349024176597595,8.551602363586426,2.9399698178167455e-05,0.49153146147727966
992,-7.631578947368414,95,83,0.8736842105263158,0.1903831958770752,17.551334381103516,2.9299320885911584e-05,0.27876806259155273
993,-7.631578947368412,95,83,0.8736842105263158,-0.42674991488456726,18.101675033569336,2.94564579235157e-05,2.2246437072753906
994,-7.631578947368421,95,83,0.8736842105263158,-0.023031355813145638,17.51991081237793,2.9407907277345657e-05,0.06170179322361946
995,-105.44117647058823,204,202,0.9855882352941177,0.325994074344635,7.86429500579834,2.9271977837197483e-05,0.7393222451210022
996,40.95652173913044,46,40,0.8695652173913043,-0.3506176769733429,32.13935089111328,2.9315870051505044e-05,1.5291866064071655
997,43.88888888888888,45,40,0.8888888888888888,0.319662868976593,34.90232849121094,2.9541946787503548e-05,1.4711639881134033
998,47.299319727891145,49,48,0.9629931972789115,-0.21500372886657715,18.596668243408203,2.956273965537548e-05,1.251384973526001
999,-109.9326923076923,208,204,0.9806730769230769,-0.6654189825057983,6.56643009185791,2.956231401185505e-05,0.7616603970527649
1000,-7.6315789473684195,95,83,0.8736842105263158,-0.5479761362075806,19.42423439025879,2.9690030714846216e-05,0.9452125430107117
1001,-7.631578947368415,95,83,0.8736842105263158,-0.750027060508728,13.956831932067871,2.9558254027506337e-05,0.2816847264766693
1002,-5.317152103559879,103,101,0.9768284789644013,-0.7437803149223328,14.096883773803711,2.9629143682541326e-05,1.8211973905563354
1003,49.027210884353735,49,49,0.9802721088435374,0.1281805783510208,23.094257354736328,2.898725688282866e-05,0.47670310735702515
1004,-7.631578947368412,95,83,0.8736842105263158,0.02862640656530857,17.802410125732422,2.8427339202607982e-05,0.7073771953582764
1005,63.95652173913043,23,20,0.8695652173913043,-0.47784364223480225,55.39535140991211,2.9232531232992187e-05,4.2473883628845215
1006,-100.66834170854271,199,196,0.9833165829145729,0.20698878169059753,6.854927062988281,2.9258646463858895e-05,0.04514826834201813
1007,-9.043613707165111,107,105,0.979563862928349,0.09726651757955551,11.27840805053711,2.9358552637859248e-05,0.6745219230651855
1008,63.95652173913042,23,20,0.8695652173913043,0.8355118632316589,56.76731491088867,3.0011864510015585e-05,3.2562172412872314
1009,40.95652173913043,46,40,0.8695652173913043,-0.19843843579292297,36.82038116455078,2.9889735742472112e-05,0.9001063704490662
1010,46.626666666666665,50,49,0.9662666666666667,-0.5335332155227661,21.419532775878906,2.9835646273568273e-05,0.2694929540157318
1011,-9.541666666666666,96,83,0.8645833333333334,-0.19734498858451843,14.330663681030273,3.008472231158521e-05,1.4705601930618286
1012,-4.592233009708752,103,102,0.9840776699029126,0.09222573041915894,11.398280143737793,2.8310891138971783e-05,1.260864496231079
1013,63.95652173913043,23,20,0.8695652173913043,-0.7600114345550537,52.69287872314453,2.8083159122616053e-05,0.08684961497783661
1014,-7.10793650793651,105,104,0.978920634920635,-0.6620007157325745,10.997001647949219,3.2103987905429676e-05,7.981403827667236
1015,-105.54575163398692,204,201,0.9845424836601308,-0.0011602097656577826,5.78140926361084,3.189743802067824e-05,0.12064807862043381
1016,-3.7647058823529527,102,101,0.9823529411764705,0.09075914323329926,11.811105728149414,3.179361010552384e-05,0.808014988899231
1017,46.75163398692809,51,51,0.977516339869281,0.7510968446731567,21.77359390258789,3.185497553204186e-05,0.5865339040756226
1018,48.68707482993197,49,48,0.9768707482993197,0.8857908248901367,26.711666107177734,3.214244861737825e-05,1.7269185781478882
1019,-9.54166666666666,96,83,0.8645833333333334,-0.4366726875305176,17.906627655029297,3.0311395676108077e-05,1.2734500169754028
1020,40.95652173913044,46,40,0.8695652173913043,-0.372324138879776,38.1993522644043,3.0465987947536632e-05,2.0159192085266113
1021,-110.85964912280703,209,206,0.9814035087719298,-0.3977924883365631,8.211710929870605,3.0322562452056445e-05,0.712740957736969
1022,-105.44117647058825,204,202,0.9855882352941177,-0.5500279664993286,7.272861003875732,3.0173363484209403e-05,0.814564049243927
1023,-7.051282051282056,104,101,0.9694871794871794,-0.7063719034194946,12.221074104309082,3.0178453016560525e-05,0.9652050733566284
1024,-2.815181518151828,101,100,0.9818481848184818,-0.24073176085948944,11.548874855041504,2.9624059607158415e-05,0.15418048202991486
1025,49.027210884353735,49,49,0.9802721088435374,-0.06129522621631622,21.56473159790039,3.02036278299056e-05,2.650404453277588
1026,59.33333333333334,24,20,0.8333333333333334,0.7561460137367249,63.353179931640625,3.216472759959288e-05,5.246343612670898
1027,-9.54166666666666,96,83,0.8645833333333334,0.20301896333694458,15.893838882446289,3.2611678761895746e-05,2.4240200519561768
1028,46.56410256410256,52,52,0.9856410256410256,-0.28667134046554565,18.04401397705078,3.240102523704991e-05,0.21040262281894684
1029,-5.702127659574467,94,83,0.8829787234042553,-0.13201871514320374,17.955352783203125,3.2376487069996074e-05,1.4533436298370361
1030,-108.53945249597425,207,204,0.9846054750402576,0.08377789705991745,6.191972255706787,3.237928467569873e-05,0.1369049996137619
1031,63.95652173913042,23,20,0.8695652173913043,0.4008338451385498,67.11322021484375,3.1873634725343436e-05,0.403305321931839
1032,-104.9376026272578,203,200,0.980623973727422,0.15743796527385712,6.183345794677734,3.059402297367342e-05,0.3160325884819031
1033,40.95652173913043,46,40,0.8695652173913043,0.46942707896232605,34.111663818359375,3.053474938496947e-05,0.8359369039535522
1034,-99.21885521885523,198,196,0.9878114478114478,0.043571390211582184,7.00810432434082,3.055129855056293e-05,0.3858921527862549
1035,-3.4224422442244213,101,99,0.9757755775577558,0.0705978125333786,10.672866821289062,3.052592364838347e-05,0.27255603671073914
1036,-5.96153846153846,104,103,0.9803846153846154,-0.02909734472632408,11.633888244628906,3.0475192033918574e-05,0.4519759714603424
1037,40.95652173913043,46,40,0.8695652173913043,-0.035767097026109695,27.977846145629883,3.058409129153006e-05,1.0683319568634033
1038,-9.541666666666664,96,83,0.8645833333333334,-0.13123658299446106,14.577692031860352,3.075298445764929e-05,1.6166778802871704
1039,47.299319727891145,49,48,0.9629931972789115,-0.7515606880187988,19.919313430786133,3.117011146969162e-05,2.9321131706237793
1040,48.10204081632653,49,48,0.9710204081632653,-0.18766812980175018,20.543169021606445,3.1160285288933665e-05,0.008134765550494194
1041,-7.107936507936506,105,104,0.978920634920635,-0.5719101428985596,10.289005279541016,3.115169602097012e-05,0.4680953323841095
1042,40.95652173913043,46,40,0.8695652173913043,0.3240455090999603,29.851903915405273,3.122069756500423e-05,0.855450451374054
1043,63.95652173913042,23,20,0.8695652173913043,0.016624895855784416,60.43622589111328,3.146093513350934e-05,2.9021897315979004
1044,-105.44117647058823,204,202,0.9855882352941177,-0.1556321084499359,5.986831188201904,3.09729584841989e-05,0.33336684107780457
1045,-4.533980582524274,103,102,0.9846601941747573,0.18307176232337952,12.044947624206543,3.068879232159816e-05,0.193891242146492
1046,-2.953795379537967,101,100,0.9804620462046204,-0.05960848554968834,10.507339477539062,3.066784483962692e-05,0.1429501473903656
1047,46.46153846153846,52,52,0.9846153846153847,1.1004409790039062,25.717641830444336,3.169829142279923e-05,3.871260643005371
1048,-4.5922330097087425,103,102,0.9840776699029126,-0.7138836979866028,11.860445976257324,3.2632684451527894e-05,4.124141216278076
1049,-5.961538461538466,104,103,0.9803846153846154,-0.3032202422618866,14.061677932739258,3.248275243095122e-05,0.08493085950613022
1050,-7.0512820512820635,104,101,0.9694871794871794,-0.6075068712234497,11.410078048706055,3.1976647733245045e-05,0.4482629895210266
1051,43.888888888888886,45,40,0.8888888888888888,-1.4012268781661987,31.236997604370117,3.2947435101959854e-05,4.310211181640625
1052,-11.432989690721655,97,83,0.8556701030927835,-0.9583345651626587,17.00086212158203,3.176058817189187e-05,0.33685335516929626
1053,-105.44117647058825,204,202,0.9855882352941177,-0.8704590201377869,6.120570182800293,3.176622703904286e-05,0.13470220565795898
1054,47.299319727891145,49,48,0.9629931972789115,0.06020873785018921,19.589820861816406,3.184420711477287e-05,1.010543704032898
1055,-108.53945249597425,207,204,0.9846054750402576,-0.7419629096984863,5.830240726470947,3.179732448188588e-05,0.4908986985683441
1056,-7.107936507936506,105,104,0.978920634920635,-0.5346539616584778,8.927054405212402,3.17817903123796e-05,0.7194099426269531
1057,-4.915857605178003,103,102,0.98084142394822,-0.18525852262973785,9.152727127075195,3.175871825078502e-05,0.12292488664388657
1058,-100.66834170854271,199,196,0.9833165829145729,-0.01307208277285099,5.662169933319092,2.2168374925968237e-05,0.2978992760181427
1059,40.95652173913043,46,40,0.8695652173913043,-0.5678303241729736,31.814987182617188,2.1740657757618465e-05,2.446814775466919
1060,46.626666666666665,50,49,0.9662666666666667,-0.47357314825057983,21.638277053833008,2.177220994781237e-05,0.9897864460945129
1061,-4.2549019607843235,102,100,0.9774509803921568,0.3283613324165344,10.701748847961426,2.177458009100519e-05,0.12150739133358002
1062,63.95652173913043,23,20,0.8695652173913043,-1.689035415649414,66.84379577636719,2.4452092475257814e-05,6.920592308044434
1063,63.95652173913044,23,20,0.8695652173913043,-0.6582461595535278,54.66648864746094,2.4748707801336423e-05,2.4359703063964844
1064,59.333333333333336,24,20,0.8333333333333334,-0.17671699821949005,49.641326904296875,2.4828319510561414e-05,0.8906145691871643
1065,43.888888888888886,45,40,0.8888888888888888,0.3657049238681793,32.350399017333984,2.494666478014551e-05,2.151174306869507
1066,59.33333333333334,24,20,0.8333333333333334,1.169874668121338,58.38140106201172,2.5966226530727e-05,3.8966450691223145
1067,47.62585034013605,49,48,0.9662585034013605,0.07171990722417831,22.402652740478516,2.7595147912506945e-05,5.107630252838135
1068,-5.718446601941755,103,101,0.9728155339805825,0.09700902551412582,12.806053161621094,2.753537228272762e-05,0.141267791390419
1069,-3.764705882352955,102,101,0.9823529411764705,0.06112411618232727,13.92859172821045,2.7483300073072314e-05,0.2938654124736786
1070,-7.0512820512820635,104,101,0.9694871794871794,-0.16107036173343658,11.580596923828125,2.6872468879446387e-05,0.10686414688825607
1071,-106.94796747967479,205,202,0.980520325203252,-0.07698314636945724,7.8379058837890625,2.6876326955971308e-05,0.6444390416145325
1072,63.95652173913044,23,20,0.8695652173913043,-0.0036272050347179174,56.57061004638672,2.638485239003785e-05,0.534575879573822
1073,-9.541666666666664,96,83,0.8645833333333334,-0.6694310307502747,18.092910766601562,2.641136416059453e-05,0.6341153383255005
1074,63.95652173913044,23,20,0.8695652173913043,-1.3163002729415894,48.45332717895508,2.708856300159823e-05,3.5273492336273193
1075,63.95652173913043,23,20,0.8695652173913043,-0.2626510262489319,58.74214172363281,2.7084864996140823e-05,0.6751129627227783
1076,-4.254901960784323,102,100,0.9774509803921568,-0.43786466121673584,9.01823902130127,2.681954538275022e-05,0.32068151235580444
1077,63.95652173913043,23,20,0.8695652173913043,-0.4191042184829712,53.72276306152344,2.6705771233537234e-05,0.14442147314548492
1078,-9.54166666666666,96,83,0.8645833333333334,-0.3269616961479187,14.179909706115723,2.4873615984688513e-05,0.20206649601459503
1079,46.7516339869281,51,51,0.977516339869281,-0.33032017946243286,22.14412498474121,2.4970493541331962e-05,1.9978734254837036
1080,43.88888888888889,45,40,0.8888888888888888,0.7191344499588013,32.96477127075195,2.5276252927142195e-05,2.751997470855713
1081,40.95652173913044,46,40,0.8695652173913043,0.4358038306236267,31.037967681884766,2.4560236852266826e-05,0.6610566973686218
1082,-9.54166666666667,96,83,0.8645833333333334,-0.1725309044122696,17.756967544555664,2.4567370928707533e-05,0.37139421701431274
1083,-105.44117647058823,204,202,0.9855882352941177,0.388143926858902,8.834955215454102,2.4302085876115598e-05,0.08461545407772064
1084,-4.9158576051780045,103,102,0.98084142394822,-0.09746785461902618,15.983735084533691,2.4131439204211347e-05,0.4333609938621521
1085,43.89308176100629,53,52,0.9689308176100629,-0.36309799551963806,27.197952270507812,2.405969462415669e-05,0.5566704273223877
1086,46.73333333333333,50,49,0.9673333333333334,-0.11651185899972916,22.264816284179688,2.401379242655821e-05,0.32123276591300964
1087,-104.9376026272578,203,200,0.980623973727422,0.2862342596054077,6.8004584312438965,2.3644122848054394e-05,0.3459225296974182
1088,-9.541666666666668,96,83,0.8645833333333334,-0.008390702307224274,18.038068771362305,2.3636957848793827e-05,0.6127448678016663
1089,43.893081761006286,53,52,0.9689308176100629,0.4453437328338623,25.603708267211914,2.3392902221530676e-05,0.8846664428710938
1090,-8.937694704049848,107,106,0.9806230529595016,0.0075250896625220776,10.862255096435547,2.339059028599877e-05,0.27266624569892883
1091,-3.7647058823529536,102,101,0.9823529411764705,-0.2848569452762604,11.69758415222168,2.3455513655790128e-05,1.2121706008911133
1092,43.893081761006286,53,52,0.9689308176100629,-0.525076687335968,22.093774795532227,2.369810317759402e-05,2.0885441303253174
1093,-7.631578947368416,95,83,0.8736842105263158,-1.0228381156921387,15.936372756958008,2.3577527827001177e-05,1.7049291133880615
1094,63.95652173913044,23,20,0.8695652173913043,0.08205422013998032,49.72677230834961,2.3603141016792506e-05,0.5686797499656677
1095,-105.44117647058825,204,202,0.9855882352941177,-0.5824875831604004,5.880714416503906,2.360941107326653e-05,0.7952300906181335
1096,40.95652173913044,46,40,0.8695652173913043,-1.442873477935791,36.650184631347656,2.398186370555777e-05,2.9337289333343506
1097,-9.54166666666666,96,83,0.8645833333333334,-0.8060005903244019,15.879249572753906,2.392912210780196e-05,1.1670145988464355
1098,40.95652173913043,46,40,0.8695652173913043,-0.7935727834701538,34.71220016479492,2.3845876057748683e-05,0.021697256714105606
1099,40.95652173913044,46,40,0.8695652173913043,-0.9170512557029724,30.0762882232666,2.403498911007773e-05,1.960763692855835
1100,-9.0436137071651,107,105,0.979563862928349,-0.6484602093696594,11.294626235961914,2.3969627363840118e-05,0.04482627660036087
1101,-4.2549019607843235,102,100,0.9774509803921568,0.020029976963996887,11.777070045471191,2.3973996576387435e-05,0.23112472891807556
1102,40.95652173913043,46,40,0.8695652173913043,-0.10006968677043915,37.64336395263672,2.3909231458674185e-05,1.4845565557479858
1103,40.95652173913044,46,40,0.8695652173913043,-0.9546076059341431,40.035736083984375,2.521639908081852e-05,4.755733013153076
1104,63.95652173913044,23,20,0.8695652173913043,0.26985329389572144,66.53516387939453,2.5197232389473356e-05,0.7998960614204407
1105,-102.70149253731343,201,198,0.9829850746268657,0.3109108805656433,7.513911724090576,2.4173081328626722e-05,0.4151197373867035
1106,40.95652173913043,46,40,0.8695652173913043,-0.4480886459350586,31.284082412719727,2.4431123165413737e-05,2.17354679107666
1107,-8.937694704049848,107,106,0.9806230529595016,-0.4562496542930603,11.341713905334473,2.4394797947024927e-05,0.39901068806648254
1108,49.707482993197274,49,49,0.9870748299319728,-0.18629637360572815,28.788816452026367,2.3750819309498183e-05,0.933967113494873
1109,59.33333333333333,24,20,0.8333333333333334,-0.1400706171989441,69.10145568847656,2.3719687305856496e-05,0.03783770278096199
1110,-9.541666666666668,96,83,0.8645833333333334,-0.281856894493103,16.55555534362793,2.3731989131192677e-05,0.7636305689811707
1111,48.68707482993197,49,48,0.9768707482993197,0.7535777688026428,24.94146728515625,2.384837716817856e-05,1.9714243412017822
1112,-9.043613707165115,107,105,0.979563862928349,0.17094512283802032,11.84664535522461,2.3731865439913236e-05,0.5700469017028809
1113,-5.31715210355987,103,101,0.9768284789644013,0.7861815690994263,12.52920913696289,2.381769081694074e-05,1.033408522605896
1114,40.95652173913043,46,40,0.8695652173913043,0.5016067624092102,33.615840911865234,1.9920764316339046e-05,0.33854296803474426
1115,46.73333333333333,50,49,0.9673333333333334,0.5398520231246948,22.174488067626953,2.0305153157096356e-05,2.3160440921783447
1116,-100.66834170854271,199,196,0.9833165829145729,-0.04436144605278969,5.71983003616333,2.0283940102672204e-05,0.08771510422229767
1117,63.95652173913043,23,20,0.8695652173913043,0.8016780018806458,42.557960510253906,2.1085381376906298e-05,3.5320916175842285
1118,63.95652173913043,23,20,0.8695652173913043,-2.3082048892974854,55.228851318359375,2.704854341573082e-05,10.215025901794434
1119,-7.051282051282053,104,101,0.9694871794871794,-0.7221019864082336,10.913625717163086,2.7255169698037207e-05,2.351499557495117
1120,-9.541666666666664,96,83,0.8645833333333334,-0.5779112577438354,15.878079414367676,2.7117041099700145e-05,1.1790528297424316
1121,-8.93769470404985,107,106,0.9806230529595016,-0.2623605728149414,10.303508758544922,2.7115613193018362e-05,0.687790036201477
1122,-105.44117647058825,204,202,0.9855882352941177,0.040427256375551224,6.525419235229492,2.7106872948934324e-05,0.17424526810646057
1123,59.33333333333333,24,20,0.8333333333333334,-0.33803659677505493,62.86897659301758,2.7087811758974567e-05,0.7028998136520386
1124,63.95652173913043,23,20,0.8695652173913043,-0.2597067058086395,58.73738479614258,2.7343263354850933e-05,2.3299753665924072
1125,-7.631578947368414,95,83,0.8736842105263158,-0.6205742955207825,16.980060577392578,2.6869456632994115e-05,1.2470729351043701
1126,-6.480769230769241,104,102,0.9751923076923077,-0.3536303639411926,11.694461822509766,2.4960459995782003e-05,0.022221354767680168
1127,40.95652173913044,46,40,0.8695652173913043,0.33635208010673523,32.40837860107422,2.4985285563161597e-05,2.4955413341522217
1128,-7.631578947368416,95,83,0.8736842105263158,-0.6630924940109253,17.541805267333984,2.4988896257127635e-05,0.6482324004173279
1129,48.68707482993197,49,48,0.9768707482993197,-1.988885521888733,26.181028366088867,3.195715544279665e-05,11.095096588134766
1130,-11.432989690721653,97,83,0.8556701030927835,-0.4329076409339905,14.855558395385742,3.1935443985275924e-05,0.44526270031929016
1131,63.95652173913043,23,20,0.8695652173913043,0.2867373824119568,48.67051315307617,3.209751957911067e-05,1.1674102544784546
1132,40.95652173913044,46,40,0.8695652173913043,0.06554021686315536,31.412628173828125,3.209659917047247e-05,0.39572668075561523
1133,63.95652173913043,23,20,0.8695652173913043,-1.7353646755218506,54.799434661865234,3.684436160256155e-05,9.37863826751709
1134,-4.592233009708751,103,102,0.9840776699029126,0.16039983928203583,11.934746742248535,3.67898064723704e-05,0.5546935796737671
1135,40.95652173913044,46,40,0.8695652173913043,0.08408906310796738,34.28822708129883,3.679963629110716e-05,0.06816516816616058
1136,-105.44117647058823,204,202,0.9855882352941177,-0.0282442606985569,7.326478004455566,3.6837336665485054e-05,0.23515662550926208
1137,40.95652173913043,46,40,0.8695652173913043,-0.03674154356122017,29.221302032470703,3.6715922760777175e-05,0.26016464829444885
1138,40.95652173913044,46,40,0.8695652173913043,-0.054406605660915375,26.92135238647461,3.645335164037533e-05,0.1434924602508545
1139,-106.94796747967479,205,202,0.980520325203252,-0.0968981683254242,7.187678337097168,3.6464592994889244e-05,2.367702007293701
1140,48.10204081632652,49,48,0.9710204081632653,0.037017110735177994,19.599451065063477,3.644573735073209e-05,0.48991334438323975
1141,-7.631578947368425,95,83,0.8736842105263158,0.3575294017791748,13.611635208129883,3.6940135032637045e-05,2.297807216644287
1142,-108.45893719806764,207,204,0.9854106280193237,-0.23828260600566864,7.198079586029053,3.6847693991148844e-05,1.067931056022644
1143,-109.93269230769232,208,204,0.9806730769230769,0.08050274103879929,6.779536247253418,3.654226748039946e-05,0.3304215669631958
1144,40.95652173913043,46,40,0.8695652173913043,-0.10552620887756348,27.8253173828125,3.65418272849638e-05,0.3540382981300354
1145,40.956521739130444,46,40,0.8695652173913043,0.10317926853895187,29.921852111816406,3.6533743696054444e-05,0.09258639812469482
1146,-9.541666666666668,96,83,0.8645833333333334,0.2727135121822357,14.635266304016113,3.69411391147878e-05,2.1509621143341064
1147,40.95652173913043,46,40,0.8695652173913043,-0.04291491582989693,28.633264541625977,3.575802475097589e-05,0.4816509783267975
1148,63.95652173913043,23,20,0.8695652173913043,0.13169527053833008,54.775516510009766,3.504148844513111e-05,0.6921760439872742
1149,59.33333333333334,24,20,0.8333333333333334,0.3924420475959778,46.93535232543945,3.515276330290362e-05,0.9211768507957458
1150,46.626666666666665,50,49,0.9662666666666667,-0.19173923134803772,23.120330810546875,3.510103124426678e-05,0.6296995878219604
1151,40.95652173913043,46,40,0.8695652173913043,-0.5385827422142029,31.214664459228516,3.495592682156712e-05,3.989039182662964
1152,-99.21885521885523,198,196,0.9878114478114478,0.24188682436943054,6.743339538574219,3.5076493077212945e-05,1.1667630672454834
1153,40.95652173913044,46,40,0.8695652173913043,-0.17785587906837463,28.97165870666504,3.506624489091337e-05,0.9397174119949341
1154,-7.051282051282065,104,101,0.9694871794871794,-0.4733581840991974,12.235977172851562,3.494301927275956e-05,1.0144481658935547
1155,-9.54166666666666,96,83,0.8645833333333334,-0.40242257714271545,18.160734176635742,3.493223630357534e-05,0.3428058624267578
1156,46.75163398692809,51,51,0.977516339869281,-0.5930567979812622,16.71199607849121,3.507161818561144e-05,2.032874345779419
1157,-102.70149253731344,201,198,0.9829850746268657,-0.30866163969039917,5.558652400970459,3.506411303533241e-05,0.7198784947395325
1158,-9.541666666666664,96,83,0.8645833333333334,-0.9063159227371216,13.854371070861816,3.509121961542405e-05,1.5995208024978638
1159,43.893081761006286,53,52,0.9689308176100629,-0.5853264927864075,27.86992073059082,3.489278242341243e-05,1.1901518106460571
1160,63.95652173913044,23,20,0.8695652173913043,-1.7966738939285278,54.72175979614258,3.7229532608762383e-05,6.734026908874512
1161,-110.85964912280703,209,206,0.9814035087719298,0.187994122505188,7.594191074371338,3.7288045859895647e-05,1.1154786348342896
1162,-105.54575163398694,204,201,0.9845424836601308,0.3358379900455475,7.9742751121521,3.4842247259803116e-05,0.351458877325058
1163,-108.53945249597425,207,204,0.9846054750402576,-0.151617169380188,7.673863410949707,3.4619824873516336e-05,0.8240221738815308
1164,63.95652173913044,23,20,0.8695652173913043,0.47012344002723694,60.6473388671875,3.4500328183639795e-05,0.6658538579940796
1165,-110.85964912280703,209,206,0.9814035087719298,0.03655160591006279,5.696540832519531,3.411003854125738e-05,0.5994071364402771
1166,-11.432989690721655,97,83,0.8556701030927835,-0.4682360887527466,15.578855514526367,3.288619700470008e-05,0.5763381719589233
1167,46.46153846153846,52,52,0.9846153846153847,-0.06817089021205902,23.27947235107422,3.1207004212774336e-05,1.2948203086853027
1168,-5.961538461538467,104,103,0.9803846153846154,-0.567327082157135,13.479591369628906,3.133879727101885e-05,2.156202793121338
1169,-9.54166666666666,96,83,0.8645833333333334,-0.8826670050621033,15.899190902709961,3.1333471270045266e-05,0.46826422214508057
1170,48.68707482993197,49,48,0.9768707482993197,-0.5243358016014099,30.052820205688477,3.154255682602525e-05,2.5602481365203857
1171,48.68707482993197,49,48,0.9768707482993197,0.6931155920028687,25.664011001586914,3.204263703082688e-05,2.209099769592285
1172,47.299319727891145,49,48,0.9629931972789115,0.4736674726009369,28.320480346679688,3.197060141246766e-05,0.20991455018520355
1173,-9.541666666666668,96,83,0.8645833333333334,0.04489696025848389,19.556873321533203,3.194171586073935e-05,0.43341419100761414
1174,-109.40064102564102,208,206,0.9859935897435897,-0.8641130924224854,6.666440963745117,4.28745879617054e-05,13.667885780334473
1175,47.299319727891145,49,48,0.9629931972789115,1.5317859649658203,34.8604850769043,4.390525646158494e-05,3.6970274448394775
1176,-108.45893719806764,207,204,0.9854106280193237,-0.5778374075889587,5.823916912078857,4.385810825624503e-05,0.40263667702674866
1177,40.95652173913043,46,40,0.8695652173913043,0.694147527217865,36.77315902709961,4.4334108679322526e-05,2.248321294784546
1178,-7.051282051282056,104,101,0.9694871794871794,0.03857412189245224,11.50930404663086,4.434734728420153e-05,0.33451327681541443
1179,-2.953795379537968,101,100,0.9804620462046204,-0.5665737390518188,10.143623352050781,4.42232376371976e-05,0.8592929840087891
1180,-4.915857605178003,103,102,0.98084142394822,-0.5390955805778503,10.589479446411133,4.3549807742238045e-05,0.6156964898109436
1181,-4.254901960784321,102,100,0.9774509803921568,-0.02256453037261963,9.224059104919434,4.363044354249723e-05,1.1109793186187744
1182,48.10204081632652,49,48,0.9710204081632653,-0.34970754384994507,18.353036880493164,4.369161979411729e-05,1.5898802280426025
1183,63.95652173913043,23,20,0.8695652173913043,-0.7139849662780762,63.76617431640625,4.396375879878178e-05,2.7585253715515137
1184,46.75163398692809,51,51,0.977516339869281,0.3168935179710388,16.196895599365234,4.4207870814716443e-05,1.643691062927246
1185,63.95652173913043,23,20,0.8695652173913043,-0.19401440024375916,58.49209213256836,4.4332748075248674e-05,0.8369470238685608
1186,63.95652173913043,23,20,0.8695652173913043,-1.1275042295455933,54.12303924560547,4.515763066592626e-05,4.269362926483154
1187,-99.21885521885523,198,196,0.9878114478114478,-0.6821277141571045,7.713371753692627,4.517190609476529e-05,0.07049629837274551
1188,46.62666666666667,50,49,0.9662666666666667,-0.07315980643033981,21.436128616333008,4.525736585492268e-05,0.5675682425498962
1189,47.26666666666666,50,49,0.9726666666666667,0.6563974618911743,24.61273765563965,4.519401045399718e-05,0.48725107312202454
1190,59.333333333333336,24,20,0.8333333333333334,0.3296371102333069,48.29052734375,4.545065894490108e-05,1.466909646987915
1191,-100.66834170854271,199,196,0.9833165829145729,-0.6360451579093933,6.83669900894165,4.5426833821693435e-05,0.6347211599349976
1192,-9.541666666666663,96,83,0.8645833333333334,0.06921947002410889,14.957554817199707,4.562482354231179e-05,1.7853392362594604
1193,63.95652173913043,23,20,0.8695652173913043,0.4268234968185425,56.86310958862305,4.562026879284531e-05,0.6020050644874573
1194,-5.961538461538464,104,103,0.9803846153846154,0.07368600368499756,11.229361534118652,4.556832936941646e-05,0.07031694054603577
1195,63.95652173913044,23,20,0.8695652173913043,1.5175659656524658,49.97428512573242,4.966942287865095e-05,7.765769004821777
1196,-102.70149253731343,201,198,0.9829850746268657,0.04450339823961258,5.120745658874512,4.9302125262329355e-05,0.05118785426020622
1197,-2.8151815181518285,101,100,0.9818481848184818,0.3630298972129822,9.343621253967285,4.9143862270284444e-05,0.5224723219871521
1198,-9.54166666666666,96,83,0.8645833333333334,0.15075217187404633,15.71289348602295,4.920413630316034e-05,0.632005512714386
1199,-9.541666666666664,96,83,0.8645833333333334,-0.2551165819168091,15.204630851745605,4.9068596126744524e-05,0.7963119745254517
1200,-102.70149253731343,201,198,0.9829850746268657,0.029759099707007408,6.8159942626953125,4.905531750409864e-05,0.45623964071273804
1201,63.95652173913043,23,20,0.8695652173913043,0.30330097675323486,56.49348449707031,4.91162390972022e-05,0.7638612985610962
1202,43.888888888888886,45,40,0.8888888888888888,0.10902027040719986,30.609140396118164,4.9079175369115546e-05,0.31233343482017517
1203,40.95652173913042,46,40,0.8695652173913043,-0.7456596493721008,29.657316207885742,4.82485193060711e-05,2.743454933166504
1204,49.36879432624113,47,46,0.9636879432624114,-0.33863142132759094,19.630931854248047,4.834291758015752e-05,1.6968086957931519
1205,-9.541666666666671,96,83,0.8645833333333334,-0.08779903501272202,15.311373710632324,4.8415913624921814e-05,0.9614446759223938
1206,-9.541666666666657,96,83,0.8645833333333334,-0.715985119342804,14.669398307800293,4.835338768316433e-05,1.8615145683288574
1207,-7.6315789473684195,95,83,0.8736842105263158,-0.27383190393447876,14.085328102111816,4.835613799514249e-05,0.17743366956710815
1208,38.1063829787234,47,40,0.851063829787234,0.06099884212017059,27.858224868774414,4.84664378745947e-05,1.493704915046692
1209,-9.541666666666664,96,83,0.8645833333333334,-0.3619893491268158,14.52225399017334,4.846101728617214e-05,0.08438239991664886
1210,40.95652173913043,46,40,0.8695652173913043,-0.8849319219589233,27.968284606933594,4.898442784906365e-05,3.3340134620666504
1211,40.95652173913043,46,40,0.8695652173913043,0.4122759997844696,28.085966110229492,4.901318970951252e-05,2.067540168762207
1212,-4.915857605178003,103,102,0.98084142394822,-0.159774050116539,10.026637077331543,4.902675573248416e-05,0.09293590486049652
1213,-100.66834170854271,199,196,0.9833165829145729,-0.12277728319168091,5.161324501037598,4.894744051853195e-05,1.309417963027954
1214,63.95652173913043,23,20,0.8695652173913043,-0.8652877807617188,58.785255432128906,4.937134508509189e-05,3.179426908493042
1215,-108.53945249597425,207,204,0.9846054750402576,0.04634161666035652,5.538090229034424,4.893837831332348e-05,0.38903623819351196
1216,40.95652173913043,46,40,0.8695652173913043,0.1867101639509201,27.707944869995117,4.900939893559553e-05,0.7364609241485596
1217,48.10204081632652,49,48,0.9710204081632653,0.22477349638938904,21.16529655456543,4.805311618838459e-05,0.31741002202033997
1218,40.95652173913044,46,40,0.8695652173913043,-0.3876767158508301,29.899396896362305,4.228550096740946e-05,1.6877143383026123
1219,-105.54575163398692,204,201,0.9845424836601308,-0.023445622995495796,6.547713756561279,4.205443474347703e-05,0.2679780125617981
1220,46.75163398692809,51,51,0.977516339869281,0.007851378992199898,17.034849166870117,4.204192373435944e-05,0.2589688003063202
1221,-11.432989690721657,97,83,0.8556701030927835,-0.18253754079341888,16.57261085510254,4.214061118545942e-05,0.9265991449356079
1222,40.95652173913042,46,40,0.8695652173913043,-0.591852605342865,27.824710845947266,4.2201925680274144e-05,1.516060471534729
1223,-7.6315789473684195,95,83,0.8736842105263158,-0.5719047784805298,14.206146240234375,4.223321229801513e-05,1.1668953895568848
1224,-107.9243156199678,207,206,0.990756843800322,-0.3431752324104309,5.677919387817383,4.201203046250157e-05,0.1473529189825058
1225,-4.25490196078432,102,100,0.9774509803921568,-0.6049785614013672,10.521078109741211,4.2265131924068555e-05,2.580294370651245
1226,-7.1079365079365076,105,104,0.978920634920635,-0.568862795829773,8.551910400390625,4.232790888636373e-05,0.9912487268447876
1227,-4.915857605178006,103,102,0.98084142394822,-0.43046945333480835,8.960989952087402,4.182110205874778e-05,0.7513138651847839
1228,43.893081761006286,53,52,0.9689308176100629,-0.009392015635967255,19.906435012817383,4.19768548454158e-05,1.2091002464294434
1229,-106.9479674796748,205,202,0.980520325203252,-0.1371518075466156,6.825352668762207,3.4853957913583145e-05,0.5415670275688171
1230,-4.9158576051780045,103,102,0.98084142394822,-0.14335410296916962,9.157255172729492,3.4852408134611323e-05,0.31717002391815186
1231,-105.44117647058823,204,202,0.9855882352941177,0.0669926181435585,6.557845592498779,3.47308159689419e-05,0.10046902298927307
1232,-2.815181518151827,101,100,0.9818481848184818,0.18426983058452606,10.502202987670898,3.473314063739963e-05,0.07606056332588196
1233,-104.76026272577998,203,200,0.9823973727422003,-0.3522782623767853,6.611560344696045,2.9596241802209988e-05,0.061731308698654175
1234,-4.592233009708753,103,102,0.9840776699029126,0.15768547356128693,11.700200080871582,2.9590239137178287e-05,0.3717208802700043
1235,40.95652173913043,46,40,0.8695652173913043,-0.04268433526158333,30.61985969543457,2.959041557915043e-05,0.05747956037521362
1236,-9.54166666666666,96,83,0.8645833333333334,-0.8744267225265503,14.15575885772705,2.9724236810579896e-05,1.7455997467041016
1237,49.36879432624113,47,46,0.9636879432624114,-0.5573163032531738,18.590747833251953,2.9910866942373104e-05,2.036280632019043
1238,46.564102564102555,52,52,0.9856410256410256,-0.5890935659408569,15.853838920593262,2.9921111490693875e-05,0.46476829051971436
1239,43.888888888888886,45,40,0.8888888888888888,-1.8943248987197876,29.65496253967285,3.237663986510597e-05,7.016911029815674
1240,-106.9479674796748,205,202,0.980520325203252,-0.48560482263565063,6.0891947746276855,3.2383490179199725e-05,0.07517729699611664
1241,-9.043613707165111,107,105,0.979563862928349,-0.08350951224565506,11.442606925964355,3.2024920074036345e-05,0.6847195029258728
1242,-7.631578947368414,95,83,0.8736842105263158,-0.3057308793067932,15.391111373901367,3.198179183527827e-05,0.5806500315666199
1243,40.95652173913043,46,40,0.8695652173913043,-0.5001257658004761,31.10982894897461,3.234180258004926e-05,2.8419079780578613
1244,-9.541666666666663,96,83,0.8645833333333334,0.20495951175689697,15.46150016784668,3.2459418434882537e-05,1.040414810180664
1245,47.62585034013605,49,48,0.9662585034013605,0.35154032707214355,18.87368392944336,0.0002864598936866969,64.3995590209961
1246,-9.541666666666666,96,83,0.8645833333333334,-0.27928322553634644,15.57412052154541,0.00028617819771170616,0.5542508959770203
1247,-5.961538461538458,104,103,0.9803846153846154,0.15874899923801422,11.640914916992188,0.0002861670800484717,0.048444222658872604
1248,-105.54575163398694,204,201,0.9845424836601308,-0.40819087624549866,7.175657749176025,0.0002861413231585175,0.32461071014404297
1249,-110.85964912280701,209,206,0.9814035087719298,-0.4810730218887329,6.011031627655029,0.0002860875683836639,0.3857351839542389
1250,-9.541666666666668,96,83,0.8645833333333334,-0.816765546798706,14.677846908569336,0.000286401977064088,2.402501344680786
1251,63.95652173913044,23,20,0.8695652173913043,-0.9460123777389526,53.65156555175781,0.0002872014883905649,5.400131702423096
1252,40.95652173913043,46,40,0.8695652173913043,-0.028095977380871773,31.17484474182129,0.0002871296601369977,0.20282332599163055
1253,-4.915857605178003,103,102,0.98084142394822,0.23386269807815552,9.68856143951416,0.0002870965108741075,0.2958747148513794
1254,40.95652173913044,46,40,0.8695652173913043,-0.377798855304718,29.9520206451416,0.0002872163604479283,1.76016366481781
1255,40.95652173913043,46,40,0.8695652173913043,0.9207549691200256,30.854835510253906,0.0002877087099477649,2.767228841781616
1256,63.95652173913043,23,20,0.8695652173913043,-0.00951492041349411,56.63509750366211,0.0002875625214073807,1.2643612623214722
1257,-102.70149253731344,201,198,0.9829850746268657,-0.08180053532123566,4.216256141662598,0.00028754316736012697,0.21418394148349762
1258,-103.45214521452145,202,200,0.9854785478547855,-0.006149704102426767,5.5790019035339355,0.0002874048368539661,0.32053276896476746
1259,-9.541666666666664,96,83,0.8645833333333334,-0.6551192402839661,18.17072296142578,0.0002873777411878109,0.9398043155670166
1260,46.46153846153846,52,52,0.9846153846153847,-0.5240533947944641,24.277368545532227,0.00028470277902670205,1.3777422904968262
1261,-9.541666666666663,96,83,0.8645833333333334,-0.366235613822937,15.460258483886719,0.00028461264446377754,0.19133104383945465
1262,-108.53945249597425,207,204,0.9846054750402576,-0.012786613777279854,6.483597278594971,0.00028462897171266377,0.551384449005127
1263,59.333333333333336,24,20,0.8333333333333334,1.33552885055542,49.57928466796875,0.0002853020851034671,3.460775852203369
1264,63.95652173913043,23,20,0.8695652173913043,-2.315302610397339,69.92168426513672,0.0002948885958176106,12.47900104522705
1265,48.68707482993197,49,48,0.9768707482993197,-0.49201029539108276,26.75412368774414,0.00029641008586622775,5.094537258148193
1266,-2.953795379537968,101,100,0.9804620462046204,-0.058718983083963394,10.727005958557129,0.0002964324376080185,0.679157555103302
1267,40.95652173913042,46,40,0.8695652173913043,0.03354175388813019,27.542888641357422,0.00029637888655997813,0.9238329529762268
1268,40.95652173913043,46,40,0.8695652173913043,-0.6661689877510071,29.44734764099121,0.00029618365806527436,1.1407133340835571
1269,47.266666666666666,50,49,0.9726666666666667,0.45646387338638306,16.43855857849121,0.0002964150335174054,1.910370945930481
1270,40.95652173913043,46,40,0.8695652173913043,-0.515072226524353,29.07440948486328,0.0002960259735118598,0.15136650204658508
1271,-4.915857605177994,103,102,0.98084142394822,0.06301376968622208,9.507182121276855,0.00029581697890534997,1.2503583431243896
1272,-9.54166666666666,96,83,0.8645833333333334,-0.15942363440990448,15.697265625,0.0002958726545330137,0.8940448760986328
1273,-7.631578947368416,95,83,0.8736842105263158,0.15496397018432617,15.941730499267578,0.00029599605477415025,1.4626284837722778
1274,40.95652173913043,46,40,0.8695652173913043,-0.04935729131102562,28.565963745117188,0.00028461491456255317,0.2487701177597046
1275,63.95652173913042,23,20,0.8695652173913043,0.19644753634929657,57.110992431640625,0.0002838538493961096,1.174559473991394
1276,40.95652173913044,46,40,0.8695652173913043,-0.09592468291521072,28.65578269958496,0.00028387721977196634,0.7456266283988953
1277,40.95652173913044,46,40,0.8695652173913043,-0.010708650574088097,28.186899185180664,0.0002835517516359687,0.3537222445011139
1278,63.95652173913044,23,20,0.8695652173913043,-0.9295470118522644,49.840633392333984,0.00028384802863001823,2.319552421569824
1279,-9.541666666666664,96,83,0.8645833333333334,-0.06477151811122894,16.074058532714844,0.0002838460495695472,0.5947425961494446
1280,63.95652173913043,23,20,0.8695652173913043,0.29366105794906616,55.72583770751953,0.00028400003793649375,1.580110788345337
1281,-103.45214521452145,202,200,0.9854785478547855,0.3976433277130127,6.441310882568359,0.0002839199732989073,0.2025597095489502
1282,-3.422442244224429,101,99,0.9757755775577558,0.20073266327381134,11.673588752746582,0.0002838273940142244,0.9426683187484741
1283,-3.7647058823529536,102,101,0.9823529411764705,0.44283631443977356,10.892840385437012,0.00028338420088402927,0.25226739048957825
1284,47.266666666666666,50,49,0.9726666666666667,1.1978734731674194,25.588808059692383,0.0002832881873473525,1.0483348369598389
1285,-7.631578947368409,95,83,0.8736842105263158,-0.2531418204307556,15.615105628967285,0.00028325695893727243,0.5955798625946045
1286,59.333333333333336,24,20,0.8333333333333334,0.20210301876068115,59.66913986206055,0.00028229347663000226,1.47988760471344
1287,47.62585034013605,49,48,0.9662585034013605,-0.24929095804691315,19.509973526000977,0.0002825310511980206,1.964653730392456
1288,63.95652173913043,23,20,0.8695652173913043,1.5170477628707886,49.830665588378906,0.00028495475999079645,6.335181713104248
1289,40.95652173913043,46,40,0.8695652173913043,0.07739239186048508,28.60501480102539,0.00028500607004389167,1.0632610321044922
1290,-3.422442244224424,101,99,0.9757755775577558,-0.4980877935886383,9.871334075927734,0.00028496122104115784,1.0468984842300415
1291,-2.815181518151826,101,100,0.9818481848184818,-0.3270622491836548,8.787110328674316,0.0002850507153198123,1.3329709768295288
1292,63.95652173913044,23,20,0.8695652173913043,0.1311204731464386,52.7540397644043,0.0002848706499207765,0.3991588056087494
1293,-6.480769230769241,104,102,0.9751923076923077,-0.14012837409973145,10.757742881774902,0.00028499576728791,1.5708401203155518
1294,40.95652173913044,46,40,0.8695652173913043,-1.047663688659668,29.2982234954834,0.00028590610600076616,3.8211328983306885
1295,43.888888888888886,45,40,0.8888888888888888,0.23301655054092407,27.624296188354492,0.0002822372189257294,1.0851588249206543
1296,43.893081761006286,53,52,0.9689308176100629,-0.31646931171417236,17.55670738220215,0.00028229752206243575,1.0476760864257812
1297,-9.541666666666663,96,83,0.8645833333333334,-0.6465463042259216,13.080728530883789,0.00028233430930413306,0.95615154504776
1298,48.68707482993197,49,48,0.9768707482993197,0.0034744106233119965,20.72623634338379,0.0002824143448378891,1.438137412071228
1299,-9.541666666666668,96,83,0.8645833333333334,-0.40705183148384094,13.96092414855957,0.0002824262192007154,0.9219004511833191
1300,-5.702127659574463,94,83,0.8829787234042553,0.0825352892279625,13.407380104064941,0.00028248527087271214,0.9356460571289062
1301,-7.631578947368412,95,83,0.8736842105263158,-0.3302651047706604,15.256383895874023,0.00028246353031136096,0.7150018215179443
1302,47.266666666666666,50,49,0.9726666666666667,1.3493515253067017,21.490127563476562,0.0002831359743140638,3.240905284881592
1303,-9.541666666666668,96,83,0.8645833333333334,-0.7600268125534058,15.579310417175293,0.00028302380815148354,2.3765416145324707
1304,-5.317152103559877,103,101,0.9768284789644013,0.1410118192434311,14.36535930633545,0.00028292619390413165,0.992594301700592
1305,63.95652173913043,23,20,0.8695652173913043,0.16559220850467682,51.389610290527344,0.00028294301591813564,1.0905474424362183
1306,40.95652173913042,46,40,0.8695652173913043,0.2943614721298218,30.136781692504883,0.00028274214128032327,0.27132633328437805
1307,47.266666666666666,50,49,0.9726666666666667,1.2987465858459473,19.258569717407227,0.00028333632508292794,3.1077208518981934
1308,-102.70149253731344,201,198,0.9829850746268657,-0.26336485147476196,5.015623092651367,0.00028320038109086454,0.09805794060230255
1309,46.75163398692809,51,51,0.977516339869281,0.16367684304714203,18.610807418823242,0.00028320009005255997,0.048207350075244904
1310,-2.9537953795379646,101,100,0.9804620462046204,-0.5422728657722473,8.979386329650879,0.00028270232724025846,1.7459824085235596
1311,59.333333333333336,24,20,0.8333333333333334,0.519392728805542,48.05861282348633,0.00028270125039853156,2.0644571781158447
1312,-100.66834170854271,199,196,0.9833165829145729,-0.2502712309360504,4.803183078765869,0.0002828872238751501,1.744384527206421
1313,40.95652173913044,46,40,0.8695652173913043,-0.3325769007205963,29.222082138061523,0.0002828296273946762,0.884516716003418
1314,-6.480769230769238,104,102,0.9751923076923077,-0.2029263973236084,8.841711044311523,0.00028220642707310617,0.4999445378780365
1315,63.95652173913043,23,20,0.8695652173913043,0.09277109056711197,53.83552932739258,0.0002824769471772015,2.1696205139160156
1316,59.333333333333336,24,20,0.8333333333333334,0.9554332494735718,50.108882904052734,0.00028302596183493733,3.1400558948516846
1317,40.95652173913043,46,40,0.8695652173913043,-0.6347032189369202,29.94855308532715,0.000283449306152761,2.543951988220215
1318,40.95652173913043,46,40,0.8695652173913043,-1.751685619354248,28.435747146606445,0.00028683518758043647,7.572990894317627
1319,-7.631578947368408,95,83,0.8736842105263158,-0.5346936583518982,20.16304588317871,0.00028695943183265626,1.432921051979065
1320,40.95652173913044,46,40,0.8695652173913043,0.13649357855319977,31.573259353637695,0.0002870149037335068,0.9482386708259583
1321,-9.541666666666663,96,83,0.8645833333333334,-0.521079421043396,15.059803009033203,0.00028705093427561224,1.2142330408096313
1322,47.13333333333333,50,49,0.9713333333333334,0.12593993544578552,19.497346878051758,0.0002870701136998832,1.6107454299926758
1323,-9.043613707165113,107,105,0.979563862928349,-0.01971585862338543,9.989093780517578,0.0002870229072868824,0.8289355039596558
1324,40.95652173913043,46,40,0.8695652173913043,-0.5633445382118225,31.54730796813965,0.00028732631471939385,2.167985677719116
1325,-9.541666666666666,96,83,0.8645833333333334,-0.7581769227981567,15.738094329833984,0.00028731580823659897,2.532860279083252
1326,46.73333333333334,50,49,0.9673333333333334,-0.4309782385826111,18.08884048461914,0.0002875387144740671,1.8579086065292358
1327,-110.85964912280703,209,206,0.9814035087719298,0.13624444603919983,6.624331951141357,0.00028750664205290377,0.14771004021167755
1328,40.95652173913043,46,40,0.8695652173913043,0.16727009415626526,30.10054588317871,0.0002874359197448939,0.4874340891838074
1329,-5.718446601941757,103,101,0.9728155339805825,0.22925721108913422,11.757497787475586,0.0002874828933272511,1.0232913494110107
1330,47.266666666666666,50,49,0.9726666666666667,0.4251141846179962,18.408184051513672,0.0002875155187211931,0.7768536806106567
1331,47.62585034013605,49,48,0.9662585034013605,-0.33867156505584717,19.089519500732422,0.0002876160142477602,1.285055160522461
1332,40.95652173913044,46,40,0.8695652173913043,0.04428533837199211,28.8831729888916,0.0002876401995308697,0.6336471438407898
1333,40.95652173913043,46,40,0.8695652173913043,-0.3157324492931366,33.50131607055664,0.00028766068862751126,0.5383914709091187
1334,-7.631578947368412,95,83,0.8736842105263158,-0.7251933813095093,13.496407508850098,0.00028777672559954226,1.4062501192092896
1335,59.33333333333333,24,20,0.8333333333333334,-0.0562998466193676,52.06398010253906,0.000287824310362339,0.8773162364959717
1336,-99.21885521885523,198,196,0.9878114478114478,-0.1797778159379959,6.128072738647461,0.0002876361832022667,0.15717117488384247
1337,43.893081761006286,53,52,0.9689308176100629,0.06404800713062286,19.71575164794922,0.0002873811754398048,0.3829420506954193
1338,46.73333333333333,50,49,0.9673333333333334,0.12192512303590775,21.61391258239746,0.00028739983099512756,0.08874191343784332
1339,-105.54575163398692,204,201,0.9845424836601308,-0.2654125988483429,6.986504077911377,0.0002843282127287239,0.5738183259963989
1340,-108.53945249597425,207,204,0.9846054750402576,-0.2960061728954315,5.260660171508789,0.0002843286783900112,0.12644241750240326
1341,46.56410256410256,52,52,0.9856410256410256,0.14840854704380035,15.95722770690918,0.0002844253904186189,1.4828517436981201
1342,63.95652173913043,23,20,0.8695652173913043,1.0651873350143433,50.35701370239258,0.00028511486016213894,3.557082176208496
1343,40.95652173913044,46,40,0.8695652173913043,0.06373532116413116,28.17313575744629,0.0002845627022907138,0.5269726514816284
1344,-3.4224422442244293,101,99,0.9757755775577558,-0.2746638357639313,11.173876762390137,0.0002845224807970226,0.10096574574708939
1345,63.95652173913044,23,20,0.8695652173913043,0.7904497981071472,38.26972579956055,3.2147181627806276e-05,4.037014007568359
1346,-3.422442244224422,101,99,0.9757755775577558,-0.2803906500339508,10.823199272155762,3.213353193132207e-05,0.029539894312620163
1347,-9.541666666666668,96,83,0.8645833333333334,-0.35410618782043457,14.780261993408203,3.2152751373359933e-05,0.4836598336696625
1348,-108.53945249597425,207,204,0.9846054750402576,-0.7369471788406372,5.5964274406433105,3.2142928830580786e-05,0.08195909857749939
1349,-2.8151815181518294,101,100,0.9818481848184818,0.23242320120334625,9.391397476196289,3.213932359358296e-05,0.26923859119415283
1350,40.95652173913043,46,40,0.8695652173913043,-0.18611259758472443,27.763792037963867,3.190650750184432e-05,1.3586674928665161
1351,-9.541666666666659,96,83,0.8645833333333334,0.08056984841823578,15.44694995880127,3.018423194589559e-05,0.8840787410736084
1352,-7.1079365079365076,105,104,0.978920634920635,-0.02890516072511673,10.610349655151367,3.019828363903798e-05,0.5203964114189148
1353,-9.541666666666664,96,83,0.8645833333333334,-0.23335188627243042,14.461917877197266,3.0195013096090406e-05,0.1795465350151062
1354,-9.541666666666664,96,83,0.8645833333333334,-0.3136133849620819,15.66731071472168,3.003959500347264e-05,0.765173077583313
1355,-9.541666666666657,96,83,0.8645833333333334,0.07458360493183136,12.509763717651367,2.9682852982659824e-05,1.3635684251785278
1356,-104.9376026272578,203,200,0.980623973727422,-0.12968918681144714,6.093784332275391,2.9602411814266816e-05,0.5578075647354126
1357,40.95652173913044,46,40,0.8695652173913043,0.07318423688411713,31.672521591186523,2.9602402719319798e-05,0.2144676297903061
1358,-7.631578947368414,95,83,0.8736842105263158,0.18995429575443268,16.67382049560547,2.9747028747806326e-05,1.5816932916641235
1359,-9.541666666666659,96,83,0.8645833333333334,-0.0783919170498848,13.9127836227417,2.9689357688766904e-05,0.051221758127212524
1360,46.626666666666665,50,49,0.9662666666666667,-0.6353833675384521,19.03876304626465,2.9691975214518607e-05,1.349299430847168
1361,-2.9537953795379615,101,100,0.9804620462046204,-0.07236777245998383,9.75536060333252,2.9690492738154717e-05,0.13849423825740814
1362,43.888888888888886,45,40,0.8888888888888888,-0.23398390412330627,32.08449172973633,2.9776047085761093e-05,1.2964590787887573
1363,40.95652173913044,46,40,0.8695652173913043,0.05012523755431175,30.485919952392578,2.910599323513452e-05,1.128497838973999
1364,47.62585034013605,49,48,0.9662585034013605,-0.46722108125686646,15.65855598449707,1.9580329535529017e-05,1.2044157981872559
1365,-105.54575163398692,204,201,0.9845424836601308,0.04262812063097954,5.2730607986450195,1.791976137610618e-05,0.15061761438846588
1366,63.95652173913043,23,20,0.8695652173913043,1.9217017889022827,52.032135009765625,1.9655864889500663e-05,5.4823527336120605
1367,63.95652173913044,23,20,0.8695652173913043,1.331001877784729,49.00592803955078,2.1209771148278378e-05,5.268138885498047
1368,-9.541666666666664,96,83,0.8645833333333334,-0.38783738017082214,14.529428482055664,2.1098219804116525e-05,0.4440268278121948
1369,43.88888888888888,45,40,0.8888888888888888,-0.7918487787246704,29.007658004760742,2.1370577087509446e-05,2.495999574661255
1370,-7.051282051282065,104,101,0.9694871794871794,-0.09673384577035904,9.338971138000488,2.143039819202386e-05,1.237716794013977
1371,48.68707482993197,49,48,0.9768707482993197,0.18412962555885315,22.664600372314453,2.1385509171523154e-05,0.8132197260856628
1372,48.10204081632652,49,48,0.9710204081632653,-0.02552618272602558,19.998615264892578,2.155798392777797e-05,1.6340558528900146
1373,46.564102564102555,52,52,0.9856410256410256,0.13226623833179474,13.674553871154785,2.1605506844935007e-05,1.733169674873352
1374,40.95652173913043,46,40,0.8695652173913043,-0.29594892263412476,29.237728118896484,2.1748346625827253e-05,1.4106999635696411
1375,63.95652173913044,23,20,0.8695652173913043,0.8081815242767334,54.534759521484375,2.1944586478639394e-05,2.2165915966033936
1376,-4.915857605178003,103,102,0.98084142394822,-0.21562069654464722,10.176812171936035,2.1958474462735467e-05,0.8611732125282288
1377,40.95652173913044,46,40,0.8695652173913043,-0.2796275317668915,33.74333953857422,2.1947485947748646e-05,0.1414588838815689
1378,-2.953795379537959,101,100,0.9804620462046204,-0.4840787649154663,9.660497665405273,2.1570995158981532e-05,0.21242085099220276
1379,-109.9326923076923,208,204,0.9806730769230769,-0.10262037813663483,5.44094705581665,2.1592415578197688e-05,0.9078153967857361
1380,40.95652173913043,46,40,0.8695652173913043,-0.10234752297401428,24.680978775024414,2.149133251805324e-05,0.7247596979141235
1381,-3.4224422442244298,101,99,0.9757755775577558,-0.2530497908592224,10.485794067382812,2.1510059013962746e-05,0.3684423863887787
1382,46.75163398692809,51,51,0.977516339869281,-0.22651590406894684,14.871686935424805,2.1480864234035835e-05,0.7081139087677002
1383,40.95652173913043,46,40,0.8695652173913043,-0.35190486907958984,34.77296447753906,2.1561092580668628e-05,0.9636841416358948
1384,63.95652173913043,23,20,0.8695652173913043,-0.3999684453010559,61.430274963378906,2.154951471311506e-05,0.6038148403167725
1385,46.73333333333333,50,49,0.9673333333333334,0.3365127742290497,19.777666091918945,2.1551026293309405e-05,0.9412051439285278
1386,-105.54575163398692,204,201,0.9845424836601308,0.5441259741783142,7.27453088760376,2.1661677237716503e-05,2.045407772064209
1387,63.95652173913043,23,20,0.8695652173913043,-0.4482010006904602,84.45693969726562,2.2973881641519256e-05,4.816788673400879
1388,-7.631578947368416,95,83,0.8736842105263158,-0.16913418471813202,23.97081756591797,2.084560037474148e-05,2.1074700355529785
1389,46.62666666666667,50,49,0.9662666666666667,0.5241838097572327,45.3092155456543,2.0778923499165103e-05,0.054304786026477814
1390,-104.9376026272578,203,200,0.980623973727422,-0.243245929479599,7.863218307495117,2.070890877803322e-05,0.02136055938899517
1391,46.73333333333333,50,49,0.9673333333333334,0.5681330561637878,39.16220474243164,2.060445876850281e-05,0.3725837469100952
1392,-9.541666666666668,96,83,0.8645833333333334,-0.6141147017478943,21.015539169311523,2.0631501683965325e-05,0.7299569845199585
1393,-9.541666666666659,96,83,0.8645833333333334,-0.6155512928962708,17.273828506469727,2.050130751740653e-05,0.5635520219802856
1394,-99.21885521885523,198,196,0.9878114478114478,-1.0914968252182007,5.010250091552734,1.9593675460782833e-05,0.29575493931770325
1395,-7.631578947368415,95,83,0.8736842105263158,-0.9762656092643738,15.214235305786133,1.9549097487470135e-05,0.6427106857299805
1396,-4.254901960784321,102,100,0.9774509803921568,-0.940977931022644,10.190908432006836,1.9529066776158288e-05,0.8870745897293091
1397,59.333333333333336,24,20,0.8333333333333334,0.06406078487634659,57.31354522705078,1.9953738956246525e-05,2.881816864013672
1398,-3.422442244224429,101,99,0.9757755775577558,-0.8287109732627869,11.482346534729004,1.9819082808680832e-05,0.49509191513061523
1399,43.893081761006286,53,52,0.9689308176100629,-0.6591625809669495,16.87994956970215,1.9783845345955342e-05,0.5897026658058167
1400,63.95652173913043,23,20,0.8695652173913043,0.5652220249176025,65.9350814819336,1.9937431716243736e-05,1.8925120830535889
1401,-105.54575163398692,204,201,0.9845424836601308,-0.6014289855957031,5.120596408843994,1.989617339859251e-05,0.293924480676651
1402,-104.1881188118812,202,198,0.9781188118811881,-0.6810961961746216,4.727654457092285,1.929893005581107e-05,0.23069146275520325
1403,-104.9376026272578,203,200,0.980623973727422,-0.38376277685165405,5.188498497009277,1.891981992230285e-05,0.09736251831054688
1404,-9.541666666666663,96,83,0.8645833333333334,0.15684285759925842,17.847517013549805,1.9036824596696533e-05,1.751189112663269
1405,46.626666666666665,50,49,0.9662666666666667,-0.2943377196788788,31.481124877929688,1.897869151434861e-05,0.12585724890232086
1406,-7.051282051282065,104,101,0.9694871794871794,-0.2342664897441864,12.442752838134766,1.900412462418899e-05,0.5521305799484253
1407,-5.317152103559871,103,101,0.9768284789644013,-0.1383206695318222,11.665966987609863,1.8498893041396514e-05,0.8779608607292175
1408,40.95652173913043,46,40,0.8695652173913043,0.49084559082984924,31.621623992919922,1.9114993847324513e-05,3.2504074573516846
1409,-9.043613707165115,107,105,0.979563862928349,-0.4394845962524414,15.84030818939209,1.9126413462799974e-05,0.5589560270309448
1410,-2.815181518151827,101,100,0.9818481848184818,-0.06237988546490669,11.653291702270508,1.8918257410405204e-05,0.16899818181991577
1411,49.36879432624113,47,46,0.9636879432624114,-0.048612359911203384,21.103031158447266,1.8685037503018975e-05,0.0652155801653862
1412,-7.051282051282063,104,101,0.9694871794871794,-0.3651205003261566,11.82104778289795,1.8602844647830352e-05,1.2049543857574463
1413,-4.533980582524282,103,102,0.9846601941747573,-0.10507386177778244,14.117782592773438,1.8633980289450847e-05,1.116814136505127
1414,43.888888888888886,45,40,0.8888888888888888,1.4567185640335083,31.131879806518555,2.0018307623104192e-05,4.864022254943848
1415,-102.70149253731344,201,198,0.9829850746268657,0.027981553226709366,5.970963001251221,1.977713873202447e-05,0.4319998621940613
1416,59.333333333333336,24,20,0.8333333333333334,-1.301396369934082,61.004703521728516,2.1537036445806734e-05,6.112579822540283
1417,63.95652173913043,23,20,0.8695652173913043,-0.2503857910633087,54.878387451171875,2.1258678316371515e-05,1.4112555980682373
1418,-99.21885521885523,198,196,0.9878114478114478,-0.273339182138443,8.445281028747559,1.7681999452179298e-05,0.38974854350090027
1419,40.95652173913043,46,40,0.8695652173913043,-1.280646562576294,36.32814407348633,1.8037135305348784e-05,2.753863573074341
1420,-3.764705882352947,102,101,0.9823529411764705,-0.3596634566783905,12.66236686706543,1.801206417439971e-05,0.5227411389350891
1421,-109.93269230769232,208,204,0.9806730769230769,0.01953887939453125,6.480518817901611,1.7933280105353333e-05,0.5395102500915527
1422,63.95652173913042,23,20,0.8695652173913043,0.42874541878700256,52.37295150756836,1.796590004232712e-05,1.7743607759475708
1423,63.95652173913043,23,20,0.8695652173913043,-0.6886049509048462,55.75796890258789,1.8586119040264748e-05,3.21044921875
1424,-7.631578947368416,95,83,0.8736842105263158,0.08338679373264313,19.085905075073242,1.8399687178316526e-05,1.3194822072982788
1425,-5.317152103559877,103,101,0.9768284789644013,0.5341320633888245,13.84366512298584,1.801201142370701e-05,0.576213538646698
1426,40.95652173913043,46,40,0.8695652173913043,0.24332870543003082,32.14466094970703,1.7831745935836807e-05,0.982540488243103
1427,-7.631578947368421,95,83,0.8736842105263158,-0.14980018138885498,19.62480926513672,1.791929935279768e-05,1.1084586381912231
1428,40.95652173913042,46,40,0.8695652173913043,-0.8003774881362915,29.161365509033203,1.8125954738934524e-05,1.8114644289016724
1429,-105.44117647058823,204,202,0.9855882352941177,0.42254045605659485,6.420868396759033,1.8085245756083168e-05,0.5821951627731323
1430,-105.44117647058825,204,202,0.9855882352941177,0.21036085486412048,6.144707679748535,1.8048907804768533e-05,0.3245123326778412
1431,38.10638297872341,47,40,0.851063829787234,-0.5464587211608887,27.914186477661133,1.7957720046979375e-05,0.14394186437129974
1432,47.62585034013605,49,48,0.9662585034013605,-0.8013342618942261,31.8225154876709,1.795192110876087e-05,0.4681371748447418
1433,-104.9376026272578,203,200,0.980623973727422,0.30208587646484375,6.3755340576171875,1.7938087694346905e-05,0.36912447214126587
1434,-9.541666666666664,96,83,0.8645833333333334,-0.0503925085067749,20.082000732421875,1.7927082808455452e-05,1.3432954549789429
1435,-108.53945249597425,207,204,0.9846054750402576,0.2861839830875397,7.111200332641602,1.787677865650039e-05,0.17320962250232697
1436,-105.54575163398692,204,201,0.9845424836601308,0.7653523683547974,9.170584678649902,1.7926357031683438e-05,0.9588984251022339
1437,40.95652173913044,46,40,0.8695652173913043,1.3904882669448853,47.45778274536133,1.812250957300421e-05,1.8796156644821167
1438,-7.631578947368418,95,83,0.8736842105263158,0.5069780349731445,25.34851837158203,1.819825774873607e-05,1.0394153594970703
1439,-108.53945249597423,207,204,0.9846054750402576,0.39386746287345886,6.717256546020508,1.8227701730211265e-05,1.0178133249282837
1440,63.95652173913044,23,20,0.8695652173913043,-0.9448829293251038,85.47293853759766,2.221549402747769e-05,8.006427764892578
1441,47.13333333333333,50,49,0.9713333333333334,0.2405141443014145,29.31172752380371,2.2078909751144238e-05,0.07739056646823883
1442,-105.44117647058825,204,202,0.9855882352941177,-0.43226608633995056,4.712204456329346,2.1287096387823112e-05,0.25543180108070374
1443,63.95652173913042,23,20,0.8695652173913043,-0.6634331345558167,56.612056732177734,2.1275294784572907e-05,0.44755327701568604
1444,-6.480769230769237,104,102,0.9751923076923077,-0.6270285844802856,12.606258392333984,2.1292644305503927e-05,0.4715888500213623
1445,-7.631578947368418,95,83,0.8736842105263158,-1.0085996389389038,13.760383605957031,2.0249422959750518e-05,0.1628505140542984
1446,40.95652173913044,46,40,0.8695652173913043,-0.08313605189323425,32.67491912841797,2.0914014385198243e-05,3.201206684112549
1447,-7.631578947368409,95,83,0.8736842105263158,-1.081870436668396,16.50127601623535,2.093101829814259e-05,0.8401511311531067
1448,63.95652173913043,23,20,0.8695652173913043,-0.9906105399131775,54.54231643676758,2.0931081962771714e-05,0.048228442668914795
1449,-5.110032362459556,103,101,0.9788996763754045,-0.6563120484352112,12.007047653198242,2.0947067241650075e-05,0.6247709393501282
1450,43.893081761006286,53,52,0.9689308176100629,-0.18676310777664185,21.174097061157227,2.08714136533672e-05,0.7173941135406494
1451,-9.541666666666659,96,83,0.8645833333333334,-0.7759591341018677,17.016386032104492,2.0902289179502986e-05,1.2910858392715454
1452,40.95652173913043,46,40,0.8695652173913043,-0.379566490650177,34.53462600708008,2.0882152966805734e-05,0.14268644154071808
1453,-5.7021276595744705,94,83,0.8829787234042553,-0.594991147518158,15.741150856018066,2.088764085783623e-05,0.41192787885665894
1454,-9.541666666666664,96,83,0.8645833333333334,-0.6286855936050415,15.04438304901123,2.0860868971794844e-05,0.17196226119995117
1455,40.95652173913044,46,40,0.8695652173913043,-0.13911524415016174,29.67021369934082,2.0728624804178253e-05,0.010389023460447788
1456,40.95652173913044,46,40,0.8695652173913043,-0.9855034351348877,29.14204978942871,2.1036075850133784e-05,2.4646730422973633
1457,48.10204081632652,49,48,0.9710204081632653,-0.05363022908568382,15.839253425598145,2.1076550183352083e-05,0.7443801760673523
1458,43.88888888888889,45,40,0.8888888888888888,-0.3081583082675934,30.48181915283203,2.0916189896524884e-05,0.4674425423145294
1459,47.133333333333326,50,49,0.9713333333333334,-0.40158727765083313,22.561386108398438,2.0966859665350057e-05,0.7668316960334778
1460,-7.631578947368412,95,83,0.8736842105263158,-0.38134801387786865,16.49700927734375,2.092038994305767e-05,0.7249005436897278
1461,48.68707482993197,49,48,0.9768707482993197,0.26820096373558044,23.401103973388672,2.096146454277914e-05,0.7385231852531433
1462,47.62585034013605,49,48,0.9662585034013605,-0.33282536268234253,20.17365837097168,2.087611392198596e-05,0.2670961022377014
1463,-4.5922330097087505,103,102,0.9840776699029126,0.2084396481513977,12.486289024353027,2.081438469758723e-05,0.15048228204250336
1464,63.95652173913043,23,20,0.8695652173913043,-1.5161583423614502,63.27642059326172,2.2604624973610044e-05,5.612772464752197
1465,-7.631578947368421,95,83,0.8736842105263158,-0.615628719329834,13.897771835327148,2.2610011001233943e-05,0.5514473915100098
1466,63.95652173913044,23,20,0.8695652173913043,-0.18376046419143677,50.938941955566406,2.0675552150350995e-05,0.9482007026672363
1467,63.95652173913043,23,20,0.8695652173913043,-1.3084495067596436,46.47028350830078,1.995371530938428e-05,4.591081142425537
1468,47.299319727891145,49,48,0.9629931972789115,-0.05345749482512474,17.12401580810547,2.0001596567453817e-05,0.8525367975234985
1469,-103.45214521452145,202,200,0.9854785478547855,-1.313670039176941,12.67172622680664,1.973469443328213e-05,0.7524974346160889
1470,-9.043613707165111,107,105,0.979563862928349,-0.5907435417175293,13.707887649536133,1.9596445781644434e-05,0.5700156092643738
1471,-7.631578947368421,95,83,0.8736842105263158,0.3626687526702881,15.339442253112793,1.9913386495318264e-05,2.2328646183013916
1472,-7.631578947368414,95,83,0.8736842105263158,-0.004133798647671938,19.28506851196289,1.9804696421488188e-05,0.5583189725875854
1473,46.75163398692809,51,51,0.977516339869281,0.6771109104156494,38.334320068359375,1.958394750545267e-05,0.4007364511489868
1474,46.75163398692809,51,51,0.977516339869281,0.23511293530464172,34.19195556640625,1.9566314222174697e-05,1.2756534814834595
1475,-9.541666666666659,96,83,0.8645833333333334,-0.32448744773864746,16.74271583557129,1.9238881577621214e-05,1.3110411167144775
1476,63.95652173913044,23,20,0.8695652173913043,-0.3866666257381439,45.62675476074219,1.92448769666953e-05,0.9444246292114258
1477,-3.4224422442244187,101,99,0.9757755775577558,-0.5729851126670837,10.023520469665527,1.9314722521812655e-05,1.405737280845642
1478,-5.7021276595744705,94,83,0.8829787234042553,-1.059178113937378,15.490904808044434,1.9516190150170587e-05,2.1541779041290283
1479,46.75163398692809,51,51,0.977516339869281,-0.19258123636245728,28.272884368896484,1.968699689314235e-05,1.737940788269043
1480,40.95652173913043,46,40,0.8695652173913043,-0.391127347946167,22.497228622436523,1.9617007637862116e-05,0.4768809378147125
1481,-105.54575163398692,204,201,0.9845424836601308,-0.02369479462504387,6.36321496963501,1.9625475033535622e-05,0.025004468858242035
1482,-4.254901960784317,102,100,0.9774509803921568,0.34599560499191284,13.959238052368164,1.9628052541520447e-05,0.0680595263838768
1483,43.893081761006286,53,52,0.9689308176100629,0.10681712627410889,22.008419036865234,1.9608209186117165e-05,0.07678057998418808
1484,43.888888888888886,45,40,0.8888888888888888,0.5172022581100464,30.24277114868164,1.99823516595643e-05,2.160083532333374
1485,-2.8151815181518174,101,100,0.9818481848184818,0.9421850442886353,13.664436340332031,2.0138675608905032e-05,1.7183195352554321
1486,-9.541666666666663,96,83,0.8645833333333334,-0.034212104976177216,16.309782028198242,1.9863384295604192e-05,0.7227503657341003
1487,-9.541666666666668,96,83,0.8645833333333334,0.09951631724834442,15.442065238952637,1.8817552700056694e-05,1.6200343370437622
1488,46.62666666666667,50,49,0.9662666666666667,-0.6608330011367798,19.881052017211914,1.8606297089718282e-05,0.4851917624473572
1489,-109.9326923076923,208,204,0.9806730769230769,-0.035810455679893494,7.251901149749756,1.8604430806590244e-05,0.20280875265598297
1490,40.95652173913043,46,40,0.8695652173913043,-0.310185968875885,29.418020248413086,1.8611663108458742e-05,0.17192406952381134
1491,48.10204081632652,49,48,0.9710204081632653,0.023519977927207947,18.10620880126953,1.8707147319219075e-05,1.0297235250473022
1492,63.95652173913043,23,20,0.8695652173913043,0.20938698947429657,65.00141143798828,1.876653368526604e-05,0.9026796221733093
1493,48.68707482993197,49,48,0.9768707482993197,0.6510576009750366,23.321313858032227,1.8906119294115342e-05,1.4899535179138184
1494,-6.480769230769231,104,102,0.9751923076923077,0.07987932115793228,12.182461738586426,1.8907643607235514e-05,0.0007614372298121452
1495,-5.7184466019417535,103,101,0.9728155339805825,0.38115817308425903,13.151403427124023,1.887948928924743e-05,0.2963479161262512
1496,-3.764705882352953,102,101,0.9823529411764705,0.13421116769313812,14.057168006896973,1.8851067579817027e-05,0.34957629442214966
1497,63.95652173913043,23,20,0.8695652173913043,0.9757316708564758,59.679935455322266,1.8507736967876554e-05,1.7767746448516846
1498,-105.54575163398694,204,201,0.9845424836601308,0.06487671285867691,6.989469528198242,1.8490809452487156e-05,0.25889852643013
1499,63.95652173913044,23,20,0.8695652173913043,0.8877477049827576,55.97855758666992,2.0250407033017837e-05,5.189328670501709
1500,38.1063829787234,47,40,0.851063829787234,-0.17305710911750793,37.0841178894043,2.006972863455303e-05,0.9606713056564331
1501,40.95652173913044,46,40,0.8695652173913043,-0.4157204329967499,37.01131820678711,2.0066478100488894e-05,0.5422504544258118
1502,40.95652173913043,46,40,0.8695652173913043,-0.1957111805677414,30.38521957397461,2.016075268329587e-05,1.0862289667129517
1503,40.95652173913044,46,40,0.8695652173913043,-0.3626995086669922,30.6117000579834,2.0164023226243444e-05,0.4873029887676239
1504,-9.04361370716511,107,105,0.979563862928349,-0.6646153926849365,11.190771102905273,1.9942528524552472e-05,0.4300100803375244
1505,-9.043613707165104,107,105,0.979563862928349,-0.17758503556251526,8.95119571685791,1.9938306650146842e-05,0.026611903682351112
1506,63.95652173913044,23,20,0.8695652173913043,0.23125240206718445,60.13520431518555,1.9992745365016162e-05,1.1904048919677734
1507,-109.93269230769232,208,204,0.9806730769230769,0.011753678321838379,6.453938961029053,1.9962870283052325e-05,0.11435510963201523
1508,-7.631578947368416,95,83,0.8736842105263158,-0.5340592265129089,17.579681396484375,1.95824231923325e-05,2.6034364700317383
1509,-7.631578947368411,95,83,0.8736842105263158,0.03824251517653465,15.508082389831543,1.9547780539141968e-05,0.0277056023478508
1510,43.893081761006286,53,52,0.9689308176100629,0.11327867954969406,23.40740394592285,1.960212830454111e-05,1.1857378482818604
1511,40.95652173913043,46,40,0.8695652173913043,-0.20446981489658356,29.037445068359375,1.960483132279478e-05,0.531001627445221
1512,-9.541666666666659,96,83,0.8645833333333334,-0.38693028688430786,13.652759552001953,1.9590743249864317e-05,0.5887351632118225
1513,47.26666666666666,50,49,0.9726666666666667,-0.4592057764530182,21.398290634155273,1.9809787772828713e-05,2.3202476501464844
1514,-9.541666666666666,96,83,0.8645833333333334,-1.209220051765442,21.05084228515625,1.832105226640124e-05,1.799238920211792
1515,-4.59223300970875,103,102,0.9840776699029126,-0.14455647766590118,12.06850814819336,1.8340160750085488e-05,0.2597499489784241
1516,40.95652173913043,46,40,0.8695652173913043,-0.1530151069164276,29.340126037597656,1.633808460610453e-05,1.0022095441818237
1517,49.36879432624113,47,46,0.9636879432624114,0.015523212030529976,15.875061988830566,1.6261426935670897e-05,0.16628959774971008
1518,40.95652173913044,46,40,0.8695652173913043,0.16552798449993134,30.450679779052734,1.6265243175439537e-05,0.1428057998418808
1519,49.36879432624113,47,46,0.9636879432624114,-0.3818809986114502,22.72988510131836,1.675848579907324e-05,4.018838882446289
1520,-4.254901960784321,102,100,0.9774509803921568,-0.11849430203437805,12.368556022644043,1.6877434973139316e-05,1.6531603336334229
1521,47.266666666666666,50,49,0.9726666666666667,0.5418316125869751,22.20804786682129,1.687432813923806e-05,0.4407675564289093
1522,59.33333333333334,24,20,0.8333333333333334,0.012712256982922554,59.28765106201172,1.6683068679412827e-05,0.7405133843421936
1523,40.95652173913044,46,40,0.8695652173913043,-0.5299422740936279,26.69806480407715,1.620464536244981e-05,1.2700965404510498
1524,47.133333333333326,50,49,0.9713333333333334,-0.3614647686481476,20.538148880004883,1.6132506061694585e-05,0.04778159409761429
1525,43.893081761006286,53,52,0.9689308176100629,-0.22913284599781036,18.456039428710938,1.6158017388079315e-05,0.5283018946647644
1526,-109.40064102564104,208,206,0.9859935897435897,-0.30399203300476074,6.537101745605469,1.6144094843184575e-05,0.8834009766578674
1527,47.266666666666666,50,49,0.9726666666666667,0.7971538305282593,20.77033042907715,1.6156107449205592e-05,0.8152966499328613
1528,59.33333333333334,24,20,0.8333333333333334,-0.5365824699401855,55.59613800048828,1.6199539459194057e-05,2.015800714492798
1529,-100.66834170854271,199,196,0.9833165829145729,-0.21805021166801453,5.031478404998779,1.6165582565008663e-05,0.4168097972869873
1530,-2.953795379537966,101,100,0.9804620462046204,0.09378253668546677,9.569762229919434,1.625897129997611e-05,1.0993313789367676
1531,-6.480769230769237,104,102,0.9751923076923077,-0.068121038377285,9.63403606414795,1.6263877114397474e-05,0.09768811613321304
1532,40.95652173913044,46,40,0.8695652173913043,0.07459188252687454,31.314224243164062,1.6262698409263976e-05,0.06430619955062866
1533,-109.40064102564102,208,206,0.9859935897435897,-0.25906550884246826,5.7910261154174805,1.62565029313555e-05,0.279334157705307
1534,38.1063829787234,47,40,0.851063829787234,-0.3749888837337494,32.61243438720703,1.6317191693815403e-05,1.7101764678955078
1535,48.68707482993197,49,48,0.9768707482993197,0.1976231187582016,20.253887176513672,1.6331248843926005e-05,0.7042837738990784
1536,47.29931972789115,49,48,0.9629931972789115,-0.09446079283952713,18.302518844604492,1.6322139344993047e-05,1.3007439374923706
1537,59.333333333333336,24,20,0.8333333333333334,-0.7093726396560669,54.45840835571289,1.6448373571620323e-05,2.794675827026367
1538,47.26666666666666,50,49,0.9726666666666667,0.4489296078681946,20.1041202545166,1.643593168410007e-05,0.3888101875782013
1539,63.95652173913043,23,20,0.8695652173913043,-0.23587724566459656,46.134849548339844,1.6371481251553632e-05,1.0196826457977295
1540,40.95652173913043,46,40,0.8695652173913043,0.6178156733512878,31.587284088134766,1.3157441571820527e-05,2.7102317810058594
1541,49.02721088435375,49,49,0.9802721088435374,-0.191233828663826,22.481121063232422,1.3304754247656092e-05,1.7356230020523071
1542,40.95652173913043,46,40,0.8695652173913043,0.5876649022102356,27.17599868774414,1.351706941932207e-05,1.68927800655365
1543,40.95652173913044,46,40,0.8695652173913043,-0.5619000792503357,31.67922592163086,1.3818409570376389e-05,2.3980963230133057
1544,-2.8151815181518285,101,100,0.9818481848184818,-0.035059280693531036,9.481589317321777,1.382415575790219e-05,0.9105979204177856
1545,-7.631578947368414,95,83,0.8736842105263158,-0.5542532205581665,14.000618934631348,1.3826827853335999e-05,0.40446627140045166
1546,40.95652173913043,46,40,0.8695652173913043,-0.6983405351638794,32.12925720214844,1.3327734450285789e-05,2.123257637023926
1547,40.95652173913044,46,40,0.8695652173913043,-0.4078584611415863,28.864131927490234,1.3335968105820939e-05,0.9440182447433472
1548,63.95652173913044,23,20,0.8695652173913043,0.47231531143188477,44.073883056640625,1.3741771908826195e-05,2.3359155654907227
1549,63.95652173913043,23,20,0.8695652173913043,-1.38637375831604,50.72095489501953,1.5026183064037468e-05,4.827999591827393
1550,48.10204081632652,49,48,0.9710204081632653,0.5872873067855835,18.043506622314453,1.5034987882245332e-05,0.3292379379272461
1551,63.95652173913044,23,20,0.8695652173913043,0.28460121154785156,56.159400939941406,1.4972089957154822e-05,0.4909087121486664
1552,49.36879432624113,47,46,0.9636879432624114,0.2767588794231415,20.205705642700195,1.4976525562815368e-05,0.22583170235157013
1553,63.95652173913044,23,20,0.8695652173913043,-0.21453602612018585,52.029457092285156,1.5080997400218621e-05,1.5657376050949097
1554,63.95652173913043,23,20,0.8695652173913043,-0.7427096366882324,50.797245025634766,1.5683761375839822e-05,3.4055049419403076
1555,-9.54166666666666,96,83,0.8645833333333334,-0.605534553527832,14.57121753692627,1.570817403262481e-05,0.9977507591247559
1556,-4.254901960784325,102,100,0.9774509803921568,-0.23604215681552887,9.296720504760742,1.5448878912138753e-05,1.0015884637832642
1557,63.95652173913044,23,20,0.8695652173913043,0.5055669546127319,48.92854309082031,1.5533027180936188e-05,1.2723939418792725
1558,43.888888888888886,45,40,0.8888888888888888,0.24471265077590942,29.70357322692871,1.5783407434355468e-05,1.8730666637420654
1559,-103.45214521452147,202,200,0.9854785478547855,-0.11961814761161804,5.870953559875488,1.5717165297246538e-05,0.19882714748382568
1560,-105.54575163398694,204,201,0.9845424836601308,-0.08584736287593842,5.104989528656006,1.5668123523937538e-05,0.18424056470394135
1561,-3.4224422442244267,101,99,0.9757755775577558,-0.198827862739563,10.758622169494629,1.5614479707437567e-05,0.7248064875602722
1562,-109.9326923076923,208,204,0.9806730769230769,-0.032591067254543304,5.419842720031738,1.5674884707550518e-05,0.6974802613258362
1563,63.95652173913043,23,20,0.8695652173913043,-0.15070116519927979,50.23372268676758,1.5708197679487057e-05,1.154464840888977
1564,47.13333333333333,50,49,0.9713333333333334,0.28191086649894714,24.915868759155273,1.4253956578613725e-05,1.975446105003357
1565,63.95652173913043,23,20,0.8695652173913043,0.0739004835486412,50.64822769165039,1.4302032468549442e-05,1.1690586805343628
1566,63.95652173913043,23,20,0.8695652173913043,0.18891897797584534,48.56242752075195,1.4318306057248265e-05,0.6647670269012451
1567,63.95652173913044,23,20,0.8695652173913043,-2.3975319862365723,54.312599182128906,1.820960096665658e-05,9.299843788146973
1568,-11.432989690721655,97,83,0.8556701030927835,-0.42556652426719666,16.927257537841797,1.814209645090159e-05,0.6765257120132446
1569,47.266666666666666,50,49,0.9726666666666667,0.20129600167274475,20.302249908447266,1.814881579775829e-05,1.0850746631622314
1570,-3.359477124183007,102,101,0.9864052287581699,-0.1481337696313858,8.951382637023926,1.816564326873049e-05,0.8821064233779907
1571,63.95652173913044,23,20,0.8695652173913043,-0.01569080352783203,52.173561096191406,1.7809245036914945e-05,0.4914572834968567
1572,-4.9158576051780045,103,102,0.98084142394822,-0.03106614015996456,8.262212753295898,1.7860282241599634e-05,0.6442997455596924
1573,59.33333333333333,24,20,0.8333333333333334,0.35513079166412354,56.110599517822266,1.830574001360219e-05,2.4899675846099854
1574,-7.631578947368416,95,83,0.8736842105263158,-0.34993329644203186,15.729887008666992,1.824554055929184e-05,0.4533081352710724
1575,47.26666666666666,50,49,0.9726666666666667,0.522679328918457,20.897720336914062,1.8181552150053903e-05,0.0017341970233246684
1576,47.299319727891145,49,48,0.9629931972789115,0.6272891163825989,20.649070739746094,1.8384538634563796e-05,1.707083821296692
1577,40.95652173913043,46,40,0.8695652173913043,0.19978229701519012,28.680889129638672,1.8387512682238594e-05,0.9965176582336426
1578,63.956521739130444,23,20,0.8695652173913043,-0.03571513667702675,52.88660430908203,1.815228461055085e-05,0.011601115576922894
1579,-8.937694704049843,107,106,0.9806230529595016,-0.22087199985980988,9.544102668762207,1.7950420442502946e-05,0.4691263735294342
1580,40.95652173913043,46,40,0.8695652173913043,-0.9159237742424011,26.061330795288086,1.8326189092476852e-05,2.689490556716919
1581,-104.76026272577998,203,200,0.9823973727422003,-0.41268178820610046,4.792078018188477,1.8322944015380926e-05,0.16486814618110657
1582,40.95652173913044,46,40,0.8695652173913043,-0.6734978556632996,27.101009368896484,1.844713551690802e-05,1.6765938997268677
1583,-103.45214521452145,202,200,0.9854785478547855,-0.261421263217926,5.334074974060059,1.8447615730110556e-05,0.06091364845633507
1584,46.73333333333333,50,49,0.9673333333333334,0.3426356911659241,18.76700210571289,1.866775164671708e-05,2.8168089389801025
1585,63.95652173913044,23,20,0.8695652173913043,0.06911259144544601,55.129547119140625,1.843186873884406e-05,0.24562369287014008
1586,-7.631578947368423,95,83,0.8736842105263158,-0.020556997507810593,14.89169979095459,1.8394073777017184e-05,0.3269917070865631
1587,-3.359477124183013,102,101,0.9864052287581699,-0.15517383813858032,10.018543243408203,1.8507620552554727e-05,2.6029183864593506
1588,-9.541666666666663,96,83,0.8645833333333334,0.11796469986438751,16.214252471923828,1.8548149455455132e-05,0.5452131628990173
1589,63.95652173913043,23,20,0.8695652173913043,-0.3838878571987152,56.6965217590332,1.8676646504900418e-05,1.738808035850525
1590,63.95652173913044,23,20,0.8695652173913043,0.08120748400688171,46.70194625854492,1.8757851648842916e-05,1.5523829460144043
1591,-109.9326923076923,208,204,0.9806730769230769,-0.26124754548072815,4.6003193855285645,1.866670572781004e-05,0.2658750116825104
1592,59.333333333333336,24,20,0.8333333333333334,0.13205476105213165,52.65935516357422,1.8656555766938254e-05,0.8336365222930908
1593,59.333333333333336,24,20,0.8333333333333334,-0.30750277638435364,41.28089904785156,1.8469638234819286e-05,0.887812614440918
1594,-3.7647058823529522,102,101,0.9823529411764705,-0.3868013024330139,8.953505516052246,1.8506583728594705e-05,1.2067415714263916
1595,63.95652173913043,23,20,0.8695652173913043,0.7319917678833008,50.331912994384766,1.8740556697594002e-05,1.7004982233047485
1596,43.888888888888886,45,40,0.8888888888888888,0.3702390789985657,32.23655319213867,1.8802031263476238e-05,0.6571489572525024
1597,-7.631578947368413,95,83,0.8736842105263158,-0.000906733563169837,15.396353721618652,1.8528322470956482e-05,0.09287413954734802
1598,40.95652173913044,46,40,0.8695652173913043,0.3393157422542572,33.329673767089844,1.8524229744798504e-05,0.19805149734020233
1599,48.10204081632652,49,48,0.9710204081632653,0.7244559526443481,16.7926025390625,1.677256113907788e-05,1.2180734872817993
1600,63.95652173913044,23,20,0.8695652173913043,-0.015227763913571835,53.70832824707031,1.6706449969206005e-05,1.3000062704086304
1601,63.95652173913044,23,20,0.8695652173913043,-0.004372732248157263,49.38677978515625,1.671875361353159e-05,0.04922924563288689
1602,-110.85964912280703,209,206,0.9814035087719298,-0.1565556526184082,4.922169208526611,1.6617896108073182e-05,0.3714216351509094
1603,-109.40064102564104,208,206,0.9859935897435897,-0.650575578212738,5.308948993682861,1.663150942476932e-05,0.8961763978004456
1604,-5.961538461538468,104,103,0.9803846153846154,-0.10995320975780487,10.372939109802246,1.6633359336992726e-05,0.2492099553346634
1605,40.95652173913042,46,40,0.8695652173913043,-0.6079188585281372,26.96181297302246,1.6753803720348515e-05,1.886594295501709
1606,-8.937694704049854,107,106,0.9806230529595016,-0.1628025770187378,9.194091796875,1.6748119378462434e-05,0.2605021595954895
1607,46.46153846153846,52,52,0.9846153846153847,-0.3610602021217346,26.366621017456055,1.6760130165494047e-05,0.11558292806148529
1608,38.10638297872341,47,40,0.851063829787234,0.4984598457813263,27.275163650512695,1.6819974916870706e-05,2.012803792953491
1609,-5.718446601941757,103,101,0.9728155339805825,-0.2462848722934723,11.046396255493164,1.6838286683196202e-05,1.0653972625732422
1610,-110.85964912280701,209,206,0.9814035087719298,-0.21790118515491486,4.834883213043213,1.6803815015009604e-05,0.6675617694854736
1611,-105.44117647058825,204,202,0.9855882352941177,-0.2967689037322998,5.5064377784729,1.6832438632263802e-05,1.0827839374542236
1612,46.626666666666665,50,49,0.9662666666666667,0.0024603845085948706,22.658241271972656,1.6779649740783498e-05,0.06793148815631866
1613,-104.9376026272578,203,200,0.980623973727422,-0.22134797275066376,5.200973033905029,1.655100095376838e-05,0.19680605828762054
1614,63.95652173913044,23,20,0.8695652173913043,-1.3593162298202515,57.915000915527344,1.8863476725528017e-05,6.682938575744629
1615,-7.631578947368423,95,83,0.8736842105263158,-0.6171860694885254,15.086143493652344,1.8836042727343738e-05,0.5899168848991394
1616,-102.70149253731344,201,198,0.9829850746268657,-0.4665979743003845,4.6991496086120605,1.87571768037742e-05,0.4507647454738617
1617,-7.631578947368422,95,83,0.8736842105263158,-0.84278804063797,13.646944046020508,1.875535053841304e-05,1.027106523513794
1618,40.95652173913043,46,40,0.8695652173913043,0.370155930519104,26.364330291748047,1.958944085345138e-05,3.291095495223999
1619,-9.541666666666664,96,83,0.8645833333333334,-0.9162051677703857,15.055134773254395,1.8787030057865195e-05,0.6623484492301941
1620,-2.953795379537965,101,100,0.9804620462046204,-0.646378219127655,11.725783348083496,1.868682556960266e-05,0.4064909815788269
1621,63.95652173913043,23,20,0.8695652173913043,0.6883594989776611,52.426429748535156,1.9976378098363057e-05,4.227936744689941
1622,-4.592233009708748,103,102,0.9840776699029126,0.15029263496398926,9.638463973999023,1.992302350117825e-05,0.19641821086406708
1623,40.95652173913043,46,40,0.8695652173913043,0.07734985649585724,31.443437576293945,1.9877461454598233e-05,0.07271458953619003
1624,40.95652173913043,46,40,0.8695652173913043,0.27540627121925354,33.38839340209961,1.9974595488747582e-05,0.9714826941490173
1625,-109.40064102564104,208,206,0.9859935897435897,-0.19455112516880035,5.300998210906982,1.9980425349785946e-05,0.5833162665367126
1626,40.95652173913044,46,40,0.8695652173913043,0.5622899532318115,30.562335968017578,2.0213823518133722e-05,1.9776555299758911
1627,-9.541666666666659,96,83,0.8645833333333334,-0.1729205995798111,14.929930686950684,2.013934681599494e-05,0.11467944830656052
1628,-106.9479674796748,205,202,0.980520325203252,0.010009964928030968,5.466874122619629,1.997306026169099e-05,0.22605790197849274
1629,-4.592233009708751,103,102,0.9840776699029126,0.18481330573558807,9.923959732055664,1.99728601728566e-05,0.4200441539287567
1630,46.626666666666665,50,49,0.9662666666666667,-0.6515277028083801,20.27345848083496,1.9884317225660197e-05,0.9994803667068481
1631,-7.631578947368416,95,83,0.8736842105263158,-0.3300562798976898,14.734075546264648,1.9874600184266455e-05,0.37371954321861267
1632,59.333333333333336,24,20,0.8333333333333334,-0.9158042669296265,41.55588150024414,2.0632778614526615e-05,3.8569653034210205
1633,63.95652173913043,23,20,0.8695652173913043,-0.3937768042087555,46.981571197509766,2.069086804112885e-05,1.5076504945755005
1634,48.68707482993197,49,48,0.9768707482993197,0.3903782069683075,24.043468475341797,2.064970976789482e-05,0.7321699857711792
1635,-7.631578947368417,95,83,0.8736842105263158,-0.7066603302955627,15.366849899291992,2.10699927265523e-05,2.9869539737701416
1636,-5.961538461538472,104,103,0.9803846153846154,0.6996005177497864,11.529674530029297,2.1323074179235846e-05,1.8930721282958984
1637,-3.4224422442244298,101,99,0.9757755775577558,0.48400455713272095,10.319706916809082,2.1070816728752106e-05,1.1284537315368652
1638,40.95652173913042,46,40,0.8695652173913043,-0.12166831642389297,31.172225952148438,2.115856477757916e-05,1.6809651851654053
1639,43.888888888888886,45,40,0.8888888888888888,0.5069906711578369,30.012990951538086,2.11751557799289e-05,0.579296886920929
1640,-109.93269230769232,208,204,0.9806730769230769,0.005366066005080938,5.822607040405273,2.0650299120461568e-05,0.4599124789237976
1641,-4.254901960784324,102,100,0.9774509803921568,-0.1300344169139862,8.452488899230957,2.053449316008482e-05,0.6909372806549072
1642,-9.541666666666664,96,83,0.8645833333333334,-0.35669925808906555,12.046874046325684,2.03062536456855e-05,0.24589194357395172
1643,-8.937694704049848,107,106,0.9806230529595016,-0.5539066195487976,10.340259552001953,2.004059570026584e-05,0.105411596596241
1644,59.333333333333336,24,20,0.8333333333333334,-0.4409705102443695,57.57282257080078,2.006248541874811e-05,1.153643250465393
1645,-110.85964912280701,209,206,0.9814035087719298,-0.2528473734855652,5.294672012329102,2.0105855583096854e-05,0.5481345653533936
1646,-9.541666666666663,96,83,0.8645833333333334,-0.6737678647041321,12.684050559997559,1.9947387045249343e-05,1.1800962686538696
1647,-9.541666666666657,96,83,0.8645833333333334,0.1553279310464859,14.426568031311035,2.0258925360394642e-05,2.079648733139038
1648,-7.63157894736842,95,83,0.8736842105263158,-0.971416711807251,14.908166885375977,2.0380675778142177e-05,3.2518470287323
1649,46.73333333333333,50,49,0.9673333333333334,-0.4440971910953522,18.24806022644043,1.9324104869156145e-05,2.137827157974243
1650,-4.592233009708751,103,102,0.9840776699029126,0.39339393377304077,11.378312110900879,1.9302045984659344e-05,0.14779408276081085
1651,59.33333333333334,24,20,0.8333333333333334,1.751777172088623,51.303680419921875,2.0393847080413252e-05,3.950901985168457
1652,-105.46732026143792,204,202,0.9853267973856209,-0.041061386466026306,5.246094226837158,2.0380459318403155e-05,0.3124934732913971
1653,40.95652173913043,46,40,0.8695652173913043,-0.9333247542381287,30.193389892578125,2.068898538709618e-05,2.8480379581451416
1654,-105.44117647058825,204,202,0.9855882352941177,-0.023021530359983444,4.722611427307129,2.0100473193451762e-05,0.43592268228530884
1655,63.95652173913043,23,20,0.8695652173913043,-1.1840431690216064,48.64974594116211,2.121528086718172e-05,4.560770511627197
1656,40.956521739130444,46,40,0.8695652173913043,-1.2231550216674805,35.20085525512695,2.2055342924431898e-05,4.036808967590332
1657,-7.631578947368422,95,83,0.8736842105263158,-0.48274528980255127,13.850144386291504,2.1908737835474312e-05,0.018116839230060577
1658,63.95652173913043,23,20,0.8695652173913043,-1.490031123161316,50.178436279296875,2.4264534658868797e-05,6.914491176605225
1659,-7.631578947368414,95,83,0.8736842105263158,-0.6474912762641907,14.886663436889648,2.428335210424848e-05,0.9796273708343506
1660,46.46153846153847,52,52,0.9846153846153847,0.0907316580414772,23.830778121948242,2.4621445845696144e-05,2.0233442783355713
1661,-7.631578947368409,95,83,0.8736842105263158,-0.2768215537071228,14.68944263458252,2.4613998903078027e-05,0.3591972291469574
1662,63.95652173913043,23,20,0.8695652173913043,0.4926968216896057,52.61516571044922,2.523541115806438e-05,2.984884023666382
1663,63.95652173913043,23,20,0.8695652173913043,-0.04711608961224556,47.2739372253418,2.528360164433252e-05,1.5468395948410034
1664,40.95652173913044,46,40,0.8695652173913043,-0.16044899821281433,27.049766540527344,2.4981154638226144e-05,1.1456356048583984
1665,43.888888888888886,45,40,0.8888888888888888,0.07377342134714127,28.442018508911133,2.4943106836872175e-05,0.38817495107650757
1666,-4.592233009708751,103,102,0.9840776699029126,-0.03246351331472397,8.210306167602539,2.4878945623640902e-05,0.14429594576358795
1667,-9.541666666666664,96,83,0.8645833333333334,-0.5017127394676208,13.612029075622559,1.9948874978581443e-05,0.17060832679271698
1668,-99.21885521885523,198,196,0.9878114478114478,-0.014596481807529926,5.258230686187744,2.0020283045596443e-05,0.8606631755828857
1669,43.893081761006286,53,52,0.9689308176100629,-0.20990513265132904,18.591978073120117,2.000505082833115e-05,0.37583526968955994
1670,-7.107936507936511,105,104,0.978920634920635,-0.0016739731654524803,10.099444389343262,2.0201528968755156e-05,1.6442443132400513
1671,63.95652173913043,23,20,0.8695652173913043,-0.19238507747650146,53.99359130859375,2.0308691091486253e-05,1.7610270977020264
1672,63.95652173913042,23,20,0.8695652173913043,0.040698204189538956,55.440128326416016,2.034450153587386e-05,1.4613113403320312
1673,-11.432989690721655,97,83,0.8556701030927835,-0.8131262063980103,15.494982719421387,2.020797910518013e-05,2.6746063232421875
1674,-104.76026272577997,203,200,0.9823973727422003,0.04875142127275467,6.366922378540039,2.023239721893333e-05,0.31323209404945374
1675,43.88888888888888,45,40,0.8888888888888888,-0.16039186716079712,28.107654571533203,2.028209564741701e-05,1.2882752418518066
1676,47.299319727891145,49,48,0.9629931972789115,-0.5637912154197693,16.125411987304688,2.0431569282663986e-05,2.9503021240234375
1677,40.95652173913043,46,40,0.8695652173913043,0.2795717120170593,32.581146240234375,2.031377334787976e-05,0.2775914967060089
1678,40.95652173913043,46,40,0.8695652173913043,-0.530112087726593,28.96528434753418,2.0392002625158057e-05,1.5986546277999878
1679,46.733333333333334,50,49,0.9673333333333334,0.07205874472856522,19.58966636657715,2.0561028577503748e-05,1.4661953449249268
1680,63.95652173913043,23,20,0.8695652173913043,0.28113675117492676,50.557735443115234,2.0327468519099057e-05,0.8466653227806091
1681,-9.043613707165111,107,105,0.979563862928349,0.34638190269470215,8.773296356201172,2.0334466171334498e-05,0.7656750082969666
1682,63.95652173913043,23,20,0.8695652173913043,0.755673885345459,56.75076675415039,2.040170511463657e-05,1.3229535818099976
1683,-105.54575163398694,204,201,0.9845424836601308,0.10956045240163803,4.924602031707764,2.0408349882927723e-05,0.09422917664051056
1684,38.1063829787234,47,40,0.851063829787234,-0.2666301131248474,29.90336799621582,1.987962968996726e-05,1.604654312133789
1685,-7.107936507936509,105,104,0.978920634920635,0.5342292785644531,10.19226360321045,2.082771243294701e-05,3.5571889877319336
1686,63.95652173913044,23,20,0.8695652173913043,-0.45555058121681213,49.15348434448242,2.122468504239805e-05,2.996001720428467
1687,63.95652173913044,23,20,0.8695652173913043,-0.7640121579170227,49.069610595703125,2.132082408934366e-05,2.930271863937378
1688,38.10638297872341,47,40,0.851063829787234,-0.4513469934463501,28.758440017700195,2.127371590177063e-05,0.7266148328781128
1689,-104.76026272577998,203,200,0.9823973727422003,-0.3082584738731384,5.114437580108643,2.1162155462661758e-05,0.3049114942550659
1690,46.73333333333333,50,49,0.9673333333333334,0.045515336096286774,17.1335506439209,2.1111594833200797e-05,0.38055530190467834
1691,-102.70149253731344,201,198,0.9829850746268657,-0.4388743042945862,4.2100725173950195,2.1110403395141475e-05,0.9908512830734253
1692,46.626666666666665,50,49,0.9662666666666667,0.582232654094696,20.42237091064453,2.1376783479354344e-05,2.0322725772857666
1693,59.333333333333336,24,20,0.8333333333333334,-1.9275562763214111,54.548988342285156,2.606545422167983e-05,9.142635345458984
1694,47.13333333333333,50,49,0.9713333333333334,0.2537950575351715,22.102670669555664,2.6153720682486892e-05,0.9874126315116882
1695,46.75163398692809,51,51,0.977516339869281,-0.013615958392620087,17.35850715637207,2.5872766855172813e-05,0.5102060437202454
1696,-99.21885521885523,198,196,0.9878114478114478,-0.36064326763153076,4.586806774139404,2.5798701244639233e-05,0.28474438190460205
1697,59.33333333333334,24,20,0.8333333333333334,-0.2021619975566864,63.86586380004883,2.5813844331423752e-05,0.1587747186422348
1698,-9.54166666666667,96,83,0.8645833333333334,-0.3576224446296692,14.76235294342041,2.5841705792117864e-05,0.4830707907676697
1699,43.888888888888886,45,40,0.8888888888888888,0.17097949981689453,32.13130187988281,2.5809957151068375e-05,1.0559383630752563
1700,47.13333333333333,50,49,0.9713333333333334,-0.116246297955513,22.09005355834961,2.5844979973044246e-05,0.6985470056533813
1701,-7.631578947368417,95,83,0.8736842105263158,-0.4030296206474304,16.7333984375,2.5831432139966637e-05,0.314876526594162
1702,46.56410256410256,52,52,0.9856410256410256,-0.34995418787002563,15.183599472045898,2.579351348686032e-05,0.23474757373332977
1703,40.95652173913044,46,40,0.8695652173913043,-0.2606717050075531,32.97941970825195,2.5785566322156228e-05,0.15590587258338928
1704,63.956521739130444,23,20,0.8695652173913043,0.013719186186790466,51.24376678466797,2.6044028345495462e-05,1.6299073696136475
1705,-5.961538461538459,104,103,0.9803846153846154,-0.3070771098136902,8.834711074829102,2.592070450191386e-05,0.02654886059463024
1706,40.95652173913043,46,40,0.8695652173913043,-0.6672898530960083,27.140609741210938,2.593133831396699e-05,1.1887414455413818
1707,48.10204081632652,49,48,0.9710204081632653,0.05275219678878784,14.12560749053955,2.597134698589798e-05,0.5522474646568298
1708,-100.66834170854271,199,196,0.9833165829145729,-0.6846907734870911,5.431175708770752,2.5607998395571485e-05,0.29440584778785706
1709,-105.44117647058825,204,202,0.9855882352941177,-0.6104092001914978,6.769158363342285,2.5583171009202488e-05,0.35960227251052856
1710,40.95652173913044,46,40,0.8695652173913043,-1.2310389280319214,29.766210556030273,2.6466752387932502e-05,4.23514986038208
1711,40.95652173913043,46,40,0.8695652173913043,-0.7379512786865234,27.999094009399414,2.6718304070527665e-05,2.579082489013672
1712,-104.76026272577998,203,200,0.9823973727422003,-0.3033226430416107,6.269384860992432,2.6792318749357946e-05,0.6972700953483582
1713,43.888888888888886,45,40,0.8888888888888888,-0.0931665226817131,30.90395736694336,2.6803425498655997e-05,0.03724544867873192
1714,-104.9376026272578,203,200,0.980623973727422,-0.16912008821964264,5.430451393127441,2.4419383407803252e-05,0.21087323129177094
1715,-100.66834170854271,199,196,0.9833165829145729,-0.2135694921016693,5.515369415283203,2.4418081011390314e-05,0.26354748010635376
1716,-107.9243156199678,207,206,0.990756843800322,-0.19582578539848328,5.350308418273926,2.4383998606936075e-05,0.21549366414546967
1717,-5.961538461538466,104,103,0.9803846153846154,-0.005482131615281105,11.443221092224121,2.436151771689765e-05,0.19937074184417725
1718,40.95652173913044,46,40,0.8695652173913043,0.4893479347229004,29.239389419555664,2.4158502128557302e-05,2.8125762939453125
1719,-9.54166666666667,96,83,0.8645833333333334,-0.7424834370613098,13.633600234985352,2.4257034965557978e-05,1.6904094219207764
1720,63.95652173913042,23,20,0.8695652173913043,-0.5366157293319702,54.753997802734375,2.4276512704091147e-05,0.9687907695770264
1721,63.95652173913044,23,20,0.8695652173913043,-0.08513285964727402,53.919944763183594,2.2951531718717888e-05,0.9239416122436523
1722,46.62666666666667,50,49,0.9662666666666667,-0.37802720069885254,21.698366165161133,2.292868339281995e-05,0.7247973680496216
1723,-11.432989690721659,97,83,0.8556701030927835,-0.2577073872089386,14.715977668762207,2.291036980750505e-05,0.4945673644542694
1724,63.95652173913043,23,20,0.8695652173913043,0.7302052974700928,57.72841262817383,2.3244831027113833e-05,2.2701287269592285
1725,-99.21885521885523,198,196,0.9878114478114478,0.241539865732193,6.495883941650391,2.3176979084382765e-05,0.41251349449157715
1726,49.027210884353735,49,49,0.9802721088435374,-0.9138194918632507,24.38594627380371,2.406617386441212e-05,5.04763650894165
1727,-104.76026272577998,203,200,0.9823973727422003,0.1590227335691452,6.096972465515137,2.4106964701786637e-05,0.3781578242778778
1728,47.26666666666666,50,49,0.9726666666666667,0.1200685054063797,21.715320587158203,2.4088400095934048e-05,1.084693193435669
1729,40.95652173913043,46,40,0.8695652173913043,0.07150934636592865,27.48697280883789,2.411986861261539e-05,0.1778862625360489
1730,-7.631578947368416,95,83,0.8736842105263158,-0.5159743428230286,13.198568344116211,2.4124134142766707e-05,1.0702131986618042
1731,63.95652173913043,23,20,0.8695652173913043,0.4768901765346527,51.03144454956055,2.4361941541428678e-05,1.4345505237579346
1732,-103.45214521452145,202,200,0.9854785478547855,-0.0783642828464508,4.9820942878723145,2.3683971448917873e-05,0.05567837879061699
1733,43.888888888888886,45,40,0.8888888888888888,0.3062778413295746,27.264148712158203,2.379742727498524e-05,1.2284854650497437
1734,63.95652173913044,23,20,0.8695652173913043,-1.891952633857727,49.970062255859375,2.813503124343697e-05,8.993192672729492
1735,40.95652173913043,46,40,0.8695652173913043,-0.9540026187896729,30.65546989440918,2.821352427417878e-05,3.236663818359375
1736,-108.53945249597425,207,204,0.9846054750402576,-0.2888415455818176,4.460999488830566,2.7852760467794724e-05,0.10539957135915756
1737,-4.915857605178,103,102,0.98084142394822,0.14321626722812653,8.1078519821167,2.7726864573196508e-05,0.360511839389801
1738,-2.9537953795379606,101,100,0.9804620462046204,0.1423536241054535,8.799365997314453,2.7829142709379084e-05,1.1217238903045654
1739,-5.317152103559878,103,101,0.9768284789644013,0.5022996068000793,10.30324649810791,2.7871550628333353e-05,0.8492943048477173
1740,49.027210884353735,49,49,0.9802721088435374,0.31821244955062866,20.028682708740234,2.784183197945822e-05,0.18686027824878693
1741,-7.631578947368423,95,83,0.8736842105263158,0.05750008672475815,15.556079864501953,2.7932568627875298e-05,0.666147768497467
1742,-105.46732026143792,204,202,0.9853267973856209,0.036501895636320114,5.805138111114502,2.7955235054832883e-05,0.4512677490711212
1743,-2.815181518151827,101,100,0.9818481848184818,0.009370808489620686,8.194540023803711,2.79432915704092e-05,0.5993251800537109
1744,63.95652173913043,23,20,0.8695652173913043,0.27455076575279236,51.49677658081055,2.797029992507305e-05,0.35678115487098694
1745,46.75163398692809,51,51,0.977516339869281,-0.3009181320667267,18.03065299987793,2.7897407562704757e-05,0.48291751742362976
1746,-9.043613707165107,107,105,0.979563862928349,-0.4576268494129181,10.31259536743164,2.789216159726493e-05,0.029183844104409218
1747,47.13333333333333,50,49,0.9713333333333334,-0.5428680777549744,27.58026123046875,2.7501018848852254e-05,1.3078832626342773
1748,40.95652173913044,46,40,0.8695652173913043,-0.5176127552986145,29.648969650268555,2.7393125492380932e-05,2.9031522274017334
1749,40.95652173913044,46,40,0.8695652173913043,-0.6552146673202515,34.846160888671875,2.7684576707542874e-05,3.251202344894409
1750,47.13333333333333,50,49,0.9713333333333334,0.12741971015930176,18.61463165283203,2.7746717023546807e-05,0.5179862976074219
1751,40.95652173913044,46,40,0.8695652173913043,-0.24637649953365326,31.43598747253418,2.6476824132259935e-05,0.7753638625144958
1752,40.95652173913042,46,40,0.8695652173913043,0.24400101602077484,28.141246795654297,2.6724679628387094e-05,1.4196860790252686
1753,63.95652173913044,23,20,0.8695652173913043,-0.9482418894767761,47.19928741455078,2.6519464881857857e-05,1.91659414768219
1754,46.626666666666665,50,49,0.9662666666666667,-1.003691554069519,18.47245979309082,2.648531699378509e-05,1.3164862394332886
1755,49.027210884353735,49,49,0.9802721088435374,-0.2410528063774109,16.374107360839844,2.5555478714522906e-05,0.2717286944389343
1756,46.73333333333333,50,49,0.9673333333333334,-0.7070437669754028,16.58719253540039,2.4847497115842998e-05,1.3808168172836304
1757,-7.051282051282058,104,101,0.9694871794871794,-0.11593126505613327,8.901748657226562,2.4914275854825974e-05,0.6306043267250061
1758,-109.40064102564102,208,206,0.9859935897435897,-0.3325483202934265,6.089306354522705,2.2388123397831805e-05,0.02375968173146248
1759,63.95652173913043,23,20,0.8695652173913043,2.20310640335083,54.60222625732422,2.474804932717234e-05,5.791228771209717
1760,-7.631578947368414,95,83,0.8736842105263158,-0.22569535672664642,20.630483627319336,2.4402579583693296e-05,0.9357128739356995
1761,40.95652173913043,46,40,0.8695652173913043,-0.26998576521873474,33.267913818359375,2.460075484123081e-05,2.222522020339966
1762,38.1063829787234,47,40,0.851063829787234,-0.08116665482521057,32.05610656738281,2.391782618360594e-05,0.3951331675052643
1763,48.68707482993197,49,48,0.9768707482993197,-0.10136018693447113,20.627809524536133,2.3863729438744485e-05,1.0103508234024048
1764,63.95652173913044,23,20,0.8695652173913043,0.47792232036590576,38.481204986572266,2.4284294340759516e-05,2.26558518409729
1765,-11.432989690721646,97,83,0.8556701030927835,-0.428396075963974,12.000911712646484,2.435362694086507e-05,0.6428887844085693
1766,63.95652173913043,23,20,0.8695652173913043,0.711637020111084,45.92871856689453,2.4961071176221594e-05,2.751509189605713
1767,46.62666666666667,50,49,0.9662666666666667,-0.5854235291481018,17.101619720458984,2.49932891165372e-05,1.3075917959213257
1768,-4.915857605177999,103,102,0.98084142394822,-0.15610353648662567,9.034080505371094,2.4897748517105356e-05,0.18291136622428894
1769,63.95652173913044,23,20,0.8695652173913043,-0.5868048667907715,46.6088981628418,2.5290140911238268e-05,3.0748484134674072
1770,40.95652173913044,46,40,0.8695652173913043,0.2211187481880188,29.2371768951416,2.525239142414648e-05,1.4920519590377808
1771,-8.93769470404985,107,106,0.9806230529595016,-0.32647934556007385,9.789249420166016,2.5154729883070104e-05,0.838001549243927
1772,46.62666666666667,50,49,0.9662666666666667,-0.6251713037490845,17.042985916137695,2.520369343983475e-05,1.7951241731643677
1773,-9.541666666666666,96,83,0.8645833333333334,0.2791612446308136,12.661320686340332,2.5523451768094674e-05,2.798447847366333
1774,47.299319727891145,49,48,0.9629931972789115,-0.21654674410820007,16.306974411010742,2.5493749490124173e-05,0.2934483289718628
1775,63.95652173913043,23,20,0.8695652173913043,-0.12075245380401611,37.85451889038086,2.5504878067295067e-05,1.3838757276535034
1776,40.95652173913043,46,40,0.8695652173913043,0.3568175137042999,26.638010025024414,2.5619059670134448e-05,2.5581047534942627
1777,-7.051282051282053,104,101,0.9694871794871794,-0.5129765868186951,8.25175666809082,2.5669571186881512e-05,1.249341607093811
1778,-2.953795379537963,101,100,0.9804620462046204,-0.17138952016830444,9.16044807434082,2.5593661121092737e-05,0.2621205151081085
1779,40.95652173913043,46,40,0.8695652173913043,0.1807527244091034,29.197799682617188,2.5493161956546828e-05,0.9332252740859985
1780,59.333333333333336,24,20,0.8333333333333334,0.14831866323947906,59.37136459350586,2.542494985391386e-05,0.20453272759914398
1781,49.36879432624113,47,46,0.9636879432624114,0.12056992948055267,21.576723098754883,2.5430525056435727e-05,0.1905953288078308
1782,-109.93269230769232,208,204,0.9806730769230769,-0.12183213979005814,4.880704879760742,2.5267694581998512e-05,0.008272899314761162
1783,43.88888888888889,45,40,0.8888888888888888,0.24959927797317505,32.85404968261719,2.5257411834900267e-05,0.18422062695026398
1784,40.95652173913044,46,40,0.8695652173913043,1.1744966506958008,29.096343994140625,2.6848547349800356e-05,4.929848670959473
1785,-7.6315789473684195,95,83,0.8736842105263158,-0.32916826009750366,13.863890647888184,2.5943743821699172e-05,0.12234577536582947
1786,63.95652173913043,23,20,0.8695652173913043,-0.7925589084625244,48.29940414428711,2.5513654691167176e-05,0.81902015209198
1787,-7.631578947368422,95,83,0.8736842105263158,-0.357284277677536,13.487086296081543,2.510333069949411e-05,0.33950111269950867
1788,-4.592233009708748,103,102,0.9840776699029126,0.3125832974910736,8.982197761535645,2.5205352358170785e-05,1.1203160285949707
1789,48.68707482993197,49,48,0.9768707482993197,-0.10363555699586868,22.708566665649414,2.5238425223506056e-05,0.9806202054023743
1790,40.95652173913043,46,40,0.8695652173913043,-0.08075714856386185,26.891359329223633,2.5215467758243904e-05,0.0882488340139389
1791,-4.254901960784319,102,100,0.9774509803921568,-0.06271656602621078,8.884683609008789,2.5186438506352715e-05,0.5265758037567139
1792,48.68707482993197,49,48,0.9768707482993197,0.19413495063781738,20.968393325805664,2.4889321139198728e-05,0.9344085454940796
1793,43.89308176100629,53,52,0.9689308176100629,0.22740893065929413,17.55009651184082,2.0093511921004392e-05,1.0521421432495117
1794,47.62585034013605,49,48,0.9662585034013605,-0.10382100939750671,13.093660354614258,2.2182101020007394e-05,5.870746612548828
1795,-3.3594771241830164,102,101,0.9864052287581699,-0.002054592128843069,9.096817016601562,2.2175623598741367e-05,0.29900315403938293
1796,40.95652173913042,46,40,0.8695652173913043,-1.0415191650390625,29.13899803161621,2.310650233994238e-05,4.061963081359863
1797,46.46153846153847,52,52,0.9846153846153847,0.21611151099205017,22.04815101623535,2.3292896003113128e-05,1.5878859758377075
1798,47.62585034013605,49,48,0.9662585034013605,-0.3230087459087372,15.224730491638184,2.41185898630647e-05,3.7158238887786865
1799,40.95652173913043,46,40,0.8695652173913043,-0.1281670480966568,28.01960563659668,2.4025177481235005e-05,0.1917877048254013
1800,-108.53945249597423,207,204,0.9846054750402576,-0.7002416253089905,4.930056095123291,2.3988928660401143e-05,0.6324046850204468
1801,-9.541666666666664,96,83,0.8645833333333334,-0.299735426902771,14.030969619750977,2.4009756089071743e-05,0.40290695428848267
1802,-3.359477124183012,102,101,0.9864052287581699,0.009296722710132599,9.253508567810059,2.4009787011891603e-05,0.13808411359786987
1803,40.95652173913043,46,40,0.8695652173913043,-0.49479350447654724,29.467573165893555,2.4128734366968274e-05,1.584039568901062
1804,63.95652173913044,23,20,0.8695652173913043,-0.7275241613388062,53.47949981689453,2.42585847445298e-05,2.575481414794922
1805,63.95652173913044,23,20,0.8695652173913043,-0.6431987881660461,47.48575973510742,2.463706368871499e-05,2.751824378967285
1806,63.95652173913043,23,20,0.8695652173913043,-0.39443239569664,46.16933822631836,2.4806306100799702e-05,2.1680703163146973
1807,-9.541666666666654,96,83,0.8645833333333334,-0.5815558433532715,16.612995147705078,2.4763241526670754e-05,0.3343393802642822
1808,-4.254901960784325,102,100,0.9774509803921568,-0.017186947166919708,7.70054817199707,2.4768727598711848e-05,0.01134844683110714
1809,-9.541666666666668,96,83,0.8645833333333334,-0.9269201159477234,12.322689056396484,2.4914408641052432e-05,1.8331139087677002
1810,46.62666666666667,50,49,0.9662666666666667,-0.27509745955467224,15.53036880493164,2.3953671188792214e-05,0.06600598245859146
1811,46.46153846153846,52,52,0.9846153846153847,-0.3311130106449127,20.37436294555664,2.3626553229405545e-05,0.11883389204740524
1812,-108.45893719806764,207,204,0.9854106280193237,-0.35566219687461853,4.15904426574707,2.357360062887892e-05,0.3595982491970062
1813,47.266666666666666,50,49,0.9726666666666667,0.4213116466999054,18.66523551940918,2.3646351110073738e-05,0.8821668028831482
1814,40.95652173913043,46,40,0.8695652173913043,-0.12372268736362457,28.769367218017578,2.3636910555069335e-05,0.45691487193107605
1815,-102.70149253731344,201,198,0.9829850746268657,-0.40748000144958496,4.119241237640381,2.363798557780683e-05,0.37626639008522034
1816,-105.44117647058825,204,202,0.9855882352941177,-0.13531537353992462,4.56600284576416,2.3638747734366916e-05,0.06325305253267288
1817,-2.8151815181518285,101,100,0.9818481848184818,-0.12295544892549515,7.664878845214844,2.370895708736498e-05,1.315657615661621
1818,48.10204081632652,49,48,0.9710204081632653,0.02032165601849556,14.001808166503906,2.313854383828584e-05,0.7681096196174622
1819,-7.631578947368416,95,83,0.8736842105263158,-0.547456681728363,14.0435209274292,2.3062197215040214e-05,1.1425378322601318
1820,48.68707482993197,49,48,0.9768707482993197,0.22008474171161652,18.572643280029297,2.304053123225458e-05,0.07712210714817047
1821,-7.0512820512820635,104,101,0.9694871794871794,-0.10789118707180023,7.050085067749023,2.3042617613100447e-05,0.4175421893596649
1822,-9.541666666666666,96,83,0.8645833333333334,-0.32600879669189453,15.680803298950195,2.3029828298604116e-05,0.14677970111370087
1823,-7.051282051282065,104,101,0.9694871794871794,-0.22072114050388336,9.984306335449219,2.3026497729006223e-05,0.3204507529735565
1824,-4.915857605178003,103,102,0.98084142394822,-0.010248535312712193,9.882078170776367,2.2631460524280556e-05,0.385297030210495
1825,40.95652173913043,46,40,0.8695652173913043,0.970603346824646,28.217487335205078,2.3232300009112805e-05,2.8646647930145264
1826,-100.66834170854271,199,196,0.9833165829145729,0.139275923371315,5.20182466506958,2.1825864678248763e-05,0.4900234639644623
1827,-5.702127659574466,94,83,0.8829787234042553,-0.41232505440711975,16.191686630249023,2.1813728380948305e-05,0.5564665794372559
1828,49.36879432624113,47,46,0.9636879432624114,-0.3286512494087219,15.492120742797852,2.1869407646590844e-05,1.4990897178649902
1829,40.95652173913044,46,40,0.8695652173913043,-0.16631044447422028,25.86806869506836,2.186824713135138e-05,0.5670438408851624
1830,-1.4466666666666717,100,99,0.9855333333333334,-0.21899893879890442,9.82767391204834,2.1822857888764702e-05,0.10558779537677765
1831,43.893081761006286,53,52,0.9689308176100629,-0.5586129426956177,14.858071327209473,2.1816482330905274e-05,1.8382989168167114
1832,40.95652173913044,46,40,0.8695652173913043,-0.40639930963516235,28.295642852783203,2.1814475985593162e-05,0.22651073336601257
1833,63.95652173913043,23,20,0.8695652173913043,-0.6524760723114014,45.34052658081055,2.1825653675477952e-05,1.7902708053588867
1834,63.95652173913043,23,20,0.8695652173913043,1.1748005151748657,43.887107849121094,1.7732851119944826e-05,3.079892158508301
1835,43.893081761006286,53,52,0.9689308176100629,0.027245840057730675,16.51421546936035,1.714317659207154e-05,0.175833061337471
1836,40.95652173913043,46,40,0.8695652173913043,-1.1215826272964478,25.98193359375,1.8215241652796976e-05,4.303639888763428
1837,-107.9243156199678,207,206,0.990756843800322,-0.32809174060821533,5.072582244873047,1.8199891201220453e-05,0.025269802659749985
1838,43.893081761006286,53,52,0.9689308176100629,-0.089960478246212,15.125232696533203,1.8112446923623793e-05,0.6542378067970276
1839,-9.541666666666666,96,83,0.8645833333333334,-0.21911369264125824,16.16644859313965,1.805616011552047e-05,0.19840414822101593
1840,43.88888888888888,45,40,0.8888888888888888,0.478553831577301,32.10256576538086,1.804864041332621e-05,0.06517209112644196
1841,48.68707482993197,49,48,0.9768707482993197,0.47361046075820923,21.267440795898438,1.8105067283613607e-05,1.0968725681304932
1842,40.95652173913043,46,40,0.8695652173913043,-0.021325668320059776,27.875165939331055,1.8148582967114635e-05,1.2437622547149658
1843,-7.631578947368411,95,83,0.8736842105263158,-0.2588846981525421,12.55065631866455,1.8144792193197645e-05,0.5140156745910645
1844,48.10204081632652,49,48,0.9710204081632653,0.2918740510940552,13.6837158203125,1.8128403098671697e-05,0.005320066586136818
1845,-7.051282051282063,104,101,0.9694871794871794,-0.22530430555343628,13.623970031738281,1.813460221455898e-05,0.6244778037071228
1846,40.95652173913044,46,40,0.8695652173913043,0.1411949098110199,28.284177780151367,1.8132090190192685e-05,0.314936101436615
1847,47.26666666666666,50,49,0.9726666666666667,0.25541195273399353,16.270442962646484,1.8086102500092238e-05,0.8914218544960022
1848,40.95652173913044,46,40,0.8695652173913043,-0.3965975344181061,31.566741943359375,1.7879283404909074e-05,2.188931703567505
1849,-102.70149253731344,201,198,0.9829850746268657,-0.334646612405777,4.318317890167236,1.7303191270912066e-05,0.47844409942626953
1850,46.46153846153847,52,52,0.9846153846153847,0.014995317906141281,19.0758113861084,1.7374737581121735e-05,1.111605167388916
1851,-103.45214521452145,202,200,0.9854785478547855,-0.1711706966161728,4.513523101806641,1.73511725733988e-05,0.18826903402805328
1852,46.75163398692809,51,51,0.977516339869281,-0.39206233620643616,14.281039237976074,1.7242597095901147e-05,1.0314735174179077
1853,38.10638297872341,47,40,0.851063829787234,-1.0608118772506714,28.242103576660156,1.7755699445842765e-05,3.550848960876465
1854,47.62585034013605,49,48,0.9662585034013605,-0.5969455242156982,16.476112365722656,1.779943886504043e-05,1.5646827220916748
1855,40.95652173913044,46,40,0.8695652173913043,0.7740987539291382,27.57772445678711,1.840835284383502e-05,3.001232624053955
1856,43.893081761006286,53,52,0.9689308176100629,0.12473362684249878,19.144010543823242,1.832284397096373e-05,0.19775012135505676
1857,-99.21885521885523,198,196,0.9878114478114478,0.10254204273223877,6.41873025894165,1.830196924856864e-05,0.3677389919757843
1858,46.46153846153847,52,52,0.9846153846153847,0.010241175070405006,24.136804580688477,1.833517490013037e-05,0.6070305109024048
1859,-9.541666666666666,96,83,0.8645833333333334,-0.44492554664611816,16.567197799682617,1.616151348571293e-05,0.316054105758667
1860,40.95652173913044,46,40,0.8695652173913043,-1.0026578903198242,30.155872344970703,1.649523437663447e-05,2.6437010765075684
1861,-7.631578947368414,95,83,0.8736842105263158,-0.7851481437683105,15.253623008728027,1.6293261069222353e-05,1.0926430225372314
1862,63.95652173913044,23,20,0.8695652173913043,-0.3023430109024048,43.942115783691406,1.6328554920619354e-05,1.177693486213684
1863,63.95652173913043,23,20,0.8695652173913043,0.22031374275684357,46.596370697021484,1.6389731172239408e-05,1.0735925436019897
1864,59.333333333333336,24,20,0.8333333333333334,0.25906601548194885,51.547645568847656,1.6186970242415555e-05,1.4698545932769775
1865,38.10638297872341,47,40,0.851063829787234,-1.002798318862915,31.878616333007812,1.6449830582132563e-05,2.4580416679382324
1866,63.95652173913043,23,20,0.8695652173913043,-0.5035898089408875,53.45255661010742,1.597120353835635e-05,1.3853704929351807
1867,43.888888888888886,45,40,0.8888888888888888,-0.11551182717084885,28.399717330932617,1.592810804140754e-05,0.8809747099876404
1868,-7.631578947368416,95,83,0.8736842105263158,-0.14646418392658234,16.943439483642578,1.5951891327858903e-05,0.3576645851135254
1869,-7.631578947368416,95,83,0.8736842105263158,-0.1564812809228897,15.46489429473877,1.547096690046601e-05,0.16206014156341553
1870,-9.54166666666666,96,83,0.8645833333333334,-0.11831662803888321,14.227752685546875,1.532932037662249e-05,0.596134603023529
1871,-7.63157894736842,95,83,0.8736842105263158,-0.32057157158851624,15.671712875366211,1.5309593436541036e-05,0.4268772602081299
1872,46.46153846153847,52,52,0.9846153846153847,-0.657451868057251,21.831729888916016,1.5545803762506694e-05,2.7420029640197754
1873,-9.541666666666664,96,83,0.8645833333333334,-0.22519135475158691,16.807117462158203,1.4988502698543016e-05,0.3014432489871979
1874,63.95652173913042,23,20,0.8695652173913043,-0.4957728683948517,53.95836639404297,1.5355490177171305e-05,2.7265262603759766
1875,63.95652173913043,23,20,0.8695652173913043,0.03359128162264824,45.11043167114258,1.5360938050434925e-05,1.423903465270996
1876,59.33333333333334,24,20,0.8333333333333334,2.023318290710449,48.22160720825195,1.7602746083866805e-05,6.386707782745361
1877,-105.54575163398694,204,201,0.9845424836601308,0.0037434694822877645,5.7467145919799805,1.7570971976965666e-05,0.4637731909751892
1878,-105.46732026143792,204,202,0.9853267973856209,0.43894943594932556,5.468151569366455,1.773718759068288e-05,1.4797859191894531
1879,46.46153846153847,52,52,0.9846153846153847,-0.13875479996204376,23.292295455932617,1.7660928278928623e-05,0.1229221373796463
1880,-9.541666666666663,96,83,0.8645833333333334,-0.09828701615333557,15.038318634033203,1.7649193978286348e-05,0.14939305186271667
1881,63.95652173913043,23,20,0.8695652173913043,-0.6105953454971313,47.71449661254883,1.824048740672879e-05,3.3918373584747314
1882,40.95652173913043,46,40,0.8695652173913043,-0.041878607124090195,29.0469913482666,1.8241846191813238e-05,0.5983383655548096
1883,46.626666666666665,50,49,0.9662666666666667,-0.34679433703422546,19.552221298217773,1.8267550331074744e-05,0.371071994304657
1884,49.36879432624113,47,46,0.9636879432624114,0.08630208671092987,18.37413215637207,1.65923574968474e-05,0.14121747016906738
1885,-9.043613707165113,107,105,0.979563862928349,0.20083892345428467,9.78048324584961,1.658870496612508e-05,0.05087369680404663
1886,40.95652173913043,46,40,0.8695652173913043,-0.5575163960456848,27.775943756103516,1.675788917054888e-05,2.060852289199829
1887,-108.53945249597425,207,204,0.9846054750402576,-0.06562812626361847,5.0561203956604,1.6729472918086685e-05,0.42624807357788086
1888,-7.631578947368416,95,83,0.8736842105263158,0.1876159906387329,16.3194637298584,1.661467831581831e-05,0.20099805295467377
1889,47.266666666666666,50,49,0.9726666666666667,0.8175957798957825,21.807052612304688,1.662138311075978e-05,0.36055922508239746
1890,-2.8151815181518276,101,100,0.9818481848184818,0.5166040658950806,10.909097671508789,1.6629905076115392e-05,0.10787288099527359
1891,-6.480769230769237,104,102,0.9751923076923077,-0.291041761636734,13.037714958190918,1.663104740146082e-05,0.5708358883857727
1892,-9.541666666666657,96,83,0.8645833333333334,-0.7811345458030701,14.925156593322754,1.6609257727395743e-05,0.3167925775051117
1893,40.95652173913044,46,40,0.8695652173913043,-0.7276152968406677,32.37416076660156,1.6546007827855647e-05,1.3143424987792969
1894,63.95652173913044,23,20,0.8695652173913043,-0.7110304832458496,50.91190719604492,1.460372641304275e-05,2.5474693775177
1895,-108.53945249597425,207,204,0.9846054750402576,-0.2921086251735687,5.299999237060547,1.4611840924771968e-05,0.03329866752028465
1896,-104.9376026272578,203,200,0.980623973727422,0.19426316022872925,7.6575517654418945,1.38580180646386e-05,0.7329655289649963
1897,-108.53945249597425,207,204,0.9846054750402576,-0.14207980036735535,7.230156421661377,1.3621085599879734e-05,0.3083779811859131
1898,47.625850340136054,49,48,0.9662585034013605,1.3050633668899536,36.217750549316406,4.671468195738271e-05,23.39261817932129
1899,-7.631578947368413,95,83,0.8736842105263158,-0.32447579503059387,22.060497283935547,4.679432822740637e-05,1.4098361730575562
1900,-2.8151815181518294,101,100,0.9818481848184818,0.5990769863128662,16.626964569091797,4.681502468883991e-05,0.4119357466697693
1901,40.95652173913043,46,40,0.8695652173913043,0.30558091402053833,37.815895080566406,4.688955959863961e-05,1.0228890180587769
1902,59.333333333333336,24,20,0.8333333333333334,0.9420582056045532,62.470767974853516,4.6944627683842555e-05,0.6972571015357971
1903,40.95652173913044,46,40,0.8695652173913043,-0.5172685384750366,28.357606887817383,4.687685941462405e-05,1.0755325555801392
1904,63.95652173913044,23,20,0.8695652173913043,-1.0544593334197998,51.7304801940918,4.691930007538758e-05,2.7190279960632324
1905,40.95652173913043,46,40,0.8695652173913043,-0.6179312467575073,31.663341522216797,4.66427045466844e-05,1.143352746963501
1906,-99.21885521885523,198,196,0.9878114478114478,-0.6216943860054016,8.677907943725586,4.647733294405043e-05,0.9097555875778198
1907,-9.541666666666668,96,83,0.8645833333333334,-0.7514387369155884,16.373851776123047,4.648396497941576e-05,0.18973785638809204
1908,-5.961538461538465,104,103,0.9803846153846154,-0.37180185317993164,9.157773971557617,4.6482480684062466e-05,0.07385215163230896
1909,46.62666666666667,50,49,0.9662666666666667,-0.6152696013450623,19.625261306762695,4.642154090106487e-05,1.5025473833084106
1910,-7.107936507936509,105,104,0.978920634920635,-0.20214739441871643,9.850811004638672,4.6522785851266235e-05,1.1218132972717285
1911,-109.93269230769232,208,204,0.9806730769230769,-0.28319913148880005,4.79056453704834,4.6520308387698606e-05,0.03312373161315918
1912,40.95652173913043,46,40,0.8695652173913043,0.8484919667243958,34.54682922363281,4.702375008491799e-05,2.72308611869812
1913,-6.480769230769237,104,102,0.9751923076923077,-0.2261275202035904,10.675490379333496,4.697368058259599e-05,0.33132031559944153
1914,-1.4466666666666712,100,99,0.9855333333333334,-0.22568529844284058,9.70661735534668,4.6967194066382945e-05,0.14866673946380615
1915,63.95652173913043,23,20,0.8695652173913043,0.6300307512283325,59.52006149291992,4.717294723377563e-05,1.7251992225646973
1916,40.95652173913043,46,40,0.8695652173913043,-0.5376516580581665,26.190763473510742,4.7210454795276746e-05,0.9142590761184692
1917,-9.541666666666668,96,83,0.8645833333333334,-0.7951247692108154,17.886905670166016,4.712698864750564e-05,0.1957045942544937
1918,-7.107936507936512,105,104,0.978920634920635,-1.0614534616470337,16.306732177734375,4.7104065743042156e-05,0.1746549904346466
1919,40.95652173913043,46,40,0.8695652173913043,-0.14908941090106964,32.7424201965332,4.714751412393525e-05,1.2694182395935059
1920,47.26666666666666,50,49,0.9726666666666667,-0.6736594438552856,21.88409996032715,4.7353194531751797e-05,1.9145227670669556
1921,40.95652173913043,46,40,0.8695652173913043,0.2715570330619812,30.80596351623535,4.748517676489428e-05,1.4622440338134766
1922,-9.043613707165111,107,105,0.979563862928349,0.38247859477996826,13.047821998596191,4.7531098971376196e-05,0.7908565402030945
1923,-9.541666666666668,96,83,0.8645833333333334,-0.09964619576931,20.62369728088379,4.758203431265429e-05,1.0161030292510986
1924,-8.93769470404985,107,106,0.9806230529595016,0.33380526304244995,18.12554168701172,4.757652641274035e-05,0.003771586576476693
1925,43.88888888888888,45,40,0.8888888888888888,-0.6165744662284851,45.74924850463867,4.802350667887367e-05,4.120735168457031
1926,46.564102564102555,52,52,0.9856410256410256,0.04027829319238663,29.29216957092285,4.8019599489634857e-05,0.43789994716644287
1927,-7.631578947368418,95,83,0.8736842105263158,0.04323791339993477,16.946943283081055,4.810051541426219e-05,1.0847086906433105
1928,-9.541666666666666,96,83,0.8645833333333334,-0.39807379245758057,17.628389358520508,4.801302929990925e-05,0.5819202065467834
1929,-107.9243156199678,207,206,0.990756843800322,-0.5305787324905396,5.40325927734375,4.800198439625092e-05,0.08449090272188187
1930,46.75163398692809,51,51,0.977516339869281,-1.1020935773849487,40.159786224365234,4.810395330423489e-05,1.3932417631149292
1931,46.7516339869281,51,51,0.977516339869281,-0.5246627926826477,19.9914608001709,4.79242044093553e-05,0.3932686746120453
1932,-3.7647058823529522,102,101,0.9823529411764705,-0.14766307175159454,10.448355674743652,4.792331310454756e-05,0.052202463150024414
1933,-7.631578947368418,95,83,0.8736842105263158,0.5342219471931458,19.370885848999023,4.79197951790411e-05,1.6131584644317627
1934,46.75163398692809,51,51,0.977516339869281,0.12354457378387451,43.74552917480469,4.773766340804286e-05,2.75821852684021
1935,40.95652173913043,46,40,0.8695652173913043,0.28285637497901917,53.23832321166992,4.7943798563210294e-05,1.987051248550415
1936,-8.93769470404985,107,106,0.9806230529595016,0.29730427265167236,18.639827728271484,4.6869823563611135e-05,0.33231320977211
1937,63.95652173913043,23,20,0.8695652173913043,1.7920793294906616,88.80558776855469,4.691702633863315e-05,0.7787015438079834
1938,63.95652173913043,23,20,0.8695652173913043,0.83543860912323,79.8099136352539,4.6935045247664675e-05,0.6937337517738342
1939,-2.8151815181518285,101,100,0.9818481848184818,0.06301110237836838,9.443095207214355,4.6936609578551725e-05,0.24060864746570587
1940,-7.631578947368416,95,83,0.8736842105263158,-1.4595105648040771,13.630805015563965,4.732073284685612e-05,2.5911314487457275
1941,40.95652173913044,46,40,0.8695652173913043,-1.3144694566726685,30.902036666870117,4.7354747948702425e-05,1.545723557472229
1942,-9.541666666666664,96,83,0.8645833333333334,-1.02398681640625,16.797203063964844,4.7387344238813967e-05,1.2169955968856812
1943,-3.359477124183014,102,101,0.9864052287581699,-1.2876120805740356,20.558719635009766,4.771997555508278e-05,2.47527813911438
1944,47.13333333333333,50,49,0.9713333333333334,-0.6847326755523682,26.700376510620117,4.77281391795259e-05,0.2604137659072876
1945,-11.432989690721651,97,83,0.8556701030927835,-0.13124731183052063,16.77753448486328,4.797905057785101e-05,1.9692212343215942
1946,63.95652173913044,23,20,0.8695652173913043,0.4113019108772278,78.54737854003906,4.7977908252505586e-05,0.2661857008934021
1947,-4.592233009708743,103,102,0.9840776699029126,0.797808825969696,19.922229766845703,4.81246315757744e-05,1.6539956331253052
1948,47.26666666666666,50,49,0.9726666666666667,0.4656360149383545,40.7120246887207,4.792360050487332e-05,1.1786761283874512
1949,-9.541666666666668,96,83,0.8645833333333334,-0.288396418094635,21.791988372802734,4.7984674893086776e-05,1.1441608667373657
1950,-9.541666666666666,96,83,0.8645833333333334,-0.14864395558834076,19.26719856262207,4.7898614866426215e-05,0.20266085863113403
1951,-108.45893719806764,207,204,0.9854106280193237,0.2908211052417755,11.680432319641113,4.790546154254116e-05,0.2689887285232544
1952,63.95652173913042,23,20,0.8695652173913043,-1.3549444675445557,59.92664337158203,4.9441088776802644e-05,5.178178787231445
1953,63.95652173913042,23,20,0.8695652173913043,-0.44088390469551086,53.30155563354492,4.880427150055766e-05,1.337148904800415
1954,-7.631578947368413,95,83,0.8736842105263158,-0.3514500856399536,15.743489265441895,4.876350431004539e-05,0.9629979729652405
1955,-9.541666666666657,96,83,0.8645833333333334,-0.8430832624435425,14.067009925842285,4.818477827939205e-05,0.5755736231803894
1956,-102.70149253731344,201,198,0.9829850746268657,-0.16384683549404144,5.053221225738525,4.8199279262917116e-05,0.46100595593452454
1957,-4.592233009708752,103,102,0.9840776699029126,-0.3039529025554657,12.086167335510254,4.819784589926712e-05,0.34312087297439575
1958,63.95652173913044,23,20,0.8695652173913043,-0.9177712202072144,46.034698486328125,4.823880590265617e-05,1.2203335762023926
1959,-9.54166666666666,96,83,0.8645833333333334,-0.1874866932630539,12.50245189666748,4.8329660785384476e-05,1.1639347076416016
1960,-9.541666666666664,96,83,0.8645833333333334,-0.27185744047164917,15.7317476272583,4.794789128936827e-05,0.5594534277915955
1961,63.95652173913043,23,20,0.8695652173913043,-0.33540502190589905,70.48849487304688,4.8416426579933614e-05,3.0403075218200684
1962,-107.9243156199678,207,206,0.990756843800322,0.1906859576702118,10.06013298034668,4.835944855585694e-05,0.5587342977523804
1963,40.95652173913042,46,40,0.8695652173913043,0.26281553506851196,46.95673370361328,4.834623177885078e-05,1.2398643493652344
1964,63.95652173913043,23,20,0.8695652173913043,0.33806002140045166,86.62958526611328,4.833011553273536e-05,1.7011843919754028
1965,47.62585034013604,49,48,0.9662585034013605,0.20422399044036865,30.68048667907715,4.804407581104897e-05,0.6642176508903503
1966,63.95652173913043,23,20,0.8695652173913043,1.1929949522018433,60.291202545166016,4.8737580073066056e-05,3.4693362712860107
1967,-7.0512820512820635,104,101,0.9694871794871794,-0.39558693766593933,10.142669677734375,4.877306128037162e-05,1.1873648166656494
1968,-4.592233009708751,103,102,0.9840776699029126,0.18721826374530792,12.811832427978516,4.8809670261107385e-05,0.7994810342788696
1969,-8.937694704049841,107,106,0.9806230529595016,-0.7836609482765198,13.361719131469727,4.880833512288518e-05,0.3035801649093628
1970,46.564102564102555,52,52,0.9856410256410256,-1.5042674541473389,50.92498779296875,4.8841880925465375e-05,1.1227432489395142
1971,-4.592233009708751,103,102,0.9840776699029126,-0.16539283096790314,11.754415512084961,4.883847213932313e-05,0.32080909609794617
1972,63.95652173913044,23,20,0.8695652173913043,-0.3790331482887268,42.17237854003906,4.8471716581843793e-05,0.9347085952758789
1973,-4.915857605178003,103,102,0.98084142394822,0.27868562936782837,11.249996185302734,4.852623897022568e-05,0.9398651123046875
1974,-9.043613707165111,107,105,0.979563862928349,0.07684046775102615,14.977728843688965,4.818831803277135e-05,1.3323311805725098
1975,43.888888888888886,45,40,0.8888888888888888,0.30087241530418396,42.22385787963867,4.8093279474414885e-05,0.6352901458740234
1976,43.888888888888886,45,40,0.8888888888888888,0.9704914093017578,46.38309097290039,4.5619861339218915e-05,1.187583565711975
1977,-2.815181518151828,101,100,0.9818481848184818,0.6324160695075989,19.542551040649414,4.560951856547035e-05,0.4773453176021576
1978,40.95652173913044,46,40,0.8695652173913043,0.8275620937347412,42.46042251586914,4.5569686335511506e-05,1.2610942125320435
1979,47.299319727891145,49,48,0.9629931972789115,0.8676149249076843,28.59739112854004,4.5901713747298345e-05,2.2322351932525635
1980,43.893081761006286,53,52,0.9689308176100629,-0.2756851315498352,18.012243270874023,4.5906417653895915e-05,0.3728289008140564
1981,-9.54166666666666,96,83,0.8645833333333334,-0.4800656735897064,14.466060638427734,4.523546522250399e-05,0.27769938111305237
1982,59.33333333333333,24,20,0.8333333333333334,-0.17986539006233215,67.04591369628906,4.535659172688611e-05,1.4629919528961182
1983,-100.66834170854271,199,196,0.9833165829145729,-0.30619996786117554,4.98834228515625,4.53468419436831e-05,0.05052969232201576
1984,63.95652173913044,23,20,0.8695652173913043,-1.007120966911316,56.081153869628906,4.534562322078273e-05,0.15148672461509705
1985,-105.54575163398694,204,201,0.9845424836601308,-0.06981302052736282,4.74456262588501,4.536362393992022e-05,0.5096811652183533
1986,47.13333333333333,50,49,0.9713333333333334,-0.21684861183166504,16.43954849243164,4.510899816523306e-05,0.08166090399026871
1987,43.888888888888886,45,40,0.8888888888888888,-0.13923439383506775,34.12765884399414,4.5170712837716565e-05,1.0983635187149048
1988,63.95652173913043,23,20,0.8695652173913043,1.8410718441009521,60.19748306274414,4.6986180677777156e-05,5.436920166015625
1989,-9.541666666666664,96,83,0.8645833333333334,-0.07151513546705246,16.475746154785156,4.697966141975485e-05,0.03321347385644913
1990,46.62666666666667,50,49,0.9662666666666667,0.5318331122398376,22.930145263671875,4.750429798150435e-05,2.960444927215576
1991,63.95652173913043,23,20,0.8695652173913043,-0.07987616956233978,53.97209930419922,4.750032530864701e-05,0.6412582993507385
1992,40.95652173913043,46,40,0.8695652173913043,-0.28360387682914734,33.49244689941406,4.753430766868405e-05,0.9134401082992554
1993,-9.541666666666663,96,83,0.8645833333333334,-0.3738727569580078,15.724809646606445,4.741503653349355e-05,0.07552136480808258
1994,49.027210884353735,49,49,0.9802721088435374,-0.6650643944740295,21.71662139892578,4.706385516328737e-05,1.0441827774047852
1995,40.95652173913043,46,40,0.8695652173913043,-0.6062072515487671,39.79655075073242,4.7128021833486855e-05,0.9260094165802002
1996,-7.107936507936511,105,104,0.978920634920635,-0.6934325695037842,12.21385669708252,4.7139379603322595e-05,0.6800796985626221
1997,-102.70149253731344,201,198,0.9829850746268657,-0.12575626373291016,5.235457420349121,4.7148350859060884e-05,0.4626648724079132
1998,-9.541666666666668,96,83,0.8645833333333334,0.030813084915280342,18.627666473388672,1.3713829503103625e-05,0.5845906138420105
1999,-9.541666666666659,96,83,0.8645833333333334,-0.11091139912605286,15.05359172821045,1.3598835721495561e-05,0.1014360561966896
2000,-108.53945249597425,207,204,0.9846054750402576,-0.0608120933175087,5.2841925621032715,1.3587108696810901e-05,0.11252199858427048
2001,-8.937694704049848,107,106,0.9806230529595016,-0.015673309564590454,11.257559776306152,1.3523582310881466e-05,0.3597879409790039
2002,-4.25490196078432,102,100,0.9774509803921568,0.3538960814476013,11.51719856262207,1.3499013221007772e-05,0.3494810461997986
2003,38.1063829787234,47,40,0.851063829787234,0.5016893744468689,30.116636276245117,1.3715247405343689e-05,2.106801986694336
2004,-4.9158576051780045,103,102,0.98084142394822,-0.1039387434720993,11.106927871704102,1.326395522482926e-05,0.1789936125278473
2005,-5.702127659574463,94,83,0.8829787234042553,0.1539827138185501,13.454608917236328,1.3285537534102332e-05,1.2881442308425903
2006,48.68707482993197,49,48,0.9768707482993197,0.6022719144821167,25.09450340270996,1.3488914191839285e-05,2.0388970375061035
2007,-7.051282051282063,104,101,0.9694871794871794,-0.18991278111934662,10.827455520629883,1.3487730029737577e-05,0.11942002922296524
2008,-9.54166666666666,96,83,0.8645833333333334,-0.6178069114685059,15.787007331848145,1.3678624782187399e-05,1.752989411354065
2009,-104.9376026272578,203,200,0.980623973727422,0.09496676921844482,4.8727898597717285,1.3542874512495473e-05,0.2993960380554199
2010,43.888888888888886,45,40,0.8888888888888888,0.3202720582485199,32.051353454589844,1.3498215594154317e-05,0.7211973667144775
2011,-7.6315789473684195,95,83,0.8736842105263158,-0.7921907305717468,15.679537773132324,1.3846921319782268e-05,2.3764636516571045
2012,-4.592233009708751,103,102,0.9840776699029126,0.1446286290884018,10.997806549072266,1.338979200227186e-05,0.3878321647644043
2013,-3.7647058823529522,102,101,0.9823529411764705,-0.29928165674209595,8.826303482055664,1.3399570889305323e-05,0.5930960774421692
2014,46.066666666666656,50,49,0.9606666666666667,0.011109933257102966,16.664012908935547,1.3462459719448816e-05,0.971652090549469
2015,46.56410256410256,52,52,0.9856410256410256,-0.9105246663093567,20.58359146118164,1.3310571375768632e-05,0.8829972743988037
2016,40.95652173913043,46,40,0.8695652173913043,-0.8550906777381897,26.668981552124023,1.35512500492041e-05,2.219862699508667
2017,-105.44117647058825,204,202,0.9855882352941177,-0.23680533468723297,4.635429859161377,1.354666892439127e-05,0.1131029799580574
2018,-99.21885521885523,198,196,0.9878114478114478,-0.26953259110450745,5.243986129760742,1.3567502719524782e-05,0.72208172082901
2019,-2.815181518151827,101,100,0.9818481848184818,-0.04223677143454552,9.556150436401367,1.3455248335958458e-05,0.3136175870895386
2020,-7.631578947368421,95,83,0.8736842105263158,-0.4359038770198822,14.478606224060059,1.3257626960694324e-05,0.4021706283092499
2021,63.95652173913043,23,20,0.8695652173913043,-0.3803783059120178,51.23005676269531,1.3269340342958458e-05,1.7343918085098267
2022,40.95652173913044,46,40,0.8695652173913043,-0.7154738903045654,30.463788986206055,1.3613796909339726e-05,2.680659294128418
2023,63.95652173913043,23,20,0.8695652173913043,0.8296529650688171,54.38044357299805,1.4050101526663639e-05,2.6633968353271484
2024,63.95652173913044,23,20,0.8695652173913043,-0.3959245979785919,57.452392578125,1.406317824148573e-05,0.3581700026988983
2025,63.95652173913043,23,20,0.8695652173913043,-0.09572811424732208,61.7962760925293,1.3130571460351348e-05,0.957320511341095
2026,63.95652173913043,23,20,0.8695652173913043,-1.6076382398605347,55.32310485839844,1.4863228898320813e-05,5.424967288970947
2027,63.95652173913044,23,20,0.8695652173913043,-0.9198181629180908,62.599910736083984,1.5085825907590333e-05,2.4042060375213623
2028,-99.21885521885523,198,196,0.9878114478114478,0.22014299035072327,5.214654445648193,1.5055770745675545e-05,0.09463776648044586
2029,-4.59223300970875,103,102,0.9840776699029126,0.4927351176738739,10.329141616821289,1.5084406186360866e-05,0.5628933310508728
2030,40.956521739130416,46,40,0.8695652173913043,0.24571534991264343,31.718320846557617,1.4990975614637136e-05,0.0016033280408009887
2031,38.10638297872341,47,40,0.851063829787234,-0.5409950613975525,34.062355041503906,1.5196113054116722e-05,1.9939781427383423
2032,63.95652173913043,23,20,0.8695652173913043,1.2392606735229492,56.78924560546875,1.635354601603467e-05,4.194764137268066
2033,47.62585034013605,49,48,0.9662585034013605,-0.20667791366577148,15.862639427185059,1.6223330021603033e-05,0.8265722990036011
2034,-11.432989690721657,97,83,0.8556701030927835,-0.8380950093269348,17.00432586669922,1.6171750758076087e-05,2.5940630435943604
2035,-4.592233009708751,103,102,0.9840776699029126,0.3483535945415497,8.819967269897461,1.5966224964358844e-05,0.3015793561935425
2036,-7.631578947368415,95,83,0.8736842105263158,-0.06088036671280861,14.619621276855469,1.5990546671673656e-05,0.5725886225700378
2037,40.95652173913043,46,40,0.8695652173913043,-0.19255699217319489,28.29290771484375,1.5948795407894067e-05,0.20044179260730743
2038,63.95652173913044,23,20,0.8695652173913043,-0.5309944152832031,52.54421615600586,1.595320281921886e-05,0.9521510601043701
2039,43.888888888888886,45,40,0.8888888888888888,0.047984667122364044,27.370500564575195,1.5976869690348394e-05,0.6000856757164001
2040,-6.480769230769236,104,102,0.9751923076923077,-0.48379620909690857,8.94771957397461,1.5660569260944612e-05,1.1285812854766846
2041,63.95652173913043,23,20,0.8695652173913043,0.8051887154579163,57.313201904296875,1.5874944438110106e-05,2.2950758934020996
2042,63.95652173913042,23,20,0.8695652173913043,0.06759671121835709,52.730953216552734,1.5775711290189065e-05,0.2578184902667999
2043,-104.76026272577997,203,200,0.9823973727422003,-0.016825975850224495,5.051393032073975,1.5416972019011155e-05,0.007205299101769924
2044,63.95652173913042,23,20,0.8695652173913043,0.13490712642669678,51.52999496459961,1.5441935829585418e-05,0.7641676068305969
2045,43.88888888888888,45,40,0.8888888888888888,0.9153832793235779,30.79965591430664,1.5604799045831896e-05,2.5409960746765137
2046,63.95652173913043,23,20,0.8695652173913043,0.058688707649707794,58.48780822753906,1.561525641591288e-05,0.41503024101257324
2047,40.95652173913043,46,40,0.8695652173913043,-0.7411937117576599,29.86391258239746,1.575407623022329e-05,2.3502392768859863
2048,-108.53945249597425,207,204,0.9846054750402576,-0.1967538297176361,4.274103164672852,1.5681864169891924e-05,0.12066079676151276
2049,-105.44117647058825,204,202,0.9855882352941177,0.034108273684978485,4.727401256561279,1.5612915376550518e-05,0.25738292932510376
2050,40.95652173913043,46,40,0.8695652173913043,0.41067615151405334,29.74720573425293,1.568010338814929e-05,0.9946874380111694
2051,-2.8151815181518285,101,100,0.9818481848184818,0.3008870482444763,7.715924263000488,1.5673662346671335e-05,0.07710818201303482
2052,-108.45893719806764,207,204,0.9854106280193237,0.1244407519698143,4.664721488952637,1.4057170119485818e-05,0.5045563578605652
2053,63.95652173913042,23,20,0.8695652173913043,-0.09547558426856995,48.201541900634766,1.3947172192274593e-05,0.12944406270980835
2054,63.95652173913043,23,20,0.8695652173913043,-1.4464833736419678,48.43011474609375,1.5683670426369645e-05,5.419166564941406
2055,-9.541666666666664,96,83,0.8645833333333334,0.06337562203407288,14.338725090026855,1.572182372910902e-05,0.9047834873199463
2056,63.95652173913043,23,20,0.8695652173913043,-0.6787012815475464,48.26739501953125,1.609689752513077e-05,2.572441816329956
2057,-7.631578947368416,95,83,0.8736842105263158,0.00022376493143383414,14.376441955566406,1.6107098417705856e-05,0.5108243823051453
2058,-8.937694704049846,107,106,0.9806230529595016,-0.392081081867218,8.896835327148438,1.6119382053148e-05,1.3036943674087524
2059,-8.93769470404985,107,106,0.9806230529595016,0.007373596541583538,8.381834983825684,1.6034955478971824e-05,0.3220672607421875
2060,59.33333333333334,24,20,0.8333333333333334,0.19587379693984985,53.320770263671875,1.6055653759394772e-05,0.6906057596206665
2061,63.95652173913043,23,20,0.8695652173913043,0.27498266100883484,55.2193603515625,1.551894638396334e-05,0.465620756149292
2062,40.95652173913042,46,40,0.8695652173913043,-0.04854552075266838,30.33726692199707,1.5502173482673243e-05,0.13596400618553162
2063,63.956521739130444,23,20,0.8695652173913043,-1.2588289976119995,55.29693603515625,1.804731073207222e-05,6.58640193939209
2064,63.95652173913043,23,20,0.8695652173913043,0.4654577374458313,50.747718811035156,1.7894653865369037e-05,0.3752988874912262
2065,40.95652173913044,46,40,0.8695652173913043,1.2265655994415283,27.188669204711914,1.922084265970625e-05,4.655990123748779
2066,-9.541666666666671,96,83,0.8645833333333334,-0.12253987044095993,13.701855659484863,1.8465201719664037e-05,0.12879449129104614
2067,-7.631578947368424,95,83,0.8736842105263158,0.033570822328329086,15.2526216506958,1.8386483134236187e-05,0.11651533842086792
2068,-105.44117647058825,204,202,0.9855882352941177,0.14747510850429535,5.0169901847839355,1.834958493418526e-05,0.2877960801124573
2069,-5.317152103559876,103,101,0.9768284789644013,0.31513941287994385,9.523394584655762,1.8358832676312886e-05,0.4279099106788635
2070,40.95652173913042,46,40,0.8695652173913043,0.2058967798948288,27.839508056640625,1.8414071746519767e-05,1.4264118671417236
2071,-4.592233009708751,103,102,0.9840776699029126,0.19145700335502625,8.588743209838867,1.8410788470646366e-05,0.21771752834320068
2072,-105.46732026143792,204,202,0.9853267973856209,0.06294766068458557,4.8045334815979,1.836645242292434e-05,0.40941333770751953
2073,63.95652173913044,23,20,0.8695652173913043,-0.061099786311388016,46.465118408203125,1.8347665900364518e-05,0.8146024346351624
2074,-9.541666666666664,96,83,0.8645833333333334,0.15379753708839417,14.124563217163086,1.836833507695701e-05,1.4158118963241577
2075,46.066666666666656,50,49,0.9606666666666667,-0.25696226954460144,16.04146957397461,1.8399363398202695e-05,0.9548513293266296
2076,-9.541666666666668,96,83,0.8645833333333334,-0.04783191904425621,12.724386215209961,1.8318916772841476e-05,0.3552497327327728
2077,63.95652173913043,23,20,0.8695652173913043,-0.42892852425575256,48.55717849731445,1.8506480046198703e-05,1.8265761137008667
2078,-9.541666666666664,96,83,0.8645833333333334,-0.11438681930303574,14.315530776977539,1.840365439420566e-05,0.08490568399429321
2079,-102.70149253731344,201,198,0.9829850746268657,-0.13318952918052673,4.294227600097656,1.808763772714883e-05,0.2473672330379486
2080,-105.44117647058825,204,202,0.9855882352941177,-0.07507648319005966,4.6905131340026855,1.8082597307511605e-05,0.18475471436977386
2081,40.95652173913043,46,40,0.8695652173913043,0.6421427726745605,30.545042037963867,1.8321552488487214e-05,1.944798469543457
2082,46.564102564102555,52,52,0.9856410256410256,-0.6316414475440979,14.442459106445312,1.8287460989085957e-05,1.3843975067138672
2083,-99.21885521885523,198,196,0.9878114478114478,-0.05459422990679741,5.07364559173584,1.8287168131791987e-05,0.17399810254573822
2084,47.13333333333333,50,49,0.9713333333333334,-0.31884899735450745,26.44264793395996,1.8338845620746724e-05,0.9972591996192932
2085,-9.541666666666664,96,83,0.8645833333333334,-0.241148442029953,15.32891845703125,1.832202724472154e-05,0.3758173882961273
2086,40.95652173913042,46,40,0.8695652173913043,0.07549232244491577,30.035377502441406,1.83218016900355e-05,0.25752466917037964
2087,-4.592233009708751,103,102,0.9840776699029126,0.31827831268310547,10.876689910888672,1.825923754950054e-05,0.046843815594911575
2088,-105.54575163398692,204,201,0.9845424836601308,-0.27990734577178955,4.376617908477783,1.6367035641451366e-05,0.14881424605846405
2089,-5.961538461538468,104,103,0.9803846153846154,-0.21232716739177704,10.239727020263672,1.6378946384065785e-05,0.592681348323822
2090,-7.631578947368412,95,83,0.8736842105263158,-0.6101717352867126,12.978597640991211,1.584068922966253e-05,1.1755452156066895
2091,-9.541666666666668,96,83,0.8645833333333334,-0.9757449626922607,19.760766983032227,1.59822084242478e-05,1.9292256832122803
2092,-7.631578947368414,95,83,0.8736842105263158,-0.5592197179794312,15.613677024841309,1.5917574273771606e-05,0.6991244554519653
2093,40.95652173913043,46,40,0.8695652173913043,0.2371589094400406,33.302024841308594,1.596777292434126e-05,0.6921641826629639
2094,-105.54575163398692,204,201,0.9845424836601308,-0.37642231583595276,5.622686862945557,1.5927002095850185e-05,0.0463414266705513
2095,48.68707482993197,49,48,0.9768707482993197,-0.9642207622528076,22.637035369873047,1.742580752761569e-05,5.210987567901611
2096,-9.54166666666667,96,83,0.8645833333333334,-0.12080948799848557,15.218998908996582,1.7418449715478346e-05,0.011595445685088634
2097,-109.40064102564104,208,206,0.9859935897435897,-0.1744919717311859,4.352561950683594,1.7437161659472622e-05,0.35406428575515747
2098,-108.53945249597425,207,204,0.9846054750402576,-0.15099838376045227,3.745936393737793,2.1010935597587377e-05,7.678038120269775
2099,-9.541666666666659,96,83,0.8645833333333334,-0.5492572784423828,16.22906494140625,2.1268615455483086e-05,2.3236827850341797
2100,-9.541666666666654,96,83,0.8645833333333334,-0.08198045194149017,16.5609073638916,2.1269201170071028e-05,0.44215089082717896
2101,-105.44117647058825,204,202,0.9855882352941177,0.13352738320827484,4.5821332931518555,2.127550214936491e-05,0.07255669683218002
2102,-9.043613707165113,107,105,0.979563862928349,0.135346919298172,8.33549976348877,2.125241735484451e-05,0.2447892427444458
2103,47.266666666666666,50,49,0.9726666666666667,0.5777972340583801,23.536516189575195,2.0922438125126064e-05,0.2882157564163208
2104,-4.2549019607843235,102,100,0.9774509803921568,0.28461596369743347,7.8859357833862305,2.094949559250381e-05,0.3893378973007202
2105,46.46153846153846,52,52,0.9846153846153847,-0.11157672852277756,20.306943893432617,2.0805457097594626e-05,0.08323604613542557
2106,40.95652173913044,46,40,0.8695652173913043,-0.061677802354097366,29.75897789001465,2.0469047740334645e-05,0.1700850874185562
2107,-7.631578947368413,95,83,0.8736842105263158,-0.5150014758110046,12.263595581054688,2.045827750407625e-05,0.19935686886310577
2108,-5.702127659574467,94,83,0.8829787234042553,-0.2592264413833618,13.732351303100586,2.0436678823898546e-05,1.0230340957641602
2109,-9.54166666666667,96,83,0.8645833333333334,-0.4778885841369629,13.153814315795898,2.0434672478586435e-05,0.2709095776081085
2110,-100.66834170854271,199,196,0.9833165829145729,-0.5072110891342163,5.181067943572998,2.0373281586216763e-05,0.12153559923171997
2111,-5.702127659574465,94,83,0.8829787234042553,-0.39891573786735535,13.195056915283203,2.013472476392053e-05,0.4333031475543976
2112,48.10204081632652,49,48,0.9710204081632653,0.10802550613880157,15.461155891418457,2.0136076273047365e-05,0.07592793554067612
2113,-9.541666666666666,96,83,0.8645833333333334,-0.5452015399932861,14.23505973815918,2.0129424228798598e-05,0.23992659151554108
2114,-102.70149253731344,201,198,0.9829850746268657,-0.3755599558353424,3.9792463779449463,2.0072864572284743e-05,0.7880721092224121
2115,59.333333333333336,24,20,0.8333333333333334,1.603278636932373,52.126522064208984,2.1408770408015698e-05,4.453439712524414
2116,-5.7021276595744705,94,83,0.8829787234042553,-0.06361307203769684,13.576297760009766,2.1181482225074433e-05,0.39713260531425476
2117,59.333333333333336,24,20,0.8333333333333334,-1.0028313398361206,53.69697189331055,2.1713391106459312e-05,3.148426055908203
2118,-105.54575163398694,204,201,0.9845424836601308,-0.12926962971687317,3.7940475940704346,2.170217157981824e-05,0.046236444264650345
2119,-8.93769470404985,107,106,0.9806230529595016,-0.08027893304824829,7.89793062210083,2.1739693693234585e-05,0.6610934138298035
2120,40.95652173913043,46,40,0.8695652173913043,-0.34731319546699524,27.116790771484375,2.1776751964353025e-05,1.0109509229660034
2121,40.95652173913044,46,40,0.8695652173913043,-0.16374090313911438,28.53584861755371,2.1635996745317243e-05,0.4144574701786041
2122,46.73333333333333,50,49,0.9673333333333334,0.29986459016799927,15.646133422851562,2.1410891349660233e-05,1.4275548458099365
2123,46.73333333333333,50,49,0.9673333333333334,-0.26146021485328674,17.203357696533203,2.093629700539168e-05,0.7902917861938477
2124,40.95652173913043,46,40,0.8695652173913043,0.23302359879016876,29.042299270629883,2.093223884003237e-05,0.29524946212768555
2125,46.73333333333333,50,49,0.9673333333333334,0.1991581916809082,18.352693557739258,2.089264125970658e-05,0.6339765787124634
2126,63.95652173913044,23,20,0.8695652173913043,-0.8677031993865967,54.71822738647461,1.9960978534072638e-05,3.694265842437744
2127,40.95652173913044,46,40,0.8695652173913043,-0.05268847569823265,27.752851486206055,1.966878517123405e-05,0.6561722755432129
2128,-5.718446601941756,103,101,0.9728155339805825,0.06450843811035156,8.975729942321777,1.969190634554252e-05,0.5013160705566406
2129,63.95652173913043,23,20,0.8695652173913043,0.8048543930053711,43.215187072753906,2.024606328632217e-05,2.9333431720733643
2130,46.626666666666665,50,49,0.9662666666666667,0.11055069416761398,17.024394989013672,2.0388826669659466e-05,1.3974764347076416
2131,-102.70149253731344,201,198,0.9829850746268657,-0.2139279544353485,4.273740291595459,2.0171994037809782e-05,0.1646205484867096
2132,-110.85964912280703,209,206,0.9814035087719298,-0.06390541791915894,5.030030727386475,1.9026037989533506e-05,0.3071640133857727
2133,-104.76026272577998,203,200,0.9823973727422003,-0.14082446694374084,4.736122131347656,1.8980139429913834e-05,0.3063356578350067
2134,-3.422442244224428,101,99,0.9757755775577558,-0.06284639984369278,8.21191120147705,1.8609323888085783e-05,0.1566828042268753
2135,-7.631578947368422,95,83,0.8736842105263158,0.15667787194252014,13.105116844177246,1.9206772776669823e-05,3.0783848762512207
2136,49.027210884353735,49,49,0.9802721088435374,0.3620726764202118,14.852560997009277,1.951226659002714e-05,2.2237255573272705
2137,47.13333333333333,50,49,0.9713333333333334,-0.6980404853820801,28.579851150512695,1.974603765120264e-05,2.078355073928833
2138,-7.631578947368414,95,83,0.8736842105263158,0.0647374615073204,13.903698921203613,1.9754632376134396e-05,0.8265154361724854
2139,-8.93769470404985,107,106,0.9806230529595016,-0.0006570816622115672,9.270498275756836,1.9734359739231877e-05,0.31138384342193604
2140,63.95652173913044,23,20,0.8695652173913043,0.05555487051606178,57.71769332885742,3.658885179902427e-05,16.69518280029297
2141,-4.254901960784315,102,100,0.9774509803921568,0.1515265256166458,9.014616966247559,3.623760130722076e-05,0.49078068137168884
2142,47.13333333333333,50,49,0.9713333333333334,-0.19019578397274017,18.233409881591797,3.624246164690703e-05,0.440570205450058
2143,43.888888888888886,45,40,0.8888888888888888,0.4114314615726471,32.88934326171875,3.641640432761051e-05,1.5572062730789185
2144,-100.66834170854271,199,196,0.9833165829145729,-0.2496981918811798,4.975975036621094,3.6391025787452236e-05,0.060727037489414215
2145,47.13333333333333,50,49,0.9713333333333334,-0.05131210759282112,21.731401443481445,3.6001460102852434e-05,0.758234441280365
2146,-9.043613707165111,107,105,0.979563862928349,-0.38307899236679077,8.173527717590332,3.599086630856618e-05,0.49922287464141846
2147,46.73333333333333,50,49,0.9673333333333334,-0.2743913233280182,16.57294464111328,3.574146467144601e-05,1.059867262840271
2148,-3.42244224422443,101,99,0.9757755775577558,0.09279771894216537,7.874233722686768,3.577774259611033e-05,0.6749697327613831
2149,40.95652173913043,46,40,0.8695652173913043,-0.09954404085874557,31.239124298095703,4.160328899160959e-05,9.768404960632324
2150,-1.4466666666666703,100,99,0.9855333333333334,0.14208076894283295,8.346481323242188,4.154226553509943e-05,0.4006290137767792
2151,-2.9537953795379686,101,100,0.9804620462046204,-0.4441986382007599,8.788046836853027,4.159323361818679e-05,1.053615689277649
2152,-4.915857605178001,103,102,0.98084142394822,0.0925954207777977,8.133537292480469,4.160877870162949e-05,0.6731023192405701
2153,-99.21885521885523,198,196,0.9878114478114478,-0.31679245829582214,4.735004901885986,4.162560435361229e-05,0.6700120568275452
2154,40.95652173913044,46,40,0.8695652173913043,0.586752712726593,30.594247817993164,4.0240236558020115e-05,2.2694132328033447
2155,63.95652173913043,23,20,0.8695652173913043,-0.3159269392490387,52.374507904052734,4.0263752453029156e-05,1.2511520385742188
2156,-4.915857605178002,103,102,0.98084142394822,-0.06910141557455063,8.273701667785645,3.9887119783088565e-05,0.21628238260746002
2157,-7.051282051282055,104,101,0.9694871794871794,-0.2552472651004791,8.759574890136719,3.987312447861768e-05,0.26249292492866516
2158,47.26666666666666,50,49,0.9726666666666667,0.44682416319847107,16.7006893157959,3.9868820749688894e-05,1.1595996618270874
2159,-4.2549019607843235,102,100,0.9774509803921568,-0.13334742188453674,9.856843948364258,3.986426236224361e-05,0.3003687858581543
2160,-5.96153846153847,104,103,0.9803846153846154,-0.11219856888055801,11.234442710876465,3.983217175118625e-05,0.13326971232891083
2161,-102.70149253731344,201,198,0.9829850746268657,-0.26861435174942017,3.942958354949951,3.9821810787543654e-05,0.26906123757362366
2162,48.10204081632652,49,48,0.9710204081632653,0.058036983013153076,15.03918170928955,3.984734576079063e-05,0.7094336748123169
2163,63.95652173913042,23,20,0.8695652173913043,0.5817810297012329,54.461334228515625,3.7292451452231035e-05,1.2256430387496948
2164,-100.66834170854271,199,196,0.9833165829145729,0.04346347227692604,4.277195930480957,3.729385571205057e-05,0.40665820240974426
2165,-2.815181518151828,101,100,0.9818481848184818,0.29478177428245544,8.317258834838867,3.5952605685452e-05,0.05139937624335289
2166,-4.25490196078432,102,100,0.9774509803921568,0.19371075928211212,7.622315883636475,3.5952900361735374e-05,0.08767537772655487
2167,-109.40064102564104,208,206,0.9859935897435897,-0.3575187027454376,4.822904586791992,3.595977614168078e-05,0.3985807001590729
2168,63.95652173913043,23,20,0.8695652173913043,0.7334495186805725,45.31051254272461,3.6315173929324374e-05,2.397555112838745
2169,59.33333333333333,24,20,0.8333333333333334,1.0314409732818604,45.06924819946289,3.658621426438913e-05,2.1364917755126953
2170,40.95652173913043,46,40,0.8695652173913043,0.03967558592557907,29.762409210205078,3.6460689443629235e-05,0.09916085749864578
2171,-7.631578947368413,95,83,0.8736842105263158,0.18172799050807953,14.634602546691895,3.653826206573285e-05,1.138781189918518
2172,-107.9243156199678,207,206,0.990756843800322,-0.14756758511066437,4.330260276794434,3.653422390925698e-05,0.3201119899749756
2173,63.95652173913043,23,20,0.8695652173913043,0.5891661643981934,52.803123474121094,3.6869281757390127e-05,2.495215654373169
2174,46.564102564102555,52,52,0.9856410256410256,-0.39853110909461975,15.94470500946045,3.677421773318201e-05,0.6015124320983887
2175,47.13333333333333,50,49,0.9713333333333334,0.30549442768096924,22.68911361694336,3.6968343920307234e-05,2.060175895690918
2176,43.888888888888886,45,40,0.8888888888888888,0.24165305495262146,31.425989151000977,3.6980101867811754e-05,0.5822814106941223
2177,40.95652173913044,46,40,0.8695652173913043,-0.1846359819173813,28.658021926879883,3.681961607071571e-05,0.9076521396636963
2178,43.893081761006286,53,52,0.9689308176100629,0.003169473260641098,15.081888198852539,3.681998350657523e-05,0.14073866605758667
2179,63.95652173913042,23,20,0.8695652173913043,0.15273000299930573,46.68960952758789,3.682849637698382e-05,0.4762458801269531
2180,-8.937694704049848,107,106,0.9806230529595016,-0.2982940375804901,8.113556861877441,3.6837398511124775e-05,0.3921625018119812
2181,-4.9158576051780045,103,102,0.98084142394822,-0.1839206963777542,8.334131240844727,3.661932350951247e-05,0.21097545325756073
2182,-9.541666666666664,96,83,0.8645833333333334,0.0032741439063102007,13.962668418884277,3.668384306365624e-05,1.8151777982711792
2183,40.95652173913043,46,40,0.8695652173913043,0.03489183634519577,32.625099182128906,3.672572347568348e-05,0.9343968033790588
2184,46.75163398692809,51,51,0.977516339869281,-0.4399063289165497,14.624561309814453,3.699698572745547e-05,2.2820096015930176
2185,-103.45214521452145,202,200,0.9854785478547855,-0.18104694783687592,4.884902477264404,3.69942317774985e-05,0.32096368074417114
2186,-9.54166666666667,96,83,0.8645833333333334,-0.4871545433998108,14.65497875213623,3.7041743780719116e-05,0.8803826570510864
2187,40.95652173913043,46,40,0.8695652173913043,-0.4872451722621918,27.31977653503418,3.707604992086999e-05,0.6923330426216125
2188,46.626666666666665,50,49,0.9662666666666667,-0.4368319511413574,18.93408966064453,3.708643635036424e-05,0.48049888014793396
2189,-8.93769470404985,107,106,0.9806230529595016,-0.14168693125247955,7.479307174682617,3.706476491061039e-05,0.351696640253067
2190,-9.541666666666666,96,83,0.8645833333333334,-0.5385427474975586,14.467665672302246,3.702750109368935e-05,0.902275025844574
2191,-9.541666666666659,96,83,0.8645833333333334,-0.2703011929988861,12.219513893127441,3.6783636460313573e-05,0.20839865505695343
2192,48.68707482993197,49,48,0.9768707482993197,0.43124517798423767,20.26186180114746,3.6770437873201445e-05,0.7465177178382874
2193,-100.66834170854271,199,196,0.9833165829145729,-0.03564535081386566,4.677113056182861,3.6756377085112035e-05,0.2569374442100525
2194,63.95652173913044,23,20,0.8695652173913043,0.07439254224300385,41.158836364746094,3.6761932278750464e-05,0.23640123009681702
2195,-3.359477124183012,102,101,0.9864052287581699,0.07587986439466476,9.52514934539795,3.505814675008878e-05,0.7319075465202332
2196,49.36879432624113,47,46,0.9636879432624114,0.2856210768222809,18.18779182434082,3.508494046400301e-05,0.8155877590179443
2197,-4.915857605178003,103,102,0.98084142394822,0.02504456415772438,7.953367710113525,3.5082295653410256e-05,0.17705953121185303
2198,63.95652173913044,23,20,0.8695652173913043,-1.2488467693328857,47.232120513916016,3.253123941249214e-05,3.9708492755889893
2199,43.888888888888886,45,40,0.8888888888888888,0.34875234961509705,28.310054779052734,3.216664481442422e-05,0.012322050519287586
2200,-105.44117647058825,204,202,0.9855882352941177,-0.005359283648431301,4.3546929359436035,3.214694152120501e-05,0.1749018430709839
2201,-9.541666666666664,96,83,0.8645833333333334,-0.4834652543067932,18.19345474243164,3.2171126804314554e-05,0.5021806359291077
2202,-2.9537953795379672,101,100,0.9804620462046204,-0.6035380959510803,8.148770332336426,3.234215182601474e-05,1.587530493736267
2203,63.95652173913043,23,20,0.8695652173913043,-0.38867583870887756,45.846527099609375,3.242026286898181e-05,1.0373066663742065
2204,46.626666666666665,50,49,0.9662666666666667,-0.5567416548728943,15.686668395996094,3.247293352615088e-05,0.8809368014335632
2205,-100.66834170854271,199,196,0.9833165829145729,-0.1979110836982727,4.139875888824463,3.24845350405667e-05,0.3532894253730774
2206,-7.6315789473684195,95,83,0.8736842105263158,-0.5760572552680969,14.944384574890137,3.258642027503811e-05,1.2423652410507202
2207,63.95652173913044,23,20,0.8695652173913043,1.12065589427948,49.73737335205078,3.318773815408349e-05,3.2246453762054443
2208,40.95652173913043,46,40,0.8695652173913043,0.3551119863986969,27.857746124267578,3.324875797261484e-05,1.4602906703948975
2209,40.95652173913043,46,40,0.8695652173913043,-1.0094283819198608,31.97210121154785,3.440479849814437e-05,4.249224662780762
2210,38.10638297872341,47,40,0.851063829787234,-0.0014740308979526162,28.390045166015625,3.440277941990644e-05,0.031092192977666855
2211,40.95652173913043,46,40,0.8695652173913043,-0.5887095928192139,31.428428649902344,3.458807259448804e-05,1.7207823991775513
2212,46.75163398692809,51,51,0.977516339869281,0.05681740120053291,15.081486701965332,3.460834705037996e-05,0.6338958144187927
2213,-2.953795379537966,101,100,0.9804620462046204,0.0024678728077560663,8.776284217834473,3.466627822490409e-05,1.0714021921157837
2214,47.62585034013605,49,48,0.9662585034013605,-0.2703096866607666,14.598967552185059,3.4639640944078565e-05,0.5224609375
2215,63.95652173913042,23,20,0.8695652173913043,1.6059026718139648,47.4827995300293,3.47968889400363e-05,4.736576557159424
2216,-5.718446601941754,103,101,0.9728155339805825,0.2578929364681244,9.36063289642334,3.4810815122909844e-05,0.6497849822044373
2217,-9.541666666666668,96,83,0.8645833333333334,0.10291074216365814,15.378852844238281,3.421741348574869e-05,1.042052149772644
2218,-108.45893719806764,207,204,0.9854106280193237,-0.12571673095226288,4.118063449859619,3.423313319217414e-05,0.48544377088546753
2219,40.95652173913044,46,40,0.8695652173913043,0.3279327154159546,33.592506408691406,3.423068119445816e-05,0.6798215508460999
2220,-9.541666666666666,96,83,0.8645833333333334,0.15592463314533234,14.81017017364502,3.4235523344250396e-05,1.306563377380371
2221,46.626666666666665,50,49,0.9662666666666667,-0.20766803622245789,15.758947372436523,3.421962901484221e-05,0.38424891233444214
2222,63.95652173913044,23,20,0.8695652173913043,0.36078864336013794,44.426734924316406,3.417739935684949e-05,1.1248469352722168
2223,-100.66834170854271,199,196,0.9833165829145729,-0.2174069583415985,4.582547187805176,3.4141670766985044e-05,0.5663003921508789
2224,63.95652173913043,23,20,0.8695652173913043,-0.3544674813747406,61.98176956176758,3.425565591896884e-05,1.5293679237365723
2225,47.299319727891145,49,48,0.9629931972789115,-0.09540292620658875,16.39978790283203,3.4311742638237774e-05,0.9044805765151978
2226,-108.45893719806764,207,204,0.9854106280193237,-0.2775384187698364,4.105724334716797,3.341506817378104e-05,0.43824559450149536
2227,40.95652173913043,46,40,0.8695652173913043,-0.6252257823944092,29.176908493041992,3.361863855388947e-05,1.8203918933868408
2228,63.95652173913044,23,20,0.8695652173913043,-2.7745673656463623,53.7431640625,4.431545676197857e-05,13.07580280303955
2229,-7.631578947368418,95,83,0.8736842105263158,-0.0074487896636128426,14.837891578674316,4.381241524242796e-05,0.5692616105079651
2230,63.95652173913043,23,20,0.8695652173913043,-0.7429596185684204,46.34505844116211,4.389330206322484e-05,1.813336730003357
2231,-3.359477124183009,102,101,0.9864052287581699,0.1642310619354248,8.375493049621582,4.389145760796964e-05,0.17052042484283447
2232,47.26666666666666,50,49,0.9726666666666667,-0.22191204130649567,17.06076431274414,4.4021635403623804e-05,1.4733718633651733
2233,46.564102564102555,52,52,0.9856410256410256,-0.4685177206993103,16.876190185546875,4.4014694140059873e-05,0.085751473903656
2234,-5.702127659574469,94,83,0.8829787234042553,-0.6504263877868652,14.595404624938965,4.418119351612404e-05,1.6890332698822021
2235,-6.480769230769229,104,102,0.9751923076923077,0.021537521854043007,8.442089080810547,4.3631614971673116e-05,0.029680276289582253
2236,-11.432989690721655,97,83,0.8556701030927835,-0.27759233117103577,16.29232406616211,4.330897718318738e-05,0.3673936724662781
2237,-9.541666666666668,96,83,0.8645833333333334,-0.26374298334121704,15.826643943786621,4.306855407776311e-05,0.33940738439559937
2238,43.893081761006286,53,52,0.9689308176100629,-0.062183476984500885,19.801570892333984,4.3033724068664014e-05,0.5062656998634338
2239,-11.432989690721657,97,83,0.8556701030927835,-0.28860434889793396,14.439739227294922,4.345230627222918e-05,2.673137664794922
2240,-5.7021276595744705,94,83,0.8829787234042553,-0.37611037492752075,14.514496803283691,2.646477150847204e-05,0.40315142273902893
2241,48.10204081632652,49,48,0.9710204081632653,0.04342999681830406,14.645694732666016,2.645458334882278e-05,0.12619052827358246
2242,43.893081761006286,53,52,0.9689308176100629,-0.11717722564935684,16.548025131225586,2.646697248565033e-05,0.5033463835716248
2243,46.626666666666665,50,49,0.9662666666666667,-0.3759361505508423,17.45744514465332,2.630750896059908e-05,0.21085244417190552
2244,47.299319727891145,49,48,0.9629931972789115,0.02873295359313488,16.032276153564453,2.6307747248210944e-05,0.16300155222415924
2245,63.95652173913042,23,20,0.8695652173913043,0.1434076428413391,55.094093322753906,2.6341247576056048e-05,1.0354455709457397
2246,-9.541666666666666,96,83,0.8645833333333334,-0.7639190554618835,13.419288635253906,2.6451158191775903e-05,1.4848911762237549
2247,-109.40064102564104,208,206,0.9859935897435897,-0.19932039082050323,4.592052936553955,2.6405077733215876e-05,0.3556273281574249
2248,-5.961538461538469,104,103,0.9803846153846154,-0.07867828011512756,8.969703674316406,2.637274155858904e-05,0.30519336462020874
2249,43.888888888888886,45,40,0.8888888888888888,-0.3378167152404785,28.2138614654541,2.0668412616942078e-05,1.3971383571624756
2250,40.95652173913043,46,40,0.8695652173913043,-0.13442905247211456,29.088485717773438,2.0669276636908762e-05,0.6036219596862793
2251,40.95652173913044,46,40,0.8695652173913043,-0.6891577839851379,27.40798568725586,2.3151273126131855e-05,6.51166296005249
2252,-4.915857605177999,103,102,0.98084142394822,-0.14070312678813934,10.420808792114258,2.3124981453293003e-05,0.32693415880203247
2253,-7.631578947368419,95,83,0.8736842105263158,-0.27905476093292236,12.581565856933594,2.310774834768381e-05,0.22715191543102264
2254,63.95652173913044,23,20,0.8695652173913043,0.16723842918872833,42.121673583984375,2.2755633835913613e-05,0.27156609296798706
2255,-99.21885521885523,198,196,0.9878114478114478,0.030496884137392044,5.185177803039551,2.267966374347452e-05,0.2606301009654999
2256,40.95652173913043,46,40,0.8695652173913043,-0.2606259882450104,30.041065216064453,2.277406383655034e-05,1.423718810081482
2257,59.333333333333336,24,20,0.8333333333333334,1.40773344039917,52.81147003173828,2.3568312826682813e-05,3.482963800430298
2258,-99.21885521885523,198,196,0.9878114478114478,0.09284403175115585,4.537441253662109,2.3467602659366094e-05,0.14397919178009033
2259,-104.76026272577998,203,200,0.9823973727422003,-0.16685400903224945,4.878184795379639,2.346761175431311e-05,0.300455242395401
2260,63.95652173913043,23,20,0.8695652173913043,0.16853761672973633,46.711517333984375,2.3463875550078228e-05,0.04366029053926468
2261,-9.541666666666666,96,83,0.8645833333333334,-0.5686928033828735,17.29073143005371,2.3483076802222058e-05,0.7883650660514832
2262,-4.254901960784325,102,100,0.9774509803921568,-0.04311899468302727,7.925201416015625,2.3462725948775187e-05,0.16065166890621185
2263,43.88888888888889,45,40,0.8888888888888888,-0.636063814163208,27.965181350708008,2.344074528082274e-05,1.3770782947540283
2264,59.33333333333333,24,20,0.8333333333333334,0.26608073711395264,57.3246955871582,2.3624244931852445e-05,1.66255521774292
2265,40.95652173913043,46,40,0.8695652173913043,-0.620769202709198,30.199289321899414,2.3891690943855792e-05,2.249964475631714
2266,-9.043613707165106,107,105,0.979563862928349,0.015942726284265518,8.676170349121094,0.00017841697263065726,50.32503128051758
2267,63.95652173913043,23,20,0.8695652173913043,0.354142427444458,56.375526428222656,0.0001784133055480197,0.2633603513240814
2268,-105.44117647058825,204,202,0.9855882352941177,-0.013726101256906986,4.38102388381958,0.00017800739442463964,0.4556773602962494
2269,-4.59223300970875,103,102,0.9840776699029126,0.9911885261535645,13.919050216674805,0.00017790299898479134,1.7403734922409058
2270,-9.54166666666666,96,83,0.8645833333333334,-0.4697618782520294,16.268980026245117,0.00017796280735637993,1.2405644655227661
2271,49.027210884353735,49,49,0.9802721088435374,0.25004130601882935,21.643516540527344,0.00017788924742490053,0.5862451195716858
2272,-9.541666666666663,96,83,0.8645833333333334,-0.2995374798774719,14.911787986755371,0.00017787246906664222,0.07297362387180328
2273,59.333333333333336,24,20,0.8333333333333334,-0.3254551887512207,52.16952896118164,0.0001774131233105436,0.12093552201986313
2274,-3.359477124183014,102,101,0.9864052287581699,-0.004889374133199453,8.168571472167969,0.00017807306721806526,3.3166656494140625
2275,49.027210884353735,49,49,0.9802721088435374,0.014050421305000782,14.875190734863281,0.0001777951983967796,0.6610153913497925
2276,-5.702127659574469,94,83,0.8829787234042553,-0.28513944149017334,13.72350788116455,0.00017783601651899517,0.9133584499359131
2277,63.95652173913044,23,20,0.8695652173913043,0.6850426197052002,43.39933776855469,0.00017803219088818878,1.6629105806350708
2278,63.95652173913044,23,20,0.8695652173913043,0.7922621369361877,39.243202209472656,0.00021176098380237818,23.570322036743164
2279,-5.317152103559879,103,101,0.9768284789644013,-0.0521906316280365,9.096085548400879,0.00021174077119212598,0.5861721634864807
2280,59.333333333333336,24,20,0.8333333333333334,-1.646329402923584,55.814430236816406,0.00021521543385460973,7.761674880981445
2281,-3.422442244224425,101,99,0.9757755775577558,0.1614452600479126,10.300769805908203,0.00021524277690332383,0.3864766061306
2282,63.95652173913044,23,20,0.8695652173913043,0.03636506572365761,57.22513198852539,0.00021497260604519397,0.545627772808075
2283,-102.70149253731344,201,198,0.9829850746268657,-0.4497309923171997,4.116426944732666,0.00021489031496457756,0.35255420207977295
2284,40.95652173913043,46,40,0.8695652173913043,0.2735670804977417,27.533193588256836,0.00021477954578585923,1.163621425628662
2285,-7.631578947368415,95,83,0.8736842105263158,-0.7721193432807922,15.6245698928833,0.0002149403590010479,1.903655767440796
2286,63.95652173913044,23,20,0.8695652173913043,-0.5416250228881836,46.72955322265625,0.00021493095846381038,0.45858511328697205
2287,-3.4224422442244284,101,99,0.9757755775577558,-0.02050984650850296,8.034757614135742,0.0002149622596334666,0.5417981147766113
2288,63.95652173913043,23,20,0.8695652173913043,0.11123759299516678,46.212669372558594,0.00021492959058377892,0.5004157423973083
2289,-4.915857605178004,103,102,0.98084142394822,0.07847202569246292,7.600564956665039,0.00022287572210188955,11.381683349609375
2290,-107.9243156199678,207,206,0.990756843800322,-0.34816449880599976,4.869688510894775,0.00022286410967353731,0.17219342291355133
2291,-9.043613707165113,107,105,0.979563862928349,0.13246314227581024,9.84330940246582,0.00022286406601779163,0.3288397789001465
2292,47.299319727891145,49,48,0.9629931972789115,0.7746202349662781,27.034883499145508,0.00022293374058790505,1.2012033462524414
2293,63.95652173913042,23,20,0.8695652173913043,1.03420090675354,58.680397033691406,0.00022316339891403913,1.70197331905365
2294,63.95652173913043,23,20,0.8695652173913043,-0.759635329246521,53.9327507019043,0.00022367322526406497,3.1410436630249023
2295,-9.54166666666666,96,83,0.8645833333333334,-0.5735258460044861,14.626449584960938,0.00022366053599398583,0.2494446337223053
2296,-2.8151815181518267,101,100,0.9818481848184818,-0.221795454621315,10.241074562072754,0.0002235877327620983,0.14982090890407562
2297,49.36879432624114,47,46,0.9636879432624114,-1.1825954914093018,24.229454040527344,0.00022639335657004267,6.93688440322876
2298,63.95652173913043,23,20,0.8695652173913043,-0.21304352581501007,39.611000061035156,0.00022559471835847944,0.46207156777381897
2299,59.333333333333336,24,20,0.8333333333333334,1.7257795333862305,55.06565475463867,0.00022899516625329852,7.1991119384765625
2300,63.95652173913043,23,20,0.8695652173913043,-1.080995798110962,63.870609283447266,0.0002305550588062033,5.2756829261779785
2301,38.10638297872341,47,40,0.851063829787234,0.4371882379055023,39.70954895019531,0.0002305856323800981,0.5009686350822449
2302,63.95652173913043,23,20,0.8695652173913043,1.9707294702529907,66.55477142333984,0.0002316090394742787,4.0861711502075195
2303,-108.45893719806764,207,204,0.9854106280193237,-0.1278749704360962,4.898550987243652,0.00023240060545504093,3.6749725341796875
2304,59.333333333333336,24,20,0.8333333333333334,-1.0185760259628296,48.37453842163086,0.0002328723348909989,3.0408730506896973
2305,-2.815181518151828,101,100,0.9818481848184818,0.10866916179656982,9.33625316619873,0.00023287488147616386,0.3055644631385803
2306,-3.422442244224428,101,99,0.9757755775577558,-0.07333016395568848,8.223090171813965,0.0002328740229131654,0.8335820436477661
2307,-102.70149253731343,201,198,0.9829850746268657,-0.3511425852775574,5.192190647125244,0.00023216639237944037,0.25758635997772217
2308,-3.764705882352954,102,101,0.9823529411764705,-0.4485321342945099,8.852272987365723,0.00023199620773084462,0.004299112129956484
2309,40.95652173913044,46,40,0.8695652173913043,0.027456730604171753,32.33661651611328,0.00023100075486581773,0.2809940576553345
2310,40.95652173913043,46,40,0.8695652173913043,-0.7121310830116272,21.030323028564453,0.00023105685249902308,1.1624988317489624
2311,43.88888888888889,45,40,0.8888888888888888,0.3649795651435852,31.112504959106445,0.0002311395073775202,1.760550856590271
2312,43.888888888888886,45,40,0.8888888888888888,0.2520504891872406,31.71552276611328,0.00023110794427338988,0.18032272160053253
2313,-2.815181518151828,101,100,0.9818481848184818,0.7917571067810059,13.218568801879883,0.00023102524573914707,0.26473742723464966
2314,-7.631578947368412,95,83,0.8736842105263158,-0.25659775733947754,20.88734245300293,0.0002312229189556092,2.1036133766174316
2315,40.95652173913043,46,40,0.8695652173913043,0.5440589785575867,33.224483489990234,0.0002297665923833847,0.7206600904464722
2316,-2.815181518151828,101,100,0.9818481848184818,0.7639248371124268,15.160415649414062,0.00022972222359385341,0.05783453583717346
2317,46.73333333333333,50,49,0.9673333333333334,-0.08812814950942993,17.472782135009766,0.00022964287200011313,0.8672539591789246
2318,40.95652173913044,46,40,0.8695652173913043,-0.2902950942516327,28.34922218322754,0.0002296016173204407,0.5317068696022034
2319,-105.54575163398694,204,201,0.9845424836601308,-0.14383991062641144,5.472587585449219,0.00022954834275878966,0.4582272171974182
2320,-3.42244224422443,101,99,0.9757755775577558,-0.21653372049331665,11.80496597290039,0.0002838505315594375,29.916173934936523
2321,-9.54166666666667,96,83,0.8645833333333334,-0.737644374370575,14.829000473022461,0.0002838339423760772,0.7521059513092041
2322,-3.422442244224427,101,99,0.9757755775577558,-0.3576104938983917,10.865751266479492,0.0002837123174685985,0.6377058029174805
2323,40.95652173913044,46,40,0.8695652173913043,-0.2521088123321533,34.757423400878906,0.0002837945648934692,1.2244224548339844
2324,40.95652173913043,46,40,0.8695652173913043,-0.9460188746452332,29.57301902770996,0.0002838589425664395,2.458860397338867
2325,59.33333333333334,24,20,0.8333333333333334,-1.2571996450424194,57.01594543457031,0.00028430315433070064,3.1035025119781494
2326,63.95652173913044,23,20,0.8695652173913043,-0.45089492201805115,54.49430847167969,0.0002844507689587772,1.9375451803207397
2327,-103.45214521452147,202,200,0.9854785478547855,0.12675097584724426,8.160192489624023,0.00028433481929823756,0.06942516565322876
2328,-100.66834170854271,199,196,0.9833165829145729,0.19545820355415344,9.11748218536377,0.00027443558792583644,1.6192728281021118
2329,49.36879432624113,47,46,0.9636879432624114,0.6054995656013489,49.89997100830078,0.0002744058147072792,0.15603621304035187
2330,-9.54166666666666,96,83,0.8645833333333334,0.4225359559059143,29.519067764282227,0.0002742531360127032,0.2649856507778168
2331,40.95652173913042,46,40,0.8695652173913043,0.31537798047065735,60.26586151123047,0.00027437243261374533,1.6020886898040771
2332,-9.541666666666663,96,83,0.8645833333333334,0.286831796169281,29.87680435180664,0.0002742803771980107,0.4148404896259308
2333,43.89308176100629,53,52,0.9689308176100629,1.5493394136428833,52.53168487548828,0.00027510279323905706,3.4348948001861572
2334,-7.631578947368414,95,83,0.8736842105263158,0.5637475848197937,28.7950382232666,0.0002799492212943733,9.06234073638916
2335,40.95652173913043,46,40,0.8695652173913043,0.16898831725120544,59.141502380371094,0.00028015492716804147,2.0235440731048584
2336,40.95652173913043,46,40,0.8695652173913043,1.116195559501648,55.862464904785156,0.00028085263329558074,3.1945433616638184
2337,-7.631578947368412,95,83,0.8736842105263158,0.12136169523000717,26.38007926940918,0.0002808983554132283,0.7293352484703064
2338,40.95652173913044,46,40,0.8695652173913043,-0.22441324591636658,50.92482376098633,0.00028105147066526115,1.7705247402191162
2339,-5.317152103559877,103,101,0.9768284789644013,-0.19267743825912476,14.581032752990723,0.00028064247453585267,0.5275071859359741
2340,48.68707482993197,49,48,0.9768707482993197,0.4175282120704651,27.381031036376953,0.0002808847348205745,1.8451883792877197
2341,-104.9376026272578,203,200,0.980623973727422,-0.6484717130661011,7.114099025726318,0.0002808980643749237,0.32558751106262207
2342,63.95652173913043,23,20,0.8695652173913043,-1.4153244495391846,47.682655334472656,0.00028120120987296104,2.465646743774414
2343,43.88888888888888,45,40,0.8888888888888888,-1.2651147842407227,39.52191925048828,0.00028173215105198324,3.146527051925659
2344,40.95652173913044,46,40,0.8695652173913043,-0.7834421992301941,39.121849060058594,0.0002817322965711355,0.12837420403957367
2345,-9.54166666666666,96,83,0.8645833333333334,-0.8971055150032043,22.66698455810547,0.00028170994482934475,0.875589907169342
2346,63.95652173913042,23,20,0.8695652173913043,0.3314224183559418,44.5102653503418,0.00028266714070923626,3.978825807571411
2347,-11.432989690721659,97,83,0.8556701030927835,-0.6545323133468628,17.339475631713867,0.0002826871641445905,0.6132627725601196
2348,-4.254901960784323,102,100,0.9774509803921568,-0.3365706205368042,9.319952964782715,0.0002826855634339154,0.14399322867393494
2349,47.299319727891145,49,48,0.9629931972789115,0.06861084699630737,19.508495330810547,0.00028258920065127313,0.045137669891119
2350,-110.85964912280703,209,206,0.9814035087719298,-0.31930941343307495,5.78932523727417,0.00028257514350116253,0.15843068063259125
2351,-3.4224422442244267,101,99,0.9757755775577558,-0.09207224100828171,10.908790588378906,0.00028002820909023285,0.4920145273208618
2352,59.333333333333336,24,20,0.8333333333333334,0.689990758895874,65.55094909667969,0.00028004476916976273,0.784512460231781
2353,-5.702127659574467,94,83,0.8829787234042553,0.11088597029447556,16.26894187927246,0.00028009084053337574,0.8715055584907532
2354,-7.0512820512820635,104,101,0.9694871794871794,-0.514829695224762,12.969823837280273,0.00028024919447489083,1.724399447441101
2355,-7.631578947368415,95,83,0.8736842105263158,-0.033539559692144394,16.976394653320312,0.00028034127899445593,1.118481993675232
2356,40.95652173913043,46,40,0.8695652173913043,0.010339880362153053,27.117229461669922,0.0002803563547786325,1.3301331996917725
2357,63.95652173913043,23,20,0.8695652173913043,0.585191547870636,47.93605422973633,0.0002800239890348166,2.6184518337249756
2358,-9.54166666666666,96,83,0.8645833333333334,-0.6521143913269043,15.644978523254395,0.0002800411020871252,0.6207340359687805
2359,-9.541666666666668,96,83,0.8645833333333334,-0.3178057372570038,17.450153350830078,0.00028011525864712894,1.0550334453582764
2360,-7.631578947368419,95,83,0.8736842105263158,-0.5314415693283081,15.415679931640625,0.00028013018891215324,0.5760356783866882
2361,63.95652173913042,23,20,0.8695652173913043,-0.5950266718864441,58.058284759521484,0.00028055906295776367,2.741849422454834
2362,-9.541666666666668,96,83,0.8645833333333334,-0.5142031908035278,15.849746704101562,0.0003157004830427468,24.041654586791992
2363,-7.631578947368414,95,83,0.8736842105263158,-0.30288174748420715,15.66777229309082,0.0003156275488436222,0.7635138034820557
2364,-4.533980582524274,103,102,0.9846601941747573,-0.11674606800079346,11.681390762329102,0.00031544422381557524,0.5727366209030151
2365,63.95652173913044,23,20,0.8695652173913043,2.9865334033966064,72.47711944580078,0.0003195091267116368,8.327341079711914
2366,40.95652173913043,46,40,0.8695652173913043,0.35363030433654785,34.773292541503906,0.00016541240620426834,0.09534735977649689
2367,40.95652173913044,46,40,0.8695652173913043,0.7551701664924622,33.17255401611328,0.00016558545758016407,1.6774096488952637
2368,-102.70149253731344,201,198,0.9829850746268657,-0.03161471709609032,4.981009483337402,0.0001655810629017651,0.36448559165000916
2369,40.95652173913044,46,40,0.8695652173913043,0.2843131422996521,29.463809967041016,0.00016539450734853745,0.13047224283218384
2370,48.10204081632652,49,48,0.9710204081632653,0.12238992005586624,14.467415809631348,0.00016530115681234747,0.08024532347917557
2371,47.62585034013605,49,48,0.9662585034013605,-0.5886207222938538,20.161985397338867,0.00016996648628264666,8.762240409851074
2372,59.333333333333336,24,20,0.8333333333333334,0.698706328868866,50.174560546875,0.0001700345310382545,1.0878703594207764
2373,40.95652173913043,46,40,0.8695652173913043,-0.4651862382888794,28.712995529174805,0.00017006353300530463,0.6690842509269714
2374,40.95652173913044,46,40,0.8695652173913043,-0.5970640778541565,29.233123779296875,0.00016967981355264783,2.1312131881713867
2375,-9.541666666666663,96,83,0.8645833333333334,-0.7793782353401184,14.090017318725586,0.00016978001804091036,1.4363782405853271
2376,40.95652173913044,46,40,0.8695652173913043,-0.9117408394813538,29.33316421508789,0.00017004235996864736,2.292750358581543
2377,-4.254901960784322,102,100,0.9774509803921568,0.10529974102973938,7.0591020584106445,0.00016991092707030475,0.8387581706047058
2378,-100.66834170854271,199,196,0.9833165829145729,-0.25915437936782837,4.8042192459106445,0.00013600311649497598,0.3063906133174896
2379,-7.631578947368415,95,83,0.8736842105263158,-0.17751789093017578,13.612024307250977,0.0001360157912131399,0.6123091578483582
2380,49.36879432624112,47,46,0.9636879432624114,-0.34154874086380005,15.298798561096191,0.00013244232104625553,1.343509554862976
2381,48.68707482993197,49,48,0.9768707482993197,0.10373605787754059,24.224090576171875,0.00013243441935628653,0.1643342673778534
2382,43.888888888888886,45,40,0.8888888888888888,-0.06272580474615097,30.35927963256836,0.00013241663691587746,0.05850121006369591
2383,-3.3594771241830137,102,101,0.9864052287581699,0.042461931705474854,9.119717597961426,0.0001324198383372277,0.26707518100738525
2384,-3.42244224422443,101,99,0.9757755775577558,0.1512925773859024,9.99396800994873,0.00013234261132311076,0.3363168239593506
2385,46.73333333333333,50,49,0.9673333333333334,-0.23446746170520782,16.01705551147461,0.00013218336971476674,1.0141031742095947
2386,-7.10793650793651,105,104,0.978920634920635,-0.29020196199417114,9.563292503356934,0.0001321704185102135,0.08398883044719696
2387,-9.541666666666664,96,83,0.8645833333333334,-0.26722726225852966,14.80855941772461,0.00013216720253694803,0.49055179953575134
2388,-3.359477124183013,102,101,0.9864052287581699,0.12453091889619827,8.868451118469238,0.0001321651361649856,0.4555450975894928
2389,-110.85964912280703,209,206,0.9814035087719298,-0.0009330902830697596,5.405142307281494,0.00012427374895196408,0.36741095781326294
2390,40.95652173913043,46,40,0.8695652173913043,-0.47892069816589355,28.433717727661133,0.00012439076090231538,1.4078338146209717
2391,-4.915857605178003,103,102,0.98084142394822,-0.21111628413200378,9.013416290283203,0.00012439751299098134,0.4432481527328491
2392,48.68707482993197,49,48,0.9768707482993197,-0.3494710922241211,21.168209075927734,0.00012448339839465916,1.7261027097702026
2393,-7.631578947368418,95,83,0.8736842105263158,-0.29056301712989807,17.114545822143555,0.00012430400238372386,0.32769885659217834
2394,43.888888888888886,45,40,0.8888888888888888,0.19567124545574188,28.0572509765625,0.00012372172204777598,0.4150693714618683
2395,-7.107936507936502,105,104,0.978920634920635,0.053526490926742554,7.829542636871338,0.00012386668822728097,1.5446465015411377
2396,47.62585034013605,49,48,0.9662585034013605,-0.18623937666416168,15.074105262756348,0.0001238793774973601,0.5207476615905762
2397,40.95652173913043,46,40,0.8695652173913043,-0.16859203577041626,28.792329788208008,0.0001209636393468827,0.6516816020011902
2398,-9.043613707165115,107,105,0.979563862928349,0.007924286648631096,8.567255020141602,0.00012095634883735329,0.2901173233985901
2399,-9.541666666666668,96,83,0.8645833333333334,-0.8286375403404236,15.828944206237793,0.00011795522004831582,1.8521705865859985
2400,38.10638297872341,47,40,0.851063829787234,0.3063738942146301,27.93244743347168,0.00011645145423244685,1.743566632270813
2401,-105.54575163398692,204,201,0.9845424836601308,-0.1551131159067154,4.426589012145996,0.00011643641482805833,0.03690797835588455
2402,-9.541666666666664,96,83,0.8645833333333334,-0.23093916475772858,17.49982261657715,0.00011544946755748242,0.8711915016174316
2403,-9.541666666666668,96,83,0.8645833333333334,-0.1106330156326294,13.4402437210083,0.00011479253589641303,1.3704487085342407
2404,43.88888888888888,45,40,0.8888888888888888,0.7418099641799927,30.327800750732422,0.00011459747474873438,2.496643304824829
2405,-11.432989690721651,97,83,0.8556701030927835,-0.5447763204574585,15.275663375854492,0.00011460456880740821,0.44515857100486755
2406,63.95652173913043,23,20,0.8695652173913043,0.09830424189567566,50.875709533691406,0.00011458047811174765,0.5294733047485352
2407,-8.937694704049852,107,106,0.9806230529595016,-0.1483926922082901,8.209837913513184,0.00011457732762210071,0.08951976150274277
2408,40.95652173913043,46,40,0.8695652173913043,0.19271181523799896,27.943065643310547,0.00011482944682938978,2.068277359008789
2409,-5.702127659574467,94,83,0.8829787234042553,-0.14893515408039093,16.02297592163086,0.00011483251728350297,0.3723587095737457
2410,-104.76026272577998,203,200,0.9823973727422003,-0.19452637434005737,4.8227033615112305,0.00011474484199425206,0.21367046236991882
2411,48.68707482993197,49,48,0.9768707482993197,0.34336671233177185,23.803539276123047,0.00011458582594059408,0.615727424621582
2412,46.56410256410256,52,52,0.9856410256410256,-0.36075466871261597,16.877716064453125,0.0001145988135249354,0.4253677427768707
2413,40.95652173913044,46,40,0.8695652173913043,0.36919283866882324,28.874797821044922,0.00011461069516371936,0.5384745001792908
2414,63.95652173913042,23,20,0.8695652173913043,1.5644997358322144,60.09563064575195,0.00011557787365745753,4.610937118530273
2415,-7.631578947368414,95,83,0.8736842105263158,-0.30486539006233215,18.587703704833984,0.00011568251647986472,1.3321053981781006
2416,63.95652173913043,23,20,0.8695652173913043,-0.18876731395721436,64.0037841796875,0.00011593224917305633,1.92604398727417
2417,-107.9243156199678,207,206,0.990756843800322,-0.16790491342544556,5.055816650390625,0.00011588163033593446,0.20131860673427582
2418,63.95652173913044,23,20,0.8695652173913043,0.22215475142002106,50.20900344848633,0.0001158626182586886,0.36759066581726074
2419,63.95652173913043,23,20,0.8695652173913043,-1.3101191520690918,49.91014099121094,0.00011715955042745918,4.545141696929932
2420,-9.54166666666666,96,83,0.8645833333333334,-0.38769692182540894,12.627039909362793,6.260806549107656e-05,0.06290964782238007
2421,-7.631578947368414,95,83,0.8736842105263158,-0.49643081426620483,14.305075645446777,6.260143709369004e-05,0.6812222599983215
2422,-3.764705882352954,102,101,0.9823529411764705,-0.026604169979691505,9.590059280395508,6.258636858547106e-05,0.5706635117530823
2423,46.75163398692809,51,51,0.977516339869281,-0.14354534447193146,18.347553253173828,6.250603473745286e-05,0.1260494738817215
2424,63.95652173913044,23,20,0.8695652173913043,-1.8757073879241943,52.013221740722656,6.432901864172891e-05,5.943053722381592
2425,-105.54575163398694,204,201,0.9845424836601308,0.14044958353042603,4.63738489151001,6.374227086780593e-05,0.6436468958854675
2426,40.95652173913043,46,40,0.8695652173913043,0.06641210615634918,29.18476676940918,6.349353498080745e-05,0.094534732401371
2427,-7.107936507936509,105,104,0.978920634920635,-0.13089624047279358,9.12858772277832,6.351307092700154e-05,0.4839787483215332
2428,47.133333333333326,50,49,0.9713333333333334,-0.7142185568809509,25.410181045532227,6.399893754860386e-05,3.151554584503174
2429,47.13333333333333,50,49,0.9713333333333334,-0.026126282289624214,21.978668212890625,6.400058191502467e-05,0.2129402607679367
2430,-99.21885521885523,198,196,0.9878114478114478,0.11074867844581604,5.58178186416626,6.399479025276378e-05,0.14742116630077362
2431,48.68707482993197,49,48,0.9768707482993197,-0.15133191645145416,27.700733184814453,6.40942671452649e-05,2.0626344680786133
2432,63.95652173913044,23,20,0.8695652173913043,0.44877782464027405,57.8606071472168,6.419483543140814e-05,1.413571834564209
2433,-105.54575163398692,204,201,0.9845424836601308,-0.29929208755493164,5.288933277130127,6.348678289214149e-05,0.07698337733745575
2434,-4.25490196078432,102,100,0.9774509803921568,0.41467830538749695,9.806794166564941,5.869247252121568e-05,1.9173656702041626
2435,63.95652173913044,23,20,0.8695652173913043,-0.9620935916900635,57.10660934448242,5.853578477399424e-05,1.2690582275390625
2436,-11.432989690721651,97,83,0.8556701030927835,-0.8524166941642761,15.081212043762207,5.79192528675776e-05,0.155172199010849
2437,40.95652173913042,46,40,0.8695652173913043,-0.559378981590271,28.698040008544922,5.791163130197674e-05,0.6336035132408142
2438,46.626666666666665,50,49,0.9662666666666667,-0.39008456468582153,19.296388626098633,5.776108810096048e-05,0.8589168190956116
2439,40.95652173913043,46,40,0.8695652173913043,-1.1502337455749512,29.927534103393555,5.798056736239232e-05,1.9499695301055908
2440,-104.76026272577998,203,200,0.9823973727422003,-0.6504647135734558,4.91339111328125,5.7770776038523763e-05,0.062234435230493546
2441,-110.85964912280703,209,206,0.9814035087719298,-0.4042946994304657,4.263562202453613,5.77811042603571e-05,0.5197794437408447
2442,-5.317152103559877,103,101,0.9768284789644013,-0.24375499784946442,10.220207214355469,5.741143468185328e-05,0.30202794075012207
2443,-4.915857605178003,103,102,0.98084142394822,-0.5326053500175476,9.179832458496094,5.686698204954155e-05,1.078502893447876
2444,-4.254901960784318,102,100,0.9774509803921568,-0.0420818105340004,10.41639232635498,5.68716241104994e-05,0.35657110810279846
2445,-9.043613707165113,107,105,0.979563862928349,-0.18812239170074463,9.701398849487305,5.6828295782906935e-05,0.08770781755447388
2446,46.73333333333333,50,49,0.9673333333333334,-0.24962356686592102,19.762001037597656,5.585900726146065e-05,0.10328224301338196
2447,-7.631578947368422,95,83,0.8736842105263158,-0.4375644624233246,15.937931060791016,5.5835054808994755e-05,0.07319850474596024
2448,46.564102564102555,52,52,0.9856410256410256,-0.2567805051803589,17.812969207763672,5.584319296758622e-05,0.37193888425827026
2449,63.95652173913044,23,20,0.8695652173913043,-2.925318717956543,51.89950942993164,6.319282692857087e-05,10.989068984985352
2450,40.95652173913043,46,40,0.8695652173913043,-0.02119407430291176,31.181900024414062,6.321321416180581e-05,0.45853477716445923
2451,49.36879432624113,47,46,0.9636879432624114,-0.13408136367797852,20.17611312866211,6.320758984657004e-05,0.11708003282546997
2452,-104.76026272577998,203,200,0.9823973727422003,-0.3099328875541687,5.2363386154174805,6.318800296867266e-05,0.2776281237602234
2453,-106.9479674796748,205,202,0.980520325203252,-0.1687544733285904,6.061931133270264,6.312850746326149e-05,0.1227765902876854
2454,63.95652173913043,23,20,0.8695652173913043,-1.6187913417816162,41.51459503173828,6.433964153984562e-05,4.8367838859558105
2455,-5.961538461538467,104,103,0.9803846153846154,-0.25636157393455505,10.691262245178223,6.424819002859294e-05,0.4812462627887726
2456,-2.9537953795379654,101,100,0.9804620462046204,0.03060777485370636,12.557417869567871,6.425053288694471e-05,1.3420733213424683
2457,-5.317152103559877,103,101,0.9768284789644013,-0.031972941011190414,9.154134750366211,6.37829361949116e-05,0.5892118215560913
2458,63.95652173913044,23,20,0.8695652173913043,-2.5096845626831055,41.50782775878906,6.817830580985174e-05,8.680591583251953
2459,47.13333333333333,50,49,0.9713333333333334,-0.17489825189113617,24.05366325378418,6.806719466112554e-05,0.20365691184997559
2460,-5.961538461538465,104,103,0.9803846153846154,0.22822782397270203,10.680460929870605,6.812252104282379e-05,0.7289762496948242
2461,63.95652173913044,23,20,0.8695652173913043,0.832652747631073,47.33797836303711,6.848875636933371e-05,3.2648613452911377
2462,49.027210884353735,49,49,0.9802721088435374,-0.12808619439601898,23.025794982910156,3.327219019411132e-05,0.6631267070770264
2463,40.95652173913044,46,40,0.8695652173913043,0.5303040742874146,30.589271545410156,3.381980423000641e-05,2.8582053184509277
2464,40.95652173913044,46,40,0.8695652173913043,-0.6127975583076477,28.844846725463867,3.400080822757445e-05,1.9294542074203491
2465,-7.107936507936511,105,104,0.978920634920635,-0.49128687381744385,9.924445152282715,2.9512064429582097e-05,0.15194350481033325
2466,-9.541666666666657,96,83,0.8645833333333334,-0.68111252784729,13.416960716247559,2.9543347409344278e-05,0.9930729269981384
2467,-99.21885521885523,198,196,0.9878114478114478,-0.24484428763389587,6.240935325622559,2.9316061045392416e-05,0.6399713754653931
2468,-6.480769230769235,104,102,0.9751923076923077,-0.5533816814422607,11.069629669189453,2.931516064563766e-05,0.9444225430488586
2469,-5.718446601941757,103,101,0.9728155339805825,-0.1629345715045929,10.052886962890625,2.9314192943274975e-05,0.11191616952419281
2470,40.95652173913044,46,40,0.8695652173913043,-0.1447272002696991,26.14189910888672,2.9345294024096802e-05,0.505720317363739
2471,-2.9537953795379654,101,100,0.9804620462046204,-0.2445693165063858,10.813828468322754,2.452048283885233e-05,0.4359399974346161
2472,-7.631578947368411,95,83,0.8736842105263158,-0.4003450274467468,14.388816833496094,2.4414834115304984e-05,0.9309066534042358
2473,-105.54575163398694,204,201,0.9845424836601308,0.18537847697734833,5.1150102615356445,2.443601260893047e-05,0.3154856860637665
2474,-105.54575163398694,204,201,0.9845424836601308,0.3504258990287781,5.390453338623047,2.4430597477476113e-05,1.5927685499191284
2475,63.95652173913042,23,20,0.8695652173913043,-0.8629850149154663,44.79279708862305,2.496255729056429e-05,3.468100070953369
2476,63.95652173913044,23,20,0.8695652173913043,0.13224878907203674,49.90622329711914,2.508213401597459e-05,2.1030075550079346
2477,-9.541666666666655,96,83,0.8645833333333334,-0.3931160271167755,13.177669525146484,2.502582901797723e-05,0.9257983565330505
2478,47.299319727891145,49,48,0.9629931972789115,-0.21687352657318115,17.514896392822266,2.5116671167779714e-05,1.5317368507385254
2479,-9.541666666666671,96,83,0.8645833333333334,-0.3744737505912781,14.19827651977539,2.506840246496722e-05,0.6528058052062988
2480,-109.40064102564104,208,206,0.9859935897435897,-0.17033416032791138,4.678623676300049,2.5005530915223062e-05,0.2599230408668518
2481,40.95652173913044,46,40,0.8695652173913043,-0.9021296501159668,33.08339309692383,2.511002639948856e-05,1.645933747291565
2482,-9.043613707165113,107,105,0.979563862928349,0.03834780305624008,8.683707237243652,2.5131517759291455e-05,0.37310004234313965
2483,40.95652173913044,46,40,0.8695652173913043,-0.2276429980993271,28.89901351928711,2.5144428946077824e-05,0.12772683799266815
2484,-9.541666666666664,96,83,0.8645833333333334,-0.017212791368365288,13.206974983215332,2.515524647606071e-05,0.45672816038131714
2485,40.95652173913044,46,40,0.8695652173913043,-0.11914423853158951,25.94942855834961,2.5127874323516153e-05,0.16328135132789612
2486,40.95652173913042,46,40,0.8695652173913043,-0.4517473578453064,26.633455276489258,2.522940849303268e-05,1.63844895362854
2487,40.95652173913043,46,40,0.8695652173913043,-0.8101987242698669,28.29384994506836,2.568633499322459e-05,3.2096292972564697
2488,63.95652173913043,23,20,0.8695652173913043,-0.03313935920596123,51.81109619140625,2.5653172997408547e-05,0.7863776087760925
2489,-2.9537953795379663,101,100,0.9804620462046204,-0.06449710577726364,11.568157196044922,2.5619103325880133e-05,0.5507659912109375
2490,59.333333333333336,24,20,0.8333333333333334,0.6889460682868958,52.68269348144531,2.58421350736171e-05,1.7801756858825684
2491,-7.631578947368418,95,83,0.8736842105263158,0.04505445435643196,15.15290355682373,2.5807186830206774e-05,0.06628165394067764
2492,-99.21885521885523,198,196,0.9878114478114478,0.2649196684360504,6.4946064949035645,2.5694944270071574e-05,0.1744651347398758
2493,-9.54166666666666,96,83,0.8645833333333334,-0.326346218585968,15.671501159667969,2.5684537831693888e-05,0.9145385026931763
2494,-7.051282051282056,104,101,0.9694871794871794,-0.26174095273017883,11.354281425476074,2.5741370336618274e-05,1.6232376098632812
2495,59.33333333333334,24,20,0.8333333333333334,-1.6049373149871826,58.810150146484375,2.7260257411398925e-05,5.765902042388916
2496,48.68707482993198,49,48,0.9768707482993197,0.5460953712463379,22.968286514282227,2.7326766939950176e-05,0.9505167007446289
2497,-7.631578947368409,95,83,0.8736842105263158,-0.007885356433689594,14.854988098144531,2.7369498639018275e-05,0.40571463108062744
2498,46.626666666666665,50,49,0.9662666666666667,-0.24410563707351685,21.683143615722656,2.7336605853633955e-05,0.5674912333488464
2499,-3.359477124183005,102,101,0.9864052287581699,0.3204258382320404,8.0335693359375,2.724306432355661e-05,0.23839430510997772
2500,49.36879432624113,47,46,0.9636879432624114,-0.2441333383321762,20.016109466552734,2.696136652957648e-05,0.9209453463554382
2501,46.56410256410256,52,52,0.9856410256410256,-0.38770970702171326,16.072002410888672,2.697338641155511e-05,0.20376501977443695
2502,59.33333333333334,24,20,0.8333333333333334,0.5769770741462708,53.444671630859375,2.7358551960787736e-05,2.377507209777832
2503,47.26666666666666,50,49,0.9726666666666667,0.4573182463645935,24.384489059448242,2.7195312213734724e-05,0.36308297514915466
2504,-9.541666666666657,96,83,0.8645833333333334,-0.19895294308662415,14.91425895690918,2.6681105737225153e-05,0.1867794245481491
2505,-106.9479674796748,205,202,0.980520325203252,0.07364818453788757,5.506776332855225,2.6730978788691573e-05,0.4281374514102936
2506,63.95652173913043,23,20,0.8695652173913043,-0.49231860041618347,67.96971130371094,2.6727808290161192e-05,1.4587799310684204
2507,47.299319727891145,49,48,0.9629931972789115,0.09552571177482605,24.697174072265625,2.675343057489954e-05,1.3650578260421753
2508,59.333333333333336,24,20,0.8333333333333334,-0.43116697669029236,52.65020751953125,2.6356850867159665e-05,1.017109751701355
2509,43.88888888888888,45,40,0.8888888888888888,-0.5619606971740723,29.20175552368164,2.635790042404551e-05,1.4659074544906616
2510,-7.6315789473684195,95,83,0.8736842105263158,-1.044479489326477,14.603160858154297,2.6385087039670907e-05,1.3044013977050781
2511,-108.45893719806764,207,204,0.9854106280193237,-0.8196303844451904,6.401666641235352,2.6298863303964026e-05,0.5447421073913574
2512,43.88888888888887,45,40,0.8888888888888888,-0.2786092162132263,32.1317253112793,2.6308367523597553e-05,0.15309104323387146
2513,-7.631578947368412,95,83,0.8736842105263158,-0.6475545167922974,12.840256690979004,2.6268144210916944e-05,0.19020280241966248
2514,-4.592233009708751,103,102,0.9840776699029126,0.34918418526649475,8.160893440246582,2.4830011170706712e-05,1.3372864723205566
2515,63.95652173913043,23,20,0.8695652173913043,0.4971994459629059,47.7001953125,2.5015411665663123e-05,1.2909239530563354
2516,46.75163398692809,51,51,0.977516339869281,0.1592378318309784,17.539794921875,2.4917479095165618e-05,0.07756941020488739
2517,-110.85964912280703,209,206,0.9814035087719298,0.09129500389099121,5.662605285644531,2.4919083443819545e-05,0.16736088693141937
2518,-7.631578947368418,95,83,0.8736842105263158,-0.04194236919283867,15.61428451538086,2.4892848159652203e-05,0.1007225513458252
2519,63.95652173913044,23,20,0.8695652173913043,-0.4937644600868225,50.65419006347656,2.41029447352048e-05,2.317383050918579
2520,-9.541666666666664,96,83,0.8645833333333334,-0.22855296730995178,15.486946105957031,2.409029912087135e-05,0.38164862990379333
2521,-2.81518151815183,101,100,0.9818481848184818,0.3783578872680664,9.037209510803223,2.4118560759234242e-05,0.14979460835456848
2522,47.26666666666667,50,49,0.9726666666666667,0.38236120343208313,16.07192039489746,2.404217048024293e-05,0.5229063034057617
2523,-9.54166666666667,96,83,0.8645833333333334,-0.5632268786430359,15.585593223571777,2.4031447537709028e-05,0.6315882802009583
2524,40.95652173913043,46,40,0.8695652173913043,-1.1814628839492798,26.156591415405273,2.2454385543824174e-05,2.443755626678467
2525,-4.2549019607843235,102,100,0.9774509803921568,-0.08641571551561356,8.14395809173584,2.245943687739782e-05,0.6783197522163391
2526,-7.631578947368412,95,83,0.8736842105263158,-0.38842424750328064,13.055941581726074,2.2490106857731007e-05,0.4168335199356079
2527,59.333333333333336,24,20,0.8333333333333334,-1.24923837184906,43.96976852416992,2.2849484594189562e-05,2.942763090133667
2528,-6.480769230769237,104,102,0.9751923076923077,-0.21515600383281708,10.392616271972656,2.2430707758758217e-05,0.8222624659538269
2529,43.893081761006286,53,52,0.9689308176100629,-0.12915757298469543,21.248580932617188,2.2486223315354437e-05,1.5213109254837036
2530,-109.93269230769232,208,204,0.9806730769230769,0.42943981289863586,7.55465030670166,2.2792843083152547e-05,2.198570489883423
2531,63.95652173913043,23,20,0.8695652173913043,1.2559667825698853,65.67852783203125,2.328819209651556e-05,2.7325267791748047
2532,-7.631578947368411,95,83,0.8736842105263158,-0.03936905041337013,18.541929244995117,2.3068998416420072e-05,0.7485470175743103
2533,-9.541666666666666,96,83,0.8645833333333334,-0.34091681241989136,17.80513572692871,2.3073042029864155e-05,1.1430997848510742
2534,-100.66834170854271,199,196,0.9833165829145729,0.09013675153255463,6.042795181274414,2.2713004000252113e-05,0.18445900082588196
2535,59.333333333333336,24,20,0.8333333333333334,-0.7494676113128662,53.35423278808594,2.287032657477539e-05,2.2960166931152344
2536,63.95652173913043,23,20,0.8695652173913043,-0.06291529536247253,45.46302032470703,2.2862581317895092e-05,0.714732825756073
2537,-5.317152103559879,103,101,0.9768284789644013,0.02967081032693386,8.718942642211914,2.2896947484696284e-05,0.20610497891902924
2538,-5.718446601941755,103,101,0.9728155339805825,-0.1541069746017456,9.221382141113281,2.2834759874967858e-05,0.4351326525211334
2539,40.95652173913044,46,40,0.8695652173913043,0.1258862018585205,25.38797950744629,2.2854399503557943e-05,0.9958013892173767
2540,-110.85964912280703,209,206,0.9814035087719298,-0.37441104650497437,4.563436508178711,2.283605863340199e-05,0.32579708099365234
2541,47.62585034013605,49,48,0.9662585034013605,-0.5925363898277283,19.054977416992188,8.725919906282797e-05,32.29155349731445
2542,-102.70149253731344,201,198,0.9829850746268657,-0.22885887324810028,4.394950866699219,8.729806722840294e-05,0.4113059639930725
2543,63.95652173913043,23,20,0.8695652173913043,0.45130279660224915,46.44910430908203,8.757361501920968e-05,1.8613331317901611
2544,38.1063829787234,47,40,0.851063829787234,0.1669483780860901,29.954864501953125,8.755672024562955e-05,0.12694479525089264
2545,63.95652173913043,23,20,0.8695652173913043,-0.19335602223873138,50.061973571777344,8.766677638050169e-05,1.777658462524414
2546,-7.0512820512820635,104,101,0.9694871794871794,-0.0459853857755661,8.724974632263184,8.766223618295044e-05,0.3423531651496887
2547,-7.051282051282062,104,101,0.9694871794871794,0.08397785574197769,9.452280044555664,8.772702858550474e-05,0.694697916507721
2548,-2.815181518151828,101,100,0.9818481848184818,-0.025312699377536774,8.590692520141602,8.76971025718376e-05,0.6441035270690918
2549,-109.40064102564104,208,206,0.9859935897435897,-0.45240554213523865,4.777434825897217,8.06927346275188e-05,0.21948765218257904
2550,-109.40064102564104,208,206,0.9859935897435897,-0.6107250452041626,5.592320442199707,8.067260932875797e-05,0.7439743876457214
2551,-9.541666666666666,96,83,0.8645833333333334,-0.9469130039215088,12.445202827453613,8.076130325207487e-05,1.5609766244888306
2552,-6.48076923076924,104,102,0.9751923076923077,-0.3330625891685486,9.491074562072754,8.074194920482114e-05,0.1503380835056305
2553,59.33333333333334,24,20,0.8333333333333334,-1.028971552848816,44.61669158935547,8.119497215375304e-05,3.069303035736084
2554,63.95652173913043,23,20,0.8695652173913043,-2.6917715072631836,47.304771423339844,8.62682209117338e-05,10.481710433959961
2555,-9.541666666666664,96,83,0.8645833333333334,-0.3873317539691925,14.744917869567871,8.627476927358657e-05,0.7327658534049988
2556,63.95652173913043,23,20,0.8695652173913043,1.7852596044540405,47.87538528442383,8.776114555075765e-05,4.825399875640869
2557,-9.541666666666668,96,83,0.8645833333333334,0.5421679615974426,15.365044593811035,8.816163608571514e-05,2.2132973670959473
2558,63.95652173913043,23,20,0.8695652173913043,-0.4980940520763397,53.29462432861328,8.413295290665701e-05,2.4941112995147705
2559,-9.541666666666663,96,83,0.8645833333333334,-0.29337742924690247,15.380670547485352,8.413814794039354e-05,0.5719756484031677
2560,43.893081761006286,53,52,0.9689308176100629,0.7967349290847778,20.280864715576172,8.473843627143651e-05,3.0114810466766357
2561,-7.631578947368416,95,83,0.8736842105263158,-0.3384658992290497,15.938264846801758,8.398056525038555e-05,0.7344175577163696
2562,46.73333333333333,50,49,0.9673333333333334,-0.1679603010416031,15.441301345825195,8.397522469749674e-05,0.0600164420902729
2563,47.26666666666667,50,49,0.9726666666666667,0.26195451617240906,14.74612808227539,8.338032057508826e-05,0.8992069363594055
2564,43.893081761006286,53,52,0.9689308176100629,-0.11834672093391418,17.825881958007812,8.32201840239577e-05,0.24736009538173676
2565,40.95652173913043,46,40,0.8695652173913043,-0.3700878620147705,27.107149124145508,8.320778579218313e-05,0.2129746973514557
2566,47.13333333333333,50,49,0.9713333333333334,-0.8433630466461182,23.80116081237793,8.343113586306572e-05,2.3378732204437256
2567,-9.541666666666671,96,83,0.8645833333333334,-0.48798656463623047,13.09534740447998,8.342508226633072e-05,0.2822289764881134
2568,43.893081761006286,53,52,0.9689308176100629,0.003879730124026537,14.927265167236328,8.342339424416423e-05,0.2927820384502411
2569,-7.631578947368412,95,83,0.8736842105263158,-0.4387573003768921,13.18694019317627,8.341721695614979e-05,0.594062864780426
2570,43.888888888888886,45,40,0.8888888888888888,0.24994315207004547,30.637861251831055,8.359123603440821e-05,1.5578973293304443
2571,-9.541666666666664,96,83,0.8645833333333334,-0.4758217930793762,17.126554489135742,8.359079220099375e-05,0.4041101932525635
2572,48.10204081632652,49,48,0.9710204081632653,-0.053942784667015076,12.690835952758789,8.356900798389688e-05,0.505391001701355
2573,-9.043613707165115,107,105,0.979563862928349,-0.036212824285030365,8.520658493041992,8.356875332538038e-05,0.3120774030685425
2574,40.95652173913043,46,40,0.8695652173913043,-0.016974065452814102,30.081039428710938,8.349432027898729e-05,1.069588303565979
2575,-9.541666666666659,96,83,0.8645833333333334,-0.27837544679641724,15.145625114440918,8.287036325782537e-05,0.1056612953543663
2576,-9.541666666666664,96,83,0.8645833333333334,-0.08663163334131241,14.325508117675781,8.257406443590298e-05,0.6391295790672302
2577,38.10638297872341,47,40,0.851063829787234,-0.38524991273880005,28.91379165649414,8.263623749371618e-05,1.4748245477676392
2578,47.266666666666666,50,49,0.9726666666666667,0.1186986193060875,21.408769607543945,8.258857269538566e-05,1.1694650650024414
2579,40.95652173913042,46,40,0.8695652173913043,-0.3684903085231781,27.818603515625,8.287187665700912e-05,2.4644615650177
2580,43.70440251572327,53,52,0.9670440251572328,-0.12830239534378052,15.084922790527344,8.287734817713499e-05,0.0031545874662697315
2581,-110.85964912280703,209,206,0.9814035087719298,0.0720045194029808,5.427917957305908,8.276802691398188e-05,0.024728521704673767
2582,-6.480769230769239,104,102,0.9751923076923077,0.0325494222342968,7.5869832038879395,8.277371671283618e-05,0.4405253529548645
2583,63.95652173913044,23,20,0.8695652173913043,-0.6098459959030151,46.12946319580078,8.279885514639318e-05,1.045560359954834
2584,40.95652173913043,46,40,0.8695652173913043,-1.105285882949829,29.024322509765625,8.3606930274982e-05,4.015796184539795
2585,-9.541666666666659,96,83,0.8645833333333334,-0.3505264222621918,16.50084114074707,8.360771607840434e-05,0.5453627705574036
2586,-100.66834170854271,199,196,0.9833165829145729,0.22111274302005768,4.729001998901367,8.35444952826947e-05,0.5011334419250488
2587,46.626666666666665,50,49,0.9662666666666667,-0.17936009168624878,18.23283576965332,8.302419882966205e-05,0.27587440609931946
2588,-100.66834170854271,199,196,0.9833165829145729,-0.05522708594799042,4.707638263702393,8.301014167955145e-05,0.13522940874099731
2589,63.95652173913043,23,20,0.8695652173913043,-0.9539514183998108,40.87102127075195,8.345372043550014e-05,2.9898362159729004
2590,63.95652173913044,23,20,0.8695652173913043,0.3346617519855499,41.89111328125,8.326670649694279e-05,0.8459742665290833
2591,-7.631578947368416,95,83,0.8736842105263158,0.14656536281108856,14.488993644714355,8.342848741449416e-05,1.3294925689697266
2592,49.36879432624113,47,46,0.9636879432624114,0.13255204260349274,17.84299659729004,8.34493403090164e-05,0.29530593752861023
2593,-2.953795379537968,101,100,0.9804620462046204,-0.17155255377292633,7.901533126831055,8.34281017887406e-05,0.09038426727056503
2594,-99.21885521885523,198,196,0.9878114478114478,0.0013958740746602416,5.160928726196289,8.332071593031287e-05,0.04514441266655922
2595,63.95652173913042,23,20,0.8695652173913043,0.8290706872940063,50.072715759277344,8.169335342245176e-05,1.8070462942123413
2596,43.88888888888888,45,40,0.8888888888888888,0.0911218598484993,28.654741287231445,8.161786536220461e-05,0.5371891260147095
2597,63.95652173913044,23,20,0.8695652173913043,0.9435616135597229,47.79658508300781,8.234455162892118e-05,3.2889223098754883
2598,48.68707482993197,49,48,0.9768707482993197,0.3330337107181549,22.716144561767578,8.23860100354068e-05,0.7312451601028442
2599,40.95652173913044,46,40,0.8695652173913043,-1.254483938217163,28.806873321533203,8.314588922075927e-05,3.7284533977508545
2600,-105.54575163398694,204,201,0.9845424836601308,-0.18259209394454956,4.413913249969482,8.313078433275223e-05,0.3139297366142273
2601,-9.541666666666659,96,83,0.8645833333333334,-0.5056962370872498,15.098549842834473,8.31209181342274e-05,0.2500216066837311
2602,-4.592233009708751,103,102,0.9840776699029126,0.1635335087776184,9.141520500183105,8.271069964393973e-05,0.48750677704811096
2603,-5.702127659574463,94,83,0.8829787234042553,0.00011152244405820966,15.756233215332031,8.276353764813393e-05,0.8703595995903015
2604,47.299319727891145,49,48,0.9629931972789115,0.13027408719062805,22.124040603637695,8.275391155621037e-05,0.3574413061141968
2605,40.95652173913043,46,40,0.8695652173913043,-0.19645088911056519,28.707727432250977,8.278781024273485e-05,1.2379498481750488
2606,-7.051282051282056,104,101,0.9694871794871794,-0.21188968420028687,6.952431678771973,8.26967298053205e-05,0.27525925636291504
2607,-105.46732026143792,204,202,0.9853267973856209,-0.2722693681716919,4.620394706726074,8.262415940407664e-05,0.5562468767166138
2608,59.333333333333336,24,20,0.8333333333333334,-0.9521216750144958,36.24760437011719,8.366272231796756e-05,4.422829627990723
2609,63.95652173913043,23,20,0.8695652173913043,-0.516586422920227,43.88626480102539,8.3585997344926e-05,0.2185674011707306
2610,-2.953795379537966,101,100,0.9804620462046204,-0.10579944401979446,8.530699729919434,8.359438652405515e-05,0.8970733880996704
2611,-108.45893719806764,207,204,0.9854106280193237,-0.278563916683197,5.056361675262451,8.359007188118994e-05,0.02944342978298664
2612,-7.051282051282063,104,101,0.9694871794871794,-0.29959243535995483,9.135144233703613,8.359125058632344e-05,0.06525605916976929
2613,-11.432989690721646,97,83,0.8556701030927835,-0.3927040994167328,15.112813949584961,8.358294144272804e-05,0.40465351939201355
2614,59.333333333333336,24,20,0.8333333333333334,1.001767873764038,49.60300827026367,8.355857426067814e-05,1.2051748037338257
2615,47.625850340136054,49,48,0.9662585034013605,-0.7552037835121155,20.95183563232422,8.358467312064022e-05,1.907935380935669
2616,-1.4466666666666694,100,99,0.9855333333333334,0.10059880465269089,10.704495429992676,8.359486673725769e-05,0.18772774934768677
2617,-7.107936507936509,105,104,0.978920634920635,-0.23239164054393768,10.43521499633789,8.359560888493434e-05,0.11287793517112732
2618,-108.53945249597425,207,204,0.9846054750402576,-0.3159765899181366,4.412145614624023,8.35894315969199e-05,0.4207172393798828
2619,63.95652173913043,23,20,0.8695652173913043,0.4382104277610779,48.762229919433594,8.343908120878041e-05,1.125195860862732
2620,40.95652173913043,46,40,0.8695652173913043,-0.7503665089607239,29.804542541503906,8.35385944810696e-05,1.509872317314148
2621,-104.76026272577998,203,200,0.9823973727422003,-0.23445454239845276,4.866905689239502,8.353050361620262e-05,0.10264892876148224
2622,40.95652173913044,46,40,0.8695652173913043,0.1934545934200287,26.46503257751465,8.368901762878522e-05,1.4021530151367188
2623,47.13333333333333,50,49,0.9713333333333334,0.18273335695266724,16.79717445373535,8.402325329370797e-05,2.1629059314727783
2624,-9.541666666666664,96,83,0.8645833333333334,-0.7022843360900879,15.557759284973145,8.373561286134645e-05,0.8476454019546509
2625,48.10204081632652,49,48,0.9710204081632653,0.44318661093711853,15.413650512695312,8.391398296225816e-05,1.7314246892929077
2626,40.95652173913042,46,40,0.8695652173913043,0.22820207476615906,28.041059494018555,8.396005432587117e-05,0.8784770965576172
2627,40.95652173913044,46,40,0.8695652173913043,0.1597210168838501,28.456310272216797,8.351265569217503e-05,0.6206854581832886
2628,-2.815181518151828,101,100,0.9818481848184818,0.2853280305862427,10.42800521850586,8.348885603481904e-05,0.4436151683330536
2629,43.893081761006286,53,52,0.9689308176100629,-0.10848011821508408,19.15247917175293,8.34014208521694e-05,0.8596689701080322
2630,-9.541666666666659,96,83,0.8645833333333334,-0.25875958800315857,15.000411033630371,8.310730481753126e-05,0.42222729325294495
2631,-9.541666666666663,96,83,0.8645833333333334,-0.09105744957923889,14.115981101989746,8.260406320914626e-05,0.09782147407531738
2632,46.73333333333333,50,49,0.9673333333333334,0.6829645037651062,17.692533493041992,8.3186176198069e-05,3.0064549446105957
2633,40.95652173913042,46,40,0.8695652173913043,0.12187153846025467,29.134891510009766,8.318303298437968e-05,0.9181264638900757
2634,40.95652173913043,46,40,0.8695652173913043,-0.2856976389884949,27.808259963989258,8.318531035911292e-05,0.1268845647573471
2635,-7.631578947368412,95,83,0.8736842105263158,-0.4209783971309662,14.759172439575195,8.290106779895723e-05,0.6296284198760986
2636,-9.043613707165111,107,105,0.979563862928349,-0.29828983545303345,8.086002349853516,8.294703729916364e-05,1.1485477685928345
2637,40.95652173913044,46,40,0.8695652173913043,0.3811506927013397,28.819774627685547,8.310530392918736e-05,1.5584402084350586
2638,63.95652173913043,23,20,0.8695652173913043,0.1640097200870514,40.81875991821289,8.310487464768812e-05,0.427990585565567
2639,-106.9479674796748,205,202,0.980520325203252,-0.09074137359857559,4.968137264251709,8.30356075312011e-05,0.13361136615276337
2640,-103.45214521452147,202,200,0.9854785478547855,0.027319535613059998,4.885599613189697,8.306514791911468e-05,0.6720792055130005
2641,48.10204081632652,49,48,0.9710204081632653,0.08247043937444687,15.957698822021484,1.9135453840135597e-05,0.36419111490249634
2642,-99.21885521885523,198,196,0.9878114478114478,-0.14229917526245117,4.837856292724609,1.911302751977928e-05,0.3236325681209564
2643,-9.541666666666663,96,83,0.8645833333333334,-0.2689579725265503,14.603229522705078,1.886389327410143e-05,0.30330565571784973
2644,40.95652173913043,46,40,0.8695652173913043,-0.19641494750976562,29.747615814208984,1.886528480099514e-05,0.1578320413827896
2645,59.333333333333336,24,20,0.8333333333333334,1.0274094343185425,50.941123962402344,1.9357632481842302e-05,3.0391812324523926
2646,59.333333333333336,24,20,0.8333333333333334,1.0005340576171875,54.06655502319336,1.9625636923592538e-05,1.9300243854522705
2647,-5.702127659574463,94,83,0.8829787234042553,0.24782419204711914,16.682079315185547,1.970013909158297e-05,1.236931324005127
2648,40.95652173913044,46,40,0.8695652173913043,0.11900462210178375,29.01520347595215,1.9691089619300328e-05,0.1814124435186386
2649,-9.541666666666664,96,83,0.8645833333333334,0.07614033669233322,14.116178512573242,1.9718916519195773e-05,0.5430042147636414
2650,-108.45893719806763,207,204,0.9854106280193237,-0.02586088702082634,5.285979270935059,1.9703024008776993e-05,0.22677744925022125
2651,-9.541666666666666,96,83,0.8645833333333334,-0.47537532448768616,15.263829231262207,1.9633300325949676e-05,1.0926696062088013
2652,-7.631578947368415,95,83,0.8736842105263158,-0.12455111742019653,14.098930358886719,1.9633494957815856e-05,0.04979556426405907
2653,-2.9537953795379663,101,100,0.9804620462046204,-0.19943073391914368,8.5885648727417,1.909254388010595e-05,0.27292248606681824
2654,-3.422442244224428,101,99,0.9757755775577558,-0.12623330950737,8.411860466003418,1.2402205356920604e-05,0.726489245891571
2655,-99.21885521885523,198,196,0.9878114478114478,-0.033395808190107346,4.195581912994385,1.2373252502584364e-05,0.279974102973938
2656,47.299319727891145,49,48,0.9629931972789115,0.05358998104929924,18.22007179260254,1.0938008017546963e-05,0.31934940814971924
2657,46.73333333333333,50,49,0.9673333333333334,-0.10893858224153519,17.682235717773438,1.0623998605296947e-05,0.18953222036361694
2658,63.95652173913044,23,20,0.8695652173913043,0.5377113819122314,37.39907455444336,1.051140861818567e-05,2.0123558044433594
2659,63.95652173913044,23,20,0.8695652173913043,0.23372887074947357,37.955318450927734,1.0534609828027897e-05,0.8443678021430969
2660,-9.541666666666664,96,83,0.8645833333333334,-0.1903480887413025,15.476812362670898,9.981009498005733e-06,0.4896923899650574
2661,40.95652173913044,46,40,0.8695652173913043,0.18315273523330688,29.898616790771484,1.0007270248024724e-05,0.9213244915008545
2662,-104.76026272577998,203,200,0.9823973727422003,-0.2524451017379761,4.385247707366943,1.0007475793827325e-05,0.09326599538326263
2663,-9.043613707165111,107,105,0.979563862928349,0.029169782996177673,7.904631614685059,9.970089195121545e-06,0.38489246368408203
2664,49.02721088435374,49,49,0.9802721088435374,0.48227980732917786,20.349010467529297,1.0150877642445266e-05,1.7254879474639893
2665,-11.432989690721657,97,83,0.8556701030927835,-0.4124782383441925,14.530732154846191,1.0154242772841826e-05,0.31467071175575256
2666,63.95652173913043,23,20,0.8695652173913043,0.3979140520095825,47.603755950927734,9.824011613090988e-06,0.4556196331977844
2667,-110.85964912280703,209,206,0.9814035087719298,-0.22199298441410065,5.236201763153076,9.818168109632097e-06,0.036533404141664505
2668,38.1063829787234,47,40,0.851063829787234,-0.7286306023597717,26.983102798461914,9.999114809033927e-06,1.7099378108978271
2669,-1.4466666666666672,100,99,0.9855333333333334,-0.28572988510131836,9.857871055603027,9.976203728001565e-06,0.02820991352200508
2670,63.95652173913043,23,20,0.8695652173913043,-1.5210918188095093,38.86989974975586,1.1457895197963808e-05,5.162818431854248
2671,-9.54166666666666,96,83,0.8645833333333334,-0.22222056984901428,13.322853088378906,1.146403155871667e-05,0.43707364797592163
2672,-108.53945249597425,207,204,0.9846054750402576,-0.2505849301815033,4.0106635093688965,1.145676742453361e-05,0.28764641284942627
2673,63.95652173913044,23,20,0.8695652173913043,-0.11581061035394669,41.378578186035156,1.1810470823547803e-05,2.466855764389038
2674,46.564102564102555,52,52,0.9856410256410256,-0.12197128683328629,12.997523307800293,1.1731295671779662e-05,0.08026643097400665
2675,-8.937694704049854,107,106,0.9806230529595016,-0.013597345910966396,9.384730339050293,1.1731473023246508e-05,0.00456991558894515
2676,-108.53945249597425,207,204,0.9846054750402576,-0.13933061063289642,4.572311878204346,1.171618714579381e-05,0.43468040227890015
2677,63.95652173913043,23,20,0.8695652173913043,0.17646053433418274,43.428348541259766,1.161689215223305e-05,0.6756998300552368
2678,63.95652173913043,23,20,0.8695652173913043,-0.735004186630249,36.48661804199219,1.1921348232135642e-05,2.5498766899108887
2679,-9.541666666666663,96,83,0.8645833333333334,-0.3987998366355896,14.178936958312988,1.1570576134545263e-05,0.3102014362812042
2680,46.75163398692809,51,51,0.977516339869281,0.13590498268604279,15.513591766357422,1.1574867130548228e-05,0.21592390537261963
2681,-104.76026272577998,203,200,0.9823973727422003,-0.3317764699459076,4.660132884979248,1.1586124855966773e-05,0.4838964641094208
2682,48.10204081632652,49,48,0.9710204081632653,0.035047899931669235,12.236517906188965,1.1573987649171613e-05,0.2955252230167389
2683,38.1063829787234,47,40,0.851063829787234,-0.5912576913833618,28.322938919067383,1.1695193279592786e-05,1.7779202461242676
2684,-105.54575163398694,204,201,0.9845424836601308,-0.25156301259994507,4.605983257293701,1.073326711775735e-05,0.3430902659893036
2685,-1.4466666666666703,100,99,0.9855333333333334,-0.13349603116512299,10.217101097106934,1.0725370884756558e-05,0.3987998366355896
2686,-9.541666666666664,96,83,0.8645833333333334,-0.014558553695678711,14.747920989990234,1.0785321137518622e-05,1.089703917503357
2687,-2.9537953795379654,101,100,0.9804620462046204,-0.210358127951622,7.2824931144714355,1.0782268873299472e-05,0.08618028461933136
2688,63.95652173913043,23,20,0.8695652173913043,-0.7071290612220764,47.49252700805664,1.121623154176632e-05,2.6931607723236084
2689,59.333333333333336,24,20,0.8333333333333334,0.98160320520401,51.03019332885742,1.102914939110633e-05,2.377363920211792
2690,46.46153846153846,52,52,0.9846153846153847,-0.27063262462615967,25.569805145263672,1.1011095921276137e-05,0.659460723400116
2691,-106.9479674796748,205,202,0.980520325203252,-0.11583235114812851,5.158790111541748,1.089916804630775e-05,0.023981701582670212
2692,47.13333333333333,50,49,0.9713333333333334,-0.2674866318702698,23.762680053710938,1.0921769899141509e-05,0.7177596092224121
2693,-108.53945249597425,207,204,0.9846054750402576,-0.20673242211341858,4.529407978057861,1.094482922781026e-05,0.5826674103736877
2694,40.95652173913042,46,40,0.8695652173913043,0.023107878863811493,28.70612907409668,1.0961338375636842e-05,0.49229133129119873
2695,-7.107936507936509,105,104,0.978920634920635,-0.4661881923675537,9.31663703918457,1.0758118150988594e-05,0.3350478410720825
2696,63.95652173913042,23,20,0.8695652173913043,0.6014540791511536,51.21539306640625,1.0814740562636871e-05,1.0447537899017334
2697,47.26666666666666,50,49,0.9726666666666667,-0.334092378616333,18.46891975402832,1.0440286132507026e-05,2.318758249282837
2698,-102.70149253731344,201,198,0.9829850746268657,-0.5447077751159668,3.982975959777832,1.0429811482026707e-05,0.8056955933570862
2699,-9.043613707165113,107,105,0.979563862928349,-0.21927013993263245,9.084362030029297,9.625004167901352e-06,0.4232228994369507
2700,-9.541666666666668,96,83,0.8645833333333334,-0.0524410717189312,16.896366119384766,9.776121260074433e-06,1.5559108257293701
2701,63.95652173913043,23,20,0.8695652173913043,-0.021017059683799744,56.241790771484375,9.947249964170624e-06,1.643347978591919
2702,-5.961538461538471,104,103,0.9803846153846154,-0.26004424691200256,8.183266639709473,9.969475286197849e-06,0.7845597267150879
2703,-4.254901960784322,102,100,0.9774509803921568,-0.060453321784734726,8.21590518951416,9.930507076205686e-06,0.4739697575569153
2704,63.95652173913043,23,20,0.8695652173913043,-0.5155228972434998,43.072021484375,1.004163823381532e-05,1.427076816558838
2705,-9.541666666666666,96,83,0.8645833333333334,-0.0837768018245697,17.13918113708496,9.967647201847285e-06,0.4222915768623352
2706,47.299319727891145,49,48,0.9629931972789115,0.3623838424682617,18.284358978271484,9.992460036301054e-06,0.645929753780365
2707,-105.44117647058825,204,202,0.9855882352941177,0.07353107631206512,3.989835739135742,9.978552952816244e-06,0.22030535340309143
2708,-7.63157894736841,95,83,0.8736842105263158,0.24731352925300598,14.806039810180664,8.90171759238001e-06,1.4754096269607544
2709,63.95652173913043,23,20,0.8695652173913043,0.36136603355407715,36.38374710083008,8.901740329747554e-06,0.219573512673378
2710,-8.93769470404985,107,106,0.9806230529595016,-0.233798548579216,8.38174057006836,8.863979928719345e-06,0.3387514650821686
2711,-7.107936507936509,105,104,0.978920634920635,-0.4899654984474182,9.164647102355957,8.892465302778874e-06,0.6600054502487183
2712,-9.043613707165113,107,105,0.979563862928349,-0.5129153728485107,8.601454734802246,9.130773833021522e-06,1.9588499069213867
2713,-9.541666666666664,96,83,0.8645833333333334,-0.15250886976718903,19.908401489257812,9.121932635025587e-06,0.15198682248592377
2714,63.95652173913042,23,20,0.8695652173913043,1.1080617904663086,44.1915397644043,9.458432032261044e-06,2.636247158050537
2715,-108.53945249597425,207,204,0.9846054750402576,-0.1098061129450798,5.047930717468262,9.22748677112395e-06,0.10844501852989197
2716,63.95652173913043,23,20,0.8695652173913043,1.4933648109436035,46.937889099121094,9.900803888740484e-06,3.3641300201416016
2717,-105.46732026143792,204,202,0.9853267973856209,0.20879951119422913,4.765632152557373,9.901431440084707e-06,0.2855824828147888
2718,-108.45893719806764,207,204,0.9854106280193237,0.10910797119140625,4.768764495849609,9.886933185043745e-06,0.19674719870090485
2719,47.299319727891145,49,48,0.9629931972789115,0.23662154376506805,16.921117782592773,9.820582818065304e-06,0.22330497205257416
2720,40.95652173913043,46,40,0.8695652173913043,-0.013064480386674404,30.029203414916992,9.672766282164957e-06,0.2747232913970947
2721,46.564102564102555,52,52,0.9856410256410256,-0.04027130827307701,11.968113899230957,9.725491509016138e-06,1.035773754119873
2722,-11.432989690721653,97,83,0.8556701030927835,-0.28799960017204285,15.463187217712402,9.619592674425803e-06,0.02541341632604599
2723,40.95652173913042,46,40,0.8695652173913043,-0.4505617320537567,26.725643157958984,9.364509423903655e-06,0.4212818145751953
2724,-106.9479674796748,205,202,0.980520325203252,-0.09568049758672714,5.297454833984375,9.314827366324607e-06,0.0761490911245346
2725,63.95652173913044,23,20,0.8695652173913043,-0.26388221979141235,37.85976791381836,9.143167517322581e-06,0.19123870134353638
2726,47.29931972789115,49,48,0.9629931972789115,-0.1798889935016632,17.4763240814209,9.106945071835071e-06,0.28769829869270325
2727,40.95652173913043,46,40,0.8695652173913043,0.1735987663269043,27.111053466796875,9.209592462866567e-06,1.4563332796096802
2728,48.10204081632652,49,48,0.9710204081632653,0.004013200756162405,15.566603660583496,9.207688890455756e-06,0.41096803545951843
2729,49.02721088435374,49,49,0.9802721088435374,-0.5760011076927185,18.065837860107422,9.492122444498818e-06,2.2899608612060547
2730,49.027210884353735,49,49,0.9802721088435374,-0.18061937391757965,17.023719787597656,9.486806447966956e-06,0.3146037459373474
2731,-5.718446601941757,103,101,0.9728155339805825,-0.047622330486774445,10.853303909301758,9.487543138675392e-06,0.09567513316869736
2732,63.95652173913044,23,20,0.8695652173913043,0.06597225368022919,37.832279205322266,8.999333658721298e-06,1.0153955221176147
2733,-1.4466666666666708,100,99,0.9855333333333334,-0.3451445698738098,9.83608627319336,9.008766028273385e-06,0.9950658679008484
2734,40.95652173913042,46,40,0.8695652173913043,0.2552083730697632,27.670833587646484,9.253974894818384e-06,2.000243663787842
2735,40.95652173913043,46,40,0.8695652173913043,-0.3693852722644806,27.06365966796875,9.228704584529623e-06,0.04660459980368614
2736,63.95652173913044,23,20,0.8695652173913043,-0.5734261274337769,36.98625564575195,9.551121365802828e-06,2.5544893741607666
2737,46.46153846153846,52,52,0.9846153846153847,-0.013555575162172318,23.694467544555664,9.424166819371749e-06,0.6103434562683105
2738,46.62666666666666,50,49,0.9662666666666667,-0.34839218854904175,15.102059364318848,9.460249202675186e-06,0.897182285785675
2739,40.95652173913043,46,40,0.8695652173913043,0.4673084616661072,25.360450744628906,9.639721611165442e-06,1.7000304460525513
2740,46.46153846153846,52,52,0.9846153846153847,-0.09928673505783081,20.940263748168945,9.614473128749523e-06,0.21385709941387177
2741,47.13333333333333,50,49,0.9713333333333334,-0.1803010106086731,23.199583053588867,9.606691492081154e-06,0.057524655014276505
2742,40.95652173913042,46,40,0.8695652173913043,-0.17198455333709717,27.209274291992188,9.60167199082207e-06,0.1491665244102478
2743,-8.937694704049848,107,106,0.9806230529595016,-0.29588496685028076,8.104743003845215,9.61971454671584e-06,0.6253412961959839
2744,-107.9243156199678,207,206,0.990756843800322,-0.33758941292762756,5.033141613006592,9.61923706199741e-06,0.13252729177474976
2745,-6.480769230769235,104,102,0.9751923076923077,-0.2912345826625824,8.171365737915039,9.05000797501998e-06,0.41748103499412537
2746,40.95652173913044,46,40,0.8695652173913043,-0.561475932598114,30.215749740600586,8.948202776082326e-06,1.5800046920776367
2747,40.95652173913043,46,40,0.8695652173913043,-1.534980297088623,32.251609802246094,9.787559974938631e-06,4.03134298324585
2748,63.95652173913043,23,20,0.8695652173913043,0.31606751680374146,48.04634475708008,1.0173054761253297e-05,2.3998830318450928
2749,48.10204081632653,49,48,0.9710204081632653,-0.5214945077896118,12.843363761901855,1.0470263077877462e-05,2.4183692932128906
2750,-7.631578947368422,95,83,0.8736842105263158,0.01341514103114605,16.32821273803711,1.048976628226228e-05,0.5331828594207764
2751,-7.6315789473684195,95,83,0.8736842105263158,0.3108479380607605,12.732860565185547,1.0546617886575405e-05,1.241413950920105
2752,-8.93769470404985,107,106,0.9806230529595016,0.24737116694450378,10.580744743347168,1.0589741577859968e-05,0.7308929562568665
2753,-7.107936507936511,105,104,0.978920634920635,-0.049187686294317245,10.325773239135742,1.0588006261968985e-05,0.12882153689861298
2754,40.95652173913044,46,40,0.8695652173913043,0.49634110927581787,28.347579956054688,1.0897789252339862e-05,2.2440483570098877
2755,43.888888888888886,45,40,0.8888888888888888,-0.24946630001068115,26.554473876953125,1.0960358849843033e-05,1.1048206090927124
2756,59.333333333333336,24,20,0.8333333333333334,-0.18243533372879028,42.6550407409668,1.1385915058781393e-05,2.7308239936828613
2757,40.95652173913043,46,40,0.8695652173913043,0.12063958495855331,25.126808166503906,1.142385463026585e-05,0.6890861392021179
2758,-9.541666666666668,96,83,0.8645833333333334,0.2933831214904785,13.752968788146973,1.1359174095559865e-05,1.7468810081481934
2759,63.95652173913043,23,20,0.8695652173913043,0.7261286973953247,35.7780876159668,1.1532944881764706e-05,1.756837248802185
2760,63.95652173913044,23,20,0.8695652173913043,1.044324278831482,42.627506256103516,1.1878051736857742e-05,2.3669843673706055
2761,-5.702127659574465,94,83,0.8829787234042553,-0.31009188294410706,13.286650657653809,1.1821522093669046e-05,0.14589226245880127
2762,-102.70149253731344,201,198,0.9829850746268657,-0.3854423463344574,4.851660251617432,1.1840271326946095e-05,0.5875653028488159
2763,47.299319727891145,49,48,0.9629931972789115,0.9756385087966919,14.98475170135498,1.31862061607535e-05,4.650511264801025
2764,63.95652173913044,23,20,0.8695652173913043,0.2397928237915039,38.48230743408203,1.2996276382182259e-05,0.018380094319581985
2765,47.62585034013605,49,48,0.9662585034013605,0.13205726444721222,18.586044311523438,1.3337732525542378e-05,2.3460910320281982
2766,-9.043613707165107,107,105,0.979563862928349,-0.003444175934419036,7.908344268798828,1.3325369764061179e-05,0.16147401928901672
2767,46.46153846153847,52,52,0.9846153846153847,0.15751436352729797,25.49495506286621,1.3326224689080846e-05,0.10156704485416412
2768,40.95652173913044,46,40,0.8695652173913043,-0.08316382020711899,31.50836944580078,1.3148269317753147e-05,0.07755016535520554
2769,59.333333333333336,24,20,0.8333333333333334,0.6447275876998901,53.88614273071289,1.314845576416701e-05,0.06137845665216446
2770,40.95652173913044,46,40,0.8695652173913043,-0.005070146173238754,30.150365829467773,1.1491380064398982e-05,0.2225671261548996
2771,-108.53945249597425,207,204,0.9846054750402576,-0.388323038816452,4.306849956512451,1.148553656094009e-05,0.1824551820755005
2772,63.95652173913042,23,20,0.8695652173913043,-1.0618884563446045,50.02924346923828,1.207535660796566e-05,3.0738277435302734
2773,-5.70212765957447,94,83,0.8829787234042553,-0.5970842838287354,16.598848342895508,1.1695276953105349e-05,0.18149836361408234
2774,-4.9158576051780045,103,102,0.98084142394822,-0.278568297624588,8.367676734924316,1.1694485692714807e-05,0.006032771430909634
2775,-6.480769230769237,104,102,0.9751923076923077,-0.04420291632413864,10.536776542663574,1.1804191672126763e-05,1.3799806833267212
2776,49.027210884353735,49,49,0.9802721088435374,-0.09391667693853378,15.679033279418945,1.1795117643487174e-05,0.078565314412117
2777,63.95652173913042,23,20,0.8695652173913043,0.2963477373123169,50.329078674316406,1.1791358701884747e-05,0.7429909706115723
2778,43.888888888888886,45,40,0.8888888888888888,-0.4546859562397003,29.348796844482422,1.151025753642898e-05,1.4453809261322021
2779,49.027210884353735,49,49,0.9802721088435374,-0.10081442445516586,20.232759475708008,1.1534452823980246e-05,0.66224604845047
2780,46.564102564102555,52,52,0.9856410256410256,-0.6136708855628967,13.100641250610352,1.1808800991275348e-05,2.0576491355895996
2781,-2.9537953795379663,101,100,0.9804620462046204,-0.008633228950202465,8.374289512634277,1.180474464490544e-05,0.5225716829299927
2782,-2.815181518151828,101,100,0.9818481848184818,0.22682839632034302,7.727797985076904,1.1797771549026947e-05,0.05127610266208649
2783,-9.541666666666666,96,83,0.8645833333333334,-0.4248143434524536,12.708227157592773,1.159362363978289e-05,0.2347520887851715
2784,-99.21885521885523,198,196,0.9878114478114478,-0.14263534545898438,4.9014787673950195,1.1593425369937904e-05,0.3392083942890167
2785,46.73333333333333,50,49,0.9673333333333334,-0.8259320855140686,21.589763641357422,1.1696291039697826e-05,1.3042222261428833
2786,43.893081761006286,53,52,0.9689308176100629,-0.41722941398620605,16.196632385253906,1.165671619673958e-05,0.5928924679756165
2787,63.95652173913043,23,20,0.8695652173913043,-1.044006109237671,38.33509063720703,1.2518285075202584e-05,3.7097585201263428
2788,46.73333333333333,50,49,0.9673333333333334,0.06126819923520088,15.113574981689453,1.2066249837516807e-05,0.18730826675891876
2789,46.73333333333333,50,49,0.9673333333333334,0.23919245600700378,21.081254959106445,1.1733613973774482e-05,0.3601095378398895
2790,40.95652173913044,46,40,0.8695652173913043,-0.9191929697990417,32.04413604736328,1.285985763388453e-05,4.3340983390808105
2791,47.62585034013605,49,48,0.9662585034013605,0.14664359390735626,14.543155670166016,1.2911044905195013e-05,0.8881434202194214
2792,63.95652173913043,23,20,0.8695652173913043,-0.9040773510932922,49.103538513183594,1.4295830624178052e-05,4.828502178192139
2793,-5.702127659574463,94,83,0.8829787234042553,-0.196023091673851,14.763307571411133,1.4270368410507217e-05,0.12781473994255066
2794,-103.45214521452145,202,200,0.9854785478547855,-0.03780560940504074,4.69171667098999,1.425228219886776e-05,0.07789712399244308
2795,40.95652173913043,46,40,0.8695652173913043,-0.039147380739450455,26.804882049560547,1.4411327356356196e-05,1.5681402683258057
2796,59.333333333333336,24,20,0.8333333333333334,-0.4134465157985687,48.47697067260742,1.4352197467815131e-05,0.44487878680229187
2797,-4.254901960784316,102,100,0.9774509803921568,-0.09231250733137131,9.790303230285645,1.4038053450349253e-05,0.21783138811588287
2798,-2.9537953795379677,101,100,0.9804620462046204,-0.4469148814678192,9.962285995483398,1.4002823263581377e-05,0.20380538702011108
2799,-7.631578947368416,95,83,0.8736842105263158,-0.22796504199504852,18.73162269592285,1.4009116057422943e-05,0.5252655148506165
2800,63.95652173913044,23,20,0.8695652173913043,0.9482725262641907,36.479103088378906,1.4263994671637192e-05,2.5527172088623047
2801,63.95652173913043,23,20,0.8695652173913043,-0.36653265357017517,45.52518844604492,1.4561077477992512e-05,2.8035809993743896
2802,46.75163398692809,51,51,0.977516339869281,0.4737088978290558,17.984643936157227,1.4595537322747987e-05,0.9960700869560242
2803,63.95652173913044,23,20,0.8695652173913043,-0.4442339837551117,43.00442123413086,1.4608891433454119e-05,0.677551805973053
2804,49.02721088435374,49,49,0.9802721088435374,-0.363353431224823,14.252342224121094,1.4579485650756396e-05,1.2422575950622559
2805,-4.5922330097087505,103,102,0.9840776699029126,0.14137130975723267,8.743865966796875,1.4568859114660881e-05,0.26238179206848145
2806,63.95652173913044,23,20,0.8695652173913043,0.20542174577713013,33.889854431152344,1.4572363397746813e-05,0.6857014298439026
2807,-108.53945249597425,207,204,0.9846054750402576,-0.29544320702552795,5.047942161560059,1.4568404367309995e-05,0.08725279569625854
2808,-105.54575163398694,204,201,0.9845424836601308,0.021198010072112083,4.51978874206543,1.4438634025282227e-05,0.43414655327796936
2809,63.95652173913043,23,20,0.8695652173913043,0.25292080640792847,42.39000701904297,1.4452474715653807e-05,0.49006950855255127
2810,-9.541666666666657,96,83,0.8645833333333334,0.2866654098033905,16.045122146606445,1.4636607374995947e-05,1.7040003538131714
2811,-7.631578947368415,95,83,0.8736842105263158,0.06236841529607773,14.078032493591309,1.4622066373704001e-05,0.36197155714035034
2812,-4.592233009708751,103,102,0.9840776699029126,0.3929639458656311,11.730733871459961,1.4391865079232957e-05,0.17661139369010925
2813,40.95652173913043,46,40,0.8695652173913043,-0.527051568031311,27.736825942993164,1.457883627153933e-05,1.7707399129867554
2814,-99.21885521885523,198,196,0.9878114478114478,0.2399090677499771,5.527650833129883,1.4144478882371914e-05,0.30566826462745667
2815,-99.21885521885523,198,196,0.9878114478114478,-0.1113981306552887,5.5905961990356445,1.4186323824105784e-05,0.8989509344100952
2816,46.75163398692809,51,51,0.977516339869281,-0.08445343375205994,18.932283401489258,1.3519918866222724e-05,1.1273964643478394
2817,48.68707482993197,49,48,0.9768707482993197,0.12206666171550751,21.614301681518555,1.3512548321159557e-05,0.30515897274017334
2818,-102.70149253731344,201,198,0.9829850746268657,-0.3145284652709961,4.065185546875,1.3506739378499333e-05,0.17371594905853271
2819,-7.631578947368413,95,83,0.8736842105263158,-0.5907794237136841,12.946882247924805,1.3564648725150619e-05,1.1546669006347656
2820,-104.76026272577998,203,200,0.9823973727422003,-0.3593933880329132,4.1386847496032715,1.3564429536927491e-05,0.2617238759994507
2821,40.95652173913043,46,40,0.8695652173913043,0.18676632642745972,26.820327758789062,1.3628671695187222e-05,1.4198728799819946
2822,46.46153846153846,52,52,0.9846153846153847,-0.2084965705871582,22.31051254272461,1.3629300156026147e-05,0.05577405169606209
2823,-105.54575163398694,204,201,0.9845424836601308,-0.3608434796333313,4.732425689697266,1.3631684851134196e-05,0.48111051321029663
2824,49.36879432624113,47,46,0.9636879432624114,0.3576931059360504,17.84927749633789,1.3751882761425804e-05,1.276370644569397
2825,63.95652173913044,23,20,0.8695652173913043,-0.5400811433792114,50.797828674316406,1.4153047231957316e-05,2.7004587650299072
2826,-9.54166666666666,96,83,0.8645833333333334,0.03329114615917206,14.338506698608398,1.4282868505688384e-05,1.3243850469589233
2827,48.10204081632652,49,48,0.9710204081632653,0.1350879669189453,17.703386306762695,1.4133623153611552e-05,0.1907266527414322
2828,63.95652173913043,23,20,0.8695652173913043,-0.6042620539665222,45.44871139526367,1.4323738469101954e-05,1.9236180782318115
2829,43.888888888888886,45,40,0.8888888888888888,-1.2273608446121216,29.561079025268555,1.4940907021809835e-05,3.976402521133423
2830,40.95652173913042,46,40,0.8695652173913043,-0.1281130611896515,22.982942581176758,1.508817331341561e-05,1.390180230140686
2831,-105.46732026143792,204,202,0.9853267973856209,-0.4449335038661957,6.64353609085083,1.5094540685822722e-05,0.48374882340431213
2832,-2.9537953795379677,101,100,0.9804620462046204,-0.12354617565870285,10.91016674041748,1.5131894542719238e-05,1.2503337860107422
2833,-5.96153846153846,104,103,0.9803846153846154,-0.06176171451807022,12.02927303314209,1.5088108739291783e-05,0.14190764725208282
2834,43.893081761006286,53,52,0.9689308176100629,-0.2528526484966278,16.383377075195312,1.4817872397543397e-05,0.6957784295082092
2835,-7.631578947368414,95,83,0.8736842105263158,-0.178165003657341,14.465849876403809,1.483052437833976e-05,0.6494321227073669
2836,-105.54575163398694,204,201,0.9845424836601308,-0.054428987205028534,5.325737476348877,1.4511493645841256e-05,0.8663635849952698
2837,46.75163398692809,51,51,0.977516339869281,0.07129170745611191,22.174732208251953,1.4533498870150652e-05,1.1567883491516113
2838,-3.7647058823529536,102,101,0.9823529411764705,0.3386104106903076,11.315945625305176,1.450174931960646e-05,0.12717567384243011
2839,63.95652173913043,23,20,0.8695652173913043,-0.1059512346982956,48.08612060546875,1.4349027878779452e-05,1.2299140691757202
2840,63.95652173913043,23,20,0.8695652173913043,0.17929166555404663,38.58225631713867,1.4361261492013e-05,0.8212317824363708
2841,59.33333333333334,24,20,0.8333333333333334,-0.23900100588798523,42.189842224121094,1.440842606825754e-05,1.1077696084976196
2842,46.73333333333333,50,49,0.9673333333333334,-0.4967205822467804,20.741296768188477,1.4400117834156845e-05,0.301026850938797
2843,43.888888888888886,45,40,0.8888888888888888,-1.1361169815063477,28.534931182861328,1.469432572775986e-05,2.4565348625183105
2844,-103.45214521452145,202,200,0.9854785478547855,-0.17703777551651,4.940650463104248,1.4686149370390922e-05,0.3610154688358307
2845,-105.54575163398694,204,201,0.9845424836601308,-0.18831928074359894,5.317941188812256,1.4701160580443684e-05,0.7732507586479187
2846,-9.541666666666663,96,83,0.8645833333333334,-0.11907222867012024,15.772544860839844,1.4597715562558733e-05,0.06853532046079636
2847,48.68707482993197,49,48,0.9768707482993197,0.28850147128105164,23.179784774780273,1.370478275930509e-05,0.0015404407167807221
2848,63.95652173913043,23,20,0.8695652173913043,1.1371419429779053,49.43799591064453,1.4319349247671198e-05,3.8942158222198486
2849,-102.70149253731344,201,198,0.9829850746268657,-0.11125686019659042,4.787289619445801,1.4009323422214948e-05,0.03546001762151718
2850,-9.043613707165111,107,105,0.979563862928349,0.029916513711214066,8.110221862792969,1.3980769836052787e-05,0.021404031664133072
2851,59.33333333333334,24,20,0.8333333333333334,0.3083542287349701,33.09470748901367,1.386370695399819e-05,0.1344413310289383
2852,47.26666666666667,50,49,0.9726666666666667,-0.28470271825790405,18.30632972717285,1.3942308214609511e-05,1.6434940099716187
2853,63.95652173913043,23,20,0.8695652173913043,0.6333311796188354,37.94380187988281,1.4172738701745402e-05,1.7447187900543213
2854,-103.45214521452147,202,200,0.9854785478547855,-0.1394558846950531,4.288674831390381,1.3810539712721948e-05,0.042861901223659515
2855,-2.8151815181518303,101,100,0.9818481848184818,0.31983447074890137,8.249117851257324,1.377697572024772e-05,0.3353203237056732
2856,-4.592233009708749,103,102,0.9840776699029126,0.7908443808555603,8.313109397888184,1.3600213605968747e-05,1.7600723505020142
2857,43.893081761006286,53,52,0.9689308176100629,-0.196294367313385,15.411757469177246,1.364323907182552e-05,1.3404587507247925
2858,63.95652173913044,23,20,0.8695652173913043,-0.11873045563697815,41.5758056640625,1.3569171642302535e-05,1.7675660848617554
2859,40.95652173913043,46,40,0.8695652173913043,0.44227322936058044,29.89952278137207,1.3527051123674028e-05,1.5735658407211304
2860,-9.541666666666664,96,83,0.8645833333333334,-0.6623852252960205,12.668660163879395,1.3219572792877443e-05,1.5253101587295532
2861,40.95652173913042,46,40,0.8695652173913043,0.1741044968366623,28.968088150024414,1.3267441318021156e-05,0.724133312702179
2862,-9.541666666666664,96,83,0.8645833333333334,-1.0262870788574219,12.636390686035156,1.3482576832757331e-05,2.17539119720459
2863,-106.9479674796748,205,202,0.980520325203252,-0.15556585788726807,4.645482540130615,1.2004290510958526e-05,0.23727476596832275
2864,63.95652173913043,23,20,0.8695652173913043,0.6428201794624329,43.450958251953125,1.2566675650305115e-05,2.7501015663146973
2865,40.95652173913044,46,40,0.8695652173913043,-0.078729048371315,28.595516204833984,1.2147967026976403e-05,0.0396169014275074
2866,-7.631578947368412,95,83,0.8736842105263158,-0.2848135232925415,14.379358291625977,1.2155867807450704e-05,0.09005680680274963
2867,-7.631578947368415,95,83,0.8736842105263158,-0.35301244258880615,13.177340507507324,1.2150762813689653e-05,0.562057375907898
2868,-7.631578947368414,95,83,0.8736842105263158,-0.08118300884962082,15.322588920593262,1.2173330105724744e-05,0.34885311126708984
2869,43.888888888888886,45,40,0.8888888888888888,0.018912507221102715,26.828100204467773,1.2167738532298245e-05,0.10688341408967972
2870,49.36879432624114,47,46,0.9636879432624114,-0.39771851897239685,20.055767059326172,1.2357067134871613e-05,2.1359145641326904
2871,40.95652173913043,46,40,0.8695652173913043,0.28108179569244385,28.316753387451172,1.2361957487883046e-05,0.004303140100091696
2872,46.564102564102555,52,52,0.9856410256410256,-1.7259324789047241,15.930959701538086,1.3312207556737121e-05,5.118839740753174
2873,-5.96153846153846,104,103,0.9803846153846154,-0.10657355934381485,8.798561096191406,1.3310800568433478e-05,0.3718959093093872
2874,-7.107936507936512,105,104,0.978920634920635,-0.34286201000213623,9.58307933807373,1.3309549103723839e-05,0.024921612814068794
2875,-9.541666666666671,96,83,0.8645833333333334,-0.8659285306930542,14.228511810302734,1.3210546967457049e-05,1.5333383083343506
2876,-9.54166666666666,96,83,0.8645833333333334,0.04960094764828682,14.120528221130371,1.3424306416709442e-05,1.553841233253479
2877,-9.541666666666664,96,83,0.8645833333333334,-0.1923779398202896,11.149949073791504,1.3408292034000624e-05,0.6172008514404297
2878,43.893081761006286,53,52,0.9689308176100629,-0.11837554723024368,16.35869598388672,1.3353525901038665e-05,0.22183464467525482
2879,59.33333333333334,24,20,0.8333333333333334,-2.407926082611084,53.625816345214844,1.7300144463661127e-05,8.384071350097656
2880,43.88888888888888,45,40,0.8888888888888888,1.1687604188919067,29.76401710510254,1.8136461221729405e-05,3.6605019569396973
2881,-9.541666666666657,96,83,0.8645833333333334,-0.25377053022384644,13.313148498535156,1.8105189155903645e-05,0.16005077958106995
2882,-9.541666666666664,96,83,0.8645833333333334,0.0008065077709034085,13.55890941619873,1.8233964510727674e-05,1.1225515604019165
2883,-7.631578947368423,95,83,0.8736842105263158,-0.40906575322151184,14.684414863586426,1.8246650142828003e-05,0.8202713131904602
2884,-105.46732026143792,204,202,0.9853267973856209,0.022249508649110794,5.22980260848999,1.8253298549097963e-05,0.029417648911476135
2885,40.95652173913043,46,40,0.8695652173913043,-0.9289864301681519,30.667804718017578,1.8716642443905585e-05,3.2611756324768066
2886,59.333333333333336,24,20,0.8333333333333334,0.1695118099451065,51.216644287109375,1.872022039606236e-05,0.6987887024879456
2887,40.95652173913042,46,40,0.8695652173913043,0.01126565970480442,27.336618423461914,1.8053520761895925e-05,0.3218057155609131
2888,-110.85964912280703,209,206,0.9814035087719298,-0.0053486330434679985,5.17860746383667,1.8083566828863695e-05,0.38361573219299316
2889,-105.54575163398694,204,201,0.9845424836601308,-0.20020049810409546,4.552698612213135,1.8083987015415914e-05,0.23609977960586548
2890,46.73333333333333,50,49,0.9673333333333334,-0.1913551390171051,20.692584991455078,1.7086693333112635e-05,0.05991706997156143
2891,-108.53945249597425,207,204,0.9846054750402576,-0.30292755365371704,5.089992523193359,1.7001859305310063e-05,0.21425926685333252
2892,63.95652173913043,23,20,0.8695652173913043,0.08799346536397934,40.00907897949219,1.5808178432052955e-05,0.9432545900344849
2893,-9.541666666666664,96,83,0.8645833333333334,0.30112531781196594,14.771958351135254,1.6012911146390252e-05,1.598778247833252
2894,46.626666666666665,50,49,0.9662666666666667,-0.04844271019101143,21.2025146484375,1.6023423086153343e-05,0.29052063822746277
2895,-5.70212765957446,94,83,0.8829787234042553,0.056974709033966064,15.703315734863281,1.5835896192584187e-05,0.18245290219783783
2896,63.95652173913044,23,20,0.8695652173913043,-1.5790884494781494,52.828941345214844,1.7599104467080906e-05,5.656231880187988
2897,63.95652173913042,23,20,0.8695652173913043,1.2822574377059937,48.09806823730469,1.8544751583249308e-05,3.6747887134552
2898,40.95652173913044,46,40,0.8695652173913043,-0.6803018450737,28.479307174682617,1.8915963664767332e-05,2.7244136333465576
2899,-6.480769230769237,104,102,0.9751923076923077,-0.11877895146608353,10.12992000579834,1.8891891159000807e-05,0.22941213846206665
2900,-105.44117647058825,204,202,0.9855882352941177,0.10700056701898575,5.642632484436035,1.839128708525095e-05,0.23520222306251526
2901,40.95652173913043,46,40,0.8695652173913043,0.03584970161318779,21.926855087280273,1.8065018593915738e-05,0.7043389081954956
2902,63.95652173913043,23,20,0.8695652173913043,-0.3987910747528076,36.100006103515625,1.801670077838935e-05,1.2186996936798096
2903,-102.70149253731344,201,198,0.9829850746268657,0.15634122490882874,4.967665672302246,1.8033961168839596e-05,0.35929223895072937
2904,63.95652173913043,23,20,0.8695652173913043,0.1987319141626358,37.51261901855469,1.79799444595119e-05,0.07587151974439621
2905,-99.21885521885523,198,196,0.9878114478114478,0.25382232666015625,6.065629959106445,1.7989465050050057e-05,0.11789467930793762
2906,63.95652173913044,23,20,0.8695652173913043,0.7767083048820496,43.44975662231445,1.8325288692722097e-05,2.2553203105926514
2907,40.95652173913044,46,40,0.8695652173913043,-1.1512359380722046,30.199932098388672,2.000880522246007e-05,5.516062259674072
2908,46.46153846153846,52,52,0.9846153846153847,0.10245614498853683,23.86204719543457,2.002990004257299e-05,0.6363075971603394
2909,46.56410256410256,52,52,0.9856410256410256,-0.14326560497283936,15.667607307434082,2.002983273996506e-05,0.48937591910362244
2910,46.564102564102555,52,52,0.9856410256410256,-0.2221871167421341,11.096979141235352,1.978571162908338e-05,0.7007842063903809
2911,-3.359477124183014,102,101,0.9864052287581699,0.5411937236785889,12.484635353088379,1.9838478692690842e-05,0.8247717022895813
2912,46.46153846153847,52,52,0.9846153846153847,-0.050437960773706436,25.545257568359375,1.9875178622896783e-05,1.1220784187316895
2913,63.95652173913043,23,20,0.8695652173913043,-0.8621075749397278,52.032257080078125,2.062085877696518e-05,4.108287334442139
2914,-11.432989690721651,97,83,0.8556701030927835,-0.5741782188415527,15.375774383544922,2.0596973627107218e-05,0.6218133568763733
2915,47.62585034013605,49,48,0.9662585034013605,-0.47056370973587036,22.86711883544922,2.061678605969064e-05,0.6669005155563354
2916,-2.9537953795379672,101,100,0.9804620462046204,-0.5859177708625793,9.342198371887207,2.0588113329722546e-05,0.7112122774124146
2917,40.95652173913043,46,40,0.8695652173913043,-0.020467283204197884,28.312028884887695,2.0734520148835145e-05,1.1915161609649658
2918,-102.70149253731343,201,198,0.9829850746268657,-0.44348928332328796,6.138943195343018,2.0735080397571437e-05,0.1486988514661789
2919,-109.40064102564104,208,206,0.9859935897435897,-0.4371541142463684,6.6712846755981445,2.0708326701424085e-05,0.1487981677055359
2920,-104.76026272577998,203,200,0.9823973727422003,-0.5896651148796082,5.228367805480957,2.0709087038994767e-05,0.46106940507888794
2921,38.10638297872341,47,40,0.851063829787234,-0.14692185819149017,26.169517517089844,2.070564733003266e-05,1.4038619995117188
2922,40.95652173913044,46,40,0.8695652173913043,0.05759366601705551,32.250892639160156,2.0795088857994415e-05,0.9367390871047974
2923,-7.051282051282065,104,101,0.9694871794871794,-0.3552147150039673,14.985933303833008,2.0842595404246822e-05,0.5751720070838928
2924,-4.254901960784322,102,100,0.9774509803921568,-0.29795992374420166,7.825137615203857,2.0693913029390387e-05,0.7012435793876648
2925,47.62585034013605,49,48,0.9662585034013605,-0.23051179945468903,14.443663597106934,2.0425031834747642e-05,0.8587481379508972
2926,-110.85964912280703,209,206,0.9814035087719298,0.004410896450281143,6.264791488647461,2.026571200985927e-05,0.0452059730887413
2927,-9.541666666666664,96,83,0.8645833333333334,-0.22342003881931305,16.05771827697754,2.0250097804819234e-05,0.34972983598709106
2928,59.33333333333333,24,20,0.8333333333333334,-2.7557618618011475,57.42133712768555,2.7279362257104367e-05,11.157516479492188
2929,-102.70149253731344,201,198,0.9829850746268657,-0.1643904596567154,5.214376449584961,2.6488043658901006e-05,0.26681289076805115
2930,-108.53945249597425,207,204,0.9846054750402576,-0.2149183750152588,4.528040885925293,2.6304576749680564e-05,0.35443684458732605
2931,-4.915857605178003,103,102,0.98084142394822,0.04348522424697876,8.63737678527832,2.630633389344439e-05,0.19015318155288696
2932,-9.541666666666671,96,83,0.8645833333333334,-0.678071141242981,13.141173362731934,2.6229989089188166e-05,1.615403175354004
2933,63.95652173913042,23,20,0.8695652173913043,0.44867143034935,52.38783264160156,2.687254163902253e-05,2.8413920402526855
2934,-102.70149253731343,201,198,0.9829850746268657,-0.17211340367794037,5.2640252113342285,2.691087320272345e-05,0.4732455015182495
2935,38.1063829787234,47,40,0.851063829787234,0.01653873175382614,32.18336868286133,2.6925172278424725e-05,0.19093750417232513
2936,-109.40064102564102,208,206,0.9859935897435897,-0.5132123827934265,6.849469184875488,2.6908981453743763e-05,0.524415910243988
2937,48.68707482993197,49,48,0.9768707482993197,-0.1288968175649643,18.52583122253418,2.687944652279839e-05,0.7561554908752441
2938,-7.631578947368414,95,83,0.8736842105263158,-0.3718695342540741,15.108724594116211,2.6876237825490534e-05,0.31620320677757263
2939,-105.44117647058825,204,202,0.9855882352941177,-0.07115624099969864,5.037546157836914,2.6829900889424607e-05,0.22362543642520905
2940,49.027210884353735,49,49,0.9802721088435374,0.045454319566488266,18.11968421936035,2.6820349376066588e-05,0.07509487122297287
2941,-8.93769470404985,107,106,0.9806230529595016,-0.11711418628692627,10.556851387023926,2.6784002329804935e-05,0.26431190967559814
2942,46.73333333333333,50,49,0.9673333333333334,-0.030283082276582718,19.698816299438477,2.679889257706236e-05,0.8274952173233032
2943,63.95652173913043,23,20,0.8695652173913043,-0.41514378786087036,45.53548812866211,2.6579797122394666e-05,1.31099271774292
2944,-5.702127659574469,94,83,0.8829787234042553,0.2414243072271347,17.442150115966797,2.670615867828019e-05,1.1141465902328491
2945,63.95652173913043,23,20,0.8695652173913043,0.624920666217804,46.69295120239258,2.6967692974722013e-05,1.816075086593628
2946,40.95652173913042,46,40,0.8695652173913043,0.42784321308135986,27.201189041137695,2.714880247367546e-05,1.4709357023239136
2947,-5.961538461538465,104,103,0.9803846153846154,0.20370160043239594,9.720993041992188,2.7177406082046218e-05,0.4639178216457367
2948,47.625850340136054,49,48,0.9662585034013605,-0.12932568788528442,17.8792781829834,2.8063503123121336e-05,5.5316596031188965
2949,-7.0512820512820635,104,101,0.9694871794871794,0.005877191666513681,8.286310195922852,2.8064030630048364e-05,0.018369602039456367
2950,63.95652173913043,23,20,0.8695652173913043,-0.34541526436805725,33.668426513671875,2.828196193149779e-05,2.190319299697876
2951,-8.93769470404985,107,106,0.9806230529595016,-0.03702540695667267,9.560364723205566,2.828756441886071e-05,0.22866809368133545
2952,43.893081761006286,53,52,0.9689308176100629,0.15057314932346344,16.199888229370117,2.821838279487565e-05,0.553887128829956
2953,40.95652173913043,46,40,0.8695652173913043,-0.2261938750743866,28.142852783203125,2.7967476853518747e-05,0.5484151840209961
2954,63.95652173913042,23,20,0.8695652173913043,0.45823967456817627,37.74319076538086,2.8028594897477888e-05,0.7546160817146301
2955,40.95652173913043,46,40,0.8695652173913043,0.5072228312492371,28.400787353515625,2.831944038916845e-05,1.9737993478775024
2956,-105.44117647058825,204,202,0.9855882352941177,-0.12384961545467377,5.3902387619018555,2.806114025588613e-05,0.346101313829422
2957,40.95652173913043,46,40,0.8695652173913043,0.03518427535891533,25.4619140625,2.812583807099145e-05,1.1840229034423828
2958,43.888888888888886,45,40,0.8888888888888888,0.1213376447558403,27.855592727661133,2.8158581699244678e-05,1.419045090675354
2959,43.88888888888888,45,40,0.8888888888888888,0.3318421244621277,26.777647018432617,2.8125594326411374e-05,1.41959547996521
2960,63.95652173913044,23,20,0.8695652173913043,0.6060376763343811,54.201820373535156,2.83119261439424e-05,1.9449610710144043
2961,46.75163398692809,51,51,0.977516339869281,-0.0934421569108963,19.38496971130371,2.8267933885217644e-05,0.6258751749992371
2962,-7.631578947368421,95,83,0.8736842105263158,-0.2445264458656311,12.811843872070312,2.8077785827917978e-05,0.6784037947654724
2963,40.95652173913043,46,40,0.8695652173913043,-0.9112849235534668,27.201465606689453,2.8290402042330243e-05,2.1149368286132812
2964,43.893081761006286,53,52,0.9689308176100629,0.1007380336523056,19.882524490356445,2.7863137802341953e-05,1.1592994928359985
2965,63.95652173913043,23,20,0.8695652173913043,0.09668638557195663,41.57857131958008,2.786013101285789e-05,0.07279931753873825
2966,46.564102564102555,52,52,0.9856410256410256,-0.7323026061058044,17.25544548034668,2.7875059458892792e-05,0.8305683135986328
2967,-2.9537953795379663,101,100,0.9804620462046204,-0.30158722400665283,8.367822647094727,2.787113407975994e-05,0.04172137752175331
2968,59.33333333333334,24,20,0.8333333333333334,-0.404202401638031,45.94469451904297,2.786392178677488e-05,0.7269764542579651
2969,-105.44117647058825,204,202,0.9855882352941177,-0.10418856143951416,5.147586822509766,2.786309596558567e-05,0.33382290601730347
2970,40.95652173913043,46,40,0.8695652173913043,-0.38098952174186707,28.320295333862305,2.7648176910588518e-05,0.5503916144371033
2971,-4.915857605177996,103,102,0.98084142394822,0.010009506717324257,8.197070121765137,2.7647452952805907e-05,0.031332626938819885
2972,46.75163398692809,51,51,0.977516339869281,0.34286314249038696,19.65266227722168,2.6191879442194477e-05,0.4979237914085388
2973,63.95652173913043,23,20,0.8695652173913043,-0.44313687086105347,35.72243881225586,2.619566657813266e-05,0.49345436692237854
2974,-3.359477124183014,102,101,0.9864052287581699,-0.12256357073783875,9.44812297821045,2.6283452825737186e-05,1.392060399055481
2975,46.73333333333333,50,49,0.9673333333333334,-0.2006271630525589,13.104581832885742,2.6178926418651827e-05,0.521397590637207
2976,40.95652173913044,46,40,0.8695652173913043,-0.39119887351989746,26.843280792236328,2.599938125058543e-05,0.5734055638313293
2977,-9.54166666666667,96,83,0.8645833333333334,-0.3546626567840576,14.630208969116211,2.5961206119973212e-05,0.4677426517009735
2978,43.88888888888888,45,40,0.8888888888888888,0.48969119787216187,27.7957763671875,2.5981040380429476e-05,0.5010883808135986
2979,47.26666666666666,50,49,0.9726666666666667,0.28631454706192017,22.15665626525879,2.1834724975633435e-05,0.5029675960540771
2980,63.95652173913044,23,20,0.8695652173913043,0.11734231561422348,34.849639892578125,2.1007990653743036e-05,0.8954480886459351
2981,40.95652173913043,46,40,0.8695652173913043,-0.07996969670057297,27.349679946899414,2.100166784657631e-05,0.1173129454255104
2982,-7.631578947368413,95,83,0.8736842105263158,-0.04289167374372482,17.111896514892578,2.0933197447448038e-05,0.5762803554534912
2983,49.027210884353735,49,49,0.9802721088435374,-0.0010464986553415656,15.202811241149902,2.0913721527904272e-05,0.16990980505943298
2984,47.13333333333333,50,49,0.9713333333333334,-0.22904816269874573,22.630634307861328,2.0920044335070997e-05,0.5124717950820923
2985,63.95652173913043,23,20,0.8695652173913043,0.37700793147087097,29.812835693359375,2.0330975530669093e-05,0.21273094415664673
2986,46.73333333333333,50,49,0.9673333333333334,0.020489424467086792,12.090250968933105,2.031125404755585e-05,0.20209884643554688
2987,40.95652173913043,46,40,0.8695652173913043,-0.28016701340675354,26.88332748413086,2.0414649043232203e-05,1.5085484981536865
2988,-1.4466666666666712,100,99,0.9855333333333334,0.50272136926651,9.927346229553223,2.0668276192736812e-05,1.958213448524475
2989,38.10638297872341,47,40,0.851063829787234,-1.0282162427902222,27.972270965576172,2.1217407265794463e-05,3.129697561264038
2990,40.95652173913044,46,40,0.8695652173913043,-0.44135260581970215,29.820114135742188,2.1281080989865586e-05,1.1847059726715088
2991,46.75163398692809,51,51,0.977516339869281,-0.1325405091047287,17.657630920410156,2.129260974470526e-05,0.6054051518440247
2992,-11.432989690721651,97,83,0.8556701030927835,-0.658503532409668,13.271017074584961,2.1247611584840342e-05,0.9133347868919373
2993,63.95652173913044,23,20,0.8695652173913043,-0.049949761480093,32.98441696166992,2.104826307913754e-05,0.22417020797729492
2994,-104.9376026272578,203,200,0.980623973727422,-0.22545701265335083,5.336528778076172,2.103289261867758e-05,0.16138972342014313
2995,-99.21885521885523,198,196,0.9878114478114478,-0.2393687218427658,4.522206783294678,2.1023610315751284e-05,0.12841475009918213
2996,-105.54575163398692,204,201,0.9845424836601308,-0.18871113657951355,4.483996391296387,1.9186252757208422e-05,0.09302055835723877
2997,63.95652173913043,23,20,0.8695652173913043,0.20340600609779358,53.99604415893555,1.8365204596193507e-05,1.0423104763031006
2998,-7.631578947368416,95,83,0.8736842105263158,-0.7773435115814209,16.421653747558594,1.8153574274037965e-05,1.9225680828094482
2999,40.95652173913043,46,40,0.8695652173913043,-0.04137617349624634,29.108989715576172,1.8161063053412363e-05,0.3584320843219757
3000,38.1063829787234,47,40,0.851063829787234,-0.4083496630191803,30.492568969726562,1.8261513105244376e-05,1.4604829549789429
3001,-7.631578947368417,95,83,0.8736842105263158,0.08891855180263519,14.808538436889648,1.826072002586443e-05,0.6970858573913574
3002,40.95652173913044,46,40,0.8695652173913043,-0.4703008830547333,29.91480255126953,1.8286153135704808e-05,1.4028265476226807
3003,63.95652173913043,23,20,0.8695652173913043,0.45364221930503845,54.90266799926758,1.826810694183223e-05,0.3083089590072632
3004,-102.70149253731344,201,198,0.9829850746268657,-0.20838892459869385,4.487310886383057,1.8268108760821633e-05,0.07597676664590836
3005,43.88888888888888,45,40,0.8888888888888888,-0.2975837290287018,29.944658279418945,1.826228435675148e-05,0.12436173856258392
3006,-2.9537953795379654,101,100,0.9804620462046204,-0.28078097105026245,7.701121807098389,1.7896079953061417e-05,0.15708090364933014
3007,40.95652173913043,46,40,0.8695652173913043,-1.2714853286743164,30.16456413269043,1.6433314158348367e-05,2.318834066390991
3008,49.027210884353735,49,49,0.9802721088435374,-0.35592398047447205,15.249640464782715,1.6399184460169636e-05,0.5642674565315247
3009,-7.631578947368416,95,83,0.8736842105263158,-0.13373993337154388,13.7918701171875,1.640903064981103e-05,0.5968498587608337
3010,-2.9537953795379654,101,100,0.9804620462046204,-0.14607809484004974,8.404335975646973,1.640950358705595e-05,0.31929653882980347
3011,-5.7021276595744625,94,83,0.8829787234042553,-0.761198103427887,14.776849746704102,1.6453313946840353e-05,1.529209852218628
3012,-2.9537953795379654,101,100,0.9804620462046204,-0.4393022060394287,9.109500885009766,1.6414891433669254e-05,0.6657562255859375
3013,43.893081761006286,53,52,0.9689308176100629,-0.2997017800807953,19.0723934173584,1.5479601643164642e-05,0.5985972881317139
3014,-9.541666666666664,96,83,0.8645833333333334,-0.7185683846473694,14.332955360412598,1.5538111256319098e-05,1.2479054927825928
3015,63.95652173913044,23,20,0.8695652173913043,-0.8083392381668091,49.09516906738281,1.6020003386074677e-05,3.0665946006774902
3016,-5.718446601941757,103,101,0.9728155339805825,-0.0508999302983284,9.818230628967285,1.6032536223065108e-05,0.47351333498954773
3017,-9.541666666666668,96,83,0.8645833333333334,-0.6094541549682617,16.076772689819336,1.591383625054732e-05,0.37451472878456116
3018,40.95652173913043,46,40,0.8695652173913043,0.061315685510635376,26.677188873291016,1.6070218407548964e-05,1.387455701828003
3019,-3.7647058823529536,102,101,0.9823529411764705,-0.19149915874004364,9.807069778442383,1.606901059858501e-05,0.5243984460830688
3020,46.626666666666665,50,49,0.9662666666666667,-0.15548233687877655,20.19473648071289,1.609329592611175e-05,0.4785049557685852
3021,63.95652173913043,23,20,0.8695652173913043,-1.6338908672332764,51.321678161621094,1.7500753529020585e-05,5.280859470367432
3022,38.1063829787234,47,40,0.851063829787234,-0.4762834310531616,30.16947364807129,1.7445514458813705e-05,1.0261476039886475
3023,63.95652173913043,23,20,0.8695652173913043,-0.7707023024559021,52.053977966308594,1.778299883881118e-05,2.7983763217926025
3024,59.333333333333336,24,20,0.8333333333333334,0.3161991834640503,53.0739860534668,1.777628312993329e-05,0.5148898363113403
3025,40.95652173913043,46,40,0.8695652173913043,0.28022122383117676,27.709815979003906,1.776900899130851e-05,0.770648181438446
3026,-5.718446601941755,103,101,0.9728155339805825,0.010326791554689407,9.42589282989502,1.778438854671549e-05,0.253693163394928
3027,63.95652173913044,23,20,0.8695652173913043,0.9193800091743469,38.24573516845703,1.8242784790345468e-05,2.430081367492676
3028,-9.54166666666666,96,83,0.8645833333333334,-0.4628893733024597,14.818984985351562,1.0924378329946194e-05,0.9806383848190308
3029,-99.21885521885523,198,196,0.9878114478114478,0.1547250747680664,6.000316619873047,1.0930573807854671e-05,0.14853127300739288
3030,43.88888888888888,45,40,0.8888888888888888,0.11510717123746872,32.248207092285156,1.0927065886789933e-05,0.39367109537124634
3031,48.68707482993197,49,48,0.9768707482993197,-0.07446934282779694,20.743896484375,1.0960909094137605e-05,0.9255231022834778
3032,-105.46732026143792,204,202,0.9853267973856209,0.38332295417785645,5.625861644744873,1.0897876563831232e-05,0.9240003228187561
3033,47.26666666666666,50,49,0.9726666666666667,0.22036440670490265,24.664039611816406,1.038355640048394e-05,1.0938899517059326
3034,-99.21885521885523,198,196,0.9878114478114478,0.3252638280391693,5.386305809020996,1.0359000953030773e-05,0.04905160889029503
3035,43.888888888888886,45,40,0.8888888888888888,-0.9011440873146057,27.494781494140625,1.1221624845347833e-05,3.997312307357788
3036,-7.631578947368423,95,83,0.8736842105263158,0.42576467990875244,16.026453018188477,1.142256678576814e-05,1.5857306718826294
3037,47.299319727891145,49,48,0.9629931972789115,0.2939533591270447,16.25995635986328,1.1475449355202727e-05,0.8450353741645813
3038,38.1063829787234,47,40,0.851063829787234,-0.5469247698783875,27.88663101196289,1.1616264600888826e-05,1.73737633228302
3039,63.95652173913042,23,20,0.8695652173913043,-0.35634157061576843,43.66447448730469,1.1781446119130123e-05,1.8754905462265015
3040,-4.254901960784323,102,100,0.9774509803921568,0.16427069902420044,8.379698753356934,1.1811806871264707e-05,0.4783613681793213
3041,-3.3594771241830133,102,101,0.9864052287581699,-0.028184594586491585,8.937605857849121,1.1815013749583159e-05,0.47104576230049133
3042,-9.541666666666663,96,83,0.8645833333333334,-0.8174636960029602,13.35373306274414,1.186723147839075e-05,1.3346045017242432
3043,38.10638297872341,47,40,0.851063829787234,0.04493977501988411,29.578073501586914,1.1932424968108535e-05,1.2534531354904175
3044,40.95652173913043,46,40,0.8695652173913043,0.12598960101604462,24.12602996826172,1.2032622180413455e-05,1.6256476640701294
3045,-2.8151815181518276,101,100,0.9818481848184818,0.45901593565940857,9.9603853225708,1.1872994036821183e-05,1.027551531791687
3046,63.95652173913044,23,20,0.8695652173913043,-0.03578894957900047,33.52265930175781,1.1694458407873753e-05,0.15447643399238586
3047,63.95652173913043,23,20,0.8695652173913043,0.031387973576784134,40.54330825805664,1.1694457498379052e-05,0.9607365131378174
3048,-2.9537953795379672,101,100,0.9804620462046204,-0.12674926221370697,8.362717628479004,9.733652404975146e-06,0.24128180742263794
3049,-4.915857605178001,103,102,0.98084142394822,0.27043989300727844,8.203802108764648,9.742758265929297e-06,0.18381467461585999
3050,38.1063829787234,47,40,0.851063829787234,0.5736231803894043,30.57585334777832,9.752068763191346e-06,1.7045953273773193
3051,-108.45893719806764,207,204,0.9854106280193237,-0.09110837429761887,5.286846160888672,9.73984606389422e-06,0.4100102484226227
3052,-4.915857605178004,103,102,0.98084142394822,-0.018214238807559013,8.511567115783691,9.709991900308523e-06,0.6678329706192017
3053,-9.54166666666666,96,83,0.8645833333333334,0.3092670440673828,14.875876426696777,9.872812370304018e-06,1.4008511304855347
3054,-105.44117647058825,204,202,0.9855882352941177,-0.0718207135796547,4.886582374572754,9.811022209760267e-06,0.23933620750904083
3055,-7.631578947368421,95,83,0.8736842105263158,-0.5463677048683167,14.859176635742188,9.531005161989015e-06,0.9549885392189026
3056,-6.480769230769237,104,102,0.9751923076923077,-0.07677263021469116,7.742949962615967,9.548231901135296e-06,0.2550187110900879
3057,47.13333333333333,50,49,0.9713333333333334,-0.3064444363117218,20.174053192138672,9.41753933147993e-06,0.11755205690860748
3058,43.893081761006286,53,52,0.9689308176100629,-0.4396122992038727,14.70355224609375,9.292610229749698e-06,1.267386555671692
3059,40.95652173913043,46,40,0.8695652173913043,-0.8474522233009338,25.98192596435547,9.194143785862252e-06,1.5389785766601562
3060,-5.317152103559879,103,101,0.9768284789644013,0.1944771409034729,7.854401111602783,8.877439540810883e-06,0.027613287791609764
3061,46.7516339869281,51,51,0.977516339869281,0.296486496925354,13.719660758972168,8.903394700610079e-06,0.34288668632507324
3062,47.62585034013605,49,48,0.9662585034013605,-0.16761933267116547,13.824386596679688,1.2916236300952733e-05,8.019081115722656
3063,49.027210884353735,49,49,0.9802721088435374,0.46257710456848145,17.27254295349121,1.2929446711495984e-05,1.555214524269104
3064,-7.631578947368418,95,83,0.8736842105263158,-0.21586504578590393,15.136054039001465,1.2801001503248699e-05,0.10688591003417969
3065,63.95652173913042,23,20,0.8695652173913043,-0.1916683316230774,38.80562210083008,1.2798437637684401e-05,0.1950787901878357
3066,-105.44117647058825,204,202,0.9855882352941177,-0.24003592133522034,4.161384582519531,1.2783942111127544e-05,0.08795782923698425
3067,-7.051282051282063,104,101,0.9694871794871794,-0.2859111726284027,10.353500366210938,1.278018498851452e-05,0.2287178933620453
3068,-4.2549019607843235,102,100,0.9774509803921568,-0.030183373019099236,7.750899314880371,1.279550269828178e-05,0.3670867681503296
3069,-108.53945249597425,207,204,0.9846054750402576,-0.3971116542816162,4.734499931335449,1.2822284588764887e-05,0.3766535222530365
3070,63.95652173913043,23,20,0.8695652173913043,-0.1300608366727829,37.42013931274414,1.281778713746462e-05,0.2593119442462921
3071,-7.631578947368409,95,83,0.8736842105263158,-0.19539286196231842,13.541413307189941,1.285202415601816e-05,0.5089614391326904
3072,63.95652173913043,23,20,0.8695652173913043,-0.32906675338745117,39.457847595214844,1.2848620826844126e-05,1.0221757888793945
3073,38.1063829787234,47,40,0.851063829787234,-0.3870190382003784,31.33856773376465,1.2865810276707634e-05,0.8558818697929382
3074,-110.85964912280703,209,206,0.9814035087719298,-0.05238408222794533,4.251525402069092,1.280265405512182e-05,0.1674012541770935
3075,63.95652173913044,23,20,0.8695652173913043,-0.5784738063812256,35.849937438964844,1.3223389032646082e-05,2.911501884460449
3076,47.62585034013605,49,48,0.9662585034013605,-0.18470586836338043,13.347101211547852,1.330391660303576e-05,1.0127785205841064
3077,63.95652173913044,23,20,0.8695652173913043,-0.643027126789093,34.1359748840332,1.3508575648302212e-05,2.1264281272888184
3078,40.95652173913044,46,40,0.8695652173913043,-1.4213250875473022,30.16653823852539,1.4619477042288054e-05,4.656597137451172
3079,-9.541666666666668,96,83,0.8645833333333334,-0.44962078332901,14.245972633361816,1.4618145542044658e-05,0.3730710744857788
3080,-2.8151815181518285,101,100,0.9818481848184818,0.0947638750076294,9.34868335723877,1.4522938727168366e-05,0.18616916239261627
3081,-108.53945249597425,207,204,0.9846054750402576,-0.311371386051178,4.772158145904541,1.4531920896843076e-05,0.09054642170667648
3082,-9.541666666666666,96,83,0.8645833333333334,-0.1882411390542984,12.362249374389648,1.4522838682751171e-05,0.4942322373390198
3083,-99.21885521885523,198,196,0.9878114478114478,-0.09161189943552017,5.288736343383789,1.4509038010146469e-05,0.11545651406049728
3084,40.95652173913043,46,40,0.8695652173913043,-1.2334661483764648,25.480093002319336,1.4985686902946327e-05,3.1645820140838623
3085,-9.541666666666664,96,83,0.8645833333333334,-0.4918106198310852,18.600807189941406,1.4995098354120273e-05,1.1266744136810303
3086,-5.702127659574465,94,83,0.8829787234042553,-0.29894712567329407,14.913399696350098,1.4999011909822002e-05,0.7356497645378113
3087,40.95652173913043,46,40,0.8695652173913043,0.663268506526947,27.712322235107422,1.528138091089204e-05,2.019071102142334
3088,63.95652173913043,23,20,0.8695652173913043,1.23312509059906,36.46659469604492,1.5162478121055756e-05,1.5004711151123047
3089,63.95652173913043,23,20,0.8695652173913043,0.6589682102203369,37.15921401977539,1.4707722584716976e-05,0.14850391447544098
3090,-104.76026272577998,203,200,0.9823973727422003,-0.08130358904600143,6.382200241088867,1.4671371900476515e-05,0.0030890812631696463
3091,-9.541666666666664,96,83,0.8645833333333334,-0.6276076436042786,14.724623680114746,1.4784049199079163e-05,1.7199534177780151
3092,40.95652173913043,46,40,0.8695652173913043,-0.07596607506275177,30.927181243896484,1.477008390793344e-05,0.6543583869934082
3093,59.333333333333336,24,20,0.8333333333333334,0.17007307708263397,53.125431060791016,1.485570192016894e-05,1.5374939441680908
3094,-7.631578947368412,95,83,0.8736842105263158,-0.20395244657993317,15.067511558532715,1.4885516065987758e-05,0.36659494042396545
3095,-3.422442244224428,101,99,0.9757755775577558,-0.18656805157661438,9.099370002746582,1.4884426491335034e-05,0.17181697487831116
3096,-2.815181518151828,101,100,0.9818481848184818,-0.19108667969703674,9.71827507019043,1.4872422070766333e-05,0.43908798694610596
3097,40.95652173913043,46,40,0.8695652173913043,-1.1322599649429321,27.5634822845459,1.486011387896724e-05,1.715000033378601
3098,-2.9537953795379646,101,100,0.9804620462046204,-0.3482849895954132,10.254999160766602,1.4720608305651695e-05,0.02313316985964775
3099,-9.541666666666663,96,83,0.8645833333333334,-0.07791782170534134,12.182843208312988,1.4907383047102485e-05,1.5225218534469604
3100,63.95652173913042,23,20,0.8695652173913043,0.25374266505241394,45.49555587768555,1.4977068531152327e-05,1.2006648778915405
3101,40.95652173913042,46,40,0.8695652173913043,0.12851718068122864,26.776704788208008,1.5159831491473597e-05,1.6781034469604492
3102,43.893081761006286,53,52,0.9689308176100629,-0.11074192076921463,16.525251388549805,1.5087285646586679e-05,0.21555903553962708
3103,46.75163398692809,51,51,0.977516339869281,-0.09293726086616516,17.07950210571289,1.5088869076862466e-05,0.4687468111515045
3104,-107.9243156199678,207,206,0.990756843800322,0.03993934020400047,5.265785217285156,1.511451591795776e-05,0.3785364627838135
3105,-3.3594771241830106,102,101,0.9864052287581699,0.5018240213394165,9.216333389282227,1.5147948943194933e-05,0.456061452627182
3106,-4.592233009708751,103,102,0.9840776699029126,0.38019445538520813,9.833209037780762,1.5136607544263825e-05,0.14204028248786926
3107,49.36879432624113,47,46,0.9636879432624114,-0.7509853839874268,23.59908103942871,1.512413928139722e-05,2.268110513687134
3108,63.95652173913043,23,20,0.8695652173913043,-1.1322931051254272,53.468482971191406,1.5284809705917723e-05,1.9431793689727783
3109,-9.54166666666666,96,83,0.8645833333333334,0.10512522608041763,15.350835800170898,1.5247801457007881e-05,0.1672542244195938
3110,-9.541666666666659,96,83,0.8645833333333334,0.0408233180642128,19.87690544128418,1.5224111848510802e-05,0.491951048374176
3111,-4.915857605178003,103,102,0.98084142394822,0.4652840197086334,16.66205406188965,1.5134633031266276e-05,0.398440420627594
3112,63.95652173913044,23,20,0.8695652173913043,-0.11602144688367844,82.47198486328125,1.551337118144147e-05,2.8293251991271973
3113,63.95652173913043,23,20,0.8695652173913043,1.1312233209609985,75.0597152709961,1.5733163309050724e-05,1.5813627243041992
3114,40.95652173913043,46,40,0.8695652173913043,0.08302999287843704,34.94639587402344,1.568069819768425e-05,0.46849894523620605
3115,-6.480769230769237,104,102,0.9751923076923077,-0.10418771952390671,11.508787155151367,1.5207656360871624e-05,0.37345361709594727
3116,-102.70149253731344,201,198,0.9829850746268657,-0.3140985369682312,4.366382122039795,1.5180107766354922e-05,0.07105354964733124
3117,-100.66834170854271,199,196,0.9833165829145729,-0.24575406312942505,5.291038513183594,1.5206172975013033e-05,0.37558332085609436
3118,-9.54166666666666,96,83,0.8645833333333334,-0.7178429961204529,17.480283737182617,1.5043336134112906e-05,0.10467292368412018
3119,-11.432989690721651,97,83,0.8556701030927835,-0.6500226855278015,15.880145072937012,1.507767319708364e-05,0.4984390139579773
3120,-104.9376026272578,203,200,0.980623973727422,-0.41038650274276733,7.407005786895752,1.5043214261822868e-05,0.13791795074939728
3121,-7.631578947368417,95,83,0.8736842105263158,-0.9354010224342346,17.429502487182617,1.3507223229680676e-05,0.7546204924583435
3122,-105.54575163398694,204,201,0.9845424836601308,-0.22625547647476196,4.3364949226379395,1.3470486010191962e-05,0.07083316892385483
3123,-8.93769470404985,107,106,0.9806230529595016,-0.26295849680900574,8.682477951049805,1.3082111763651483e-05,0.38984617590904236
3124,40.95652173913043,46,40,0.8695652173913043,-0.09984585642814636,30.625226974487305,1.3086443686916027e-05,0.21854151785373688
3125,-9.541666666666663,96,83,0.8645833333333334,0.08603432029485703,15.100062370300293,1.3132317690178752e-05,1.1010304689407349
3126,-2.9537953795379654,101,100,0.9804620462046204,0.08506148308515549,10.424025535583496,1.31680462800432e-05,0.6928154230117798
3127,-4.915857605178004,103,102,0.98084142394822,0.2839820384979248,10.570052146911621,1.2764701750711538e-05,0.391756147146225
3128,46.46153846153846,52,52,0.9846153846153847,0.11315475404262543,23.668521881103516,1.2736833014059812e-05,0.1985965371131897
3129,63.95652173913043,23,20,0.8695652173913043,-0.18728990852832794,52.21276092529297,1.2733529729302973e-05,0.45195525884628296
3130,-4.915857605178003,103,102,0.98084142394822,0.03372487798333168,8.622873306274414,1.2731798960885499e-05,0.09657701849937439
3131,-2.9537953795379637,101,100,0.9804620462046204,0.08342573791742325,8.332544326782227,1.2748983863275498e-05,0.7188142538070679
3132,-1.446666666666672,100,99,0.9855333333333334,-0.0045021953992545605,8.060174942016602,1.2685494766628835e-05,0.04078961908817291
3133,-9.541666666666666,96,83,0.8645833333333334,-0.2532750368118286,18.44113540649414,1.2636227438633796e-05,0.011715288273990154
3134,-5.702127659574469,94,83,0.8829787234042553,-0.609815776348114,15.994380950927734,1.2675262041739188e-05,1.0072983503341675
3135,46.73333333333333,50,49,0.9673333333333334,-0.2321680784225464,21.147098541259766,1.1807126611529384e-05,0.6286357045173645
3136,-9.54166666666666,96,83,0.8645833333333334,-0.23515422642230988,13.455415725708008,1.162567969004158e-05,0.08455218374729156
3137,-7.107936507936511,105,104,0.978920634920635,-0.6236319541931152,8.973589897155762,1.1613487913564313e-05,1.0673444271087646
3138,47.266666666666666,50,49,0.9726666666666667,0.39316117763519287,18.835708618164062,1.1484798051242251e-05,0.4672151505947113
3139,-9.54166666666666,96,83,0.8645833333333334,-0.05261966958642006,14.48092269897461,1.1303523024253082e-05,0.12137298285961151
3140,-2.9537953795379654,101,100,0.9804620462046204,-0.00042065430898219347,9.24826717376709,1.1293858733552042e-05,0.3321116864681244
3141,40.95652173913043,46,40,0.8695652173913043,0.14071020483970642,29.94501304626465,1.1300580808892846e-05,0.3486468195915222
3142,-99.21885521885523,198,196,0.9878114478114478,0.44088178873062134,11.508133888244629,1.1209407603018917e-05,0.14995142817497253
3143,63.95652173913044,23,20,0.8695652173913043,-0.24898110330104828,43.792850494384766,1.1095944500993937e-05,0.3295080363750458
3144,40.95652173913043,46,40,0.8695652173913043,0.018711967393755913,28.962448120117188,1.0920974091277458e-05,0.37219107151031494
3145,63.95652173913043,23,20,0.8695652173913043,0.1566631942987442,43.48371887207031,1.083663937606616e-05,0.05913860723376274
3146,40.95652173913042,46,40,0.8695652173913043,-0.03220098838210106,28.636096954345703,1.0892103091464378e-05,0.8025684952735901
3147,40.95652173913044,46,40,0.8695652173913043,0.764700710773468,31.973968505859375,1.1268562957411632e-05,2.485325574874878
3148,-104.76026272577997,203,200,0.9823973727422003,0.391562819480896,10.421676635742188,1.1300322512397543e-05,0.628577709197998
3149,-4.592233009708751,103,102,0.9840776699029126,0.37521135807037354,9.312768936157227,1.1305028237984516e-05,0.29676058888435364
3150,-105.44117647058825,204,202,0.9855882352941177,0.20407460629940033,7.741974830627441,1.1105205885542091e-05,0.30595216155052185
3151,47.26666666666666,50,49,0.9726666666666667,0.3815980553627014,17.456649780273438,1.1129604899906553e-05,0.5838387608528137
3152,-8.93769470404985,107,106,0.9806230529595016,-0.31567952036857605,9.513679504394531,1.1110178093076684e-05,0.14680254459381104
3153,63.95652173913044,23,20,0.8695652173913043,-1.5979902744293213,36.12252426147461,1.228764722327469e-05,4.765844345092773
3154,47.13333333333333,50,49,0.9713333333333334,-0.12346667796373367,18.087553024291992,1.2292809515201952e-05,0.13772906363010406
3155,-100.66834170854271,199,196,0.9833165829145729,0.17834195494651794,4.739929676055908,1.227614120580256e-05,0.4575737416744232
3156,-108.53945249597425,207,204,0.9846054750402576,-0.16954848170280457,4.552424907684326,1.2269373655726667e-05,0.08038660883903503
3157,-99.21885521885523,198,196,0.9878114478114478,0.07854806631803513,5.26547908782959,1.2275358130864333e-05,0.16673743724822998
3158,-5.71844660194176,103,101,0.9728155339805825,0.17606228590011597,8.495182991027832,1.2238560884725302e-05,0.6926608681678772
3159,40.95652173913044,46,40,0.8695652173913043,-1.1781648397445679,30.164621353149414,1.354576579615241e-05,4.955543518066406
3160,-9.54166666666666,96,83,0.8645833333333334,-0.047338731586933136,17.773534774780273,1.3577603567682672e-05,0.5854865908622742
3161,-9.541666666666668,96,83,0.8645833333333334,-0.3791491985321045,13.693235397338867,1.3572453099186532e-05,0.5677992701530457
3162,43.893081761006286,53,52,0.9689308176100629,-0.09259819984436035,16.837596893310547,9.577653145242948e-06,0.451561838388443
3163,63.95652173913043,23,20,0.8695652173913043,0.19487668573856354,51.904144287109375,9.436109394300729e-06,0.6901223659515381
3164,-99.21885521885523,198,196,0.9878114478114478,-0.2573598623275757,4.6857829093933105,9.436387699679472e-06,0.08729761838912964
3165,63.95652173913043,23,20,0.8695652173913043,-0.062215108424425125,40.049991607666016,9.438691449759062e-06,0.4042654037475586
3166,59.333333333333336,24,20,0.8333333333333334,0.0018855890957638621,52.837398529052734,9.467559721088037e-06,0.911747932434082
3167,-7.631578947368412,95,83,0.8736842105263158,-0.4251058101654053,13.913081169128418,9.471071280131582e-06,0.4596177339553833
3168,63.95652173913042,23,20,0.8695652173913043,-0.44053980708122253,44.91375732421875,9.508167750027496e-06,1.2087129354476929
3169,-5.702127659574476,94,83,0.8829787234042553,-0.001800736179575324,13.689547538757324,9.519683771941345e-06,0.5136445760726929
3170,-7.631578947368406,95,83,0.8736842105263158,-0.36787620186805725,19.821298599243164,9.535957360640168e-06,0.7531158924102783
3171,46.564102564102555,52,52,0.9856410256410256,0.04548513516783714,17.319992065429688,9.55210725805955e-06,0.6671450138092041
3172,-109.93269230769232,208,204,0.9806730769230769,-0.11806821078062057,6.07694673538208,9.528470400255173e-06,0.25539374351501465
3173,-9.541666666666659,96,83,0.8645833333333334,-0.1846201866865158,12.28454303741455,9.503854926151689e-06,0.23367413878440857
3174,40.95652173913044,46,40,0.8695652173913043,0.05769659951329231,31.003650665283203,9.494505320617463e-06,0.20710177719593048
3175,-110.85964912280703,209,206,0.9814035087719298,0.07819127291440964,5.145991325378418,9.047413186635822e-06,0.005197240971028805
3176,63.95652173913042,23,20,0.8695652173913043,-1.1238903999328613,53.5844841003418,9.919235708366614e-06,4.157662391662598
3177,40.95652173913044,46,40,0.8695652173913043,-0.7411481738090515,28.713672637939453,1.0008318895415869e-05,2.477898597717285
3178,-7.631578947368414,95,83,0.8736842105263158,-0.1211143508553505,13.758956909179688,8.799840543360915e-06,0.0391988605260849
3179,-11.432989690721657,97,83,0.8556701030927835,-0.11091083288192749,14.299505233764648,8.819569302431773e-06,0.3955763876438141
3180,-4.592233009708744,103,102,0.9840776699029126,0.27187401056289673,9.354519844055176,8.831796549202409e-06,0.254533588886261
3181,40.95652173913044,46,40,0.8695652173913043,0.04183761402964592,25.459720611572266,8.83739357959712e-06,0.22237679362297058
3182,40.95652173913044,46,40,0.8695652173913043,-0.7168360948562622,27.010923385620117,8.925524525693618e-06,1.5796175003051758
3183,-7.631578947368423,95,83,0.8736842105263158,-0.04613041505217552,15.713142395019531,8.930567673814949e-06,0.09327521175146103
3184,63.95652173913044,23,20,0.8695652173913043,-0.7650895118713379,45.65827941894531,8.717692253412679e-06,2.508673667907715
3185,-109.40064102564104,208,206,0.9859935897435897,-0.14620478451251984,5.799348831176758,8.671422619954683e-06,0.5343565344810486
3186,-1.4466666666666694,100,99,0.9855333333333334,0.21440324187278748,8.27412223815918,8.662264917802531e-06,0.1986384391784668
3187,40.95652173913043,46,40,0.8695652173913043,-1.0271259546279907,27.628154754638672,9.063168363354634e-06,3.6015262603759766
3188,40.95652173913043,46,40,0.8695652173913043,-0.7790111899375916,26.662654876708984,9.044065336638596e-06,1.9251943826675415
3189,59.33333333333333,24,20,0.8333333333333334,-0.49637681245803833,55.30974578857422,9.132504601438995e-06,1.5567879676818848
3190,59.33333333333334,24,20,0.8333333333333334,-0.23209251463413239,51.38119888305664,9.13477924768813e-06,0.06011733412742615
3191,63.95652173913043,23,20,0.8695652173913043,0.4061363935470581,52.89164352416992,9.007781955006067e-06,0.25126802921295166
3192,63.95652173913044,23,20,0.8695652173913043,0.06180660426616669,51.40147399902344,9.0548919615685e-06,0.6853896379470825
3193,40.95652173913044,46,40,0.8695652173913043,0.03389431908726692,27.739152908325195,8.954012628237251e-06,0.19469387829303741
3194,49.027210884353735,49,49,0.9802721088435374,0.13118162751197815,16.61456871032715,8.965273991634604e-06,0.5004812479019165
3195,-105.44117647058825,204,202,0.9855882352941177,0.3442360460758209,5.906066417694092,9.000899808597751e-06,0.5189974904060364
3196,-4.915857605178003,103,102,0.98084142394822,0.27140748500823975,7.692270755767822,9.07327193999663e-06,0.8679326176643372
3197,46.564102564102555,52,52,0.9856410256410256,-0.2031009942293167,20.114803314208984,8.963816071627662e-06,0.46514013409614563
3198,-3.3594771241830133,102,101,0.9864052287581699,0.2954382002353668,8.981560707092285,8.963143955043051e-06,0.05566711351275444
3199,-9.541666666666668,96,83,0.8645833333333334,-0.30128365755081177,14.508417129516602,8.780396456131712e-06,0.460325688123703
3200,46.73333333333333,50,49,0.9673333333333334,0.25014904141426086,21.581890106201172,8.696822078491095e-06,0.6006830334663391
3201,46.75163398692809,51,51,0.977516339869281,0.171519473195076,18.78411293029785,8.472517947666347e-06,0.032594989985227585
3202,-2.815181518151828,101,100,0.9818481848184818,0.6332507729530334,11.397209167480469,8.511498890584335e-06,0.5499646663665771
3203,40.95652173913042,46,40,0.8695652173913043,-0.08235545456409454,26.3687801361084,8.540391718270257e-06,0.4853917360305786
3204,48.68707482993197,49,48,0.9768707482993197,0.4122532606124878,21.666589736938477,8.566011274524499e-06,0.6562358140945435
3205,-102.70149253731344,201,198,0.9829850746268657,-0.19560730457305908,4.828218936920166,8.538754627807066e-06,0.05488266795873642
3206,46.626666666666665,50,49,0.9662666666666667,-0.7427453994750977,17.44162940979004,8.6156696852413e-06,1.36277174949646
3207,47.13333333333333,50,49,0.9713333333333334,-0.20525719225406647,17.629051208496094,8.3737941167783e-06,0.22224101424217224
3208,-6.480769230769237,104,102,0.9751923076923077,-0.21173761785030365,10.388097763061523,8.199063813663088e-06,0.19126996397972107
3209,63.95652173913043,23,20,0.8695652173913043,0.2974681258201599,30.248493194580078,8.20133755041752e-06,0.21439455449581146
3210,59.33333333333334,24,20,0.8333333333333334,0.47225436568260193,50.983604431152344,8.328834155690856e-06,1.277904748916626
3211,-2.9537953795379654,101,100,0.9804620462046204,-0.28263455629348755,8.249685287475586,8.326068382302765e-06,0.13482993841171265
3212,-7.107936507936511,105,104,0.978920634920635,-0.28339284658432007,10.780255317687988,7.893875590525568e-06,0.12235980480909348
3213,-110.85964912280703,209,206,0.9814035087719298,0.1492747813463211,6.830316066741943,7.729239769105334e-06,0.43326494097709656
3214,46.46153846153846,52,52,0.9846153846153847,0.29388588666915894,23.27782440185547,7.817285222699866e-06,1.081607699394226
3215,46.75163398692809,51,51,0.977516339869281,0.435405433177948,19.084165573120117,7.876365089032333e-06,0.8661366105079651
3216,-7.631578947368414,95,83,0.8736842105263158,-0.23303626477718353,14.365675926208496,7.876889867475256e-06,0.09079406410455704
3217,63.95652173913043,23,20,0.8695652173913043,1.1476571559906006,32.59016418457031,8.529043952876236e-06,3.170901298522949
3218,-3.3594771241830133,102,101,0.9864052287581699,0.593376100063324,7.507988452911377,8.754587724979501e-06,1.826464056968689
3219,40.95652173913043,46,40,0.8695652173913043,-0.6823511123657227,31.8834171295166,8.747709216549993e-06,0.5838444232940674
3220,63.95652173913043,23,20,0.8695652173913043,0.9857883453369141,38.41239929199219,9.1829851953662e-06,2.572322368621826
3221,-11.432989690721657,97,83,0.8556701030927835,-0.5490438342094421,15.11231803894043,9.180756933346856e-06,0.7275628447532654
3222,-2.9537953795379646,101,100,0.9804620462046204,-0.23129665851593018,9.165891647338867,9.182555913866963e-06,0.24408940970897675
3223,47.62585034013605,49,48,0.9662585034013605,-0.3642486035823822,12.431676864624023,4.941202132613398e-05,25.655122756958008
3224,43.893081761006286,53,52,0.9689308176100629,0.1681836098432541,18.14508056640625,4.941035876981914e-05,0.13007795810699463
3225,46.73333333333333,50,49,0.9673333333333334,0.2653469443321228,16.74871253967285,4.934253956889734e-05,0.2884805202484131
3226,63.95652173913042,23,20,0.8695652173913043,-0.18355418741703033,46.42812728881836,4.940807411912829e-05,1.2366762161254883
3227,63.95652173913042,23,20,0.8695652173913043,-0.3806469738483429,41.05565643310547,4.943653038935736e-05,0.8023895621299744
3228,63.95652173913044,23,20,0.8695652173913043,0.8602770566940308,40.74026870727539,4.991748937754892e-05,2.7964963912963867
3229,-7.107936507936511,105,104,0.978920634920635,-0.4123469591140747,9.220423698425293,4.9908099754247814e-05,0.26179513335227966
3230,59.333333333333336,24,20,0.8333333333333334,0.026953689754009247,46.09836196899414,4.991108653484844e-05,0.23205114901065826
3231,43.88888888888888,45,40,0.8888888888888888,1.1424355506896973,31.35165023803711,5.055233486928046e-05,3.326498508453369
3232,-9.043613707165111,107,105,0.979563862928349,0.27528002858161926,9.827452659606934,5.055608562543057e-05,0.3017697334289551
3233,-9.541666666666666,96,83,0.8645833333333334,0.014768791384994984,13.366555213928223,5.05563075421378e-05,0.11206809431314468
3234,-7.051282051282062,104,101,0.9694871794871794,0.23405466973781586,11.148539543151855,5.048764433013275e-05,0.10880576074123383
3235,63.95652173913043,23,20,0.8695652173913043,0.7854309678077698,54.87798309326172,5.0468177505536005e-05,0.17607419192790985
3236,48.68707482993197,49,48,0.9768707482993197,0.6192615628242493,23.405912399291992,5.0492919399403036e-05,0.6887111067771912
3237,63.95652173913044,23,20,0.8695652173913043,0.633908212184906,52.01845932006836,5.076844900031574e-05,2.4782774448394775
3238,40.95652173913044,46,40,0.8695652173913043,-0.3436787724494934,27.58182144165039,5.0760438170982525e-05,0.02088242769241333
3239,46.564102564102555,52,52,0.9856410256410256,-0.341398149728775,18.061532974243164,5.0770806410582736e-05,0.5011735558509827
3240,-8.937694704049848,107,106,0.9806230529595016,-0.46738502383232117,9.157936096191406,5.0787744839908555e-05,0.491229772567749
3241,63.95652173913043,23,20,0.8695652173913043,0.4692642390727997,42.58146667480469,5.086578312329948e-05,1.2431983947753906
3242,40.95652173913043,46,40,0.8695652173913043,0.6855677366256714,26.726621627807617,5.164214235264808e-05,3.670872926712036
3243,-1.4466666666666703,100,99,0.9855333333333334,-0.16175039112567902,7.979373455047607,5.1633240218507126e-05,0.39962896704673767
3244,49.36879432624113,47,46,0.9636879432624114,0.06514005362987518,18.261472702026367,5.166403570910916e-05,0.8846193552017212
3245,49.027210884353735,49,49,0.9802721088435374,-0.09091880172491074,17.575088500976562,5.1661572797456756e-05,0.18156585097312927
3246,63.95652173913042,23,20,0.8695652173913043,1.1985758543014526,50.710811614990234,5.209207665757276e-05,2.8772599697113037
3247,63.95652173913043,23,20,0.8695652173913043,-0.53853839635849,41.760765075683594,5.1793380407616496e-05,0.6265888810157776
3248,-9.541666666666657,96,83,0.8645833333333334,-0.5561835765838623,13.98048210144043,5.1778195484075695e-05,0.12550964951515198
3249,-6.480769230769237,104,102,0.9751923076923077,-0.5054385662078857,10.570205688476562,5.1780785724986345e-05,0.13795432448387146
3250,40.95652173913043,46,40,0.8695652173913043,-0.7346794605255127,23.203821182250977,5.1800037908833474e-05,0.5808937549591064
3251,-7.631578947368418,95,83,0.8736842105263158,-0.722612738609314,13.337838172912598,5.1852748583769426e-05,0.9214352369308472
3252,-107.9243156199678,207,206,0.990756843800322,-0.42395874857902527,4.478434085845947,5.1849034207407385e-05,0.038345202803611755
3253,-100.66834170854271,199,196,0.9833165829145729,-0.1323249787092209,3.989415168762207,5.037225491832942e-05,0.3605515956878662
3254,40.95652173913043,46,40,0.8695652173913043,-0.7819272875785828,31.623729705810547,5.0506892876001075e-05,1.324550986289978
3255,40.95652173913043,46,40,0.8695652173913043,0.47717180848121643,24.674531936645508,5.0902239308925346e-05,2.7086217403411865
3256,59.333333333333336,24,20,0.8333333333333334,0.18200615048408508,42.407432556152344,5.091060302220285e-05,0.21111424267292023
3257,40.95652173913044,46,40,0.8695652173913043,-0.1847560554742813,28.00857162475586,5.096403765492141e-05,0.7699816226959229
3258,40.95652173913044,46,40,0.8695652173913043,0.24493777751922607,29.23910140991211,5.0950799050042406e-05,0.12514640390872955
3259,59.333333333333336,24,20,0.8333333333333334,-0.42692479491233826,49.32614517211914,4.951456139679067e-05,1.5407695770263672
3260,-109.40064102564104,208,206,0.9859935897435897,0.2711925208568573,8.765908241271973,4.9504982598591596e-05,0.2738780081272125
3261,-103.45214521452147,202,200,0.9854785478547855,0.3623335659503937,8.139248847961426,4.947468187310733e-05,0.08242350071668625
3262,63.95652173913043,23,20,0.8695652173913043,-0.22731585800647736,37.68861770629883,4.9869544454850256e-05,2.433227300643921
3263,40.95652173913042,46,40,0.8695652173913043,0.5736536979675293,26.58687973022461,5.0045546231558546e-05,1.9391412734985352
3264,48.10204081632652,49,48,0.9710204081632653,0.22582541406154633,16.76907730102539,5.004271588404663e-05,0.3369198441505432
3265,-7.631578947368418,95,83,0.8736842105263158,0.28685715794563293,14.773443222045898,5.0068163545802236e-05,1.0629656314849854
3266,-5.961538461538471,104,103,0.9803846153846154,0.30755677819252014,10.879417419433594,4.999184966436587e-05,0.22068572044372559
3267,63.95652173913044,23,20,0.8695652173913043,-0.1726876199245453,31.481712341308594,5.013701593270525e-05,1.469190239906311
3268,63.95652173913044,23,20,0.8695652173913043,0.5595324039459229,32.1707649230957,5.004787817597389e-05,0.9561440944671631
3269,-105.54575163398692,204,201,0.9845424836601308,-0.14423084259033203,4.386984348297119,5.005461935070343e-05,0.23086777329444885
3270,-7.631578947368416,95,83,0.8736842105263158,0.5760014057159424,17.476638793945312,5.021657852921635e-05,2.119614362716675
3271,-5.718446601941757,103,101,0.9728155339805825,0.3803718090057373,13.350276947021484,5.020913158659823e-05,0.017773175612092018
3272,-2.9537953795379654,101,100,0.9804620462046204,0.059019893407821655,9.61414623260498,5.021012111683376e-05,0.36362725496292114
3273,-106.9479674796748,205,202,0.980520325203252,-0.08002271503210068,5.758210182189941,5.021041215513833e-05,0.23843038082122803
3274,40.95652173913044,46,40,0.8695652173913043,0.26236337423324585,34.91604232788086,5.020754906581715e-05,0.6284093856811523
3275,40.95652173913043,46,40,0.8695652173913043,-0.6543653011322021,31.275375366210938,5.030979446019046e-05,1.073216199874878
3276,-9.54166666666666,96,83,0.8645833333333334,-0.5398142337799072,14.968700408935547,4.9170819693244994e-05,0.7156559824943542
3277,47.26666666666666,50,49,0.9726666666666667,0.2002185583114624,19.79695701599121,4.870223710895516e-05,0.2940765917301178
3278,63.95652173913044,23,20,0.8695652173913043,0.8773592114448547,33.41901397705078,4.930243085254915e-05,3.452439785003662
3279,40.95652173913042,46,40,0.8695652173913043,-0.9824272394180298,30.61213493347168,4.955918120685965e-05,1.7243988513946533
3280,40.95652173913043,46,40,0.8695652173913043,-0.5242066383361816,27.43645477294922,4.9567854148335755e-05,0.07284863293170929
3281,40.95652173913043,46,40,0.8695652173913043,-0.04853379353880882,28.60181427001953,4.957484270562418e-05,0.6542211174964905
3282,40.95652173913043,46,40,0.8695652173913043,-1.1328871250152588,27.137340545654297,5.008552034269087e-05,3.137481212615967
3283,59.33333333333333,24,20,0.8333333333333334,-0.6063870191574097,48.099220275878906,5.0301696319365874e-05,1.5980427265167236
3284,63.95652173913043,23,20,0.8695652173913043,0.766633927822113,44.94465637207031,5.013126428821124e-05,2.5668439865112305
3285,-5.702127659574467,94,83,0.8829787234042553,-0.658613383769989,13.453506469726562,5.022880941396579e-05,1.1989905834197998
3286,-104.76026272577998,203,200,0.9823973727422003,-0.6390963196754456,6.911509990692139,5.024298661737703e-05,0.1761014610528946
3287,47.299319727891145,49,48,0.9629931972789115,-0.013080351054668427,17.198598861694336,4.9302027036901563e-05,0.12832581996917725
3288,-7.631578947368415,95,83,0.8736842105263158,-0.24666860699653625,14.909486770629883,4.898083716398105e-05,0.5198636054992676
3289,63.95652173913043,23,20,0.8695652173913043,1.0880680084228516,35.255409240722656,4.899925988866016e-05,2.423311710357666
3290,40.95652173913042,46,40,0.8695652173913043,0.018267696723341942,27.767492294311523,4.900177736999467e-05,0.8322843909263611
3291,63.95652173913043,23,20,0.8695652173913043,-0.4003942012786865,36.92872619628906,4.950569928041659e-05,2.523594617843628
3292,-4.592233009708751,103,102,0.9840776699029126,-0.022352319210767746,8.182868957519531,4.955296026309952e-05,0.5284854769706726
3293,-6.480769230769237,104,102,0.9751923076923077,-0.36597099900245667,9.548096656799316,4.956311749992892e-05,0.32209888100624084
3294,40.95652173913043,46,40,0.8695652173913043,-0.39585351943969727,24.980714797973633,4.962060847901739e-05,0.5915226340293884
3295,46.564102564102555,52,52,0.9856410256410256,-0.16397711634635925,16.040542602539062,4.962098319083452e-05,0.541091799736023
3296,-5.702127659574466,94,83,0.8829787234042553,-0.05446522310376167,15.055397987365723,4.96074280817993e-05,0.21397966146469116
3297,-105.46732026143792,204,202,0.9853267973856209,-0.08750041574239731,5.018041133880615,4.960991282132454e-05,0.14458945393562317
3298,-4.592233009708751,103,102,0.9840776699029126,0.3754632771015167,9.877663612365723,4.9604095693212e-05,0.07671642303466797
3299,-99.21885521885523,198,196,0.9878114478114478,0.13585394620895386,5.211896896362305,4.9562186177354306e-05,0.48989033699035645
3300,59.333333333333336,24,20,0.8333333333333334,-0.18117356300354004,46.55704879760742,4.9683225370245054e-05,1.051290512084961
3301,47.62585034013605,49,48,0.9662585034013605,-0.02299816720187664,15.838027000427246,4.9674843467073515e-05,0.5091645121574402
3302,59.33333333333334,24,20,0.8333333333333334,-0.25516584515571594,48.42896270751953,4.98059562232811e-05,1.1131911277770996
3303,-3.764705882352954,102,101,0.9823529411764705,-0.03584443777799606,8.468515396118164,4.982576137990691e-05,0.23772738873958588
3304,40.95652173913044,46,40,0.8695652173913043,0.02197113074362278,27.456430435180664,4.9836897233035415e-05,0.19301585853099823
3305,-7.051282051282062,104,101,0.9694871794871794,-0.15785394608974457,9.320340156555176,4.986301064491272e-05,0.4248882532119751
3306,-7.0512820512820635,104,101,0.9694871794871794,-0.270743727684021,9.273250579833984,4.972513852408156e-05,0.46708422899246216
3307,40.95652173913043,46,40,0.8695652173913043,0.13811425864696503,32.38677215576172,4.977993739885278e-05,1.2960267066955566
3308,-9.541666666666668,96,83,0.8645833333333334,-0.3113909661769867,12.865174293518066,4.978344441042282e-05,0.6409159898757935
3309,-7.631578947368412,95,83,0.8736842105263158,-0.3667943775653839,12.13663101196289,4.9788686737883836e-05,0.030183522030711174
3310,47.266666666666666,50,49,0.9726666666666667,0.2469523698091507,14.859100341796875,4.973650720785372e-05,0.2060908079147339
3311,40.95652173913042,46,40,0.8695652173913043,-0.7233400344848633,30.317367553710938,4.979111690772697e-05,0.7147228121757507
3312,-4.592233009708751,103,102,0.9840776699029126,0.026103433221578598,9.046201705932617,4.984015686204657e-05,0.5779415965080261
3313,59.333333333333336,24,20,0.8333333333333334,-0.505042314529419,52.708045959472656,4.9852184019982815e-05,0.12837496399879456
3314,40.95652173913042,46,40,0.8695652173913043,0.16744863986968994,28.27312660217285,4.986806379747577e-05,1.2367768287658691
3315,46.564102564102555,52,52,0.9856410256410256,-0.5573222041130066,14.607589721679688,4.998368603992276e-05,1.1615370512008667
3316,-5.317152103559879,103,101,0.9768284789644013,0.27684852480888367,10.354387283325195,4.998137228540145e-05,0.40253856778144836
3317,-3.7647058823529536,102,101,0.9823529411764705,0.08137577772140503,9.467752456665039,4.9472571845399216e-05,0.4321509599685669
3318,63.95652173913043,23,20,0.8695652173913043,-0.07818451523780823,41.6822509765625,4.9346355808665976e-05,0.3432445824146271
3319,40.95652173913044,46,40,0.8695652173913043,-0.4608476161956787,27.125497817993164,4.939014615956694e-05,0.9333153367042542
3320,47.62585034013605,49,48,0.9662585034013605,-0.10447040945291519,15.951687812805176,4.907791662844829e-05,0.8322875499725342
3321,48.10204081632652,49,48,0.9710204081632653,0.2516275644302368,14.201933860778809,4.90542188344989e-05,0.9979937672615051
3322,-4.592233009708751,103,102,0.9840776699029126,0.06759591400623322,7.9469428062438965,4.90630955027882e-05,0.3718034625053406
3323,-105.46732026143792,204,202,0.9853267973856209,-0.11021676659584045,5.196969509124756,9.106071956921369e-06,0.02075074054300785
3324,46.46153846153846,52,52,0.9846153846153847,-0.2106936275959015,24.74652862548828,9.125215910898987e-06,0.40679264068603516
3325,63.95652173913044,23,20,0.8695652173913043,0.4526829719543457,34.57999801635742,9.124127245740965e-06,0.19377225637435913
3326,-2.815181518151831,101,100,0.9818481848184818,0.47536149621009827,7.793529033660889,9.041773409990128e-06,0.9387798309326172
3327,-105.46732026143792,204,202,0.9853267973856209,-0.10102241486310959,4.811588764190674,8.988205081550404e-06,0.1125393658876419
3328,-4.592233009708751,103,102,0.9840776699029126,0.33526700735092163,8.202231407165527,8.565511052438524e-06,0.42593055963516235
3329,40.95652173913042,46,40,0.8695652173913043,-0.763595700263977,27.713741302490234,8.939749932324048e-06,2.328214168548584
3330,-4.592233009708751,103,102,0.9840776699029126,0.18496012687683105,8.65677547454834,8.931971933634486e-06,0.0698823630809784
3331,-7.631578947368418,95,83,0.8736842105263158,-0.05418254807591438,14.435029029846191,8.310462362715043e-06,0.5863338708877563
3332,40.95652173913043,46,40,0.8695652173913043,0.2868550717830658,25.214153289794922,8.348848496098071e-06,0.9185804128646851
3333,46.75163398692809,51,51,0.977516339869281,-0.08590588718652725,12.358110427856445,8.358673767361324e-06,0.2931736707687378
3334,46.73333333333333,50,49,0.9673333333333334,-0.04371710494160652,13.105297088623047,8.360365427506622e-06,0.062466710805892944
3335,-3.359477124183013,102,101,0.9864052287581699,-0.0017477837391197681,9.28492546081543,8.37228162708925e-06,0.34650543332099915
3336,-9.541666666666668,96,83,0.8645833333333334,-0.255927711725235,13.441398620605469,8.355112186109181e-06,0.36594530940055847
3337,38.10638297872341,47,40,0.851063829787234,0.40610891580581665,27.576492309570312,8.06249136076076e-06,1.0713369846343994
3338,-2.815181518151828,101,100,0.9818481848184818,0.13897176086902618,8.035969734191895,8.067290764302015e-06,0.21745888888835907
3339,40.95652173913043,46,40,0.8695652173913043,-0.2293163686990738,26.63526153564453,8.071858246694319e-06,0.4338477849960327
3340,63.95652173913042,23,20,0.8695652173913043,0.4811900854110718,46.6473274230957,8.11989502835786e-06,1.1265783309936523
3341,-100.66834170854271,199,196,0.9833165829145729,-0.16673371195793152,4.438154220581055,8.036495273699984e-06,0.03187960013747215
3342,43.893081761006286,53,52,0.9689308176100629,-0.025910979136824608,17.388778686523438,7.232555162772769e-06,0.13613611459732056
3343,40.95652173913042,46,40,0.8695652173913043,-1.0177611112594604,27.277515411376953,7.608704436279368e-06,2.479597806930542
3344,-100.66834170854271,199,196,0.9833165829145729,-0.17268013954162598,4.125582218170166,7.572226422780659e-06,0.43277233839035034
3345,-9.043613707165111,107,105,0.979563862928349,-0.0361582450568676,9.529950141906738,7.633060704392847e-06,1.014610767364502
3346,63.95652173913043,23,20,0.8695652173913043,-0.7576940059661865,37.75614547729492,7.390889095404418e-06,2.121724843978882
3347,40.95652173913043,46,40,0.8695652173913043,-0.11633408069610596,22.59596061706543,7.373150310741039e-06,0.2101341038942337
3348,40.95652173913044,46,40,0.8695652173913043,-0.5926567316055298,26.61427116394043,7.495641966670519e-06,1.4595909118652344
3349,38.1063829787234,47,40,0.851063829787234,0.12231649458408356,27.669340133666992,7.573963557661045e-06,1.0898665189743042
3350,63.95652173913043,23,20,0.8695652173913043,-0.34549474716186523,37.548194885253906,8.123760380840395e-06,3.0824434757232666
3351,-4.915857605178003,103,102,0.98084142394822,-0.07042310386896133,7.361817836761475,8.079004146566149e-06,0.20138214528560638
3352,-5.718446601941756,103,101,0.9728155339805825,0.2271309196949005,8.401955604553223,8.084331966529135e-06,0.25541239976882935
3353,46.564102564102555,52,52,0.9856410256410256,-0.06898341327905655,12.960859298706055,8.08165714261122e-06,0.41474729776382446
3354,-9.541666666666668,96,83,0.8645833333333334,-0.4047583043575287,14.986968994140625,8.038613486860413e-06,1.0097872018814087
3355,-9.043613707165111,107,105,0.979563862928349,0.11838715523481369,11.2988862991333,7.587824711663416e-06,0.7215902209281921
3356,-110.85964912280703,209,206,0.9814035087719298,-0.1301814317703247,7.101375102996826,7.600563549203798e-06,0.5619526505470276
3357,-105.46732026143792,204,202,0.9853267973856209,0.12011461704969406,6.547728538513184,7.577819360449212e-06,0.21959005296230316
3358,-9.541666666666663,96,83,0.8645833333333334,-0.037962041795253754,13.704973220825195,7.658141839783639e-06,1.0649867057800293
3359,-9.043613707165111,107,105,0.979563862928349,-0.16495856642723083,8.715499877929688,7.540475053247064e-06,0.5790085196495056
3360,40.95652173913043,46,40,0.8695652173913043,-0.8978086113929749,27.602487564086914,7.905307029432151e-06,2.534709930419922
3361,-103.45214521452147,202,200,0.9854785478547855,-0.2521228492259979,5.5947394371032715,7.905419806775171e-06,0.13434091210365295
3362,40.95652173913043,46,40,0.8695652173913043,-0.4264448285102844,26.3879451751709,7.569421541120391e-06,0.36676880717277527
3363,-100.66834170854271,199,196,0.9833165829145729,-0.1497035175561905,4.571516990661621,7.320330951188225e-06,0.09810924530029297
3364,40.95652173913044,46,40,0.8695652173913043,-0.836937665939331,34.70086669921875,7.361349162238184e-06,1.0187052488327026
3365,-9.54166666666666,96,83,0.8645833333333334,-0.6439709067344666,16.96758460998535,7.2781381277309265e-06,0.2580184042453766
3366,63.95652173913043,23,20,0.8695652173913043,-0.5002884268760681,49.938480377197266,7.271166396094486e-06,0.148722305893898
3367,63.95652173913043,23,20,0.8695652173913043,-0.08558671176433563,41.26543045043945,7.1634817686572205e-06,0.20209506154060364
3368,43.88888888888888,45,40,0.8888888888888888,-0.24265147745609283,29.974658966064453,7.1797717282606754e-06,1.3004896640777588
3369,40.95652173913044,46,40,0.8695652173913043,-0.7558872699737549,27.318328857421875,7.463756901415763e-06,2.284193992614746
3370,40.95652173913044,46,40,0.8695652173913043,-0.10581488907337189,25.47370147705078,7.144507435441483e-06,0.19276045262813568
3371,63.95652173913044,23,20,0.8695652173913043,-0.9005059599876404,36.304744720458984,7.502084827137878e-06,2.596057176589966
3372,63.95652173913043,23,20,0.8695652173913043,-0.6905369758605957,45.2957878112793,7.623626061104005e-06,1.7198970317840576
3373,47.299319727891145,49,48,0.9629931972789115,-0.20377491414546967,17.199758529663086,7.656441994186025e-06,0.9487954378128052
3374,63.95652173913043,23,20,0.8695652173913043,-0.2081269919872284,30.00991439819336,7.80778646003455e-06,2.0251545906066895
3375,59.333333333333336,24,20,0.8333333333333334,-0.09578502178192139,40.31684112548828,8.008218173927162e-06,2.2353148460388184
3376,-110.85964912280703,209,206,0.9814035087719298,0.011952705681324005,4.812653064727783,7.997366992640309e-06,0.07304403930902481
3377,-3.359477124183011,102,101,0.9864052287581699,0.35740649700164795,9.196659088134766,7.979051588336006e-06,0.3382934033870697
3378,-2.8151815181518285,101,100,0.9818481848184818,0.9133357405662537,12.259791374206543,7.232865300466074e-06,1.0553632974624634
3379,49.36879432624113,47,46,0.9636879432624114,0.28968092799186707,19.78319549560547,7.143776656448608e-06,0.5398940443992615
3380,43.893081761006286,53,52,0.9689308176100629,0.7569985389709473,21.670534133911133,7.381881459878059e-06,1.7213919162750244
3381,-109.40064102564104,208,206,0.9859935897435897,-0.22301392257213593,5.012358665466309,7.366116733464878e-06,0.498352587223053
3382,-3.359477124183013,102,101,0.9864052287581699,-0.07545772194862366,6.971468448638916,6.851025773357833e-06,0.5163787603378296
3383,49.027210884353735,49,49,0.9802721088435374,-0.28772154450416565,16.191492080688477,6.7489431785361376e-06,0.7215023636817932
3384,-9.54166666666666,96,83,0.8645833333333334,-0.5866751670837402,18.067169189453125,6.270382073125802e-06,0.39082959294319153
3385,38.1063829787234,47,40,0.851063829787234,-0.5936325192451477,32.848716735839844,6.27222289040219e-06,1.2144347429275513
3386,63.95652173913043,23,20,0.8695652173913043,0.33197811245918274,40.34101104736328,6.4110868152056355e-06,1.269596815109253
3387,47.13333333333333,50,49,0.9713333333333334,-0.12569455802440643,19.47534942626953,6.4127648329304066e-06,0.033752381801605225
3388,-110.85964912280703,209,206,0.9814035087719298,-0.26946377754211426,5.067382335662842,6.382026185747236e-06,0.48018017411231995
3389,63.95652173913043,23,20,0.8695652173913043,-0.4479077160358429,49.82926940917969,6.190432941366453e-06,2.278109550476074
3390,-105.54575163398694,204,201,0.9845424836601308,-0.2114388793706894,4.54229211807251,6.115136329754023e-06,0.11550020426511765
3391,48.68707482993197,49,48,0.9768707482993197,0.1501348912715912,20.695995330810547,5.80798723603948e-06,0.49146366119384766
3392,-3.359477124183013,102,101,0.9864052287581699,0.07830163836479187,8.006217002868652,5.815582426293986e-06,0.17031797766685486
3393,-107.9243156199678,207,206,0.990756843800322,-0.3115157186985016,4.849053382873535,5.8314130910730455e-06,0.24964776635169983
3394,-3.359477124183013,102,101,0.9864052287581699,-0.043802857398986816,8.201559066772461,5.825248535984429e-06,0.14341923594474792
3395,-6.480769230769235,104,102,0.9751923076923077,-0.028632361441850662,9.28421401977539,5.8853165683103725e-06,1.0147535800933838
3396,63.95652173913043,23,20,0.8695652173913043,1.64438796043396,37.956390380859375,7.361447842413327e-06,4.688024997711182
3397,47.13333333333333,50,49,0.9713333333333334,-0.4293574094772339,15.693573951721191,7.403011295536999e-06,1.105103611946106
3398,47.26666666666666,50,49,0.9726666666666667,0.12834374606609344,20.4586238861084,7.398849447781686e-06,0.3594455420970917
3399,43.89308176100629,53,52,0.9689308176100629,0.080748051404953,18.723630905151367,7.391431154246675e-06,0.3995223343372345
3400,40.95652173913042,46,40,0.8695652173913043,0.11845710128545761,29.676334381103516,7.35609410185134e-06,0.1365811973810196
3401,43.893081761006286,53,52,0.9689308176100629,-0.08840446919202805,16.994140625,7.324751095438842e-06,0.33495864272117615
3402,-4.915857605178004,103,102,0.98084142394822,-0.021831296384334564,9.59913444519043,7.28289023754769e-06,0.15191182494163513
3403,46.73333333333333,50,49,0.9673333333333334,-0.05066597834229469,17.23919677734375,7.283492777787615e-06,0.10101043432950974
3404,59.333333333333336,24,20,0.8333333333333334,-0.19457484781742096,47.447628021240234,7.283539616764756e-06,0.23476383090019226
3405,-108.45893719806764,207,204,0.9854106280193237,0.0013328858185559511,5.300952911376953,7.310924502235139e-06,0.5033336877822876
3406,40.95652173913043,46,40,0.8695652173913043,-0.5680800676345825,26.812469482421875,7.335652298934292e-06,0.8860716819763184
3407,-7.631578947368415,95,83,0.8736842105263158,-0.49932852387428284,18.185718536376953,7.245093456731411e-06,1.1082195043563843
3408,63.95652173913044,23,20,0.8695652173913043,0.08125095814466476,51.90290832519531,7.319727501453599e-06,1.1769053936004639
3409,-9.541666666666659,96,83,0.8645833333333334,-0.32148322463035583,17.1018009185791,7.324474154302152e-06,0.5962650179862976
3410,63.95652173913043,23,20,0.8695652173913043,-0.47192493081092834,49.89091110229492,7.406769327644724e-06,1.4694145917892456
3411,-7.631578947368414,95,83,0.8736842105263158,0.1482827216386795,14.429909706115723,7.476806786144152e-06,0.9366909861564636
3412,40.95652173913042,46,40,0.8695652173913043,0.5339291095733643,28.07288360595703,7.94772586232284e-06,2.5799930095672607
3413,59.33333333333334,24,20,0.8333333333333334,-1.305046796798706,50.06104278564453,8.40702614368638e-06,2.9388718605041504
3414,63.95652173913044,23,20,0.8695652173913043,-1.3823212385177612,49.38821029663086,9.201886314258445e-06,4.135021686553955
3415,63.95652173913043,23,20,0.8695652173913043,0.43486487865448,45.89277648925781,9.186071110889316e-06,0.47019699215888977
3416,47.266666666666666,50,49,0.9726666666666667,0.6789970993995667,23.037364959716797,9.213229532178957e-06,0.6786827445030212
3417,-7.0512820512820635,104,101,0.9694871794871794,0.0019069367554038763,10.19579792022705,9.199228770739865e-06,0.7668127417564392
3418,43.893081761006286,53,52,0.9689308176100629,0.14069965481758118,19.2500057220459,9.200605745718349e-06,0.09899512678384781
3419,-108.53945249597425,207,204,0.9846054750402576,-0.06926196813583374,4.941445827484131,9.175558261631522e-06,0.04932205379009247
3420,40.95652173913043,46,40,0.8695652173913043,-0.35868221521377563,23.548189163208008,9.145506737695541e-06,1.1148613691329956
3421,47.13333333333333,50,49,0.9713333333333334,-0.09350749850273132,15.470609664916992,9.04859189176932e-06,0.028698671609163284
3422,-8.93769470404985,107,106,0.9806230529595016,-0.20992033183574677,9.823184967041016,9.04932039702544e-06,0.14654934406280518
3423,-4.915857605178004,103,102,0.98084142394822,0.02397848106920719,9.793745994567871,9.06254535948392e-06,0.2692199647426605
3424,-104.76026272577998,203,200,0.9823973727422003,-0.11066248267889023,4.200586795806885,9.074454283108935e-06,0.18620894849300385
3425,46.564102564102555,52,52,0.9856410256410256,0.03459097072482109,14.14863395690918,9.155567568086553e-06,0.9662723541259766
3426,-3.4224422442244276,101,99,0.9757755775577558,0.10582973062992096,8.93076229095459,9.074486115423497e-06,0.11600890010595322
3427,-7.631578947368416,95,83,0.8736842105263158,-0.11609175056219101,15.025914192199707,9.090461389860138e-06,0.26002904772758484
3428,47.62585034013605,49,48,0.9662585034013605,-0.5512455105781555,16.300914764404297,9.14300744625507e-06,1.4457695484161377
3429,-7.631578947368412,95,83,0.8736842105263158,-0.0991673395037651,14.90045166015625,8.904619789973367e-06,0.29867023229599
3430,-3.7647058823529544,102,101,0.9823529411764705,-0.017348358407616615,8.419301986694336,8.905646609491669e-06,0.0939030796289444
3431,40.95652173913043,46,40,0.8695652173913043,-0.3737412691116333,26.122194290161133,8.868679287843406e-06,0.6386706829071045
3432,-7.631578947368416,95,83,0.8736842105263158,-1.0781140327453613,17.16158103942871,9.036556548380759e-06,2.3413801193237305
3433,59.333333333333336,24,20,0.8333333333333334,0.13942821323871613,50.756980895996094,9.042449164553545e-06,0.6212213039398193
3434,-108.45893719806764,207,204,0.9854106280193237,-0.09145113825798035,4.09681510925293,9.067781320482027e-06,0.3767721951007843
3435,63.95652173913043,23,20,0.8695652173913043,0.17651286721229553,45.29666519165039,9.10172275325749e-06,0.43865224719047546
3436,-104.76026272577998,203,200,0.9823973727422003,-0.22953654825687408,5.129326820373535,9.07535468286369e-06,0.1616276055574417
3437,-7.631578947368412,95,83,0.8736842105263158,0.24295000731945038,13.629965782165527,9.108402991842013e-06,1.2540496587753296
3438,-110.85964912280703,209,206,0.9814035087719298,0.038286760449409485,4.856391429901123,9.132326340477448e-06,0.32723093032836914
3439,-7.051282051282063,104,101,0.9694871794871794,-0.03018881566822529,9.222484588623047,9.140250767813995e-06,0.08791354298591614
3440,48.68707482993197,49,48,0.9768707482993197,0.16904616355895996,18.682693481445312,9.015660907607526e-06,0.18424007296562195
3441,46.73333333333333,50,49,0.9673333333333334,-0.20232976973056793,16.54855728149414,9.03015552466968e-06,0.90509033203125
3442,63.95652173913044,23,20,0.8695652173913043,0.18984976410865784,47.0406379699707,9.053360372490715e-06,0.32513627409935
3443,-9.541666666666668,96,83,0.8645833333333334,-0.3590319752693176,13.407632827758789,8.761311619309708e-06,0.38040825724601746
3444,48.68707482993197,49,48,0.9768707482993197,0.24166829884052277,18.67915153503418,8.745898412598763e-06,0.23232613503932953
3445,47.62585034013605,49,48,0.9662585034013605,0.23743946850299835,16.650999069213867,8.915489161154255e-06,1.821176528930664
3446,43.888888888888886,45,40,0.8888888888888888,-0.24325095117092133,29.282848358154297,8.712556336831767e-06,0.6083239316940308
3447,-9.043613707165113,107,105,0.979563862928349,-0.020308131352066994,8.214192390441895,8.70082021720009e-06,0.06896558403968811
3448,-105.46732026143792,204,202,0.9853267973856209,-0.038914818316698074,4.971895694732666,8.620520929980557e-06,0.0897647961974144
3449,-7.051282051282062,104,101,0.9694871794871794,-0.022522583603858948,7.215487003326416,8.509958206559531e-06,0.07756423205137253
3450,-4.915857605178004,103,102,0.98084142394822,0.12625546753406525,7.511645793914795,8.039723070396576e-06,0.36945846676826477
3451,-7.107936507936513,105,104,0.978920634920635,-0.3683500587940216,9.365019798278809,8.045100003073458e-06,0.5327228307723999
3452,-9.541666666666663,96,83,0.8645833333333334,0.09704234451055527,15.21423625946045,8.05479157861555e-06,0.39543595910072327
3453,63.95652173913043,23,20,0.8695652173913043,0.4802681803703308,59.19903564453125,8.091220479400363e-06,0.5598607063293457
3454,-107.9243156199678,207,206,0.990756843800322,-0.24078531563282013,4.664502143859863,8.065568181336857e-06,0.2363295704126358
3455,-107.9243156199678,207,206,0.990756843800322,-0.21786552667617798,4.391796588897705,8.057123523030896e-06,0.1453661471605301
3456,-104.76026272577998,203,200,0.9823973727422003,-0.2470286786556244,4.3200297355651855,8.06032130640233e-06,0.22619734704494476
3457,63.95652173913044,23,20,0.8695652173913043,-0.14633725583553314,52.590545654296875,8.049527423281688e-06,0.20326386392116547
3458,43.88888888888888,45,40,0.8888888888888888,0.24272342026233673,26.741779327392578,7.952850864967331e-06,0.4388682246208191
3459,43.888888888888886,45,40,0.8888888888888888,0.7225092649459839,29.3093318939209,8.19714659883175e-06,1.8220692873001099
3460,47.26666666666666,50,49,0.9726666666666667,0.3697813153266907,20.7126407623291,7.857178388803732e-06,0.009057787247002125
3461,43.88888888888888,45,40,0.8888888888888888,0.7496137022972107,30.027482986450195,8.036814506340306e-06,1.549204707145691
3462,63.95652173913043,23,20,0.8695652173913043,-0.3881275951862335,41.581302642822266,8.15408566268161e-06,1.5516119003295898
3463,-3.764705882352954,102,101,0.9823529411764705,-0.3275764286518097,8.554776191711426,8.163300662999973e-06,0.6336400508880615
3464,-9.541666666666663,96,83,0.8645833333333334,-0.450951486825943,13.41788387298584,8.120552593027242e-06,0.3488607704639435
3465,40.95652173913044,46,40,0.8695652173913043,-0.04551287740468979,27.27033233642578,8.142567821778357e-06,0.44692063331604004
3466,-4.915857605178004,103,102,0.98084142394822,-0.045846253633499146,8.420204162597656,8.14957184047671e-06,0.1833563894033432
3467,-7.107936507936511,105,104,0.978920634920635,-0.24443738162517548,7.950578212738037,8.14296436146833e-06,0.015243750996887684
3468,-11.432989690721655,97,83,0.8556701030927835,0.5314741730690002,14.013494491577148,8.4100629464956e-06,2.248751163482666
3469,47.26666666666666,50,49,0.9726666666666667,0.5682634115219116,20.961318969726562,8.163992788468022e-06,0.7689568400382996
3470,47.13333333333333,50,49,0.9713333333333334,0.17390477657318115,19.974580764770508,8.212329703383148e-06,0.8091838359832764
3471,40.95652173913043,46,40,0.8695652173913043,-0.15521781146526337,28.823637008666992,7.874876246205531e-06,1.0200698375701904
3472,47.26666666666666,50,49,0.9726666666666667,0.20296737551689148,16.576629638671875,7.703929441049695e-06,0.03649575635790825
3473,-110.85964912280703,209,206,0.9814035087719298,0.08437149226665497,5.440470218658447,7.659157745365519e-06,0.2767035663127899
3474,-2.815181518151829,101,100,0.9818481848184818,0.13473747670650482,9.398674011230469,7.413219009322347e-06,0.11103716492652893
3475,-107.9243156199678,207,206,0.990756843800322,-0.232312873005867,4.851782321929932,7.105863005563151e-06,0.07537876814603806
3476,63.95652173913042,23,20,0.8695652173913043,0.43385377526283264,34.097412109375,7.154335435188841e-06,0.9073625802993774
3477,-1.4466666666666712,100,99,0.9855333333333334,-0.0034856493584811687,7.987067222595215,7.152553735068068e-06,0.34442338347435
3478,-3.4224422442244276,101,99,0.9757755775577558,0.4781358242034912,8.33354377746582,7.2850152719183825e-06,1.8198474645614624
3479,-99.21885521885523,198,196,0.9878114478114478,0.070498526096344,7.411670684814453,7.280349564098287e-06,0.3979918956756592
3480,49.36879432624113,47,46,0.9636879432624114,0.36055731773376465,21.154016494750977,7.121475846361136e-06,0.581780195236206
3481,-9.541666666666659,96,83,0.8645833333333334,0.18377074599266052,18.47594451904297,7.1420813583245035e-06,0.7690213322639465
3482,-9.541666666666668,96,83,0.8645833333333334,-0.19115550816059113,16.428455352783203,7.124523108359426e-06,0.029149550944566727
3483,-5.961538461538466,104,103,0.9803846153846154,-0.0826290175318718,11.305362701416016,7.103124062268762e-06,0.43230190873146057
3484,-105.54575163398692,204,201,0.9845424836601308,0.009125152602791786,4.539003849029541,7.096527042449452e-06,0.29050299525260925
3485,-110.85964912280703,209,206,0.9814035087719298,-0.4328667223453522,4.192319393157959,7.075441772030899e-06,1.0686999559402466
3486,-9.54166666666666,96,83,0.8645833333333334,0.3750910758972168,13.42148208618164,7.2967791311384644e-06,2.2985599040985107
3487,40.95652173913044,46,40,0.8695652173913043,0.034841254353523254,32.338653564453125,7.30566716811154e-06,0.4340030252933502
3488,63.95652173913044,23,20,0.8695652173913043,-0.8979547619819641,33.33952331542969,8.147004336933605e-06,3.698498010635376
3489,40.95652173913043,46,40,0.8695652173913043,-0.47729623317718506,25.63808250427246,7.843306775612291e-06,0.5861790180206299
3490,47.62585034013605,49,48,0.9662585034013605,-0.3496348261833191,16.92232894897461,7.842269042157568e-06,0.03966137021780014
3491,-7.631578947368417,95,83,0.8736842105263158,-0.006442402955144644,15.266380310058594,7.867020940466318e-06,0.8680475950241089
3492,47.62585034013605,49,48,0.9662585034013605,-0.3311380445957184,12.969836235046387,7.905795428087004e-06,0.7608171105384827
3493,-108.53945249597425,207,204,0.9846054750402576,-0.22347889840602875,5.2522807121276855,7.90635294833919e-06,0.27007704973220825
3494,40.95652173913043,46,40,0.8695652173913043,0.7758500576019287,33.79342269897461,8.068932402238715e-06,1.6829488277435303
3495,46.75163398692809,51,51,0.977516339869281,0.6823427677154541,18.773666381835938,8.093375072348863e-06,1.2033740282058716
3496,-7.631578947368414,95,83,0.8736842105263158,0.43611210584640503,17.055662155151367,6.952547664695885e-06,1.7908152341842651
3497,-1.4466666666666703,100,99,0.9855333333333334,-0.1472683548927307,8.125654220581055,6.888986717967782e-06,0.47990214824676514
3498,47.26666666666666,50,49,0.9726666666666667,0.46997562050819397,17.108991622924805,6.907986062287819e-06,0.7257795333862305
3499,-9.541666666666668,96,83,0.8645833333333334,-0.14085842669010162,17.950279235839844,6.930095423740568e-06,0.7426722049713135
3500,38.1063829787234,47,40,0.851063829787234,0.2693663537502289,31.91621208190918,6.979532372497488e-06,0.9535890817642212
3501,-4.254901960784325,102,100,0.9774509803921568,-0.05874652415513992,6.829308032989502,6.972129540372407e-06,0.25255414843559265
3502,49.36879432624113,47,46,0.9636879432624114,-0.46689942479133606,20.343074798583984,7.162867404986173e-06,1.7074695825576782
3503,-102.70149253731344,201,198,0.9829850746268657,-0.3585490882396698,4.8688645362854,7.161554549384164e-06,0.028199469670653343
3504,40.95652173913043,46,40,0.8695652173913043,-0.09284331649541855,23.10483169555664,7.17977400199743e-06,0.5665203332901001
3505,-105.44117647058825,204,202,0.9855882352941177,-0.25829029083251953,4.377906799316406,7.179957719927188e-06,0.42910024523735046
3506,46.75163398692809,51,51,0.977516339869281,0.06936183571815491,16.584312438964844,7.131072379706893e-06,0.2064031958580017
3507,47.62585034013605,49,48,0.9662585034013605,0.00304000498726964,14.155421257019043,7.057291441014968e-06,0.42333099246025085
3508,63.95652173913043,23,20,0.8695652173913043,-0.03620113059878349,52.7926025390625,7.158759217418265e-06,1.6712846755981445
3509,-7.0512820512820635,104,101,0.9694871794871794,-0.16445542871952057,9.039722442626953,7.136209205782507e-06,0.1319345235824585
3510,43.888888888888886,45,40,0.8888888888888888,0.1676698476076126,25.467836380004883,6.99586689734133e-06,0.03480378910899162
3511,46.62666666666667,50,49,0.9662666666666667,-0.30634793639183044,14.538727760314941,6.947418114577886e-06,0.07413269579410553
3512,-9.043613707165111,107,105,0.979563862928349,-0.03955310210585594,8.241373062133789,6.569458946614759e-06,0.6443136930465698
3513,63.95652173913043,23,20,0.8695652173913043,-0.9887627363204956,36.57649612426758,7.055869446048746e-06,4.062516212463379
3514,49.36879432624113,47,46,0.9636879432624114,0.2887422740459442,19.273853302001953,6.0677230067085475e-06,1.1894360780715942
3515,-108.53945249597425,207,204,0.9846054750402576,-0.09965481609106064,4.749387741088867,6.058108738216106e-06,0.17462803423404694
3516,-108.53945249597425,207,204,0.9846054750402576,-0.046847399324178696,5.6558403968811035,6.034080342942616e-06,0.07243406027555466
3517,63.95652173913043,23,20,0.8695652173913043,0.9031241536140442,69.51177215576172,6.304330327111529e-06,2.320297956466675
3518,46.75163398692809,51,51,0.977516339869281,0.1888120025396347,20.065567016601562,6.314753591141198e-06,0.3683246374130249
3519,-4.592233009708751,103,102,0.9840776699029126,0.30751270055770874,11.351029396057129,6.3190127548296005e-06,0.21385009586811066
3520,40.95652173913044,46,40,0.8695652173913043,-0.837040901184082,25.563121795654297,6.4521213971602265e-06,1.816487193107605
3521,-108.45893719806764,207,204,0.9854106280193237,-0.1661645472049713,3.7625577449798584,6.451598892454058e-06,0.10957176238298416
3522,48.68707482993197,49,48,0.9768707482993197,-0.13156449794769287,18.04905128479004,6.449252396123484e-06,0.02686009556055069
3523,-7.107936507936504,105,104,0.978920634920635,-0.6955127120018005,10.424848556518555,6.475040663644904e-06,0.6087602376937866
3524,48.68707482993197,49,48,0.9768707482993197,0.3397791385650635,17.887327194213867,6.53739743938786e-06,1.0823827981948853
3525,46.73333333333333,50,49,0.9673333333333334,-0.19741478562355042,14.669035911560059,6.501586085505551e-06,0.41166162490844727
3526,-7.6315789473684195,95,83,0.8736842105263158,-0.12319286167621613,16.536527633666992,6.506849331344711e-06,0.24033589661121368
3527,-4.592233009708751,103,102,0.9840776699029126,0.18439307808876038,14.037691116333008,6.57649752611178e-06,1.0344022512435913
3528,46.56410256410256,52,52,0.9856410256410256,1.204225778579712,19.722976684570312,7.615756203449564e-06,4.451148509979248
3529,40.95652173913043,46,40,0.8695652173913043,0.3246704638004303,34.28861999511719,7.6139758675708435e-06,0.0016157608479261398
3530,48.68707482993197,49,48,0.9768707482993197,0.12235747277736664,23.638559341430664,7.642187483725138e-06,0.5810897350311279
3531,46.46153846153846,52,52,0.9846153846153847,-0.3390030860900879,19.48761558532715,7.713255399721675e-06,1.2081375122070312
3532,63.95652173913042,23,20,0.8695652173913043,-0.27453047037124634,39.22228240966797,7.3485593929945026e-06,0.07703284174203873
3533,-7.631578947368418,95,83,0.8736842105263158,-0.29255935549736023,12.080085754394531,7.321534667426022e-06,0.43470633029937744
3534,-5.7021276595744705,94,83,0.8829787234042553,-0.3453892767429352,16.61900520324707,7.319566975638736e-06,0.30461934208869934
3535,-9.541666666666655,96,83,0.8645833333333334,-0.6621548533439636,13.139640808105469,7.314487447729334e-06,0.02907426655292511
3536,40.95652173913044,46,40,0.8695652173913043,-0.667292058467865,28.813884735107422,7.432864549627993e-06,1.3036043643951416
3537,47.13333333333333,50,49,0.9713333333333334,-0.29548680782318115,18.23961067199707,7.351200565608451e-06,0.023697761818766594
3538,-100.66834170854271,199,196,0.9833165829145729,-0.1499493420124054,4.0513129234313965,7.367121725110337e-06,0.543266773223877
3539,-7.107936507936509,105,104,0.978920634920635,-0.1149294525384903,9.018213272094727,7.3815112955344375e-06,0.5716578364372253
3540,-7.631578947368417,95,83,0.8736842105263158,-0.546351969242096,18.502389907836914,7.64514879847411e-06,2.003889799118042
3541,-7.0512820512820555,104,101,0.9694871794871794,0.41922444105148315,14.24409008026123,7.614753485540859e-06,0.7731133699417114
3542,-7.107936507936511,105,104,0.978920634920635,-0.13841961324214935,14.806734085083008,7.627649210917298e-06,0.4308061897754669
3543,46.75163398692809,51,51,0.977516339869281,0.10442923754453659,26.44057846069336,7.699868547206279e-06,1.0975621938705444
3544,63.95652173913044,23,20,0.8695652173913043,0.4868331849575043,66.51182556152344,7.764633664919529e-06,0.9696052074432373
3545,46.73333333333333,50,49,0.9673333333333334,0.2342749834060669,14.103137969970703,7.580863439216046e-06,0.42227715253829956
3546,40.95652173913044,46,40,0.8695652173913043,-1.2523661851882935,28.32915687561035,8.380708095501177e-06,3.6262083053588867
3547,-5.702127659574474,94,83,0.8829787234042553,-0.024102987721562386,17.50849151611328,8.468503438052721e-06,1.222328782081604
3548,-105.54575163398694,204,201,0.9845424836601308,-0.5216935873031616,4.997012138366699,8.469602107652463e-06,0.1157744899392128
3549,-104.76026272577998,203,200,0.9823973727422003,-0.5213690400123596,9.645483016967773,8.470994544040877e-06,0.15530885756015778
3550,-105.54575163398692,204,201,0.9845424836601308,-0.600337564945221,6.8371663093566895,8.478785275656264e-06,0.47119513154029846
3551,46.46153846153846,52,52,0.9846153846153847,-1.5758086442947388,36.466670989990234,8.751146197027992e-06,2.1599271297454834
3552,47.62585034013605,49,48,0.9662585034013605,-0.36723899841308594,25.441692352294922,8.746761523070745e-06,0.2906796634197235
3553,40.95652173913043,46,40,0.8695652173913043,0.19331970810890198,29.634395599365234,8.779739800957032e-06,0.9230651259422302
3554,40.95652173913043,46,40,0.8695652173913043,-0.0017513633938506246,41.31151580810547,8.8287142716581e-06,0.9297955632209778
3555,43.88888888888889,45,40,0.8888888888888888,0.5241597294807434,50.94220733642578,8.832661478663795e-06,0.275136262178421
3556,63.95652173913042,23,20,0.8695652173913043,1.015452265739441,103.53223419189453,8.835913831717335e-06,0.3253554403781891
3557,-108.45893719806764,207,204,0.9854106280193237,0.3796529769897461,14.256156921386719,8.833704669086728e-06,0.08905806392431259
3558,-110.85964912280703,209,206,0.9814035087719298,0.3653075695037842,14.359749794006348,8.821141818771139e-06,0.012538868002593517
3559,63.95652173913043,23,20,0.8695652173913043,1.211976170539856,97.32842254638672,8.657884791318793e-06,0.8108396530151367
3560,40.95652173913042,46,40,0.8695652173913043,0.26173651218414307,52.942535400390625,8.698882993485313e-06,0.830597996711731
3561,-3.3594771241830124,102,101,0.9864052287581699,0.900149941444397,24.978487014770508,8.700908438186161e-06,1.5596556663513184
3562,-7.631578947368416,95,83,0.8736842105263158,-0.07306799292564392,23.54793357849121,8.562071343476418e-06,0.34431782364845276
3563,46.46153846153847,52,52,0.9846153846153847,0.24477264285087585,29.18119239807129,8.537093890481628e-06,0.023765942081809044
3564,-102.70149253731344,201,198,0.9829850746268657,-0.18098218739032745,14.017074584960938,8.533125765097793e-06,0.24253520369529724
3565,47.26666666666666,50,49,0.9726666666666667,-0.07706869393587112,17.534896850585938,8.5487245087279e-06,0.6694027185440063
3566,-9.541666666666668,96,83,0.8645833333333334,-0.7206369042396545,15.015947341918945,8.550305210519582e-06,0.24270902574062347
3567,49.36879432624113,47,46,0.9636879432624114,-0.514897346496582,17.052770614624023,8.578112101531588e-06,0.6779976487159729
3568,-108.45893719806764,207,204,0.9854106280193237,-0.14565154910087585,8.089489936828613,8.265342330560088e-06,0.2422218918800354
3569,-2.815181518151828,101,100,0.9818481848184818,-0.4599526524543762,10.227967262268066,8.22669971967116e-06,0.16791221499443054
3570,-9.541666666666668,96,83,0.8645833333333334,-0.9824033379554749,15.105677604675293,8.185969818441663e-06,0.30455419421195984
3571,-2.8151815181518285,101,100,0.9818481848184818,-0.2954314351081848,12.261786460876465,8.129035450110678e-06,0.12313611060380936
3572,-5.702127659574465,94,83,0.8829787234042553,-0.7916613817214966,15.581647872924805,8.160651304933708e-06,0.7585568428039551
3573,-4.915857605178003,103,102,0.98084142394822,-0.15079852938652039,9.647764205932617,8.157307092915289e-06,0.17744240164756775
3574,-4.2549019607843235,102,100,0.9774509803921568,0.0817868709564209,11.345608711242676,8.15771818452049e-06,0.13088920712471008
3575,-7.631578947368418,95,83,0.8736842105263158,-0.08155659586191177,15.432587623596191,8.16237570688827e-06,0.2547166347503662
3576,46.626666666666665,50,49,0.9662666666666667,-0.15272513031959534,32.02834701538086,8.163250640791375e-06,0.9147949814796448
3577,-3.4224422442244298,101,99,0.9757755775577558,0.14701887965202332,12.572637557983398,8.15590192360105e-06,0.23316673934459686
3578,-11.432989690721655,97,83,0.8556701030927835,-0.045334700495004654,16.59208106994629,7.938278031360824e-06,0.03113281913101673
3579,46.626666666666665,50,49,0.9662666666666667,-0.4755793511867523,32.78445053100586,7.931734216981567e-06,0.008421012200415134
3580,-108.53945249597425,207,204,0.9846054750402576,0.43893685936927795,12.504560470581055,7.909990927146282e-06,0.19390402734279633
3581,-3.422442244224426,101,99,0.9757755775577558,0.08246417343616486,10.373491287231445,7.8788616519887e-06,0.3766416609287262
3582,-11.432989690721655,97,83,0.8556701030927835,-0.19699791073799133,13.25669002532959,7.918757546576671e-06,0.7365659475326538
3583,-2.8151815181518285,101,100,0.9818481848184818,0.08502329140901566,11.568164825439453,7.922169061203022e-06,0.3781348764896393
3584,43.888888888888886,45,40,0.8888888888888888,-0.3881455659866333,40.20130920410156,7.919466042949352e-06,0.22043971717357635
3585,48.68707482993197,49,48,0.9768707482993197,-0.10784070193767548,25.960243225097656,7.857770469854586e-06,0.12849926948547363
3586,-4.592233009708751,103,102,0.9840776699029126,0.14565572142601013,10.687196731567383,7.516332061641151e-06,0.1717672049999237
3587,63.95652173913044,23,20,0.8695652173913043,-1.0773752927780151,49.1141242980957,8.288408935186453e-06,3.6698191165924072
3588,-105.46732026143792,204,202,0.9853267973856209,0.42104125022888184,13.765917778015137,7.4913486969308e-06,0.16811557114124298
3589,-105.46732026143792,204,202,0.9853267973856209,0.36004212498664856,14.225988388061523,7.475104212062433e-06,0.018812423571944237
3590,63.95652173913043,23,20,0.8695652173913043,-0.3234003186225891,70.99828338623047,7.502174412366003e-06,0.7343465089797974
3591,-108.45893719806764,207,204,0.9854106280193237,0.2407357096672058,13.112010955810547,7.447151801898144e-06,0.02118680812418461
3592,63.95652173913043,23,20,0.8695652173913043,-0.7897100448608398,53.34937286376953,7.715024366916623e-06,2.280885934829712
3593,-5.961538461538465,104,103,0.9803846153846154,-0.19281010329723358,10.86313247680664,7.706576980126556e-06,0.09750787913799286
3594,-4.592233009708751,103,102,0.9840776699029126,-0.01013069599866867,9.044602394104004,7.5156253842578735e-06,0.22675685584545135
3595,-9.54166666666666,96,83,0.8645833333333334,-0.5721234083175659,14.526291847229004,7.459180324076442e-06,0.7932779788970947
3596,-9.541666666666666,96,83,0.8645833333333334,-0.5793718099594116,20.896209716796875,7.282122169272043e-06,0.7684504389762878
3597,-9.54166666666666,96,83,0.8645833333333334,-0.696333646774292,15.865543365478516,7.282983006007271e-06,0.24458734691143036
3598,-7.631578947368407,95,83,0.8736842105263158,-0.7928966879844666,15.450653076171875,7.23807534086518e-06,0.13346442580223083
3599,63.95652173913044,23,20,0.8695652173913043,0.0524715930223465,37.92709732055664,7.2938191806315444e-06,1.1607967615127563
3600,-2.8151815181518285,101,100,0.9818481848184818,0.1458766758441925,9.842833518981934,7.229061793623259e-06,0.22446200251579285
3601,63.95652173913044,23,20,0.8695652173913043,0.2155790627002716,50.84895324707031,7.273897153936559e-06,0.8033642172813416
3602,-4.254901960784322,102,100,0.9774509803921568,-0.06769747287034988,17.723661422729492,7.20408979759668e-06,1.2949860095977783
3603,-5.702127659574476,94,83,0.8829787234042553,0.8208981156349182,21.558000564575195,7.638378519914113e-06,2.5455503463745117
3604,40.95652173913042,46,40,0.8695652173913043,0.3629124164581299,43.48532485961914,7.890212145866826e-06,1.989850401878357
3605,43.88888888888888,45,40,0.8888888888888888,0.47067728638648987,40.50511169433594,7.902394827397075e-06,0.5010029077529907
3606,-9.541666666666657,96,83,0.8645833333333334,-0.11752485483884811,17.636825561523438,7.90130980021786e-06,0.015204711817204952
3607,40.95652173913043,46,40,0.8695652173913043,-0.2667042315006256,34.185752868652344,8.007079486560542e-06,1.4744611978530884
3608,-5.718446601941757,103,101,0.9728155339805825,-0.1541452407836914,10.171491622924805,7.850187103031203e-06,0.01717747561633587
3609,46.46153846153846,52,52,0.9846153846153847,-0.5069487690925598,26.9759578704834,7.868547982070595e-06,0.4870851933956146
3610,63.95652173913042,23,20,0.8695652173913043,0.1832917332649231,48.00172805786133,8.106923814921174e-06,1.9181994199752808
3611,-5.718446601941755,103,101,0.9728155339805825,-0.36037006974220276,11.847233772277832,8.163909114955459e-06,1.0080095529556274
3612,38.10638297872341,47,40,0.851063829787234,0.15772512555122375,36.73927688598633,8.137542863551062e-06,0.1881207376718521
3613,-7.051282051282063,104,101,0.9694871794871794,0.08678877353668213,14.258223533630371,7.138094133551931e-06,0.009260974824428558
3614,-6.480769230769235,104,102,0.9751923076923077,0.1097782626748085,16.044353485107422,7.048301995382644e-06,0.11029930412769318
3615,43.88888888888888,45,40,0.8888888888888888,0.40028366446495056,41.55577850341797,7.045812253636541e-06,0.0006545601063407958
3616,40.95652173913044,46,40,0.8695652173913043,0.8304583430290222,37.70008850097656,7.314894446608378e-06,2.0725176334381104
3617,-5.9615384615384635,104,103,0.9803846153846154,-0.08788543939590454,12.572888374328613,6.985490472288802e-06,0.4028354287147522
3618,49.027210884353735,49,49,0.9802721088435374,-0.11850190162658691,23.218652725219727,6.987241249589715e-06,0.40870460867881775
3619,40.95652173913044,46,40,0.8695652173913043,-0.3019140660762787,27.285892486572266,6.986621428950457e-06,0.11237563192844391
3620,-99.21885521885523,198,196,0.9878114478114478,-0.01323208212852478,5.19309139251709,6.804485565226059e-06,0.49118176102638245
3621,40.95652173913042,46,40,0.8695652173913043,-0.15134765207767487,37.8258171081543,6.943648713786388e-06,1.503509521484375
3622,-7.051282051282063,104,101,0.9694871794871794,-0.24355046451091766,19.424945831298828,7.021186775091337e-06,1.1315251588821411
3623,59.33333333333334,24,20,0.8333333333333334,0.1373370885848999,52.83777618408203,7.25289555703057e-06,2.0695316791534424
3624,-9.541666666666664,96,83,0.8645833333333334,-0.6799137592315674,17.88539695739746,7.259182893903926e-06,1.06795072555542
3625,-108.45893719806764,207,204,0.9854106280193237,0.046068064868450165,6.611502170562744,7.247862413350958e-06,0.043924834579229355
3626,63.95652173913044,23,20,0.8695652173913043,0.3802690804004669,81.89089965820312,7.243655090860557e-06,0.07394023984670639
3627,47.266666666666666,50,49,0.9726666666666667,1.078011155128479,41.868995666503906,7.389752227027202e-06,1.920467495918274
3628,-107.9243156199678,207,206,0.990756843800322,-0.032845743000507355,9.00613021850586,6.194056823005667e-06,0.3067612051963806
3629,46.46153846153846,52,52,0.9846153846153847,-0.09513594955205917,27.83658218383789,6.201756150403526e-06,0.34634751081466675
3630,40.95652173913043,46,40,0.8695652173913043,1.1277960538864136,33.30276107788086,7.021960755082546e-06,3.726015567779541
3631,-9.541666666666668,96,83,0.8645833333333334,-0.5218852758407593,15.325416564941406,6.931424650247209e-06,0.2953372895717621
3632,-3.359477124183013,102,101,0.9864052287581699,0.026772379875183105,10.706282615661621,6.943823336769128e-06,0.5300471186637878
3633,-5.702127659574469,94,83,0.8829787234042553,-0.7850280404090881,14.808310508728027,6.99704196449602e-06,0.94634610414505
3634,-2.9537953795379654,101,100,0.9804620462046204,-0.4241200089454651,16.550495147705078,6.994013347139116e-06,0.17584659159183502
3635,-3.3594771241830137,102,101,0.9864052287581699,-0.07812204211950302,11.230206489562988,6.99451265973039e-06,0.07030276954174042
3636,-7.631578947368425,95,83,0.8736842105263158,-0.49065810441970825,15.864283561706543,6.880820819787914e-06,0.03314917907118797
3637,47.299319727891145,49,48,0.9629931972789115,-0.07264705747365952,21.392555236816406,6.895462320244405e-06,0.43494072556495667
3638,43.88888888888888,45,40,0.8888888888888888,-0.18221630156040192,33.601890563964844,6.985491836530855e-06,1.277039647102356
3639,63.95652173913043,23,20,0.8695652173913043,-0.6836188435554504,63.48714065551758,7.0683317971997894e-06,1.2404290437698364
3640,-4.254901960784325,102,100,0.9774509803921568,0.1863119900226593,13.112371444702148,6.811870207457105e-06,0.029225433245301247
3641,-104.76026272577998,203,200,0.9823973727422003,8.3374026871752e-05,6.501552104949951,6.787895472371019e-06,0.4200257360935211
3642,-102.70149253731344,201,198,0.9829850746268657,0.026561958715319633,5.366860389709473,6.8025424297957215e-06,0.7340601086616516
3643,-110.85964912280703,209,206,0.9814035087719298,0.08540094643831253,6.438589096069336,6.720731107634492e-06,0.1899087280035019
3644,-7.631578947368427,95,83,0.8736842105263158,-0.22719024121761322,14.693191528320312,6.654788194282446e-06,0.0553106814622879
3645,-9.54166666666666,96,83,0.8645833333333334,-0.027114499360322952,15.461160659790039,6.68923757984885e-06,0.9022684693336487
3646,-9.541666666666673,96,83,0.8645833333333334,-0.00344315473921597,13.604350090026855,5.906702426727861e-06,1.2162625789642334
3647,-7.631578947368414,95,83,0.8736842105263158,-1.0622940063476562,14.150676727294922,6.1679556893068366e-06,2.225386619567871
3648,-7.631578947368416,95,83,0.8736842105263158,-0.19727623462677002,14.6417818069458,6.169371772557497e-06,0.36108776926994324
3649,-4.915857605178003,103,102,0.98084142394822,-0.21891529858112335,9.044018745422363,6.192518867464969e-06,0.5646505355834961
3650,-107.9243156199678,207,206,0.990756843800322,-0.3345879912376404,7.542818069458008,6.1725941122858785e-06,0.15323573350906372
3651,-105.54575163398692,204,201,0.9845424836601308,-0.15607130527496338,6.5018181800842285,5.85523866902804e-06,0.27556344866752625
3652,48.68707482993197,49,48,0.9768707482993197,-0.09439430385828018,24.09839630126953,5.855319159309147e-06,0.2946310341358185
3653,-100.66834170854271,199,196,0.9833165829145729,0.14060816168785095,5.825133800506592,5.817103556182701e-06,0.01936575397849083
3654,-9.54166666666666,96,83,0.8645833333333334,-0.2093641459941864,18.33670425415039,5.814047199237393e-06,0.6789219379425049
3655,-5.961538461538467,104,103,0.9803846153846154,0.35696059465408325,19.326696395874023,5.811240953335073e-06,0.42057371139526367
3656,46.75163398692809,51,51,0.977516339869281,0.13221436738967896,27.728290557861328,5.80846926823142e-06,0.05827480927109718
3657,-106.9479674796748,205,202,0.980520325203252,0.34721839427948,10.393213272094727,5.816254542878596e-06,0.2998867928981781
3658,63.95652173913044,23,20,0.8695652173913043,0.5641288757324219,49.24974060058594,6.071026746212738e-06,2.152456283569336
3659,63.95652173913042,23,20,0.8695652173913043,-0.44467979669570923,49.994781494140625,6.017336545482976e-06,0.013334372080862522
3660,46.626666666666665,50,49,0.9662666666666667,-0.6481600999832153,24.9963436126709,5.9859985412913375e-06,0.516257107257843
3661,40.95652173913044,46,40,0.8695652173913043,-1.2177984714508057,34.46957778930664,6.438704531319672e-06,2.9571750164031982
3662,59.33333333333333,24,20,0.8333333333333334,-0.4628908336162567,61.95386505126953,6.445086910389364e-06,0.3223343789577484
3663,63.95652173913043,23,20,0.8695652173913043,-0.5024147033691406,45.378387451171875,6.453294190578163e-06,0.4580405354499817
3664,-2.815181518151827,101,100,0.9818481848184818,0.45367684960365295,16.07218360900879,6.469414529419737e-06,0.5208297371864319
3665,40.95652173913044,46,40,0.8695652173913043,0.31270843744277954,32.59659194946289,6.488152394013014e-06,1.0383861064910889
3666,-7.631578947368423,95,83,0.8736842105263158,-0.582726240158081,21.106063842773438,6.637529622821603e-06,1.4685862064361572
3667,40.95652173913043,46,40,0.8695652173913043,-0.036211635917425156,33.7591552734375,6.605638645851286e-06,0.17757834494113922
3668,-9.541666666666664,96,83,0.8645833333333334,-0.030380576848983765,17.854219436645508,6.6143529693363234e-06,0.4977116286754608
3669,46.626666666666665,50,49,0.9662666666666667,-0.5890371203422546,20.437692642211914,6.636456419073511e-06,0.5606358051300049
3670,46.73333333333333,50,49,0.9673333333333334,-0.2291317880153656,19.646955490112305,6.626921731367474e-06,0.040528472512960434
3671,-102.70149253731344,201,198,0.9829850746268657,-0.280754417181015,6.106695652008057,6.629314611927839e-06,0.10660511255264282
3672,49.027210884353735,49,49,0.9802721088435374,-0.11910393089056015,19.51400375366211,6.5870804064616095e-06,0.31272387504577637
3673,-9.043613707165113,107,105,0.979563862928349,-0.00549629982560873,10.231110572814941,6.587004918401362e-06,0.03449631109833717
3674,-9.541666666666663,96,83,0.8645833333333334,-0.4261742830276489,15.014920234680176,6.58967110211961e-06,0.11059346795082092
3675,47.13333333333333,50,49,0.9713333333333334,-0.6387356519699097,23.413183212280273,6.739073796779849e-06,1.4760316610336304
3676,-110.85964912280703,209,206,0.9814035087719298,-0.15731389820575714,5.938680171966553,6.704117822664557e-06,0.29581066966056824
3677,46.626666666666665,50,49,0.9662666666666667,-0.3643885552883148,20.39853286743164,6.700040103169158e-06,0.23453933000564575
3678,40.95652173913044,46,40,0.8695652173913043,-0.3618566691875458,28.875749588012695,6.895628303027479e-06,1.7189679145812988
3679,40.95652173913043,46,40,0.8695652173913043,-0.7948744297027588,30.9306583404541,7.063419616315514e-06,1.6023063659667969
3680,-7.631578947368411,95,83,0.8736842105263158,-0.2581118643283844,14.702149391174316,7.062614713504445e-06,0.06385719776153564
3681,40.95652173913042,46,40,0.8695652173913043,0.7825541496276855,28.961807250976562,7.619236839673249e-06,3.0750865936279297
3682,63.95652173913044,23,20,0.8695652173913043,-0.8370770812034607,52.250450134277344,7.747950803604908e-06,1.5444637537002563
3683,-105.44117647058825,204,202,0.9855882352941177,0.09675939381122589,6.7001848220825195,7.752550118311774e-06,0.4754202663898468
3684,63.95652173913042,23,20,0.8695652173913043,-0.009744096547365189,51.386558532714844,7.787220056343358e-06,0.8165628910064697
3685,-104.76026272577997,203,200,0.9823973727422003,-0.15653535723686218,6.658062934875488,7.786849891999736e-06,0.06573126465082169
3686,-108.53945249597425,207,204,0.9846054750402576,-0.17187513411045074,6.5875725746154785,7.785117304592859e-06,0.19692377746105194
3687,-9.54166666666666,96,83,0.8645833333333334,-0.34752902388572693,15.970627784729004,6.933897566341329e-06,0.33669987320899963
3688,43.893081761006286,53,52,0.9689308176100629,0.0011914571514353156,25.08940887451172,6.934931661817245e-06,0.06937357038259506
3689,63.95652173913043,23,20,0.8695652173913043,-0.1931263953447342,60.400753021240234,7.0267642513499595e-06,1.1467971801757812
3690,-5.961538461538465,104,103,0.9803846153846154,0.05636565759778023,12.100356101989746,6.993183433223749e-06,0.25613173842430115
3691,38.10638297872341,47,40,0.851063829787234,-0.595431923866272,36.35955047607422,7.207494945760118e-06,1.7990480661392212
3692,-7.051282051282056,104,101,0.9694871794871794,0.01135986391454935,10.07305908203125,6.8755075517401565e-06,0.46320539712905884
3693,-7.631578947368416,95,83,0.8736842105263158,-0.31568577885627747,19.481937408447266,6.878502063045744e-06,0.20079462230205536
3694,63.95652173913043,23,20,0.8695652173913043,0.3993799090385437,63.531402587890625,7.3011970016523264e-06,2.720543146133423
3695,47.62585034013605,49,48,0.9662585034013605,-0.09586891531944275,22.134578704833984,7.311041372304317e-06,0.9017606973648071
3696,-9.54166666666666,96,83,0.8645833333333334,-0.40802010893821716,14.877573013305664,7.356089099630481e-06,0.9806152582168579
3697,-7.10793650793651,105,104,0.978920634920635,0.024785706773400307,13.777379035949707,7.35470894142054e-06,0.07155784964561462
3698,-6.480769230769237,104,102,0.9751923076923077,0.2652529180049896,15.736716270446777,7.351544809353072e-06,0.10900397598743439
3699,-7.107936507936509,105,104,0.978920634920635,-0.04766916111111641,16.037900924682617,7.295526302186772e-06,0.406667023897171
3700,-4.59223300970875,103,102,0.9840776699029126,0.5747750997543335,17.5074405670166,7.294771421584301e-06,0.01789008639752865
3701,-8.93769470404985,107,106,0.9806230529595016,-0.07043497264385223,13.912947654724121,7.299056960619055e-06,0.7108802199363708
3702,-105.44117647058825,204,202,0.9855882352941177,0.09639053791761398,8.489885330200195,7.193025794549612e-06,0.2981177568435669
3703,-2.9537953795379646,101,100,0.9804620462046204,-0.3144523501396179,9.348172187805176,6.818216661486076e-06,0.2694350779056549
3704,-110.85964912280703,209,206,0.9814035087719298,-0.10262558609247208,6.3103508949279785,6.582511559827253e-06,0.009264357388019562
3705,-102.70149253731344,201,198,0.9829850746268657,-0.3065651059150696,4.8179402351379395,6.572210168087622e-06,0.2712000012397766
3706,-9.54166666666666,96,83,0.8645833333333334,-1.0133947134017944,13.918024063110352,6.646087513217935e-06,1.079614281654358
3707,40.95652173913043,46,40,0.8695652173913043,-0.5733655095100403,27.972726821899414,6.535092779813567e-06,0.6304174065589905
3708,-9.541666666666668,96,83,0.8645833333333334,-0.7787426114082336,14.206027030944824,6.537954959640047e-06,0.23900887370109558
3709,63.95652173913044,23,20,0.8695652173913043,0.05830337479710579,45.64878463745117,6.571320227521937e-06,0.8932691216468811
3710,46.626666666666665,50,49,0.9662666666666667,-0.4835524559020996,20.871606826782227,6.356162430165568e-06,0.3632597327232361
3711,46.626666666666665,50,49,0.9662666666666667,-0.7732109427452087,17.088768005371094,6.38512665318558e-06,1.21754789352417
3712,-2.8151815181518285,101,100,0.9818481848184818,-0.10449698567390442,8.331390380859375,6.383419531630352e-06,0.07776644825935364
3713,63.95652173913043,23,20,0.8695652173913043,-1.448970913887024,64.29678344726562,8.031032848521136e-06,5.190301895141602
3714,-4.2549019607843235,102,100,0.9774509803921568,-0.22187624871730804,8.199211120605469,8.031146535358857e-06,0.034527551382780075
3715,-108.53945249597425,207,204,0.9846054750402576,-0.5177060961723328,5.668979644775391,8.031833203858696e-06,0.07096003741025925
3716,-5.961538461538469,104,103,0.9803846153846154,-0.12054494023323059,8.680965423583984,7.75854459789116e-06,0.22748780250549316
3717,-2.953795379537966,101,100,0.9804620462046204,-0.37918129563331604,10.252471923828125,7.751395060040522e-06,0.10024940967559814
3718,46.564102564102555,52,52,0.9856410256410256,-0.07983069121837616,19.694400787353516,7.761534106975887e-06,0.48527655005455017
3719,-105.46732026143792,204,202,0.9853267973856209,-0.1633055955171585,5.483391761779785,7.760189873806667e-06,0.016978951171040535
3720,-2.953795379537964,101,100,0.9804620462046204,-0.2246478646993637,10.340867042541504,7.742460184090305e-06,0.036104604601860046
3721,-102.70149253731344,201,198,0.9829850746268657,-0.1841249018907547,4.655118465423584,7.593645932502113e-06,0.12419601529836655
3722,46.733333333333334,50,49,0.9673333333333334,0.3120349645614624,21.234228134155273,7.545475909864763e-06,0.7437930107116699
3723,-106.9479674796748,205,202,0.980520325203252,-0.130305215716362,5.271435737609863,7.260224265337456e-06,0.1634066104888916
3724,46.564102564102555,52,52,0.9856410256410256,-0.18666501343250275,22.034807205200195,7.22225468052784e-06,0.5013307929039001
3725,63.95652173913044,23,20,0.8695652173913043,0.5548007488250732,54.645240783691406,7.383354841294931e-06,1.5460892915725708
3726,46.46153846153847,52,52,0.9846153846153847,-0.7923097610473633,21.254491806030273,7.743194146314636e-06,2.4974026679992676
3727,63.95652173913043,23,20,0.8695652173913043,-0.6228248476982117,47.90841293334961,7.689238373131957e-06,1.9078431129455566
3728,40.95652173913043,46,40,0.8695652173913043,-0.7046390771865845,28.084653854370117,7.752540113870054e-06,1.160133957862854
3729,59.333333333333336,24,20,0.8333333333333334,0.13861535489559174,54.17164993286133,7.750931217742618e-06,0.004085469990968704
3730,43.893081761006286,53,52,0.9689308176100629,-0.395689457654953,20.901363372802734,6.8776425905525684e-06,1.104630708694458
3731,-108.45893719806764,207,204,0.9854106280193237,-0.1501348614692688,6.716313362121582,6.87790998199489e-06,0.04588831216096878
3732,40.95652173913044,46,40,0.8695652173913043,0.20644579827785492,33.289886474609375,6.901264896441717e-06,0.7605658173561096
3733,47.299319727891145,49,48,0.9629931972789115,0.6273773312568665,25.873327255249023,6.959885467949789e-06,1.0838088989257812
3734,40.95652173913042,46,40,0.8695652173913043,1.0975415706634521,32.552513122558594,7.483603894797852e-06,2.7904586791992188
3735,-7.6315789473684195,95,83,0.8736842105263158,-0.06102699786424637,16.662826538085938,7.498076683987165e-06,0.36084404587745667
3736,40.95652173913042,46,40,0.8695652173913043,-0.4312148094177246,31.160137176513672,7.5249017754686065e-06,0.8087061643600464
3737,-9.541666666666663,96,83,0.8645833333333334,-0.38235294818878174,12.043739318847656,7.5324905992602e-06,0.5963965058326721
3738,-11.432989690721657,97,83,0.8556701030927835,-0.15242892503738403,12.13284969329834,7.469309366570087e-06,0.4195283353328705
3739,-7.631578947368418,95,83,0.8736842105263158,-0.43111562728881836,15.744990348815918,7.408812507492257e-06,0.6484677791595459
3740,43.888888888888886,45,40,0.8888888888888888,0.1575850397348404,30.60682487487793,7.4097888500546105e-06,0.2646843194961548
3741,63.95652173913043,23,20,0.8695652173913043,-1.4425859451293945,43.96211242675781,8.51368167786859e-06,4.408151626586914
3742,46.626666666666665,50,49,0.9662666666666667,-0.4484653174877167,20.480514526367188,8.464227903459687e-06,0.27112504839897156
3743,-3.359477124183013,102,101,0.9864052287581699,0.22723709046840668,9.893969535827637,8.464786333206575e-06,0.20222017168998718
3744,63.95652173913042,23,20,0.8695652173913043,0.4646378755569458,52.11860656738281,8.676604920765385e-06,1.6933823823928833
3745,40.95652173913044,46,40,0.8695652173913043,0.3665286600589752,26.931964874267578,8.847251592669636e-06,1.8187109231948853
3746,63.95652173913043,23,20,0.8695652173913043,-0.41123253107070923,44.122406005859375,8.775338756095152e-06,1.0051443576812744
3747,48.68707482993197,49,48,0.9768707482993197,0.07054261863231659,22.654869079589844,8.512077329214662e-06,0.18835334479808807
3748,40.95652173913044,46,40,0.8695652173913043,-0.44170448184013367,30.177032470703125,8.552582585252821e-06,1.116552710533142
3749,43.88888888888888,45,40,0.8888888888888888,-0.06665141135454178,30.903182983398438,8.566136784793343e-06,0.7807725071907043
3750,-105.46732026143792,204,202,0.9853267973856209,0.3168237805366516,7.726390361785889,8.559962225263007e-06,0.12357279658317566
3751,49.027210884353735,49,49,0.9802721088435374,0.4559624195098877,22.69731330871582,8.694246389495675e-06,1.3777332305908203
3752,-3.764705882352954,102,101,0.9823529411764705,-0.004133976064622402,11.804930686950684,8.685122338647489e-06,0.4022268056869507
3753,63.95652173913044,23,20,0.8695652173913043,0.01693635806441307,52.65270233154297,8.683975465828553e-06,0.11601310968399048
3754,-3.764705882352954,102,101,0.9823529411764705,-0.10623440891504288,8.743026733398438,8.667509064252954e-06,0.1526082456111908
3755,63.95652173913043,23,20,0.8695652173913043,0.32610073685646057,40.71812057495117,8.800911018624902e-06,1.4255139827728271
3756,-106.9479674796748,205,202,0.980520325203252,0.09715595096349716,6.570809841156006,8.802227966953069e-06,0.10465605556964874
3757,-105.44117647058825,204,202,0.9855882352941177,0.04651845619082451,6.585413932800293,8.801816875347868e-06,0.018432453274726868
3758,59.333333333333336,24,20,0.8333333333333334,0.09744468331336975,52.28456497192383,8.490722393617034e-06,0.36897963285446167
3759,-105.46732026143792,204,202,0.9853267973856209,0.25281640887260437,6.372344493865967,8.515003173670266e-06,0.4902368485927582
3760,-3.4224422442244276,101,99,0.9757755775577558,0.17444488406181335,9.40451717376709,8.5226638475433e-06,0.35041046142578125
3761,-8.93769470404985,107,106,0.9806230529595016,0.008640305139124393,11.788379669189453,8.048674317251425e-06,0.3953535854816437
3762,63.95652173913042,23,20,0.8695652173913043,-0.2777002453804016,56.534515380859375,8.089416951406747e-06,0.9579654932022095
3763,-9.541666666666664,96,83,0.8645833333333334,0.019720252603292465,14.460691452026367,8.138248631439637e-06,0.9411196112632751
3764,-11.432989690721648,97,83,0.8556701030927835,-0.30236274003982544,14.132972717285156,8.129112757160328e-06,0.01037885993719101
3765,63.95652173913043,23,20,0.8695652173913043,0.06852344423532486,43.62812423706055,8.135706593748182e-06,1.0839675664901733
3766,-7.631578947368414,95,83,0.8736842105263158,-0.7433468699455261,13.520681381225586,8.138267730828375e-06,1.4838273525238037
3767,63.95652173913043,23,20,0.8695652173913043,0.5826508402824402,40.176414489746094,8.387553862121422e-06,1.910628080368042
3768,-3.359477124183013,102,101,0.9864052287581699,0.11901012063026428,9.053403854370117,8.366328074771445e-06,0.01650296151638031
3769,63.95652173913044,23,20,0.8695652173913043,-0.8008139729499817,55.90116500854492,8.401888408116065e-06,0.9880242347717285
3770,48.10204081632652,49,48,0.9710204081632653,0.22397646307945251,19.48296546936035,8.429134140897077e-06,0.5808337926864624
3771,-8.93769470404985,107,106,0.9806230529595016,-0.06720825284719467,10.28697681427002,8.432140020886436e-06,0.1265403926372528
3772,-1.4466666666666703,100,99,0.9855333333333334,-0.07988317310810089,10.982457160949707,8.460847311653197e-06,0.8969936966896057
3773,-6.480769230769237,104,102,0.9751923076923077,0.1882081776857376,11.346220016479492,8.494041139783803e-06,0.6441192030906677
3774,47.13333333333333,50,49,0.9713333333333334,0.019310567528009415,25.209592819213867,8.498952411173377e-06,0.18455950915813446
3775,-5.702127659574468,94,83,0.8829787234042553,-0.26213690638542175,16.551776885986328,8.39847416500561e-06,0.625150203704834
3776,38.1063829787234,47,40,0.851063829787234,0.0687846690416336,34.951202392578125,8.396476005145814e-06,0.19218598306179047
3777,48.10204081632652,49,48,0.9710204081632653,0.3127965033054352,20.377782821655273,8.391379196837079e-06,0.0578288771212101
3778,-105.54575163398692,204,201,0.9845424836601308,-0.061120856553316116,5.124099254608154,8.226970749092288e-06,0.06693655997514725
3779,63.95652173913044,23,20,0.8695652173913043,-0.14509882032871246,46.34444046020508,8.238658665504772e-06,1.5517141819000244
3780,-9.54166666666667,96,83,0.8645833333333334,-0.3357532322406769,12.514162063598633,8.266853910754435e-06,0.640957772731781
3781,-108.53945249597423,207,204,0.9846054750402576,-0.5232894420623779,5.181637287139893,7.665962584724184e-06,0.11129966378211975
3782,49.027210884353735,49,49,0.9802721088435374,-0.009084622375667095,19.81304168701172,7.580100827908609e-06,0.8601202368736267
3783,46.62666666666667,50,49,0.9662666666666667,-0.462442010641098,25.704750061035156,7.575802101200679e-06,0.4938710927963257
3784,-9.541666666666659,96,83,0.8645833333333334,-0.38961178064346313,14.097771644592285,7.53295762478956e-06,0.19393470883369446
3785,46.626666666666665,50,49,0.9662666666666667,-0.13886451721191406,19.423336029052734,7.541769264207687e-06,0.34205037355422974
3786,47.13333333333333,50,49,0.9713333333333334,0.6475401520729065,23.349315643310547,7.932345397421159e-06,2.4870283603668213
3787,46.564102564102555,52,52,0.9856410256410256,-0.8462434411048889,18.497591018676758,8.195980626624078e-06,2.1293716430664062
3788,-9.043613707165111,107,105,0.979563862928349,0.42687320709228516,10.131599426269531,8.262780283985194e-06,0.9983659982681274
3789,46.75163398692809,51,51,0.977516339869281,0.4510900676250458,19.128726959228516,8.260404683824163e-06,1.0759245157241821
3790,40.95652173913043,46,40,0.8695652173913043,0.5622608661651611,29.2645320892334,8.55800408317009e-06,2.2089405059814453
3791,-108.53945249597425,207,204,0.9846054750402576,-0.4563502371311188,4.7757978439331055,8.361075742868707e-06,0.29967010021209717
3792,63.95652173913043,23,20,0.8695652173913043,-0.7038528919219971,52.10371780395508,8.423224244324956e-06,1.0830378532409668
3793,38.1063829787234,47,40,0.851063829787234,-0.6595531702041626,31.525257110595703,8.527310455974657e-06,1.3126544952392578
3794,59.333333333333336,24,20,0.8333333333333334,-0.7215956449508667,48.017356872558594,8.217021786549594e-06,1.6045646667480469
3795,-108.53945249597425,207,204,0.9846054750402576,-0.39076724648475647,4.249901294708252,8.162674930645153e-06,0.10333790630102158
3796,38.1063829787234,47,40,0.851063829787234,-0.10917403548955917,31.539085388183594,8.109222108032554e-06,0.03764776512980461
3797,-105.54575163398692,204,201,0.9845424836601308,-0.19862370193004608,5.187420845031738,8.111098395602312e-06,0.25646141171455383
3798,-9.541666666666666,96,83,0.8645833333333334,0.33197563886642456,13.589742660522461,8.337713552464265e-06,1.8847286701202393
3799,46.626666666666665,50,49,0.9662666666666667,-0.24862468242645264,23.319198608398438,8.338888619618956e-06,0.4311893582344055
3800,48.10204081632652,49,48,0.9710204081632653,0.20608752965927124,21.141210556030273,8.344368325197138e-06,0.33025112748146057
3801,63.95652173913042,23,20,0.8695652173913043,0.15241913497447968,65.18485260009766,8.317954780068249e-06,0.2146403044462204
3802,-107.9243156199678,207,206,0.990756843800322,-0.27230578660964966,4.546168327331543,8.316678759001661e-06,0.20540106296539307
3803,40.95652173913044,46,40,0.8695652173913043,0.2709898054599762,25.495452880859375,8.51003915158799e-06,1.7769365310668945
3804,40.95652173913043,46,40,0.8695652173913043,-0.1224990114569664,32.46918869018555,8.532707397534978e-06,0.6069067716598511
3805,-9.541666666666666,96,83,0.8645833333333334,-0.7615383863449097,15.82519245147705,8.592223821324296e-06,1.0235319137573242
3806,-110.85964912280703,209,206,0.9814035087719298,-0.27594849467277527,5.21448278427124,8.523394171788823e-06,0.20059341192245483
3807,40.95652173913043,46,40,0.8695652173913043,0.4077845513820648,34.839942932128906,8.603238711657468e-06,1.320563554763794
3808,48.10204081632653,49,48,0.9710204081632653,-0.19448496401309967,21.388219833374023,8.605711627751589e-06,0.27658194303512573
3809,40.95652173913044,46,40,0.8695652173913043,-0.5720704793930054,30.35989761352539,8.633345714770257e-06,1.1028209924697876
3810,63.95652173913043,23,20,0.8695652173913043,-0.3240705728530884,64.64155578613281,8.779133167990949e-06,1.595610499382019
3811,63.95652173913043,23,20,0.8695652173913043,0.25326886773109436,68.64891815185547,8.690706636116374e-06,0.10304587334394455
3812,49.36879432624113,47,46,0.9636879432624114,0.15977129340171814,20.29051399230957,8.691172297403682e-06,0.11333486437797546
3813,63.95652173913044,23,20,0.8695652173913043,0.40252184867858887,56.72208023071289,7.061463293212e-06,0.852348268032074
3814,40.95652173913044,46,40,0.8695652173913043,0.7357059121131897,26.846288681030273,7.464670943591045e-06,2.6211941242218018
3815,63.95652173913043,23,20,0.8695652173913043,-0.7858545780181885,45.3861198425293,8.225611054513138e-06,3.456183671951294
3816,63.95652173913042,23,20,0.8695652173913043,-0.26105615496635437,41.91743469238281,8.224228622566443e-06,0.15262436866760254
3817,63.95652173913044,23,20,0.8695652173913043,-0.10439110547304153,49.81805419921875,8.223008080676664e-06,0.04204430803656578
3818,-109.40064102564104,208,206,0.9859935897435897,0.11051637679338455,7.387020111083984,8.213690307457e-06,0.25679340958595276
3819,63.95652173913043,23,20,0.8695652173913043,0.1347234845161438,62.681488037109375,8.260917638835963e-06,0.8410714268684387
3820,40.95652173913043,46,40,0.8695652173913043,0.0070147039368748665,30.142362594604492,8.26149607746629e-06,0.1278582215309143
3821,-7.0512820512820635,104,101,0.9694871794871794,-0.2712082266807556,9.67077350616455,8.395669283345342e-06,1.4557960033416748
3822,-106.9479674796748,205,202,0.980520325203252,0.29523587226867676,7.3069748878479,8.367071131942794e-06,0.27714625000953674
3823,-104.76026272577998,203,200,0.9823973727422003,-0.030863972380757332,7.338567733764648,8.36748949950561e-06,0.1819342076778412
3824,63.95652173913044,23,20,0.8695652173913043,-1.531958818435669,41.073612213134766,9.92242985375924e-06,5.067632675170898
3825,-9.541666666666671,96,83,0.8645833333333334,-0.49769842624664307,13.730356216430664,9.765531103766989e-06,0.16605018079280853
3826,63.95652173913043,23,20,0.8695652173913043,-2.040238618850708,51.01375961303711,1.1481017281766981e-05,5.883553504943848
3827,48.68707482993197,49,48,0.9768707482993197,-0.12727907299995422,23.06707763671875,1.129583233705489e-05,0.6373712420463562
3828,-8.93769470404985,107,106,0.9806230529595016,-0.16359871625900269,8.82296085357666,1.1224017725908197e-05,0.0023225194308906794
3829,-7.631578947368414,95,83,0.8736842105263158,-0.22547997534275055,15.458013534545898,1.1226557035115547e-05,0.2903565466403961
3830,40.95652173913043,46,40,0.8695652173913043,-0.531099259853363,31.179887771606445,1.1206812814634759e-05,0.9352890849113464
3831,46.46153846153846,52,52,0.9846153846153847,-0.26735326647758484,23.92267608642578,1.1333430848026183e-05,1.5143022537231445
3832,-100.66834170854271,199,196,0.9833165829145729,0.20897835493087769,7.282514572143555,1.1290319889667444e-05,0.08232761919498444
3833,-106.94796747967479,205,202,0.980520325203252,-0.014245125465095043,6.959845066070557,1.1209714102733415e-05,0.41579607129096985
3834,-7.631578947368418,95,83,0.8736842105263158,-0.5329091548919678,16.632965087890625,1.0818963346537203e-05,1.613942265510559
3835,40.95652173913044,46,40,0.8695652173913043,-0.3225475251674652,36.26603317260742,1.082794460671721e-05,0.8050000667572021
3836,63.95652173913044,23,20,0.8695652173913043,0.18917568027973175,65.36629486083984,1.0837889021786395e-05,0.6061386466026306
3837,-3.7647058823529536,102,101,0.9823529411764705,-0.28070035576820374,9.000898361206055,1.0856808330572676e-05,0.8625497817993164
3838,-5.702127659574468,94,83,0.8829787234042553,-0.5937515497207642,14.442643165588379,1.0843505151569843e-05,0.5023353695869446
3839,-100.66834170854271,199,196,0.9833165829145729,-0.3906891942024231,5.290757656097412,1.0828845915966667e-05,0.15661083161830902
3840,-5.961538461538466,104,103,0.9803846153846154,-0.07429429888725281,12.140803337097168,1.083673214452574e-05,0.21819546818733215
3841,-3.3594771241830093,102,101,0.9864052287581699,0.05727299675345421,11.275463104248047,9.714652151160408e-06,0.16306811571121216
3842,-9.54166666666666,96,83,0.8645833333333334,-0.36328136920928955,15.702783584594727,9.72337420535041e-06,0.3065846860408783
3843,-102.70149253731344,201,198,0.9829850746268657,-0.27962759137153625,4.567148685455322,9.732711077958811e-06,0.3925010561943054
3844,40.95652173913044,46,40,0.8695652173913043,-0.47935235500335693,32.04783630371094,9.557707926433068e-06,0.7602757811546326
3845,-100.66834170854271,199,196,0.9833165829145729,-0.01080583967268467,5.087249755859375,9.323935046268161e-06,0.002179248258471489
3846,63.95652173913043,23,20,0.8695652173913043,-0.49261757731437683,57.843990325927734,9.69348184298724e-06,2.745023012161255
3847,63.95652173913044,23,20,0.8695652173913043,0.12473560124635696,54.39952850341797,9.785449037735816e-06,1.0683975219726562
3848,63.95652173913042,23,20,0.8695652173913043,0.28619685769081116,54.389373779296875,9.727030374051537e-06,0.15434131026268005
3849,63.95652173913044,23,20,0.8695652173913043,0.17921172082424164,45.373252868652344,9.713564395497087e-06,0.3167313039302826
3850,47.26666666666666,50,49,0.9726666666666667,0.19828465580940247,19.424264907836914,9.713846338854637e-06,0.19514299929141998
3851,46.75163398692809,51,51,0.977516339869281,-0.05990496650338173,21.290315628051758,9.58478449319955e-06,0.30026301741600037
3852,-7.6315789473684115,95,83,0.8736842105263158,-0.019384177401661873,14.038174629211426,9.583985047356691e-06,0.10479716211557388
3853,40.95652173913043,46,40,0.8695652173913043,-0.016595570370554924,42.704795837402344,9.587896784069017e-06,0.12029384076595306
3854,40.95652173913043,46,40,0.8695652173913043,-0.18785452842712402,30.770187377929688,9.587927706888877e-06,0.16215917468070984
3855,-6.480769230769235,104,102,0.9751923076923077,-0.02725900523364544,9.489960670471191,9.441627298656385e-06,0.41844290494918823
3856,40.95652173913043,46,40,0.8695652173913043,-0.3330855369567871,28.985553741455078,9.459946340939496e-06,0.7573124766349792
3857,40.95652173913043,46,40,0.8695652173913043,0.22964556515216827,27.554121017456055,9.524585948383901e-06,0.8794829249382019
3858,40.95652173913044,46,40,0.8695652173913043,0.48099568486213684,32.29152297973633,9.581946869730018e-06,0.9475538730621338
3859,49.36879432624113,47,46,0.9636879432624114,0.2183952033519745,18.825271606445312,9.556999430060387e-06,0.12433910369873047
3860,40.956521739130444,46,40,0.8695652173913043,0.892711877822876,28.785350799560547,9.921292985382024e-06,2.3408799171447754
3861,-105.44117647058825,204,202,0.9855882352941177,0.3731839954853058,8.622467041015625,9.9051731012878e-06,0.004755284637212753
3862,40.95652173913043,46,40,0.8695652173913043,0.028373107314109802,29.34827995300293,9.874433089862578e-06,0.5604230761528015
3863,-8.93769470404985,107,106,0.9806230529595016,0.27140718698501587,12.894756317138672,9.80847926257411e-06,0.1571854203939438
3864,-7.6315789473684195,95,83,0.8736842105263158,0.3953897953033447,15.961989402770996,9.93052435660502e-06,1.283378005027771
3865,43.888888888888886,45,40,0.8888888888888888,0.7178263664245605,29.1641788482666,1.0101200132339727e-05,1.9339730739593506
3866,40.95652173913043,46,40,0.8695652173913043,-0.5378369688987732,25.560527801513672,1.000845804810524e-05,0.7251070141792297
3867,-9.54166666666666,96,83,0.8645833333333334,-0.745887815952301,15.527974128723145,9.900126315187663e-06,1.6732503175735474
3868,40.95652173913042,46,40,0.8695652173913043,-0.42989224195480347,25.301156997680664,9.909767868521158e-06,0.5639135241508484
3869,63.95652173913044,23,20,0.8695652173913043,-0.05699024349451065,39.56618118286133,9.866807886282913e-06,0.03102196753025055
3870,63.95652173913044,23,20,0.8695652173913043,-1.824845552444458,39.07156753540039,1.1733675819414202e-05,5.727778911590576
3871,-7.6315789473684115,95,83,0.8736842105263158,0.09184335917234421,20.34487533569336,1.1728465324267745e-05,0.3673061728477478
3872,49.027210884353735,49,49,0.9802721088435374,0.5283202528953552,29.663188934326172,1.1736868145817425e-05,0.5868209600448608
3873,-5.702127659574472,94,83,0.8829787234042553,0.4503278434276581,22.298526763916016,1.1743341019609943e-05,0.7046637535095215
3874,-104.76026272577998,203,200,0.9823973727422003,0.01676052249968052,8.12101936340332,1.1734579857147764e-05,0.154350146651268
3875,-9.541666666666668,96,83,0.8645833333333334,-0.05236244946718216,20.132793426513672,1.1735615771613084e-05,0.6443459987640381
3876,-9.043613707165113,107,105,0.979563862928349,0.4736489951610565,13.261863708496094,1.1754248589568306e-05,0.35606256127357483
3877,40.95652173913043,46,40,0.8695652173913043,0.0877237543463707,31.030092239379883,1.175094712380087e-05,0.28899359703063965
3878,43.888888888888886,45,40,0.8888888888888888,-0.18483267724514008,30.385852813720703,1.1750355042750016e-05,0.028796210885047913
3879,46.75163398692809,51,51,0.977516339869281,-0.17861013114452362,17.196475982666016,1.1562714462343138e-05,0.4014923572540283
3880,-7.631578947368414,95,83,0.8736842105263158,-0.31232041120529175,15.245511054992676,1.1523672583280131e-05,0.10299641638994217
3881,46.73333333333333,50,49,0.9673333333333334,-0.18908418715000153,20.79176139831543,1.1566842658794485e-05,0.6276176571846008
3882,-3.359477124183013,102,101,0.9864052287581699,0.2295093536376953,9.249589920043945,1.1532612916198559e-05,0.5593355298042297
3883,-4.915857605178004,103,102,0.98084142394822,-0.43133434653282166,10.159283638000488,1.1554729098861571e-05,0.8771127462387085
3884,59.33333333333334,24,20,0.8333333333333334,0.25644320249557495,30.814632415771484,1.1590364010771737e-05,0.6475130915641785
3885,-2.953795379537966,101,100,0.9804620462046204,-0.23540502786636353,8.22537612915039,1.1571345567062963e-05,0.15427738428115845
3886,40.95652173913042,46,40,0.8695652173913043,0.25877058506011963,29.781051635742188,1.1167503544129431e-05,0.6769440174102783
3887,-7.051282051282062,104,101,0.9694871794871794,0.096143938601017,11.753917694091797,1.0948203453153837e-05,0.01815054379403591
3888,40.95652173913044,46,40,0.8695652173913043,-0.6288759112358093,35.6722412109375,1.1193776117579546e-05,2.5802416801452637
3889,-109.40064102564104,208,206,0.9859935897435897,-0.2969001531600952,5.003963470458984,1.108415199269075e-05,0.2229449599981308
3890,43.893081761006286,53,52,0.9689308176100629,0.4434133768081665,25.914196014404297,1.0764110811578576e-05,0.7087857723236084
3891,-106.9479674796748,205,202,0.980520325203252,-0.17569725215435028,4.406945705413818,1.0764727448986378e-05,0.17724411189556122
3892,-4.254901960784325,102,100,0.9774509803921568,0.12622177600860596,10.684408187866211,1.0728441338869743e-05,0.015305719338357449
3893,40.95652173913044,46,40,0.8695652173913043,-0.40554124116897583,31.6444149017334,1.0744931387307588e-05,1.4338085651397705
3894,40.95652173913043,46,40,0.8695652173913043,0.1603064090013504,28.260156631469727,1.0743360689957626e-05,1.083476185798645
3895,-9.541666666666666,96,83,0.8645833333333334,-0.463733971118927,12.368451118469238,1.0735932846728247e-05,0.2584192156791687
3896,-100.66834170854271,199,196,0.9833165829145729,-0.3132476210594177,4.435281276702881,1.0740468496805988e-05,0.0964251235127449
3897,-9.541666666666664,96,83,0.8645833333333334,-0.12691393494606018,15.413302421569824,1.081593018170679e-05,0.8678207397460938
3898,-9.54166666666667,96,83,0.8645833333333334,-0.35082578659057617,16.731334686279297,1.0540277799009345e-05,0.013132880441844463
3899,-9.541666666666666,96,83,0.8645833333333334,-0.5252515077590942,15.904552459716797,1.0540585208218545e-05,0.44454333186149597
3900,40.95652173913043,46,40,0.8695652173913043,0.3310021162033081,30.321182250976562,1.0586590178718325e-05,0.6202858090400696
3901,47.62585034013605,49,48,0.9662585034013605,-0.16566205024719238,18.88247299194336,1.0596599167911336e-05,0.1658783257007599
3902,40.95652173913043,46,40,0.8695652173913043,-0.4411798119544983,28.553821563720703,1.073155362973921e-05,1.797516942024231
3903,47.26666666666666,50,49,0.9726666666666667,0.2303001582622528,25.948461532592773,1.0479301636223681e-05,0.5877785682678223
3904,63.95652173913044,23,20,0.8695652173913043,-0.6980111598968506,57.44093704223633,1.0920812201220542e-05,3.128488302230835
3905,-9.043613707165113,107,105,0.979563862928349,0.2008015215396881,7.880990028381348,1.0939794265141245e-05,0.5900493264198303
3906,-100.66834170854271,199,196,0.9833165829145729,-0.07397150248289108,4.336345672607422,1.093389255402144e-05,0.0946994498372078
3907,-7.0512820512820635,104,101,0.9694871794871794,-0.341071218252182,8.130038261413574,1.0807253602251876e-05,1.1094098091125488
3908,63.95652173913043,23,20,0.8695652173913043,0.963371217250824,47.55630111694336,1.1207309398741927e-05,2.231520652770996
3909,-5.961538461538467,104,103,0.9803846153846154,-0.0035137177910655737,9.037603378295898,1.117016017815331e-05,0.0930408164858818
3910,47.299319727891145,49,48,0.9629931972789115,-0.15317267179489136,19.67979621887207,1.107069147110451e-05,0.592597246170044
3911,46.46153846153846,52,52,0.9846153846153847,0.009117587469518185,23.300254821777344,1.1104451914434321e-05,0.4800419211387634
3912,40.95652173913043,46,40,0.8695652173913043,-0.4131072461605072,27.916431427001953,1.1095814443251584e-05,0.15983612835407257
3913,-108.53945249597425,207,204,0.9846054750402576,-0.2276347428560257,4.094847679138184,1.1022067155863624e-05,0.026684017851948738
3914,63.95652173913044,23,20,0.8695652173913043,0.0022486369125545025,45.26334762573242,1.0495274182176217e-05,0.23298577964305878
3915,-9.54166666666666,96,83,0.8645833333333334,-0.5989723205566406,15.339821815490723,9.967699043045286e-06,1.4690431356430054
3916,63.95652173913044,23,20,0.8695652173913043,1.3809399604797363,40.94220733642578,1.0618346095725428e-05,2.994946241378784
3917,-4.2549019607843235,102,100,0.9774509803921568,-0.11925825476646423,8.835176467895508,1.0634600585035514e-05,0.8774804472923279
3918,-2.8151815181518285,101,100,0.9818481848184818,0.07628069818019867,8.549717903137207,1.0626193216012325e-05,0.6779305338859558
3919,-9.541666666666668,96,83,0.8645833333333334,-0.1185145452618599,12.911482810974121,1.0620502507663332e-05,0.18483886122703552
3920,-107.9243156199678,207,206,0.990756843800322,-0.20548780262470245,5.168543815612793,1.064045682142023e-05,0.42160215973854065
3921,-9.54166666666666,96,83,0.8645833333333334,-0.49205461144447327,19.00608253479004,1.0568219295237213e-05,0.7511747479438782
3922,-108.53945249597425,207,204,0.9846054750402576,-0.24824421107769012,3.866689682006836,1.056173823599238e-05,0.17030654847621918
3923,-110.85964912280703,209,206,0.9814035087719298,-0.22533860802650452,4.551785945892334,1.0564533113210928e-05,0.5013434886932373
3924,-100.66834170854271,199,196,0.9833165829145729,-0.08472830802202225,5.172461032867432,9.133414096140768e-06,0.23486147820949554
3925,63.95652173913043,23,20,0.8695652173913043,0.0069343410432338715,44.163333892822266,9.13333769858582e-06,0.2710915803909302
3926,-7.631578947368413,95,83,0.8736842105263158,-0.17921799421310425,15.90760612487793,7.147527867346071e-06,0.5044186115264893
3927,63.95652173913043,23,20,0.8695652173913043,0.05269154533743858,45.89054870605469,7.157143954827916e-06,0.7824340462684631
3928,-5.702127659574471,94,83,0.8829787234042553,0.45148369669914246,17.824874877929688,7.228500635392265e-06,0.9215286374092102
3929,-9.541666666666664,96,83,0.8645833333333334,0.26184454560279846,18.059659957885742,7.227961759781465e-06,0.07506420463323593
3930,47.26666666666666,50,49,0.9726666666666667,0.4302295446395874,31.589319229125977,7.204861503851134e-06,0.6356815099716187
3931,63.95652173913044,23,20,0.8695652173913043,0.3783966302871704,62.774627685546875,7.119103429431561e-06,0.8302502036094666
3932,63.95652173913043,23,20,0.8695652173913043,-1.1157722473144531,52.786537170410156,8.428532964899205e-06,4.7921061515808105
3933,-7.051282051282063,104,101,0.9694871794871794,0.1793162077665329,8.601649284362793,8.437166798103135e-06,0.23702676594257355
3934,-6.480769230769239,104,102,0.9751923076923077,-0.17811352014541626,9.440732955932617,8.324125701619778e-06,0.6324763298034668
3935,-105.54575163398694,204,201,0.9845424836601308,9.360122930957004e-05,4.592161178588867,8.309240911330562e-06,0.2098435014486313
3936,48.10204081632652,49,48,0.9710204081632653,-0.06601069867610931,32.36942672729492,8.276407243101858e-06,0.10476435720920563
3937,-108.53945249597423,207,204,0.9846054750402576,-0.19643963873386383,4.454819202423096,8.255572538473643e-06,0.1970100700855255
3938,-11.432989690721659,97,83,0.8556701030927835,-0.3695290982723236,14.790318489074707,8.252756742876954e-06,0.42518341541290283
3939,63.95652173913044,23,20,0.8695652173913043,0.17592208087444305,41.10948181152344,8.30108365335036e-06,0.7229336500167847
3940,43.893081761006286,53,52,0.9689308176100629,0.1542903184890747,18.454587936401367,8.30302269605454e-06,0.25793471932411194
3941,47.299319727891145,49,48,0.9629931972789115,0.22389590740203857,25.33902359008789,8.31243596621789e-06,0.6705482602119446
3942,40.95652173913043,46,40,0.8695652173913043,0.07077530771493912,37.027957916259766,8.329669981321786e-06,0.5435639023780823
3943,40.95652173913043,46,40,0.8695652173913043,-0.2059587836265564,40.269596099853516,8.331388926308136e-06,0.41702598333358765
3944,46.73333333333333,50,49,0.9673333333333334,0.4453064799308777,26.938915252685547,8.309350960189477e-06,0.1143295094370842
3945,63.95652173913044,23,20,0.8695652173913043,0.4235403835773468,57.95784378051758,8.426854037679732e-06,1.2380331754684448
3946,-7.0512820512820635,104,101,0.9694871794871794,0.12851957976818085,10.176172256469727,8.01456280896673e-06,0.25451958179473877
3947,40.95652173913042,46,40,0.8695652173913043,0.49559739232063293,31.608903884887695,8.104831977107096e-06,1.5786151885986328
3948,-100.66834170854271,199,196,0.9833165829145729,-0.03725919499993324,5.44798469543457,8.1048847277998e-06,0.163083016872406
3949,-108.53945249597425,207,204,0.9846054750402576,-0.27368444204330444,4.396505355834961,8.098040780168958e-06,0.15685361623764038
3950,46.46153846153846,52,52,0.9846153846153847,-0.5712003111839294,22.720191955566406,8.099636033875868e-06,0.07197097688913345
3951,-99.21885521885523,198,196,0.9878114478114478,-0.1742333322763443,5.21622896194458,8.089265065791551e-06,0.0875352993607521
3952,-9.541666666666659,96,83,0.8645833333333334,-0.7277952432632446,13.509448051452637,8.122061444737483e-06,0.8802193403244019
3953,63.95652173913044,23,20,0.8695652173913043,-0.37159380316734314,31.432401657104492,8.157485353876837e-06,0.9254382848739624
3954,46.46153846153847,52,52,0.9846153846153847,-0.21785616874694824,17.809371948242188,8.163687198248226e-06,0.452854186296463
3955,-105.44117647058825,204,202,0.9855882352941177,-0.11007554829120636,6.955160140991211,8.16922965896083e-06,0.5481249690055847
3956,47.13333333333333,50,49,0.9713333333333334,0.06387850642204285,24.676652908325195,8.156703188433312e-06,0.30172082781791687
3957,-108.53945249597425,207,204,0.9846054750402576,-0.026960916817188263,8.82156753540039,8.094296390481759e-06,0.03950079157948494
3958,63.95652173913044,23,20,0.8695652173913043,1.0004029273986816,85.85649871826172,8.183586942323018e-06,1.4846547842025757
3959,40.95652173913043,46,40,0.8695652173913043,0.5969234108924866,43.928932189941406,8.197089300665539e-06,0.3401462435722351
3960,49.36879432624113,47,46,0.9636879432624114,0.15653087198734283,29.307147979736328,7.823662599548697e-06,0.44277238845825195
3961,-4.915857605178004,103,102,0.98084142394822,0.20776940882205963,10.07898235321045,7.838939382054377e-06,0.3675099313259125
3962,-4.592233009708751,103,102,0.9840776699029126,0.22270961105823517,9.21692943572998,7.828446541680023e-06,0.14372490346431732
3963,47.26666666666666,50,49,0.9726666666666667,-0.10101424157619476,17.837858200073242,7.845893378544133e-06,0.7648169994354248
3964,43.88888888888888,45,40,0.8888888888888888,-0.2381402552127838,29.158689498901367,7.759526852169074e-06,1.0027928352355957
3965,-105.44117647058825,204,202,0.9855882352941177,-0.16331641376018524,4.773134231567383,7.5269244916853495e-06,0.6590855121612549
3966,-4.915857605178004,103,102,0.98084142394822,-0.45229998230934143,13.571399688720703,7.5171833486820105e-06,0.5482993125915527
3967,-104.76026272577998,203,200,0.9823973727422003,-0.5065155625343323,5.45541524887085,7.3804540079436265e-06,0.08983203768730164
3968,-7.107936507936515,105,104,0.978920634920635,-0.8303670287132263,11.99867057800293,7.3736409831326455e-06,0.3794516623020172
3969,49.027210884353735,49,49,0.9802721088435374,-0.6278034448623657,21.85527229309082,7.4290064731030725e-06,1.1356077194213867
3970,63.95652173913044,23,20,0.8695652173913043,-0.5529671907424927,41.09102249145508,5.539573066926096e-06,0.7610098719596863
3971,-9.541666666666664,96,83,0.8645833333333334,-0.1293163299560547,18.175678253173828,5.590078217210248e-06,0.8103533983230591
3972,63.95652173913042,23,20,0.8695652173913043,1.485063076019287,54.316253662109375,6.484797268058173e-06,3.7682650089263916
3973,63.95652173913043,23,20,0.8695652173913043,-1.083598256111145,57.33183670043945,7.258626283146441e-06,3.7476930618286133
3974,40.95652173913042,46,40,0.8695652173913043,0.4523565173149109,30.233448028564453,7.404505140584661e-06,1.413509726524353
3975,43.893081761006286,53,52,0.9689308176100629,0.02175937592983246,16.067157745361328,7.387297500827117e-06,0.08164538443088531
3976,-5.961538461538467,104,103,0.9803846153846154,0.06153109297156334,9.366434097290039,7.374282176897395e-06,0.015970133244991302
3977,46.626666666666665,50,49,0.9662666666666667,-0.19316890835762024,19.9527645111084,7.4173708526359405e-06,0.7445161938667297
3978,63.95652173913043,23,20,0.8695652173913043,0.8553761839866638,41.351192474365234,7.923904377094004e-06,2.778146505355835
3979,59.333333333333336,24,20,0.8333333333333334,-0.44927331805229187,47.344993591308594,8.077131496975198e-06,1.692952275276184
3980,59.333333333333336,24,20,0.8333333333333334,-0.2870761454105377,48.8549919128418,8.158999662555289e-06,1.2677375078201294
3981,63.95652173913043,23,20,0.8695652173913043,-0.22876107692718506,52.768226623535156,8.131939466693439e-06,0.20947495102882385
3982,40.95652173913042,46,40,0.8695652173913043,0.10995794832706451,31.255516052246094,8.11107656772947e-06,0.22115695476531982
3983,46.75163398692809,51,51,0.977516339869281,0.1388116329908371,19.702075958251953,8.07946162240114e-06,0.38512399792671204
3984,40.95652173913043,46,40,0.8695652173913043,0.40945348143577576,28.911420822143555,8.276035259768832e-06,1.8355430364608765
3985,59.33333333333333,24,20,0.8333333333333334,-1.372233510017395,58.97930908203125,8.870957572071347e-06,3.218318223953247
3986,40.95652173913044,46,40,0.8695652173913043,0.6517189145088196,30.148258209228516,9.169357326754835e-06,2.221754312515259
3987,-105.44117647058825,204,202,0.9855882352941177,0.21331335604190826,6.462049961090088,9.1707761384896e-06,0.0885332003235817
3988,63.95652173913042,23,20,0.8695652173913043,-0.29045411944389343,38.50688552856445,8.796376278041862e-06,0.383146733045578
3989,-4.915857605178004,103,102,0.98084142394822,0.30066800117492676,8.429605484008789,8.81962387211388e-06,0.5458100438117981
3990,-9.54166666666666,96,83,0.8645833333333334,-0.43840041756629944,14.744953155517578,8.830465958453715e-06,0.9896425604820251
3991,63.95652173913043,23,20,0.8695652173913043,0.9138007164001465,52.009185791015625,9.858771591098048e-06,4.010402679443359
3992,48.68707482993197,49,48,0.9768707482993197,0.32148033380508423,21.210229873657227,9.860750651569106e-06,0.24017775058746338
3993,63.95652173913043,23,20,0.8695652173913043,0.613919198513031,44.850624084472656,1.0078802915813867e-05,2.3032360076904297
3994,40.95652173913042,46,40,0.8695652173913043,0.627419114112854,29.06618881225586,1.0062073670269456e-05,0.9528000354766846
3995,63.95652173913044,23,20,0.8695652173913043,-0.03158367797732353,40.99623489379883,1.0143287909158971e-05,1.1974953413009644
3996,-105.54575163398694,204,201,0.9845424836601308,0.26742663979530334,6.539157390594482,1.0142413884750567e-05,0.01461849920451641
3997,49.36879432624113,47,46,0.9636879432624114,0.12402849644422531,16.377193450927734,1.0098493476107251e-05,0.2839004099369049
3998,-6.480769230769237,104,102,0.9751923076923077,-0.11262477934360504,10.563531875610352,1.0146977729164064e-05,0.9296219944953918
3999,-9.541666666666657,96,83,0.8645833333333334,-0.32003480195999146,15.371277809143066,1.0176810064876918e-05,0.8492332696914673
4000,46.73333333333333,50,49,0.9673333333333334,0.04253942519426346,16.35995101928711,1.0175946044910233e-05,0.6097556352615356
4001,48.10204081632652,49,48,0.9710204081632653,0.11116639524698257,14.777253150939941,1.0174495400860906e-05,0.20638792216777802
4002,-5.702127659574465,94,83,0.8829787234042553,-0.13304808735847473,15.846349716186523,9.985830729419831e-06,0.0461423397064209
4003,-7.631578947368411,95,83,0.8736842105263158,-0.6149182915687561,14.776049613952637,1.0091078365803696e-05,1.457366704940796
4004,40.95652173913042,46,40,0.8695652173913043,-0.36527127027511597,27.87080955505371,9.56053008849267e-06,1.0159010887145996
4005,47.299319727891145,49,48,0.9629931972789115,-0.025911329314112663,18.758743286132812,9.560500984662212e-06,0.6492376327514648
4006,63.95652173913044,23,20,0.8695652173913043,-0.36393555998802185,42.38100814819336,9.602289537724573e-06,0.8754767179489136
4007,-9.541666666666671,96,83,0.8645833333333334,-0.45800599455833435,17.567401885986328,9.57033898885129e-06,0.8290934562683105
4008,-9.541666666666663,96,83,0.8645833333333334,-0.23670339584350586,15.191876411437988,9.248627975466661e-06,0.005167453084141016
4009,-4.915857605178004,103,102,0.98084142394822,0.12743636965751648,7.939987659454346,9.25702988752164e-06,0.3072250187397003
4010,-6.48076923076923,104,102,0.9751923076923077,-0.0892253890633583,9.675705909729004,9.239483006240334e-06,0.036103565245866776
4011,-9.541666666666663,96,83,0.8645833333333334,-0.7110111117362976,14.983964920043945,9.33583032747265e-06,1.4294416904449463
4012,46.564102564102555,52,52,0.9856410256410256,-0.2606440782546997,19.90064239501953,9.338047675555572e-06,0.13522584736347198
4013,-9.043613707165111,107,105,0.979563862928349,-0.06970126181840897,8.189835548400879,9.340972610516474e-06,0.3133772909641266
4014,63.95652173913044,23,20,0.8695652173913043,0.32062792778015137,31.01589584350586,9.345929356641136e-06,0.25291818380355835
4015,43.888888888888886,45,40,0.8888888888888888,-0.5506097674369812,29.788700103759766,9.312631846114527e-06,1.2604566812515259
4016,63.95652173913043,23,20,0.8695652173913043,0.5166371464729309,49.41508102416992,8.745141713006888e-06,0.4205966293811798
4017,40.95652173913043,46,40,0.8695652173913043,1.0242304801940918,28.02894401550293,9.281906386604533e-06,2.9841012954711914
4018,40.95652173913043,46,40,0.8695652173913043,-0.1842534989118576,28.238948822021484,9.25905169424368e-06,0.09481824189424515
4019,-100.66834170854271,199,196,0.9833165829145729,0.0036263582296669483,4.423990249633789,9.256154044123832e-06,0.13746413588523865
4020,40.95652173913043,46,40,0.8695652173913043,0.09278849512338638,25.594314575195312,9.275623597204685e-06,0.6839073300361633
4021,63.95652173913042,23,20,0.8695652173913043,0.26107579469680786,41.48329162597656,9.388269972987473e-06,1.492071509361267
4022,47.26666666666666,50,49,0.9726666666666667,0.10806863754987717,17.68863296508789,9.385926205141004e-06,0.002014707773923874
4023,43.888888888888886,45,40,0.8888888888888888,-0.06548765301704407,29.824962615966797,9.407193829247262e-06,0.7373133301734924
4024,40.95652173913044,46,40,0.8695652173913043,-0.06432045996189117,31.40498161315918,9.41037797019817e-06,0.3314427435398102
4025,-9.541666666666668,96,83,0.8645833333333334,0.03188879415392876,15.922379493713379,9.427571967535187e-06,0.576547384262085
4026,-3.764705882352947,102,101,0.9823529411764705,0.042706701904535294,10.106307983398438,9.423934898222797e-06,0.4409960210323334
4027,47.62585034013605,49,48,0.9662585034013605,0.30708903074264526,21.13861656188965,9.553705240250565e-06,1.6563993692398071
4028,-2.8151815181518285,101,100,0.9818481848184818,0.6281276345252991,11.483084678649902,9.51265792537015e-06,0.4098510444164276
4029,48.68707482993197,49,48,0.9768707482993197,0.5774334073066711,25.23976707458496,9.527003385301214e-06,0.5058985948562622
4030,-7.631578947368421,95,83,0.8736842105263158,0.2680301070213318,15.168619155883789,9.594368748366833e-06,1.2656660079956055
4031,48.10204081632652,49,48,0.9710204081632653,0.2805965542793274,15.903640747070312,9.547702575218864e-06,0.001998293912038207
4032,63.95652173913043,23,20,0.8695652173913043,-0.044974297285079956,37.02438735961914,8.130315109156072e-06,0.7045549750328064
4033,-2.953795379537958,101,100,0.9804620462046204,-0.2267489731311798,8.520682334899902,8.129393791023176e-06,0.17481671273708344
4034,-103.45214521452145,202,200,0.9854785478547855,-0.19681645929813385,4.870642185211182,8.09740595286712e-06,0.05333581939339638
4035,-109.40064102564104,208,206,0.9859935897435897,-0.35772576928138733,4.0979323387146,8.09668745205272e-06,0.04331411048769951
4036,-7.631578947368418,95,83,0.8736842105263158,-0.12000677734613419,14.599279403686523,8.12530743132811e-06,0.7757017612457275
4037,-5.961538461538467,104,103,0.9803846153846154,0.003829216118901968,8.627411842346191,8.128026820486411e-06,0.33028915524482727
4038,63.95652173913044,23,20,0.8695652173913043,0.32447347044944763,28.870563507080078,8.111005627142731e-06,0.07219291478395462
4039,63.95652173913043,23,20,0.8695652173913043,-1.8000462055206299,39.015350341796875,9.458804015594069e-06,4.644649505615234
4040,40.95652173913043,46,40,0.8695652173913043,-0.1506999135017395,28.307369232177734,9.457354281039443e-06,0.19049496948719025
4041,40.95652173913042,46,40,0.8695652173913043,0.3370196223258972,29.557998657226562,9.462869456910994e-06,0.8435469269752502
4042,63.95652173913043,23,20,0.8695652173913043,0.9314178824424744,49.424556732177734,9.589433830115013e-06,1.5792417526245117
4043,-4.592233009708751,103,102,0.9840776699029126,0.2438989132642746,8.629395484924316,9.585196494299453e-06,0.15217237174510956
4044,-2.953795379537966,101,100,0.9804620462046204,-0.021639401093125343,8.299383163452148,9.605400919099338e-06,0.6756709218025208
4045,-9.541666666666666,96,83,0.8645833333333334,-0.13794776797294617,14.626609802246094,9.524722372589167e-06,0.2945359945297241
4046,-9.541666666666663,96,83,0.8645833333333334,0.0013533441815525293,13.63677978515625,9.560363650962245e-06,0.8531164526939392
4047,40.95652173913043,46,40,0.8695652173913043,-0.3224303126335144,26.055416107177734,9.439646419195924e-06,0.5176764130592346
4048,59.333333333333336,24,20,0.8333333333333334,0.4006838798522949,46.3742790222168,9.592620699550025e-06,1.6534104347229004
4049,-5.961538461538465,104,103,0.9803846153846154,0.11806727945804596,8.866226196289062,9.599939403415192e-06,0.42707857489585876
4050,-105.44117647058825,204,202,0.9855882352941177,0.09113799780607224,4.539605617523193,9.600912562746089e-06,0.1998494565486908
4051,47.26666666666666,50,49,0.9726666666666667,0.18983183801174164,17.72616958618164,9.601418241800275e-06,0.26400747895240784
4052,47.299319727891145,49,48,0.9629931972789115,0.23368149995803833,17.613536834716797,9.544667591399048e-06,0.17198309302330017
4053,38.1063829787234,47,40,0.851063829787234,0.1084546446800232,32.5533447265625,9.48153046920197e-06,0.021584944799542427
4054,-11.432989690721657,97,83,0.8556701030927835,-0.14194445312023163,14.95973014831543,9.462978596275207e-06,0.17639903724193573
4055,-9.541666666666663,96,83,0.8645833333333334,-0.2006191462278366,16.180952072143555,9.445913747185841e-06,0.28212010860443115
4056,-7.631578947368411,95,83,0.8736842105263158,-0.4686490297317505,16.699167251586914,9.521756510366686e-06,1.0274651050567627
4057,-105.46732026143792,204,202,0.9853267973856209,0.11431599408388138,5.424951553344727,9.521210813545622e-06,0.0005833355244249105
4058,59.333333333333336,24,20,0.8333333333333334,-0.7203001379966736,57.65119934082031,9.599319128028583e-06,1.7239781618118286
4059,59.33333333333334,24,20,0.8333333333333334,1.0100241899490356,52.955867767333984,9.815765224630013e-06,1.96364426612854
4060,-4.254901960784323,102,100,0.9774509803921568,0.009641623124480247,7.9751129150390625,9.822995707509108e-06,0.5454226136207581
4061,63.95652173913044,23,20,0.8695652173913043,0.4310479760169983,46.708282470703125,9.837116522248834e-06,0.6376465559005737
4062,-9.541666666666668,96,83,0.8645833333333334,-0.07262025028467178,14.74872875213623,9.849944945017342e-06,0.5931712985038757
4063,-106.9479674796748,205,202,0.980520325203252,-0.12057386338710785,4.261841297149658,9.806938578549307e-06,0.09258449822664261
4064,-108.45893719806764,207,204,0.9854106280193237,-0.13682584464550018,5.326227188110352,9.73241822066484e-06,0.17783208191394806
4065,-9.541666666666657,96,83,0.8645833333333334,-0.4784489870071411,12.511359214782715,9.755257451615762e-06,0.7287614941596985
4066,-108.53945249597425,207,204,0.9846054750402576,-0.2867729067802429,4.39439582824707,9.733918886922766e-06,0.16288335621356964
4067,63.95652173913043,23,20,0.8695652173913043,-1.7257424592971802,38.88388442993164,1.0500141797820106e-05,3.4517078399658203
4068,63.95652173913043,23,20,0.8695652173913043,0.6095433831214905,48.85700988769531,1.0717612894950435e-05,2.00661039352417
4069,-5.7021276595744705,94,83,0.8829787234042553,0.2039208859205246,13.587630271911621,1.0680291779863182e-05,1.0523860454559326
4070,48.10204081632652,49,48,0.9710204081632653,0.10206735134124756,17.10513687133789,1.0655870028131176e-05,0.4914838671684265
4071,-102.70149253731344,201,198,0.9829850746268657,0.0692649781703949,6.3681111335754395,1.0632465091475751e-05,0.44413068890571594
4072,63.95652173913044,23,20,0.8695652173913043,0.200174018740654,36.131988525390625,9.798257451620884e-06,0.11760508269071579
4073,-9.541666666666664,96,83,0.8645833333333334,-0.8557754158973694,13.235464096069336,9.189278898702469e-06,2.1022651195526123
4074,-2.8151815181518285,101,100,0.9818481848184818,0.2540091872215271,9.53571891784668,9.08117726794444e-06,0.08101502060890198
4075,63.95652173913043,23,20,0.8695652173913043,0.2979779541492462,32.50511169433594,9.114861313719302e-06,0.8324445486068726
4076,46.75163398692809,51,51,0.977516339869281,-0.10788017511367798,15.721991539001465,9.114520253206138e-06,0.01885300874710083
4077,49.02721088435374,49,49,0.9802721088435374,0.23539121448993683,16.455097198486328,9.128653800871689e-06,0.8995218276977539
4078,-8.93769470404985,107,106,0.9806230529595016,0.05411990359425545,9.430542945861816,8.680729479237925e-06,0.3178902268409729
4079,40.95652173913043,46,40,0.8695652173913043,-0.32470640540122986,27.573562622070312,8.585788236814551e-06,1.178023338317871
4080,-100.66834170854273,199,196,0.9833165829145729,0.25937139987945557,6.589057445526123,8.476758921460714e-06,0.2195330709218979
4081,63.95652173913044,23,20,0.8695652173913043,-0.29547837376594543,46.91990280151367,8.767954568611458e-06,2.112043857574463
4082,40.95652173913043,46,40,0.8695652173913043,0.12431838363409042,27.275808334350586,8.77951333677629e-06,0.5199064016342163
4083,40.95652173913043,46,40,0.8695652173913043,-0.7888071537017822,28.08536720275879,8.944681212597061e-06,1.642844557762146
4084,-3.359477124183013,102,101,0.9864052287581699,0.24423691630363464,9.116914749145508,8.745701052248478e-06,0.11330654472112656
4085,-4.254901960784324,102,100,0.9774509803921568,0.005466625560075045,8.189041137695312,8.089789844234474e-06,0.03488149866461754
4086,63.95652173913044,23,20,0.8695652173913043,-0.14913137257099152,37.21761703491211,7.79969741415698e-06,0.05521160364151001
4087,59.333333333333336,24,20,0.8333333333333334,-0.60321444272995,40.35654067993164,8.05449417384807e-06,2.007005453109741
4088,-2.8151815181518285,101,100,0.9818481848184818,0.217271625995636,8.828971862792969,8.050377800827846e-06,0.2886066734790802
4089,-102.70149253731344,201,198,0.9829850746268657,-0.1491578072309494,5.501774311065674,8.037399311433546e-06,0.25475063920021057
4090,-7.631578947368421,95,83,0.8736842105263158,-0.10632896423339844,15.11106014251709,7.975530024850741e-06,0.09209980815649033
4091,63.95652173913044,23,20,0.8695652173913043,1.0049068927764893,47.30198669433594,7.442249625455588e-06,2.7186243534088135
4092,-7.051282051282064,104,101,0.9694871794871794,0.1438359171152115,8.770044326782227,7.451354576915037e-06,0.4708476960659027
4093,-9.541666666666666,96,83,0.8645833333333334,-0.19133490324020386,11.685572624206543,7.128642209863756e-06,0.23565900325775146
4094,-9.541666666666663,96,83,0.8645833333333334,-0.4327026307582855,14.281743049621582,7.106685643520905e-06,0.7860868573188782
4095,-7.6315789473684195,95,83,0.8736842105263158,-0.08824483305215836,12.501310348510742,7.0225146373559255e-06,0.1105751320719719
4096,63.95652173913043,23,20,0.8695652173913043,0.373672753572464,38.837501525878906,7.333936537179397e-06,2.2447290420532227
4097,-7.6315789473684115,95,83,0.8736842105263158,-0.03449730575084686,13.186297416687012,7.334313977480633e-06,0.2947714626789093
4098,-11.432989690721659,97,83,0.8556701030927835,0.08145466446876526,13.931279182434082,7.2945877036545426e-06,0.5122316479682922
4099,49.36879432624113,47,46,0.9636879432624114,-0.014639743603765965,18.68161392211914,7.259312042151578e-06,0.41215944290161133
4100,-7.631578947368414,95,83,0.8736842105263158,-0.03758857026696205,14.619890213012695,7.238138550746953e-06,0.0182783305644989
4101,49.36879432624113,47,46,0.9636879432624114,0.11276356875896454,19.806764602661133,7.239233127620537e-06,0.24266070127487183
4102,46.73333333333333,50,49,0.9673333333333334,0.24817092716693878,16.23531150817871,7.241609182528919e-06,0.21902914345264435
4103,40.95652173913043,46,40,0.8695652173913043,0.16481836140155792,29.938840866088867,7.136049134714995e-06,0.7454884648323059
4104,-5.702127659574469,94,83,0.8829787234042553,0.07414592802524567,14.814647674560547,7.0704822974221315e-06,0.32144224643707275
4105,63.95652173913044,23,20,0.8695652173913043,0.38464951515197754,54.42011642456055,7.13365625415463e-06,1.3074830770492554
4106,59.33333333333333,24,20,0.8333333333333334,-2.079218864440918,47.70902633666992,9.419834896107204e-06,6.110744953155518
4107,-5.702127659574472,94,83,0.8829787234042553,0.19947123527526855,14.446497917175293,9.480580047238618e-06,1.3520194292068481
4108,46.46153846153846,52,52,0.9846153846153847,0.03854519873857498,19.83864402770996,9.481066626904067e-06,0.1502738893032074
4109,49.36879432624113,47,46,0.9636879432624114,0.07187218219041824,17.780664443969727,9.482835594099015e-06,0.3577055335044861
4110,63.95652173913043,23,20,0.8695652173913043,0.006630722898989916,40.748531341552734,9.488168871030211e-06,0.25852343440055847
4111,-5.702127659574472,94,83,0.8829787234042553,0.04739503934979439,16.00823974609375,9.412287909071892e-06,1.0498589277267456
4112,59.33333333333334,24,20,0.8333333333333334,-0.13178081810474396,49.301475524902344,9.41257349040825e-06,0.16465143859386444
4113,43.893081761006286,53,52,0.9689308176100629,-0.044519346207380295,17.411466598510742,9.403543117514346e-06,0.021122710779309273
4114,-6.480769230769237,104,102,0.9751923076923077,-0.05424421653151512,7.593906402587891,9.403136573382653e-06,0.2333345264196396
4115,-4.2549019607843235,102,100,0.9774509803921568,-0.2313736081123352,7.909029483795166,9.339715688838623e-06,0.7943211793899536
4116,-9.541666666666671,96,83,0.8645833333333334,-0.1401451975107193,16.974607467651367,9.346897059003823e-06,0.5621883273124695
4117,-99.21885521885523,198,196,0.9878114478114478,0.02752780355513096,4.335719108581543,8.826576049614232e-06,0.3189409673213959
4118,-7.6315789473684195,95,83,0.8736842105263158,-0.0802621990442276,12.593400955200195,8.835992048261687e-06,0.44851359724998474
4119,-7.631578947368416,95,83,0.8736842105263158,-0.4448201656341553,13.712398529052734,8.879995220922865e-06,0.8125040531158447
4120,-7.631578947368418,95,83,0.8736842105263158,-0.6281604170799255,14.343453407287598,8.975728633231483e-06,1.3624119758605957
4121,-9.54166666666666,96,83,0.8645833333333334,-0.49711981415748596,13.252135276794434,8.889274795365054e-06,0.8581957221031189
4122,63.95652173913043,23,20,0.8695652173913043,-0.44901496171951294,39.118831634521484,8.914934369386174e-06,0.6418815851211548
4123,-7.631578947368418,95,83,0.8736842105263158,-0.28816908597946167,13.06500244140625,8.896968211047351e-06,0.516860842704773
4124,40.95652173913044,46,40,0.8695652173913043,0.12709563970565796,29.68118667602539,8.895876817405224e-06,0.2842371463775635
4125,63.95652173913043,23,20,0.8695652173913043,0.45642533898353577,41.41547775268555,8.882242582330946e-06,0.3385368883609772
4126,40.956521739130416,46,40,0.8695652173913043,0.15680095553398132,28.502853393554688,8.887074727681465e-06,0.5155254006385803
4127,43.88888888888889,45,40,0.8888888888888888,0.26145610213279724,30.49835205078125,8.735917617741507e-06,0.5785938501358032
4128,-105.54575163398694,204,201,0.9845424836601308,0.022957630455493927,4.58512020111084,8.728612556296866e-06,0.23867717385292053
4129,47.26666666666666,50,49,0.9726666666666667,-0.05999132618308067,16.584514617919922,8.771668035478797e-06,1.023826241493225
4130,-7.63157894736842,95,83,0.8736842105263158,-0.22546859085559845,11.982216835021973,8.666135727253277e-06,0.11820349842309952
4131,-7.0512820512820635,104,101,0.9694871794871794,0.1361333429813385,9.397282600402832,8.708744644536637e-06,0.7847690582275391
4132,-2.953795379537966,101,100,0.9804620462046204,-0.27626675367355347,11.1841459274292,8.689268724992871e-06,0.3919733762741089
4133,-110.85964912280703,209,206,0.9814035087719298,-0.004629905801266432,4.481298446655273,8.68823735800106e-06,0.21826942265033722
4134,-7.631578947368414,95,83,0.8736842105263158,-0.21659712493419647,15.128308296203613,8.690138201927766e-06,0.2485414743423462
4135,46.626666666666665,50,49,0.9662666666666667,-0.361734539270401,18.109477996826172,8.761461685935501e-06,1.1341997385025024
4136,47.26666666666666,50,49,0.9726666666666667,0.28210577368736267,24.780550003051758,8.736004929232877e-06,0.6112027168273926
4137,-7.107936507936503,105,104,0.978920634920635,-0.5571825504302979,10.49612808227539,8.775808964855969e-06,0.9827342629432678
4138,40.95652173913044,46,40,0.8695652173913043,-0.6495792865753174,28.401533126831055,9.003083505376708e-06,2.025341749191284
4139,-9.54166666666667,96,83,0.8645833333333334,-0.631860077381134,13.407766342163086,7.742494744888972e-06,0.6404829621315002
4140,63.95652173913043,23,20,0.8695652173913043,0.855853796005249,36.63823318481445,7.986486707523e-06,1.9466484785079956
4141,-99.21885521885523,198,196,0.9878114478114478,-0.27124568819999695,4.456427097320557,7.938272574392613e-06,0.2156040519475937
4142,-1.4466666666666712,100,99,0.9855333333333334,-0.3621372580528259,8.972420692443848,7.799085324222688e-06,0.7571741938591003
4143,-9.54166666666666,96,83,0.8645833333333334,-0.33830133080482483,20.62472915649414,7.817729056114331e-06,0.4737125635147095
4144,-107.9243156199678,207,206,0.990756843800322,-0.4341028034687042,4.130979061126709,7.783539331285283e-06,0.22250977158546448
4145,-5.961538461538465,104,103,0.9803846153846154,-0.12993097305297852,7.470776081085205,7.786894457240123e-06,0.541657030582428
4146,-9.541666666666663,96,83,0.8645833333333334,-0.4541740119457245,11.504057884216309,7.736623956589028e-06,0.4103921353816986
4147,-7.631578947368412,95,83,0.8736842105263158,0.09138016402721405,16.241634368896484,7.819058737368323e-06,1.1303578615188599
4148,40.95652173913044,46,40,0.8695652173913043,0.2224387228488922,27.934101104736328,7.735159670119174e-06,1.2065134048461914
4149,-6.480769230769235,104,102,0.9751923076923077,-0.1655278503894806,8.298578262329102,7.723773705947679e-06,0.40490642189979553
4150,46.626666666666665,50,49,0.9662666666666667,-0.3149840831756592,17.693889617919922,7.718128472333774e-06,0.06556928157806396
4151,48.10204081632652,49,48,0.9710204081632653,0.1815030872821808,15.293212890625,7.713600098213647e-06,0.14642515778541565
4152,46.75163398692809,51,51,0.977516339869281,0.22922879457473755,15.10721492767334,7.721137080807239e-06,0.3403536081314087
4153,40.95652173913042,46,40,0.8695652173913043,0.4079981744289398,29.648386001586914,7.733677193755284e-06,0.3542810380458832
4154,63.95652173913044,23,20,0.8695652173913043,-1.7857458591461182,37.82236099243164,9.701225280878134e-06,5.791832447052002
4155,40.95652173913044,46,40,0.8695652173913043,-0.1516982465982437,30.060943603515625,9.703259820526e-06,0.058146849274635315
4156,40.95652173913043,46,40,0.8695652173913043,0.48184871673583984,28.853796005249023,9.983151358028408e-06,2.164835214614868
4157,47.13333333333333,50,49,0.9713333333333334,0.06019032746553421,20.179349899291992,1.0029709301306866e-05,0.7548040151596069
4158,38.1063829787234,47,40,0.851063829787234,-0.06716804951429367,29.80537986755371,9.873691851680633e-06,0.16024741530418396
4159,-4.915857605178003,103,102,0.98084142394822,0.222747340798378,8.894174575805664,9.62284866545815e-06,0.36311614513397217
4160,43.893081761006286,53,52,0.9689308176100629,-0.22261233627796173,18.32691764831543,9.617770956538152e-06,0.43539541959762573
4161,63.95652173913043,23,20,0.8695652173913043,0.42368876934051514,30.77424430847168,9.605343620933127e-06,0.4892261028289795
4162,-106.9479674796748,205,202,0.980520325203252,0.05690005049109459,5.51421594619751,9.577871423971374e-06,0.12898263335227966
4163,-108.45893719806764,207,204,0.9854106280193237,-0.002154251094907522,5.296568393707275,9.579499419487547e-06,0.044159941375255585
4164,63.95652173913042,23,20,0.8695652173913043,0.8855742812156677,40.24006652832031,1.0036193089035805e-05,2.629634380340576
4165,-1.4466666666666685,100,99,0.9855333333333334,0.03404465690255165,11.570918083190918,1.0019319233833812e-05,0.4530366063117981
4166,-7.051282051282062,104,101,0.9694871794871794,-0.2040088027715683,10.160245895385742,1.0067707989946939e-05,0.9856424927711487
4167,38.10638297872341,47,40,0.851063829787234,0.5719931721687317,27.794620513916016,9.52189202507725e-06,1.5158442258834839
4168,63.95652173913043,23,20,0.8695652173913043,-0.23132672905921936,42.62198257446289,9.34788567974465e-06,1.1397124528884888
4169,-7.631578947368414,95,83,0.8736842105263158,-0.04893648251891136,14.161589622497559,9.277351637138054e-06,0.25481492280960083
4170,-4.254901960784325,102,100,0.9774509803921568,0.15910200774669647,9.48631477355957,9.266975212085526e-06,0.04931968078017235
4171,49.027210884353735,49,49,0.9802721088435374,0.02955453470349312,15.137252807617188,9.25690164876869e-06,0.3790488541126251
4172,-11.432989690721664,97,83,0.8556701030927835,-0.053204912692308426,14.284053802490234,9.281563507101964e-06,0.59098219871521
4173,63.95652173913043,23,20,0.8695652173913043,0.025343753397464752,38.85912322998047,9.029658031067811e-06,0.36190181970596313
4174,-8.937694704049848,107,106,0.9806230529595016,-0.04456629231572151,8.783586502075195,9.038605639943853e-06,0.3359457850456238
4175,-4.9158576051780045,103,102,0.98084142394822,0.0068870470859110355,8.088038444519043,8.992828952614218e-06,0.13182564079761505
4176,47.299319727891145,49,48,0.9629931972789115,0.15901751816272736,16.425525665283203,8.992595212475862e-06,0.017203550785779953
4177,47.26666666666666,50,49,0.9726666666666667,0.11437375843524933,16.870502471923828,8.943416105466895e-06,0.4042181670665741
4178,-100.66834170854271,199,196,0.9833165829145729,-0.31366828083992004,4.41486930847168,8.951090421760455e-06,0.5936089158058167
4179,63.95652173913044,23,20,0.8695652173913043,0.19747354090213776,42.04033279418945,8.886678187991492e-06,0.36993011832237244
4180,-107.9243156199678,207,206,0.990756843800322,-0.40457725524902344,4.519350051879883,8.885908755473793e-06,0.3189685642719269
4181,46.73333333333333,50,49,0.9673333333333334,0.08688933402299881,16.36152458190918,8.638124199933372e-06,0.42286404967308044
4182,-5.718446601941757,103,101,0.9728155339805825,-0.06832091510295868,7.811824321746826,8.620862899988424e-06,0.23230619728565216
4183,-107.9243156199678,207,206,0.990756843800322,-0.2896897494792938,4.190034866333008,8.462226105621085e-06,0.04793250933289528
4184,48.10204081632652,49,48,0.9710204081632653,0.3812134563922882,16.721437454223633,8.472922672808636e-06,0.41146722435951233
4185,-4.592233009708751,103,102,0.9840776699029126,0.06018122285604477,7.873819351196289,8.507816346536856e-06,0.7868205904960632
4186,49.02721088435375,49,49,0.9802721088435374,0.009202973917126656,15.0032958984375,8.519095899828244e-06,0.46576055884361267
4187,47.62585034013605,49,48,0.9662585034013605,-0.19583280384540558,13.626763343811035,8.282147973659448e-06,0.23955371975898743
4188,-106.9479674796748,205,202,0.980520325203252,-0.09088412672281265,4.432370662689209,8.288403478218243e-06,0.4062168002128601
4189,40.95652173913044,46,40,0.8695652173913043,0.937749445438385,26.774755477905273,9.278296602133196e-06,4.027714252471924
4190,-100.66834170854271,199,196,0.9833165829145729,-0.28052380681037903,4.045925140380859,9.292015420214739e-06,0.4466646909713745
4191,47.26666666666666,50,49,0.9726666666666667,0.27608734369277954,14.759832382202148,8.864693882060237e-06,0.6224404573440552
4192,-5.702127659574467,94,83,0.8829787234042553,-0.5090001225471497,12.653787612915039,8.869046723702922e-06,0.5394749045372009
4193,-7.051282051282063,104,101,0.9694871794871794,-0.13231439888477325,7.604971408843994,8.875274943420663e-06,0.3937707245349884
4194,40.95652173913043,46,40,0.8695652173913043,0.3975391983985901,25.557971954345703,8.908046766009647e-06,1.0918785333633423
4195,63.95652173913043,23,20,0.8695652173913043,0.5722160935401917,40.07430648803711,9.091771971725393e-06,1.7576711177825928
4196,63.95652173913043,23,20,0.8695652173913043,0.004253562539815903,53.899070739746094,8.788700142758898e-06,0.07568531483411789
4197,-6.480769230769237,104,102,0.9751923076923077,-0.08777900040149689,7.44343376159668,8.791451364231762e-06,0.36578240990638733
4198,63.95652173913043,23,20,0.8695652173913043,0.6577995419502258,51.662811279296875,8.913977580959909e-06,1.5144201517105103
4199,43.888888888888886,45,40,0.8888888888888888,-0.1430114209651947,28.7065486907959,8.947324204200413e-06,0.8312097787857056
4200,40.95652173913043,46,40,0.8695652173913043,0.7524543404579163,29.28687286376953,9.363913704873994e-06,2.6354148387908936
4201,46.46153846153846,52,52,0.9846153846153847,-0.0526849702000618,17.640127182006836,9.37837830861099e-06,0.6198021769523621
4202,63.95652173913043,23,20,0.8695652173913043,0.2592490613460541,45.386802673339844,9.483167559665162e-06,1.3760697841644287
4203,40.95652173913044,46,40,0.8695652173913043,-0.21229270100593567,29.940773010253906,9.48543402046198e-06,0.6491029262542725
4204,40.95652173913044,46,40,0.8695652173913043,0.07564957439899445,30.091527938842773,9.481084816798102e-06,0.08977299183607101
4205,40.95652173913043,46,40,0.8695652173913043,-0.24047771096229553,28.60610580444336,9.426382348465268e-06,0.8038955330848694
4206,-7.631578947368417,95,83,0.8736842105263158,0.4194255471229553,14.874468803405762,7.167432158894371e-06,1.2982048988342285
4207,40.95652173913042,46,40,0.8695652173913043,0.4088621437549591,33.001224517822266,7.094677584973397e-06,0.7199112176895142
4208,40.95652173913042,46,40,0.8695652173913043,-0.11788614839315414,29.041460037231445,7.2416419243381824e-06,1.4548712968826294
4209,-4.254901960784325,102,100,0.9774509803921568,0.15430864691734314,10.750685691833496,7.250880116771441e-06,0.3982139527797699
4210,-104.76026272577998,203,200,0.9823973727422003,-0.0050430987030267715,6.359710216522217,7.244325843203114e-06,0.0011292792623862624
4211,-6.480769230769235,104,102,0.9751923076923077,-0.09786003828048706,9.498879432678223,7.189304596977308e-06,0.18144994974136353
4212,-104.9376026272578,203,200,0.980623973727422,-0.0521988719701767,4.680286407470703,7.196508249762701e-06,0.29357627034187317
4213,63.95652173913044,23,20,0.8695652173913043,-0.4611368477344513,41.43052291870117,7.284269486262929e-06,1.1389315128326416
4214,63.95652173913042,23,20,0.8695652173913043,-0.6157085299491882,39.41022491455078,7.444777111231815e-06,1.5854206085205078
4215,-105.44117647058825,204,202,0.9855882352941177,-0.030726175755262375,5.361783027648926,7.403607469314011e-06,0.10245030373334885
4216,49.027210884353735,49,49,0.9802721088435374,0.44879278540611267,14.962278366088867,7.530242328357417e-06,1.5677567720413208
4217,-4.915857605178004,103,102,0.98084142394822,-0.05123896896839142,7.411523342132568,7.525861292378977e-06,0.10064085572957993
4218,-9.541666666666673,96,83,0.8645833333333334,-0.20135971903800964,15.48956298828125,7.521191491832724e-06,0.33990082144737244
4219,46.46153846153846,52,52,0.9846153846153847,0.14383287727832794,27.431310653686523,7.475561233150074e-06,0.011868407018482685
4220,-4.592233009708753,103,102,0.9840776699029126,0.44408658146858215,9.583765029907227,7.358242328336928e-06,0.4146617352962494
4221,-7.107936507936511,105,104,0.978920634920635,-0.5736352801322937,9.92931079864502,7.363944405369693e-06,0.9067537784576416
4222,-9.541666666666663,96,83,0.8645833333333334,-0.407736212015152,15.993295669555664,7.3598225753812585e-06,0.5932657122612
4223,40.95652173913044,46,40,0.8695652173913043,-0.003991047851741314,35.856964111328125,7.34453624318121e-06,0.24222515523433685
4224,63.95652173913043,23,20,0.8695652173913043,0.8495380878448486,50.36890411376953,7.59903059588396e-06,2.125060558319092
4225,63.95652173913044,23,20,0.8695652173913043,-0.0335342101752758,37.86216354370117,7.6022524808649905e-06,0.24951757490634918
4226,-9.54166666666666,96,83,0.8645833333333334,-0.5557739734649658,11.030791282653809,7.590833774884231e-06,0.05010988190770149
4227,40.95652173913043,46,40,0.8695652173913043,-0.6471620202064514,28.6151123046875,7.635045221832115e-06,0.9932653307914734
4228,63.95652173913044,23,20,0.8695652173913043,-0.3567808270454407,30.34061050415039,7.828463822079357e-06,1.7125662565231323
4229,63.95652173913043,23,20,0.8695652173913043,0.11208037286996841,37.22721862792969,7.760589141980745e-06,0.21549007296562195
4230,63.95652173913043,23,20,0.8695652173913043,-1.572908639907837,46.66729736328125,9.228153430740349e-06,4.840941905975342
4231,-6.480769230769237,104,102,0.9751923076923077,-0.06694299727678299,7.79998779296875,9.199004125548527e-06,0.35879719257354736
4232,46.75163398692809,51,51,0.977516339869281,0.15808551013469696,20.06852912902832,9.208994924847502e-06,0.5579609274864197
4233,-102.70149253731344,201,198,0.9829850746268657,0.06620854139328003,4.979258060455322,9.210419193550479e-06,0.2938792407512665
4234,63.95652173913044,23,20,0.8695652173913043,0.11861424148082733,69.42699432373047,9.212754775944632e-06,0.3531235456466675
4235,-8.93769470404985,107,106,0.9806230529595016,0.005194059573113918,11.439615249633789,9.12932136998279e-06,0.016704726964235306
4236,-11.432989690721659,97,83,0.8556701030927835,0.34152644872665405,16.323143005371094,9.233434866473544e-06,1.5024365186691284
4237,46.564102564102555,52,52,0.9856410256410256,-0.46525824069976807,17.736862182617188,9.226806469087023e-06,0.9296284914016724
4238,-4.254901960784325,102,100,0.9774509803921568,0.1346801072359085,8.747819900512695,8.965782399172895e-06,0.4584667384624481
4239,43.888888888888886,45,40,0.8888888888888888,0.46653035283088684,29.31324005126953,9.001018952403683e-06,1.142673134803772
4240,-4.254901960784322,102,100,0.9774509803921568,-0.3384898006916046,10.233670234680176,8.855658052198123e-06,0.9666609168052673
4241,-9.043613707165111,107,105,0.979563862928349,-0.5253975987434387,10.686439514160156,8.89377679413883e-06,0.7682950496673584
4242,63.95652173913044,23,20,0.8695652173913043,-1.3234316110610962,38.00102233886719,9.348802450404037e-06,2.78145170211792
4243,-9.541666666666664,96,83,0.8645833333333334,-0.6416901350021362,18.874746322631836,9.398093425261322e-06,0.957502543926239
4244,46.75163398692809,51,51,0.977516339869281,-0.3311602473258972,15.55155086517334,9.49830518948147e-06,1.273996114730835
4245,63.95652173913043,23,20,0.8695652173913043,-0.031302690505981445,51.85081100463867,9.578712706570514e-06,1.255035161972046
4246,-4.915857605178001,103,102,0.98084142394822,-0.23122763633728027,8.035057067871094,9.590060471964534e-06,0.590200662612915
4247,40.95652173913043,46,40,0.8695652173913043,-0.4847312569618225,29.13092041015625,9.562583727529272e-06,0.910245418548584
4248,-3.4224422442244276,101,99,0.9757755775577558,-0.20460718870162964,8.079808235168457,9.477469575358555e-06,0.35803529620170593
4249,-104.76026272577998,203,200,0.9823973727422003,-0.5098491311073303,4.468693733215332,9.494473488302901e-06,0.6738934516906738
4250,-9.54166666666666,96,83,0.8645833333333334,-0.3767676055431366,15.271807670593262,9.494729965808801e-06,0.04785042256116867
4251,-7.631578947368412,95,83,0.8736842105263158,-0.6473393440246582,16.169443130493164,9.555043106956873e-06,1.038002848625183
4252,43.893081761006286,53,52,0.9689308176100629,-0.048241037875413895,20.446977615356445,9.546306500851642e-06,0.01430994551628828
4253,63.95652173913043,23,20,0.8695652173913043,0.19099032878875732,44.22606658935547,9.552119081490673e-06,0.5509865283966064
4254,-3.359477124183013,102,101,0.9864052287581699,-0.12056568264961243,10.329834938049316,7.6178735071152914e-06,1.377719521522522
4255,40.95652173913042,46,40,0.8695652173913043,-0.17500562965869904,29.65694236755371,7.623836154380115e-06,0.3267090320587158
4256,63.95652173913043,23,20,0.8695652173913043,-0.438388854265213,38.43114471435547,7.437751264660619e-06,1.365631103515625
4257,40.95652173913044,46,40,0.8695652173913043,0.13644081354141235,26.161354064941406,7.4532595135679e-06,0.8991358876228333
4258,-5.702127659574467,94,83,0.8829787234042553,0.045499518513679504,16.009748458862305,7.504643690481316e-06,0.8943849802017212
4259,-105.46732026143792,204,202,0.9853267973856209,0.009333496913313866,4.123003005981445,7.498746526835021e-06,0.21716545522212982
4260,49.027210884353735,49,49,0.9802721088435374,-0.015039071440696716,16.658912658691406,7.489616109523922e-06,0.07077008485794067
4261,-9.541666666666668,96,83,0.8645833333333334,-0.23605234920978546,16.030231475830078,7.480846761609428e-06,0.3286295235157013
4262,-7.051282051282062,104,101,0.9694871794871794,0.20040379464626312,8.083452224731445,7.504031145799672e-06,0.6017149090766907
4263,63.95652173913044,23,20,0.8695652173913043,0.24314716458320618,42.89445114135742,7.537609235441778e-06,0.7147164940834045
4264,-9.541666666666664,96,83,0.8645833333333334,-0.04876426234841347,14.528197288513184,7.100108177837683e-06,0.04901806637644768
4265,-9.541666666666657,96,83,0.8645833333333334,0.038073308765888214,14.84341812133789,7.104989890649449e-06,0.4509451687335968
4266,40.95652173913044,46,40,0.8695652173913043,0.240308940410614,31.13956069946289,7.086457571858773e-06,0.7488927245140076
4267,40.95652173913044,46,40,0.8695652173913043,0.3244471549987793,29.37796974182129,7.0172395680856425e-06,1.093421459197998
4268,59.333333333333336,24,20,0.8333333333333334,1.17299485206604,50.09336853027344,7.178590294643072e-06,1.9696305990219116
4269,49.36879432624113,47,46,0.9636879432624114,0.06241210550069809,17.115861892700195,7.174339771154337e-06,0.10393795371055603
4270,-103.45214521452145,202,200,0.9854785478547855,0.08650636672973633,6.803633213043213,7.175230621214723e-06,0.16417749226093292
4271,46.564102564102555,52,52,0.9856410256410256,-0.23218731582164764,14.846423149108887,7.168787760747364e-06,0.17119430005550385
4272,-2.9537953795379663,101,100,0.9804620462046204,-0.0683090090751648,9.756855010986328,7.146464213292347e-06,0.1632494032382965
4273,63.95652173913043,23,20,0.8695652173913043,0.48738208413124084,49.957313537597656,7.396004093607189e-06,2.02346134185791
4274,40.95652173913044,46,40,0.8695652173913043,0.031175391748547554,28.205591201782227,7.395108241325943e-06,0.333408921957016
4275,63.95652173913042,23,20,0.8695652173913043,0.08478349447250366,38.68406677246094,7.409663794533117e-06,0.49552106857299805
4276,-102.70149253731344,201,198,0.9829850746268657,-0.3003612160682678,3.693591594696045,7.4145791586488485e-06,0.29319635033607483
4277,-9.54166666666666,96,83,0.8645833333333334,-0.746415376663208,11.845192909240723,7.47900139685953e-06,1.1095060110092163
4278,40.95652173913044,46,40,0.8695652173913043,0.05024377629160881,27.98986053466797,7.540035312558757e-06,1.143112063407898
4279,-105.44117647058825,204,202,0.9855882352941177,-0.09121209383010864,3.944936752319336,7.531703431595815e-06,0.07162809371948242
4280,-2.8151815181518285,101,100,0.9818481848184818,0.232391357421875,7.485482215881348,7.526322406192776e-06,0.10475513339042664
4281,40.95652173913043,46,40,0.8695652173913043,-0.4209110140800476,30.294015884399414,7.5170150921621826e-06,0.17130805552005768
4282,-9.54166666666666,96,83,0.8645833333333334,-0.32346975803375244,14.422137260437012,7.519211976614315e-06,0.3004682958126068
4283,-104.76026272577998,203,200,0.9823973727422003,-0.13329386711120605,5.070313930511475,7.519402061006986e-06,0.07546557486057281
4284,47.26666666666666,50,49,0.9726666666666667,0.2218552678823471,19.907588958740234,7.508938779210439e-06,0.08556578308343887
4285,49.36879432624113,47,46,0.9636879432624114,0.05951886624097824,15.288060188293457,7.475069196516415e-06,0.2420373409986496
4286,63.95652173913044,23,20,0.8695652173913043,-0.029679205268621445,31.97075080871582,7.5038738032162655e-06,0.8281407952308655
4287,49.36879432624113,47,46,0.9636879432624114,0.08938602358102798,20.489042282104492,7.500310402974719e-06,0.025998186320066452
4288,-7.6315789473684195,95,83,0.8736842105263158,-0.23769941926002502,16.944726943969727,7.500662832171656e-06,0.43189799785614014
4289,-9.541666666666664,96,83,0.8645833333333334,-0.517794132232666,16.031490325927734,6.570872301381314e-06,1.246300220489502
4290,63.95652173913043,23,20,0.8695652173913043,0.9814804196357727,39.739105224609375,6.729386768711265e-06,1.5946952104568481
4291,40.95652173913044,46,40,0.8695652173913043,0.058557577431201935,29.140167236328125,6.701638540107524e-06,0.08239254355430603
4292,46.46153846153846,52,52,0.9846153846153847,0.03412313759326935,19.63846778869629,6.687895620416384e-06,0.07907505333423615
4293,-108.45893719806764,207,204,0.9854106280193237,-0.2529248893260956,4.590476036071777,6.681110335193807e-06,0.3458949625492096
4294,48.68707482993197,49,48,0.9768707482993197,0.4676823318004608,19.7730655670166,6.661796760454308e-06,0.9459165930747986
4295,-5.702127659574474,94,83,0.8829787234042553,-0.8011664152145386,13.231474876403809,6.644551831413992e-06,1.826745867729187
4296,-6.480769230769239,104,102,0.9751923076923077,-0.21592245995998383,7.424894332885742,6.643633696512552e-06,0.20932386815547943
4297,-9.541666666666659,96,83,0.8645833333333334,-0.226654052734375,15.02054214477539,6.633595148741733e-06,0.1277913898229599
4298,-7.6315789473684195,95,83,0.8736842105263158,-0.23208141326904297,11.811564445495605,6.472790119005367e-06,0.22353112697601318
4299,-8.93769470404985,107,106,0.9806230529595016,-0.058184027671813965,8.114348411560059,6.449924967455445e-06,0.2801912724971771
4300,-6.480769230769235,104,102,0.9751923076923077,-0.12041602283716202,7.4224653244018555,5.983256869512843e-06,0.1106259897351265
4301,59.333333333333336,24,20,0.8333333333333334,0.2160048633813858,51.35408020019531,6.116212716733571e-06,1.5214999914169312
4302,-102.70149253731344,201,198,0.9829850746268657,-0.16583846509456635,4.654832363128662,5.976711690891534e-06,0.16860496997833252
4303,59.333333333333336,24,20,0.8333333333333334,-0.8508635759353638,50.635005950927734,6.152144578663865e-06,1.9047952890396118
4304,-110.85964912280703,209,206,0.9814035087719298,0.1381440907716751,6.538893222808838,6.149148248368874e-06,0.0555916465818882
4305,38.1063829787234,47,40,0.851063829787234,0.06785423308610916,30.876623153686523,6.122626473370474e-06,0.1600363552570343
4306,47.13333333333333,50,49,0.9713333333333334,-0.45151999592781067,22.178438186645508,6.075090368540259e-06,1.3184382915496826
4307,49.36879432624113,47,46,0.9636879432624114,0.15249449014663696,15.1412992477417,6.049012426956324e-06,0.4381297826766968
4308,47.13333333333333,50,49,0.9713333333333334,-0.6729521751403809,21.67588233947754,6.1420296333380975e-06,1.9494587182998657
4309,40.95652173913043,46,40,0.8695652173913043,0.9251386523246765,27.478836059570312,6.84927999827778e-06,3.2361998558044434
4310,47.299319727891145,49,48,0.9629931972789115,0.09549076110124588,16.50876235961914,6.848548309790203e-06,0.23655195534229279
4311,43.893081761006286,53,52,0.9689308176100629,-0.18322719633579254,17.04095458984375,6.871824098197976e-06,0.762905478477478
4312,-4.915857605178003,103,102,0.98084142394822,0.15010309219360352,9.043777465820312,6.943775133549934e-06,0.9469213485717773
4313,63.95652173913044,23,20,0.8695652173913043,-0.00015217464533634484,29.71844482421875,6.881924491608515e-06,0.03522943705320358
4314,43.893081761006286,53,52,0.9689308176100629,-0.021232586354017258,15.37432861328125,6.751015916961478e-06,0.268976092338562
4315,63.95652173913043,23,20,0.8695652173913043,-0.2249106913805008,38.21363830566406,6.76041508995695e-06,0.5064408779144287
4316,-4.254901960784316,102,100,0.9774509803921568,0.12465100735425949,8.167535781860352,6.596443654416362e-06,0.323693186044693
4317,-105.54575163398692,204,201,0.9845424836601308,-0.25162261724472046,4.120193004608154,6.596139428438619e-06,0.35454046726226807
4318,-7.631578947368414,95,83,0.8736842105263158,-0.4430384635925293,15.972360610961914,6.585391474800417e-06,0.3708971440792084
4319,46.46153846153846,52,52,0.9846153846153847,0.13821691274642944,22.446693420410156,6.601845143450191e-06,0.3987480401992798
4320,46.564102564102555,52,52,0.9856410256410256,-0.2730681598186493,14.78625774383545,6.583995855180547e-06,0.2808739244937897
4321,40.95652173913042,46,40,0.8695652173913043,-0.41069868206977844,28.139684677124023,6.5695935518306214e-06,0.7339435815811157
4322,63.95652173913043,23,20,0.8695652173913043,0.7639248967170715,34.84780502319336,6.787900474591879e-06,1.807131052017212
4323,-5.702127659574478,94,83,0.8829787234042553,-0.49554476141929626,12.32908821105957,6.8109779931546655e-06,0.7454166412353516
4324,-9.541666666666664,96,83,0.8645833333333334,-0.4377667307853699,15.858757972717285,6.499100436485605e-06,0.36732181906700134
4325,59.333333333333336,24,20,0.8333333333333334,0.3521612882614136,42.20158386230469,6.5286972130707e-06,0.5558754205703735
4326,-2.953795379537966,101,100,0.9804620462046204,-0.2590634524822235,9.732874870300293,6.526533070427831e-06,0.10054711252450943
4327,43.888888888888886,45,40,0.8888888888888888,0.2269035130739212,30.357633590698242,6.557664164574817e-06,0.983577311038971
4328,-2.953795379537966,101,100,0.9804620462046204,-0.15146631002426147,7.761102676391602,6.403159659384983e-06,0.1072893962264061
4329,-1.4466666666666703,100,99,0.9855333333333334,0.02483038790524006,9.837137222290039,6.4069854488479905e-06,0.37781840562820435
4330,43.88888888888888,45,40,0.8888888888888888,0.04466977342963219,32.526119232177734,5.02085003972752e-06,0.4433053135871887
4331,59.333333333333336,24,20,0.8333333333333334,0.5873511433601379,56.25764083862305,5.050420895713614e-06,0.7494080066680908
4332,63.95652173913043,23,20,0.8695652173913043,0.515840470790863,47.18059158325195,5.148857781023253e-06,1.3136922121047974
4333,-9.54166666666666,96,83,0.8645833333333334,-0.43167373538017273,13.791413307189941,5.1616757446026895e-06,0.6118204593658447
4334,-9.541666666666663,96,83,0.8645833333333334,-0.713297426700592,16.915693283081055,5.307638275553472e-06,1.651964783668518
4335,-5.702127659574469,94,83,0.8829787234042553,-0.12614847719669342,15.555882453918457,5.319919182511512e-06,0.38738003373146057
4336,63.95652173913044,23,20,0.8695652173913043,-0.10950065404176712,29.87193489074707,5.1870256356778555e-06,0.6535138487815857
4337,40.95652173913042,46,40,0.8695652173913043,0.12100445479154587,21.290449142456055,5.190035608393373e-06,0.8020620346069336
4338,-7.051282051282063,104,101,0.9694871794871794,-0.054208382964134216,9.52942180633545,5.183080702408915e-06,0.3378726541996002
4339,63.95652173913044,23,20,0.8695652173913043,0.021594859659671783,39.056480407714844,5.141233941685641e-06,0.9857129454612732
4340,-4.2549019607843235,102,100,0.9774509803921568,0.24071192741394043,10.521895408630371,5.094896096125012e-06,0.06335565447807312
4341,46.56410256410256,52,52,0.9856410256410256,0.06182435527443886,21.23587989807129,5.0884586926258635e-06,0.5385855436325073
4342,40.95652173913043,46,40,0.8695652173913043,-0.2020190954208374,37.59294891357422,4.6935224418120924e-06,1.058598279953003
4343,40.95652173913044,46,40,0.8695652173913043,0.6210410594940186,38.775962829589844,4.721780896943528e-06,1.0988621711730957
4344,40.95652173913043,46,40,0.8695652173913043,-0.575201690196991,38.43341827392578,5.0866360652435105e-06,2.7673826217651367
4345,-4.254901960784322,102,100,0.9774509803921568,0.3142037093639374,9.9130220413208,5.015857823309489e-06,0.5432174205780029
4346,-5.7021276595744705,94,83,0.8829787234042553,-0.21872781217098236,14.837390899658203,4.9962563934968784e-06,0.06296499073505402
4347,-9.043613707165104,107,105,0.979563862928349,-0.04835528880357742,8.55970573425293,4.956930297339568e-06,0.38653793931007385
4348,-9.043613707165113,107,105,0.979563862928349,-0.19884903728961945,10.222901344299316,4.949750746163772e-06,0.07428542524576187
4349,-3.359477124183013,102,101,0.9864052287581699,0.06244933605194092,10.912519454956055,4.924562745145522e-06,0.2070745974779129
4350,-7.631578947368415,95,83,0.8736842105263158,-0.4388701617717743,13.724252700805664,4.927391728415387e-06,0.22153440117835999
4351,63.95652173913043,23,20,0.8695652173913043,1.6484568119049072,37.73768615722656,5.645151759381406e-06,3.593614339828491
4352,-106.9479674796748,205,202,0.980520325203252,-0.2734246253967285,5.657973766326904,5.645395958708832e-06,0.026155052706599236
4353,-107.9243156199678,207,206,0.990756843800322,-0.2830100953578949,4.19348669052124,5.6234853218484204e-06,0.02264486625790596
4354,59.33333333333334,24,20,0.8333333333333334,-0.13779094815254211,53.07070541381836,5.497711754287593e-06,0.054960157722234726
4355,-9.54166666666666,96,83,0.8645833333333334,0.25417375564575195,17.12110710144043,5.5491541388619225e-06,1.0645639896392822
4356,-1.4466666666666694,100,99,0.9855333333333334,0.18116042017936707,12.679069519042969,5.4269403335638344e-06,0.2506927251815796
4357,43.89308176100629,53,52,0.9689308176100629,0.646854817867279,20.2122745513916,5.488304395839805e-06,1.3745406866073608
4358,-6.480769230769237,104,102,0.9751923076923077,0.13302388787269592,12.073099136352539,5.448506271932274e-06,0.013761063106358051
4359,-3.359477124183013,102,101,0.9864052287581699,0.24099300801753998,11.959163665771484,5.469833922688849e-06,0.5251044034957886
4360,-3.764705882352954,102,101,0.9823529411764705,0.12262222915887833,10.137792587280273,5.470220912684454e-06,0.004331761039793491
4361,40.95652173913044,46,40,0.8695652173913043,-0.5318633913993835,28.145309448242188,5.5672621783742215e-06,1.21495521068573
4362,-5.702127659574467,94,83,0.8829787234042553,-0.2280963808298111,12.293562889099121,5.548952231038129e-06,0.05298338830471039
4363,40.95652173913042,46,40,0.8695652173913043,-0.0948532223701477,29.02081298828125,5.551282356464071e-06,0.7427310943603516
4364,-9.541666666666666,96,83,0.8645833333333334,-0.4046262800693512,17.573150634765625,5.5543491725984495e-06,0.1701742559671402
4365,63.95652173913043,23,20,0.8695652173913043,-0.24506764113903046,35.05279541015625,5.621147010970162e-06,1.0735338926315308
4366,-1.4466666666666717,100,99,0.9855333333333334,0.10747375339269638,7.3053789138793945,5.613776465906994e-06,0.6593435406684875
4367,-106.9479674796748,205,202,0.980520325203252,-0.06529589742422104,4.383203983306885,5.544161012949189e-06,0.03102785535156727
4368,46.564102564102555,52,52,0.9856410256410256,-0.11991928517818451,15.565055847167969,5.327121471054852e-06,0.5528208613395691
4369,-5.718446601941757,103,101,0.9728155339805825,0.1042005643248558,9.857550621032715,5.3263102017808706e-06,0.0011027572909370065
4370,43.888888888888886,45,40,0.8888888888888888,-0.8953303694725037,34.042083740234375,5.845100531587377e-06,2.908022165298462
4371,-1.4466666666666703,100,99,0.9855333333333334,0.0391615629196167,10.677106857299805,5.85543375564157e-06,0.45448964834213257
4372,46.73333333333333,50,49,0.9673333333333334,0.02385699935257435,17.20722770690918,5.854552455275552e-06,0.10052073001861572
4373,-9.541666666666657,96,83,0.8645833333333334,-0.3380493223667145,15.875333786010742,5.623407560051419e-06,0.7173598408699036
4374,-2.9537953795379654,101,100,0.9804620462046204,-0.14336203038692474,7.599157333374023,5.622999651677674e-06,0.2374211549758911
4375,-9.541666666666663,96,83,0.8645833333333334,-0.516819417476654,15.161731719970703,5.640747531288071e-06,0.8081905245780945
4376,-4.592233009708751,103,102,0.9840776699029126,0.17653827369213104,7.588640213012695,5.637411049974617e-06,0.016925426200032234
4377,-102.70149253731344,201,198,0.9829850746268657,-0.3401259481906891,4.300732612609863,5.577186584559968e-06,0.438017874956131
4378,40.95652173913044,46,40,0.8695652173913043,-0.6969144344329834,26.799474716186523,5.612617769656936e-06,1.474128246307373
4379,-107.9243156199678,207,206,0.990756843800322,-0.25544121861457825,4.330424785614014,5.6179696912295185e-06,0.2275443822145462
4380,43.893081761006286,53,52,0.9689308176100629,0.04158351942896843,21.567363739013672,5.626699930871837e-06,0.34820428490638733
4381,-5.7021276595744705,94,83,0.8829787234042553,-0.2838577628135681,11.634305953979492,5.623319339065347e-06,0.09272358566522598
4382,40.95652173913043,46,40,0.8695652173913043,-1.0283187627792358,27.17782211303711,5.972182862024056e-06,2.466813802719116
4383,-104.76026272577998,203,200,0.9823973727422003,-0.09653205424547195,4.747518062591553,5.977592536510201e-06,0.21032197773456573
4384,-9.541666666666659,96,83,0.8645833333333334,0.27283889055252075,11.807493209838867,6.146489795355592e-06,1.5792832374572754
4385,-7.107936507936509,105,104,0.978920634920635,-0.3916168212890625,9.792705535888672,6.145484803710133e-06,0.3570053279399872
4386,-7.107936507936511,105,104,0.978920634920635,-0.29291531443595886,8.129712104797363,6.110232334322063e-06,0.11321716755628586
4387,40.95652173913044,46,40,0.8695652173913043,0.16734232008457184,29.9185848236084,6.185957772686379e-06,1.0502777099609375
4388,40.95652173913043,46,40,0.8695652173913043,-0.427203506231308,31.58650016784668,6.232859959709458e-06,1.0081977844238281
4389,63.95652173913044,23,20,0.8695652173913043,0.8725566267967224,58.32512283325195,6.667376510449685e-06,2.874140977859497
4390,-8.93769470404985,107,106,0.9806230529595016,0.03046485222876072,8.19950008392334,6.5279741647827905e-06,0.577989935874939
4391,-8.93769470404985,107,106,0.9806230529595016,-0.1863652467727661,8.450279235839844,6.528580797748873e-06,0.08128587901592255
4392,-99.21885521885523,198,196,0.9878114478114478,-0.03344016522169113,4.597215175628662,6.528720405185595e-06,0.15074960887432098
4393,47.13333333333333,50,49,0.9713333333333334,-0.3551711440086365,26.063034057617188,6.52754806651501e-06,0.3139902651309967
4394,-7.631578947368415,95,83,0.8736842105263158,0.12384290248155594,16.234384536743164,6.566061529156286e-06,1.2258985042572021
4395,-2.815181518151828,101,100,0.9818481848184818,0.0321914367377758,8.062220573425293,6.403125098586315e-06,0.8022591471672058
4396,43.88888888888888,45,40,0.8888888888888888,-0.08637961000204086,30.748937606811523,6.44901956547983e-06,0.9053187966346741
4397,40.95652173913043,46,40,0.8695652173913043,-0.09255356341600418,29.534278869628906,6.455659331550123e-06,0.39177143573760986
4398,-7.631578947368414,95,83,0.8736842105263158,-0.1348404437303543,15.26662826538086,6.453352852986427e-06,0.021298076957464218
4399,-108.53945249597425,207,204,0.9846054750402576,-0.1172008290886879,5.893795967102051,6.448332896979991e-06,0.1550661027431488
4400,-9.54166666666666,96,83,0.8645833333333334,0.07814279943704605,16.101119995117188,6.4664441197237466e-06,0.518068253993988
4401,-5.702127659574469,94,83,0.8829787234042553,0.10461901873350143,19.59465980529785,6.335848411254119e-06,0.5099242329597473
4402,-5.7021276595744705,94,83,0.8829787234042553,0.32476890087127686,15.72126293182373,6.444033715524711e-06,1.302681565284729
4403,-5.961538461538467,104,103,0.9803846153846154,-0.001020542229525745,11.831782341003418,6.239828053367091e-06,0.5208121538162231
4404,46.564102564102555,52,52,0.9856410256410256,-0.20733313262462616,12.571996688842773,6.239748472580686e-06,0.023035971447825432
4405,-8.93769470404985,107,106,0.9806230529595016,0.07567547261714935,9.08237361907959,6.244977157621179e-06,0.3245905637741089
4406,-107.9243156199678,207,206,0.990756843800322,-0.28349724411964417,4.638298511505127,6.147961812530411e-06,0.4083654582500458
4407,-5.961538461538465,104,103,0.9803846153846154,0.12696588039398193,8.62203598022461,6.1384207583614625e-06,0.1859787404537201
4408,63.95652173913044,23,20,0.8695652173913043,0.9512658715248108,47.43535232543945,6.850102636235533e-06,3.968074083328247
4409,-100.66834170854271,199,196,0.9833165829145729,-0.2502603828907013,4.478169918060303,6.2413932937488426e-06,0.5121346712112427
4410,63.95652173913043,23,20,0.8695652173913043,-0.7514878511428833,42.53296661376953,6.853415925434092e-06,3.150581121444702
4411,-9.541666666666663,96,83,0.8645833333333334,-0.35064423084259033,16.4022216796875,6.823476269346429e-06,0.3157525956630707
4412,-9.043613707165111,107,105,0.979563862928349,-0.16004018485546112,9.076635360717773,6.773253517167177e-06,0.2766721546649933
4413,-99.21885521885523,198,196,0.9878114478114478,-0.1535986214876175,4.473179817199707,6.7735218181042e-06,0.07459957897663116
4414,-4.915857605178004,103,102,0.98084142394822,-0.03273089602589607,10.262120246887207,6.771346306777559e-06,0.1979774832725525
4415,63.95652173913044,23,20,0.8695652173913043,0.07401792705059052,35.655921936035156,6.763817054888932e-06,0.3880499601364136
4416,-9.54166666666666,96,83,0.8645833333333334,-0.11503744125366211,13.637458801269531,6.764038971596165e-06,0.3294566571712494
4417,-11.432989690721662,97,83,0.8556701030927835,-0.1479167640209198,13.716330528259277,6.755785761924926e-06,0.03730483725667
4418,43.88888888888887,45,40,0.8888888888888888,0.017948230728507042,32.680320739746094,6.8207345975679345e-06,1.0829840898513794
4419,59.33333333333333,24,20,0.8333333333333334,-0.09269651025533676,56.01734161376953,6.815851065766765e-06,0.26694196462631226
4420,-5.702127659574467,94,83,0.8829787234042553,0.1515914797782898,16.39630889892578,6.813810614403337e-06,0.2267996370792389
4421,-108.53945249597425,207,204,0.9846054750402576,-0.09125614166259766,6.0036187171936035,6.785927780583734e-06,0.3079780042171478
4422,-7.631578947368411,95,83,0.8736842105263158,0.2288285791873932,14.871933937072754,6.600724191230256e-06,0.49449607729911804
4423,40.95652173913043,46,40,0.8695652173913043,0.20106251537799835,28.024782180786133,6.584416041732766e-06,0.5530441403388977
4424,47.13333333333333,50,49,0.9713333333333334,-0.06509191542863846,23.20273780822754,6.5766625994001515e-06,0.15703724324703217
4425,-105.54575163398694,204,201,0.9845424836601308,0.059347011148929596,5.351431846618652,6.5597523644100875e-06,0.12404844164848328
4426,40.95652173913043,46,40,0.8695652173913043,0.250675767660141,29.08694076538086,6.621476131840609e-06,1.0239938497543335
4427,38.1063829787234,47,40,0.851063829787234,0.36045074462890625,31.117395401000977,6.625422429351602e-06,1.0163313150405884
4428,-9.043613707165113,107,105,0.979563862928349,0.16124524176120758,8.26816177368164,6.625111836910946e-06,0.026422640308737755
4429,-110.85964912280703,209,206,0.9814035087719298,0.03966367617249489,4.75088357925415,6.615416623390047e-06,0.03220374509692192
4430,-9.541666666666663,96,83,0.8645833333333334,0.018967684358358383,13.905465126037598,6.630272764596157e-06,0.7122578620910645
4431,46.75163398692809,51,51,0.977516339869281,-0.09431029856204987,14.306122779846191,6.602256235055393e-06,0.21641649305820465
4432,-4.592233009708751,103,102,0.9840776699029126,0.21502701938152313,7.6337690353393555,6.499106348201167e-06,0.018067361786961555
4433,-7.6315789473684115,95,83,0.8736842105263158,-0.0845719575881958,14.373620986938477,6.4918822317849845e-06,0.5490567684173584
4434,-110.85964912280703,209,206,0.9814035087719298,-0.16092200577259064,4.013085842132568,6.321246928564506e-06,0.22563989460468292
4435,63.95652173913043,23,20,0.8695652173913043,-0.2988610863685608,38.803314208984375,6.521766408695839e-06,1.8112531900405884
4436,63.95652173913042,23,20,0.8695652173913043,0.10035564750432968,51.46906661987305,6.6311872615187895e-06,1.524928331375122
4437,-4.254901960784325,102,100,0.9774509803921568,-0.0071952748112380505,7.242588996887207,6.604299869650276e-06,0.36028987169265747
4438,-3.4224422442244284,101,99,0.9757755775577558,-0.026181966066360474,8.2358980178833,6.610769105463987e-06,0.42791715264320374
4439,40.95652173913043,46,40,0.8695652173913043,1.7450436353683472,26.932170867919922,8.432528375124093e-06,5.58845853805542
4440,-3.764705882352954,102,101,0.9823529411764705,0.047311410307884216,7.615067481994629,8.4347893789527e-06,0.10820367932319641
4441,-5.317152103559879,103,101,0.9768284789644013,0.3447805643081665,9.774890899658203,8.422254722972866e-06,0.15396100282669067
4442,63.95652173913044,23,20,0.8695652173913043,0.08185330033302307,51.49545669555664,8.348730261786841e-06,0.2507283389568329
4443,59.33333333333334,24,20,0.8333333333333334,0.06569212675094604,49.50581741333008,8.34619095257949e-06,0.9227913618087769
4444,40.95652173913044,46,40,0.8695652173913043,-0.0036309442948549986,29.97934913635254,7.859552169975359e-06,0.5685281157493591
4445,46.46153846153847,52,52,0.9846153846153847,-0.4728739559650421,18.72190284729004,8.028402589843608e-06,1.6260569095611572
4446,-2.8151815181518285,101,100,0.9818481848184818,0.20440739393234253,9.827338218688965,8.029134733078536e-06,0.09991968423128128
4447,40.95652173913042,46,40,0.8695652173913043,-0.7806861400604248,27.152233123779297,8.311841156682931e-06,2.0992250442504883
4448,-4.592233009708751,103,102,0.9840776699029126,0.1685095876455307,7.984401226043701,8.313309081131592e-06,0.10252422094345093
4449,46.75163398692809,51,51,0.977516339869281,-0.12389367818832397,15.444273948669434,8.323797374032438e-06,0.43550875782966614
4450,43.888888888888886,45,40,0.8888888888888888,0.24594679474830627,28.87925910949707,8.455700481135864e-06,1.5487885475158691
4451,-9.541666666666664,96,83,0.8645833333333334,0.05211014300584793,16.118850708007812,7.723403541604057e-06,0.855616569519043
4452,-7.631578947368412,95,83,0.8736842105263158,0.1653856784105301,15.079756736755371,7.812427611497696e-06,1.2510879039764404
4453,-7.631578947368423,95,83,0.8736842105263158,-0.2242186814546585,15.480867385864258,7.81860580900684e-06,0.26622474193573
4454,49.36879432624113,47,46,0.9636879432624114,0.11981341242790222,17.89288330078125,7.82172992330743e-06,0.30143091082572937
4455,-7.631578947368414,95,83,0.8736842105263158,-0.2792415916919708,15.493762969970703,7.77017976361094e-06,0.4002184569835663
4456,-9.54166666666666,96,83,0.8645833333333334,-0.4248218834400177,15.671080589294434,7.791708412696607e-06,0.6201937198638916
4457,-9.541666666666668,96,83,0.8645833333333334,-0.21071630716323853,14.1160888671875,7.681393981329165e-06,0.1660357117652893
4458,-9.541666666666659,96,83,0.8645833333333334,-0.16729146242141724,16.039552688598633,7.682000614295248e-06,0.12379367649555206
4459,-6.480769230769237,104,102,0.9751923076923077,-0.15454962849617004,7.388909816741943,7.669010301469825e-06,0.27858754992485046
4460,48.10204081632652,49,48,0.9710204081632653,0.09127315133810043,15.238725662231445,7.676151653868146e-06,0.31628113985061646
4461,63.95652173913044,23,20,0.8695652173913043,0.35521864891052246,33.05347442626953,7.580634246551199e-06,0.03507890924811363
4462,-3.7647058823529536,102,101,0.9823529411764705,-0.20625878870487213,7.995517730712891,7.614649348397506e-06,0.7107061743736267
4463,-7.631578947368417,95,83,0.8736842105263158,-0.13641871511936188,16.25576400756836,7.58325631977641e-06,0.052006110548973083
4464,63.95652173913044,23,20,0.8695652173913043,0.2763901352882385,27.057079315185547,7.612665285705589e-06,0.6979131102561951
4465,63.95652173913042,23,20,0.8695652173913043,-0.5606603622436523,33.534637451171875,7.724109309492633e-06,1.7162214517593384
4466,40.95652173913042,46,40,0.8695652173913043,-0.18822899460792542,29.08357810974121,7.734663086012006e-06,0.7748586535453796
4467,-106.9479674796748,205,202,0.980520325203252,-0.198630228638649,4.446276664733887,7.745080438326113e-06,0.42048192024230957
4468,63.95652173913042,23,20,0.8695652173913043,-0.07267815619707108,51.56325912475586,7.742491106910165e-06,0.5449724793434143
4469,49.36879432624113,47,46,0.9636879432624114,-0.00345991482026875,18.13369369506836,7.742964044155087e-06,0.1111464872956276
4470,-6.480769230769237,104,102,0.9751923076923077,0.0014963551657274365,8.207082748413086,7.226463367260294e-06,0.18516139686107635
4471,-3.4224422442244276,101,99,0.9757755775577558,0.027208710089325905,7.514142036437988,7.2134644142352045e-06,0.06484594941139221
4472,48.10204081632652,49,48,0.9710204081632653,0.06939724832773209,14.078390121459961,7.213533081085188e-06,0.10530155897140503
4473,40.956521739130416,46,40,0.8695652173913043,-0.3155427575111389,27.399198532104492,7.202111191872973e-06,0.5771074891090393
4474,-104.9376026272578,203,200,0.980623973727422,-0.1380389928817749,4.340278625488281,7.199360425147461e-06,0.06320955604314804
4475,40.95652173913043,46,40,0.8695652173913043,0.327781617641449,28.43695068359375,7.263966381287901e-06,1.3404344320297241
4476,40.95652173913043,46,40,0.8695652173913043,0.23358871042728424,27.284976959228516,7.264091891556745e-06,0.08106973767280579
4477,63.95652173913043,23,20,0.8695652173913043,0.23028235137462616,38.32170486450195,7.490752977901138e-06,2.0239083766937256
4478,63.95652173913043,23,20,0.8695652173913043,-0.015461414121091366,43.46825408935547,7.349043698923197e-06,0.3422676622867584
4479,46.75163398692809,51,51,0.977516339869281,-0.15625254809856415,12.976645469665527,7.357612958003301e-06,0.3300086259841919
4480,-7.631578947368411,95,83,0.8736842105263158,-0.3205946385860443,12.321676254272461,7.36002357371035e-06,0.27576836943626404
4481,63.95652173913042,23,20,0.8695652173913043,-0.035548944026231766,36.31697463989258,7.396396995318355e-06,0.7223227024078369
4482,-103.45214521452145,202,200,0.9854785478547855,-0.07033368200063705,4.149606704711914,7.00250529916957e-06,0.13385634124279022
4483,40.95652173913044,46,40,0.8695652173913043,0.24669668078422546,33.48143768310547,7.002571237535449e-06,0.05403119698166847
4484,-105.44117647058825,204,202,0.9855882352941177,-0.035474274307489395,4.1849164962768555,6.864991973998258e-06,0.13996748626232147
4485,-3.359477124183013,102,101,0.9864052287581699,0.34487563371658325,8.626307487487793,6.859668701508781e-06,0.36848604679107666
4486,40.95652173913043,46,40,0.8695652173913043,0.47466927766799927,28.107219696044922,7.006320629443508e-06,1.6322004795074463
4487,40.95652173913043,46,40,0.8695652173913043,-0.6017271876335144,27.619688034057617,7.196470960479928e-06,1.939651608467102
4488,63.95652173913043,23,20,0.8695652173913043,0.16158919036388397,47.974693298339844,7.146591087803245e-06,0.6492705941200256
4489,46.564102564102555,52,52,0.9856410256410256,-0.9115753769874573,13.896965026855469,7.100302354956511e-06,2.6471991539001465
4490,-5.718446601941757,103,101,0.9728155339805825,0.06003831699490547,7.805892467498779,7.083986474754056e-06,0.21730823814868927
4491,-2.8151815181518285,101,100,0.9818481848184818,0.39776498079299927,9.249489784240723,7.084972821758129e-06,0.13704343140125275
4492,-105.44117647058825,204,202,0.9855882352941177,0.007410132791846991,4.903475761413574,7.083872787916334e-06,0.07773862034082413
4493,49.027210884353735,49,49,0.9802721088435374,-0.14277876913547516,16.399658203125,7.0875289566174615e-06,0.395747572183609
4494,40.95652173913044,46,40,0.8695652173913043,0.32616478204727173,28.19443130493164,7.072642802086193e-06,1.1223877668380737
4495,40.95652173913043,46,40,0.8695652173913043,-0.21771366894245148,26.823352813720703,7.0371179390349425e-06,0.2769469618797302
4496,-9.541666666666671,96,83,0.8645833333333334,0.009371940977871418,12.650148391723633,7.06908622305491e-06,1.1968079805374146
4497,-7.631578947368414,95,83,0.8736842105263158,-0.3079879879951477,11.915311813354492,7.057885341055226e-06,0.01890501193702221
4498,43.893081761006286,53,52,0.9689308176100629,-0.38733914494514465,15.393935203552246,7.141988135117572e-06,1.1381601095199585
4499,38.1063829787234,47,40,0.851063829787234,-0.10230204463005066,27.847599029541016,7.140674824768212e-06,0.0812285840511322
4500,40.95652173913044,46,40,0.8695652173913043,-0.5380711555480957,28.268800735473633,7.229336461023195e-06,1.282321572303772
4501,-3.359477124183009,102,101,0.9864052287581699,0.4509342312812805,8.98552417755127,7.227277365018381e-06,0.4754077196121216
4502,49.027210884353735,49,49,0.9802721088435374,-0.4899546504020691,18.21953582763672,7.453578291460872e-06,2.3329668045043945
4503,-105.44117647058825,204,202,0.9855882352941177,-0.02566824108362198,4.4280266761779785,7.4385229709150735e-06,0.05118437856435776
4504,59.33333333333333,24,20,0.8333333333333334,-0.5975776314735413,54.61940002441406,7.562640803371323e-06,1.4512110948562622
4505,40.95652173913043,46,40,0.8695652173913043,-0.7683559060096741,28.136333465576172,7.82975803303998e-06,2.166411876678467
4506,-105.54575163398692,204,201,0.9845424836601308,-0.11494670063257217,4.716272830963135,7.822341103747021e-06,0.06070950999855995
4507,63.95652173913042,23,20,0.8695652173913043,0.2161109447479248,38.55050277709961,7.819933671271428e-06,0.21083292365074158
4508,46.73333333333333,50,49,0.9673333333333334,0.02780614048242569,12.982101440429688,6.808412308600964e-06,0.06756449490785599
4509,40.95652173913043,46,40,0.8695652173913043,0.7812272310256958,28.751829147338867,7.083358468662482e-06,2.0629005432128906
4510,63.95652173913043,23,20,0.8695652173913043,1.0174741744995117,32.099815368652344,6.6731827246258035e-06,1.6575876474380493
4511,-9.54166666666667,96,83,0.8645833333333334,-0.42414653301239014,11.36761474609375,6.699605364701711e-06,0.7788162231445312
4512,59.33333333333333,24,20,0.8333333333333334,-0.4495442807674408,52.736915588378906,6.695368938380852e-06,0.22658538818359375
4513,63.95652173913043,23,20,0.8695652173913043,0.318874329328537,42.09706497192383,6.7194605435361154e-06,0.583307683467865
4514,63.95652173913044,23,20,0.8695652173913043,0.8496376872062683,40.10499954223633,6.9589946178894024e-06,1.954227328300476
4515,-105.44117647058825,204,202,0.9855882352941177,-0.034989405423402786,4.740365505218506,6.948551799723646e-06,0.008550801314413548
4516,63.95652173913043,23,20,0.8695652173913043,0.6222013235092163,36.12416458129883,6.995800958975451e-06,0.9210038781166077
4517,43.888888888888886,45,40,0.8888888888888888,0.19348442554473877,27.522308349609375,6.998317076067906e-06,0.22369137406349182
4518,-9.541666666666668,96,83,0.8645833333333334,-0.23628191649913788,13.466668128967285,6.930485142220277e-06,0.20290829241275787
4519,47.13333333333333,50,49,0.9713333333333334,-0.09192176908254623,17.23642349243164,6.928779839654453e-06,0.20491556823253632
4520,63.95652173913044,23,20,0.8695652173913043,0.2226840704679489,32.13492965698242,6.9381790126499254e-06,0.4473053514957428
4521,46.75163398692809,51,51,0.977516339869281,-0.19290593266487122,15.561023712158203,6.980739726714091e-06,0.8952590823173523
4522,-103.45214521452145,202,200,0.9854785478547855,-0.15947197377681732,4.690361022949219,6.970805316086626e-06,0.34329894185066223
4523,-99.21885521885523,198,196,0.9878114478114478,0.04578962177038193,4.126742362976074,6.950949227757519e-06,0.09257110953330994
4524,59.33333333333334,24,20,0.8333333333333334,-0.0979667380452156,51.81072998046875,6.969805326662026e-06,0.55572909116745
4525,-2.953795379537966,101,100,0.9804620462046204,-0.36041122674942017,7.594508171081543,6.979752470215317e-06,0.44037556648254395
4526,43.888888888888886,45,40,0.8888888888888888,0.4855315387248993,28.56643295288086,7.0519736254937015e-06,1.4821091890335083
4527,63.95652173913043,23,20,0.8695652173913043,-0.0973321795463562,56.63401412963867,7.132365226425463e-06,1.5907212495803833
4528,-106.9479674796748,205,202,0.980520325203252,-0.17917737364768982,5.723588943481445,7.152387752284994e-06,0.6235206127166748
4529,47.62585034013605,49,48,0.9662585034013605,-0.12185655534267426,18.268516540527344,7.176934559538495e-06,0.6083952784538269
4530,59.333333333333336,24,20,0.8333333333333334,-0.045020803809165955,46.20156478881836,7.282954356924165e-06,1.5887812376022339
4531,47.299319727891145,49,48,0.9629931972789115,-0.3698629140853882,16.80401611328125,7.370097137027187e-06,1.2778325080871582
4532,-7.051282051282062,104,101,0.9694871794871794,-0.21082726120948792,10.435306549072266,7.394115073111607e-06,0.6865847706794739
4533,63.95652173913044,23,20,0.8695652173913043,-0.028166072443127632,32.209190368652344,1.3664363905263599e-05,10.156949996948242
4534,-9.541666666666659,96,83,0.8645833333333334,-0.295676052570343,14.743509292602539,1.3665855476574507e-05,0.09537672251462936
4535,-108.53945249597425,207,204,0.9846054750402576,-0.1998535841703415,4.098587512969971,1.348386376776034e-05,0.0886889100074768
4536,-103.45214521452145,202,200,0.9854785478547855,-0.05097299441695213,4.683663845062256,1.3325578038347885e-05,0.3150525391101837
4537,59.33333333333334,24,20,0.8333333333333334,-1.0493015050888062,53.0974235534668,1.4078165804676246e-05,3.6220271587371826
4538,-4.254901960784316,102,100,0.9774509803921568,0.3791412115097046,8.664257049560547,1.4109197763900738e-05,0.6401237845420837
4539,-8.93769470404985,107,106,0.9806230529595016,0.07289598137140274,9.232770919799805,1.2092704309907276e-05,0.3071939945220947
4540,46.564102564102555,52,52,0.9856410256410256,0.18601466715335846,13.48190689086914,1.2154930118413176e-05,0.834588885307312
4541,-2.9537953795379654,101,100,0.9804620462046204,-0.1687290221452713,10.299114227294922,1.215164866152918e-05,0.05667145550251007
4542,-104.9376026272578,203,200,0.980623973727422,-0.038772519677877426,4.21434211730957,1.2155534022895154e-05,0.0979652851819992
4543,40.95652173913044,46,40,0.8695652173913043,0.10190169513225555,28.64540672302246,1.2127404261264019e-05,0.19503401219844818
4544,-7.631578947368415,95,83,0.8736842105263158,-0.22791381180286407,11.07605266571045,1.2095977581338957e-05,0.029412925243377686
4545,-107.9243156199678,207,206,0.990756843800322,-0.2421538233757019,4.298442840576172,1.1964871191594284e-05,0.063288114964962
4546,63.95652173913043,23,20,0.8695652173913043,0.27580875158309937,31.67618179321289,1.1996677130809985e-05,0.579838752746582
4547,63.95652173913042,23,20,0.8695652173913043,-0.15820077061653137,38.557334899902344,1.1758294022001792e-05,0.2684960663318634
4548,-3.3594771241830133,102,101,0.9864052287581699,0.1645810753107071,8.715938568115234,1.1759132576116826e-05,0.0006522297626361251
4549,-106.9479674796748,205,202,0.980520325203252,-0.05249583721160889,4.503852844238281,1.1754596016544383e-05,0.05699657276272774
4550,-110.85964912280703,209,206,0.9814035087719298,0.03508845716714859,4.613772392272949,1.159002204076387e-05,0.21225082874298096
4551,40.95652173913043,46,40,0.8695652173913043,0.16177140176296234,28.639917373657227,1.1555363926163409e-05,0.5079132318496704
4552,63.95652173913043,23,20,0.8695652173913043,-0.4654267132282257,35.51313400268555,1.1689328857755754e-05,2.177347421646118
4553,40.95652173913042,46,40,0.8695652173913043,-0.6464898586273193,25.696231842041016,1.1806518159573898e-05,1.5520907640457153
4554,-110.85964912280703,209,206,0.9814035087719298,-0.015937721356749535,4.231239318847656,1.179234550363617e-05,0.19839824736118317
4555,-103.45214521452145,202,200,0.9854785478547855,0.011440571397542953,4.8498430252075195,1.1793702469731215e-05,0.08807971328496933
4556,46.46153846153847,52,52,0.9846153846153847,-0.4998336136341095,20.655981063842773,1.1945066944463179e-05,1.8096131086349487
4557,46.46153846153846,52,52,0.9846153846153847,0.10645072162151337,20.654298782348633,1.1962450116698164e-05,0.45098358392715454
4558,-108.53945249597425,207,204,0.9846054750402576,-0.2147861123085022,4.0172905921936035,1.195726144942455e-05,0.29943588376045227
4559,-105.44117647058825,204,202,0.9855882352941177,0.13981476426124573,4.688355922698975,1.196292487293249e-05,0.12911002337932587
4560,-7.631578947368414,95,83,0.8736842105263158,-0.010423491708934307,14.480650901794434,1.198165955429431e-05,0.38577938079833984
4561,-4.915857605178004,103,102,0.98084142394822,-0.03966520354151726,7.888185024261475,1.200554379465757e-05,0.8422802686691284
4562,-7.631578947368414,95,83,0.8736842105263158,-0.3355294466018677,15.027812957763672,1.2010189493594225e-05,0.778404712677002
4563,63.95652173913043,23,20,0.8695652173913043,0.25776001811027527,40.3451042175293,1.2009087186015677e-05,0.16205483675003052
4564,-3.764705882352954,102,101,0.9823529411764705,0.14176762104034424,8.075507164001465,1.1999369235127233e-05,0.14039503037929535
4565,43.888888888888886,45,40,0.8888888888888888,0.894432008266449,27.840286254882812,1.2390033589326777e-05,2.8033604621887207
4566,40.95652173913044,46,40,0.8695652173913043,-0.04445350542664528,32.69012451171875,1.2371576303848997e-05,0.2098001390695572
4567,48.68707482993197,49,48,0.9768707482993197,0.1334102749824524,18.983732223510742,1.2366415830911137e-05,0.18760034441947937
4568,-9.541666666666664,96,83,0.8645833333333334,0.01979946531355381,14.662952423095703,1.239023004018236e-05,0.6374261975288391
4569,-7.631578947368418,95,83,0.8736842105263158,0.024845382198691368,14.2019681930542,1.2411779607646167e-05,0.48310333490371704
4570,46.73333333333333,50,49,0.9673333333333334,0.2706393301486969,14.175724029541016,1.2446099390217569e-05,0.6971403956413269
4571,-5.702127659574469,94,83,0.8829787234042553,-0.24548645317554474,16.922313690185547,1.245890416612383e-05,0.5602508187294006
4572,48.68707482993197,49,48,0.9768707482993197,0.1923564374446869,24.777280807495117,1.2486577361414675e-05,0.7788248658180237
4573,-104.76026272577998,203,200,0.9823973727422003,-0.19883856177330017,4.980654239654541,1.2473810784285888e-05,0.21416854858398438
4574,59.33333333333333,24,20,0.8333333333333334,-0.41873791813850403,47.97113037109375,1.2497149327828083e-05,0.7290177941322327
4575,38.10638297872341,47,40,0.851063829787234,-0.3266800343990326,28.714433670043945,1.2429565686034039e-05,1.1559202671051025
4576,47.62585034013605,49,48,0.9662585034013605,-0.09731345623731613,11.882636070251465,1.2862666153523605e-05,2.6070027351379395
4577,63.95652173913043,23,20,0.8695652173913043,0.8157721757888794,33.035335540771484,1.2910280020150822e-05,2.1965818405151367
4578,40.95652173913042,46,40,0.8695652173913043,-0.40330150723457336,27.57274627685547,1.2918146239826456e-05,0.725119411945343
4579,-9.54166666666666,96,83,0.8645833333333334,-0.5721791386604309,15.107298851013184,1.3020257028983906e-05,1.4434887170791626
4580,43.893081761006286,53,52,0.9689308176100629,0.15323232114315033,16.955867767333984,1.3020444384892471e-05,0.28729352355003357
4581,59.33333333333334,24,20,0.8333333333333334,0.5607897639274597,31.3983097076416,1.3122526070219465e-05,1.275291919708252
4582,46.73333333333333,50,49,0.9673333333333334,0.09514021873474121,12.73294448852539,1.3133477295923512e-05,0.2955208718776703
4583,49.027210884353735,49,49,0.9802721088435374,0.3542863428592682,15.711421966552734,1.3244580259197392e-05,1.2267730236053467
4584,-3.764705882352954,102,101,0.9823529411764705,-0.008795677684247494,7.475027561187744,1.3252268217911478e-05,0.2453102171421051
4585,40.95652173913043,46,40,0.8695652173913043,-0.047449368983507156,27.181163787841797,1.3245865375210997e-05,0.24279549717903137
4586,-7.631578947368414,95,83,0.8736842105263158,-0.20032435655593872,14.599433898925781,1.307245565840276e-05,0.3726208508014679
4587,-5.718446601941757,103,101,0.9728155339805825,-0.2413206398487091,8.477869033813477,1.287913528358331e-05,0.5552241206169128
4588,63.95652173913043,23,20,0.8695652173913043,-0.6871718168258667,45.13155746459961,1.2984034583496395e-05,1.632797122001648
4589,-5.702127659574467,94,83,0.8829787234042553,0.08252114802598953,14.4949951171875,1.2677312042796984e-05,1.0934998989105225
4590,40.95652173913044,46,40,0.8695652173913043,-0.6686103940010071,29.874387741088867,1.2807870007236488e-05,1.559881567955017
4591,-9.541666666666663,96,83,0.8645833333333334,-0.08138135075569153,15.189661026000977,1.281492950511165e-05,0.2357141375541687
4592,-99.21885521885523,198,196,0.9878114478114478,0.00645851343870163,4.6541361808776855,1.2815045920433477e-05,0.052383579313755035
4593,-105.54575163398694,204,201,0.9845424836601308,0.0037460310850292444,4.359936237335205,1.281394452234963e-05,0.16521579027175903
4594,-9.043613707165111,107,105,0.979563862928349,0.22152167558670044,9.835894584655762,1.2721831808448769e-05,0.1855713576078415
4595,47.299319727891145,49,48,0.9629931972789115,-0.0710928812623024,28.446815490722656,1.283443907595938e-05,1.4771708250045776
4596,63.95652173913044,23,20,0.8695652173913043,0.34084123373031616,42.30729675292969,1.2758513548760675e-05,0.8621468544006348
4597,63.95652173913044,23,20,0.8695652173913043,1.005974292755127,35.625545501708984,1.3791212950309273e-05,3.9740326404571533
4598,-107.9243156199678,207,206,0.990756843800322,-0.32882159948349,4.8571648597717285,1.3724600648856722e-05,0.04860616475343704
4599,-7.631578947368417,95,83,0.8736842105263158,-0.39315566420555115,16.217905044555664,1.3728794328926597e-05,0.354310542345047
4600,46.564102564102555,52,52,0.9856410256410256,0.06054344028234482,26.955242156982422,1.3713680345972534e-05,1.0091067552566528
4601,-7.631578947368418,95,83,0.8736842105263158,-0.17935232818126678,13.9608736038208,1.3710421626456082e-05,0.4247175455093384
4602,63.95652173913044,23,20,0.8695652173913043,-0.3773730993270874,29.586612701416016,1.3423373275145423e-05,0.7629119753837585
4603,-3.4224422442244267,101,99,0.9757755775577558,-0.1099964901804924,8.285748481750488,1.3427836165647022e-05,0.32704299688339233
4604,-9.54166666666666,96,83,0.8645833333333334,-0.29210707545280457,12.626484870910645,1.3307538210938219e-05,0.11531218141317368
4605,46.75163398692809,51,51,0.977516339869281,0.4569600522518158,14.964716911315918,1.3087049410387408e-05,0.9622562527656555
4606,63.95652173913043,23,20,0.8695652173913043,-0.22849272191524506,42.60435485839844,1.3236829545348883e-05,1.5817729234695435
4607,-9.54166666666667,96,83,0.8645833333333334,-0.3619604706764221,15.872599601745605,1.3255191333882976e-05,0.6062383651733398
4608,43.893081761006286,53,52,0.9689308176100629,0.383190780878067,14.25498104095459,1.3347841559152585e-05,1.1995842456817627
4609,-102.70149253731344,201,198,0.9829850746268657,-0.1865161508321762,4.441940784454346,1.308004266320495e-05,0.15913009643554688
4610,46.626666666666665,50,49,0.9662666666666667,-0.6210351586341858,20.456769943237305,1.297789094678592e-05,1.1822656393051147
4611,-7.631578947368412,95,83,0.8736842105263158,-0.3752027750015259,14.070038795471191,1.2967989277967717e-05,0.6549845933914185
4612,63.95652173913044,23,20,0.8695652173913043,0.23791055381298065,35.30266189575195,1.3019260222790763e-05,0.8697209358215332
4613,46.564102564102555,52,52,0.9856410256410256,-0.4358261525630951,12.257145881652832,1.3021744052821305e-05,0.7396617531776428
4614,-9.541666666666668,96,83,0.8645833333333334,-0.301993727684021,14.060036659240723,1.27790463011479e-05,0.5370779037475586
4615,38.10638297872341,47,40,0.851063829787234,-0.9351709485054016,27.62270736694336,1.3241036867839284e-05,2.8487842082977295
4616,40.95652173913044,46,40,0.8695652173913043,-0.044199127703905106,28.251245498657227,1.319887178397039e-05,0.781823456287384
4617,63.95652173913044,23,20,0.8695652173913043,1.6492557525634766,37.779075622558594,1.4785973689868115e-05,4.962611675262451
4618,-2.9537953795379663,101,100,0.9804620462046204,0.0865541473031044,7.082916259765625,1.4815155736869201e-05,0.6145018935203552
4619,-9.541666666666657,96,83,0.8645833333333334,-0.02749675139784813,11.967464447021484,1.4830044165137224e-05,0.4314529299736023
4620,-99.21885521885523,198,196,0.9878114478114478,0.08650916069746017,5.293274879455566,1.4813334928476252e-05,0.24817825853824615
4621,-8.93769470404985,107,106,0.9806230529595016,-0.12483110278844833,9.400315284729004,1.4772046597499866e-05,0.10438774526119232
4622,-7.051282051282056,104,101,0.9694871794871794,0.19488050043582916,14.682514190673828,1.4778570402995683e-05,0.35714152455329895
4623,40.95652173913044,46,40,0.8695652173913043,-0.1702403724193573,24.259321212768555,1.4788938642595895e-05,0.3751707971096039
4624,-7.631578947368413,95,83,0.8736842105263158,0.5018106698989868,16.202465057373047,1.5135767171159387e-05,2.3962864875793457
4625,-9.541666666666663,96,83,0.8645833333333334,-0.2291835993528366,13.650718688964844,1.51329522850574e-05,0.377933531999588
4626,-11.432989690721664,97,83,0.8556701030927835,-0.4974903166294098,17.18023681640625,1.5075780538609251e-05,1.257457971572876
4627,47.26666666666666,50,49,0.9726666666666667,0.28141334652900696,23.73468017578125,1.4952751371311024e-05,0.6842707395553589
4628,40.95652173913042,46,40,0.8695652173913043,-0.388177752494812,28.202444076538086,1.4974369150877465e-05,0.8785493969917297
4629,43.888888888888886,45,40,0.8888888888888888,0.07016923278570175,28.263734817504883,1.496187542215921e-05,0.3564251661300659
4630,63.95652173913043,23,20,0.8695652173913043,-0.08714612573385239,33.3900146484375,1.4868609468976501e-05,0.9671069979667664
4631,-2.815181518151831,101,100,0.9818481848184818,0.7924309372901917,12.446427345275879,1.482290645071771e-05,0.829376220703125
4632,-100.66834170854271,199,196,0.9833165829145729,0.18258079886436462,6.160926818847656,1.4788989574299194e-05,0.09275004267692566
4633,63.95652173913044,23,20,0.8695652173913043,-0.40357497334480286,34.70098876953125,8.526735655323137e-06,0.6986573338508606
4634,46.7516339869281,51,51,0.977516339869281,-0.11784156411886215,13.125153541564941,8.526694728061557e-06,0.15895576775074005
4635,40.95652173913042,46,40,0.8695652173913043,0.0981965884566307,25.442846298217773,8.563680239603855e-06,0.7467576265335083
4636,-2.8151815181518285,101,100,0.9818481848184818,0.3960677683353424,9.037626266479492,8.55997404869413e-06,0.17947521805763245
4637,-5.7021276595744705,94,83,0.8829787234042553,-0.2352493405342102,16.406158447265625,7.778747203701641e-06,0.6174063086509705
4638,43.888888888888886,45,40,0.8888888888888888,0.29512855410575867,27.83722496032715,7.910086424089968e-06,1.600289225578308
4639,40.95652173913042,46,40,0.8695652173913043,-0.5452452898025513,26.27994155883789,7.95656433183467e-06,0.9094967246055603
4640,40.95652173913043,46,40,0.8695652173913043,-0.7283693552017212,28.02059555053711,8.045607501117047e-06,1.4772838354110718
4641,-105.54575163398694,204,201,0.9845424836601308,0.023497875779867172,4.749139785766602,8.045602044148836e-06,0.05620729923248291
4642,-5.961538461538466,104,103,0.9803846153846154,0.012131973169744015,8.437649726867676,8.046687980822753e-06,0.20068198442459106
4643,-7.631578947368407,95,83,0.8736842105263158,-0.4233856797218323,11.238628387451172,8.11048175819451e-06,1.0717347860336304
4644,63.95652173913042,23,20,0.8695652173913043,-0.1593024581670761,39.338680267333984,8.11106656328775e-06,0.06206709146499634
4645,63.95652173913044,23,20,0.8695652173913043,-0.8448356986045837,38.28449249267578,8.63946661411319e-06,2.9810311794281006
4646,40.95652173913043,46,40,0.8695652173913043,0.20199446380138397,31.040891647338867,8.619333129900042e-06,0.23595809936523438
4647,63.95652173913044,23,20,0.8695652173913043,0.12883029878139496,49.7230110168457,8.617539606348146e-06,0.17294974625110626
4648,-102.70149253731344,201,198,0.9829850746268657,-0.09858452528715134,4.79601526260376,8.620696462458e-06,0.30642595887184143
4649,46.73333333333333,50,49,0.9673333333333334,0.29023006558418274,21.143640518188477,8.619957043265458e-06,0.14030563831329346
4650,-7.631578947368412,95,83,0.8736842105263158,0.03368033468723297,15.443511962890625,8.616837476438377e-06,0.10265117883682251
4651,63.95652173913044,23,20,0.8695652173913043,-0.2066231220960617,36.65751266479492,8.793453162070364e-06,1.8803738355636597
4652,63.95652173913043,23,20,0.8695652173913043,0.6235612630844116,34.36587905883789,8.621535016573034e-06,1.1850262880325317
4653,63.95652173913044,23,20,0.8695652173913043,-0.9096000790596008,32.90571212768555,8.610856639279518e-06,1.4926728010177612
4654,-2.8151815181518285,101,100,0.9818481848184818,0.2210714966058731,8.864721298217773,8.612966666987631e-06,0.16792193055152893
4655,-9.541666666666664,96,83,0.8645833333333334,-0.40521901845932007,12.654043197631836,8.623165740573313e-06,0.49710386991500854
4656,47.26666666666666,50,49,0.9726666666666667,0.4292548596858978,15.495713233947754,8.490987966069952e-06,0.9185015559196472
4657,40.95652173913043,46,40,0.8695652173913043,-0.24335914850234985,26.86259651184082,8.485687430948019e-06,0.35355639457702637
4658,-4.592233009708751,103,102,0.9840776699029126,0.22278690338134766,7.868782997131348,8.482798875775188e-06,0.18359951674938202
4659,40.95652173913044,46,40,0.8695652173913043,0.1096263974905014,26.215625762939453,8.486035767418798e-06,0.32615670561790466
4660,40.95652173913042,46,40,0.8695652173913043,-0.6303881406784058,27.70969581604004,8.679011443746276e-06,1.8781187534332275
4661,59.33333333333333,24,20,0.8333333333333334,0.4465767443180084,50.431766510009766,8.747634637984447e-06,1.2613052129745483
4662,59.33333333333334,24,20,0.8333333333333334,0.4426417350769043,44.92561721801758,8.715392141311895e-06,0.10645315796136856
4663,-7.107936507936512,105,104,0.978920634920635,0.033103182911872864,9.619874954223633,8.734290531720035e-06,0.5364352464675903
4664,-105.44117647058825,204,202,0.9855882352941177,0.24698472023010254,4.467931270599365,8.753288057050668e-06,0.5531168580055237
4665,-7.631578947368417,95,83,0.8736842105263158,-0.173977330327034,14.222105026245117,8.282296221295837e-06,0.7158264517784119
4666,-7.0512820512820635,104,101,0.9694871794871794,0.19280527532100677,9.139281272888184,8.277980668935925e-06,0.003900981042534113
4667,63.95652173913044,23,20,0.8695652173913043,0.19589416682720184,30.14410400390625,8.279730536742136e-06,0.15073904395103455
4668,-9.541666666666666,96,83,0.8645833333333334,0.27956733107566833,16.364866256713867,8.364488166989759e-06,1.3068610429763794
4669,63.95652173913043,23,20,0.8695652173913043,-0.16806764900684357,30.215761184692383,8.404016625718214e-06,1.0270235538482666
4670,-9.54166666666667,96,83,0.8645833333333334,-0.10835476219654083,17.193090438842773,8.371530384465586e-06,0.17683270573616028
4671,38.1063829787234,47,40,0.851063829787234,0.5664668083190918,29.504615783691406,8.582329428463709e-06,1.8558744192123413
4672,59.333333333333336,24,20,0.8333333333333334,-0.00737235601991415,42.524749755859375,8.614226317149587e-06,1.074042558670044
4673,-9.541666666666659,96,83,0.8645833333333334,-0.06461606919765472,14.715538024902344,8.612779311079066e-06,0.00897136703133583
4674,-7.631578947368413,95,83,0.8736842105263158,-0.08106888830661774,16.92595863342285,8.599726243119221e-06,0.5499427318572998
4675,-9.54166666666666,96,83,0.8645833333333334,0.10481372475624084,14.7570161819458,8.547342986275908e-06,0.5932044982910156
4676,-4.592233009708751,103,102,0.9840776699029126,0.4127466082572937,8.188913345336914,8.127603905450087e-06,0.11633731424808502
4677,-5.9615384615384635,104,103,0.9803846153846154,0.3048878014087677,8.697836875915527,7.824205567885656e-06,0.30347752571105957
4678,63.95652173913043,23,20,0.8695652173913043,0.13207659125328064,34.76863479614258,7.821365215932019e-06,0.6895206570625305
4679,43.893081761006286,53,52,0.9689308176100629,0.06733148545026779,14.061338424682617,7.70401402405696e-06,0.21868817508220673
4680,40.95652173913043,46,40,0.8695652173913043,-0.5190770030021667,27.694644927978516,7.754550097160973e-06,0.9869199395179749
4681,-100.66834170854271,199,196,0.9833165829145729,-0.19672299921512604,4.55852746963501,7.655995432287455e-06,0.5017854571342468
4682,40.95652173913044,46,40,0.8695652173913043,-0.18341948091983795,29.43082046508789,7.666339115530718e-06,0.63044673204422
4683,49.027210884353735,49,49,0.9802721088435374,-0.02070760913193226,16.177846908569336,7.56003328206134e-06,0.15280067920684814
4684,-110.85964912280703,209,206,0.9814035087719298,-0.17031645774841309,4.676637172698975,7.554428066214314e-06,0.06388802826404572
4685,40.95652173913043,46,40,0.8695652173913043,-0.1466691642999649,27.50525665283203,7.5500834100239445e-06,0.3164299726486206
4686,-5.702127659574469,94,83,0.8829787234042553,-0.12023892998695374,14.082161903381348,7.536547855124809e-06,0.01496907975524664
4687,40.95652173913043,46,40,0.8695652173913043,-0.06164659187197685,27.504623413085938,7.530943548772484e-06,0.4389553368091583
4688,47.13333333333333,50,49,0.9713333333333334,-0.2497738003730774,25.337724685668945,7.399533387797419e-06,0.5653567314147949
4689,46.626666666666665,50,49,0.9662666666666667,-0.12753890454769135,18.302661895751953,7.311675290111452e-06,0.09841019660234451
4690,-5.718446601941756,103,101,0.9728155339805825,-0.16245843470096588,8.98243236541748,7.188970357674407e-06,0.4703565537929535
4691,46.626666666666665,50,49,0.9662666666666667,0.08126378804445267,18.03372573852539,7.2066632128553465e-06,0.535080075263977
4692,40.95652173913043,46,40,0.8695652173913043,0.6158979535102844,28.379125595092773,7.3697797233762685e-06,1.5426807403564453
4693,48.10204081632652,49,48,0.9710204081632653,0.03703659400343895,16.50707244873047,7.370791990979342e-06,0.1970793455839157
4694,40.95652173913042,46,40,0.8695652173913043,0.0168424304574728,26.68027114868164,7.456724233634304e-06,1.116693139076233
4695,-105.44117647058825,204,202,0.9855882352941177,-0.16493046283721924,4.612452507019043,7.332602763199247e-06,0.016769468784332275
4696,-9.541666666666664,96,83,0.8645833333333334,-0.3534420430660248,18.420053482055664,7.291576366696972e-06,0.09395676106214523
4697,-7.631578947368414,95,83,0.8736842105263158,-0.3941532075405121,13.011188507080078,6.308400315901963e-06,0.6537169814109802
4698,46.626666666666665,50,49,0.9662666666666667,-0.4618655741214752,17.397964477539062,6.345220299408538e-06,0.8653988242149353
4699,-7.107936507936511,105,104,0.978920634920635,-0.4210277795791626,10.450740814208984,6.341653715935536e-06,0.19258472323417664
4700,46.75163398692809,51,51,0.977516339869281,-0.0132994893938303,13.93213176727295,6.267524895520182e-06,0.26428571343421936
4701,-7.107936507936513,105,104,0.978920634920635,-0.24458424746990204,9.422941207885742,6.258694611460669e-06,0.26643791794776917
4702,40.95652173913043,46,40,0.8695652173913043,0.26548177003860474,27.722230911254883,6.30946078672423e-06,1.025590181350708
4703,63.95652173913043,23,20,0.8695652173913043,0.31012865900993347,39.89430618286133,6.637089882133296e-06,2.242258310317993
4704,40.95652173913043,46,40,0.8695652173913043,-0.8952517509460449,28.036935806274414,6.965096872590948e-06,2.383373975753784
4705,40.95652173913044,46,40,0.8695652173913043,-0.11912352591753006,27.51711654663086,6.9085995164641645e-06,0.541685163974762
4706,40.95652173913043,46,40,0.8695652173913043,0.06584961712360382,31.973249435424805,6.793352440581657e-06,0.6740936636924744
4707,-9.043613707165115,107,105,0.979563862928349,0.43980246782302856,9.4150972366333,6.867774118290981e-06,1.1323461532592773
4708,43.88888888888888,45,40,0.8888888888888888,0.4988340735435486,31.177553176879883,6.8594945332733914e-06,1.1457692384719849
4709,46.564102564102555,52,52,0.9856410256410256,0.38214316964149475,13.47816276550293,7.097503839759156e-06,1.9110565185546875
4710,47.62585034013605,49,48,0.9662585034013605,-0.1517856866121292,21.243356704711914,7.063033535814611e-06,0.8131330013275146
4711,49.027210884353735,49,49,0.9802721088435374,0.02186630666255951,25.42655372619629,7.0395772127085365e-06,0.06000594422221184
4712,-9.541666666666668,96,83,0.8645833333333334,0.08773192018270493,17.803598403930664,7.0043665800767485e-06,0.4633357524871826
4713,46.75163398692809,51,51,0.977516339869281,0.34874606132507324,27.470914840698242,6.974794814595953e-06,0.09729106724262238
4714,-1.4466666666666694,100,99,0.9855333333333334,0.038750067353248596,13.866398811340332,6.96288179824478e-06,0.2835119664669037
4715,-2.8151815181518285,101,100,0.9818481848184818,0.2922118008136749,13.96508502960205,6.495056368294172e-06,0.6701708436012268
4716,-105.54575163398692,204,201,0.9845424836601308,-0.12117349356412888,7.119107723236084,6.462801138695795e-06,0.29034873843193054
4717,63.95652173913043,23,20,0.8695652173913043,0.7383518815040588,42.08488082885742,5.160924501979025e-06,1.896776556968689
4718,-3.359477124183013,102,101,0.9864052287581699,0.0955328568816185,9.057656288146973,5.1366987463552505e-06,0.13172809779644012
4719,47.299319727891145,49,48,0.9629931972789115,-0.20814912021160126,18.166662216186523,5.125025381857995e-06,0.2203340083360672
4720,63.95652173913042,23,20,0.8695652173913043,0.18326731026172638,41.658843994140625,5.258946657704655e-06,1.4551916122436523
4721,-3.359477124183013,102,101,0.9864052287581699,0.05927584320306778,8.418495178222656,5.259014869807288e-06,0.06066550686955452
4722,59.33333333333333,24,20,0.8333333333333334,-0.6664335131645203,45.56184387207031,5.28578357261722e-06,0.7946036458015442
4723,40.95652173913043,46,40,0.8695652173913043,0.2868536710739136,27.80371856689453,5.285281986289192e-06,0.36515188217163086
4724,-104.9376026272578,203,200,0.980623973727422,0.025538193061947823,7.524299621582031,4.919188995700097e-06,0.24529466032981873
4725,63.95652173913044,23,20,0.8695652173913043,0.1952841877937317,64.23308563232422,4.963359970133752e-06,0.8494983911514282
4726,-104.76026272577998,203,200,0.9823973727422003,-0.08704663813114166,7.466957092285156,4.873494162893621e-06,0.15609067678451538
4727,-105.44117647058825,204,202,0.9855882352941177,0.04756757616996765,6.1008501052856445,4.847591753787128e-06,0.03898966684937477
4728,47.13333333333333,50,49,0.9713333333333334,-0.10104484856128693,24.502117156982422,4.803387582796859e-06,0.09744040668010712
4729,-107.9243156199678,207,206,0.990756843800322,-0.2575039863586426,4.514306545257568,4.794483174919151e-06,0.019521096721291542
4730,40.95652173913044,46,40,0.8695652173913043,0.21283315122127533,38.1109504699707,4.764967343362514e-06,0.6258947849273682
4731,-105.44117647058825,204,202,0.9855882352941177,-0.23630832135677338,5.876627445220947,4.721636287285946e-06,0.09921783208847046
4732,49.027210884353735,49,49,0.9802721088435374,-0.7380602955818176,18.798255920410156,5.046332717029145e-06,2.327709913253784
4733,-7.631578947368425,95,83,0.8736842105263158,-0.467340350151062,14.714329719543457,5.062938726041466e-06,0.8793843388557434
4734,46.75163398692809,51,51,0.977516339869281,-0.15594224631786346,20.168458938598633,5.0626081247173715e-06,0.04641442373394966
4735,-1.4466666666666694,100,99,0.9855333333333334,0.023549599573016167,9.024632453918457,5.027111456001876e-06,0.18028689920902252
4736,-9.541666666666659,96,83,0.8645833333333334,-0.09781128913164139,14.011636734008789,5.031096407037694e-06,0.2416035532951355
4737,48.68707482993197,49,48,0.9768707482993197,0.27452367544174194,24.264991760253906,5.010638233216014e-06,0.06051129847764969
4738,-7.051282051282063,104,101,0.9694871794871794,-0.08060856908559799,9.614516258239746,4.854156941291876e-06,0.4708397090435028
4739,43.888888888888886,45,40,0.8888888888888888,-0.7253948450088501,33.77372360229492,5.090218564873794e-06,2.19692325592041
4740,46.75163398692809,51,51,0.977516339869281,0.25932854413986206,20.002450942993164,4.9679465519147925e-06,0.04920194670557976
4741,-7.631578947368411,95,83,0.8736842105263158,-0.37729328870773315,14.809645652770996,4.973043360223528e-06,0.36815422773361206
4742,40.95652173913043,46,40,0.8695652173913043,-0.6968645453453064,27.983797073364258,5.0381677283439785e-06,1.1021294593811035
4743,-104.76026272577998,203,200,0.9823973727422003,-0.3357901871204376,4.563307285308838,4.975986939825816e-06,0.012496759183704853
4744,-107.9243156199678,207,206,0.990756843800322,-0.41159528493881226,5.083222389221191,4.97714336233912e-06,0.24403193593025208
4745,-4.254901960784325,102,100,0.9774509803921568,-0.022042272612452507,10.002337455749512,4.449756033864105e-06,0.18762700259685516
4746,40.95652173913044,46,40,0.8695652173913043,0.21113459765911102,30.35511589050293,4.589981017488753e-06,1.5070021152496338
4747,63.95652173913043,23,20,0.8695652173913043,0.10881750285625458,31.85713005065918,4.737028575618751e-06,1.544701337814331
4748,47.299319727891145,49,48,0.9629931972789115,-0.3054806888103485,20.457149505615234,4.768080088979332e-06,0.7748083472251892
4749,-102.70149253731344,201,198,0.9829850746268657,0.010246647521853447,4.162472248077393,4.767204700328875e-06,0.06227115914225578
4750,43.888888888888886,45,40,0.8888888888888888,0.4362024664878845,32.97365951538086,4.775720753968926e-06,0.3845733106136322
4751,-5.702127659574474,94,83,0.8829787234042553,0.4417019784450531,20.259252548217773,4.5856468204874545e-06,0.7195724844932556
4752,46.564102564102555,52,52,0.9856410256410256,0.038684967905282974,21.340290069580078,4.502051069721347e-06,0.005657357629388571
4753,43.888888888888886,45,40,0.8888888888888888,0.01997227780520916,34.0124397277832,4.383877239888534e-06,0.5861768126487732
4754,43.88888888888888,45,40,0.8888888888888888,0.0911741629242897,28.39443588256836,4.450866072147619e-06,1.0365698337554932
4755,49.36879432624113,47,46,0.9636879432624114,-0.29236143827438354,18.534162521362305,4.478182290768018e-06,0.8272237181663513
4756,63.95652173913042,23,20,0.8695652173913043,-0.31289783120155334,37.77730178833008,4.497929239732912e-06,1.0832436084747314
4757,-9.541666666666659,96,83,0.8645833333333334,-0.5958874821662903,13.104633331298828,4.545811862044502e-06,0.9760262966156006
4758,63.95652173913043,23,20,0.8695652173913043,-0.992417573928833,37.58058547973633,5.370415237848647e-06,3.7042956352233887
4759,-105.46732026143792,204,202,0.9853267973856209,0.04570545256137848,4.791689872741699,5.3661751735489815e-06,0.010156005620956421
4760,40.95652173913043,46,40,0.8695652173913043,-0.8561144471168518,26.915924072265625,5.307120318320813e-06,1.5927133560180664
4761,63.95652173913042,23,20,0.8695652173913043,0.3581235110759735,36.31745147705078,5.256215445115231e-06,0.8976979851722717
4762,46.73333333333333,50,49,0.9673333333333334,-0.12432890385389328,16.07616424560547,5.2545233302225824e-06,0.06082287058234215
4763,-107.9243156199678,207,206,0.990756843800322,-0.09016464650630951,6.2236504554748535,5.235051048657624e-06,0.27559831738471985
4764,63.95652173913042,23,20,0.8695652173913043,0.1563672423362732,43.023895263671875,5.216000317886937e-06,0.36019307374954224
4765,-6.480769230769237,104,102,0.9751923076923077,-0.03738245740532875,8.376951217651367,5.191738182475092e-06,0.20556390285491943
4766,-106.9479674796748,205,202,0.980520325203252,0.17227408289909363,5.084849834442139,5.191900527279358e-06,0.013491584919393063
4767,59.333333333333336,24,20,0.8333333333333334,0.8019850850105286,39.76160430908203,5.863909791514743e-06,3.252488374710083
4768,40.95652173913044,46,40,0.8695652173913043,0.2235611379146576,27.677045822143555,5.751386197516695e-06,0.15001775324344635
4769,46.564102564102555,52,52,0.9856410256410256,-0.2902781367301941,11.806620597839355,5.692812464985764e-06,0.003604138968512416
4770,63.95652173913044,23,20,0.8695652173913043,-1.319978952407837,32.8269157409668,6.639199000346707e-06,3.992950916290283
4771,-108.45893719806764,207,204,0.9854106280193237,-0.042534567415714264,3.695294141769409,6.408306489902316e-06,0.15068984031677246
4772,-5.961538461538467,104,103,0.9803846153846154,0.004290517885237932,7.760426998138428,6.354469405778218e-06,0.37226781249046326
4773,63.95652173913044,23,20,0.8695652173913043,0.3583623468875885,31.978830337524414,6.392353043338517e-06,0.697177529335022
4774,-104.76026272577998,203,200,0.9823973727422003,-0.12383107095956802,4.56928825378418,6.379444130288903e-06,0.0223450418561697
4775,46.564102564102555,52,52,0.9856410256410256,-0.1808062344789505,11.427499771118164,6.351180672936607e-06,0.01548796333372593
4776,-5.702127659574472,94,83,0.8829787234042553,0.07431279867887497,12.616096496582031,6.367708465404576e-06,0.4680009186267853
4777,-9.541666666666668,96,83,0.8645833333333334,0.3252753019332886,15.858746528625488,6.519528596982127e-06,1.5348933935165405
4778,-109.40064102564104,208,206,0.9859935897435897,-0.16616924107074738,4.287164688110352,6.4970772655215114e-06,0.06142175942659378
4779,46.73333333333333,50,49,0.9673333333333334,0.28318414092063904,17.8499755859375,6.555733307322953e-06,0.9262782335281372
4780,-5.961538461538465,104,103,0.9803846153846154,0.2422400265932083,7.798182487487793,6.525801836687606e-06,0.5801489353179932
4781,63.95652173913044,23,20,0.8695652173913043,0.2538937032222748,35.46419143676758,6.5557946982153226e-06,0.8060012459754944
4782,63.95652173913043,23,20,0.8695652173913043,0.40081650018692017,29.07229995727539,6.542370101669803e-06,0.3670427203178406
4783,-9.54166666666667,96,83,0.8645833333333334,-0.1696902960538864,15.054084777832031,6.544190000568051e-06,0.2041318267583847
4784,-8.93769470404985,107,106,0.9806230529595016,-0.24605534970760345,8.46455192565918,6.55541361993528e-06,0.45081406831741333
4785,40.95652173913043,46,40,0.8695652173913043,-0.7157120704650879,26.666175842285156,6.759401912859175e-06,1.869310736656189
4786,63.95652173913043,23,20,0.8695652173913043,0.6218063235282898,33.21312713623047,6.8507783907989506e-06,1.189313292503357
4787,63.95652173913044,23,20,0.8695652173913043,-1.1318306922912598,35.071128845214844,7.151132649596548e-06,2.276900291442871
4788,63.95652173913044,23,20,0.8695652173913043,0.24282188713550568,35.05534362792969,7.1353647399519105e-06,0.18431180715560913
4789,-4.254901960784325,102,100,0.9774509803921568,0.12883254885673523,7.5565314292907715,7.1351400947605725e-06,0.04845711961388588
4790,48.10204081632652,49,48,0.9710204081632653,0.34762251377105713,16.00505828857422,7.124303465388948e-06,0.0872567892074585
4791,-5.702127659574476,94,83,0.8829787234042553,0.07292000204324722,14.866336822509766,7.1123581619758625e-06,0.3254278898239136
4792,-103.45214521452147,202,200,0.9854785478547855,0.005982790142297745,4.239984035491943,6.958483481867006e-06,0.05561121553182602
4793,46.75163398692809,51,51,0.977516339869281,0.0493110828101635,12.412032127380371,6.954819127713563e-06,0.08549882471561432
4794,47.299319727891145,49,48,0.9629931972789115,0.04371550306677818,19.764564514160156,6.871528967167251e-06,0.09647466242313385
4795,-9.54166666666666,96,83,0.8645833333333334,-0.3164691925048828,10.81383228302002,6.871160167065682e-06,0.050137441605329514
4796,-7.051282051282063,104,101,0.9694871794871794,-0.18452884256839752,9.414159774780273,6.871099230920663e-06,0.05390191078186035
4797,63.95652173913043,23,20,0.8695652173913043,-0.2658044099807739,31.427047729492188,6.879465672682272e-06,0.7590582966804504
4798,-9.541666666666666,96,83,0.8645833333333334,-0.053454991430044174,18.009340286254883,6.8906474552932195e-06,0.8629515171051025
4799,-105.44117647058825,204,202,0.9855882352941177,-0.055229343473911285,4.430578708648682,6.889700671308674e-06,0.0380602665245533
4800,49.027210884353735,49,49,0.9802721088435374,0.00698719872161746,17.28799819946289,6.886656137794489e-06,0.028018658980727196
4801,-9.541666666666668,96,83,0.8645833333333334,-0.17240794003009796,16.05489158630371,6.8811991695838515e-06,0.03779008612036705
4802,-107.9243156199678,207,206,0.990756843800322,-0.20681414008140564,4.418274402618408,6.811833372921683e-06,0.11143241822719574
4803,-105.54575163398692,204,201,0.9845424836601308,-0.07542463392019272,4.064298152923584,6.484960522357142e-06,0.029225336387753487
4804,63.95652173913043,23,20,0.8695652173913043,-0.14026440680027008,36.198326110839844,6.2096073634165805e-06,1.0136383771896362
4805,-2.8151815181518285,101,100,0.9818481848184818,0.3137926161289215,8.338542938232422,6.1954565353516955e-06,0.011496737599372864
4806,-5.961538461538467,104,103,0.9803846153846154,0.06080144643783569,7.7831220626831055,6.1716168602288235e-06,0.07174727320671082
4807,43.888888888888886,45,40,0.8888888888888888,0.4964790940284729,31.004024505615234,6.120026682765456e-06,0.6992477774620056
4808,46.73333333333333,50,49,0.9673333333333334,-0.15664489567279816,14.711180686950684,6.034239959262777e-06,0.30997392535209656
4809,-4.915857605178004,103,102,0.98084142394822,0.08592849969863892,8.724971771240234,5.797113772132434e-06,0.23959769308567047
4810,-7.631578947368421,95,83,0.8736842105263158,-0.3735387325286865,12.884352684020996,5.771193627879256e-06,0.6914619207382202
4811,-9.541666666666664,96,83,0.8645833333333334,-0.04101835936307907,14.398595809936523,5.779886123491451e-06,0.2814931273460388
4812,49.36879432624113,47,46,0.9636879432624114,-0.0469772033393383,18.526287078857422,5.761625288869254e-06,0.23277902603149414
4813,63.95652173913043,23,20,0.8695652173913043,-0.7338540554046631,50.92811584472656,6.09188100497704e-06,2.43857479095459
4814,38.1063829787234,47,40,0.851063829787234,0.2714149057865143,29.929046630859375,6.104325620981399e-06,0.353880375623703
4815,-5.702127659574467,94,83,0.8829787234042553,-0.19712889194488525,13.383588790893555,6.0953157117182855e-06,0.5158175826072693
4816,49.027210884353735,49,49,0.9802721088435374,0.040710531175136566,19.245615005493164,6.09420476394007e-06,0.00770216528326273
4817,63.95652173913042,23,20,0.8695652173913043,0.6440257430076599,34.038719177246094,5.951289494987577e-06,1.201613187789917
4818,-104.76026272577998,203,200,0.9823973727422003,-0.07321478426456451,3.8731305599212646,5.956341283308575e-06,0.26058444380760193
4819,40.95652173913043,46,40,0.8695652173913043,-0.6202585101127625,28.852659225463867,6.152923106128583e-06,1.9183710813522339
4820,63.95652173913043,23,20,0.8695652173913043,-0.12564975023269653,34.83560562133789,6.017971827532165e-06,0.769623875617981
4821,40.95652173913043,46,40,0.8695652173913043,0.04357931390404701,25.952388763427734,6.058610324544134e-06,0.683453381061554
4822,38.1063829787234,47,40,0.851063829787234,0.5758196115493774,27.35541343688965,6.2739568420511205e-06,1.8392479419708252
4823,47.26666666666666,50,49,0.9726666666666667,0.20849061012268066,18.536298751831055,6.259960628085537e-06,0.2697628438472748
4824,40.95652173913044,46,40,0.8695652173913043,0.35248488187789917,28.586551666259766,6.283147286012536e-06,0.49339473247528076
4825,40.95652173913043,46,40,0.8695652173913043,-0.46162188053131104,27.93368148803711,6.36342201687512e-06,1.649766445159912
4826,59.333333333333336,24,20,0.8333333333333334,1.0426881313323975,39.45366287231445,6.546879831148544e-06,1.5823441743850708
4827,-106.9479674796748,205,202,0.980520325203252,0.023796189576387405,3.959820508956909,6.546551503561204e-06,0.0728895515203476
4828,63.95652173913043,23,20,0.8695652173913043,-0.3880685865879059,31.834505081176758,6.8629706220235676e-06,2.4132354259490967
4829,63.95652173913044,23,20,0.8695652173913043,0.23985916376113892,34.531246185302734,6.906401267769979e-06,0.7027713656425476
4830,63.95652173913044,23,20,0.8695652173913043,0.3570758104324341,27.7846736907959,6.869109256513184e-06,0.2287435084581375
4831,-4.9158576051780045,103,102,0.98084142394822,0.20580969750881195,7.662469387054443,6.8734325395780616e-06,0.1892562061548233
4832,47.62585034013605,49,48,0.9662585034013605,-0.36406561732292175,19.312911987304688,6.791889518353855e-06,1.8354305028915405
4833,40.95652173913043,46,40,0.8695652173913043,0.006913900841027498,26.8695125579834,6.775261681468692e-06,0.4200604259967804
4834,-5.961538461538467,104,103,0.9803846153846154,0.15839679539203644,8.980173110961914,6.773789664293872e-06,0.0586187019944191
4835,-7.051282051282062,104,101,0.9694871794871794,-0.38160964846611023,8.822395324707031,6.871962341392646e-06,1.427913784980774
4836,59.333333333333336,24,20,0.8333333333333334,0.45522958040237427,48.164222717285156,6.864342140033841e-06,0.2848375141620636
4837,-106.9479674796748,205,202,0.980520325203252,0.0045285914093256,4.47304630279541,6.865038812975399e-06,0.008011391386389732
4838,-105.54575163398692,204,201,0.9845424836601308,-0.05291396751999855,4.586472988128662,6.870035122119589e-06,0.3012036681175232
4839,40.95652173913043,46,40,0.8695652173913043,-0.4925706088542938,26.475318908691406,6.622166438319255e-06,0.642393946647644
4840,-9.043613707165113,107,105,0.979563862928349,0.02752062678337097,9.83374309539795,6.6316279117017984e-06,0.30887752771377563
4841,-105.44117647058825,204,202,0.9855882352941177,-0.0843283161520958,4.640684604644775,6.628348728554556e-06,0.006319317035377026
4842,-7.631578947368411,95,83,0.8736842105263158,-0.4605148136615753,13.079133987426758,6.59405213809805e-06,0.7639670968055725
4843,46.73333333333333,50,49,0.9673333333333334,-0.1697564423084259,18.92528533935547,6.595106242457405e-06,0.06979820132255554
4844,-11.432989690721659,97,83,0.8556701030927835,-0.37894704937934875,17.251483917236328,6.609242518607061e-06,0.6070846319198608
4845,59.333333333333336,24,20,0.8333333333333334,0.4095027446746826,49.738040924072266,6.89222770233755e-06,2.0605924129486084
4846,40.95652173913043,46,40,0.8695652173913043,-0.07186918705701828,31.050090789794922,6.741474862792529e-06,0.26442551612854004
4847,40.95652173913043,46,40,0.8695652173913043,0.45370957255363464,30.201478958129883,6.635327736148611e-06,0.8964857459068298
4848,47.26666666666666,50,49,0.9726666666666667,0.3857816755771637,26.07697105407715,6.60918522044085e-06,0.24720171093940735
4849,-105.54575163398692,204,201,0.9845424836601308,0.12477950006723404,5.753756046295166,6.6080365286325105e-06,0.20869924128055573
4850,-8.93769470404985,107,106,0.9806230529595016,0.09460433572530746,9.278814315795898,6.605870112252887e-06,0.34757134318351746
4851,-9.541666666666666,96,83,0.8645833333333334,-0.3784030079841614,14.716079711914062,6.580254193977453e-06,0.6479613780975342
4852,46.626666666666665,50,49,0.9662666666666667,0.5986308455467224,16.156036376953125,6.984362698858604e-06,2.452437162399292
4853,-7.0512820512820635,104,101,0.9694871794871794,-0.02088860794901848,8.97640323638916,6.9696166065114085e-06,0.12428250163793564
4854,-9.541666666666657,96,83,0.8645833333333334,-0.5084882974624634,18.408002853393555,6.929200026206672e-06,0.5784705877304077
4855,-7.631578947368416,95,83,0.8736842105263158,-0.33191409707069397,13.51064395904541,6.89548005539109e-06,0.02858397178351879
4856,40.95652173913044,46,40,0.8695652173913043,-0.0173651073127985,26.897802352905273,6.868573109386489e-06,0.6925370097160339
4857,43.88888888888888,45,40,0.8888888888888888,-0.1592579483985901,24.364492416381836,6.844130439276341e-06,0.6156734824180603
4858,-105.44117647058825,204,202,0.9855882352941177,-0.031989045441150665,4.011706829071045,6.012989160808502e-06,0.11922018975019455
4859,40.95652173913043,46,40,0.8695652173913043,-0.16257953643798828,23.74287986755371,6.033360023138812e-06,0.5685386061668396
4860,46.46153846153846,52,52,0.9846153846153847,-0.26643961668014526,22.804269790649414,5.922569471294992e-06,0.8594726920127869
4861,63.95652173913044,23,20,0.8695652173913043,0.003377819200977683,35.38582229614258,5.873486315977061e-06,0.0979582741856575
4862,48.68707482993197,49,48,0.9768707482993197,0.16918547451496124,19.772062301635742,5.882648110855371e-06,0.3954278528690338
4863,-7.051282051282063,104,101,0.9694871794871794,0.1977885514497757,9.217280387878418,5.883021003683098e-06,0.2769036591053009
4864,-6.480769230769237,104,102,0.9751923076923077,0.08650930970907211,7.746046543121338,5.882804543944076e-06,0.35836291313171387
4865,-110.85964912280703,209,206,0.9814035087719298,0.10337095707654953,5.520400524139404,5.881639481231105e-06,0.15458627045154572
4866,-5.718446601941757,103,101,0.9728155339805825,0.09416959434747696,7.923928260803223,5.881678589503281e-06,0.03225237876176834
4867,63.95652173913044,23,20,0.8695652173913043,0.4590909779071808,34.4711799621582,5.323924142430769e-06,1.2421941757202148
4868,-102.70149253731344,201,198,0.9829850746268657,-0.07256501168012619,4.463339805603027,5.326854534359882e-06,0.2456274926662445
4869,-4.592233009708751,103,102,0.9840776699029126,0.2442193180322647,9.398059844970703,5.328175575414207e-06,0.13735629618167877
4870,-108.53945249597425,207,204,0.9846054750402576,-0.4354049563407898,5.200859546661377,4.359471859061159e-06,0.5280836224555969
4871,40.95652173913042,46,40,0.8695652173913043,0.15075385570526123,26.616439819335938,4.455238922673743e-06,1.2837624549865723
4872,63.95652173913043,23,20,0.8695652173913043,-0.11215507984161377,27.94261360168457,4.448882009455701e-06,0.29933515191078186
4873,38.10638297872341,47,40,0.851063829787234,-0.539671778678894,30.473957061767578,4.582933797792066e-06,1.585667610168457
4874,63.95652173913044,23,20,0.8695652173913043,-0.42331069707870483,35.81513214111328,4.7256166908482555e-06,1.5087552070617676
4875,63.95652173913044,23,20,0.8695652173913043,0.24404403567314148,42.776065826416016,4.796212579094572e-06,1.0822679996490479
4876,48.10204081632652,49,48,0.9710204081632653,0.5504540205001831,14.553959846496582,4.889887804893078e-06,1.3327717781066895
4877,-105.44117647058825,204,202,0.9855882352941177,0.0652603805065155,4.490322113037109,4.750432708533481e-06,0.18408961594104767
4878,43.893081761006286,53,52,0.9689308176100629,0.16237729787826538,14.543569564819336,4.755363079311792e-06,0.297209233045578
4879,46.75163398692809,51,51,0.977516339869281,0.0984162837266922,12.175782203674316,4.724605787487235e-06,0.5938941836357117
4880,-8.93769470404985,107,106,0.9806230529595016,-0.28237661719322205,8.313222885131836,4.723430265585193e-06,0.5598494410514832
4881,47.299319727891145,49,48,0.9629931972789115,-0.03984551504254341,15.659198760986328,4.690271907747956e-06,0.36660245060920715
4882,63.95652173913043,23,20,0.8695652173913043,-0.24744358658790588,52.135826110839844,4.682546659751097e-06,0.13141536712646484
4883,-4.254901960784324,102,100,0.9774509803921568,0.14746367931365967,7.580550670623779,4.6833770284138154e-06,0.23264604806900024
4884,63.95652173913042,23,20,0.8695652173913043,-0.2540973424911499,33.102962493896484,4.678768164012581e-06,0.35367172956466675
4885,40.95652173913042,46,40,0.8695652173913043,-0.455226868391037,26.47902488708496,4.4905364120495506e-06,0.6427996158599854
4886,-105.54575163398694,204,201,0.9845424836601308,-0.10647941380739212,4.224789142608643,4.401956630317727e-06,0.05957493185997009
4887,-108.45893719806764,207,204,0.9854106280193237,-0.05598001182079315,5.467811584472656,4.086955414095428e-06,0.22204512357711792
4888,46.75163398692809,51,51,0.977516339869281,-0.24519656598567963,13.02197265625,4.088193691131892e-06,0.2309420257806778
4889,46.46153846153847,52,52,0.9846153846153847,-0.21803948283195496,21.326061248779297,4.201346655463567e-06,1.3550643920898438
4890,43.888888888888886,45,40,0.8888888888888888,0.314465194940567,29.387672424316406,4.205191544315312e-06,0.27444347739219666
4891,46.62666666666667,50,49,0.9662666666666667,-0.0738508403301239,19.29464340209961,4.2319652493461035e-06,0.7562458515167236
4892,-2.9537953795379637,101,100,0.9804620462046204,-0.09478437900543213,8.602470397949219,4.231986167724244e-06,0.057755231857299805
4893,-2.8151815181518294,101,100,0.9818481848184818,0.6190928816795349,10.336435317993164,4.250561687513255e-06,0.5365480780601501
4894,-109.40064102564104,208,206,0.9859935897435897,-0.13141733407974243,5.2883429527282715,4.249808171152836e-06,0.009641831740736961
4895,-107.9243156199678,207,206,0.990756843800322,-0.16287080943584442,5.10666036605835,4.2528613448666874e-06,0.21215440332889557
4896,-9.541666666666664,96,83,0.8645833333333334,0.02230444923043251,14.765896797180176,4.291440745873842e-06,0.7846959233283997
4897,49.027210884353735,49,49,0.9802721088435374,0.03794991225004196,16.84376335144043,4.256182364770211e-06,0.06733456254005432
4898,-5.718446601941757,103,101,0.9728155339805825,0.026915494352579117,9.02039909362793,4.210536189930281e-06,0.0553366057574749
4899,-102.70149253731344,201,198,0.9829850746268657,-0.2858249843120575,5.154003620147705,4.210574388707755e-06,0.05295082554221153
4900,47.62585034013605,49,48,0.9662585034013605,-0.15644118189811707,12.698278427124023,4.219363290758338e-06,0.3840502202510834
4901,-4.915857605178004,103,102,0.98084142394822,-0.0002892875927500427,8.219325065612793,4.222102234052727e-06,0.21435214579105377
4902,46.73333333333333,50,49,0.9673333333333334,0.08113487809896469,17.61163330078125,4.226619239489082e-06,0.2940432131290436
4903,46.626666666666665,50,49,0.9662666666666667,-0.022787615656852722,17.990415573120117,4.2273272811144125e-06,0.11358294636011124
4904,-9.541666666666659,96,83,0.8645833333333334,-0.9758328795433044,14.743220329284668,4.57726218883181e-06,2.5923349857330322
4905,-7.631578947368418,95,83,0.8736842105263158,0.1411888301372528,15.749625205993652,4.615745638147928e-06,0.7823718190193176
4906,-4.592233009708751,103,102,0.9840776699029126,0.40825536847114563,8.761963844299316,4.621177140506916e-06,0.3024160861968994
4907,-6.480769230769235,104,102,0.9751923076923077,-0.06681102514266968,8.16451358795166,4.594707661453867e-06,0.2641454041004181
4908,-9.541666666666668,96,83,0.8645833333333334,0.18668989837169647,13.089978218078613,4.6339991968125105e-06,0.8505989909172058
4909,-5.702127659574467,94,83,0.8829787234042553,-0.24099098145961761,15.441425323486328,4.645557510229992e-06,0.4984215795993805
4910,47.299319727891145,49,48,0.9629931972789115,0.07341502606868744,16.173473358154297,4.6163595470716245e-06,0.02554207295179367
4911,-100.66834170854271,199,196,0.9833165829145729,-0.03670601546764374,4.308833599090576,4.612384600477526e-06,0.12591347098350525
4912,59.333333333333336,24,20,0.8333333333333334,-0.2237558364868164,37.52168273925781,4.691155481850728e-06,1.1608773469924927
4913,-7.107936507936511,105,104,0.978920634920635,-0.2921590209007263,10.828089714050293,4.3256859498796985e-06,0.12438783794641495
4914,63.95652173913043,23,20,0.8695652173913043,-0.273639053106308,33.73399353027344,4.340872692409903e-06,0.5968058705329895
4915,-7.051282051282062,104,101,0.9694871794871794,0.0022872011177241802,11.652512550354004,4.324096153140999e-06,0.013822724111378193
4916,63.95652173913043,23,20,0.8695652173913043,0.4984130263328552,36.09952926635742,4.365554104879266e-06,0.8334759473800659
4917,63.95652173913044,23,20,0.8695652173913043,-0.5637611746788025,36.51738357543945,4.777298272529151e-06,2.855226516723633
4918,-106.9479674796748,205,202,0.980520325203252,-0.06728687137365341,4.406839370727539,4.782763426192105e-06,0.4409218728542328
4919,-3.3594771241830133,102,101,0.9864052287581699,0.1774555742740631,8.241968154907227,4.564046776067698e-06,0.23686416447162628
4920,-6.480769230769237,104,102,0.9751923076923077,-0.10495544224977493,7.927258491516113,4.52863605460152e-06,0.044694218784570694
4921,49.027210884353735,49,49,0.9802721088435374,-0.5196635723114014,14.408591270446777,4.7089547479117755e-06,1.8673226833343506
4922,-7.631578947368416,95,83,0.8736842105263158,-0.12552978098392487,14.030488967895508,4.492255357035901e-06,0.0774550586938858
4923,40.95652173913043,46,40,0.8695652173913043,-0.23949524760246277,27.411577224731445,4.497944701142842e-06,0.33198684453964233
4924,-7.631578947368421,95,83,0.8736842105263158,-0.44082382321357727,15.106829643249512,4.480190000322182e-06,0.0027776812203228474
4925,-102.70149253731344,201,198,0.9829850746268657,-0.2286265641450882,4.513708114624023,4.320678272051737e-06,0.032206371426582336
4926,-6.480769230769237,104,102,0.9751923076923077,-0.154890239238739,8.06379222869873,4.158919637120562e-06,0.007539044599980116
4927,-7.631578947368419,95,83,0.8736842105263158,-0.07442697882652283,11.419866561889648,4.170095508015947e-06,0.3826422095298767
4928,-99.21885521885523,198,196,0.9878114478114478,0.11976247280836105,5.434533596038818,3.821122390945675e-06,0.14436762034893036
4929,63.95652173913042,23,20,0.8695652173913043,0.7408406138420105,42.609703063964844,3.879152245644946e-06,1.1913461685180664
4930,-3.764705882352954,102,101,0.9823529411764705,0.025077441707253456,9.087124824523926,3.8763250813644845e-06,0.011072603054344654
4931,-105.44117647058825,204,202,0.9855882352941177,0.25161847472190857,4.047311305999756,3.8843477341288235e-06,0.40173831582069397
4932,-7.0512820512820635,104,101,0.9694871794871794,0.013828404247760773,10.14814567565918,3.6896078654535813e-06,0.4343806505203247
4933,-4.2549019607843235,102,100,0.9774509803921568,-0.12098661065101624,8.120861053466797,3.699448370753089e-06,0.6182769536972046
4934,-108.53945249597425,207,204,0.9846054750402576,-0.22275927662849426,4.447482109069824,3.6994931633671513e-06,0.0686391070485115
4935,-7.107936507936511,105,104,0.978920634920635,-0.2047477513551712,10.81261920928955,3.602142896852456e-06,0.623060405254364
4936,-1.4466666666666694,100,99,0.9855333333333334,0.15423694252967834,8.488527297973633,3.607118969739531e-06,0.3962711691856384
4937,40.95652173913043,46,40,0.8695652173913043,-0.4347791075706482,27.646930694580078,3.6121073208050802e-06,0.28617268800735474
4938,46.564102564102555,52,52,0.9856410256410256,-0.23539194464683533,12.43407154083252,3.608847691793926e-06,0.20837004482746124
4939,63.95652173913044,23,20,0.8695652173913043,-0.3561371862888336,38.423622131347656,3.6630012800742406e-06,1.1411099433898926
4940,-9.54166666666666,96,83,0.8645833333333334,-0.45559951663017273,15.488472938537598,3.720925178640755e-06,1.043591856956482
4941,63.95652173913043,23,20,0.8695652173913043,0.28391388058662415,37.98781967163086,3.750908945221454e-06,0.6746704578399658
4942,40.95652173913044,46,40,0.8695652173913043,-0.4199908375740051,27.367429733276367,3.850499979307642e-06,1.4947490692138672
4943,-2.9537953795379654,101,100,0.9804620462046204,-0.08980853110551834,7.785138130187988,3.850039774988545e-06,0.07298529893159866
4944,63.95652173913043,23,20,0.8695652173913043,-1.1891591548919678,37.631961822509766,4.078801339346683e-06,2.0455126762390137
4945,-100.66834170854271,199,196,0.9833165829145729,0.16744162142276764,5.458918571472168,3.803440677074832e-06,0.06995003670454025
4946,48.10204081632652,49,48,0.9710204081632653,0.05192449316382408,15.027976036071777,3.797013960138429e-06,0.136859729886055
4947,-3.764705882352954,102,101,0.9823529411764705,-0.0033513756934553385,8.647229194641113,3.752655629796209e-06,0.5493935346603394
4948,43.888888888888886,45,40,0.8888888888888888,-0.18134379386901855,27.622974395751953,3.8094938190624816e-06,1.060510277748108
4949,63.95652173913043,23,20,0.8695652173913043,0.3190822899341583,37.49277877807617,4.1135722312901635e-06,2.1463348865509033
4950,-9.541666666666659,96,83,0.8645833333333334,-0.32629042863845825,13.716683387756348,4.145812454225961e-06,0.9105443954467773
4951,40.95652173913042,46,40,0.8695652173913043,-0.1644725799560547,27.202917098999023,4.212810381432064e-06,1.2689560651779175
4952,63.95652173913044,23,20,0.8695652173913043,0.7572178244590759,32.08884811401367,4.190194886177778e-06,2.3790884017944336
4953,-4.254901960784325,102,100,0.9774509803921568,0.2682042717933655,8.656255722045898,4.196217105345568e-06,0.23010942339897156
4954,47.13333333333333,50,49,0.9713333333333334,-0.18222300708293915,21.785064697265625,4.191530933894683e-06,0.4946693480014801
4955,-7.631578947368412,95,83,0.8736842105263158,0.09984968602657318,14.66606616973877,4.202038780931616e-06,0.33566975593566895
4956,63.95652173913043,23,20,0.8695652173913043,0.6209179759025574,34.079776763916016,4.28847442890401e-06,1.3361488580703735
4957,49.027210884353735,49,49,0.9802721088435374,0.1872725635766983,15.450955390930176,4.270058980182512e-06,0.3462047576904297
4958,-6.480769230769237,104,102,0.9751923076923077,-0.2703777253627777,8.440185546875,4.280356279195985e-06,0.5322611331939697
4959,63.95652173913043,23,20,0.8695652173913043,-0.34783855080604553,34.07350540161133,4.378260200610384e-06,1.5150341987609863
4960,-7.631578947368416,95,83,0.8736842105263158,0.06978759914636612,15.070945739746094,4.391959464555839e-06,0.8050131797790527
4961,46.46153846153846,52,52,0.9846153846153847,0.14191241562366486,24.257183074951172,4.395497398945736e-06,0.2164398729801178
4962,38.1063829787234,47,40,0.851063829787234,-0.017550278455018997,28.62421226501465,4.3918375922658015e-06,0.2779079079627991
4963,-4.915857605178004,103,102,0.98084142394822,0.1389235407114029,8.423254013061523,4.394019015308004e-06,0.323110431432724
4964,-4.2549019607843235,102,100,0.9774509803921568,0.004451698623597622,7.534599781036377,4.3849086068803445e-06,0.1346769779920578
4965,-7.631578947368411,95,83,0.8736842105263158,0.06342871487140656,12.439728736877441,4.414102477312554e-06,0.6109554171562195
4966,-5.961538461538465,104,103,0.9803846153846154,0.036760114133358,8.065023422241211,4.413453098095488e-06,0.038116585463285446
4967,-4.254901960784325,102,100,0.9774509803921568,0.01214634720236063,7.4808831214904785,4.309835730964551e-06,0.19132454693317413
4968,46.564102564102555,52,52,0.9856410256410256,-0.23928946256637573,15.701799392700195,4.303366040403489e-06,0.0029111183248460293
4969,-7.107936507936511,105,104,0.978920634920635,-0.13577209413051605,9.896464347839355,4.3156924220966175e-06,0.41186317801475525
4970,63.95652173913043,23,20,0.8695652173913043,-0.24019712209701538,33.472381591796875,4.313388217269676e-06,0.3153558075428009
4971,43.893081761006286,53,52,0.9689308176100629,0.292611300945282,21.189865112304688,4.25813641413697e-06,0.902101993560791
4972,-104.9376026272578,203,200,0.980623973727422,-0.029980910941958427,4.874301910400391,4.249013272783486e-06,0.10202848166227341
4973,48.10204081632652,49,48,0.9710204081632653,0.20451003313064575,16.917036056518555,4.114564944757149e-06,0.36411166191101074
4974,-107.9243156199678,207,206,0.990756843800322,-0.18389892578125,4.75442361831665,3.986868250649422e-06,0.014920779503881931
4975,47.62585034013605,49,48,0.9662585034013605,-0.3363149166107178,16.26736068725586,3.971425030613318e-06,1.0632317066192627
4976,-9.541666666666657,96,83,0.8645833333333334,-0.2977675795555115,11.929079055786133,3.8575203689106274e-06,0.48311033844947815
4977,-5.718446601941757,103,101,0.9728155339805825,0.07283853739500046,9.223334312438965,3.859665412164759e-06,0.11639989167451859
4978,-104.76026272577998,203,200,0.9823973727422003,-0.3103746473789215,4.536251068115234,3.8504590520460624e-06,0.14182572066783905
4979,48.68707482993197,49,48,0.9768707482993197,0.3763694763183594,19.06218147277832,3.8306766327877995e-06,0.29765447974205017
4980,-100.66834170854271,199,196,0.9833165829145729,-0.10271488130092621,4.245036602020264,3.819106041191844e-06,0.07520459592342377
4981,63.95652173913044,23,20,0.8695652173913043,-0.6082874536514282,44.06262969970703,3.91864978155354e-06,1.395916223526001
4982,40.95652173913042,46,40,0.8695652173913043,-0.38340625166893005,26.38111114501953,3.932304935005959e-06,0.6323897838592529
4983,59.333333333333336,24,20,0.8333333333333334,-0.13640734553337097,37.27299880981445,3.972685590269975e-06,0.996572732925415
4984,-4.254901960784325,102,100,0.9774509803921568,0.07574484497308731,10.214529991149902,3.97945950680878e-06,0.28831765055656433
4985,40.95652173913044,46,40,0.8695652173913043,0.20798242092132568,29.171911239624023,3.974175342591479e-06,0.3346388041973114
4986,-1.4466666666666703,100,99,0.9855333333333334,0.13905447721481323,7.8570051193237305,3.976963853347115e-06,0.11295146495103836
4987,-5.961538461538465,104,103,0.9803846153846154,0.014044266194105148,8.392168045043945,3.97180565414601e-06,0.26062679290771484
4988,-104.76026272577998,203,200,0.9823973727422003,-0.038705818355083466,4.5308074951171875,3.972500053350814e-06,0.05623670294880867
4989,-7.631578947368419,95,83,0.8736842105263158,-0.004688860382884741,14.275038719177246,3.87629188480787e-06,0.032407261431217194
4990,-99.21885521885523,198,196,0.9878114478114478,0.09703319519758224,4.2247161865234375,3.874260983138811e-06,0.06177554652094841
4991,43.888888888888886,45,40,0.8888888888888888,0.10404406487941742,29.22431182861328,3.8594826037297025e-06,0.37678080797195435
4992,-108.45893719806764,207,204,0.9854106280193237,-0.10192753374576569,4.540755271911621,3.858939180645393e-06,0.17935197055339813
4993,-6.480769230769237,104,102,0.9751923076923077,-0.06024063378572464,7.979724884033203,3.838590146187926e-06,0.1476486176252365
4994,-5.702127659574469,94,83,0.8829787234042553,-0.17239432036876678,11.108650207519531,3.840226781903766e-06,0.26580366492271423
4995,-2.9537953795379654,101,100,0.9804620462046204,-0.12335581332445145,12.735011100769043,3.838671545963734e-06,0.16654455661773682
4996,40.95652173913042,46,40,0.8695652173913043,0.4414236843585968,26.499067306518555,4.015855665784329e-06,1.822278618812561
4997,40.95652173913044,46,40,0.8695652173913043,0.16347210109233856,24.975997924804688,4.0254590203403495e-06,0.34418782591819763
4998,-5.702127659574477,94,83,0.8829787234042553,0.05986659228801727,11.066313743591309,4.032796368846903e-06,0.2950666546821594
4999,-4.915857605178003,103,102,0.98084142394822,0.18420793116092682,8.015981674194336,4.048431492265081e-06,0.43450218439102173
