episode,reward,bins,optimal_bins,utilization,actor_loss,critic_loss,gradient_variance,gradient_norm
0,-31.78632478632479,117,100,0.8521367521367521,1.127109169960022,16.529815673828125,0.0,27.805334091186523
1,35.333333333333336,48,40,0.8333333333333334,1.3758119344711304,45.73136901855469,0.0035283814650028944,39.36137390136719
2,55.0,25,20,0.8,3.132887125015259,113.82032775878906,0.003487363224849105,21.8734073638916
3,-138.0311111111111,225,196,0.8696888888888888,-6.069579601287842,13.864027976989746,0.0031099352054297924,11.110150337219238
4,55.00000000000001,25,20,0.8,2.682453155517578,88.1823959350586,0.0035043908283114433,32.88972473144531
5,-146.7997138769671,233,201,0.862002861230329,-2.5203518867492676,13.642623901367188,0.003106388496235013,9.828008651733398
6,-31.358974358974365,117,101,0.8564102564102564,-0.2483300268650055,13.822113037109375,0.0030881070997565985,22.52203369140625
7,18.617486338797818,61,49,0.7961748633879782,2.059445858001709,51.963130950927734,0.0029484378173947334,21.876190185546875
8,40.95652173913044,46,40,0.8695652173913043,2.8689963817596436,26.342315673828125,0.002692170673981309,12.00362491607666
9,-1.7826086956521707,92,83,0.9021739130434783,0.7755120396614075,26.39854621887207,0.002460484392940998,7.426151275634766
10,-27.54970760233918,114,99,0.8645029239766082,-0.006210510618984699,26.15038299560547,0.0022702368441969156,10.69806957244873
11,-29.08045977011494,116,101,0.8691954022988506,-0.5418773293495178,12.071980476379395,0.0021307903807610273,11.995161056518555
12,-42.81481481481482,126,105,0.8318518518518518,-1.1429847478866577,28.227359771728516,0.0020867313724011183,18.16497039794922
13,59.333333333333336,24,20,0.8333333333333334,3.9735894203186035,25.286529541015625,0.0021016900427639484,21.03196907043457
14,-5.702127659574464,94,83,0.8829787234042553,-0.9602027535438538,9.821770668029785,0.0019798248540610075,6.06416654586792
15,43.888888888888886,45,40,0.8888888888888888,0.31983765959739685,48.668678283691406,0.0020861607044935226,26.432336807250977
16,-148.2709219858156,235,204,0.867290780141844,-2.9968419075012207,12.668315887451172,0.0019866982474923134,9.388283729553223
17,-147.7177304964539,235,206,0.872822695035461,-2.601384401321411,8.47939682006836,0.0018893335945904255,8.131088256835938
18,29.773809523809522,56,49,0.8577380952380952,-1.1490775346755981,56.50560760498047,0.001933376770466566,25.432485580444336
19,63.95652173913043,23,20,0.8695652173913043,3.426561117172241,90.30244445800781,0.0018663554219529033,15.98717975616455
20,63.95652173913043,23,20,0.8695652173913043,3.782219648361206,69.30321502685547,0.0018136284779757261,14.6931734085083
21,-30.652421652421655,117,102,0.8634757834757835,-2.0428106784820557,20.73822784423828,0.001754926284775138,13.650856018066406
22,43.888888888888886,45,40,0.8888888888888888,0.4497060477733612,43.99989318847656,0.001721364795230329,16.234655380249023
23,-3.752688172043011,93,83,0.8924731182795699,-1.0652605295181274,20.796899795532227,0.0016826880164444447,12.014236450195312
24,-141.29403202328967,229,201,0.8770596797671033,-1.010369896888733,16.299226760864258,0.0016228933818638325,7.892119407653809
25,23.632183908045974,58,48,0.8163218390804597,-1.9103890657424927,55.15226745605469,0.0016169676091521978,21.832521438598633
26,-29.301449275362316,115,99,0.8569855072463768,-1.9650928974151611,26.588407516479492,0.001569988438859582,12.275566101074219
27,-139.41592920353983,226,196,0.8658407079646018,0.09250123798847198,10.126449584960938,0.001525358995422721,9.696751594543457
28,-132.49924585218702,221,196,0.8850075414781298,0.44122612476348877,16.195236206054688,0.0014825373655185103,9.64671802520752
29,16.23958333333333,64,52,0.8023958333333333,-0.9134228229522705,74.0491714477539,0.0014447957510128617,13.63164234161377
30,-27.324637681159423,115,101,0.8767536231884058,-0.9775477051734924,41.261207580566406,0.0014163474552333355,15.292309761047363
31,33.382716049382715,54,48,0.8738271604938271,-0.9917631149291992,54.38550567626953,0.0016199653036892414,39.90373229980469
32,-143.55021834061134,229,196,0.8544978165938865,-0.34708261489868164,12.687707901000977,0.00157695054076612,7.7462592124938965
33,-144.9799713876967,233,206,0.8802002861230329,-0.770900309085846,18.846830368041992,0.001535655464977026,8.587271690368652
34,38.1063829787234,47,40,0.851063829787234,-0.047988638281822205,39.1792106628418,0.0014954033540561795,9.8170804977417
35,28.261904761904763,56,48,0.8426190476190476,-2.9248178005218506,47.670860290527344,0.0015639306511729956,29.88594627380371
36,28.204678362573095,57,49,0.8520467836257309,-2.248302936553955,33.793495178222656,0.0015843464061617851,24.1909236907959
37,-5.702127659574463,94,83,0.8829787234042553,-0.7738723158836365,24.22075843811035,0.0015496636042371392,8.180988311767578
38,59.33333333333334,24,20,0.8333333333333334,2.0763144493103027,102.15681457519531,0.001524828840047121,16.642396926879883
39,63.95652173913043,23,20,0.8695652173913043,2.0487380027770996,61.3219108581543,0.0015234105521813035,20.671344757080078
40,63.95652173913042,23,20,0.8695652173913043,0.7155810594558716,105.74977111816406,0.0015103782061487436,20.650484085083008
41,-139.14684287812042,227,200,0.8785315712187959,-2.4234681129455566,10.830612182617188,0.0014794376911595464,8.304910659790039
42,32.33333333333333,55,49,0.8733333333333333,-5.57019567489624,61.71836853027344,0.0015818182146176696,34.45026779174805
43,43.88888888888888,45,40,0.8888888888888888,-2.2763702869415283,52.84849548339844,0.0015535455895587802,12.937227249145508
44,-3.7526881720430127,93,83,0.8924731182795699,-1.5170719623565674,28.02232551574707,0.0015221495414152741,7.208896160125732
45,-146.7310443490701,233,202,0.862689556509299,-0.04054548963904381,13.190376281738281,0.0015035998076200485,12.020724296569824
46,43.888888888888886,45,40,0.8888888888888888,-0.05557200312614441,50.274417877197266,0.0014748868998140097,12.578012466430664
47,-3.752688172043016,93,83,0.8924731182795699,0.14424094557762146,31.636489868164062,0.001447947695851326,8.083415031433105
48,63.95652173913043,23,20,0.8695652173913043,3.1252853870391846,116.7325668334961,0.0014225158374756575,14.051966667175293
49,34.64197530864198,54,48,0.8864197530864197,-1.9661883115768433,78.91114044189453,0.0013977945782244205,14.03437328338623
50,63.95652173913044,23,20,0.8695652173913043,0.6393636465072632,112.90435791015625,0.0013838415034115314,19.65142059326172
51,43.88888888888888,45,40,0.8888888888888888,-2.302582025527954,34.991661071777344,0.001359425950795412,12.227805137634277
52,43.88888888888888,45,40,0.8888888888888888,-2.5210745334625244,50.50676345825195,0.0013368036597967148,6.566461086273193
53,43.888888888888886,45,40,0.8888888888888888,-3.892251968383789,22.108919143676758,0.0013135878834873438,10.789595603942871
54,63.95652173913043,23,20,0.8695652173913043,-1.8711491823196411,110.3547592163086,0.0013017954770475626,19.7526798248291
55,43.888888888888886,45,40,0.8888888888888888,-2.5214169025421143,47.90457534790039,0.001280176336877048,9.040431022644043
56,63.95652173913043,23,20,0.8695652173913043,0.45239248871803284,95.88248443603516,0.00126649031881243,18.224424362182617
57,40.95652173913044,46,40,0.8695652173913043,-1.3057152032852173,43.48924255371094,0.0012463453458622098,11.66295337677002
58,-1.7826086956521738,92,83,0.9021739130434783,-1.243979573249817,18.380586624145508,0.0012276946799829602,6.8293256759643555
59,-157.77961432506888,242,204,0.8422038567493113,-0.6514748930931091,17.516468048095703,0.0012122906045988202,5.494580268859863
60,40.95652173913043,46,40,0.8695652173913043,-0.09621170908212662,59.928199768066406,0.0011944168945774436,9.078329086303711
61,34.641975308641975,54,48,0.8864197530864197,-2.366055488586426,67.33765411376953,0.0011824066750705242,16.006288528442383
62,-145.52646638054364,233,204,0.8747353361945637,-0.38760441541671753,17.147701263427734,0.0011696267174556851,6.826525688171387
63,63.95652173913043,23,20,0.8695652173913043,1.5620125532150269,99.50869750976562,0.0011559792328625917,15.382174491882324
64,63.95652173913044,23,20,0.8695652173913043,-0.03674672544002533,63.21967315673828,0.0011514562647789717,21.310136795043945
65,-132.45701357466064,221,196,0.8854298642533937,-2.2439186573028564,17.210092544555664,0.0011380389332771301,5.967920303344727
66,-143.984126984127,231,202,0.8701587301587301,-2.6071910858154297,17.51825714111328,0.0011269765673205256,5.181909084320068
67,-24.769911504424773,113,100,0.8823008849557522,-5.898069381713867,32.48734664916992,0.0011154987150803208,9.957966804504395
68,63.95652173913044,23,20,0.8695652173913043,-2.0190656185150146,100.52410888671875,0.0011004612315446138,9.081555366516113
69,25.588888888888885,60,52,0.8558888888888889,-4.617634296417236,67.72431945800781,0.001087411306798458,5.906242370605469
70,-1.782608695652176,92,83,0.9021739130434783,0.05114788934588432,26.789945602416992,0.001074215630069375,6.764186382293701
71,63.95652173913043,23,20,0.8695652173913043,4.262615203857422,137.71383666992188,0.0010621080873534083,9.948209762573242
72,28.96428571428571,56,48,0.8496428571428571,1.668630599975586,84.21577453613281,0.001057757530361414,11.772551536560059
73,43.888888888888886,45,40,0.8888888888888888,1.4331600666046143,64.44271850585938,0.0010450141271576285,12.371794700622559
74,-3.752688172043007,93,83,0.8924731182795699,0.6639897227287292,20.78754997253418,0.0010335490806028247,5.355435848236084
75,32.33333333333332,55,49,0.8733333333333333,0.42009902000427246,61.69243240356445,0.001028008060529828,10.45478343963623
76,-33.50847457627119,118,100,0.8449152542372881,-1.0796843767166138,23.444578170776367,0.001018193899653852,5.87660551071167
77,-5.702127659574459,94,83,0.8829787234042553,-0.8929179310798645,15.8027982711792,0.0010083112865686417,6.144572734832764
78,40.95652173913043,46,40,0.8695652173913043,0.03882090374827385,43.38527297973633,0.0009970288956537843,6.6454949378967285
79,59.33333333333334,24,20,0.8333333333333334,1.47602379322052,90.06710052490234,0.0011979932896792889,54.92185974121094
80,20.82795698924731,62,52,0.8282795698924731,-2.313281774520874,72.86480712890625,0.0011965666199102998,17.149911880493164
81,33.42424242424242,55,49,0.8842424242424243,-1.999108076095581,66.46959686279297,0.0011889395536854863,6.4655914306640625
82,63.95652173913043,23,20,0.8695652173913043,1.7283028364181519,82.65494537353516,0.0011769999982789159,7.983407497406006
83,43.888888888888886,45,40,0.8888888888888888,-0.6510221362113953,47.13298416137695,0.0011660628952085972,6.5077595710754395
84,-28.30434782608696,115,100,0.8669565217391304,-1.9392980337142944,27.64818572998047,0.0011563749285414815,3.28782320022583
85,63.95652173913043,23,20,0.8695652173913043,1.3271918296813965,102.43012237548828,0.0011827268172055483,24.45087432861328
86,-134.33630952380952,224,201,0.8966369047619047,0.884786069393158,19.62532615661621,0.0011763693764805794,6.946536540985107
87,-29.148148148148156,117,104,0.8785185185185185,-1.8408355712890625,40.171077728271484,0.001169597846455872,5.793333053588867
88,-141.2008733624454,229,202,0.8779912663755458,0.8425729274749756,10.302474021911621,0.0011618745047599077,3.7257583141326904
89,-142.76911976911978,231,204,0.8823088023088023,0.2736949324607849,13.841303825378418,0.0011558166006579995,6.913995265960693
90,-34.37741046831957,121,105,0.8662258953168044,-3.196320056915283,33.56509780883789,0.0011546439491212368,12.069389343261719
91,-3.752688172043018,93,83,0.8924731182795699,-1.997331976890564,34.034584045410156,0.001144086942076683,6.255307197570801
92,-5.702127659574472,94,83,0.8829787234042553,-1.655996561050415,24.433948516845703,0.0011351668508723378,5.178411960601807
93,43.888888888888886,45,40,0.8888888888888888,-1.5829823017120361,54.07347106933594,0.0011319065233692527,10.059219360351562
94,43.88888888888888,45,40,0.8888888888888888,-1.8224093914031982,58.17229461669922,0.0011431565508246422,20.129819869995117
95,43.888888888888886,45,40,0.8888888888888888,-2.0163302421569824,58.89824676513672,0.0011580291902646422,22.943513870239258
96,37.81045751633987,51,46,0.8881045751633987,-2.981706142425537,83.96037292480469,0.0011578997364267707,11.88672924041748
97,-3.7526881720430105,93,83,0.8924731182795699,-0.2912054657936096,26.093097686767578,0.0011478894157335162,4.5663652420043945
98,43.888888888888886,45,40,0.8888888888888888,-0.11449992656707764,65.875,0.0011384967947378755,4.8495073318481445
99,68.9090909090909,22,20,0.9090909090909091,0.7947075366973877,133.94134521484375,0.0011303300270810723,9.872115135192871
100,63.95652173913044,23,20,0.8695652173913043,0.9186232686042786,118.56463623046875,0.0010854881256818771,5.459171772003174
101,-141.2241630276565,229,202,0.8777583697234352,-0.39039346575737,14.450950622558594,0.0009966683574020863,4.414247989654541
102,-20.96428571428571,112,103,0.9103571428571429,-3.271643877029419,26.76715660095215,0.000980363809503615,7.115795612335205
103,46.90909090909091,44,40,0.9090909090909091,-2.842050790786743,30.670854568481445,0.0009769056923687458,8.432345390319824
104,-29.620689655172413,116,101,0.8637931034482759,-3.7897109985351562,26.903181076049805,0.0009404101292602718,16.178014755249023
105,68.9090909090909,22,20,0.9090909090909091,-1.0970896482467651,59.30409240722656,0.0009366577141918242,4.4451117515563965
106,63.95652173913043,23,20,0.8695652173913043,-0.17612381279468536,60.0055046081543,0.0009134567808359861,5.181093692779541
107,40.95652173913043,46,40,0.8695652173913043,-1.1447781324386597,63.66905212402344,0.0009557961602695286,31.945459365844727
108,46.90909090909091,44,40,0.9090909090909091,-0.8245537281036377,70.89849090576172,0.0009726997814141214,19.675119400024414
109,-22.166666666666664,112,101,0.8983333333333333,0.2977738678455353,57.04646301269531,0.0009772494668141007,7.383333683013916
110,-20.165165165165167,111,101,0.9083483483483483,0.42757970094680786,54.11191177368164,0.0009826826862990856,9.18635368347168
111,-25.742690058479532,114,101,0.8825730994152047,-0.2105046510696411,35.498199462890625,0.0009814647492021322,2.389833450317383
112,-1.782608695652173,92,83,0.9021739130434783,-0.41016650199890137,30.26670265197754,0.0009685090626589954,5.422304630279541
113,63.95652173913043,23,20,0.8695652173913043,-0.6417590379714966,115.77371215820312,0.0009478721767663956,8.14590072631836
114,-131.52852852852854,222,201,0.9047147147147148,-1.241824746131897,16.98335838317871,0.0009517297730781138,6.50610876083374
115,-18.90909090909091,110,101,0.9109090909090909,-3.284726619720459,25.604045867919922,0.0009200196363963187,6.698746204376221
116,-3.7526881720430123,93,83,0.8924731182795699,-2.279923915863037,22.46045684814453,0.0009200432687066495,5.202510356903076
117,63.95652173913044,23,20,0.8695652173913043,-2.212404489517212,77.62786102294922,0.0009196514147333801,4.0676589012146
118,-3.7526881720430154,93,83,0.8924731182795699,-1.4825971126556396,14.969515800476074,0.0008924580179154873,2.2890803813934326
119,-5.702127659574463,94,83,0.8829787234042553,-1.0603052377700806,27.88478660583496,0.0008876586798578501,2.3145124912261963
120,43.888888888888886,45,40,0.8888888888888888,-1.7982295751571655,54.41413116455078,0.0008820048533380032,7.198944091796875
121,-135.2536873156342,226,206,0.9074631268436578,1.0555561780929565,17.437557220458984,0.0008799668867141008,3.5973939895629883
122,43.888888888888886,45,40,0.8888888888888888,-0.9341150522232056,53.648921966552734,0.0008712410926818848,8.521947860717773
123,30.540229885057485,58,52,0.8854022988505748,-2.586749792098999,87.71192932128906,0.0008806840633042157,16.128305435180664
124,-18.33939393939393,110,101,0.9166060606060606,0.7236968278884888,31.482248306274414,0.0008841831004247069,5.234771251678467
125,-14.451713395638622,107,100,0.9254828660436137,0.1739967167377472,32.82208251953125,0.0008708827081136405,5.018593788146973
126,40.95652173913044,46,40,0.8695652173913043,-1.091611623764038,47.38173294067383,0.0008678848389536142,5.594923973083496
127,-3.7526881720430074,93,83,0.8924731182795699,-0.8535870313644409,22.144086837768555,0.0008674408891238272,5.41569185256958
128,63.95652173913043,23,20,0.8695652173913043,-1.4857908487319946,81.78445434570312,0.0008718768949620426,12.36225414276123
129,-19.975757575757573,110,100,0.9002424242424243,-2.6788668632507324,28.169198989868164,0.0008707789820618927,4.591739177703857
130,41.52564102564103,52,49,0.9352564102564103,-4.492583274841309,68.97703552246094,0.0008919443353079259,22.155197143554688
131,-128.70135746606334,221,204,0.9229864253393665,-1.028543472290039,12.074254035949707,0.0008099609985947609,2.9765384197235107
132,63.95652173913043,23,20,0.8695652173913043,-0.8846972584724426,97.97822570800781,0.0008145010797306895,13.503646850585938
133,63.95652173913043,23,20,0.8695652173913043,-0.1273614913225174,55.34085464477539,0.0008307188982143998,17.43524742126465
134,40.95652173913043,46,40,0.8695652173913043,-1.4424545764923096,41.31962966918945,0.0008299858309328556,4.7306108474731445
135,46.909090909090914,44,40,0.9090909090909091,-1.2818067073822021,54.22907638549805,0.0007862522616051137,3.9974873065948486
136,40.95652173913044,46,40,0.8695652173913043,-1.303560495376587,39.864776611328125,0.000761120580136776,1.9334043264389038
137,40.95652173913042,46,40,0.8695652173913043,-1.1275439262390137,40.34634780883789,0.0007623117999173701,2.2579305171966553
138,41.52287581699346,51,48,0.9252287581699347,-2.0959527492523193,55.35596466064453,0.0007580562960356474,6.430362701416016
139,43.88888888888889,45,40,0.8888888888888888,-0.3378470838069916,49.38370895385742,0.0007422806229442358,2.19073748588562
140,46.90909090909091,44,40,0.9090909090909091,-0.10646572709083557,51.12171936035156,0.000730052764993161,7.592848300933838
141,46.90909090909091,44,40,0.9090909090909091,0.032230205833911896,49.906803131103516,0.0007289061904884875,4.844560146331787
142,35.702380952380956,56,52,0.9170238095238096,-1.5688936710357666,43.708213806152344,0.0006670728325843811,5.2881388664245605
143,-125.79510703363914,218,202,0.9220489296636085,-0.19612765312194824,12.059244155883789,0.0006661448278464377,7.260123252868652
144,-112.51368760064412,207,196,0.9448631239935588,-0.38724708557128906,10.414244651794434,0.0006676885532215238,4.336246490478516
145,43.888888888888886,45,40,0.8888888888888888,-0.5836376547813416,50.069149017333984,0.000662336649838835,1.8924905061721802
146,-128.18853695324285,221,206,0.9281146304675716,-1.4219895601272583,11.550908088684082,0.000661655270960182,3.298032760620117
147,-16.009174311926607,109,102,0.929908256880734,-1.269033432006836,22.624162673950195,0.0006622678483836353,0.7350763082504272
148,-129.6066066066066,222,206,0.923933933933934,-2.0146892070770264,13.262662887573242,0.000659132027067244,4.323605537414551
149,44.228758169934636,51,49,0.9522875816993464,-3.650207281112671,50.41505432128906,0.0007000063778832555,27.988956451416016
150,46.90909090909091,44,40,0.9090909090909091,-1.0085210800170898,44.527915954589844,0.0006892681121826172,8.30261516571045
151,-115.91428571428573,210,198,0.9408571428571428,-0.037280116230249405,11.05361557006836,0.0006868134951218963,1.8352656364440918
152,-11.943396226415102,106,100,0.940566037735849,0.860633909702301,24.537784576416016,0.0006879291031509638,5.759500026702881
153,-126.76666666666667,220,206,0.9323333333333333,0.20399685204029083,12.373236656188965,0.000686858082190156,3.8713631629943848
154,43.18300653594771,51,49,0.9418300653594771,0.29163098335266113,46.374122619628906,0.0006740899407304823,6.197766304016113
155,-14.456790123456798,108,102,0.9354320987654321,0.35005423426628113,19.94553565979004,0.000677620351780206,8.6868896484375
156,-123.92354740061161,218,206,0.9407645259938838,-1.6635178327560425,12.558462142944336,0.0006648312555626035,4.818205833435059
157,-1.7826086956521725,92,83,0.9021739130434783,-0.7306166291236877,18.866376876831055,0.0006678015342913568,9.513114929199219
158,38.369696969696975,55,52,0.9336969696969697,-3.291191577911377,38.468650817871094,0.0006681144004687667,6.293038845062256
159,46.90909090909091,44,40,0.9090909090909091,-0.2809687554836273,40.73643493652344,0.0006680547958239913,2.0364623069763184
160,-121.56481481481482,216,204,0.9443518518518519,-1.1173981428146362,11.515146255493164,0.000667514861561358,3.584688186645508
161,-112.51368760064412,207,196,0.9448631239935588,-0.5316272377967834,8.978755950927734,0.000658202450722456,3.5227608680725098
162,-10.68888888888889,105,100,0.9431111111111111,-0.2821175456047058,22.516672134399414,0.0006605626549571753,9.883599281311035
163,-14.700305810397563,109,104,0.9429969418960245,0.8667689561843872,20.213151931762695,0.0006572026177309453,7.88594913482666
164,43.73202614379085,51,49,0.9473202614379085,0.8976003527641296,57.1837043762207,0.0006425431347452104,13.68840503692627
165,-116.65560821484992,211,200,0.9434439178515008,-1.4556448459625244,12.309959411621094,0.0006419444107450545,4.847753047943115
166,43.88888888888888,45,40,0.8888888888888888,-0.8324120044708252,49.70672607421875,0.0006408708286471665,4.057674884796143
167,63.95652173913042,23,20,0.8695652173913043,-1.0482972860336304,91.55908966064453,0.0006385896704159677,4.5778679847717285
168,43.888888888888886,45,40,0.8888888888888888,-2.8197994232177734,53.5210075378418,0.0006360472179949284,6.417326927185059
169,63.95652173913042,23,20,0.8695652173913043,-3.4468843936920166,103.38936614990234,0.0006360859260894358,6.386538505554199
170,-118.6056338028169,213,202,0.943943661971831,-2.902451753616333,17.085002899169922,0.0006358458776958287,7.4810357093811035
171,59.333333333333336,24,20,0.8333333333333334,-0.9625234603881836,100.99722290039062,0.0007324397447519004,41.137481689453125
172,46.36111111111109,48,46,0.9436111111111111,0.10971061140298843,38.0460319519043,0.0007267793407663703,5.048833847045898
173,42.8562091503268,51,48,0.938562091503268,0.6722341179847717,43.044437408447266,0.0007243186119012535,8.299259185791016
174,42.85620915032679,51,48,0.938562091503268,0.6755120158195496,47.50971984863281,0.0007259792764671147,9.911885261535645
175,43.73202614379085,51,49,0.9473202614379085,0.8786367177963257,49.30109405517578,0.0007253031362779438,8.742874145507812
176,43.888888888888886,45,40,0.8888888888888888,-0.210739403963089,43.03868865966797,0.0007252200157381594,1.4914113283157349
177,46.90909090909091,44,40,0.9090909090909091,-1.6672533750534058,41.352291107177734,0.0007238408434204757,2.747938871383667
178,38.09090909090909,55,52,0.9309090909090909,-3.210592746734619,55.90470504760742,0.0007230216870084405,0.328540563583374
179,38.09090909090909,55,52,0.9309090909090909,-2.508639335632324,47.10410690307617,0.0005423770635388792,0.5070621967315674
180,-10.555555555555564,105,100,0.9444444444444444,-2.1335675716400146,23.60507583618164,0.0005308794789016247,3.7088160514831543
181,63.95652173913043,23,20,0.8695652173913043,2.8769989013671875,104.63982391357422,0.0005303309299051762,3.9999475479125977
182,-1.7826086956521752,92,83,0.9021739130434783,-0.10034268349409103,25.32880210876465,0.0005284909857437015,2.5715770721435547
183,40.95652173913043,46,40,0.8695652173913043,0.3695666193962097,57.7543830871582,0.0005299158510752022,11.870564460754395
184,-118.6822429906542,214,204,0.9531775700934579,-0.6383947730064392,11.164562225341797,0.0005413317121565342,13.94801139831543
185,43.18300653594771,51,49,0.9418300653594771,-0.8232733607292175,38.93056106567383,0.0005075031658634543,7.813200950622559
186,-10.880503144654094,106,101,0.9511949685534591,-1.4015791416168213,19.466354370117188,0.0005067074089311063,2.9928319454193115
187,43.888888888888886,45,40,0.8888888888888888,-2.9362616539001465,56.29460525512695,0.000509728561155498,11.690032958984375
188,43.88888888888888,45,40,0.8888888888888888,-2.7031681537628174,49.930198669433594,0.0005099055706523359,8.117630958557129
189,-10.69182389937107,106,102,0.9530817610062893,-2.7198028564453125,26.975664138793945,0.0005068050813861191,3.7670352458953857
190,43.88888888888888,45,40,0.8888888888888888,-1.7202842235565186,33.55481719970703,0.0004995203926227987,3.6314356327056885
191,-7.631578947368421,95,83,0.8736842105263158,-0.6620430946350098,19.888568878173828,0.0004986593266949058,1.525222897529602
192,-1.782608695652173,92,83,0.9021739130434783,-0.047254130244255066,21.657012939453125,0.0004976566997356713,3.4428727626800537
193,59.333333333333336,24,20,0.8333333333333334,2.205350160598755,98.0569839477539,0.0004925303510390222,2.1828017234802246
194,43.83660130718954,51,49,0.9483660130718954,1.4545823335647583,47.8441162109375,0.00047118630027398467,1.0352410078048706
195,44.693333333333335,50,48,0.9469333333333333,0.02195638045668602,40.45216369628906,0.0004426384693942964,1.3361880779266357
196,-7.631578947368416,95,83,0.8736842105263158,-0.3907931447029114,13.413125991821289,0.0004370612441562116,2.652312755584717
197,63.95652173913043,23,20,0.8695652173913043,-4.037715435028076,95.61173248291016,0.0004763574688695371,29.707935333251953
198,-115.81200631911533,211,201,0.9518799368088467,0.6034280061721802,7.4350714683532715,0.0004768688231706619,1.8502453565597534
199,46.90909090909091,44,40,0.9090909090909091,-1.3151487112045288,51.85813903808594,0.00047370095853693783,1.5102276802062988
200,44.37333333333333,50,48,0.9437333333333333,-1.0802706480026245,42.014862060546875,0.0004733511887025088,2.569725751876831
201,-113.75279106858055,209,200,0.9524720893141946,0.5006232857704163,8.858409881591797,0.00047255962272174656,1.6680418252944946
202,-9.237179487179489,104,99,0.9476282051282051,0.3978123962879181,13.972929954528809,0.0004712777736131102,2.718001365661621
203,68.9090909090909,22,20,0.9090909090909091,0.18026988208293915,86.56108093261719,0.00046785399899818003,3.1372194290161133
204,-117.3129890453834,213,204,0.9568701095461659,-0.48153048753738403,8.347005844116211,0.000452762731583789,2.398770809173584
205,-9.237179487179493,104,99,0.9476282051282051,-1.2372578382492065,21.47789192199707,0.0004532027232926339,7.691224575042725
206,-114.35873015873017,210,201,0.9564126984126984,-1.3632774353027344,7.264970779418945,0.0004534738545771688,1.683140754699707
207,-108.12418300653596,204,196,0.9587581699346405,-1.370589256286621,8.920186042785645,0.00039401871617883444,4.6567487716674805
208,-5.702127659574472,94,83,0.8829787234042553,-1.8891932964324951,22.977527618408203,0.0003705181006807834,0.5106256008148193
209,43.888888888888886,45,40,0.8888888888888888,-2.311109781265259,43.7127571105957,0.00037068192614242435,6.44144344329834
210,-114.25714285714287,210,202,0.9574285714285714,-0.8055159449577332,7.284683704376221,0.0003692821192089468,1.6945841312408447
211,-117.31298904538342,213,204,0.9568701095461659,-0.5440572500228882,8.95311450958252,0.00036878109676763415,1.4438490867614746
212,43.888888888888886,45,40,0.8888888888888888,-0.4266146123409271,39.707122802734375,0.00036794046172872186,3.5062031745910645
213,-14.715151515151517,110,105,0.9528484848484848,0.20050492882728577,18.41493797302246,0.0003673509054351598,0.6964651346206665
214,40.913580246913575,54,52,0.9491358024691358,0.40869197249412537,29.89835548400879,0.00036785018164664507,8.30443286895752
215,-3.7526881720430123,93,83,0.8924731182795699,-0.1578739881515503,27.58026885986328,0.0003661444061435759,4.553062438964844
216,-3.75268817204301,93,83,0.8924731182795699,-0.1059427335858345,19.782514572143555,0.00036475335946306586,1.4909474849700928
217,63.95652173913043,23,20,0.8695652173913043,-0.8394849300384521,73.0931167602539,0.0003642383962869644,4.2396745681762695
218,-109.54634146341463,205,196,0.9545365853658536,0.040584199130535126,7.070504188537598,0.00036432946217246354,2.480128288269043
219,43.73202614379085,51,49,0.9473202614379085,-0.5592343807220459,34.19923782348633,0.0003636342298705131,3.0486040115356445
220,46.909090909090914,44,40,0.9090909090909091,-0.8368296027183533,49.35786819458008,0.00036214623833075166,3.2089779376983643
221,40.95652173913043,46,40,0.8695652173913043,-0.5456224083900452,43.98908233642578,0.00036205266951583326,2.81125807762146
222,40.81481481481481,54,52,0.9481481481481482,0.5258674025535583,17.132352828979492,0.0003602033539209515,1.2604001760482788
223,43.888888888888886,45,40,0.8888888888888888,0.34907618165016174,30.412860870361328,0.000351168419001624,0.4059544801712036
224,43.888888888888886,45,40,0.8888888888888888,-1.0488507747650146,41.01772689819336,0.00035023962846025825,7.939943313598633
225,-8.647435897435889,104,100,0.9535256410256411,-0.5877743363380432,15.052600860595703,0.00035051751183345914,1.1021459102630615
226,63.95652173913042,23,20,0.8695652173913043,0.07643856108188629,79.15003967285156,0.0003503298794385046,0.670116126537323
227,-8.647435897435894,104,100,0.9535256410256411,-0.9900321960449219,17.654390335083008,0.00034914721618406475,1.323530673980713
228,-3.752688172043011,93,83,0.8924731182795699,-1.4038578271865845,23.26630210876465,0.000344280619174242,6.028241157531738
229,68.9090909090909,22,20,0.9090909090909091,0.7685241103172302,70.6832504272461,0.0003588937979657203,12.054630279541016
230,63.95652173913044,23,20,0.8695652173913043,-1.4726459980010986,93.60694885253906,0.0003368114121258259,8.550294876098633
231,63.95652173913044,23,20,0.8695652173913043,-0.857877790927887,75.69645690917969,0.0003372572537045926,0.8028454184532166
232,40.95652173913044,46,40,0.8695652173913043,-0.7897921204566956,37.469635009765625,0.00032963952980935574,4.19666051864624
233,63.95652173913044,23,20,0.8695652173913043,-1.1848971843719482,69.30876159667969,0.00031156567274592817,7.335972785949707
234,-10.880503144654096,106,101,0.9511949685534591,1.0763301849365234,12.068641662597656,0.000316166813718155,8.7424955368042
235,-3.7526881720430083,93,83,0.8924731182795699,-0.44005218148231506,20.47211265563965,0.00031603610841557384,4.00654935836792
236,44.359477124183016,51,49,0.9535947712418301,0.39042291045188904,31.85662841796875,0.00031692313496023417,0.8692741394042969
237,-5.702127659574465,94,83,0.8829787234042553,-0.3102651834487915,20.51775550842285,0.0003157319442834705,1.898232102394104
238,63.95652173913043,23,20,0.8695652173913043,-2.27915620803833,89.9412612915039,0.0003162746434099972,8.955390930175781
239,-114.25714285714287,210,202,0.9574285714285714,0.8758710026741028,9.47172737121582,0.00031653622863814235,0.46402260661125183
240,-5.702127659574469,94,83,0.8829787234042553,0.18313273787498474,15.997698783874512,0.00031587720150128007,3.4673709869384766
241,44.373333333333335,50,48,0.9437333333333333,1.9324299097061157,37.536109924316406,0.0003153797297272831,3.6158242225646973
242,44.228758169934636,51,49,0.9522875816993464,-0.48196473717689514,21.68678855895996,0.0003152173012495041,4.396783351898193
243,59.333333333333336,24,20,0.8333333333333334,-0.6984365582466125,52.936485290527344,0.0003125513612758368,0.12545789778232574
244,63.95652173913044,23,20,0.8695652173913043,-1.8683425188064575,80.00896453857422,0.00031207254505716264,2.9201226234436035
245,63.95652173913043,23,20,0.8695652173913043,-2.1681697368621826,71.32172393798828,0.0003127125673927367,7.2411699295043945
246,40.95652173913043,46,40,0.8695652173913043,-0.37276503443717957,40.65584182739258,0.0003114752471446991,2.3070316314697266
247,47.62585034013605,49,48,0.9662585034013605,-0.29060912132263184,21.656700134277344,0.0003110188408754766,6.054226875305176
248,-9.571428571428573,105,101,0.9542857142857143,-0.020437439903616905,10.771993637084961,0.0003130993281956762,6.663731575012207
249,-10.880503144654092,106,101,0.9511949685534591,0.09775867313146591,14.953036308288574,0.00026843714294955134,2.1668787002563477
250,-12.737003058103973,109,106,0.9626299694189603,-0.4032135307788849,12.901083946228027,0.0002673428680282086,1.8285720348358154
251,-106.60591133004927,203,196,0.9639408866995074,-1.2151966094970703,6.888523101806641,0.0002674873103387654,0.8493790626525879
252,47.266666666666666,50,49,0.9726666666666667,-0.7175784111022949,25.477197647094727,0.00026731821708381176,5.2507452964782715
253,63.95652173913043,23,20,0.8695652173913043,-4.742983818054199,75.88140106201172,0.00029664410976693034,25.513460159301758
254,-5.7021276595744705,94,83,0.8829787234042553,-1.7242722511291504,21.90317726135254,0.0002975188253913075,1.1120268106460571
255,63.95652173913043,23,20,0.8695652173913043,-0.9580362439155579,79.35417938232422,0.00029667539638467133,4.024557590484619
256,63.95652173913043,23,20,0.8695652173913043,-1.1354986429214478,59.36185073852539,0.000296709913527593,5.957946300506592
257,63.95652173913043,23,20,0.8695652173913043,0.11473332345485687,66.40392303466797,0.0002905293076764792,3.962864637374878
258,-5.702127659574471,94,83,0.8829787234042553,-1.2204467058181763,19.81824493408203,0.00029025707044638693,5.5351881980896
259,38.1063829787234,47,40,0.851063829787234,-0.40554308891296387,37.560665130615234,0.0002901580883190036,4.801299095153809
260,40.95652173913043,46,40,0.8695652173913043,-0.31281596422195435,32.49265670776367,0.0002903359127230942,6.477568626403809
261,-7.631578947368416,95,83,0.8736842105263158,-0.9302868843078613,20.496326446533203,0.00028957094764336944,3.099527597427368
262,63.95652173913044,23,20,0.8695652173913043,0.9800869226455688,74.88042449951172,0.0002876878425013274,0.051813263446092606
263,-7.63157894736841,95,83,0.8736842105263158,-1.5544780492782593,17.663921356201172,0.00028346909675747156,2.1933186054229736
264,-5.7021276595744625,94,83,0.8829787234042553,-2.7007455825805664,24.288419723510742,0.00027848067111335695,8.496506690979004
265,46.62666666666667,50,49,0.9662666666666667,-1.5637059211730957,39.847293853759766,0.0002785390242934227,0.8702649474143982
266,-8.409523809523806,105,102,0.9659047619047619,-0.6280335187911987,13.701051712036133,0.00027910456992685795,0.2833268642425537
267,43.888888888888886,45,40,0.8888888888888888,1.8979485034942627,39.427982330322266,0.00027695964672602713,0.19244278967380524
268,-7.631578947368415,95,83,0.8736842105263158,1.3940489292144775,21.423221588134766,0.0002776393375825137,1.6598973274230957
269,-111.33653846153847,208,202,0.9666346153846154,1.2007166147232056,12.908313751220703,0.00027844271971844137,2.185938835144043
270,-5.702127659574468,94,83,0.8829787234042553,0.9611062407493591,31.15086555480957,0.00027724981191568077,1.602222204208374
271,63.95652173913043,23,20,0.8695652173913043,5.738771915435791,94.48207092285156,0.00019445682119112462,13.181233406066895
272,-105.17491749174918,202,196,0.9682508250825083,0.018169311806559563,14.766886711120605,0.0001944544492289424,1.8304330110549927
273,-7.6315789473684195,95,83,0.8736842105263158,-0.22076654434204102,28.126604080200195,0.0001913470186991617,4.000955581665039
274,40.95652173913043,46,40,0.8695652173913043,0.9823747277259827,57.35374069213867,0.0001884068624349311,4.387574672698975
275,-112.82456140350878,209,202,0.9617543859649123,-0.9450713992118835,14.596756935119629,0.00018734944751486182,4.229610443115234
276,-5.702127659574467,94,83,0.8829787234042553,-0.10341634601354599,28.77499771118164,0.0001877170434454456,0.10357096791267395
277,-8.974603174603175,105,101,0.9602539682539682,-0.17037031054496765,28.314950942993164,0.0001877933245850727,1.2503119707107544
278,63.95652173913043,23,20,0.8695652173913043,1.8195246458053589,108.83312225341797,0.00018967734649777412,9.231260299682617
279,43.73202614379085,51,49,0.9473202614379085,0.12263279408216476,62.87452697753906,0.00018934698891825974,3.8400216102600098
280,-113.80252764612955,211,206,0.9719747235387046,-1.2831087112426758,13.825918197631836,0.0001897196052595973,1.2425949573516846
281,63.95652173913044,23,20,0.8695652173913043,2.3941168785095215,118.43437194824219,0.00018951355013996363,1.9034312963485718
282,43.888888888888886,45,40,0.8888888888888888,0.43109580874443054,62.68913650512695,0.00018925989570561796,4.408204078674316
283,40.95652173913044,46,40,0.8695652173913043,-0.48020339012145996,67.63067626953125,0.00018722501408774406,9.756031036376953
284,-108.39805825242718,206,202,0.9760194174757282,-1.063289999961853,14.109966278076172,0.00017596426187083125,0.4960881769657135
285,-7.2564102564102555,104,101,0.9674358974358974,-0.24343928694725037,28.715892791748047,0.00017530482728034258,3.083923816680908
286,38.1063829787234,47,40,0.851063829787234,-0.20027008652687073,59.22084045410156,0.00017569403280504048,7.9948554039001465
287,-111.33653846153847,208,202,0.9666346153846154,-0.5284148454666138,13.464512825012207,0.00017121530254371464,1.1476809978485107
288,-7.6315789473684195,95,83,0.8736842105263158,-0.6262394785881042,31.643407821655273,0.0001696980616543442,4.766203880310059
289,-109.86956521739131,207,202,0.971304347826087,-0.037910692393779755,12.796685218811035,0.00017263121844734997,6.560147762298584
290,-7.6315789473684115,95,83,0.8736842105263158,0.36754310131073,22.773237228393555,0.0001729342620819807,0.3189411759376526
291,-5.31715210355987,103,101,0.9768284789644013,0.4241670072078705,27.38261604309082,0.00017285291687585413,1.7701327800750732
292,-8.409523809523805,105,102,0.9659047619047619,0.21954794228076935,27.65610122680664,0.00017238057625945657,2.9487838745117188
293,-113.78988941548184,211,206,0.9721011058451817,0.020684445276856422,13.509358406066895,0.00017213888349942863,4.217823505401611
294,-112.86666666666667,210,204,0.9713333333333334,-0.018765121698379517,12.31338882446289,0.00017170055070891976,1.4957249164581299
295,43.89308176100629,53,52,0.9689308176100629,-0.18123935163021088,49.862831115722656,0.0001754384720697999,9.734750747680664
296,-109.86956521739131,207,202,0.971304347826087,-0.4140033721923828,11.759115219116211,0.00017579436826054007,1.0043262243270874
297,-7.631578947368412,95,83,0.8736842105263158,-0.2685089409351349,25.214780807495117,0.00013223197311162949,3.901113271713257
298,45.733333333333334,50,48,0.9573333333333334,-1.853955626487732,62.97064971923828,0.00015462790906894952,20.93709945678711
299,-10.84567901234568,108,106,0.9715432098765432,-0.8193913698196411,24.9342098236084,0.00015717830683570355,7.250873565673828
300,40.956521739130444,46,40,0.8695652173913043,1.126204490661621,48.00344467163086,0.00016178522491827607,6.101916790008545
301,-4.915032679738568,102,100,0.9708496732026144,-1.500707745552063,26.58531379699707,0.000163034928846173,7.64227819442749
302,43.888888888888886,45,40,0.8888888888888888,0.26965439319610596,59.241695404052734,0.00016331271035596728,2.530871868133545
303,63.95652173913044,23,20,0.8695652173913043,0.33593854308128357,110.69444274902344,0.00018037650443147868,17.212322235107422
304,-7.631578947368425,95,83,0.8736842105263158,-0.11359089612960815,29.959951400756836,0.000180192306288518,0.5884121060371399
305,-7.631578947368414,95,83,0.8736842105263158,-0.46826478838920593,28.079912185668945,0.0001789400848792866,3.9186365604400635
306,49.36879432624114,47,46,0.9636879432624114,0.2741069197654724,48.75278091430664,0.00017912816838361323,0.7374262809753418
307,59.33333333333334,24,20,0.8333333333333334,0.1634093075990677,98.3922348022461,0.00018067499331664294,7.109431266784668
308,-7.2564102564102555,104,101,0.9674358974358974,-0.1869160234928131,27.809083938598633,0.00018135936988983303,3.6729254722595215
309,-4.915032679738565,102,100,0.9708496732026144,-0.785541832447052,26.774843215942383,0.000181214272743091,4.9588189125061035
310,-7.631578947368412,95,83,0.8736842105263158,-0.10378678888082504,20.2109317779541,0.00018715197802521288,8.580108642578125
311,40.95652173913043,46,40,0.8695652173913043,-1.6868369579315186,56.58470916748047,0.00018788986199069768,6.817931175231934
312,45.733333333333334,50,48,0.9573333333333334,-1.254837155342102,48.0971565246582,0.00018846312013920397,3.1027896404266357
313,-5.702127659574469,94,83,0.8829787234042553,0.12706701457500458,30.118896484375,0.00018828955944627523,1.6125636100769043
314,-7.256410256410263,104,101,0.9674358974358974,0.9810133576393127,41.487388610839844,0.00018635533342603594,1.1890134811401367
315,49.36879432624113,47,46,0.9636879432624114,0.4159933924674988,62.29981231689453,0.00018629443366080523,0.9445500373840332
316,46.733333333333334,50,49,0.9673333333333334,-1.254793405532837,57.62068176269531,0.0002422833495074883,30.69270133972168
317,-9.541666666666668,96,83,0.8645833333333334,-0.8408983945846558,28.446678161621094,0.00024303507234435529,4.363658905029297
318,43.888888888888886,45,40,0.8888888888888888,0.1032734289765358,50.9786376953125,0.00024867046158760786,7.587222576141357
319,48.10204081632652,49,48,0.9710204081632653,-0.9478476047515869,74.3925552368164,0.0002492650819476694,3.7109317779541016
320,-7.631578947368414,95,83,0.8736842105263158,0.06691785901784897,20.853639602661133,0.0002517316024750471,5.841031551361084
321,63.95652173913044,23,20,0.8695652173913043,0.824323832988739,81.22095489501953,0.0002522401337046176,1.1805309057235718
322,43.888888888888886,45,40,0.8888888888888888,0.8312905430793762,46.65715026855469,0.00025410496164113283,5.875078201293945
323,59.333333333333336,24,20,0.8333333333333334,2.6283533573150635,93.63671875,0.00027462473371997476,16.7773380279541
324,43.60377358490565,53,52,0.9660377358490566,0.27211451530456543,44.31464385986328,0.0002725998929236084,1.4395710229873657
325,-104.18811881188118,202,198,0.9781188118811881,-0.5279499292373657,15.951303482055664,0.0002779420465230942,9.502849578857422
326,-108.42394822006472,206,202,0.9757605177993528,-1.2679468393325806,21.011911392211914,0.00045915087684988976,54.4703483581543
327,-7.631578947368418,95,83,0.8736842105263158,-2.0761001110076904,30.041263580322266,0.0004594882484525442,4.194550037384033
328,-5.702127659574467,94,83,0.8829787234042553,-1.7142127752304077,34.44539260864258,0.00045989203499630094,5.482977390289307
329,40.95652173913043,46,40,0.8695652173913043,-1.3536243438720703,75.33826446533203,0.0004565840936265886,12.911700248718262
330,-108.42394822006472,206,202,0.9757605177993528,1.4777288436889648,16.364450454711914,0.00045653036795556545,6.443403244018555
331,40.95652173913042,46,40,0.8695652173913043,-0.32054978609085083,43.38775634765625,0.0005368110141716897,36.614463806152344
332,49.36879432624114,47,46,0.9636879432624114,1.5090935230255127,38.28860855102539,0.0005376182962208986,2.118770122528076
333,63.95652173913043,23,20,0.8695652173913043,-0.42580294609069824,89.6568832397461,0.0005681776092387736,23.192310333251953
334,-7.631578947368418,95,83,0.8736842105263158,1.129064679145813,23.013277053833008,0.000566895236261189,6.523183822631836
335,40.95652173913044,46,40,0.8695652173913043,0.6114907264709473,51.83071517944336,0.0005784500390291214,13.222847938537598
336,43.88888888888888,45,40,0.8888888888888888,-0.731188952922821,56.122169494628906,0.0006751652108505368,39.98519515991211
337,-113.78988941548184,211,206,0.9721011058451817,1.575616717338562,17.91888427734375,0.0006953359115868807,18.177776336669922
338,40.95652173913043,46,40,0.8695652173913043,-0.1868048459291458,57.3012809753418,0.0007347158971242607,26.094886779785156
339,43.60377358490567,53,52,0.9660377358490566,-0.02463277243077755,59.3565788269043,0.0007385440985672176,7.014370441436768
340,-107.71869918699187,205,200,0.9728130081300813,1.2291468381881714,14.929386138916016,0.0007403006893582642,6.166247844696045
341,43.888888888888886,45,40,0.8888888888888888,0.8307327032089233,41.39481735229492,0.0007703579613007605,21.834606170654297
342,63.95652173913044,23,20,0.8695652173913043,-0.48706236481666565,86.31050872802734,0.0007704517338424921,1.20357084274292
343,-7.631578947368423,95,83,0.8736842105263158,0.04114032909274101,20.286195755004883,0.000774845655541867,9.241458892822266
344,-9.541666666666663,96,83,0.8645833333333334,0.042090632021427155,24.36530303955078,0.0007933667511679232,17.990869522094727
345,41.09876543209876,54,52,0.9509876543209876,1.0620107650756836,36.625511169433594,0.0007987922872416675,9.690566062927246
346,63.95652173913043,23,20,0.8695652173913043,0.9291138648986816,91.87152862548828,0.000954319373704493,50.223602294921875
347,40.95652173913043,46,40,0.8695652173913043,-0.15059547126293182,44.28784942626953,0.0009764292626641691,19.72149085998535
348,-107.14705882352942,204,198,0.9685294117647059,-0.7431692481040955,15.50290298461914,0.0009779282845556736,8.88140869140625
349,43.87179487179486,52,51,0.9587179487179487,0.6691701412200928,54.00924301147461,0.0009816045640036464,6.2748589515686035
350,-112.86666666666666,210,204,0.9713333333333334,-0.4040903151035309,14.749554634094238,0.0009864905150607228,8.36437702178955
351,43.888888888888886,45,40,0.8888888888888888,1.0263646841049194,31.067188262939453,0.0010071321157738566,18.00420379638672
352,63.95652173913043,23,20,0.8695652173913043,-0.25743573904037476,77.70319366455078,0.0010127602145075798,10.356356620788574
353,-105.66995073891627,203,198,0.9733004926108374,0.853731632232666,14.819143295288086,0.000985849997960031,12.489293098449707
354,44.22875816993463,51,49,0.9522875816993464,0.18341416120529175,42.31594467163086,0.0010052633006125689,18.26437759399414
355,-7.65384615384616,104,101,0.9634615384615385,-0.6382882595062256,28.051456451416016,0.0010105367982760072,10.763301849365234
356,40.95652173913043,46,40,0.8695652173913043,-1.019810676574707,39.50518035888672,0.0010142555693164468,9.477899551391602
357,38.1063829787234,47,40,0.851063829787234,-0.599679708480835,45.727783203125,0.0021479111164808273,136.4981689453125
358,44.228758169934636,51,49,0.9522875816993464,-1.7417994737625122,46.76651382446289,0.002152303233742714,10.308103561401367
359,63.95652173913043,23,20,0.8695652173913043,-1.5673500299453735,72.11339569091797,0.0021573188714683056,10.793693542480469
360,-113.80252764612955,211,206,0.9719747235387046,0.04820404201745987,14.58959674835205,0.0021586555521935225,7.0146965980529785
361,40.95652173913044,46,40,0.8695652173913043,2.246333122253418,34.28113555908203,0.0021625831723213196,7.524951934814453
362,-7.6315789473684195,95,83,0.8736842105263158,0.7043918967247009,22.992290496826172,0.002162848599255085,3.3490731716156006
363,46.06666666666666,50,49,0.9606666666666667,1.209087610244751,52.60173797607422,0.002188920509070158,20.77589225769043
364,45.16,50,48,0.9516,0.4640985429286957,42.6593017578125,0.0021873153746128082,6.302364349365234
365,44.37333333333333,50,48,0.9437333333333333,-0.1495785117149353,64.76622009277344,0.0021883267909288406,4.869224548339844
366,45.16,50,48,0.9516,-1.6346650123596191,111.57593536376953,0.002189741935580969,5.189431667327881
367,-6.203883495145636,103,100,0.9679611650485437,-2.670452356338501,32.02224349975586,0.0022208404261618853,22.86011505126953
368,40.95652173913043,46,40,0.8695652173913043,0.5313248038291931,40.166587829589844,0.0022206390276551247,0.7058189511299133
369,-113.78988941548182,211,206,0.9721011058451817,0.162018820643425,15.43857479095459,0.0022215137723833323,4.837696075439453
370,46.62666666666667,50,49,0.9662666666666667,1.940576195716858,71.00945281982422,0.002227499382570386,9.317172050476074
371,63.95652173913043,23,20,0.8695652173913043,0.920839250087738,103.61097717285156,0.002251291647553444,24.86136817932129
372,-7.631578947368414,95,83,0.8736842105263158,0.7301530241966248,18.671707153320312,0.002251938683912158,2.3057327270507812
373,-9.541666666666655,96,83,0.8645833333333334,-0.16030873358249664,21.342472076416016,0.002251686993986368,2.0459723472595215
374,-6.203883495145636,103,100,0.9679611650485437,-1.0119843482971191,25.17206382751465,0.0022518406622111797,4.471010684967041
375,-8.974603174603173,105,101,0.9602539682539682,-1.2139636278152466,28.062767028808594,0.0022509621921926737,2.3247530460357666
376,-105.12871287128714,202,196,0.9687128712871287,-2.3489630222320557,15.95649528503418,0.0022533212322741747,5.998202323913574
377,-7.631578947368418,95,83,0.8736842105263158,-1.2292276620864868,17.793554306030273,0.002253690967336297,1.1334471702575684
378,-103.69320066334993,201,196,0.9730679933665008,-1.6636033058166504,13.676855087280273,0.0022499600891023874,1.1967785358428955
379,43.70440251572327,53,52,0.9670440251572328,-1.06011164188385,44.38161087036133,0.002253761049360037,9.129632949829102
380,43.60377358490567,53,52,0.9660377358490566,0.7035846710205078,45.92851257324219,0.002255180384963751,4.430166721343994
381,-6.203883495145627,103,100,0.9679611650485437,-0.16966792941093445,18.739425659179688,0.002255429280921817,1.9120372533798218
382,40.95652173913042,46,40,0.8695652173913043,0.9734506011009216,38.475730895996094,0.002259319880977273,7.396934986114502
383,43.89308176100629,53,52,0.9689308176100629,-1.9051982164382935,28.903289794921875,0.0022590099833905697,9.380321502685547
384,63.95652173913044,23,20,0.8695652173913043,-1.6827914714813232,72.29161834716797,0.0022612332832068205,7.322484493255615
385,63.95652173913043,23,20,0.8695652173913043,0.06149076297879219,56.293766021728516,0.0022643031552433968,6.372897148132324
386,-7.051282051282058,104,101,0.9694871794871794,0.3113924562931061,25.635334014892578,0.0022764429450035095,15.695639610290527
387,63.95652173913043,23,20,0.8695652173913043,-1.6730948686599731,82.28977966308594,0.0022810485679656267,9.860373497009277
388,40.95652173913042,46,40,0.8695652173913043,0.7029860615730286,42.019859313964844,0.0022826814092695713,5.217988967895508
389,40.95652173913044,46,40,0.8695652173913043,-1.4488123655319214,42.903873443603516,0.0022824753541499376,7.71480655670166
390,-5.702127659574471,94,83,0.8829787234042553,-0.6668700575828552,22.032554626464844,0.0022826858330518007,3.1928324699401855
391,-112.33968253968254,210,206,0.9766031746031746,0.3324042558670044,12.28032112121582,0.002283307956531644,3.306881904602051
392,40.95652173913043,46,40,0.8695652173913043,-0.11342037469148636,41.95232009887695,0.0022867002990096807,6.550448894500732
393,-10.95061728395062,108,105,0.9704938271604938,-0.3886309266090393,33.15721893310547,0.0022868129890412092,2.7383711338043213
394,-5.702127659574461,94,83,0.8829787234042553,-0.6416972875595093,21.072368621826172,0.0022867675870656967,1.936851143836975
395,-7.2564102564102635,104,101,0.9674358974358974,0.24598069489002228,26.729007720947266,0.0022829596418887377,3.389763116836548
396,63.95652173913044,23,20,0.8695652173913043,-0.9791306853294373,73.04154968261719,0.0022830392699688673,0.7074167728424072
397,-7.895238095238094,105,103,0.971047619047619,1.4723269939422607,29.777833938598633,0.0022822392638772726,0.6340475678443909
398,40.95652173913044,46,40,0.8695652173913043,-0.8093377351760864,38.526397705078125,0.00225953571498394,7.309228897094727
399,43.60377358490567,53,52,0.9660377358490566,-0.3628980219364166,41.91615676879883,0.002257134299725294,4.219964504241943
400,-7.631578947368416,95,83,0.8736842105263158,-0.14101094007492065,17.392318725585938,0.002254185965284705,0.07325505465269089
401,40.95652173913042,46,40,0.8695652173913043,-1.3495397567749023,43.0817985534668,0.0022525684908032417,4.546154975891113
402,63.95652173913044,23,20,0.8695652173913043,-1.1250495910644531,97.8399658203125,0.0022562339436262846,8.378462791442871
403,-7.631578947368412,95,83,0.8736842105263158,0.34717127680778503,17.862037658691406,0.0022393292747437954,2.7118418216705322
404,63.95652173913043,23,20,0.8695652173913043,-1.492970585823059,65.30846405029297,0.0022506159730255604,14.496764183044434
405,48.10204081632652,49,48,0.9710204081632653,1.61561918258667,45.828399658203125,0.002250334247946739,1.568336844444275
406,63.95652173913044,23,20,0.8695652173913043,-1.3513517379760742,90.9551010131836,0.0022688780445605516,18.458498001098633
407,47.13333333333333,50,49,0.9713333333333334,-0.8584337830543518,34.42169189453125,0.002266404451802373,3.781020164489746
408,63.95652173913044,23,20,0.8695652173913043,-3.2239301204681396,71.77534484863281,0.002278175437822938,15.634950637817383
409,63.95652173913044,23,20,0.8695652173913043,-2.6431210041046143,79.31623077392578,0.0022808669600635767,9.402278900146484
410,-7.631578947368415,95,83,0.8736842105263158,-0.5433781147003174,19.93958282470703,0.0022758094128221273,0.9245207905769348
411,38.1063829787234,47,40,0.851063829787234,-1.264848232269287,41.52591323852539,0.002275586361065507,6.709046840667725
412,-112.33968253968254,210,206,0.9766031746031746,0.6948022842407227,11.283027648925781,0.002275242703035474,1.5812526941299438
413,63.95652173913043,23,20,0.8695652173913043,1.1278661489486694,67.66856384277344,0.0022767186164855957,3.514951229095459
414,43.893081761006286,53,52,0.9689308176100629,-0.2085760086774826,36.74723434448242,0.0022769980132579803,1.2497152090072632
415,-6.538461538461534,104,102,0.9746153846153847,0.9267680644989014,24.999094009399414,0.0022771190851926804,0.44619086384773254
416,-5.702127659574461,94,83,0.8829787234042553,-0.24421237409114838,17.782129287719727,0.0022210287861526012,1.1960622072219849
417,63.95652173913042,23,20,0.8695652173913043,-0.9927919507026672,79.3047103881836,0.0022202839609235525,0.7100133299827576
418,-6.538461538461533,104,102,0.9746153846153847,0.09768657386302948,20.849454879760742,0.002215612679719925,0.7104596495628357
419,43.704402515723274,53,52,0.9670440251572328,-1.2854772806167603,31.671159744262695,0.0022168050054460764,5.1686692237854
420,-7.631578947368412,95,83,0.8736842105263158,-0.03111741878092289,18.413291931152344,0.002215092536062002,1.6061437129974365
421,63.95652173913043,23,20,0.8695652173913043,-0.9617222547531128,70.65272521972656,0.004496966488659382,193.38275146484375
422,43.888888888888886,45,40,0.8888888888888888,0.907473623752594,32.62694549560547,0.004499970469623804,7.820829391479492
423,43.893081761006286,53,52,0.9689308176100629,-1.3301399946212769,34.7064208984375,0.0044806944206357,1.347023844718933
424,47.13333333333333,50,49,0.9713333333333334,-0.9338204264640808,32.02404022216797,0.004480693023651838,0.7602099776268005
425,63.956521739130444,23,20,0.8695652173913043,-0.27639347314834595,69.38932037353516,0.004474816378206015,3.549534797668457
426,-9.043613707165115,107,105,0.979563862928349,-0.5486115217208862,21.017433166503906,0.0042954664677381516,3.7431302070617676
427,-4.777777777777779,102,100,0.9722222222222222,0.4277512729167938,16.443376541137695,0.004295527935028076,1.760302186012268
428,-107.0260162601626,205,201,0.979739837398374,0.22212611138820648,9.342692375183105,0.004294351674616337,1.0543164014816284
429,-4.915857605177999,103,102,0.98084142394822,-0.26704835891723633,18.9599552154541,0.004284902010113001,0.1523064821958542
430,-108.42394822006473,206,202,0.9757605177993528,-0.024265015497803688,13.15848159790039,0.004283332731574774,3.3613944053649902
431,-106.24183006535947,204,200,0.9775816993464053,-0.13020233809947968,12.459097862243652,0.004202026873826981,0.8436973094940186
432,40.95652173913043,46,40,0.8695652173913043,-1.17169988155365,37.180870056152344,0.0042016152292490005,3.0904603004455566
433,-110.01282051282053,208,204,0.9798717948717949,-0.6223317980766296,10.694637298583984,0.004183913581073284,15.369268417358398
434,-107.0260162601626,205,201,0.979739837398374,-0.4182439148426056,10.83942985534668,0.004180834162980318,1.2180482149124146
435,63.95652173913044,23,20,0.8695652173913043,-0.5097324252128601,74.66447448730469,0.004169559106230736,0.5623278021812439
436,63.95652173913043,23,20,0.8695652173913043,-0.3078003525733948,68.39251708984375,0.004073343705385923,5.56625509262085
437,-9.541666666666668,96,83,0.8645833333333334,0.4152680039405823,17.4370059967041,0.004053588956594467,0.45264580845832825
438,46.564102564102555,52,52,0.9856410256410256,0.13153938949108124,39.41120147705078,0.004011980257928371,2.6479198932647705
439,-102.16,200,196,0.9784,0.19042612612247467,11.183804512023926,0.004009015392512083,3.7818872928619385
440,43.88888888888888,45,40,0.8888888888888888,-1.0064704418182373,31.676433563232422,0.004008523654192686,6.159984588623047
441,-102.16000000000001,200,196,0.9784,-0.5683015584945679,9.515604019165039,0.003998877480626106,17.964731216430664
442,-106.24183006535948,204,200,0.9775816993464053,-0.7832843065261841,10.394746780395508,0.00399885606020689,0.9251651763916016
443,-9.541666666666666,96,83,0.8645833333333334,-1.2341455221176147,21.53404426574707,0.003996687009930611,6.1070332527160645
444,-9.541666666666671,96,83,0.8645833333333334,-1.5808024406433105,25.521610260009766,0.003977557178586721,1.6337302923202515
445,40.95652173913043,46,40,0.8695652173913043,-1.7584168910980225,50.465972900390625,0.0039718556217849255,5.580843448638916
446,46.56410256410256,52,52,0.9856410256410256,-1.0125576257705688,21.652490615844727,0.0038174486253410578,0.2850840389728546
447,63.95652173913043,23,20,0.8695652173913043,1.1900464296340942,65.26029968261719,0.003796286415308714,4.640836715698242
448,40.95652173913043,46,40,0.8695652173913043,0.21399825811386108,37.83735656738281,0.0037924982607364655,1.5364147424697876
449,40.95652173913043,46,40,0.8695652173913043,-0.20845802128314972,39.43522262573242,0.0037891827523708344,4.715106964111328
450,-6.538461538461544,104,102,0.9746153846153847,0.6624157428741455,15.898887634277344,0.003784126602113247,0.33628809452056885
451,-5.317152103559877,103,101,0.9768284789644013,-1.1012989282608032,20.98072052001953,0.0037632605526596308,3.465587615966797
452,40.95652173913043,46,40,0.8695652173913043,-2.230085849761963,33.706146240234375,0.0037596726324409246,9.44538402557373
453,-9.0436137071651,107,105,0.979563862928349,-1.1320537328720093,16.87178611755371,0.0037499007303267717,3.438555955886841
454,47.13333333333333,50,49,0.9713333333333334,-1.4563658237457275,26.013538360595703,0.0037326025776565075,3.371150016784668
455,-2.953795379537957,101,100,0.9804620462046204,0.37316712737083435,13.83868408203125,0.003726677503436804,2.864372730255127
456,40.95652173913043,46,40,0.8695652173913043,0.6741701364517212,37.10254669189453,0.003722733585163951,0.9311873316764832
457,-106.24183006535948,204,200,0.9775816993464053,1.0224567651748657,13.441764831542969,0.0025837637949734926,1.4196022748947144
458,-7.631578947368411,95,83,0.8736842105263158,0.653063952922821,22.071731567382812,0.0025788459461182356,0.7308748960494995
459,40.95652173913043,46,40,0.8695652173913043,0.35295772552490234,34.64423370361328,0.0025739623233675957,0.28292644023895264
460,49.02721088435374,49,49,0.9802721088435374,0.37847578525543213,21.37381362915039,0.002572212601080537,2.71658992767334
461,-9.54166666666665,96,83,0.8645833333333334,-0.4132204055786133,16.441434860229492,0.0025678991805762053,0.1682177633047104
462,40.95652173913044,46,40,0.8695652173913043,-0.8339926600456238,40.695518493652344,0.002569278236478567,3.4574735164642334
463,-7.631578947368418,95,83,0.8736842105263158,-0.9664896726608276,23.513830184936523,0.002543277572840452,0.16687312722206116
464,43.88888888888888,45,40,0.8888888888888888,-1.3151599168777466,53.33223342895508,0.0025419164448976517,2.5340490341186523
465,63.95652173913044,23,20,0.8695652173913043,0.5952109098434448,58.00050735473633,0.0025468762032687664,8.383182525634766
466,63.95652173913044,23,20,0.8695652173913043,2.2393975257873535,55.687068939208984,0.0025554124731570482,11.42222785949707
467,-9.54166666666666,96,83,0.8645833333333334,0.7649384140968323,26.369003295898438,0.0025241724215447903,0.6816105246543884
468,40.95652173913043,46,40,0.8695652173913043,2.0709285736083984,50.58673858642578,0.002525148680433631,3.216684103012085
469,-100.71524288107204,199,196,0.9828475711892797,1.007861614227295,12.722232818603516,0.0025379867292940617,15.25508975982666
470,46.73333333333333,50,49,0.9673333333333334,1.2986172437667847,53.36945343017578,0.0025320802815258503,1.6114610433578491
471,40.95652173913044,46,40,0.8695652173913043,1.2269666194915771,56.148319244384766,0.002495590830221772,1.7127050161361694
472,-4.915857605177999,103,102,0.98084142394822,0.17978450655937195,25.69458770751953,0.002495494671165943,3.9215524196624756
473,63.95652173913043,23,20,0.8695652173913043,-1.7627818584442139,107.05718231201172,0.0025225903373211622,22.289419174194336
474,40.95652173913043,46,40,0.8695652173913043,-0.4518252909183502,50.949031829833984,0.0025244050193578005,7.7362284660339355
475,43.88888888888888,45,40,0.8888888888888888,-0.35396379232406616,54.64495849609375,0.0025246834848076105,3.9772167205810547
476,43.704402515723274,53,52,0.9670440251572328,-0.2272578775882721,44.2299690246582,0.0025236771907657385,3.77262544631958
477,40.95652173913043,46,40,0.8695652173913043,-1.639322280883789,45.23134231567383,0.002523316303268075,2.1544790267944336
478,-9.541666666666668,96,83,0.8645833333333334,-2.1776485443115234,24.89168357849121,0.0025236273650079966,2.773118734359741
479,-9.54166666666666,96,83,0.8645833333333334,-2.1331939697265625,21.486373901367188,0.0025204047560691833,2.1834442615509033
480,-102.70149253731343,201,198,0.9829850746268657,-2.5101051330566406,10.621480941772461,0.0025190121959894896,1.1662489175796509
481,-110.85964912280703,209,206,0.9814035087719298,-2.732640266418457,11.073023796081543,0.0025188149884343147,1.4981218576431274
482,40.95652173913043,46,40,0.8695652173913043,-1.0208821296691895,43.38990783691406,0.002516739768907428,5.217092514038086
483,-9.541666666666657,96,83,0.8645833333333334,-1.2706308364868164,17.89081382751465,0.0025133579038083553,2.5784718990325928
484,-7.107936507936512,105,104,0.978920634920635,-1.1765140295028687,13.708276748657227,0.002511135768145323,1.716946005821228
485,-9.541666666666655,96,83,0.8645833333333334,-0.44035595655441284,22.437902450561523,0.0025075969751924276,1.094396948814392
486,40.95652173913043,46,40,0.8695652173913043,0.49767178297042847,43.158538818359375,0.0024935214314609766,2.417117118835449
487,63.95652173913044,23,20,0.8695652173913043,1.3017377853393555,63.44446563720703,0.006464411970227957,255.19027709960938
488,46.46153846153846,52,52,0.9846153846153847,-0.23231831192970276,31.538898468017578,0.006462100427597761,0.7615787982940674
489,63.95652173913044,23,20,0.8695652173913043,-0.019549624994397163,70.46502685546875,0.006475389935076237,16.237565994262695
490,-7.631578947368414,95,83,0.8736842105263158,-0.9665089845657349,20.13205909729004,0.006476349662989378,4.516220569610596
491,63.95652173913044,23,20,0.8695652173913043,0.5134449005126953,106.94306945800781,0.00647774850949645,5.048862457275391
492,-4.592233009708748,103,102,0.9840776699029126,-1.1214725971221924,18.480737686157227,0.006474573165178299,3.808215618133545
493,46.75163398692809,51,51,0.977516339869281,-1.2065178155899048,60.10945510864258,0.006475001107901335,3.56721568107605
494,49.36879432624113,47,46,0.9636879432624114,-0.052921853959560394,35.236663818359375,0.006475431844592094,1.629201889038086
495,-102.70149253731343,201,198,0.9829850746268657,1.249937653541565,15.53296947479248,0.006474589463323355,1.8590322732925415
496,-9.54166666666666,96,83,0.8645833333333334,1.5192437171936035,30.618000030517578,0.006475384812802076,2.8914928436279297
497,63.95652173913043,23,20,0.8695652173913043,3.2365031242370605,118.56962585449219,0.006480981130152941,8.648040771484375
498,-100.71524288107204,199,196,0.9828475711892797,1.426133155822754,18.10443115234375,0.006478884723037481,2.2298314571380615
499,-104.1881188118812,202,198,0.9781188118811881,1.2165430784225464,16.80010414123535,0.006478159222751856,2.2147066593170166
500,-9.541666666666668,96,83,0.8645833333333334,0.9082520604133606,34.021488189697266,0.006478934548795223,4.066324234008789
501,48.10204081632653,49,48,0.9710204081632653,2.8095905780792236,69.82073974609375,0.006502881646156311,20.235301971435547
502,40.95652173913043,46,40,0.8695652173913043,0.4399282932281494,62.89784240722656,0.0065098414197564125,13.772823333740234
503,-5.31715210355987,103,101,0.9768284789644013,0.6412187218666077,29.022857666015625,0.006510175298899412,4.427951812744141
504,49.027210884353735,49,49,0.9802721088435374,0.7870214581489563,54.87237548828125,0.006499225739389658,3.4252521991729736
505,-7.1079365079365076,105,104,0.978920634920635,-0.057696323841810226,25.926679611206055,0.006521429866552353,18.721885681152344
506,47.266666666666666,50,49,0.9726666666666667,1.6195087432861328,46.73494338989258,0.0065172896720469,15.880269050598145
507,59.33333333333334,24,20,0.8333333333333334,0.7673055529594421,104.36443328857422,0.006522498559206724,9.366490364074707
508,59.33333333333333,24,20,0.8333333333333334,-0.6475180387496948,102.29285430908203,0.048241544514894485,826.7212524414062
509,43.888888888888886,45,40,0.8888888888888888,-2.0274834632873535,53.522342681884766,0.04824623465538025,12.444708824157715
510,-9.541666666666663,96,83,0.8645833333333334,-1.9154020547866821,20.752134323120117,0.04824723303318024,3.9400527477264404
511,-4.777777777777787,102,100,0.9722222222222222,-2.448762893676758,33.244224548339844,0.04827789589762688,22.620391845703125
512,-9.541666666666663,96,83,0.8645833333333334,-2.659393310546875,24.201677322387695,0.04829346761107445,16.538774490356445
513,48.68707482993197,49,48,0.9768707482993197,-1.4460031986236572,52.799110412597656,0.04839556664228439,41.66748046875
514,-11.43298969072165,97,83,0.8556701030927835,-1.6115607023239136,19.750234603881836,0.04840672388672829,13.501078605651855
515,-9.541666666666664,96,83,0.8645833333333334,-0.1007278561592102,24.1944637298584,0.04841535910964012,11.271865844726562
516,-4.254901960784321,102,100,0.9774509803921568,-0.10406231880187988,25.840221405029297,0.04842806234955788,14.102267265319824
517,40.95652173913043,46,40,0.8695652173913043,1.127443790435791,61.19222640991211,0.048454321920871735,21.02992057800293
518,43.704402515723274,53,52,0.9670440251572328,1.7454795837402344,59.95063400268555,0.048462074249982834,10.883930206298828
519,-7.6315789473684195,95,83,0.8736842105263158,0.5606797337532043,30.63007164001465,0.04846692085266113,9.85502815246582
520,63.95652173913043,23,20,0.8695652173913043,2.601597309112549,122.9582290649414,0.04856564849615097,38.97894287109375
521,40.95652173913044,46,40,0.8695652173913043,1.376001000404358,62.0932731628418,0.046337153762578964,37.2300910949707
522,-107.0260162601626,205,201,0.979739837398374,0.6858153343200684,15.258318901062012,0.0463334321975708,2.6950714588165283
523,-4.915857605177995,103,102,0.98084142394822,0.9025328159332275,32.2528190612793,0.04633865877985954,10.55289363861084
524,-7.89523809523809,105,103,0.971047619047619,0.8405256271362305,31.05016326904297,0.0463411845266819,5.4837212562561035
525,63.95652173913042,23,20,0.8695652173913043,3.6447315216064453,123.26750946044922,0.04653475433588028,57.279930114746094
526,-7.63157894736842,95,83,0.8736842105263158,0.7000914216041565,26.766029357910156,0.046543266624212265,12.906744003295898
527,63.95652173913043,23,20,0.8695652173913043,-4.6423115730285645,134.1708221435547,0.04669487476348877,50.00569152832031
528,-4.777777777777782,102,100,0.9722222222222222,0.45564785599708557,26.0107364654541,0.04670039191842079,10.387195587158203
529,46.7516339869281,51,51,0.977516339869281,0.6074246764183044,53.38265609741211,0.04670044034719467,1.293308973312378
530,-5.70212765957446,94,83,0.8829787234042553,-0.7553682327270508,31.492300033569336,0.04670645669102669,11.352968215942383
531,-106.9479674796748,205,202,0.980520325203252,-1.035890817642212,12.673931121826172,0.04670707881450653,3.1689600944519043
532,-7.631578947368415,95,83,0.8736842105263158,-0.7766433954238892,31.069128036499023,0.046709004789590836,6.858730792999268
533,40.95652173913044,46,40,0.8695652173913043,0.1838243007659912,59.65561294555664,0.046708494424819946,4.597972393035889
534,40.95652173913042,46,40,0.8695652173913043,0.7824103832244873,59.84067153930664,0.0467110238969326,5.767480850219727
535,63.95652173913043,23,20,0.8695652173913043,1.832605004310608,126.23258209228516,0.04691874235868454,58.62448501586914
536,-5.702127659574471,94,83,0.8829787234042553,-1.1381912231445312,29.66644287109375,0.046989694237709045,34.627777099609375
537,63.95652173913043,23,20,0.8695652173913043,1.6569465398788452,127.80271911621094,0.046989694237709045,0.44786903262138367
538,-9.541666666666664,96,83,0.8645833333333334,-0.978084921836853,31.494333267211914,0.046991318464279175,4.803889274597168
539,63.95652173913043,23,20,0.8695652173913043,1.1088638305664062,131.26058959960938,0.04699111357331276,3.8307785987854004
540,-7.895238095238102,105,103,0.971047619047619,-1.0053738355636597,27.550336837768555,0.046989183872938156,1.6456031799316406
541,-102.20666666666666,200,196,0.9779333333333333,-1.6157987117767334,14.30403995513916,0.046969782561063766,4.008434295654297
542,47.13333333333333,50,49,0.9713333333333334,0.20285874605178833,54.278804779052734,0.04697015509009361,2.250877857208252
543,-7.051282051282055,104,101,0.9694871794871794,-0.934062659740448,27.869495391845703,0.046968013048172,2.284757614135742
544,-107.0260162601626,205,201,0.979739837398374,-1.2841585874557495,13.571040153503418,0.04697426036000252,11.839954376220703
545,-6.53846153846154,104,102,0.9746153846153847,-0.3834690749645233,25.500673294067383,0.04698651656508446,14.70689868927002
546,46.733333333333334,50,49,0.9673333333333334,0.8840401768684387,51.97212219238281,0.046986762434244156,1.444185495376587
547,47.266666666666666,50,49,0.9726666666666667,0.5699643492698669,49.81514358520508,0.04698549211025238,2.8993899822235107
548,-7.6315789473684195,95,83,0.8736842105263158,0.1467527151107788,25.94655418395996,0.046988215297460556,6.45013952255249
549,63.95652173913042,23,20,0.8695652173913043,2.8849222660064697,110.64371490478516,0.046990979462862015,7.343506813049316
550,63.95652173913043,23,20,0.8695652173913043,2.019514322280884,121.16962432861328,0.04699170961976051,3.0445284843444824
551,-7.6315789473684195,95,83,0.8736842105263158,-0.056232526898384094,27.994216918945312,0.04699124023318291,2.6139333248138428
552,-106.9479674796748,205,202,0.980520325203252,-0.8585216999053955,13.263100624084473,0.04698660224676132,3.16778564453125
553,-5.718446601941757,103,101,0.9728155339805825,-0.051690585911273956,25.08550262451172,0.04698597267270088,0.2975226938724518
554,47.26666666666666,50,49,0.9726666666666667,0.6613824963569641,52.15687942504883,0.04698549956083298,1.6861066818237305
555,-109.9326923076923,208,204,0.9806730769230769,-0.5885058641433716,12.6771240234375,0.046994648873806,11.735213279724121
556,63.95652173913043,23,20,0.8695652173913043,3.03706955909729,93.66178894042969,0.04699988663196564,8.984834671020508
557,-4.915032679738571,102,100,0.9708496732026144,-0.32863757014274597,27.003210067749023,0.04703356698155403,24.625308990478516
558,-9.541666666666657,96,83,0.8645833333333334,-0.7233452796936035,27.536409378051758,0.04704008251428604,11.781017303466797
559,59.33333333333334,24,20,0.8333333333333334,3.447171926498413,97.69196319580078,0.04705207049846649,13.70104694366455
560,46.75163398692809,51,51,0.977516339869281,0.7662054300308228,48.101036071777344,0.0470682755112648,17.968154907226562
561,-110.85964912280703,209,206,0.9814035087719298,-0.8453940749168396,13.341352462768555,0.04706918075680733,3.319180965423584
562,-7.051282051282055,104,101,0.9694871794871794,-0.3837422728538513,25.278982162475586,0.0470682829618454,0.753822386264801
563,63.95652173913043,23,20,0.8695652173913043,1.4482719898223877,103.25791931152344,0.047068290412425995,0.033663310110569
564,47.62585034013605,49,48,0.9662585034013605,-1.6461710929870605,45.49393844604492,0.04707418009638786,10.491096496582031
565,43.893081761006286,53,52,0.9689308176100629,-0.6403596997261047,47.34956359863281,0.04706968739628792,2.026498556137085
566,-4.777777777777786,102,100,0.9722222222222222,-0.3301401734352112,24.528118133544922,0.04706103354692459,0.39706775546073914
567,47.62585034013605,49,48,0.9662585034013605,-0.7859862446784973,46.02894592285156,0.047061383724212646,2.942229986190796
568,40.95652173913043,46,40,0.8695652173913043,-1.5586862564086914,56.311344146728516,0.04706690460443497,10.784663200378418
569,63.95652173913044,23,20,0.8695652173913043,-0.8436046242713928,99.4361343383789,0.04705961048603058,11.323092460632324
570,-4.254901960784316,102,100,0.9774509803921568,-1.1269385814666748,28.6324520111084,0.04706114903092384,5.7522149085998535
571,-102.16,200,196,0.9784,-0.7285087704658508,12.051027297973633,0.04706117883324623,0.40496575832366943
572,46.73333333333333,50,49,0.9673333333333334,-0.1653638631105423,36.923397064208984,0.04706078767776489,1.247489333152771
573,46.62666666666667,50,49,0.9662666666666667,-1.4431854486465454,45.801109313964844,0.04703279584646225,4.689797401428223
574,40.95652173913044,46,40,0.8695652173913043,0.8211959600448608,35.52214050292969,0.04703725129365921,10.712615966796875
575,63.95652173913043,23,20,0.8695652173913043,-0.7715042233467102,71.29828643798828,0.047037094831466675,3.696943998336792
576,-102.16,200,196,0.9784,-0.8944559097290039,9.18973445892334,0.047036062926054,0.7304770350456238
577,59.33333333333333,24,20,0.8333333333333334,-1.6805411577224731,78.35690307617188,0.047036170959472656,2.6816565990448
578,-7.631578947368416,95,83,0.8736842105263158,-1.080159306526184,17.678064346313477,0.047036103904247284,0.7148777842521667
579,-9.541666666666663,96,83,0.8645833333333334,-1.3691134452819824,21.591405868530273,0.04703595116734505,2.513216972351074
580,63.95652173913044,23,20,0.8695652173913043,0.5953892469406128,61.541717529296875,0.047058410942554474,18.771852493286133
581,40.95652173913043,46,40,0.8695652173913043,-2.992987632751465,41.07960891723633,0.047064267098903656,10.17801284790039
582,43.70440251572327,53,52,0.9670440251572328,-1.661266565322876,58.16312789916992,0.047063086181879044,3.030801296234131
583,-7.6315789473684195,95,83,0.8736842105263158,0.5907813310623169,26.486452102661133,0.04706273227930069,2.2661077976226807
584,43.888888888888886,45,40,0.8888888888888888,0.019580969586968422,64.40316772460938,0.047062717378139496,0.3683166801929474
585,45.733333333333334,50,48,0.9573333333333334,-0.6447318196296692,100.61685180664062,0.04706462100148201,6.242424488067627
586,-5.718446601941752,103,101,0.9728155339805825,0.6098289489746094,52.42339324951172,0.04706419259309769,1.528408169746399
587,-110.87240829346094,209,206,0.9812759170653907,0.8373998403549194,17.15737533569336,0.043048858642578125,1.6320818662643433
588,-110.01282051282051,208,204,0.9798717948717949,0.5179407000541687,15.373703956604004,0.04304882511496544,0.29540854692459106
589,-5.702127659574474,94,83,0.8829787234042553,-1.058559536933899,23.444442749023438,0.04303290322422981,2.553046226501465
590,-109.40064102564104,208,206,0.9859935897435897,-1.1233848333358765,18.472087860107422,0.04303190857172012,2.1204075813293457
591,40.95652173913043,46,40,0.8695652173913043,-5.308678150177002,44.739524841308594,0.04305542632937431,20.988525390625
592,40.95652173913043,46,40,0.8695652173913043,-3.856889486312866,47.509735107421875,0.04306318238377571,12.473733901977539
593,-7.6315789473684195,95,83,0.8736842105263158,-0.4277993142604828,22.062149047851562,0.04306202381849289,1.120835542678833
594,-9.54166666666666,96,83,0.8645833333333334,0.17860250174999237,25.15056610107422,0.04306170344352722,0.5113272070884705
595,43.70440251572327,53,52,0.9670440251572328,-0.9112134575843811,60.92618942260742,0.04306764155626297,10.388801574707031
596,40.95652173913043,46,40,0.8695652173913043,0.3291770815849304,55.71744918823242,0.043067093938589096,1.3371446132659912
597,47.266666666666666,50,49,0.9726666666666667,0.8607276082038879,68.51783752441406,0.043061625212430954,0.311336487531662
598,-7.631578947368412,95,83,0.8736842105263158,-0.39459699392318726,25.50855255126953,0.04306318238377571,5.946887969970703
599,-106.92195121951221,205,202,0.980780487804878,1.1620945930480957,14.976868629455566,0.04306310787796974,2.0967905521392822
600,48.10204081632653,49,48,0.9710204081632653,-1.3156510591506958,36.99350357055664,0.04306257516145706,1.037866473197937
601,-7.6315789473684115,95,83,0.8736842105263158,-0.31830310821533203,18.177122116088867,0.04303687438368797,2.0931427478790283
602,-7.631578947368418,95,83,0.8736842105263158,-0.7529980540275574,16.144655227661133,0.04302797466516495,0.20823934674263
603,-5.317152103559868,103,101,0.9768284789644013,-1.3809428215026855,17.296720504760742,0.043023958802223206,3.078834295272827
604,-106.41830065359478,204,200,0.9758169934640523,0.5416903495788574,13.903246879577637,0.04302360489964485,0.44145533442497253
605,40.95652173913043,46,40,0.8695652173913043,-0.9130610227584839,32.093841552734375,0.04301679879426956,2.5240442752838135
606,63.95652173913043,23,20,0.8695652173913043,-1.1360886096954346,85.37712097167969,0.04298543930053711,0.3691795766353607
607,-6.480769230769238,104,102,0.9751923076923077,-0.07110399007797241,16.86794662475586,0.042989909648895264,0.8638506531715393
608,-100.71524288107203,199,196,0.9828475711892797,0.6258919835090637,12.227638244628906,0.0013232382480055094,1.7611503601074219
609,59.33333333333334,24,20,0.8333333333333334,0.2994215488433838,68.59554290771484,0.0013168476289138198,5.128684997558594
610,-104.1881188118812,202,198,0.9781188118811881,0.8591404557228088,11.51955795288086,0.0013156438944861293,0.6183538436889648
611,-9.541666666666664,96,83,0.8645833333333334,0.08557052910327911,22.02143096923828,0.0012833852088078856,1.0670660734176636
612,-5.702127659574472,94,83,0.8829787234042553,-0.4468995928764343,19.04908561706543,0.0012675230391323566,2.2501630783081055
613,40.95652173913042,46,40,0.8695652173913043,-0.24069617688655853,33.01283645629883,0.001161798369139433,3.359846591949463
614,40.95652173913044,46,40,0.8695652173913043,-3.240668296813965,35.60459899902344,0.0011639329604804516,15.578923225402832
615,46.06666666666666,50,49,0.9606666666666667,-1.1388814449310303,23.73318862915039,0.0011559217236936092,0.6560410857200623
616,-105.54575163398694,204,201,0.9845424836601308,0.22434253990650177,12.476582527160645,0.001143559580668807,0.07021666318178177
617,46.626666666666665,50,49,0.9662666666666667,-1.107075572013855,25.397294998168945,0.0011166785843670368,1.4667799472808838
618,-107.0260162601626,205,201,0.979739837398374,0.04378894343972206,11.984505653381348,0.0011083775898441672,0.9808395504951477
619,40.95652173913043,46,40,0.8695652173913043,-1.449992060661316,29.9370174407959,0.0011021774262189865,3.7611851692199707
620,38.10638297872341,47,40,0.851063829787234,-0.22051459550857544,28.087146759033203,0.0010101235238835216,5.923610687255859
621,46.62666666666667,50,49,0.9662666666666667,-1.1742409467697144,26.720762252807617,0.0009258859790861607,1.5835881233215332
622,63.95652173913042,23,20,0.8695652173913043,-1.3334274291992188,67.09307098388672,0.0009253857424482703,0.7979884147644043
623,-7.6315789473684115,95,83,0.8736842105263158,-1.051247239112854,19.546743392944336,0.0009190940763801336,3.593266010284424
624,47.29931972789115,49,48,0.9629931972789115,0.9766636490821838,42.11872863769531,0.0009180838242173195,3.335031509399414
625,-9.541666666666664,96,83,0.8645833333333334,-0.6475264430046082,17.196195602416992,0.0007174288621172309,0.22804255783557892
626,-7.6315789473684195,95,83,0.8736842105263158,-1.3909348249435425,18.745935440063477,0.0007072435109876096,4.176992416381836
627,47.266666666666666,50,49,0.9726666666666667,-1.5089143514633179,26.654226303100586,0.0005625055637210608,7.557437896728516
628,43.60377358490566,53,52,0.9660377358490566,-0.7879653573036194,23.884000778198242,0.0005565737374126911,1.7262240648269653
629,38.1063829787234,47,40,0.851063829787234,-0.7121872305870056,29.68495750427246,0.0005569373606704175,1.8833680152893066
630,40.95652173913043,46,40,0.8695652173913043,0.20342296361923218,30.380233764648438,0.0005520634003914893,5.495573043823242
631,63.95652173913043,23,20,0.8695652173913043,0.33441323041915894,68.91082763671875,0.0005560558056458831,7.864938259124756
632,63.95652173913043,23,20,0.8695652173913043,-0.1625555157661438,58.64261245727539,0.0005534937954507768,0.28645920753479004
633,-3.422442244224427,101,99,0.9757755775577558,0.9416537284851074,26.49031639099121,0.0005524043808691204,0.6702472567558289
634,49.36879432624113,47,46,0.9636879432624114,1.0557736158370972,45.31040954589844,0.0005500703700818121,0.3528386056423187
635,63.95652173913043,23,20,0.8695652173913043,0.15049029886722565,75.74784851074219,0.00034271369804628193,1.2269642353057861
636,45.733333333333334,50,48,0.9573333333333334,-0.13748684525489807,41.067848205566406,0.0002698657335713506,0.5834103226661682
637,-5.1100323624595525,103,101,0.9788996763754045,-0.6031280159950256,13.780085563659668,0.00026986683951690793,0.4507029354572296
638,-5.718446601941755,103,101,0.9728155339805825,-0.8737814426422119,13.932300567626953,0.00026833891752175987,0.829710841178894
639,47.26666666666667,50,49,0.9726666666666667,0.1408664435148239,24.125648498535156,0.000268333766143769,2.7287771701812744
640,-10.845679012345686,108,106,0.9715432098765432,-0.5135749578475952,10.870325088500977,0.00026844494277611375,1.049113154411316
641,-7.63157894736841,95,83,0.8736842105263158,-0.6249014735221863,14.427923202514648,0.00026773978606797755,0.2990134656429291
642,40.95652173913043,46,40,0.8695652173913043,-1.339707851409912,30.504669189453125,0.00026944559067487717,6.475795745849609
643,63.95652173913044,23,20,0.8695652173913043,-1.0683703422546387,55.97135543823242,0.0002693131100386381,1.6571588516235352
644,-7.107936507936505,105,104,0.978920634920635,-0.5607160925865173,14.435182571411133,0.00026109549799002707,1.3121825456619263
645,40.95652173913044,46,40,0.8695652173913043,-0.01745431497693062,28.325538635253906,0.000248050520895049,0.7719852328300476
646,-106.9479674796748,205,202,0.980520325203252,0.17781686782836914,11.201468467712402,0.00024783945991657674,0.8760163187980652
647,-7.107936507936509,105,104,0.978920634920635,-0.6528542041778564,11.929102897644043,0.00024757455685175955,1.9801682233810425
648,47.299319727891145,49,48,0.9629931972789115,0.4800500273704529,28.557048797607422,0.0002447403676342219,0.1516331136226654
649,63.95652173913044,23,20,0.8695652173913043,-0.4670298397541046,66.68289947509766,0.00024341780226677656,5.843371391296387
650,-102.16,200,196,0.9784,-0.26624611020088196,6.277804374694824,0.0002426926657790318,1.3528465032577515
651,-7.631578947368414,95,83,0.8736842105263158,-1.2811692953109741,16.81978416442871,0.0002444663259666413,6.590078830718994
652,63.95652173913043,23,20,0.8695652173913043,-2.2645556926727295,51.245906829833984,0.00024734821636229753,8.128533363342285
653,48.687074829931966,49,48,0.9768707482993197,-0.1176953986287117,32.344200134277344,0.00024745072005316615,2.271332025527954
654,-2.8151815181518214,101,100,0.9818481848184818,0.6680548191070557,15.466922760009766,0.00024741169181652367,0.3943854570388794
655,-106.41830065359477,204,200,0.9758169934640523,0.5443252325057983,10.457511901855469,0.0002406525454716757,5.475078105926514
656,40.95652173913044,46,40,0.8695652173913043,0.25296351313591003,44.41261291503906,0.000234777937293984,1.7661691904067993
657,-7.631578947368423,95,83,0.8736842105263158,-0.0022361786104738712,20.969913482666016,0.00019875506404787302,1.8829954862594604
658,-106.24183006535948,204,200,0.9775816993464053,-0.23910002410411835,10.05433177947998,0.000191238010302186,2.6593165397644043
659,-105.54575163398692,204,201,0.9845424836601308,-0.5826281905174255,7.5931596755981445,0.00017827558622229844,2.3821699619293213
660,40.95652173913043,46,40,0.8695652173913043,0.1714494824409485,36.905731201171875,0.00015805863949935883,0.3008096218109131
661,-7.631578947368418,95,83,0.8736842105263158,-0.24647611379623413,16.875988006591797,0.00015751774481032044,0.1816152036190033
662,63.95652173913043,23,20,0.8695652173913043,-2.3078763484954834,63.2342643737793,0.0001651493803365156,12.278679847717285
663,63.95652173913044,23,20,0.8695652173913043,1.319568395614624,61.38374710083008,0.00017653292161412537,12.520136833190918
664,-4.915857605178,103,102,0.98084142394822,0.10092437267303467,12.486839294433594,0.00017205756739713252,3.2407851219177246
665,-104.9376026272578,203,200,0.980623973727422,-0.9185663461685181,10.178643226623535,0.0001721032167552039,0.5109210014343262
666,38.1063829787234,47,40,0.851063829787234,-0.16660276055335999,34.172462463378906,0.00017222702444996685,0.6137409210205078
667,-109.40064102564104,208,206,0.9859935897435897,-0.7487775683403015,8.197312355041504,0.00017224460316356272,1.3262602090835571
668,63.95652173913044,23,20,0.8695652173913043,0.19847460091114044,63.04217529296875,0.00016615376807749271,0.29431769251823425
669,43.60377358490566,53,52,0.9660377358490566,0.46656933426856995,33.84939956665039,0.0001592323969816789,0.4100494384765625
670,-2.81518151815183,101,100,0.9818481848184818,-0.4030510187149048,11.176563262939453,0.0001575784117449075,1.7276344299316406
671,40.95652173913042,46,40,0.8695652173913043,-0.5851187109947205,30.33279037475586,0.00015774370694998652,1.3334622383117676
672,49.36879432624113,47,46,0.9636879432624114,-1.381481647491455,30.184106826782227,0.00016068090917542577,7.766015529632568
673,40.95652173913044,46,40,0.8695652173913043,-0.3429059386253357,30.496721267700195,0.00016002220218069851,1.7829564809799194
674,47.266666666666666,50,49,0.9726666666666667,0.477213054895401,22.916820526123047,0.00015210648416541517,0.1293296068906784
675,59.33333333333334,24,20,0.8333333333333334,0.021024323999881744,51.19134521484375,0.0001543770486023277,6.139614582061768
676,-5.702127659574465,94,83,0.8829787234042553,-0.3581380248069763,18.950191497802734,0.00015452336810994893,2.2331411838531494
677,-9.541666666666668,96,83,0.8645833333333334,-0.45476222038269043,18.320960998535156,0.00015495157276745886,3.9687721729278564
678,46.06666666666667,50,49,0.9606666666666667,0.7420107126235962,34.4664306640625,0.0001551666937302798,2.510822296142578
679,46.06666666666666,50,49,0.9606666666666667,0.8409238457679749,25.522193908691406,0.0001550524029880762,0.8514018058776855
680,40.95652173913044,46,40,0.8695652173913043,-0.9364319443702698,29.391202926635742,0.0001321224117418751,3.5888195037841797
681,43.893081761006286,53,52,0.9689308176100629,-1.9298114776611328,34.135009765625,0.00012856478861067444,6.27936315536499
682,40.95652173913044,46,40,0.8695652173913043,-0.3446466028690338,30.986900329589844,0.0001278092386201024,0.7745447158813477
683,47.13333333333334,50,49,0.9713333333333334,-1.1717294454574585,29.212675094604492,0.00012730572780128568,2.080685615539551
684,-5.317152103559881,103,101,0.9768284789644013,-0.3134399652481079,12.675986289978027,0.00012722866085823625,1.4198963642120361
685,63.95652173913043,23,20,0.8695652173913043,-2.9886505603790283,63.751182556152344,0.00014967638708185405,20.76481819152832
686,38.10638297872341,47,40,0.851063829787234,0.8061059713363647,32.23251724243164,0.0001516432675998658,4.673409461975098
687,40.95652173913044,46,40,0.8695652173913043,-0.22532550990581512,35.713050842285156,0.0001513054157840088,0.836240291595459
688,63.95652173913043,23,20,0.8695652173913043,-0.07461509853601456,55.64609146118164,0.00015243903908412904,3.496492862701416
689,63.95652173913043,23,20,0.8695652173913043,-0.20378826558589935,77.69578552246094,0.00015299292863346636,2.6042025089263916
690,-4.915857605177994,103,102,0.98084142394822,0.23942016065120697,12.446596145629883,0.00015308178262785077,0.8212217092514038
691,-7.631578947368408,95,83,0.8736842105263158,0.0128363948315382,18.75334930419922,0.00012802919081877917,0.6435271501541138
692,-3.422442244224423,101,99,0.9757755775577558,0.8361940383911133,19.706409454345703,0.00011935599468415603,0.29962894320487976
693,40.95652173913043,46,40,0.8695652173913043,0.2682324945926666,32.625694274902344,0.00011950307089136913,1.21054208278656
694,59.33333333333334,24,20,0.8333333333333334,0.3714189827442169,59.620811462402344,0.00012103933840990067,4.529908180236816
695,47.13333333333333,50,49,0.9713333333333334,-0.646037757396698,30.50951385498047,0.0001145317146438174,0.24078473448753357
696,-104.1881188118812,202,198,0.9781188118811881,-0.05690920352935791,11.239347457885742,0.00011433326289989054,0.7192050218582153
697,-4.915032679738566,102,100,0.9708496732026144,-1.2144122123718262,14.847002983093262,0.00011435552733018994,1.4981836080551147
698,-9.541666666666668,96,83,0.8645833333333334,-0.7858506441116333,18.46100425720215,0.00011269692913629115,2.192910671234131
699,49.36879432624113,47,46,0.9636879432624114,-0.5066736340522766,26.41604232788086,0.00011585692845983431,7.939098358154297
700,-5.702127659574466,94,83,0.8829787234042553,-0.4588790237903595,17.76700210571289,0.00011590000940486789,1.5127397775650024
701,-106.24183006535948,204,200,0.9775816993464053,0.21243996918201447,10.076342582702637,0.00011568479385459796,1.3195427656173706
702,40.95652173913044,46,40,0.8695652173913043,0.25724440813064575,29.18164825439453,0.00011629130312940106,2.618624448776245
703,-7.051282051282059,104,101,0.9694871794871794,-0.12826849520206451,12.598438262939453,0.00011605885811150074,1.1908130645751953
704,-3.7526881720430096,93,83,0.8924731182795699,-0.9785326719284058,17.736400604248047,0.00011656770220724866,3.433166742324829
705,40.95652173913044,46,40,0.8695652173913043,-1.440797209739685,36.733184814453125,0.00011833096505142748,6.734007835388184
706,-110.85964912280701,209,206,0.9814035087719298,-0.1017756536602974,9.679512023925781,0.00011845427798107266,0.8339003920555115
707,47.299319727891145,49,48,0.9629931972789115,0.33103880286216736,21.353591918945312,0.00011834008910227567,0.1432710736989975
708,40.95652173913043,46,40,0.8695652173913043,-0.4533231258392334,29.10236358642578,0.00011841422383440658,1.0168293714523315
709,-7.631578947368418,95,83,0.8736842105263158,-0.6136558651924133,18.31344985961914,0.00011645544145721942,0.421832412481308
710,46.626666666666665,50,49,0.9662666666666667,-0.5991882085800171,25.3607177734375,0.00011673566041281447,1.7632386684417725
711,47.13333333333333,50,49,0.9713333333333334,-0.5518767237663269,26.27386474609375,0.00011698495654854923,2.0128402709960938
712,40.95652173913042,46,40,0.8695652173913043,-0.07953128963708878,30.563844680786133,0.00011683857155730948,0.03498313948512077
713,63.95652173913043,23,20,0.8695652173913043,0.4959864020347595,56.72451400756836,0.00011607279884628952,1.18878972530365
714,-4.254901960784315,102,100,0.9774509803921568,0.1894250065088272,13.577681541442871,0.00010210792970610783,0.26083317399024963
715,-106.9479674796748,205,202,0.980520325203252,-0.04620056226849556,6.672146320343018,0.00010206341539742425,0.2565914988517761
716,-110.87240829346092,209,206,0.9812759170653907,-0.40000906586647034,7.584232807159424,0.00010206566366832703,0.888381838798523
717,40.95652173913042,46,40,0.8695652173913043,-0.9969537854194641,37.55284118652344,0.00010638983803801239,9.117303848266602
718,-4.59223300970875,103,102,0.9840776699029126,0.048726052045822144,11.809396743774414,0.0001065521064447239,2.250241756439209
719,46.733333333333334,50,49,0.9673333333333334,0.1415480673313141,22.44902801513672,0.00010596818174235523,0.3413168489933014
720,43.888888888888886,45,40,0.8888888888888888,0.09914424270391464,28.977540969848633,0.00010367680079070851,1.6337180137634277
721,46.75163398692809,51,51,0.977516339869281,-0.6929146647453308,20.77644920349121,0.00010396772267995402,2.97501540184021
722,40.95652173913044,46,40,0.8695652173913043,-0.4914860129356384,41.327674865722656,0.00010413026029709727,1.0566051006317139
723,-8.409523809523806,105,102,0.9659047619047619,-1.226746678352356,32.74257278442383,0.00010357245628256351,0.9478919506072998
724,47.266666666666666,50,49,0.9726666666666667,-0.5698445439338684,27.363401412963867,0.00010640070104273036,8.442611694335938
725,40.95652173913043,46,40,0.8695652173913043,-0.5367676019668579,29.0347957611084,0.00010694775846786797,3.8001668453216553
726,-3.4224422442244236,101,99,0.9757755775577558,0.7427570819854736,17.475923538208008,0.0001062234805431217,0.03184634447097778
727,40.95652173913044,46,40,0.8695652173913043,1.1484246253967285,32.847312927246094,0.00010484453378012404,4.496514320373535
728,-7.107936507936504,105,104,0.978920634920635,-0.1257626712322235,10.488691329956055,0.00010463520447956398,0.7825447916984558
729,63.95652173913043,23,20,0.8695652173913043,0.7386236786842346,56.2067756652832,0.00010715041571529582,6.29998779296875
730,-9.541666666666663,96,83,0.8645833333333334,-0.5018686056137085,16.74606704711914,0.00010492825094843283,1.1478193998336792
731,-102.16,200,196,0.9784,-0.6377493143081665,10.200796127319336,0.00010078791819978505,1.528612494468689
732,47.62585034013605,49,48,0.9662585034013605,-1.2950043678283691,23.804956436157227,0.00010112356540048495,3.1704916954040527
733,59.333333333333336,24,20,0.8333333333333334,-2.085683584213257,66.7505874633789,0.00010793166438816115,11.236013412475586
734,47.266666666666666,50,49,0.9726666666666667,2.456757068634033,35.466365814208984,0.00011048147280234843,5.777135848999023
735,49.36879432624114,47,46,0.9636879432624114,0.971491277217865,23.624210357666016,0.000110492946987506,1.2757617235183716
736,46.7516339869281,51,51,0.977516339869281,0.35221385955810547,26.477062225341797,0.00011094934598077089,2.3006539344787598
737,63.95652173913044,23,20,0.8695652173913043,-2.325181245803833,75.81163024902344,0.00011808591079898179,11.596057891845703
738,47.299319727891145,49,48,0.9629931972789115,-0.1738966405391693,27.32543182373047,0.0001179165774374269,0.7057090401649475
739,63.95652173913043,23,20,0.8695652173913043,-0.105679452419281,49.574039459228516,0.00011864746193168685,4.121551036834717
740,63.95652173913043,23,20,0.8695652173913043,-1.7114911079406738,58.8290901184082,0.0001250731584150344,11.282746315002441
741,-7.107936507936506,105,104,0.978920634920635,0.1514093428850174,13.699193000793457,0.00012520418385975063,0.6497337222099304
742,-8.937694704049852,107,106,0.9806230529595016,0.33307740092277527,22.081932067871094,0.00012364563008304685,3.2764267921447754
743,46.62666666666667,50,49,0.9662666666666667,1.0501317977905273,46.83018112182617,0.0001242414873559028,2.314582109451294
744,40.95652173913043,46,40,0.8695652173913043,0.6437645554542542,48.706504821777344,0.0001246692700078711,3.5508639812469482
745,59.333333333333336,24,20,0.8333333333333334,3.340374231338501,70.14828491210938,0.0001346905919490382,12.019004821777344
746,40.95652173913044,46,40,0.8695652173913043,0.9386478662490845,36.62744903564453,0.00013543233217205852,2.8216283321380615
747,47.29931972789115,49,48,0.9629931972789115,0.6703394055366516,30.50871467590332,0.00013537156337406486,0.011690665036439896
748,-100.66834170854271,199,196,0.9833165829145729,-1.1449966430664062,10.634613037109375,0.0001353514671791345,0.05915249511599541
749,-4.915032679738564,102,100,0.9708496732026144,-2.092681884765625,39.306297302246094,0.00013273699732962996,1.8957228660583496
750,-102.16,200,196,0.9784,-1.4932739734649658,13.352935791015625,0.0001326064666500315,0.8663265109062195
751,63.95652173913044,23,20,0.8695652173913043,0.2773735225200653,69.28343200683594,0.00013364592450670898,6.395303249359131
752,40.95652173913043,46,40,0.8695652173913043,-0.8275464177131653,34.71896743774414,0.00013044237857684493,2.6208159923553467
753,46.733333333333334,50,49,0.9673333333333334,0.21487973630428314,32.94332504272461,0.00013027754903305322,0.3809792995452881
754,63.95652173913043,23,20,0.8695652173913043,0.8695614337921143,80.00534057617188,0.00013059213233646005,2.8922972679138184
755,48.68707482993198,49,48,0.9768707482993197,1.4388734102249146,33.18450927734375,0.00013015959120821208,4.39208459854126
756,63.95652173913044,23,20,0.8695652173913043,1.0724378824234009,76.6474380493164,0.00013048767868895084,2.001662254333496
757,-9.541666666666663,96,83,0.8645833333333334,-0.5579447150230408,18.149864196777344,0.00013041996862739325,1.3638935089111328
758,46.626666666666665,50,49,0.9662666666666667,-1.007577896118164,23.332021713256836,0.00013006478548049927,0.7317585349082947
759,63.95652173913043,23,20,0.8695652173913043,-0.35601601004600525,55.10293197631836,0.00013009371468797326,1.6678340435028076
760,63.95652173913044,23,20,0.8695652173913043,-0.18056899309158325,63.62847900390625,0.00013265939196571708,5.9592719078063965
761,-2.815181518151829,101,100,0.9818481848184818,-0.8188595175743103,12.920324325561523,0.00013300645514391363,2.9457216262817383
762,46.626666666666665,50,49,0.9662666666666667,-0.6497359871864319,20.969423294067383,0.00012471475929487497,2.01017165184021
763,47.62585034013605,49,48,0.9662585034013605,-0.6970660090446472,21.868824005126953,0.00011530563642736524,3.3680713176727295
764,-104.9376026272578,203,200,0.980623973727422,0.19360892474651337,11.877588272094727,0.00011453926708782092,1.6205474138259888
765,-7.631578947368414,95,83,0.8736842105263158,0.2923659086227417,24.776891708374023,0.00011456908396212384,1.7347649335861206
766,40.95652173913043,46,40,0.8695652173913043,0.8315788507461548,49.11383056640625,0.00011449003795860335,0.6086305975914001
767,-107.0260162601626,205,201,0.979739837398374,1.0449495315551758,11.82392692565918,0.00011453368642833084,1.4874060153961182
768,-9.541666666666664,96,83,0.8645833333333334,0.6234682202339172,27.78282356262207,0.00011450954480096698,1.066429853439331
769,59.333333333333336,24,20,0.8333333333333334,0.3198245167732239,98.44325256347656,0.00011791723954956979,8.083914756774902
770,40.95652173913044,46,40,0.8695652173913043,-0.3151533603668213,48.8241081237793,0.00012083635374438018,7.620091915130615
771,-5.317152103559878,103,101,0.9768284789644013,0.23152874410152435,19.93572235107422,0.00012058549327775836,0.8519257307052612
772,-5.702127659574462,94,83,0.8829787234042553,-0.6020488739013672,20.744083404541016,0.00011795613681897521,3.420273780822754
773,-2.8151815181518236,101,100,0.9818481848184818,-0.16840548813343048,9.670825004577637,0.00011759913468267769,0.19618520140647888
774,63.95652173913044,23,20,0.8695652173913043,-1.329765796661377,51.297977447509766,0.000117586983833462,1.3630516529083252
775,-109.93269230769232,208,204,0.9806730769230769,-0.3236413896083832,7.746812343597412,0.00011473341874079779,0.1736283302307129
776,-106.24183006535948,204,200,0.9775816993464053,-0.8049572110176086,8.559855461120605,0.00011472148617031053,2.1675784587860107
777,-7.051282051282061,104,101,0.9694871794871794,-1.2859524488449097,14.165437698364258,0.00011410438310122117,0.07324214279651642
778,63.95652173913044,23,20,0.8695652173913043,-1.4048902988433838,51.45956039428711,0.00011420639930292964,1.528496503829956
779,46.564102564102555,52,52,0.9856410256410256,-2.81870174407959,26.323896408081055,0.00011584408639464527,6.0973405838012695
780,63.95652173913044,23,20,0.8695652173913043,-0.11530330032110214,74.14425659179688,0.00011720379552571103,6.242836952209473
781,-106.94796747967479,205,202,0.980520325203252,0.42946240305900574,11.07365894317627,0.00011536465171957389,0.18682290613651276
782,43.88888888888889,45,40,0.8888888888888888,1.0343149900436401,52.36030960083008,0.00011523185094119981,0.973916232585907
783,40.95652173913043,46,40,0.8695652173913043,1.7912406921386719,51.963035583496094,0.00011633894609985873,3.7651236057281494
784,63.95652173913043,23,20,0.8695652173913043,0.37211036682128906,116.6253433227539,0.00012702280946541578,13.915446281433105
785,-110.01282051282053,208,204,0.9798717948717949,0.49348559975624084,12.516180038452148,0.00010226455924566835,0.5214776396751404
786,-9.541666666666664,96,83,0.8645833333333334,1.1890840530395508,25.39851188659668,0.00010150363959837705,3.3239541053771973
787,63.95652173913043,23,20,0.8695652173913043,3.405866861343384,107.52268981933594,0.00010490985005162656,6.8954668045043945
788,-11.432989690721659,97,83,0.8556701030927835,0.3853699564933777,27.300212860107422,0.00010391695832367986,0.32058823108673096
789,-9.541666666666663,96,83,0.8645833333333334,0.3177420198917389,24.870174407958984,0.00010331431985832751,0.14085733890533447
790,40.95652173913042,46,40,0.8695652173913043,1.5419892072677612,45.045230865478516,0.0001049818383762613,4.822046756744385
791,-8.93769470404984,107,106,0.9806230529595016,0.08632702380418777,22.289878845214844,0.00010490875865798444,1.0332567691802979
792,63.95652173913044,23,20,0.8695652173913043,2.486652135848999,55.59916687011719,0.00011447419819887727,11.965566635131836
793,40.95652173913044,46,40,0.8695652173913043,-1.5420048236846924,34.406593322753906,0.00011603307939367369,5.772936820983887
794,-6.480769230769242,104,102,0.9751923076923077,-1.311758279800415,11.491414070129395,0.0001144789785030298,0.07572783529758453
795,-102.16,200,196,0.9784,-1.5067747831344604,7.0730695724487305,0.00011451164027675986,0.5194720029830933
796,-3.4224422442244244,101,99,0.9757755775577558,-1.4618161916732788,10.740081787109375,0.00011467907461337745,2.2110958099365234
797,-109.9326923076923,208,204,0.9806730769230769,-1.5332036018371582,8.850895881652832,0.00011471099423943087,0.6388793587684631
798,-4.9150326797385695,102,100,0.9708496732026144,-1.6260185241699219,15.035688400268555,0.00011481626279419288,1.6017341613769531
799,-9.541666666666664,96,83,0.8645833333333334,-1.3154665231704712,14.57135009765625,0.00011137434194097295,0.4797053039073944
800,63.95652173913044,23,20,0.8695652173913043,-0.8992447257041931,66.19884490966797,0.00011142664880026132,1.8547306060791016
801,63.95652173913044,23,20,0.8695652173913043,1.7669025659561157,46.044151306152344,0.00012175885785836726,12.685707092285156
802,40.95652173913043,46,40,0.8695652173913043,-0.7956476211547852,36.019161224365234,0.00012129897368140519,1.468127727508545
803,-110.01282051282053,208,204,0.9798717948717949,-0.23169101774692535,11.223959922790527,0.0001211521084769629,0.5711945295333862
804,63.95652173913043,23,20,0.8695652173913043,0.9559792280197144,65.6470718383789,0.00012243134551681578,5.178276538848877
805,-6.5384615384615365,104,102,0.9746153846153847,0.17164097726345062,24.07282066345215,0.00012014739331789315,2.4431955814361572
806,-102.70149253731344,201,198,0.9829850746268657,-0.1773948073387146,11.185199737548828,0.00012020878057228401,1.7404701709747314
807,38.1063829787234,47,40,0.851063829787234,-0.290456086397171,33.028961181640625,0.00012100709864171222,3.3508622646331787
808,40.95652173913043,46,40,0.8695652173913043,-1.153926134109497,28.962671279907227,0.00012097388389520347,1.2797547578811646
809,43.60377358490566,53,52,0.9660377358490566,-2.048539161682129,22.720130920410156,0.00012338632950559258,6.593512535095215
810,-100.66834170854271,199,196,0.9833165829145729,-0.07557284832000732,11.419845581054688,0.00012318388326093554,1.4270391464233398
811,-7.631578947368418,95,83,0.8736842105263158,-0.6748172640800476,19.682289123535156,0.0001229685585713014,1.8798573017120361
812,-9.541666666666663,96,83,0.8645833333333334,-0.7385208606719971,18.399667739868164,0.00012306810822337866,1.7579201459884644
813,63.95652173913043,23,20,0.8695652173913043,-1.2373729944229126,49.15530014038086,0.00012310087913647294,2.2186203002929688
814,40.95652173913043,46,40,0.8695652173913043,-0.5336303114891052,30.904876708984375,0.00012419551785569638,3.7848830223083496
815,46.46153846153847,52,52,0.9846153846153847,-1.5228317975997925,27.842914581298828,0.00012437505938578397,2.2645163536071777
816,-4.254901960784321,102,100,0.9774509803921568,0.4279480576515198,21.33526039123535,0.00012437683471944183,0.05109498277306557
817,46.62666666666667,50,49,0.9662666666666667,-0.13638700544834137,25.82040023803711,0.00012034926476189867,2.972445249557495
818,47.13333333333333,50,49,0.9713333333333334,-0.8582128286361694,30.987951278686523,0.00012011574290227145,0.22873423993587494
819,40.95652173913044,46,40,0.8695652173913043,-0.832855761051178,32.565589904785156,0.00012067184434272349,3.379396677017212
820,40.95652173913044,46,40,0.8695652173913043,-0.10450808703899384,34.44194030761719,0.0001205175940413028,0.8320522904396057
821,-9.541666666666668,96,83,0.8645833333333334,0.3918623626232147,21.98131561279297,0.0001203047577291727,1.6007039546966553
822,-4.777777777777786,102,100,0.9722222222222222,0.7632050514221191,17.70700454711914,0.00012048597272951156,1.8930386304855347
823,-6.480769230769239,104,102,0.9751923076923077,-0.09873434901237488,14.336396217346191,0.00012045936455251649,0.4072395861148834
824,59.333333333333336,24,20,0.8333333333333334,-0.8192076683044434,53.866764068603516,0.00011681517935357988,2.6972436904907227
825,47.29931972789115,49,48,0.9629931972789115,-0.15398326516151428,21.53976821899414,0.00011637451098067686,2.3801746368408203
826,-10.845679012345686,108,106,0.9715432098765432,-0.33389443159103394,11.969513893127441,0.0001163883280241862,0.38432052731513977
827,-7.631578947368417,95,83,0.8736842105263158,-1.1046674251556396,16.978939056396484,0.00011570419155759737,3.353588342666626
828,63.95652173913043,23,20,0.8695652173913043,-0.6261104345321655,55.03750228881836,0.00011688422091538087,4.318791389465332
829,-6.480769230769228,104,102,0.9751923076923077,-0.36545008420944214,12.0820951461792,0.000114325390313752,0.39885225892066956
830,40.95652173913044,46,40,0.8695652173913043,-0.6401774287223816,41.01041793823242,0.00011427851131884381,0.20113475620746613
831,40.95652173913043,46,40,0.8695652173913043,-0.7216845750808716,36.77010726928711,0.00011438249202910811,2.3709375858306885
832,-9.541666666666668,96,83,0.8645833333333334,0.17103040218353271,20.989294052124023,0.00011385843390598893,0.31987857818603516
833,46.62666666666667,50,49,0.9662666666666667,1.197489619255066,28.448320388793945,0.00010967496200464666,7.399931907653809
834,-5.702127659574469,94,83,0.8829787234042553,0.2904038429260254,20.48581314086914,0.00010759737779153511,0.12028072774410248
835,40.95652173913043,46,40,0.8695652173913043,-1.1486847400665283,34.56269073486328,0.00011160523717990145,8.29064655303955
836,38.10638297872341,47,40,0.851063829787234,-0.06033667176961899,33.94279479980469,0.00011130142229376361,0.9034488201141357
837,-7.631578947368418,95,83,0.8736842105263158,-0.3105918765068054,18.25788688659668,0.00010322714661015198,0.9750806093215942
838,-109.40064102564104,208,206,0.9859935897435897,0.05563958361744881,9.647614479064941,0.00010323067544959486,0.7487815022468567
839,-110.87240829346094,209,206,0.9812759170653907,-0.025934334844350815,9.338852882385254,0.0001021412608679384,0.01057624351233244
840,49.36879432624113,47,46,0.9636879432624114,-0.2330009639263153,32.528770446777344,9.505263005848974e-05,3.3644917011260986
841,-104.1881188118812,202,198,0.9781188118811881,0.09767889231443405,7.9707512855529785,9.50330140767619e-05,0.27246329188346863
842,48.68707482993197,49,48,0.9768707482993197,-0.017821766436100006,38.642574310302734,9.564291394781321e-05,4.676103115081787
843,63.95652173913043,23,20,0.8695652173913043,1.2338778972625732,66.98454284667969,9.739208326209337e-05,5.891916275024414
844,-9.541666666666664,96,83,0.8645833333333334,0.013665531761944294,21.360313415527344,9.664722892921418e-05,1.1459317207336426
845,63.95652173913043,23,20,0.8695652173913043,1.0585300922393799,87.58832550048828,8.7922511738725e-05,0.1439824104309082
846,-7.631578947368416,95,83,0.8736842105263158,0.6619070768356323,20.73583984375,8.758686453802511e-05,1.5446226596832275
847,46.066666666666656,50,49,0.9606666666666667,0.4181841313838959,36.367244720458984,8.89196089701727e-05,4.631551265716553
848,-4.915032679738562,102,100,0.9708496732026144,-0.19095247983932495,14.752971649169922,8.904204878490418e-05,1.42123281955719
849,38.1063829787234,47,40,0.851063829787234,-0.1265934705734253,32.8102912902832,8.88490685611032e-05,0.6610776782035828
850,-105.54575163398692,204,201,0.9845424836601308,-0.4448395073413849,6.747812271118164,8.882144175004214e-05,0.5549821853637695
851,46.733333333333334,50,49,0.9673333333333334,-2.0482072830200195,28.471912384033203,8.922820416046306e-05,6.999741554260254
852,63.95652173913044,23,20,0.8695652173913043,-0.993783712387085,62.91155242919922,8.906003495212644e-05,1.9974831342697144
853,47.62585034013605,49,48,0.9662585034013605,-1.1060110330581665,24.97759246826172,8.923582936404273e-05,1.6052743196487427
854,59.333333333333336,24,20,0.8333333333333334,0.4196510910987854,69.75347137451172,8.915663784136996e-05,2.5150818824768066
855,-104.1881188118812,202,198,0.9781188118811881,-0.15747085213661194,7.559201717376709,8.794221503194422e-05,0.48288995027542114
856,-3.422442244224427,101,99,0.9757755775577558,0.6381913423538208,17.756898880004883,8.77386046340689e-05,0.9516297578811646
857,-7.051282051282055,104,101,0.9694871794871794,-0.0014951821649447083,16.49054527282715,8.783313387539238e-05,1.8708751201629639
858,40.95652173913044,46,40,0.8695652173913043,-0.44494420289993286,42.73474884033203,9.063125617103651e-05,6.903053283691406
859,49.36879432624113,47,46,0.9636879432624114,1.112740397453308,33.763641357421875,9.053749818122014e-05,1.1931071281433105
860,40.95652173913043,46,40,0.8695652173913043,0.026294836774468422,34.524635314941406,8.819942740956321e-05,0.4437328577041626
861,-106.9219512195122,205,202,0.980780487804878,-0.5435084700584412,7.065981864929199,8.776166941970587e-05,0.3441891074180603
862,46.7516339869281,51,51,0.977516339869281,-0.3367519974708557,21.165691375732422,8.749517292017117e-05,0.5707900524139404
863,63.95652173913042,23,20,0.8695652173913043,-1.6105172634124756,49.778438568115234,8.849694131640717e-05,5.691295623779297
864,48.10204081632653,49,48,0.9710204081632653,-1.0801664590835571,26.059825897216797,8.856494241626933e-05,1.990343689918518
865,40.95652173913043,46,40,0.8695652173913043,-1.5683344602584839,28.538681030273438,8.983568841358647e-05,5.083891868591309
866,40.95652173913044,46,40,0.8695652173913043,-0.8838093876838684,28.656620025634766,9.029451030073687e-05,3.0987935066223145
867,40.95652173913044,46,40,0.8695652173913043,-0.7287031412124634,33.585227966308594,9.066979691851884e-05,3.5015065670013428
868,48.687074829931966,49,48,0.9768707482993197,0.3911038339138031,26.759767532348633,9.139245958067477e-05,3.0895304679870605
869,43.893081761006286,53,52,0.9689308176100629,0.39390480518341064,25.286603927612305,8.853481995174661e-05,3.399540901184082
870,63.95652173913044,23,20,0.8695652173913043,1.242297649383545,61.92226028442383,8.612359670223668e-05,3.7663018703460693
871,-4.592233009708751,103,102,0.9840776699029126,0.22570185363292694,12.16918659210205,8.62775559653528e-05,1.5953491926193237
872,59.33333333333334,24,20,0.8333333333333334,-1.0484085083007812,66.68423461914062,8.939341933000833e-05,7.977292537689209
873,-7.631578947368418,95,83,0.8736842105263158,-0.6010077595710754,21.078411102294922,8.939499093685299e-05,0.33253777027130127
874,43.89308176100629,53,52,0.9689308176100629,-0.4583175778388977,18.462671279907227,8.93265096237883e-05,0.7275616526603699
875,-100.71524288107204,199,196,0.9828475711892797,-0.6611260175704956,8.840575218200684,8.938711835071445e-05,0.8836072683334351
876,-7.631578947368419,95,83,0.8736842105263158,-1.1880548000335693,14.158538818359375,8.938946120906621e-05,2.177002429962158
877,47.62585034013605,49,48,0.9662585034013605,-0.902265727519989,21.304344177246094,8.949325274443254e-05,1.1464911699295044
878,-4.9150326797385615,102,100,0.9708496732026144,-0.8718370795249939,16.059968948364258,8.934342622524127e-05,0.47834888100624084
879,-2.8151815181518307,101,100,0.9818481848184818,-0.12674753367900848,10.946101188659668,8.715358126210049e-05,0.18013475835323334
880,40.95652173913043,46,40,0.8695652173913043,0.9408707022666931,38.621952056884766,8.49333664518781e-05,1.4314548969268799
881,-10.950617283950619,108,105,0.9704938271604938,-0.26970574259757996,13.149322509765625,8.513269131071866e-05,1.8411022424697876
882,-108.53945249597425,207,204,0.9846054750402576,-0.05899718031287193,9.08072566986084,8.516935486113653e-05,1.2513138055801392
883,-9.541666666666659,96,83,0.8645833333333334,0.19292044639587402,18.741168975830078,8.4270017396193e-05,0.15725798904895782
884,-9.541666666666663,96,83,0.8645833333333334,0.09761230647563934,20.310169219970703,7.29166204109788e-05,3.0209357738494873
885,-106.94796747967479,205,202,0.980520325203252,0.021103227511048317,9.240057945251465,7.294737588381395e-05,0.8031704425811768
886,-5.702127659574468,94,83,0.8829787234042553,-0.7033460736274719,16.24834442138672,7.334312977036461e-05,4.17431640625
887,-108.53945249597425,207,204,0.9846054750402576,-0.2527100443840027,6.981844902038574,7.035518501652405e-05,0.07243118435144424
888,40.95652173913042,46,40,0.8695652173913043,-0.2547954320907593,33.77143859863281,7.104828546289355e-05,3.4797871112823486
889,40.95652173913043,46,40,0.8695652173913043,-0.22395259141921997,29.833951950073242,7.106424891389906e-05,0.6469123363494873
890,-3.422442244224422,101,99,0.9757755775577558,-0.3318917453289032,11.270950317382812,6.954923446755856e-05,0.3453045189380646
891,-4.915857605177997,103,102,0.98084142394822,-1.0407274961471558,14.064909934997559,6.956275319680572e-05,1.1536332368850708
892,-7.051282051282053,104,101,0.9694871794871794,-0.8826979398727417,16.041261672973633,6.037490311427973e-05,0.13681916892528534
893,40.95652173913044,46,40,0.8695652173913043,-0.4945821166038513,42.82183837890625,5.853511538589373e-05,0.3141293525695801
894,40.95652173913043,46,40,0.8695652173913043,-0.8621940016746521,36.31629943847656,5.9564590628724545e-05,4.368802070617676
895,-107.02601626016259,205,201,0.979739837398374,-0.44169166684150696,6.772724628448486,5.953613072051667e-05,0.15050524473190308
896,-109.40064102564104,208,206,0.9859935897435897,-0.5590490698814392,6.561212062835693,5.9312860685167834e-05,0.5724104642868042
897,40.95652173913043,46,40,0.8695652173913043,0.3573789596557617,36.794864654541016,5.927776510361582e-05,0.8168229460716248
898,-5.9615384615384635,104,103,0.9803846153846154,0.16856634616851807,17.436010360717773,5.9208472521277145e-05,1.8992669582366943
899,-7.631578947368414,95,83,0.8736842105263158,0.232918381690979,18.556995391845703,5.9207108279224485e-05,0.2606527507305145
900,-106.92195121951221,205,202,0.980780487804878,0.09370984882116318,7.188604831695557,5.90720446780324e-05,0.7264225482940674
901,-7.631578947368414,95,83,0.8736842105263158,0.14111009240150452,17.081371307373047,4.856957821175456e-05,0.03445759043097496
902,40.95652173913044,46,40,0.8695652173913043,0.05403275787830353,40.0131721496582,4.86784047097899e-05,2.120741367340088
903,-2.9537953795379632,101,100,0.9804620462046204,-0.5198934674263,11.410125732421875,4.88153200421948e-05,1.9480782747268677
904,49.36879432624113,47,46,0.9636879432624114,0.7118589282035828,18.490459442138672,4.734415779239498e-05,2.36765456199646
905,-9.541666666666664,96,83,0.8645833333333334,-0.950409471988678,17.444656372070312,4.7528923460049555e-05,3.1004366874694824
906,59.333333333333336,24,20,0.8333333333333334,-1.3836599588394165,63.03921890258789,4.8142715968424454e-05,3.8941659927368164
907,-9.541666666666663,96,83,0.8645833333333334,-0.8860399127006531,13.693239212036133,4.7326575440820307e-05,1.9257465600967407
908,47.266666666666666,50,49,0.9726666666666667,0.3936339318752289,19.420589447021484,4.73617619718425e-05,1.6062824726104736
909,-104.1881188118812,202,198,0.9781188118811881,-0.2485588937997818,6.683783531188965,4.5248856622492895e-05,1.0233190059661865
910,-9.541666666666666,96,83,0.8645833333333334,-0.5148762464523315,15.164942741394043,4.5201097236713395e-05,0.8074767589569092
911,40.95652173913044,46,40,0.8695652173913043,0.17506766319274902,29.10670280456543,4.5164870243752375e-05,0.6974561214447021
912,-110.85964912280703,209,206,0.9814035087719298,-0.09173095971345901,7.528400897979736,4.506291952566244e-05,0.27225783467292786
913,40.95652173913043,46,40,0.8695652173913043,-0.8289053440093994,28.594717025756836,4.6761659177718684e-05,6.003372669219971
914,63.95652173913043,23,20,0.8695652173913043,-0.2184111326932907,61.97071838378906,4.5653774577658623e-05,1.2045778036117554
915,59.333333333333336,24,20,0.8333333333333334,-0.4932931661605835,54.217247009277344,4.546794662019238e-05,0.5112916827201843
916,48.68707482993197,49,48,0.9768707482993197,0.06609413027763367,20.574382781982422,4.5502038119593635e-05,1.4692448377609253
917,-4.915032679738561,102,100,0.9708496732026144,-0.5867785811424255,12.54570198059082,4.484678356675431e-05,1.9132075309753418
918,-7.631578947368419,95,83,0.8736842105263158,-0.22062496840953827,16.965730667114258,4.483732482185587e-05,0.6179715991020203
919,38.1063829787234,47,40,0.851063829787234,0.4965963363647461,32.057071685791016,4.495627945289016e-05,2.5878632068634033
920,-7.107936507936502,105,104,0.978920634920635,-0.4117446839809418,10.269834518432617,4.485273530008271e-05,0.10560739785432816
921,46.06666666666666,50,49,0.9606666666666667,0.14453330636024475,19.426549911499023,4.457257819012739e-05,0.8225863575935364
922,63.95652173913043,23,20,0.8695652173913043,-1.1202099323272705,62.71062469482422,4.4774325942853466e-05,3.660883665084839
923,63.95652173913044,23,20,0.8695652173913043,-0.7585498094558716,56.4780158996582,4.522933886619285e-05,3.3599326610565186
924,-9.541666666666657,96,83,0.8645833333333334,-0.2770465314388275,16.273656845092773,4.459482806851156e-05,0.3204609155654907
925,-108.53945249597425,207,204,0.9846054750402576,-0.34477779269218445,6.283617973327637,4.407946107676253e-05,0.3199644386768341
926,40.95652173913043,46,40,0.8695652173913043,0.9720290303230286,25.59447479248047,4.6346696763066575e-05,5.490971088409424
927,-3.422442244224426,101,99,0.9757755775577558,0.25582414865493774,11.862112045288086,4.588851879816502e-05,0.5566815137863159
928,-104.93760262725779,203,200,0.980623973727422,-0.2870181202888489,6.9060587882995605,4.43817007180769e-05,0.35005465149879456
929,40.95652173913043,46,40,0.8695652173913043,-0.1896343231201172,30.931880950927734,4.4313921534921974e-05,0.5216077566146851
930,40.95652173913043,46,40,0.8695652173913043,-0.09640559554100037,29.933074951171875,4.42675591330044e-05,0.7742066979408264
931,-9.541666666666664,96,83,0.8645833333333334,-0.37524229288101196,16.926395416259766,4.411168265505694e-05,0.04929158091545105
932,-4.59223300970875,103,102,0.9840776699029126,0.011862717568874359,10.47452163696289,4.4055432226741686e-05,0.46060749888420105
933,-2.81518151815183,101,100,0.9818481848184818,0.1508568674325943,11.76840877532959,4.073950185556896e-05,2.7138216495513916
934,46.733333333333334,50,49,0.9673333333333334,-0.652188777923584,21.899524688720703,4.114305193070322e-05,3.4134669303894043
935,59.33333333333333,24,20,0.8333333333333334,-0.1743772029876709,58.95668411254883,3.791861672652885e-05,1.6234397888183594
936,-102.16,200,196,0.9784,-0.2718861401081085,7.0278191566467285,3.781575651373714e-05,1.5302894115447998
937,-8.93769470404985,107,106,0.9806230529595016,0.08323056995868683,13.201526641845703,3.780993210966699e-05,0.6359921097755432
938,-5.317152103559875,103,101,0.9768284789644013,0.03159600868821144,12.47847843170166,3.781136547331698e-05,0.8421751260757446
939,40.95652173913043,46,40,0.8695652173913043,0.4387802481651306,29.935171127319336,3.782321437029168e-05,0.12681178748607635
940,-4.254901960784312,102,100,0.9774509803921568,0.24848893284797668,12.387763977050781,3.682847454911098e-05,0.19389690458774567
941,46.62666666666667,50,49,0.9662666666666667,-0.1769927740097046,25.134382247924805,3.6880002880934626e-05,2.053717851638794
942,-9.54166666666667,96,83,0.8645833333333334,-0.5061989426612854,14.267767906188965,3.506875873426907e-05,1.008731484413147
943,-2.8151815181518196,101,100,0.9818481848184818,-0.2842729091644287,11.052305221557617,3.231305890949443e-05,0.35419467091560364
944,-104.76026272577997,203,200,0.9823973727422003,-0.4797765612602234,6.204357624053955,3.243578612455167e-05,0.6121007204055786
945,-9.54166666666666,96,83,0.8645833333333334,-0.4843409061431885,14.126564025878906,3.272511821705848e-05,1.452048897743225
946,43.70440251572327,53,52,0.9670440251572328,-0.5079530477523804,23.245134353637695,3.3740667277015746e-05,3.8892667293548584
947,-7.107936507936504,105,104,0.978920634920635,-0.22458766400814056,10.90121078491211,3.3076437830459327e-05,1.3021694421768188
948,47.13333333333334,50,49,0.9713333333333334,0.11145411431789398,24.297109603881836,3.34951764671132e-05,1.9925934076309204
949,43.893081761006286,53,52,0.9689308176100629,0.5567048788070679,22.051673889160156,3.3644348150119185e-05,1.3711057901382446
950,43.704402515723274,53,52,0.9670440251572328,0.2756585478782654,29.727191925048828,3.369120531715453e-05,1.572983741760254
951,-7.631578947368417,95,83,0.8736842105263158,0.11152446269989014,20.87432289123535,3.122229827567935e-05,0.3656993806362152
952,63.95652173913043,23,20,0.8695652173913043,-1.5500898361206055,63.704200744628906,3.868666317430325e-05,11.76413345336914
953,-11.432989690721655,97,83,0.8556701030927835,-0.26088348031044006,18.582279205322266,3.834901872323826e-05,0.6235160827636719
954,-9.541666666666664,96,83,0.8645833333333334,-0.373547226190567,13.61333179473877,3.7784957385156304e-05,0.4910018742084503
955,63.95652173913044,23,20,0.8695652173913043,-0.45944368839263916,56.199100494384766,3.7786645407322794e-05,1.1187121868133545
956,-9.043613707165111,107,105,0.979563862928349,-0.9528944492340088,12.994667053222656,3.7606263504130766e-05,1.0919970273971558
957,-106.9479674796748,205,202,0.980520325203252,-0.8609204292297363,7.579166889190674,3.754671342903748e-05,0.33645766973495483
958,-9.54166666666666,96,83,0.8645833333333334,-1.3476650714874268,13.938576698303223,3.608456609072164e-05,4.498849868774414
959,-9.541666666666666,96,83,0.8645833333333334,-1.1947373151779175,15.623647689819336,3.639460919657722e-05,3.768193483352661
960,63.95652173913043,23,20,0.8695652173913043,0.1265016347169876,52.5243034362793,3.781179111683741e-05,4.02358865737915
961,-7.1079365079365076,105,104,0.978920634920635,-0.46207913756370544,9.952802658081055,3.773569915210828e-05,0.7764323949813843
962,40.95652173913043,46,40,0.8695652173913043,-0.29462358355522156,31.89295768737793,3.7670637539122254e-05,1.6640454530715942
963,-9.541666666666659,96,83,0.8645833333333334,-0.20470857620239258,14.347129821777344,3.64268671546597e-05,1.2730741500854492
964,-9.541666666666659,96,83,0.8645833333333334,-0.34912481904029846,14.376448631286621,3.639376882347278e-05,0.33228546380996704
965,-100.71524288107204,199,196,0.9828475711892797,-0.3724544942378998,6.462761878967285,3.5198630939703435e-05,0.7169485092163086
966,40.95652173913043,46,40,0.8695652173913043,0.17796169221401215,30.25863265991211,3.504422420519404e-05,1.2456815242767334
967,47.266666666666666,50,49,0.9726666666666667,0.5591948628425598,20.997133255004883,3.4526183299021795e-05,0.47296610474586487
968,-9.541666666666664,96,83,0.8645833333333334,-1.0018038749694824,14.88003158569336,3.3828531741164625e-05,2.151376724243164
969,-9.541666666666659,96,83,0.8645833333333334,-0.7059033513069153,16.986942291259766,3.2874169846763834e-05,0.3096216022968292
970,63.95652173913044,23,20,0.8695652173913043,0.37610071897506714,58.664920806884766,3.442438901402056e-05,6.029600143432617
971,46.73333333333333,50,49,0.9673333333333334,-0.522712230682373,20.480663299560547,3.411947545828298e-05,0.31127122044563293
972,63.95652173913043,23,20,0.8695652173913043,0.5466675758361816,52.47098159790039,3.1206629500957206e-05,2.018468141555786
973,40.95652173913043,46,40,0.8695652173913043,1.0784157514572144,38.42500686645508,3.1798968848306686e-05,2.556931495666504
974,59.33333333333334,24,20,0.8333333333333334,-0.29332101345062256,73.44005584716797,3.334100983920507e-05,5.567181587219238
975,40.95652173913043,46,40,0.8695652173913043,0.965406060218811,38.91484069824219,3.3438500395277515e-05,1.3483295440673828
976,59.33333333333333,24,20,0.8333333333333334,-0.33972957730293274,60.1082649230957,3.3295083994744346e-05,1.0721549987792969
977,-7.631578947368412,95,83,0.8736842105263158,-0.47673189640045166,13.879415512084961,3.3112304663518444e-05,0.533004879951477
978,48.10204081632652,49,48,0.9710204081632653,-0.11087540537118912,19.682886123657227,3.3076790714403614e-05,1.355136752128601
979,43.888888888888886,45,40,0.8888888888888888,-0.828568696975708,37.07984161376953,3.32688978232909e-05,2.5564329624176025
980,63.95652173913044,23,20,0.8695652173913043,-1.0160765647888184,48.92356872558594,3.302523691672832e-05,0.06330982595682144
981,46.46153846153846,52,52,0.9846153846153847,0.022548072040081024,23.02988624572754,3.315128924441524e-05,1.242187261581421
982,-9.541666666666664,96,83,0.8645833333333334,-0.6246075630187988,15.368648529052734,3.322187694720924e-05,1.8674627542495728
983,59.33333333333334,24,20,0.8333333333333334,-0.0913648009300232,58.81560516357422,3.3210111723747104e-05,0.02485417202115059
984,46.62666666666667,50,49,0.9662666666666667,0.5706456899642944,28.50826644897461,3.281042518210597e-05,0.875722348690033
985,-9.541666666666657,96,83,0.8645833333333334,-0.4211479425430298,16.86943817138672,3.2876396289793774e-05,1.6683917045593262
986,63.95652173913044,23,20,0.8695652173913043,0.5301787257194519,67.3489761352539,3.298559386166744e-05,3.2509639263153076
987,40.95652173913043,46,40,0.8695652173913043,0.04165089130401611,30.148693084716797,3.299502350273542e-05,0.07829239964485168
988,46.06666666666666,50,49,0.9606666666666667,-0.31005045771598816,21.07905387878418,3.2511059544049203e-05,1.4444024562835693
989,63.95652173913044,23,20,0.8695652173913043,0.6184855103492737,40.67423629760742,3.513260162435472e-05,6.0359063148498535
990,43.893081761006286,53,52,0.9689308176100629,-0.2499702274799347,32.9715690612793,3.5655033570947126e-05,2.5723822116851807
991,40.95652173913043,46,40,0.8695652173913043,-0.334322452545166,30.284372329711914,3.569846012396738e-05,1.5401612520217896
992,63.95652173913043,23,20,0.8695652173913043,-0.22509779036045074,55.172454833984375,3.588920662878081e-05,2.234485626220703
993,38.10638297872341,47,40,0.851063829787234,0.053149208426475525,35.03312683105469,3.587766332202591e-05,1.1134084463119507
994,63.95652173913044,23,20,0.8695652173913043,-0.25737613439559937,54.60491180419922,3.543450293364003e-05,3.300903558731079
995,-7.631578947368416,95,83,0.8736842105263158,-0.014268641360104084,17.210094451904297,3.559149627108127e-05,1.2513458728790283
996,-9.541666666666666,96,83,0.8645833333333334,-0.2279716581106186,13.93386173248291,3.5624198062578216e-05,0.29309073090553284
997,-105.54575163398692,204,201,0.9845424836601308,-0.5076716542243958,6.113409996032715,3.5619785194285214e-05,0.1752455085515976
998,40.95652173913044,46,40,0.8695652173913043,-0.36805960536003113,29.907466888427734,3.549869143171236e-05,0.8685483336448669
999,47.266666666666666,50,49,0.9726666666666667,0.73612380027771,19.473600387573242,3.5593100619735196e-05,0.8281873464584351
1000,-9.541666666666655,96,83,0.8645833333333334,-0.38739293813705444,14.00455093383789,3.5698150895768777e-05,0.9385793209075928
1001,-109.40064102564102,208,206,0.9859935897435897,-0.6741719245910645,6.52911376953125,3.571327397366986e-05,0.26015686988830566
1002,63.95652173913043,23,20,0.8695652173913043,1.6470881700515747,56.715946197509766,3.985253715654835e-05,8.04197883605957
1003,40.95652173913043,46,40,0.8695652173913043,0.37683770060539246,36.2808952331543,4.015101512777619e-05,2.49499773979187
1004,-11.432989690721653,97,83,0.8556701030927835,-0.7720394134521484,16.673803329467773,4.028526018373668e-05,3.3073198795318604
1005,40.95652173913044,46,40,0.8695652173913043,0.18278686702251434,36.19948959350586,3.981513509643264e-05,0.7865065932273865
1006,-7.631578947368418,95,83,0.8736842105263158,0.43595993518829346,16.45293617248535,3.9471571653848514e-05,2.5232176780700684
1007,-6.480769230769237,104,102,0.9751923076923077,0.36020228266716003,12.327991485595703,3.9416619983967394e-05,1.2375532388687134
1008,-2.8151815181518263,101,100,0.9818481848184818,0.12999312579631805,10.781888008117676,3.947410732507706e-05,1.9041180610656738
1009,59.33333333333334,24,20,0.8333333333333334,-0.28986606001853943,61.65047073364258,3.977303276769817e-05,2.732966184616089
1010,-105.46732026143792,204,202,0.9853267973856209,0.37663111090660095,8.089956283569336,3.9799455407774076e-05,0.6589901447296143
1011,63.95652173913044,23,20,0.8695652173913043,-0.3407980799674988,50.237300872802734,3.978245149482973e-05,0.5308462381362915
1012,-5.96153846153847,104,103,0.9803846153846154,-0.0272885300219059,11.705744743347168,3.979875327786431e-05,0.30736151337623596
1013,-9.541666666666668,96,83,0.8645833333333334,-0.4646604061126709,20.483701705932617,3.774694778257981e-05,0.6351056098937988
1014,63.95652173913043,23,20,0.8695652173913043,-0.9163064956665039,50.66108703613281,3.772345735342242e-05,1.0068018436431885
1015,-4.915032679738567,102,100,0.9708496732026144,-0.5678316354751587,11.850611686706543,3.773073694901541e-05,0.3724763095378876
1016,-9.541666666666659,96,83,0.8645833333333334,-0.31631287932395935,13.11512279510498,3.7643978430423886e-05,0.5159962773323059
1017,-5.718446601941748,103,101,0.9728155339805825,-0.04984317347407341,12.169936180114746,3.744932109839283e-05,0.43853268027305603
1018,40.95652173913043,46,40,0.8695652173913043,0.2707136869430542,29.099735260009766,3.762528285733424e-05,1.870057225227356
1019,-102.16000000000001,200,196,0.9784,0.2448285073041916,8.006730079650879,3.717397339642048e-05,0.29684439301490784
1020,-7.631578947368418,95,83,0.8736842105263158,0.09995406121015549,15.60743522644043,3.724166163010523e-05,0.9150295257568359
1021,47.299319727891145,49,48,0.9629931972789115,0.7897437810897827,32.81009292602539,3.7334917578846216e-05,1.5428539514541626
1022,-110.85964912280701,209,206,0.9814035087719298,0.24512498080730438,6.522768020629883,3.669881334644742e-05,1.4008244276046753
1023,40.95652173913044,46,40,0.8695652173913043,-0.6370206475257874,35.77351379394531,3.62325954483822e-05,1.868334174156189
1024,-100.71524288107204,199,196,0.9828475711892797,-0.5518532991409302,5.622029781341553,3.622381336754188e-05,0.0412372350692749
1025,-9.541666666666671,96,83,0.8645833333333334,-0.8957993984222412,20.856660842895508,3.621420910349116e-05,0.08657853305339813
1026,-102.70149253731343,201,198,0.9829850746268657,-0.9523531794548035,6.768212795257568,3.43827014148701e-05,1.3954969644546509
1027,-3.422442244224422,101,99,0.9757755775577558,-0.5881884694099426,12.821762084960938,3.441264925641008e-05,0.9558690786361694
1028,-5.31715210355987,103,101,0.9768284789644013,-0.8139373064041138,15.31596565246582,3.441067019593902e-05,0.24055513739585876
1029,46.62666666666667,50,49,0.9662666666666667,-0.2502942979335785,20.235733032226562,3.451781230978668e-05,1.2333142757415771
1030,-109.40064102564102,208,206,0.9859935897435897,-0.5284168720245361,5.973331451416016,3.451648080954328e-05,0.7572492361068726
1031,47.625850340136054,49,48,0.9662585034013605,0.09434341639280319,21.82341766357422,3.5393284633755684e-05,3.6608104705810547
1032,40.95652173913042,46,40,0.8695652173913043,-0.1166478842496872,34.14408493041992,3.6119745345786214e-05,3.5607779026031494
1033,-6.4807692307692335,104,102,0.9751923076923077,0.6342262625694275,12.785601615905762,3.5863460652763024e-05,1.851355791091919
1034,-104.76026272577997,203,200,0.9823973727422003,0.2273300290107727,10.684679985046387,3.521802864270285e-05,0.536277711391449
1035,43.704402515723274,53,52,0.9670440251572328,-0.02963927760720253,22.995407104492188,3.50534864992369e-05,0.6700207591056824
1036,63.95652173913044,23,20,0.8695652173913043,-0.22107568383216858,57.34858703613281,3.52253919118084e-05,2.306414842605591
1037,40.95652173913043,46,40,0.8695652173913043,0.10500486940145493,31.770217895507812,3.5218356060795486e-05,0.2693154513835907
1038,63.95652173913043,23,20,0.8695652173913043,-0.19644489884376526,71.68587493896484,3.5297278373036534e-05,1.4620239734649658
1039,-106.94796747967479,205,202,0.980520325203252,-0.38670966029167175,6.744320869445801,3.5295201087137684e-05,0.2948983907699585
1040,-7.107936507936509,105,104,0.978920634920635,-0.6060432195663452,10.017903327941895,3.529973400873132e-05,0.1556655615568161
1041,63.95652173913043,23,20,0.8695652173913043,-2.3727059364318848,70.61532592773438,4.6997865865705535e-05,14.088435173034668
1042,63.95652173913044,23,20,0.8695652173913043,-0.23130087554454803,47.39885330200195,4.7013600124046206e-05,0.6901264786720276
1043,40.95652173913043,46,40,0.8695652173913043,-0.6806718111038208,34.45626449584961,4.795876157004386e-05,4.163228511810303
1044,-7.631578947368416,95,83,0.8736842105263158,0.396585613489151,16.34207534790039,4.8534886445850134e-05,2.9251720905303955
1045,-108.53945249597423,207,204,0.9846054750402576,-0.12245793640613556,7.571844100952148,4.835967774852179e-05,0.08468802273273468
1046,-5.702127659574469,94,83,0.8829787234042553,-0.06581377238035202,23.021278381347656,4.736795381177217e-05,1.425734043121338
1047,-9.541666666666663,96,83,0.8645833333333334,0.1875382661819458,21.894258499145508,4.7207140596583486e-05,0.4354323148727417
1048,-9.54166666666667,96,83,0.8645833333333334,0.0011615982512012124,22.81597328186035,4.696581527241506e-05,1.586967945098877
1049,-2.815181518151826,101,100,0.9818481848184818,0.3982219696044922,16.797182083129883,4.6994799049571157e-05,2.261331081390381
1050,63.95652173913044,23,20,0.8695652173913043,-0.5652459859848022,78.57926940917969,5.230172610026784e-05,9.789384841918945
1051,-7.631578947368414,95,83,0.8736842105263158,-0.14908817410469055,19.205678939819336,5.2309063903521746e-05,0.11613041162490845
1052,-109.40064102564104,208,206,0.9859935897435897,-0.7945128679275513,6.792262077331543,4.438285395735875e-05,0.4750981330871582
1053,63.95652173913044,23,20,0.8695652173913043,-2.1722524166107178,62.63813400268555,5.308323306962848e-05,12.308623313903809
1054,-9.043613707165107,107,105,0.979563862928349,-0.9277433156967163,15.207422256469727,5.302967474563047e-05,0.19516809284687042
1055,46.46153846153847,52,52,0.9846153846153847,-0.5316905975341797,23.035911560058594,5.3283616580301896e-05,1.6546475887298584
1056,-110.85964912280701,209,206,0.9814035087719298,-0.616594135761261,6.165215015411377,5.331127249519341e-05,0.4723837077617645
1057,-3.422442244224424,101,99,0.9757755775577558,-0.6247161030769348,12.44333553314209,5.36996012669988e-05,2.972301483154297
1058,46.56410256410256,52,52,0.9856410256410256,-1.0266668796539307,16.796756744384766,5.271696500130929e-05,1.0909802913665771
1059,63.95652173913042,23,20,0.8695652173913043,-1.4220730066299438,58.50194549560547,5.410600715549663e-05,6.242794990539551
1060,59.333333333333336,24,20,0.8333333333333334,0.16364772617816925,61.72087097167969,5.3095893235877156e-05,1.4857091903686523
1061,63.95652173913043,23,20,0.8695652173913043,0.1821523755788803,67.22508239746094,5.309080734150484e-05,0.4478130638599396
1062,-108.45893719806764,207,204,0.9854106280193237,-0.14547301828861237,6.495117664337158,5.309367406880483e-05,0.7626020908355713
1063,-106.9479674796748,205,202,0.980520325203252,-0.3336534798145294,6.85461950302124,5.2941271860618144e-05,0.27632442116737366
1064,40.95652173913044,46,40,0.8695652173913043,0.5671321749687195,31.004234313964844,5.381978189689107e-05,3.4017157554626465
1065,-5.961538461538455,104,103,0.9803846153846154,-0.3808372914791107,11.611944198608398,5.396567576099187e-05,2.00925874710083
1066,-9.541666666666668,96,83,0.8645833333333334,-0.43388476967811584,15.69352912902832,5.378662172006443e-05,0.37211036682128906
1067,-109.40064102564104,208,206,0.9859935897435897,-0.626029372215271,6.837891101837158,5.380900620366447e-05,0.1380191594362259
1068,-7.631578947368412,95,83,0.8736842105263158,-1.0216894149780273,16.162485122680664,5.416993371909484e-05,3.4168899059295654
1069,-2.8151815181518285,101,100,0.9818481848184818,-0.16296327114105225,15.17471981048584,5.413590406533331e-05,0.21578039228916168
1070,40.95652173913044,46,40,0.8695652173913043,0.4187696576118469,28.044038772583008,5.256442091194913e-05,3.6349565982818604
1071,47.29931972789115,49,48,0.9629931972789115,0.771362841129303,18.051864624023438,5.3181174735073e-05,2.6786911487579346
1072,38.10638297872341,47,40,0.851063829787234,-0.2210780531167984,36.24567413330078,5.280912955640815e-05,0.004649303387850523
1073,63.95652173913043,23,20,0.8695652173913043,-1.1939809322357178,57.93000411987305,5.514904478332028e-05,7.445079803466797
1074,45.733333333333334,50,48,0.9573333333333334,0.42364686727523804,27.32748794555664,5.389124635257758e-05,1.5988329648971558
1075,43.704402515723274,53,52,0.9670440251572328,-0.21870157122612,15.447906494140625,5.373228850658052e-05,0.44232290983200073
1076,40.95652173913043,46,40,0.8695652173913043,0.31904336810112,29.39693832397461,5.371821316657588e-05,0.2709105610847473
1077,63.95652173913044,23,20,0.8695652173913043,0.006982565391808748,58.734832763671875,5.401866656029597e-05,2.7442779541015625
1078,-9.541666666666666,96,83,0.8645833333333334,-0.2999272346496582,16.556398391723633,5.400806912803091e-05,1.2405236959457397
1079,40.95652173913044,46,40,0.8695652173913043,0.37969884276390076,28.05096435546875,5.445775605039671e-05,2.865043878555298
1080,46.62666666666667,50,49,0.9662666666666667,-0.611392080783844,17.552364349365234,5.448627780424431e-05,1.305263638496399
1081,40.95652173913042,46,40,0.8695652173913043,-0.6621515154838562,28.971792221069336,5.45929251529742e-05,2.7262842655181885
1082,-9.043613707165111,107,105,0.979563862928349,-0.16881917417049408,11.20553207397461,5.465353751787916e-05,1.1372779607772827
1083,38.10638297872341,47,40,0.851063829787234,-0.1758323311805725,31.052080154418945,5.4796255426481366e-05,1.088693618774414
1084,40.95652173913043,46,40,0.8695652173913043,-0.8997529745101929,30.524246215820312,5.586726911133155e-05,4.932096481323242
1085,63.95652173913043,23,20,0.8695652173913043,-1.0122874975204468,59.17055892944336,5.736453385907225e-05,5.628726005554199
1086,40.95652173913043,46,40,0.8695652173913043,1.0119012594223022,32.7212028503418,5.805021646665409e-05,4.496474266052246
1087,-9.541666666666654,96,83,0.8645833333333334,-0.004174109548330307,15.941123008728027,5.802586747449823e-05,0.36332106590270996
1088,-108.53945249597425,207,204,0.9846054750402576,-0.10846986621618271,6.774165630340576,5.798075289931148e-05,0.5985451340675354
1089,-9.541666666666664,96,83,0.8645833333333334,0.07453980296850204,17.815444946289062,5.5261967645492405e-05,0.2798522114753723
1090,40.95652173913042,46,40,0.8695652173913043,0.711919367313385,30.847490310668945,5.51664452359546e-05,2.3220205307006836
1091,63.95652173913043,23,20,0.8695652173913043,-0.7449102401733398,61.23876190185547,5.705074727302417e-05,6.270810604095459
1092,-4.254901960784322,102,100,0.9774509803921568,0.14403091371059418,11.679819107055664,5.697011511074379e-05,0.3630600869655609
1093,63.95652173913044,23,20,0.8695652173913043,-3.026350498199463,57.07194137573242,7.140390516724437e-05,16.055683135986328
1094,59.33333333333334,24,20,0.8333333333333334,1.2491161823272705,68.40522003173828,7.512614683946595e-05,7.408724308013916
1095,-7.631578947368419,95,83,0.8736842105263158,-0.323973685503006,17.053564071655273,7.497124170185998e-05,0.44937658309936523
1096,-104.1881188118812,202,198,0.9781188118811881,-0.43600210547447205,6.424093723297119,7.490740972571075e-05,0.6773415207862854
1097,63.95652173913044,23,20,0.8695652173913043,-1.1902884244918823,55.82997131347656,7.671533239772543e-05,6.209769248962402
1098,-7.6315789473684195,95,83,0.8736842105263158,-0.6339598298072815,15.709465026855469,7.691869541304186e-05,2.618002414703369
1099,-7.107936507936506,105,104,0.978920634920635,0.13719141483306885,11.723929405212402,7.743101014057174e-05,2.511396884918213
1100,-105.44117647058823,204,202,0.9855882352941177,-0.09345004707574844,7.926217079162598,7.730857760179788e-05,0.2148500233888626
1101,40.95652173913043,46,40,0.8695652173913043,0.5995319485664368,31.12870979309082,7.760427251923829e-05,1.6382066011428833
1102,59.333333333333336,24,20,0.8333333333333334,0.4824375510215759,53.72878646850586,7.292540976777673e-05,0.7976273894309998
1103,-5.702127659574463,94,83,0.8829787234042553,-0.397561252117157,16.20559310913086,7.223161810543388e-05,1.1992952823638916
1104,40.95652173913043,46,40,0.8695652173913043,-1.3794078826904297,34.98892593383789,7.525686669396237e-05,8.322463035583496
1105,-5.961538461538465,104,103,0.9803846153846154,-0.025500696152448654,12.930103302001953,7.526952686021104e-05,0.4637170433998108
1106,63.95652173913043,23,20,0.8695652173913043,0.9794512987136841,64.21774291992188,7.562943210359663e-05,3.2836692333221436
1107,-109.9326923076923,208,204,0.9806730769230769,-0.3424150347709656,6.627986431121826,7.534071482950822e-05,0.710658073425293
1108,-7.631578947368418,95,83,0.8736842105263158,-0.5107966065406799,15.613275527954102,7.529527647420764e-05,1.3646475076675415
1109,49.36879432624113,47,46,0.9636879432624114,0.5207852721214294,23.607257843017578,7.512476440751925e-05,1.604468584060669
1110,-8.937694704049848,107,106,0.9806230529595016,-0.014003857038915157,12.312873840332031,7.502252265112475e-05,0.007143750321120024
1111,-9.541666666666664,96,83,0.8645833333333334,-0.7417146563529968,15.514737129211426,7.50311155570671e-05,2.4934005737304688
1112,-4.592233009708751,103,102,0.9840776699029126,0.2822703421115875,12.345462799072266,7.498315972043201e-05,0.04429078847169876
1113,48.68707482993197,49,48,0.9768707482993197,-1.1562974452972412,32.82943344116211,7.953276508487761e-05,9.781700134277344
1114,46.75163398692809,51,51,0.977516339869281,0.2203189581632614,28.732030868530273,7.957234629429877e-05,1.8907148838043213
1115,63.95652173913042,23,20,0.8695652173913043,0.7642092704772949,52.59309005737305,7.972776802489534e-05,1.0701947212219238
1116,38.10638297872341,47,40,0.851063829787234,-0.5708574056625366,29.15188980102539,7.957548223203048e-05,0.7646589875221252
1117,63.95652173913044,23,20,0.8695652173913043,0.583661675453186,51.43390655517578,8.122503641061485e-05,4.140244960784912
1118,63.95652173913043,23,20,0.8695652173913043,-2.20432710647583,64.36815643310547,8.760143828112632e-05,11.299398422241211
1119,-5.317152103559872,103,101,0.9768284789644013,-0.3815949261188507,10.643624305725098,8.803724631434307e-05,1.6548707485198975
1120,-5.961538461538455,104,103,0.9803846153846154,-0.13963116705417633,11.055937767028809,8.792162407189608e-05,0.3874301314353943
1121,-108.53945249597423,207,204,0.9846054750402576,-0.4989210367202759,6.1923370361328125,8.800717478152364e-05,0.12988148629665375
1122,47.266666666666666,50,49,0.9726666666666667,0.9037853479385376,43.57961654663086,8.782880468061194e-05,3.01216197013855
1123,-4.254901960784318,102,100,0.9774509803921568,-0.29237890243530273,17.583879470825195,8.814826287562028e-05,3.5485846996307373
1124,59.333333333333336,24,20,0.8333333333333334,0.45486631989479065,76.92476654052734,8.819568756734952e-05,2.688753128051758
1125,-106.9479674796748,205,202,0.980520325203252,-0.6788807511329651,6.0397162437438965,8.81189334904775e-05,1.2047451734542847
1126,59.33333333333333,24,20,0.8333333333333334,-0.673749566078186,61.59914779663086,8.862718823365867e-05,4.1246442794799805
1127,40.95652173913044,46,40,0.8695652173913043,-0.3831823468208313,29.072843551635742,8.889340097084641e-05,0.8657800555229187
1128,47.266666666666666,50,49,0.9726666666666667,-0.04857911914587021,23.238941192626953,8.909332973416895e-05,0.8322674632072449
1129,-9.54166666666666,96,83,0.8645833333333334,-1.2677675485610962,16.72735023498535,8.872270700521767e-05,1.0926607847213745
1130,40.95652173913044,46,40,0.8695652173913043,-0.9000853896141052,32.89483642578125,8.871377212926745e-05,0.9450325965881348
1131,43.893081761006286,53,52,0.9689308176100629,-0.3220721185207367,33.653690338134766,8.817090565571561e-05,2.660048484802246
1132,-7.631578947368417,95,83,0.8736842105263158,-0.48177242279052734,19.02411460876465,8.808827260509133e-05,0.8045051693916321
1133,59.333333333333336,24,20,0.8333333333333334,0.31242403388023376,69.85186004638672,8.750786946620792e-05,1.2024785280227661
1134,-104.76026272577998,203,200,0.9823973727422003,-0.5924386382102966,7.024501323699951,8.734779839869589e-05,0.5980638861656189
1135,-3.4224422442244298,101,99,0.9757755775577558,-0.01100657694041729,14.483073234558105,8.732801506994292e-05,1.1429634094238281
1136,-102.70149253731344,201,198,0.9829850746268657,-0.339016318321228,6.249932765960693,8.75885525601916e-05,1.0894243717193604
1137,-4.254901960784317,102,100,0.9774509803921568,-0.2576157748699188,11.158113479614258,8.745252853259444e-05,1.0996322631835938
1138,-5.110032362459554,103,101,0.9788996763754045,-0.2238004207611084,10.84156322479248,8.760105265537277e-05,0.35208749771118164
1139,63.95652173913043,23,20,0.8695652173913043,-0.2683359384536743,56.30317306518555,8.770003478275612e-05,2.7934556007385254
1140,-106.9479674796748,205,202,0.980520325203252,-0.8395540118217468,6.927987098693848,8.770207205088809e-05,0.17148785293102264
1141,-102.70149253731344,201,198,0.9829850746268657,-1.081292748451233,7.145254611968994,7.74310901761055e-05,0.690093457698822
1142,-4.915857605178003,103,102,0.98084142394822,-0.9152442812919617,14.06200885772705,7.725305476924405e-05,0.5233397483825684
1143,-9.541666666666663,96,83,0.8645833333333334,-0.7634373903274536,13.658489227294922,7.673504296690226e-05,0.08347536623477936
1144,-6.480769230769232,104,102,0.9751923076923077,-0.6051032543182373,10.98840618133545,7.582457328680903e-05,0.061680011451244354
1145,47.13333333333333,50,49,0.9713333333333334,-0.05494963750243187,21.96782684326172,7.606902363477275e-05,1.1587473154067993
1146,63.95652173913044,23,20,0.8695652173913043,2.211988925933838,52.466060638427734,8.3559010818135e-05,10.000717163085938
1147,63.95652173913043,23,20,0.8695652173913043,0.9734032154083252,57.922325134277344,8.46923649078235e-05,3.3645076751708984
1148,40.95652173913043,46,40,0.8695652173913043,-0.26743820309638977,33.16819381713867,8.47400224301964e-05,2.031141519546509
1149,63.95652173913044,23,20,0.8695652173913043,0.3810153603553772,52.32888412475586,8.492260531056672e-05,1.2560391426086426
1150,40.95652173913043,46,40,0.8695652173913043,-0.24249444901943207,29.114887237548828,8.00198467914015e-05,1.179644227027893
1151,40.95652173913043,46,40,0.8695652173913043,-0.23263198137283325,31.619735717773438,7.999615627340972e-05,0.48467177152633667
1152,40.95652173913043,46,40,0.8695652173913043,-0.3770656883716583,31.599363327026367,7.998966611921787e-05,0.6873113512992859
1153,-104.9376026272578,203,200,0.980623973727422,-0.05272313207387924,6.090397834777832,7.179839303717017e-05,0.22679123282432556
1154,63.95652173913044,23,20,0.8695652173913043,-0.017163706943392754,69.809814453125,7.196392107289284e-05,1.0155894756317139
1155,-100.66834170854271,199,196,0.9833165829145729,0.18176276981830597,5.701824188232422,7.1773371018935e-05,0.8643935918807983
1156,40.95652173913042,46,40,0.8695652173913043,0.5941944718360901,29.659685134887695,7.242089486680925e-05,2.7540969848632812
1157,49.36879432624112,47,46,0.9636879432624114,0.2782807946205139,22.27098846435547,7.216983794933185e-05,1.7745153903961182
1158,-9.54166666666666,96,83,0.8645833333333334,0.010532788932323456,14.95814037322998,7.227993773994967e-05,0.7482735514640808
1159,46.06666666666666,50,49,0.9606666666666667,-0.14025381207466125,24.103431701660156,7.040987111395225e-05,1.7222228050231934
1160,63.95652173913044,23,20,0.8695652173913043,0.4602119028568268,60.19008255004883,7.062664371915162e-05,2.205347776412964
1161,-9.541666666666659,96,83,0.8645833333333334,-0.6079265475273132,14.596661567687988,7.082022057147697e-05,2.38474702835083
1162,-108.53945249597423,207,204,0.9846054750402576,-0.07593884319067001,5.9775190353393555,7.076589827192947e-05,0.8599404096603394
1163,46.06666666666666,50,49,0.9606666666666667,-0.025095360353589058,21.18494415283203,7.082235242705792e-05,1.9557055234909058
1164,63.95652173913043,23,20,0.8695652173913043,0.6717511415481567,50.00690460205078,7.11393149686046e-05,3.994364023208618
1165,-105.54575163398692,204,201,0.9845424836601308,0.08815200626850128,5.967292785644531,7.106612611096352e-05,0.2190699428319931
1166,-4.254901960784321,102,100,0.9774509803921568,0.5135360956192017,11.521241188049316,7.154110062401742e-05,2.181635618209839
1167,63.95652173913043,23,20,0.8695652173913043,-0.9423653483390808,56.04750061035156,7.27277947589755e-05,5.0708699226379395
1168,38.1063829787234,47,40,0.851063829787234,-0.5329957604408264,29.090795516967773,7.239807746373117e-05,2.1778457164764404
1169,63.956521739130444,23,20,0.8695652173913043,0.013492648489773273,55.86988067626953,7.260914571816102e-05,1.2712843418121338
1170,-5.718446601941759,103,101,0.9728155339805825,-0.3267748951911926,11.291888236999512,7.148901931941509e-05,0.9418684244155884
1171,40.95652173913044,46,40,0.8695652173913043,0.7009382843971252,27.705615997314453,7.260018173838034e-05,4.745073318481445
1172,63.95652173913044,23,20,0.8695652173913043,0.48466312885284424,58.70238494873047,7.413377170450985e-05,4.4071784019470215
1173,40.95652173913043,46,40,0.8695652173913043,0.26522794365882874,28.305376052856445,7.164264388848096e-05,2.1168253421783447
1174,-9.541666666666664,96,83,0.8645833333333334,-0.45331937074661255,14.020234107971191,7.14163834345527e-05,0.3678489327430725
1175,40.95652173913043,46,40,0.8695652173913043,-0.006998475641012192,27.825021743774414,7.150211604312062e-05,1.0055263042449951
1176,59.33333333333334,24,20,0.8333333333333334,-0.9731472730636597,51.91362762451172,7.171527977334335e-05,2.395874261856079
1177,-9.043613707165107,107,105,0.979563862928349,-0.48770639300346375,10.65174388885498,7.152058242354542e-05,0.8378868699073792
1178,-3.3594771241830053,102,101,0.9864052287581699,-0.1255699247121811,11.52924919128418,7.15793066774495e-05,0.7507935166358948
1179,63.95652173913043,23,20,0.8695652173913043,-0.0530240498483181,52.10553741455078,7.093478052411228e-05,1.4083499908447266
1180,46.46153846153847,52,52,0.9846153846153847,0.4816019833087921,24.830636978149414,7.105665281414986e-05,1.1133325099945068
1181,-9.541666666666663,96,83,0.8645833333333334,-0.12222105264663696,14.716470718383789,7.089039718266577e-05,1.0672403573989868
1182,40.95652173913043,46,40,0.8695652173913043,-1.123403549194336,28.53498649597168,7.234075746964663e-05,5.605538368225098
1183,-7.10793650793651,105,104,0.978920634920635,-0.5682435631752014,10.09571361541748,7.220143015729263e-05,0.06479410827159882
1184,-7.631578947368409,95,83,0.8736842105263158,-0.5580659508705139,14.509237289428711,7.099704816937447e-05,0.5483386516571045
1185,-4.59223300970875,103,102,0.9840776699029126,0.11456435918807983,9.367030143737793,6.937701255083084e-05,0.19272741675376892
1186,-4.915857605178,103,102,0.98084142394822,-0.4029243290424347,12.165637016296387,6.787147867726162e-05,0.18742595613002777
1187,43.60377358490567,53,52,0.9660377358490566,-0.806925892829895,24.29770851135254,6.787785969208926e-05,0.8217503428459167
1188,40.95652173913043,46,40,0.8695652173913043,-0.05206717178225517,34.058231353759766,6.79875593050383e-05,0.8657745718955994
1189,63.95652173913043,23,20,0.8695652173913043,0.9918510317802429,57.08967590332031,6.955691060284153e-05,4.606712818145752
1190,-108.45893719806764,207,204,0.9854106280193237,-0.08309012651443481,6.668553829193115,6.910631782375276e-05,0.9372395277023315
1191,-110.85964912280703,209,206,0.9814035087719298,0.05926685035228729,7.5352959632873535,6.700552330585197e-05,0.7380169630050659
1192,43.888888888888886,45,40,0.8888888888888888,1.209402322769165,43.524295806884766,6.721507816109806e-05,1.6026597023010254
1193,-7.631578947368414,95,83,0.8736842105263158,0.9078348875045776,21.08722496032715,5.2486291679088026e-05,2.800687551498413
1194,63.95652173913042,23,20,0.8695652173913043,1.4902952909469604,81.55706024169922,4.9018221034202725e-05,1.1861307621002197
1195,-6.480769230769239,104,102,0.9751923076923077,0.17588819563388824,16.214033126831055,4.905527748633176e-05,1.3201261758804321
1196,38.1063829787234,47,40,0.851063829787234,1.3008289337158203,33.71322250366211,5.079249240225181e-05,5.082043647766113
1197,47.299319727891145,49,48,0.9629931972789115,0.47945377230644226,22.77526092529297,4.856718078372069e-05,0.24801088869571686
1198,40.95652173913043,46,40,0.8695652173913043,-1.3517128229141235,35.05221939086914,4.909311974188313e-05,3.9777097702026367
1199,47.266666666666666,50,49,0.9726666666666667,0.04399532079696655,23.46843719482422,4.875503509538248e-05,1.1375727653503418
1200,-7.63157894736842,95,83,0.8736842105263158,-0.9491144418716431,15.440189361572266,4.875990271102637e-05,0.6715607047080994
1201,-5.961538461538459,104,103,0.9803846153846154,-0.5741660594940186,10.022801399230957,4.855274164583534e-05,0.29411688446998596
1202,-105.54575163398694,204,201,0.9845424836601308,-1.3174244165420532,12.188322067260742,4.854463622905314e-05,1.1651105880737305
1203,63.95652173913044,23,20,0.8695652173913043,-1.3556360006332397,62.845375061035156,5.055099609307945e-05,6.036092758178711
1204,63.95652173913043,23,20,0.8695652173913043,-0.7291983962059021,54.33052444458008,4.7116664063651115e-05,3.318819284439087
1205,63.95652173913043,23,20,0.8695652173913043,1.223235845565796,55.7965087890625,4.805956996278837e-05,3.7159249782562256
1206,-9.541666666666663,96,83,0.8645833333333334,-0.4696330428123474,19.084928512573242,4.7441084461752325e-05,1.6773955821990967
1207,63.95652173913043,23,20,0.8695652173913043,-1.3676010370254517,65.28282928466797,5.17600383318495e-05,8.657365798950195
1208,38.10638297872341,47,40,0.851063829787234,-0.6561594009399414,28.9306640625,5.1941562560386956e-05,2.328279495239258
1209,40.95652173913043,46,40,0.8695652173913043,-0.09638611972332001,30.569576263427734,5.1976327085867524e-05,1.189272403717041
1210,40.95652173913043,46,40,0.8695652173913043,-0.2602337896823883,27.50926971435547,5.205800334806554e-05,0.8989387154579163
1211,-9.541666666666666,96,83,0.8645833333333334,-0.8091953992843628,14.912694931030273,5.176038030185737e-05,0.5690749883651733
1212,-106.94796747967479,205,202,0.980520325203252,-0.6081432700157166,5.933996200561523,5.1759721827693284e-05,0.46745413541793823
1213,-7.631578947368414,95,83,0.8736842105263158,-0.740084707736969,14.508438110351562,4.6144712541718036e-05,0.665270209312439
1214,40.95652173913044,46,40,0.8695652173913043,-1.353742241859436,32.13910675048828,4.754088513436727e-05,5.2491888999938965
1215,-5.317152103559877,103,101,0.9768284789644013,-0.053027477115392685,9.24587345123291,4.751699816551991e-05,0.9091586470603943
1216,63.95652173913044,23,20,0.8695652173913043,0.7533004283905029,52.86639404296875,4.922891457681544e-05,5.117605686187744
1217,-4.2549019607843235,102,100,0.9774509803921568,0.5662267804145813,14.535813331604004,4.808382800547406e-05,0.0426909439265728
1218,-5.70212765957446,94,83,0.8829787234042553,0.06209881603717804,19.45272445678711,4.0495971916243434e-05,1.2551699876785278
1219,47.13333333333333,50,49,0.9713333333333334,0.351188987493515,30.308517456054688,4.052477015648037e-05,2.0118887424468994
1220,-108.53945249597425,207,204,0.9846054750402576,0.25204434990882874,9.252721786499023,4.0518163586966693e-05,0.5463610291481018
1221,-2.815181518151828,101,100,0.9818481848184818,1.284443974494934,14.96859073638916,4.0887880459195e-05,2.3321611881256104
1222,63.95652173913043,23,20,0.8695652173913043,1.916245937347412,63.864418029785156,4.315062324167229e-05,6.663780689239502
1223,40.95652173913043,46,40,0.8695652173913043,-0.6771168112754822,30.046152114868164,4.321947562857531e-05,3.703709840774536
1224,63.95652173913044,23,20,0.8695652173913043,-1.1642032861709595,47.62646484375,4.375543358037248e-05,4.001430988311768
1225,-7.107936507936513,105,104,0.978920634920635,-0.7467170357704163,9.433880805969238,4.3752166675403714e-05,1.1817833185195923
1226,46.7516339869281,51,51,0.977516339869281,-0.342180073261261,18.866817474365234,4.286835974198766e-05,1.5999559164047241
1227,-105.54575163398692,204,201,0.9845424836601308,-0.9641563296318054,5.948623180389404,4.360025923233479e-05,3.557729959487915
1228,40.95652173913043,46,40,0.8695652173913043,-0.6612355709075928,42.08027267456055,4.3557098251767457e-05,0.23842208087444305
1229,-4.254901960784318,102,100,0.9774509803921568,-0.2870647609233856,9.68942928314209,4.3488274968694896e-05,0.13379302620887756
1230,47.266666666666666,50,49,0.9726666666666667,0.37462687492370605,17.372142791748047,4.343600812717341e-05,0.05357588455080986
1231,-104.1881188118812,202,198,0.9781188118811881,-0.3224100172519684,5.350509166717529,4.299050851841457e-05,0.07750452309846878
1232,-7.6315789473684195,95,83,0.8736842105263158,-0.6478469967842102,15.726866722106934,4.3000898585887626e-05,1.0024105310440063
1233,40.95652173913044,46,40,0.8695652173913043,0.8761155605316162,25.246341705322266,4.5516837417380884e-05,6.475257873535156
1234,-5.718446601941754,103,101,0.9728155339805825,-0.2305799275636673,11.393397331237793,4.5577704440802336e-05,1.1529899835586548
1235,-9.541666666666668,96,83,0.8645833333333334,-0.21499095857143402,15.069092750549316,4.551080928649753e-05,0.5302072763442993
1236,-9.043613707165106,107,105,0.979563862928349,-0.20876596868038177,9.271672248840332,4.5452514314092696e-05,0.4599790573120117
1237,-102.70149253731344,201,198,0.9829850746268657,-0.24118533730506897,5.633590221405029,4.540851296042092e-05,0.7760818600654602
1238,63.95652173913043,23,20,0.8695652173913043,-0.1775868684053421,52.39585876464844,4.5531978685176e-05,1.422431468963623
1239,40.95652173913044,46,40,0.8695652173913043,-0.3638665974140167,27.1671142578125,4.510318467509933e-05,0.975563108921051
1240,63.95652173913044,23,20,0.8695652173913043,0.696076512336731,54.304325103759766,4.788712612935342e-05,6.794647693634033
1241,63.95652173913043,23,20,0.8695652173913043,0.5082385540008545,53.36555480957031,4.814372005057521e-05,2.315732002258301
1242,40.95652173913043,46,40,0.8695652173913043,-0.33589863777160645,29.20733070373535,4.8458379751536995e-05,2.224916934967041
1243,-5.7184466019417535,103,101,0.9728155339805825,-0.05401706323027611,10.573039054870605,4.846629599342123e-05,0.5338991284370422
1244,-9.54166666666666,96,83,0.8645833333333334,-1.3239690065383911,15.678304672241211,5.003282058169134e-05,4.9432783126831055
1245,-106.9479674796748,205,202,0.980520325203252,-0.5071858167648315,5.5442657470703125,4.996834468329325e-05,0.31557774543762207
1246,-5.702127659574467,94,83,0.8829787234042553,-0.5085552334785461,14.561585426330566,4.383133273222484e-05,0.5123206377029419
1247,40.95652173913043,46,40,0.8695652173913043,-0.5311421155929565,27.102436065673828,4.3256444769212976e-05,1.6423213481903076
1248,-7.631578947368424,95,83,0.8736842105263158,-0.7086916565895081,14.25063705444336,4.31378539360594e-05,1.4464659690856934
1249,-3.422442244224425,101,99,0.9757755775577558,0.06396064907312393,8.752904891967773,4.3036689021391794e-05,0.3321034908294678
1250,-109.40064102564104,208,206,0.9859935897435897,-0.5055904984474182,6.490037441253662,4.2967763874912634e-05,0.16344411671161652
1251,-7.631578947368421,95,83,0.8736842105263158,-0.31569457054138184,15.198354721069336,4.296781844459474e-05,0.3220966160297394
1252,63.95652173913044,23,20,0.8695652173913043,0.9214180111885071,56.956974029541016,4.513351450441405e-05,5.91873025894165
1253,46.62666666666667,50,49,0.9662666666666667,0.591324508190155,21.188316345214844,4.584760972647928e-05,3.418900728225708
1254,46.75163398692809,51,51,0.977516339869281,0.05698705092072487,21.846595764160156,4.618767343345098e-05,2.5498454570770264
1255,-9.541666666666666,96,83,0.8645833333333334,-0.5175666809082031,14.118783950805664,4.625328438123688e-05,1.3826197385787964
1256,-100.66834170854271,199,196,0.9833165829145729,-0.0803527683019638,5.226003646850586,4.580384847940877e-05,0.6864194869995117
1257,-9.043613707165111,107,105,0.979563862928349,-0.21632082760334015,12.909046173095703,4.576296123559587e-05,1.496048927307129
1258,-5.702127659574469,94,83,0.8829787234042553,-0.20100408792495728,13.047369956970215,4.5779863285133615e-05,0.9097332954406738
1259,40.95652173913043,46,40,0.8695652173913043,-0.20655585825443268,29.07173728942871,4.5599619625136256e-05,0.047280557453632355
1260,59.333333333333336,24,20,0.8333333333333334,-0.6779171824455261,53.207496643066406,4.531136073637754e-05,0.5257049798965454
1261,59.333333333333336,24,20,0.8333333333333334,0.16665121912956238,57.83330154418945,4.514136162470095e-05,1.6870728731155396
1262,63.95652173913043,23,20,0.8695652173913043,0.07943683117628098,55.11174011230469,4.5096483518136665e-05,0.0978652834892273
1263,63.95652173913043,23,20,0.8695652173913043,0.6967946887016296,52.713443756103516,4.489365528570488e-05,0.8250015377998352
1264,63.95652173913044,23,20,0.8695652173913043,-1.405422329902649,57.298126220703125,4.850213008467108e-05,8.666022300720215
1265,-5.702127659574466,94,83,0.8829787234042553,0.14134345948696136,15.393730163574219,4.868792530032806e-05,1.6831037998199463
1266,40.95652173913042,46,40,0.8695652173913043,0.02560378797352314,29.963415145874023,4.853884092881344e-05,1.559694766998291
1267,63.95652173913044,23,20,0.8695652173913043,0.030543074011802673,49.396873474121094,4.713841190095991e-05,1.5471198558807373
1268,-105.44117647058823,204,202,0.9855882352941177,0.053629320114851,6.562108516693115,4.685180829255842e-05,0.3090079128742218
1269,63.95652173913043,23,20,0.8695652173913043,0.25296610593795776,67.52092742919922,4.703496233560145e-05,2.1493849754333496
1270,-100.66834170854271,199,196,0.9833165829145729,0.016792070120573044,6.887340068817139,4.6979665057733655e-05,0.17434029281139374
1271,63.95652173913043,23,20,0.8695652173913043,-0.6683545112609863,58.47502517700195,4.70604827569332e-05,4.917740345001221
1272,-9.541666666666663,96,83,0.8645833333333334,-0.07627839595079422,14.974397659301758,4.5817978389095515e-05,0.11720035970211029
1273,-106.94796747967479,205,202,0.980520325203252,0.46165168285369873,8.17572021484375,4.569470547721721e-05,1.6105793714523315
1274,-9.54166666666666,96,83,0.8645833333333334,-0.7098532915115356,16.698232650756836,4.634901415556669e-05,3.4309511184692383
1275,40.95652173913043,46,40,0.8695652173913043,0.645643413066864,32.228023529052734,4.665726009989157e-05,2.369783639907837
1276,-4.2549019607843155,102,100,0.9774509803921568,0.033040255308151245,11.351502418518066,4.6340304834302515e-05,0.11154503375291824
1277,-4.915032679738562,102,100,0.9708496732026144,-0.2963627576828003,9.010351181030273,4.635164077626541e-05,0.9298893213272095
1278,-104.93760262725779,203,200,0.980623973727422,-0.4285529851913452,5.217731475830078,4.630497278412804e-05,0.12984533607959747
1279,-7.631578947368425,95,83,0.8736842105263158,-0.758134663105011,15.852943420410156,4.621783591574058e-05,0.6152132749557495
1280,43.70440251572327,53,52,0.9670440251572328,-1.3987325429916382,19.231882095336914,4.657225508708507e-05,2.840287685394287
1281,59.333333333333336,24,20,0.8333333333333334,-1.0047954320907593,53.046165466308594,4.74902662972454e-05,4.2395339012146
1282,43.60377358490566,53,52,0.9660377358490566,0.2522357702255249,24.605005264282227,4.571842509903945e-05,0.6626074910163879
1283,49.36879432624114,47,46,0.9636879432624114,1.1368058919906616,27.23134994506836,4.602276749210432e-05,2.095594644546509
1284,48.10204081632653,49,48,0.9710204081632653,0.5112378001213074,25.65281867980957,4.617383092409e-05,1.7521272897720337
1285,40.95652173913044,46,40,0.8695652173913043,0.7551199197769165,44.46430206298828,4.643872307497077e-05,1.9693089723587036
1286,59.333333333333336,24,20,0.8333333333333334,0.13860146701335907,63.82842254638672,4.65680641354993e-05,1.5771989822387695
1287,48.10204081632652,49,48,0.9710204081632653,0.3694275915622711,21.210744857788086,4.655208613257855e-05,0.3426588177680969
1288,-3.4224422442244253,101,99,0.9757755775577558,-0.32808732986450195,10.711467742919922,4.64927070424892e-05,0.28312981128692627
1289,43.88888888888888,45,40,0.8888888888888888,-1.3555469512939453,31.56229019165039,4.569240627461113e-05,3.313652276992798
1290,-108.53945249597425,207,204,0.9846054750402576,-1.1966314315795898,6.209489345550537,4.566107236314565e-05,0.019089769572019577
1291,46.56410256410256,52,52,0.9856410256410256,-1.862778902053833,21.985149383544922,4.612461998476647e-05,3.0078530311584473
1292,-5.9615384615384635,104,103,0.9803846153846154,-0.20753784477710724,10.62971019744873,4.616379737854004e-05,1.768958330154419
1293,-2.9537953795379686,101,100,0.9804620462046204,-0.3335759937763214,9.28750991821289,4.5794273319188505e-05,1.5563995838165283
1294,-99.21885521885523,198,196,0.9878114478114478,-0.3114861845970154,7.140933990478516,4.569207158056088e-05,0.3771076202392578
1295,-100.66834170854271,199,196,0.9833165829145729,-0.40275076031684875,5.905167102813721,4.562718459055759e-05,0.1081303134560585
1296,-5.961538461538462,104,103,0.9803846153846154,-0.11084512621164322,16.26691246032715,4.3895593989873305e-05,0.9338415265083313
1297,46.46153846153847,52,52,0.9846153846153847,0.4091169536113739,37.40546417236328,4.38786119048018e-05,0.159861758351326
1298,40.95652173913044,46,40,0.8695652173913043,-0.5326136946678162,37.51435470581055,4.368629743112251e-05,3.5264382362365723
1299,63.95652173913044,23,20,0.8695652173913043,0.9415645003318787,58.47279357910156,4.606675065588206e-05,6.105844020843506
1300,-4.592233009708744,103,102,0.9840776699029126,-0.3167046308517456,10.201251029968262,4.6069733798503876e-05,0.7246336936950684
1301,40.95652173913043,46,40,0.8695652173913043,-1.2162424325942993,29.601238250732422,4.6139099140418693e-05,1.3094291687011719
1302,63.95652173913042,23,20,0.8695652173913043,-2.033033609390259,62.702091217041016,4.806036304216832e-05,5.930802345275879
1303,46.461538461538474,52,52,0.9846153846153847,-0.9277628660202026,24.227947235107422,4.602777698892169e-05,0.2546581029891968
1304,40.95652173913044,46,40,0.8695652173913043,-0.1974274069070816,30.968469619750977,4.570323653751984e-05,1.884076714515686
1305,63.95652173913043,23,20,0.8695652173913043,-1.7669495344161987,54.95645523071289,4.99546731589362e-05,9.456412315368652
1306,63.95652173913044,23,20,0.8695652173913043,0.5173335075378418,63.43709945678711,4.9859478167491034e-05,0.2695483863353729
1307,-3.422442244224429,101,99,0.9757755775577558,-0.3484322130680084,12.109480857849121,4.5667205995414406e-05,1.8186118602752686
1308,-7.1079365079365004,105,104,0.978920634920635,-0.7546265721321106,9.103898048400879,4.5410484744934365e-05,0.7440968751907349
1309,-104.9376026272578,203,200,0.980623973727422,-0.1885358989238739,5.947690486907959,4.532446473604068e-05,0.5451719164848328
1310,-4.5922330097087505,103,102,0.9840776699029126,-0.1415545791387558,10.7323637008667,4.5253622374730185e-05,0.5702427625656128
1311,40.95652173913044,46,40,0.8695652173913043,-0.42753419280052185,35.61149978637695,4.5400851377053186e-05,1.8209141492843628
1312,-9.541666666666664,96,83,0.8645833333333334,-1.1976372003555298,14.076751708984375,4.577150320983492e-05,2.7197465896606445
1313,46.46153846153847,52,52,0.9846153846153847,-0.1504572331905365,24.509870529174805,4.6079090679995716e-05,2.015566349029541
1314,-5.702127659574478,94,83,0.8829787234042553,-0.4861849844455719,13.273683547973633,4.4700824219034985e-05,1.5341757535934448
1315,-109.93269230769232,208,204,0.9806730769230769,-0.5557715892791748,6.383800029754639,4.463223012862727e-05,0.08827260881662369
1316,38.1063829787234,47,40,0.851063829787234,-1.144281029701233,28.433109283447266,4.349075607024133e-05,3.391237258911133
1317,40.95652173913043,46,40,0.8695652173913043,-0.909430205821991,29.49318504333496,4.4345117203192785e-05,4.026866436004639
1318,-2.8151815181518316,101,100,0.9818481848184818,-0.35559725761413574,13.778915405273438,4.435801747604273e-05,0.7616682052612305
1319,47.62585034013605,49,48,0.9662585034013605,-0.9672023057937622,29.238821029663086,4.4177486415719613e-05,0.5365393757820129
1320,63.95652173913044,23,20,0.8695652173913043,1.1573424339294434,53.456783294677734,4.5539316488429904e-05,4.46241569519043
1321,-9.541666666666664,96,83,0.8645833333333334,-0.34105321764945984,16.62452507019043,4.513482781476341e-05,0.06461451202630997
1322,-3.4224422442244284,101,99,0.9757755775577558,-0.06467489153146744,12.394962310791016,4.216457455186173e-05,0.5266266465187073
1323,47.13333333333333,50,49,0.9713333333333334,-0.21980108320713043,22.188623428344727,4.1466180846327916e-05,0.7696457505226135
1324,47.625850340136054,49,48,0.9662585034013605,-0.6395646333694458,24.8819580078125,4.063960659550503e-05,0.9604378342628479
1325,-110.85964912280703,209,206,0.9814035087719298,-0.008208107203245163,6.12488317489624,4.0594190068077296e-05,0.10495578497648239
1326,-105.54575163398692,204,201,0.9845424836601308,-0.15498773753643036,5.297242641448975,4.038761471747421e-05,0.5722565650939941
1327,46.75163398692809,51,51,0.977516339869281,0.13812780380249023,25.554393768310547,3.9739014027873054e-05,0.879217803478241
1328,-7.631578947368421,95,83,0.8736842105263158,-0.9720640182495117,16.328466415405273,4.0363662265008315e-05,3.4424266815185547
1329,46.733333333333334,50,49,0.9673333333333334,-0.12516216933727264,20.87625503540039,4.050806455779821e-05,1.2694462537765503
1330,-102.70149253731344,201,198,0.9829850746268657,-0.49443334341049194,4.72598934173584,4.050345523864962e-05,0.11729507148265839
1331,-105.46732026143792,204,202,0.9853267973856209,-0.5055484175682068,6.4818434715271,4.051760697620921e-05,0.7839361429214478
1332,63.95652173913043,23,20,0.8695652173913043,-0.7391803860664368,59.9807014465332,4.073313539265655e-05,2.282074213027954
1333,-105.44117647058825,204,202,0.9855882352941177,-0.35366690158843994,6.4910736083984375,3.791090421145782e-05,0.21272516250610352
1334,-6.480769230769237,104,102,0.9751923076923077,-0.5439937710762024,11.852192878723145,3.788116009673104e-05,0.08715452998876572
1335,-9.541666666666655,96,83,0.8645833333333334,-0.32805946469306946,21.31315040588379,3.788792673731223e-05,0.5917041897773743
1336,-7.051282051282056,104,101,0.9694871794871794,-0.2565799355506897,10.489760398864746,3.7849051295779645e-05,0.29690438508987427
1337,47.13333333333333,50,49,0.9713333333333334,-0.27736198902130127,18.562143325805664,3.779579128604382e-05,0.2430766522884369
1338,46.62666666666667,50,49,0.9662666666666667,-0.103653684258461,22.530643463134766,3.777881647692993e-05,0.6205122470855713
1339,59.33333333333334,24,20,0.8333333333333334,0.27801284193992615,55.59871292114258,3.795883458224125e-05,1.5232362747192383
1340,-5.702127659574463,94,83,0.8829787234042553,-0.41542670130729675,15.520591735839844,3.485965498839505e-05,1.0927605628967285
1341,48.68707482993197,49,48,0.9768707482993197,0.07770584523677826,23.264272689819336,3.4408709325362e-05,0.48216140270233154
1342,-7.107936507936509,105,104,0.978920634920635,-0.4599185883998871,10.467303276062012,3.421022120164707e-05,0.03377116471529007
1343,49.02721088435374,49,49,0.9802721088435374,-0.7008592486381531,21.052398681640625,3.484644184936769e-05,3.7523891925811768
1344,-5.961538461538468,104,103,0.9803846153846154,-0.34260353446006775,10.372550010681152,3.359989932505414e-05,0.9990194439888
1345,40.95652173913043,46,40,0.8695652173913043,-0.19886700809001923,30.60553550720215,3.361204289831221e-05,0.840266227722168
1346,43.60377358490566,53,52,0.9660377358490566,-0.5070587992668152,21.812808990478516,3.3612701372476295e-05,0.55064857006073
1347,-100.66834170854271,199,196,0.9833165829145729,-0.3644850552082062,4.930116653442383,3.351557097630575e-05,0.339697003364563
1348,38.1063829787234,47,40,0.851063829787234,-1.2015173435211182,27.22029685974121,3.407841359148733e-05,3.591783046722412
1349,-4.25490196078432,102,100,0.9774509803921568,-0.43607789278030396,9.80459213256836,3.407261101529002e-05,0.26479849219322205
1350,-5.317152103559879,103,101,0.9768284789644013,-0.2681798040866852,11.494351387023926,3.420665598241612e-05,1.1771777868270874
1351,63.95652173913044,23,20,0.8695652173913043,-2.1323018074035645,56.14708709716797,3.958653178415261e-05,9.817395210266113
1352,-7.107936507936509,105,104,0.978920634920635,-0.36844366788864136,9.146230697631836,3.712395846378058e-05,0.6941426992416382
1353,63.95652173913044,23,20,0.8695652173913043,-0.8761159777641296,55.502662658691406,3.7517915188800544e-05,5.32695198059082
1354,-2.953795379537969,101,100,0.9804620462046204,-0.18100737035274506,11.008944511413574,3.730282332981005e-05,0.1378064602613449
1355,-108.45893719806764,207,204,0.9854106280193237,-0.1261233389377594,8.912788391113281,3.73047441826202e-05,1.399377465248108
1356,40.95652173913043,46,40,0.8695652173913043,0.7575692534446716,31.509552001953125,3.786092565860599e-05,2.668329954147339
1357,-105.46732026143792,204,202,0.9853267973856209,-0.01651141420006752,7.719427585601807,3.767118323594332e-05,1.0965336561203003
1358,-110.85964912280703,209,206,0.9814035087719298,0.11199863255023956,6.494807720184326,3.758353341254406e-05,0.33075711131095886
1359,49.02721088435374,49,49,0.9802721088435374,-0.20985092222690582,17.332576751708984,3.757922604563646e-05,0.11295733600854874
1360,40.95652173913044,46,40,0.8695652173913043,-1.1541978120803833,32.29913330078125,3.8503036194015294e-05,4.505320072174072
1361,63.95652173913042,23,20,0.8695652173913043,-1.1309962272644043,46.49360656738281,3.878077768604271e-05,3.858581781387329
1362,40.95652173913043,46,40,0.8695652173913043,-0.3285403847694397,34.65188980102539,3.884041871060617e-05,0.5649486184120178
1363,63.95652173913043,23,20,0.8695652173913043,-0.03639431297779083,46.54831314086914,3.89718079532031e-05,1.411616325378418
1364,43.88888888888888,45,40,0.8888888888888888,-0.4502030313014984,30.32111358642578,3.523702616803348e-05,2.5062415599823
1365,40.95652173913043,46,40,0.8695652173913043,0.33051055669784546,29.2548885345459,3.524660496623255e-05,1.7163949012756348
1366,47.62585034013605,49,48,0.9662585034013605,-0.17859092354774475,16.43960952758789,3.5456116165732965e-05,2.2324681282043457
1367,-108.53945249597423,207,204,0.9846054750402576,-0.5002295970916748,4.420026779174805,3.517939694575034e-05,0.11244816333055496
1368,-7.6315789473684195,95,83,0.8736842105263158,-0.4036947786808014,17.055967330932617,3.512871990096755e-05,0.9571609497070312
1369,47.299319727891145,49,48,0.9629931972789115,0.12143220007419586,23.19119644165039,3.46945998899173e-05,1.6439268589019775
1370,-105.46732026143792,204,202,0.9853267973856209,-0.33082374930381775,5.0010085105896,3.46958840964362e-05,0.14732800424098969
1371,-9.541666666666664,96,83,0.8645833333333334,-0.48066163063049316,15.009088516235352,3.3593438274692744e-05,0.303631454706192
1372,-7.631578947368408,95,83,0.8736842105263158,-0.5594623684883118,14.47801685333252,3.355846638442017e-05,0.8146313428878784
1373,63.95652173913044,23,20,0.8695652173913043,0.590351402759552,52.21820831298828,3.497760553727858e-05,4.658656597137451
1374,-9.54166666666667,96,83,0.8645833333333334,-0.3031717538833618,15.06175422668457,3.461480446276255e-05,0.8401301503181458
1375,-7.051282051282059,104,101,0.9694871794871794,-0.22224007546901703,8.758278846740723,3.408718475839123e-05,0.10828465223312378
1376,-9.541666666666663,96,83,0.8645833333333334,-0.6187745928764343,16.096351623535156,3.408185511943884e-05,1.0214506387710571
1377,59.333333333333336,24,20,0.8333333333333334,-2.616987705230713,54.951202392578125,3.996928717242554e-05,10.582456588745117
1378,-5.7021276595744705,94,83,0.8829787234042553,0.05253905802965164,15.113707542419434,4.022350185550749e-05,1.3915793895721436
1379,-109.40064102564102,208,206,0.9859935897435897,-0.7269152998924255,4.858396530151367,4.0251044993055984e-05,1.398600697517395
1380,-2.815181518151824,101,100,0.9818481848184818,0.1635659635066986,10.865464210510254,3.997923340648413e-05,0.38358211517333984
1381,40.95652173913043,46,40,0.8695652173913043,-0.17447243630886078,31.448440551757812,3.935743006877601e-05,2.270963191986084
1382,-7.6315789473684115,95,83,0.8736842105263158,-0.334646999835968,15.697925567626953,3.9258316974155605e-05,1.1646192073822021
1383,48.68707482993197,49,48,0.9768707482993197,-0.7660821676254272,25.542970657348633,4.0202146919909865e-05,5.571055889129639
1384,-9.541666666666664,96,83,0.8645833333333334,-0.005270720459520817,14.004369735717773,4.026728856842965e-05,0.6604853868484497
1385,40.95652173913043,46,40,0.8695652173913043,0.008019034750759602,29.776283264160156,3.987062882515602e-05,0.24811013042926788
1386,63.95652173913044,23,20,0.8695652173913043,0.6969729661941528,56.9869270324707,4.100478327018209e-05,3.626516103744507
1387,-5.702127659574472,94,83,0.8829787234042553,-0.3624556362628937,15.096858024597168,4.093551615369506e-05,0.8397969603538513
1388,46.46153846153847,52,52,0.9846153846153847,-0.24606013298034668,23.81360626220703,4.0984010411193594e-05,0.26494884490966797
1389,63.95652173913043,23,20,0.8695652173913043,0.29167285561561584,62.39996337890625,4.101688682567328e-05,2.0182368755340576
1390,-105.44117647058825,204,202,0.9855882352941177,-0.17648369073867798,5.738824367523193,4.11188775615301e-05,0.7753335237503052
1391,-3.4224422442244262,101,99,0.9757755775577558,-0.22043722867965698,10.342613220214844,4.077914491062984e-05,0.8376978635787964
1392,63.95652173913043,23,20,0.8695652173913043,-1.4986978769302368,55.96598434448242,4.2562285671010613e-05,6.5955491065979
1393,63.95652173913044,23,20,0.8695652173913043,0.3537452816963196,54.25230407714844,4.262316724634729e-05,1.763651967048645
1394,43.70440251572327,53,52,0.9670440251572328,-0.540251612663269,15.991344451904297,4.255223393556662e-05,0.484236478805542
1395,-9.541666666666666,96,83,0.8645833333333334,-0.7826766967773438,14.826066970825195,4.2650197428883985e-05,2.260486364364624
1396,-7.631578947368413,95,83,0.8736842105263158,-0.01893165335059166,14.808165550231934,4.288490890758112e-05,1.2165088653564453
1397,59.333333333333336,24,20,0.8333333333333334,0.2947274446487427,49.957515716552734,4.2879601096501574e-05,0.24048253893852234
1398,-7.051282051282053,104,101,0.9694871794871794,-0.2523960471153259,11.233405113220215,4.2394574848003685e-05,0.6681691408157349
1399,-9.541666666666664,96,83,0.8645833333333334,-0.9692562818527222,16.916824340820312,3.970465331804007e-05,2.5753238201141357
1400,-9.541666666666657,96,83,0.8645833333333334,-0.29541051387786865,16.534975051879883,3.993825157522224e-05,1.1647769212722778
1401,-2.9537953795379654,101,100,0.9804620462046204,-0.5610727071762085,10.282278060913086,3.993820064351894e-05,0.22819463908672333
1402,40.95652173913044,46,40,0.8695652173913043,-0.16384468972682953,33.033233642578125,3.829638444585726e-05,0.13500156998634338
1403,59.333333333333336,24,20,0.8333333333333334,0.5741466879844666,50.980594635009766,3.876236587530002e-05,2.2142937183380127
1404,47.13333333333334,50,49,0.9713333333333334,-2.6262028217315674,29.902324676513672,4.767394420923665e-05,13.074117660522461
1405,40.95652173913043,46,40,0.8695652173913043,0.35556918382644653,34.19422912597656,4.326545604271814e-05,1.139630675315857
1406,-110.85964912280703,209,206,0.9814035087719298,-0.10583633929491043,5.579103469848633,4.320582957006991e-05,0.5436353087425232
1407,43.88888888888888,45,40,0.8888888888888888,-1.0179719924926758,32.623207092285156,4.483505472308025e-05,6.0086565017700195
1408,-109.40064102564104,208,206,0.9859935897435897,-0.27438250184059143,5.175650596618652,4.4932588934898376e-05,0.4906696081161499
1409,-6.480769230769237,104,102,0.9751923076923077,-0.20625045895576477,9.532397270202637,4.498279304243624e-05,0.8256980776786804
1410,-105.54575163398692,204,201,0.9845424836601308,-0.3333365023136139,4.836829662322998,4.498065754887648e-05,0.7377223372459412
1411,47.13333333333333,50,49,0.9713333333333334,0.09777858853340149,18.622085571289062,4.652528514270671e-05,4.388859272003174
1412,-104.76026272577998,203,200,0.9823973727422003,-0.30960798263549805,5.6880645751953125,4.632402124116197e-05,0.248194620013237
1413,63.95652173913042,23,20,0.8695652173913043,0.9363520741462708,52.47500991821289,4.729616193799302e-05,4.127721309661865
1414,-5.70212765957446,94,83,0.8829787234042553,-0.3828940987586975,14.655517578125,4.700931458501145e-05,0.25316521525382996
1415,40.95652173913044,46,40,0.8695652173913043,-0.6355307698249817,28.53224754333496,4.709386848844588e-05,2.082205057144165
1416,-100.66834170854271,199,196,0.9833165829145729,-0.25530341267585754,4.26327657699585,4.66936944576446e-05,0.26808488368988037
1417,40.95652173913043,46,40,0.8695652173913043,0.5232353210449219,28.23250961303711,4.706200707005337e-05,3.5772299766540527
1418,-105.54575163398694,204,201,0.9845424836601308,-0.11236055940389633,4.595843315124512,4.7011599235702306e-05,0.4119214713573456
1419,-7.051282051282056,104,101,0.9694871794871794,-0.22683487832546234,8.308160781860352,4.7015590098453686e-05,0.8438208103179932
1420,63.95652173913043,23,20,0.8695652173913043,0.6765865087509155,48.9564094543457,4.651662675314583e-05,3.5849645137786865
1421,38.10638297872341,47,40,0.851063829787234,-1.0696194171905518,29.543914794921875,4.705799437942915e-05,3.627563714981079
1422,46.75163398692809,51,51,0.977516339869281,0.16268934309482574,15.752861022949219,4.7420333430636674e-05,1.8076518774032593
1423,63.95652173913043,23,20,0.8695652173913043,0.8705488443374634,60.14204025268555,4.9004647735273466e-05,4.493225574493408
1424,63.95652173913044,23,20,0.8695652173913043,0.3298535943031311,51.560813903808594,4.933238233206794e-05,1.803104043006897
1425,49.02721088435375,49,49,0.9802721088435374,0.2080184668302536,22.8638973236084,4.9440735892858356e-05,0.9415979385375977
1426,40.95652173913044,46,40,0.8695652173913043,1.7493045330047607,30.821739196777344,5.283943755785003e-05,6.946529388427734
1427,63.95652173913042,23,20,0.8695652173913043,1.5295321941375732,59.289466857910156,5.41769404662773e-05,4.264079570770264
1428,-8.937694704049843,107,106,0.9806230529595016,0.0435137115418911,8.723313331604004,5.362881347537041e-05,0.3500216007232666
1429,40.95652173913044,46,40,0.8695652173913043,-0.2775624990463257,33.55256652832031,5.346563193597831e-05,0.49262237548828125
1430,40.95652173913043,46,40,0.8695652173913043,-0.43928155303001404,30.278413772583008,5.3465348173631355e-05,0.6337057948112488
1431,47.299319727891145,49,48,0.9629931972789115,-0.21920430660247803,15.676778793334961,5.350187711883336e-05,1.250580072402954
1432,-104.76026272577997,203,200,0.9823973727422003,-0.44373276829719543,4.365506649017334,5.3281604778021574e-05,0.10180514305830002
1433,-99.21885521885523,198,196,0.9878114478114478,-0.36740100383758545,5.5261549949646,5.3284104069462046e-05,0.247480109333992
1434,-8.93769470404984,107,106,0.9806230529595016,-0.2880173921585083,15.411641120910645,5.3354244300862774e-05,0.7992417216300964
1435,-5.9615384615384635,104,103,0.9803846153846154,-0.015905167907476425,9.66593074798584,5.3355906857177615e-05,0.6059234738349915
1436,49.36879432624113,47,46,0.9636879432624114,-0.5086673498153687,20.449045181274414,5.4133641242515296e-05,3.924175262451172
1437,-9.541666666666657,96,83,0.8645833333333334,-0.23718610405921936,14.378840446472168,5.416055137175135e-05,0.526057779788971
1438,43.88888888888887,45,40,0.8888888888888888,-0.10756932199001312,27.820451736450195,5.410170342656784e-05,0.6579930186271667
1439,-7.895238095238103,105,103,0.971047619047619,0.11024626344442368,11.704778671264648,5.389689249568619e-05,0.222887322306633
1440,-4.254901960784316,102,100,0.9774509803921568,-0.0964110866189003,11.432364463806152,5.3934221796225756e-05,1.4464936256408691
1441,63.95652173913043,23,20,0.8695652173913043,-0.16046378016471863,57.383544921875,5.399881410994567e-05,1.4457752704620361
1442,-9.541666666666666,96,83,0.8645833333333334,-0.2596246004104614,14.14938735961914,5.400186273618601e-05,0.0250297449529171
1443,-109.93269230769232,208,204,0.9806730769230769,-0.20349860191345215,5.082188606262207,5.332890577847138e-05,0.12808075547218323
1444,43.88888888888888,45,40,0.8888888888888888,-1.3375635147094727,34.78401565551758,5.4653428378514946e-05,5.080158233642578
1445,63.95652173913044,23,20,0.8695652173913043,0.14766503870487213,53.02526092529297,5.505123772309162e-05,2.165747880935669
1446,-9.541666666666668,96,83,0.8645833333333334,-0.013139210641384125,13.688118934631348,5.544306623050943e-05,2.1447365283966064
1447,-106.94796747967479,205,202,0.980520325203252,-0.34250423312187195,5.383282661437988,5.5447402701247483e-05,0.6379037499427795
1448,47.299319727891145,49,48,0.9629931972789115,0.7444650530815125,21.15376853942871,5.52188757865224e-05,2.273656129837036
1449,43.893081761006286,53,52,0.9689308176100629,0.0039625330828130245,18.16438102722168,5.5291639000643045e-05,0.9192332029342651
1450,-5.702127659574475,94,83,0.8829787234042553,-0.3695839047431946,15.207030296325684,5.516722012544051e-05,0.7778400778770447
1451,40.95652173913043,46,40,0.8695652173913043,-0.33939579129219055,32.03013610839844,4.970562440576032e-05,1.7684451341629028
1452,-7.107936507936508,105,104,0.978920634920635,-0.3417738080024719,7.888674259185791,4.968421853845939e-05,0.4867769479751587
1453,49.36879432624113,47,46,0.9636879432624114,-0.9151798486709595,22.952951431274414,4.995661220164038e-05,5.745134353637695
1454,-2.953795379537967,101,100,0.9804620462046204,-0.25601133704185486,8.311379432678223,5.0019352784147486e-05,0.7672715783119202
1455,48.68707482993197,49,48,0.9768707482993197,0.3560561239719391,24.505531311035156,5.025027712690644e-05,2.038050413131714
1456,-9.541666666666664,96,83,0.8645833333333334,-0.3908357620239258,15.416214942932129,4.9750862672226503e-05,0.2710440158843994
1457,-107.9243156199678,207,206,0.990756843800322,-0.5100295543670654,4.442290306091309,4.9690705054672435e-05,0.6492387056350708
1458,43.893081761006286,53,52,0.9689308176100629,-0.5275423526763916,25.086530685424805,5.0264854507986456e-05,3.3642590045928955
1459,38.1063829787234,47,40,0.851063829787234,-0.591871440410614,37.46674346923828,5.112991129863076e-05,4.045342445373535
1460,-7.631578947368425,95,83,0.8736842105263158,-0.3861438035964966,16.17194366455078,5.011954272049479e-05,1.438632845878601
1461,48.68707482993197,49,48,0.9768707482993197,0.6995565295219421,25.799381256103516,4.957529381499626e-05,1.7835355997085571
1462,40.95652173913043,46,40,0.8695652173913043,0.1856488138437271,34.58470916748047,4.953841562382877e-05,0.42029085755348206
1463,59.333333333333336,24,20,0.8333333333333334,-0.14913369715213776,56.81818389892578,4.940354483551346e-05,1.0011646747589111
1464,-7.051282051282057,104,101,0.9694871794871794,-0.5485969185829163,7.942461967468262,4.909243216388859e-05,0.025000907480716705
1465,46.626666666666665,50,49,0.9662666666666667,-0.5538879632949829,18.197467803955078,4.896760583505966e-05,1.1016672849655151
1466,49.027210884353735,49,49,0.9802721088435374,-0.39378905296325684,20.30604362487793,4.878810068476014e-05,1.550756812095642
1467,59.333333333333336,24,20,0.8333333333333334,0.4444350302219391,57.73170852661133,4.9719663365976885e-05,3.6604573726654053
1468,-7.631578947368423,95,83,0.8736842105263158,-0.448072612285614,14.875548362731934,4.968519351677969e-05,0.25842225551605225
1469,43.888888888888886,45,40,0.8888888888888888,-0.383212685585022,35.34210205078125,5.0334994739387184e-05,3.7627320289611816
1470,40.95652173913043,46,40,0.8695652173913043,-0.07461459189653397,34.33152770996094,5.065097502665594e-05,2.5035297870635986
1471,-11.432989690721655,97,83,0.8556701030927835,-0.19078616797924042,14.793907165527344,5.066791345598176e-05,0.2817578613758087
1472,40.95652173913043,46,40,0.8695652173913043,-0.20705825090408325,31.882492065429688,5.090915510663763e-05,2.3079423904418945
1473,-104.76026272577998,203,200,0.9823973727422003,-0.42571985721588135,4.7841925621032715,4.940740473102778e-05,0.10469318926334381
1474,40.95652173913044,46,40,0.8695652173913043,-0.7921347618103027,23.23973274230957,4.97178771183826e-05,2.8525021076202393
1475,38.10638297872341,47,40,0.851063829787234,-0.5541274547576904,34.356689453125,4.971546877641231e-05,0.4722244441509247
1476,-9.541666666666659,96,83,0.8645833333333334,-0.3856446146965027,20.406322479248047,4.988457294530235e-05,1.4603341817855835
1477,-3.4224422442244262,101,99,0.9757755775577558,-0.2486591935157776,10.148712158203125,4.3353615183150396e-05,0.38311779499053955
1478,46.626666666666665,50,49,0.9662666666666667,-1.2004574537277222,23.723392486572266,4.375653588795103e-05,3.265392303466797
1479,-109.93269230769232,208,204,0.9806730769230769,-0.43756362795829773,5.663702011108398,4.36780828749761e-05,0.4501337707042694
1480,40.95652173913042,46,40,0.8695652173913043,-0.38029545545578003,31.28707504272461,4.405963045428507e-05,2.751969575881958
1481,-7.631578947368421,95,83,0.8736842105263158,0.23696526885032654,14.940021514892578,4.409602843225002e-05,1.90955650806427
1482,-105.54575163398692,204,201,0.9845424836601308,0.206589937210083,5.052565097808838,4.411500412970781e-05,0.875564455986023
1483,63.95652173913043,23,20,0.8695652173913043,0.14544373750686646,64.28679656982422,4.238631663611159e-05,1.1472127437591553
1484,-2.9537953795379592,101,100,0.9804620462046204,-0.3160625696182251,9.12916374206543,4.241639908286743e-05,1.2649809122085571
1485,-105.44117647058823,204,202,0.9855882352941177,-0.05394505336880684,6.244253158569336,4.240507405484095e-05,0.2591332793235779
1486,-99.21885521885523,198,196,0.9878114478114478,-0.03310953825712204,4.533217430114746,4.15084432461299e-05,0.17695073783397675
1487,48.10204081632652,49,48,0.9710204081632653,0.5747202634811401,16.973209381103516,4.2180545278824866e-05,3.1586461067199707
1488,-102.70149253731344,201,198,0.9829850746268657,-0.2918280065059662,4.5139970779418945,4.21688673668541e-05,0.3038978576660156
1489,40.95652173913044,46,40,0.8695652173913043,-0.6110894680023193,34.0623779296875,4.2169725929852575e-05,2.4466946125030518
1490,-5.71844660194175,103,101,0.9728155339805825,-0.18738499283790588,8.496413230895996,4.210754923406057e-05,0.39188152551651
1491,59.333333333333336,24,20,0.8333333333333334,-1.2484991550445557,52.9160270690918,4.2871281038969755e-05,3.8291842937469482
1492,40.95652173913043,46,40,0.8695652173913043,0.6223282814025879,28.85068130493164,4.0773033106233925e-05,2.3053314685821533
1493,-7.1079365079365076,105,104,0.978920634920635,-0.35391250252723694,8.188061714172363,4.0543578506913036e-05,0.5575610995292664
1494,-9.541666666666663,96,83,0.8645833333333334,-0.36632975935935974,14.698527336120605,4.055280805914663e-05,0.6851208806037903
1495,-99.21885521885523,198,196,0.9878114478114478,0.07593037933111191,4.77583646774292,4.031548087368719e-05,0.4304468333721161
1496,63.95652173913044,23,20,0.8695652173913043,-2.266505479812622,57.941001892089844,4.70535596832633e-05,10.805391311645508
1497,40.95652173913043,46,40,0.8695652173913043,0.46400243043899536,28.276290893554688,4.721392906503752e-05,1.3160847425460815
1498,-4.592233009708749,103,102,0.9840776699029126,0.12219180911779404,10.316330909729004,4.724630343844183e-05,1.1090431213378906
1499,46.46153846153847,52,52,0.9846153846153847,0.16026650369167328,23.824033737182617,4.7017205361044034e-05,0.9730283617973328
1500,63.95652173913043,23,20,0.8695652173913043,0.018795141950249672,50.36484909057617,4.690086279879324e-05,0.1289665400981903
1501,40.95652173913043,46,40,0.8695652173913043,-0.4660704433917999,27.880020141601562,4.704470484284684e-05,1.806429147720337
1502,-108.53945249597423,207,204,0.9846054750402576,-0.5989326238632202,4.723489284515381,4.705263927462511e-05,0.12067047506570816
1503,-110.85964912280701,209,206,0.9814035087719298,-0.5185315012931824,4.061603546142578,4.6667526476085186e-05,0.528354823589325
1504,63.95652173913044,23,20,0.8695652173913043,-0.34220924973487854,59.521018981933594,3.670756996143609e-05,1.8922300338745117
1505,59.33333333333334,24,20,0.8333333333333334,-0.14497725665569305,50.37321853637695,3.6602905311156064e-05,0.12219905853271484
1506,-7.631578947368416,95,83,0.8736842105263158,-0.14676310122013092,15.51542854309082,3.66226231562905e-05,0.45625773072242737
1507,63.95652173913044,23,20,0.8695652173913043,1.125054121017456,76.41583251953125,3.5286007914692163e-05,3.39862322807312
1508,-7.631578947368416,95,83,0.8736842105263158,-0.3621891736984253,16.729509353637695,3.530944377416745e-05,0.9734375476837158
1509,40.95652173913043,46,40,0.8695652173913043,0.188177689909935,34.92417907714844,3.525955980876461e-05,0.4351840913295746
1510,-104.9376026272578,203,200,0.980623973727422,-0.16702598333358765,4.863465309143066,3.5248103813501075e-05,0.30653825402259827
1511,-105.46732026143792,204,202,0.9853267973856209,-0.35315510630607605,5.206918239593506,3.39835460181348e-05,0.32874664664268494
1512,-7.63157894736842,95,83,0.8736842105263158,-0.6744840145111084,13.611068725585938,3.3973123208852485e-05,0.13509699702262878
1513,-9.541666666666659,96,83,0.8645833333333334,-0.6763512492179871,12.95761489868164,3.28956994053442e-05,0.881331205368042
1514,40.95652173913042,46,40,0.8695652173913043,-0.6378538012504578,32.34120559692383,3.29155518556945e-05,0.7770940661430359
1515,-7.051282051282062,104,101,0.9694871794871794,-0.28266993165016174,13.672717094421387,3.291289976914413e-05,1.6879873275756836
1516,40.95652173913043,46,40,0.8695652173913043,-0.41967862844467163,29.297042846679688,3.290887616458349e-05,0.5401887893676758
1517,-9.541666666666668,96,83,0.8645833333333334,-1.068395733833313,15.309168815612793,3.2919888326432556e-05,4.0380964279174805
1518,-4.254901960784318,102,100,0.9774509803921568,0.3298235535621643,11.660231590270996,3.289214873802848e-05,0.2304690033197403
1519,-7.6315789473684195,95,83,0.8736842105263158,0.3665810525417328,18.219255447387695,3.301850301795639e-05,1.2968416213989258
1520,40.95652173913043,46,40,0.8695652173913043,0.1771797388792038,46.47273635864258,3.23108361044433e-05,2.1078989505767822
1521,40.95652173913043,46,40,0.8695652173913043,0.49754858016967773,42.65300369262695,3.171234857290983e-05,1.4874978065490723
1522,-9.541666666666657,96,83,0.8645833333333334,0.0686185285449028,18.492889404296875,3.144210859318264e-05,0.22837254405021667
1523,-103.45214521452145,202,200,0.9854785478547855,0.042238228023052216,6.160168170928955,3.0016168238944374e-05,0.16748802363872528
1524,-7.107936507936511,105,104,0.978920634920635,-0.3889758586883545,9.381499290466309,2.9734972486039624e-05,0.058843959122896194
1525,-9.541666666666659,96,83,0.8645833333333334,-0.3510131537914276,15.229790687561035,2.9634700695169158e-05,0.07258480042219162
1526,38.1063829787234,47,40,0.851063829787234,-0.4872031509876251,28.928831100463867,2.6335254005971365e-05,1.2013388872146606
1527,-106.94796747967479,205,202,0.980520325203252,-0.49820610880851746,5.511538028717041,2.49508648266783e-05,0.6309723854064941
1528,63.95652173913043,23,20,0.8695652173913043,0.05092227831482887,49.59309387207031,2.5325853130198084e-05,2.113100528717041
1529,-9.54166666666667,96,83,0.8645833333333334,-1.1322957277297974,15.983858108520508,2.5739333068486303e-05,3.089184522628784
1530,40.95652173913043,46,40,0.8695652173913043,-0.19641026854515076,28.909942626953125,2.5738512704265304e-05,0.467948853969574
1531,47.13333333333333,50,49,0.9713333333333334,-0.5928874611854553,22.506200790405273,2.598740866233129e-05,2.6565704345703125
1532,59.333333333333336,24,20,0.8333333333333334,-0.6848756074905396,57.118995666503906,2.6717067157733254e-05,4.014221668243408
1533,40.95652173913043,46,40,0.8695652173913043,0.6200111508369446,30.718690872192383,2.7295838663121685e-05,2.615797281265259
1534,-3.4224422442244324,101,99,0.9757755775577558,-0.1488632708787918,10.780839920043945,2.7190159016754478e-05,0.8631066679954529
1535,-9.541666666666659,96,83,0.8645833333333334,-0.7485007047653198,14.15491008758545,2.7131967726745643e-05,1.2188880443572998
1536,-109.9326923076923,208,204,0.9806730769230769,-0.3003856837749481,4.880264759063721,2.6439360226504505e-05,0.23573946952819824
1537,48.68707482993197,49,48,0.9768707482993197,-0.06972293555736542,24.775272369384766,2.638232945173513e-05,1.0163586139678955
1538,63.95652173913044,23,20,0.8695652173913043,-1.6931895017623901,55.71543884277344,2.8804754037992097e-05,6.854672908782959
1539,40.95652173913044,46,40,0.8695652173913043,-0.6089888215065002,32.22808837890625,2.915114600909874e-05,3.152186870574951
1540,47.299319727891145,49,48,0.9629931972789115,0.8439359664916992,27.13833999633789,2.9173803341109306e-05,0.36982154846191406
1541,-105.54575163398692,204,201,0.9845424836601308,0.016539612784981728,4.650655269622803,2.9190110581112094e-05,0.35159409046173096
1542,43.704402515723274,53,52,0.9670440251572328,-0.9299789667129517,16.15475082397461,2.9678200007765554e-05,3.520090103149414
1543,-9.541666666666671,96,83,0.8645833333333334,0.052065446972846985,15.27061653137207,3.0168132070684806e-05,2.2846269607543945
1544,-5.702127659574465,94,83,0.8829787234042553,-0.4849458932876587,20.392324447631836,2.8972255677217618e-05,0.21425271034240723
1545,-9.54166666666667,96,83,0.8645833333333334,-0.935577392578125,14.257481575012207,2.8548500267788768e-05,1.4426859617233276
1546,-4.254901960784322,102,100,0.9774509803921568,-0.3159562349319458,8.256098747253418,2.8118505724705756e-05,0.19363485276699066
1547,40.95652173913044,46,40,0.8695652173913043,-1.1092376708984375,33.23392868041992,2.8447728254832327e-05,2.9522409439086914
1548,-109.93269230769232,208,204,0.9806730769230769,-0.5875921845436096,5.072569370269775,2.792315535771195e-05,1.0389037132263184
1549,-9.541666666666659,96,83,0.8645833333333334,-1.046434760093689,14.778117179870605,2.8113729058532044e-05,3.0995755195617676
1550,63.95652173913043,23,20,0.8695652173913043,-0.3496271073818207,57.23785400390625,2.8219246814842336e-05,2.0412049293518066
1551,-104.76026272577997,203,200,0.9823973727422003,-0.23615369200706482,5.088749885559082,2.8166601623524912e-05,0.259420782327652
1552,-104.76026272577998,203,200,0.9823973727422003,-0.22658219933509827,5.326756477355957,2.813521132338792e-05,0.2542565166950226
1553,-5.961538461538464,104,103,0.9803846153846154,-0.1191781684756279,11.274803161621094,2.6569126930553466e-05,0.8625208139419556
1554,63.95652173913044,23,20,0.8695652173913043,0.8202916979789734,54.47587203979492,2.6898604119196534e-05,2.0527257919311523
1555,47.133333333333326,50,49,0.9713333333333334,-0.720833420753479,21.353914260864258,2.6916901333606802e-05,3.4742674827575684
1556,-5.961538461538467,104,103,0.9803846153846154,0.25198712944984436,10.789041519165039,2.7331563615007326e-05,2.0637168884277344
1557,63.95652173913043,23,20,0.8695652173913043,0.10190824419260025,52.77127456665039,2.7756714189308695e-05,1.9399086236953735
1558,-4.915857605177998,103,102,0.98084142394822,-0.5262207388877869,10.26704216003418,2.7382553525967523e-05,1.7636107206344604
1559,-4.5922330097087425,103,102,0.9840776699029126,0.47182801365852356,9.298139572143555,2.7033283913624473e-05,1.8195185661315918
1560,49.027210884353735,49,49,0.9802721088435374,0.049242619425058365,21.297924041748047,2.7003758077626117e-05,0.10921550542116165
1561,-109.40064102564104,208,206,0.9859935897435897,-0.5676764845848083,6.057029724121094,2.6682488169171847e-05,0.07282651215791702
1562,-7.631578947368413,95,83,0.8736842105263158,-0.02021198160946369,14.473492622375488,2.687370215426199e-05,1.1742931604385376
1563,-4.592233009708751,103,102,0.9840776699029126,0.24442468583583832,10.071761131286621,2.6880927180172876e-05,0.043256767094135284
1564,40.95652173913043,46,40,0.8695652173913043,0.3972146511077881,30.34832763671875,2.723064062593039e-05,1.8746882677078247
1565,63.95652173913043,23,20,0.8695652173913043,-0.09850610792636871,53.44514083862305,2.714630500122439e-05,0.6208131313323975
1566,47.266666666666666,50,49,0.9726666666666667,1.1074113845825195,21.702943801879883,2.753461194515694e-05,2.7204227447509766
1567,49.36879432624113,47,46,0.9636879432624114,0.6083387136459351,20.881120681762695,2.678712917258963e-05,1.8248472213745117
1568,-5.3171521035598746,103,101,0.9768284789644013,-0.40837275981903076,8.181349754333496,2.6797863029059954e-05,1.0992335081100464
1569,47.62585034013605,49,48,0.9662585034013605,-0.6006673574447632,22.734682083129883,2.6369167244411074e-05,1.272328495979309
1570,49.36879432624113,47,46,0.9636879432624114,0.135020449757576,23.233495712280273,2.6150248231715523e-05,1.1322224140167236
1571,-4.254901960784321,102,100,0.9774509803921568,-0.0018117676954716444,10.015628814697266,2.611979653011076e-05,0.13720032572746277
1572,38.10638297872341,47,40,0.851063829787234,-0.26585549116134644,33.10885238647461,2.5965948225348257e-05,1.3621389865875244
1573,-7.1079365079365076,105,104,0.978920634920635,-0.444531112909317,7.665653705596924,2.597630737000145e-05,0.06775454431772232
1574,40.95652173913043,46,40,0.8695652173913043,0.28106579184532166,29.50922393798828,2.5922179702320136e-05,1.6874655485153198
1575,-9.541666666666655,96,83,0.8645833333333334,-0.6291404366493225,15.417601585388184,2.5929002731572837e-05,0.1283288300037384
1576,-109.40064102564104,208,206,0.9859935897435897,-0.7787688970565796,5.297493934631348,2.5718085453263484e-05,0.07798461616039276
1577,59.333333333333336,24,20,0.8333333333333334,-0.8827186226844788,51.63096237182617,2.5675139113445766e-05,0.6933859586715698
1578,40.95652173913044,46,40,0.8695652173913043,-1.6239291429519653,31.113269805908203,2.751231295405887e-05,6.621487617492676
1579,-2.8151815181518227,101,100,0.9818481848184818,-0.19896745681762695,9.572750091552734,2.7512427550391294e-05,0.4358257055282593
1580,59.33333333333334,24,20,0.8333333333333334,-0.8663537502288818,54.916221618652344,2.7758971555158496e-05,3.517584800720215
1581,40.95652173913043,46,40,0.8695652173913043,-0.9214939475059509,30.36846351623535,2.8238417144166306e-05,4.279480934143066
1582,-102.70149253731343,201,198,0.9829850746268657,-0.16780270636081696,4.831189155578613,2.8213229597895406e-05,0.728295087814331
1583,-100.66834170854271,199,196,0.9833165829145729,-0.13169458508491516,4.762843608856201,2.823191425704863e-05,0.2491835355758667
1584,-3.422442244224427,101,99,0.9757755775577558,0.24473384022712708,10.627878189086914,2.832294921972789e-05,0.8379250764846802
1585,-105.44117647058823,204,202,0.9855882352941177,-0.3167131543159485,5.515494346618652,2.835495979525149e-05,1.3389519453048706
1586,63.95652173913042,23,20,0.8695652173913043,1.0343586206436157,38.62173080444336,3.098909292020835e-05,6.0413336753845215
1587,-110.85964912280703,209,206,0.9814035087719298,-0.30313587188720703,4.397430896759033,3.0153918487485498e-05,0.649074912071228
1588,-5.702127659574472,94,83,0.8829787234042553,-0.3745785057544708,14.718128204345703,3.0161827453412116e-05,0.10802212357521057
1589,40.95652173913043,46,40,0.8695652173913043,-0.09987179934978485,42.65785217285156,3.0070310458540916e-05,0.9596228003501892
1590,47.266666666666666,50,49,0.9726666666666667,0.48482224345207214,19.74679946899414,3.030459993169643e-05,1.4537416696548462
1591,47.62585034013605,49,48,0.9662585034013605,-1.030663251876831,18.581239700317383,3.0013583455001935e-05,3.025658369064331
1592,-9.043613707165104,107,105,0.979563862928349,-0.15985645353794098,8.926896095275879,2.953496550617274e-05,0.22862955927848816
1593,-105.44117647058825,204,202,0.9855882352941177,0.032967906445264816,5.848571300506592,2.9534854547819123e-05,0.5281221866607666
1594,-7.631578947368423,95,83,0.8736842105263158,-0.19153454899787903,18.908069610595703,2.9581718990812078e-05,1.3999912738800049
1595,-9.541666666666664,96,83,0.8645833333333334,0.0761888176202774,21.686670303344727,2.9527949664043263e-05,0.354871928691864
1596,-5.7021276595744705,94,83,0.8829787234042553,0.13790291547775269,20.709653854370117,2.2946853277971968e-05,0.3711701035499573
1597,-9.541666666666664,96,83,0.8645833333333334,0.22784531116485596,20.15771484375,2.2801064915256575e-05,0.3874772787094116
1598,46.75163398692809,51,51,0.977516339869281,-0.04313519224524498,45.24087905883789,2.4140286768670194e-05,5.156127452850342
1599,-4.915032679738563,102,100,0.9708496732026144,0.05384805426001549,9.241849899291992,2.424305785098113e-05,1.467872977256775
1600,-110.85964912280703,209,206,0.9814035087719298,-0.3529246747493744,5.031169414520264,2.424652484478429e-05,0.17854398488998413
1601,-9.54166666666666,96,83,0.8645833333333334,-0.6485955715179443,25.596155166625977,2.4170747565221973e-05,0.3273228108882904
1602,47.266666666666666,50,49,0.9726666666666667,0.4522572457790375,16.606460571289062,2.4494876925018616e-05,1.923608422279358
1603,-3.3594771241830137,102,101,0.9864052287581699,-0.4827055335044861,16.54096794128418,2.4591354303993285e-05,0.8418397307395935
1604,59.33333333333334,24,20,0.8333333333333334,-0.42177507281303406,41.47833251953125,2.4454458980471827e-05,0.42576080560684204
1605,-7.631578947368424,95,83,0.8736842105263158,-0.31359365582466125,14.840529441833496,2.4524722903151996e-05,0.7939940094947815
1606,47.62585034013605,49,48,0.9662585034013605,0.13147389888763428,20.031457901000977,2.4732302335905842e-05,1.636314868927002
1607,40.95652173913043,46,40,0.8695652173913043,0.4445340931415558,43.887577056884766,2.384970139246434e-05,0.6668329834938049
1608,63.95652173913044,23,20,0.8695652173913043,2.568101167678833,79.91365814208984,2.7121775929117575e-05,6.935192108154297
1609,-7.107936507936507,105,104,0.978920634920635,-0.44381076097488403,10.344061851501465,2.7136031349073164e-05,0.15741431713104248
1610,49.027210884353735,49,49,0.9802721088435374,0.2747437655925751,22.253101348876953,2.7217716706218198e-05,0.9865395426750183
1611,-2.8151815181518254,101,100,0.9818481848184818,-0.5782396197319031,9.77138614654541,2.7355041311238892e-05,1.8250094652175903
1612,-112.32698412698413,210,206,0.9767301587301588,-0.6562110185623169,5.159134387969971,2.736228816502262e-05,0.7424302101135254
1613,-109.40064102564104,208,206,0.9859935897435897,-0.84012371301651,4.869582176208496,2.7269015845376998e-05,0.43520182371139526
1614,-105.44117647058823,204,202,0.9855882352941177,-0.5045697093009949,4.497113227844238,2.7263084120932035e-05,0.0855926126241684
1615,47.625850340136054,49,48,0.9662585034013605,-1.550954818725586,24.33863639831543,2.7210075131733902e-05,2.2092247009277344
1616,47.13333333333333,50,49,0.9713333333333334,-0.570571780204773,16.903799057006836,2.7214406145503744e-05,0.082707479596138
1617,47.299319727891145,49,48,0.9629931972789115,0.3645428419113159,23.604272842407227,2.6397237888886593e-05,0.11121667176485062
1618,48.68707482993197,49,48,0.9768707482993197,0.44233185052871704,25.905851364135742,2.6409366910229437e-05,0.11496037244796753
1619,-110.85964912280703,209,206,0.9814035087719298,0.11067832261323929,11.031559944152832,2.6242603780701756e-05,0.31269514560699463
1620,-4.5922330097087425,103,102,0.9840776699029126,1.020660400390625,25.177274703979492,2.627046524139587e-05,1.5538220405578613
1621,-7.631578947368413,95,83,0.8736842105263158,0.1769486516714096,24.08096694946289,2.62280063907383e-05,0.5240960717201233
1622,59.333333333333336,24,20,0.8333333333333334,0.8004956245422363,87.02364349365234,2.6248682843288407e-05,0.887839674949646
1623,59.33333333333334,24,20,0.8333333333333334,0.9212566018104553,70.36683654785156,2.6329191314289346e-05,0.852502703666687
1624,59.333333333333336,24,20,0.8333333333333334,-0.8124595880508423,61.150753021240234,2.7205685910303146e-05,4.097640514373779
1625,-108.45893719806764,207,204,0.9854106280193237,0.022960985079407692,5.169948577880859,2.742698779911734e-05,1.584233045578003
1626,46.73333333333333,50,49,0.9673333333333334,-0.20339997112751007,61.68428039550781,2.9175376766943373e-05,5.115390777587891
1627,46.7516339869281,51,51,0.977516339869281,-0.7595095038414001,23.332849502563477,2.918660902651027e-05,0.31883561611175537
1628,43.89308176100629,53,52,0.9689308176100629,-0.5231743454933167,24.18590545654297,2.8839953301940113e-05,0.1989544779062271
1629,63.95652173913043,23,20,0.8695652173913043,0.6829826831817627,56.83832550048828,2.8814309189328924e-05,2.5287880897521973
1630,-7.631578947368423,95,83,0.8736842105263158,0.28410133719444275,22.937355041503906,2.8926198865519837e-05,1.1657633781433105
1631,-9.541666666666666,96,83,0.8645833333333334,0.16030806303024292,24.75420570373535,2.855347702279687e-05,0.05638740211725235
1632,-7.631578947368409,95,83,0.8736842105263158,0.17967090010643005,26.216035842895508,2.7636571758193895e-05,0.3151412606239319
1633,-9.541666666666664,96,83,0.8645833333333334,-0.04754041135311127,28.012283325195312,2.732095163082704e-05,1.7573888301849365
1634,47.299319727891145,49,48,0.9629931972789115,0.8600783348083496,51.87411880493164,2.7304769901093096e-05,0.2901860773563385
1635,-2.9537953795379663,101,100,0.9804620462046204,0.6784631609916687,24.34103012084961,2.7666879759635776e-05,2.5019915103912354
1636,-9.541666666666659,96,83,0.8645833333333334,0.19995692372322083,26.295459747314453,2.7666164896800183e-05,0.13506630063056946
1637,40.95652173913043,46,40,0.8695652173913043,0.06685872375965118,58.27822494506836,2.8342416044324636e-05,3.567946195602417
1638,43.70440251572327,53,52,0.9670440251572328,-0.18562234938144684,51.02223587036133,2.642409708641935e-05,3.8757927417755127
1639,40.95652173913043,46,40,0.8695652173913043,0.44602712988853455,51.753517150878906,2.585447145975195e-05,0.21744951605796814
1640,43.704402515723274,53,52,0.9670440251572328,0.7465435266494751,36.29762649536133,2.6622928999131545e-05,3.4806721210479736
1641,63.95652173913044,23,20,0.8695652173913043,0.5968133807182312,69.4659652709961,2.698836578929331e-05,2.4152815341949463
1642,63.95652173913044,23,20,0.8695652173913043,-1.2771357297897339,69.64979553222656,2.712223431444727e-05,3.819761037826538
1643,-7.631578947368416,95,83,0.8736842105263158,-1.4583330154418945,16.678136825561523,2.6837096811505035e-05,1.0016424655914307
1644,-9.541666666666659,96,83,0.8645833333333334,-1.4803279638290405,15.462730407714844,2.6849138521356508e-05,0.6161119937896729
1645,63.95652173913043,23,20,0.8695652173913043,-1.4117732048034668,78.44685363769531,2.760204006335698e-05,3.844306707382202
1646,46.06666666666666,50,49,0.9606666666666667,0.08325706422328949,18.825057983398438,2.8077793103875592e-05,2.6952667236328125
1647,-107.9243156199678,207,206,0.990756843800322,-0.6687113642692566,7.373688697814941,2.7665262678056024e-05,1.214201807975769
1648,43.70440251572327,53,52,0.9670440251572328,-0.062375642359256744,25.131057739257812,2.7616035367827863e-05,0.4145604372024536
1649,48.68707482993197,49,48,0.9768707482993197,0.16608481109142303,30.03548812866211,2.7037949621444568e-05,0.36739665269851685
1650,-3.3594771241830124,102,101,0.9864052287581699,-0.22865433990955353,11.355364799499512,2.677871634659823e-05,0.1647655963897705
1651,-5.961538461538465,104,103,0.9803846153846154,-0.1925862431526184,11.882343292236328,2.678515375009738e-05,0.40518495440483093
1652,-104.76026272577997,203,200,0.9823973727422003,-0.21337038278579712,5.619553089141846,2.67878840531921e-05,0.29128536581993103
1653,40.95652173913043,46,40,0.8695652173913043,-0.22401298582553864,41.04421615600586,2.7012585633201525e-05,2.0875933170318604
1654,63.95652173913043,23,20,0.8695652173913043,0.3331194818019867,57.36793518066406,2.6780697226058692e-05,0.6967271566390991
1655,46.46153846153847,52,52,0.9846153846153847,0.2809447944164276,24.405841827392578,2.703378049773164e-05,4.054766654968262
1656,-2.9537953795379597,101,100,0.9804620462046204,-0.7650878429412842,19.91128158569336,2.6793624783749692e-05,0.4581546485424042
1657,48.68707482993197,49,48,0.9768707482993197,0.3447955548763275,27.618356704711914,2.701605626498349e-05,2.7278506755828857
1658,40.95652173913044,46,40,0.8695652173913043,-0.013356718234717846,31.39818572998047,2.687558844627347e-05,1.0858782529830933
1659,63.95652173913043,23,20,0.8695652173913043,0.2865141034126282,53.78152084350586,2.6809037080965936e-05,1.4764559268951416
1660,63.95652173913044,23,20,0.8695652173913043,0.4175787568092346,56.645469665527344,2.680833131307736e-05,0.22185535728931427
1661,43.704402515723274,53,52,0.9670440251572328,-0.5618666410446167,16.262907028198242,2.6830826755031012e-05,0.5320361852645874
1662,46.46153846153847,52,52,0.9846153846153847,-0.45685550570487976,24.457752227783203,2.6926807549898513e-05,1.6210265159606934
1663,-108.45893719806763,207,204,0.9854106280193237,-0.4356861412525177,7.111807823181152,2.7051633878727444e-05,1.3909416198730469
1664,-9.541666666666663,96,83,0.8645833333333334,-0.5305965542793274,14.493228912353516,2.683963975869119e-05,0.05698779970407486
1665,-7.051282051282056,104,101,0.9694871794871794,-0.5646133422851562,12.236581802368164,2.6832183721126057e-05,0.507718026638031
1666,-9.541666666666659,96,83,0.8645833333333334,-0.7047972083091736,16.383880615234375,2.6377880203654058e-05,0.37369439005851746
1667,63.95652173913043,23,20,0.8695652173913043,0.053164802491664886,54.079227447509766,2.630181006679777e-05,1.4565435647964478
1668,-104.9376026272578,203,200,0.980623973727422,0.07822752743959427,6.494416236877441,2.6231849915347993e-05,0.08564261347055435
1669,63.95652173913043,23,20,0.8695652173913043,-0.06514018774032593,51.09682846069336,2.615350422274787e-05,0.6217518448829651
1670,40.95652173913044,46,40,0.8695652173913043,0.40649837255477905,30.707462310791016,2.6203753805020824e-05,1.4109673500061035
1671,-8.937694704049843,107,106,0.9806230529595016,-0.6119163036346436,10.999780654907227,2.660602331161499e-05,2.5783300399780273
1672,43.888888888888886,45,40,0.8888888888888888,0.32893815636634827,26.60302734375,2.6687412173487246e-05,1.752104640007019
1673,47.299319727891145,49,48,0.9629931972789115,1.0342226028442383,18.211769104003906,2.7743253667722456e-05,4.1588826179504395
1674,46.62666666666667,50,49,0.9662666666666667,-0.5286946892738342,19.566707611083984,2.7655643862090074e-05,1.1326839923858643
1675,63.95652173913043,23,20,0.8695652173913043,-2.1376266479492188,38.394344329833984,2.966229476442095e-05,5.7248125076293945
1676,-105.54575163398694,204,201,0.9845424836601308,0.0980416089296341,5.848690032958984,2.9667056878679432e-05,0.34971684217453003
1677,-3.7647058823529536,102,101,0.9823529411764705,-0.21411845088005066,10.346596717834473,2.9655608159373514e-05,0.5282097458839417
1678,-109.40064102564102,208,206,0.9859935897435897,-0.07288064807653427,6.091278076171875,2.6969008104060777e-05,0.24850420653820038
1679,-5.702127659574467,94,83,0.8829787234042553,-0.140213280916214,15.998435020446777,2.6972131308866665e-05,0.5403297543525696
1680,40.95652173913043,46,40,0.8695652173913043,-0.5687221884727478,31.60038948059082,2.652788498380687e-05,2.2922725677490234
1681,63.95652173913044,23,20,0.8695652173913043,-1.1313791275024414,54.84611129760742,2.593596582300961e-05,2.9727747440338135
1682,-110.85964912280703,209,206,0.9814035087719298,0.2077401578426361,5.966805458068848,2.592717828520108e-05,0.6122914552688599
1683,40.95652173913042,46,40,0.8695652173913043,-0.8051557540893555,30.691904067993164,2.7171121473656967e-05,4.466865539550781
1684,-109.9326923076923,208,204,0.9806730769230769,-0.15792325139045715,5.943603992462158,2.7174039132660255e-05,0.8651458621025085
1685,-9.043613707165104,107,105,0.979563862928349,-0.4748600423336029,10.433874130249023,2.7151740141562186e-05,1.195348858833313
1686,47.29931972789115,49,48,0.9629931972789115,0.2064926028251648,21.861440658569336,2.4875469534890726e-05,0.0014199403813108802
1687,38.10638297872341,47,40,0.851063829787234,-1.162043571472168,30.170936584472656,2.5722178179421462e-05,3.8332464694976807
1688,46.46153846153847,52,52,0.9846153846153847,-0.7596667408943176,22.20461082458496,2.6040881493827328e-05,2.384835958480835
1689,-2.9537953795379583,101,100,0.9804620462046204,-0.49147829413414,8.27592658996582,2.5976354663725942e-05,0.23528270423412323
1690,63.95652173913042,23,20,0.8695652173913043,-1.214472770690918,51.58914566040039,2.6231957235722803e-05,2.742539644241333
1691,-107.9243156199678,207,206,0.990756843800322,-0.431599885225296,4.36927604675293,2.5740011551533826e-05,0.35895782709121704
1692,43.893081761006286,53,52,0.9689308176100629,0.4581809639930725,18.59650993347168,2.6088340746355243e-05,2.2551186084747314
1693,-8.937694704049846,107,106,0.9806230529595016,0.31847357749938965,12.154489517211914,2.617415702843573e-05,1.149996280670166
1694,38.1063829787234,47,40,0.851063829787234,0.009060925804078579,37.97222137451172,2.6099049136973917e-05,0.7927119135856628
1695,-9.541666666666668,96,83,0.8645833333333334,-0.3175210654735565,18.054059982299805,2.612137541291304e-05,0.7486557960510254
1696,59.33333333333334,24,20,0.8333333333333334,0.5266501307487488,54.890926361083984,2.691657209652476e-05,3.5307555198669434
1697,-7.631578947368416,95,83,0.8736842105263158,-0.34389829635620117,16.14354705810547,2.6906001949100755e-05,0.10247427970170975
1698,-7.631578947368416,95,83,0.8736842105263158,-0.44761326909065247,16.705907821655273,2.5290204575867392e-05,0.18035194277763367
1699,63.95652173913043,23,20,0.8695652173913043,-0.15155547857284546,48.966102600097656,2.523866896808613e-05,1.1496856212615967
1700,63.95652173913042,23,20,0.8695652173913043,-1.2342146635055542,49.400917053222656,2.6001307560363784e-05,3.54995059967041
1701,59.33333333333334,24,20,0.8333333333333334,-0.47872063517570496,59.1488151550293,2.5997682314482518e-05,0.33380791544914246
1702,46.75163398692809,51,51,0.977516339869281,0.3488323986530304,20.511011123657227,2.57748306466965e-05,0.49905386567115784
1703,-9.54166666666666,96,83,0.8645833333333334,-0.3762114346027374,14.620166778564453,2.5753872250788845e-05,0.7787526845932007
1704,47.625850340136054,49,48,0.9662585034013605,-0.5155632495880127,16.47980499267578,2.577060331532266e-05,0.7059991359710693
1705,-110.01282051282053,208,204,0.9798717948717949,-0.4682554006576538,4.891653060913086,2.574579048086889e-05,0.709521472454071
1706,40.95652173913043,46,40,0.8695652173913043,0.37541571259498596,29.768484115600586,2.559860877227038e-05,0.6957219243049622
1707,63.95652173913044,23,20,0.8695652173913043,0.6608901023864746,51.7342529296875,2.5990690119215287e-05,2.4942376613616943
1708,40.95652173913043,46,40,0.8695652173913043,-0.35594356060028076,34.15798568725586,2.3121110643842258e-05,1.9156498908996582
1709,-2.815181518151829,101,100,0.9818481848184818,-0.1030806303024292,10.391797065734863,2.3123326172935776e-05,0.5465693473815918
1710,63.95652173913043,23,20,0.8695652173913043,0.15680310130119324,47.27585220336914,2.3051896278047934e-05,0.262721985578537
1711,-5.7021276595744705,94,83,0.8829787234042553,-0.26858022809028625,16.89434051513672,2.2911845007911325e-05,0.5190221667289734
1712,43.888888888888886,45,40,0.8888888888888888,0.7832430005073547,29.136882781982422,2.3670225345995277e-05,3.424982786178589
1713,59.33333333333334,24,20,0.8333333333333334,-1.9002653360366821,51.96076583862305,2.5717212338349782e-05,5.913601398468018
1714,47.26666666666666,50,49,0.9726666666666667,0.4139394462108612,19.458858489990234,2.576490442152135e-05,1.0611653327941895
1715,-11.432989690721657,97,83,0.8556701030927835,-0.7477105259895325,15.505562782287598,2.5633258701418526e-05,1.5891916751861572
1716,63.95652173913043,23,20,0.8695652173913043,0.9330132603645325,46.54426193237305,2.6664840333978646e-05,3.939323902130127
1717,-110.85964912280703,209,206,0.9814035087719298,-0.3776925802230835,3.597127914428711,2.66621500486508e-05,0.2638663947582245
1718,-109.9326923076923,208,204,0.9806730769230769,-0.2850617468357086,4.305420875549316,2.6672190870158374e-05,0.3396185338497162
1719,-7.631578947368415,95,83,0.8736842105263158,-0.18208517134189606,14.30119800567627,2.6709181838668883e-05,0.6669152975082397
1720,43.893081761006286,53,52,0.9689308176100629,-0.2801303267478943,21.700138092041016,2.6533904019743204e-05,0.10817864537239075
1721,-4.915857605178001,103,102,0.98084142394822,-0.5385240316390991,8.928967475891113,2.680091893125791e-05,2.345623016357422
1722,49.027210884353735,49,49,0.9802721088435374,0.4030214548110962,19.063566207885742,2.6829278795048594e-05,0.8325414657592773
1723,-3.7647058823529536,102,101,0.9823529411764705,0.13945792615413666,10.834440231323242,2.6767667804961093e-05,0.01770259253680706
1724,63.95652173913043,23,20,0.8695652173913043,-0.2144923061132431,56.71619415283203,2.6254556360072456e-05,2.84120774269104
1725,-9.54166666666666,96,83,0.8645833333333334,-0.4051189124584198,14.60870361328125,2.6068262741318904e-05,0.2606743574142456
1726,-6.480769230769237,104,102,0.9751923076923077,-0.6116665005683899,9.289677619934082,2.4364062483073212e-05,0.952055037021637
1727,-5.702127659574465,94,83,0.8829787234042553,-0.7600180506706238,15.984877586364746,2.4365919671254233e-05,0.812868058681488
1728,63.95652173913043,23,20,0.8695652173913043,-0.2381475269794464,47.61600112915039,2.4468215997330844e-05,1.0558966398239136
1729,47.13333333333333,50,49,0.9713333333333334,-0.197110116481781,16.410398483276367,2.4393277271883562e-05,2.298579454421997
1730,46.73333333333333,50,49,0.9673333333333334,-0.7043964266777039,18.55789566040039,2.4712189770070836e-05,2.9290192127227783
1731,-9.541666666666659,96,83,0.8645833333333334,-0.2832159101963043,16.34923553466797,2.4760947781032883e-05,0.6795951724052429
1732,-9.541666666666659,96,83,0.8645833333333334,0.002516030101105571,17.78557777404785,2.4914856112445705e-05,1.3259960412979126
1733,48.68707482993197,49,48,0.9768707482993197,0.3901919424533844,26.00217056274414,2.4773327822913416e-05,0.30949679017066956
1734,43.893081761006286,53,52,0.9689308176100629,0.16542166471481323,21.744943618774414,2.475891415087972e-05,0.4453739523887634
1735,43.888888888888886,45,40,0.8888888888888888,0.17287053167819977,38.22182083129883,2.4313272660947405e-05,0.8736842274665833
1736,47.625850340136054,49,48,0.9662585034013605,-0.4706540107727051,17.35091209411621,2.4402077542617917e-05,1.4876161813735962
1737,-9.541666666666657,96,83,0.8645833333333334,-1.1780469417572021,17.741064071655273,2.4186672817450017e-05,2.9835426807403564
1738,-5.961538461538467,104,103,0.9803846153846154,-0.3158361315727234,8.453986167907715,2.3385695385513827e-05,0.02433498203754425
1739,40.95652173913043,46,40,0.8695652173913043,-0.2576448321342468,30.065340042114258,2.3467649953090586e-05,0.9160796403884888
1740,-7.631578947368415,95,83,0.8736842105263158,-1.2254207134246826,17.22358512878418,2.2788599380874075e-05,1.9807888269424438
1741,-105.54575163398692,204,201,0.9845424836601308,-0.7593960165977478,4.950300216674805,2.2335063476930372e-05,0.2072829008102417
1742,47.625850340136054,49,48,0.9662585034013605,-0.7191570997238159,20.889795303344727,2.1955298507236876e-05,2.237703561782837
1743,-104.76026272577998,203,200,0.9823973727422003,-0.7257521152496338,5.665959358215332,2.1926935005467385e-05,0.5707205533981323
1744,63.95652173913042,23,20,0.8695652173913043,-1.6625075340270996,51.283119201660156,2.447661609039642e-05,6.720004081726074
1745,-7.631578947368413,95,83,0.8736842105263158,-0.6396816372871399,15.655990600585938,2.3773120119585656e-05,1.3778802156448364
1746,-9.541666666666671,96,83,0.8645833333333334,-0.07667667418718338,14.978561401367188,2.330482857360039e-05,0.8602437376976013
1747,63.95652173913043,23,20,0.8695652173913043,-1.3644897937774658,62.029640197753906,2.7749592845793813e-05,8.990279197692871
1748,-110.85964912280703,209,206,0.9814035087719298,0.13803790509700775,5.268154621124268,2.7707950721378438e-05,0.37260064482688904
1749,-5.702127659574467,94,83,0.8829787234042553,-0.620699405670166,15.519508361816406,2.8190379453008063e-05,3.340663194656372
1750,63.95652173913043,23,20,0.8695652173913043,0.7194028496742249,58.4205207824707,2.8233389457454905e-05,0.588446855545044
1751,-9.54166666666666,96,83,0.8645833333333334,-0.16454865038394928,14.68501091003418,2.8233886041562073e-05,0.544381320476532
1752,48.68707482993197,49,48,0.9768707482993197,0.18513265252113342,24.70507049560547,2.8242449843673967e-05,0.039540741592645645
1753,-5.702127659574474,94,83,0.8829787234042553,-0.26344922184944153,14.662425994873047,2.807560122164432e-05,0.571524977684021
1754,-105.54575163398692,204,201,0.9845424836601308,0.02754330262541771,6.309674263000488,2.8214815756655298e-05,1.6064754724502563
1755,63.95652173913043,23,20,0.8695652173913043,-0.6640235185623169,49.94745635986328,2.717301140364725e-05,2.3188462257385254
1756,-9.541666666666668,96,83,0.8645833333333334,-0.2606889605522156,14.460471153259277,2.7166081054019742e-05,0.39689329266548157
1757,63.95652173913043,23,20,0.8695652173913043,-1.0068278312683105,58.61392593383789,2.7306750780553557e-05,4.112053394317627
1758,46.56410256410256,52,52,0.9856410256410256,-0.8544943332672119,18.51877212524414,2.720335942285601e-05,1.608917474746704
1759,-5.961538461538467,104,103,0.9803846153846154,0.015762124210596085,11.23105239868164,2.697380659810733e-05,0.15317915380001068
1760,-3.7647058823529505,102,101,0.9823529411764705,-0.019604234024882317,10.784614562988281,2.6958983653457835e-05,0.059557098895311356
1761,-9.043613707165111,107,105,0.979563862928349,0.2262095808982849,8.490771293640137,2.734793451963924e-05,1.9242793321609497
1762,-9.541666666666657,96,83,0.8645833333333334,-0.24362976849079132,15.74972915649414,2.7297002816339955e-05,0.1201227605342865
1763,-2.8151815181518254,101,100,0.9818481848184818,0.24092990159988403,8.668441772460938,2.7268028134130873e-05,0.11949855089187622
1764,-5.7184466019417535,103,101,0.9728155339805825,-0.2022216022014618,10.242074966430664,2.7256255634711124e-05,0.32938316464424133
1765,-2.815181518151826,101,100,0.9818481848184818,0.057556454092264175,7.744630813598633,2.7258245609118603e-05,0.3682277202606201
1766,47.62585034013605,49,48,0.9662585034013605,-0.7338376641273499,20.166994094848633,2.737506292760372e-05,1.914415717124939
1767,46.75163398692809,51,51,0.977516339869281,0.025685248896479607,22.392032623291016,2.7140937163494527e-05,1.154388427734375
1768,-99.21885521885523,198,196,0.9878114478114478,-0.3854934275150299,5.393010139465332,2.7132009563501924e-05,0.7162259817123413
1769,48.68707482993197,49,48,0.9768707482993197,-0.16299188137054443,21.57537078857422,2.7048552510677837e-05,0.23876042664051056
1770,-104.9376026272578,203,200,0.980623973727422,-0.57938152551651,4.989106178283691,2.6796233214554377e-05,0.5707045793533325
1771,63.95652173913043,23,20,0.8695652173913043,-1.20022714138031,44.50670623779297,2.6572652132017538e-05,1.0861914157867432
1772,43.88888888888888,45,40,0.8888888888888888,-0.3279508650302887,27.892810821533203,2.6277146389475092e-05,0.28517618775367737
1773,-109.40064102564104,208,206,0.9859935897435897,-0.7865567803382874,4.28384256362915,2.486960329406429e-05,0.311325341463089
1774,59.33333333333334,24,20,0.8333333333333334,-0.674522876739502,45.63130569458008,2.4913830202422105e-05,1.6351481676101685
1775,49.027210884353735,49,49,0.9802721088435374,-0.4472672641277313,19.538204193115234,2.3343085558735766e-05,1.164644479751587
1776,-109.93269230769232,208,204,0.9806730769230769,-0.4455074071884155,4.57663631439209,2.3345190129475668e-05,0.29212284088134766
1777,-7.051282051282055,104,101,0.9694871794871794,-0.6560989022254944,9.189492225646973,2.3353104552370496e-05,0.3365815281867981
1778,40.95652173913042,46,40,0.8695652173913043,0.04045660048723221,29.210948944091797,2.3612999939359725e-05,1.6116360425949097
1779,-9.541666666666668,96,83,0.8645833333333334,-0.8364716172218323,14.476158142089844,2.355680953769479e-05,1.2767869234085083
1780,63.95652173913043,23,20,0.8695652173913043,-0.28577762842178345,49.0089225769043,2.3477965441998094e-05,1.84941828250885
1781,-102.70149253731344,201,198,0.9829850746268657,-0.49044549465179443,4.466757774353027,2.3137154130381532e-05,0.793951690196991
1782,-9.541666666666663,96,83,0.8645833333333334,-0.8859289884567261,19.423572540283203,2.3306058210437186e-05,2.5134356021881104
1783,-9.541666666666668,96,83,0.8645833333333334,-0.86757892370224,14.284375190734863,2.2615799025516026e-05,2.5136702060699463
1784,63.95652173913043,23,20,0.8695652173913043,1.4671242237091064,53.85552215576172,2.4647502868901938e-05,5.1723408699035645
1785,-7.631578947368418,95,83,0.8736842105263158,-0.055512264370918274,14.211867332458496,2.4698932975297794e-05,0.5870640873908997
1786,-4.25490196078432,102,100,0.9774509803921568,-0.34603461623191833,9.986870765686035,2.4779656087048352e-05,1.8029378652572632
1787,38.1063829787234,47,40,0.851063829787234,0.5693169832229614,28.907712936401367,2.4656612367834896e-05,2.4856069087982178
1788,-106.9479674796748,205,202,0.980520325203252,0.13251939415931702,4.605623245239258,2.4456208848278038e-05,0.1671377569437027
1789,43.888888888888886,45,40,0.8888888888888888,0.14730778336524963,31.951587677001953,2.4430471967207268e-05,0.20222994685173035
1790,40.95652173913043,46,40,0.8695652173913043,-0.07986971735954285,27.88492202758789,2.4116439817589708e-05,0.051369860768318176
1791,63.95652173913043,23,20,0.8695652173913043,2.307300090789795,54.205650329589844,2.950975249405019e-05,8.993432998657227
1792,-2.9537953795379646,101,100,0.9804620462046204,-0.7114665508270264,12.903676986694336,2.9344511858653277e-05,2.42905855178833
1793,40.95652173913043,46,40,0.8695652173913043,-0.2483421266078949,28.9153995513916,2.9352191631915048e-05,2.0140671730041504
1794,-104.9376026272578,203,200,0.980623973727422,0.22186796367168427,4.372288703918457,2.941661477962043e-05,0.737288773059845
1795,40.95652173913043,46,40,0.8695652173913043,0.38300684094429016,29.91748809814453,2.94859546556836e-05,0.7068164348602295
1796,-9.541666666666663,96,83,0.8645833333333334,-0.14678655564785004,14.39535140991211,2.856403443729505e-05,0.528976559638977
1797,43.888888888888886,45,40,0.8888888888888888,-0.6675184965133667,29.570337295532227,2.901930383814033e-05,3.2233943939208984
1798,63.95652173913043,23,20,0.8695652173913043,1.0008366107940674,54.441158294677734,3.05741086776834e-05,4.6181464195251465
1799,-5.96153846153846,104,103,0.9803846153846154,0.1371472030878067,9.49208927154541,3.0471841455437243e-05,0.4819638729095459
1800,38.1063829787234,47,40,0.851063829787234,-0.2253592312335968,29.314746856689453,2.9871314836782403e-05,0.6950757503509521
1801,-7.05128205128206,104,101,0.9694871794871794,-0.03133207932114601,9.269845008850098,2.996217335748952e-05,0.8216989040374756
1802,-99.21885521885523,198,196,0.9878114478114478,-0.23155781626701355,4.821946144104004,2.9914090191596188e-05,0.5180137753486633
1803,46.75163398692809,51,51,0.977516339869281,-0.14144402742385864,16.830595016479492,2.9918612199253403e-05,0.8633610606193542
1804,63.95652173913044,23,20,0.8695652173913043,0.8576313257217407,38.76310348510742,3.2088166335597634e-05,5.576134204864502
1805,63.95652173913043,23,20,0.8695652173913043,-0.7705490589141846,44.98595428466797,3.261607344029471e-05,3.298252582550049
1806,40.95652173913044,46,40,0.8695652173913043,0.017291229218244553,26.84316635131836,3.286360515630804e-05,1.9078296422958374
1807,-7.6315789473684195,95,83,0.8736842105263158,-1.053778052330017,14.33166790008545,3.2611831557005644e-05,2.4118850231170654
1808,-8.937694704049848,107,106,0.9806230529595016,-0.4559966027736664,8.271113395690918,3.2476269552716985e-05,0.039240963757038116
1809,48.68707482993197,49,48,0.9768707482993197,0.32199275493621826,21.953432083129883,3.25229084410239e-05,0.5108984708786011
1810,-108.45893719806764,207,204,0.9854106280193237,-0.3068353831768036,5.143857002258301,3.249800283811055e-05,0.3833428621292114
1811,63.95652173913043,23,20,0.8695652173913043,0.4553266167640686,53.244911193847656,3.245745392632671e-05,0.007552747614681721
1812,43.88888888888888,45,40,0.8888888888888888,-0.22305436432361603,30.326536178588867,3.15878278343007e-05,1.15067458152771
1813,-108.45893719806764,207,204,0.9854106280193237,-0.3853139877319336,4.050947189331055,2.9718563382630236e-05,0.6004941463470459
1814,40.95652173913043,46,40,0.8695652173913043,0.13444344699382782,28.414499282836914,3.007961277035065e-05,2.162332534790039
1815,-112.32698412698413,210,206,0.9767301587301588,-0.3933723270893097,4.197868347167969,2.9985623768880032e-05,0.12494818866252899
1816,-112.32698412698413,210,206,0.9767301587301588,-0.40091976523399353,4.718322277069092,2.8853732146671973e-05,0.2110416293144226
1817,63.95652173913043,23,20,0.8695652173913043,0.7226188778877258,44.66255187988281,2.982004480145406e-05,3.6119139194488525
1818,-103.45214521452145,202,200,0.9854785478547855,-0.3233211636543274,6.983985900878906,2.979566306748893e-05,0.11087418347597122
1819,-7.631578947368421,95,83,0.8736842105263158,-0.4550105035305023,18.268814086914062,2.9733238989138044e-05,0.31122153997421265
1820,-2.81518151815183,101,100,0.9818481848184818,0.15040811896324158,8.586803436279297,2.973666414618492e-05,0.01084163784980774
1821,-9.541666666666666,96,83,0.8645833333333334,0.05516744405031204,15.127915382385254,2.962308826681692e-05,1.1681019067764282
1822,-4.254901960784315,102,100,0.9774509803921568,0.08806610852479935,9.80056095123291,2.9565117074525915e-05,0.9352482557296753
1823,-7.631578947368419,95,83,0.8736842105263158,-0.31118348240852356,16.4894962310791,2.9585047741420567e-05,0.9796459078788757
1824,-7.631578947368416,95,83,0.8736842105263158,-0.13707229495048523,15.419330596923828,2.9194872695370577e-05,0.2534482181072235
1825,63.95652173913044,23,20,0.8695652173913043,-0.7365423440933228,53.29789352416992,2.9777485906379297e-05,3.400925397872925
1826,-103.45214521452145,202,200,0.9854785478547855,0.2612735331058502,5.733854293823242,2.9812532375217415e-05,0.6417424082756042
1827,59.33333333333334,24,20,0.8333333333333334,0.2005491405725479,52.59381103515625,2.993427733599674e-05,1.1755269765853882
1828,43.88888888888888,45,40,0.8888888888888888,0.18982268869876862,28.18385124206543,2.9846389224985614e-05,0.35304298996925354
1829,-104.76026272577998,203,200,0.9823973727422003,-0.014339173212647438,5.51346492767334,2.943039362435229e-05,0.06441504508256912
1830,63.95652173913043,23,20,0.8695652173913043,0.5937243700027466,56.925960540771484,2.9307529985089786e-05,1.8926094770431519
1831,38.1063829787234,47,40,0.851063829787234,0.5562179684638977,27.89828109741211,2.9670232834178023e-05,2.3304498195648193
1832,47.13333333333333,50,49,0.9713333333333334,-0.3794556260108948,17.80878448486328,2.954567753477022e-05,1.0349708795547485
1833,-5.317152103559881,103,101,0.9768284789644013,-0.34166982769966125,8.816244125366211,2.9700049708480947e-05,1.8842954635620117
1834,43.704402515723274,53,52,0.9670440251572328,-1.2475577592849731,16.672998428344727,3.0512954253936186e-05,3.961198091506958
1835,-5.718446601941755,103,101,0.9728155339805825,-0.18498371541500092,7.74172306060791,3.0499375498038717e-05,0.09193847328424454
1836,-7.631578947368423,95,83,0.8736842105263158,-0.09058437496423721,15.240911483764648,3.0595067073591053e-05,1.3840028047561646
1837,63.95652173913044,23,20,0.8695652173913043,-1.7103815078735352,53.97506332397461,3.3637606975389645e-05,7.84289026260376
1838,40.95652173913043,46,40,0.8695652173913043,0.5001153945922852,26.66421127319336,3.4436645364621654e-05,3.2746150493621826
1839,47.299319727891145,49,48,0.9629931972789115,-0.13517920672893524,15.688176155090332,3.434551399550401e-05,0.06014447659254074
1840,-4.592233009708752,103,102,0.9840776699029126,-0.28841838240623474,9.242561340332031,3.4176955523435026e-05,0.3528183102607727
1841,47.26666666666666,50,49,0.9726666666666667,0.09560699760913849,19.790916442871094,3.4186552511528134e-05,0.09365514665842056
1842,-6.48076923076923,104,102,0.9751923076923077,-1.013418197631836,12.62570571899414,3.392764483578503e-05,1.890473484992981
1843,40.95652173913042,46,40,0.8695652173913043,0.6387013792991638,30.672937393188477,3.541010300978087e-05,4.581297874450684
1844,-8.93769470404985,107,106,0.9806230529595016,-0.45149800181388855,7.707082748413086,3.2887517591007054e-05,0.5540271997451782
1845,-5.718446601941755,103,101,0.9728155339805825,-0.15457876026630402,8.332301139831543,3.285831553512253e-05,0.7071437239646912
1846,43.888888888888886,45,40,0.8888888888888888,0.6446566581726074,34.15495681762695,3.320427640574053e-05,2.3944265842437744
1847,-105.46732026143792,204,202,0.9853267973856209,-0.14028719067573547,5.174727439880371,3.072658728342503e-05,6.182413578033447
1848,-9.043613707165111,107,105,0.979563862928349,-0.030638322234153748,8.370277404785156,3.073663174291141e-05,0.38732853531837463
1849,40.95652173913043,46,40,0.8695652173913043,0.23344686627388,32.18846893310547,3.0234452424338087e-05,1.519848346710205
1850,-4.915857605177995,103,102,0.98084142394822,-0.1436917930841446,7.823215007781982,3.0210052500478923e-05,0.16748300194740295
1851,-5.702127659574461,94,83,0.8829787234042553,-0.5910086035728455,14.695313453674316,3.0304279789561406e-05,1.3871835470199585
1852,-4.915857605178004,103,102,0.98084142394822,-0.07920509576797485,8.203897476196289,3.036341513507068e-05,0.9214820861816406
1853,-7.631578947368413,95,83,0.8736842105263158,-0.7690388560295105,15.045671463012695,3.049688893952407e-05,1.6171563863754272
1854,-9.54166666666667,96,83,0.8645833333333334,-0.802682638168335,13.193334579467773,3.047098834940698e-05,1.4960455894470215
1855,40.95652173913043,46,40,0.8695652173913043,-0.8622250556945801,32.84601593017578,3.0474993764073588e-05,2.332956314086914
1856,-11.432989690721657,97,83,0.8556701030927835,-0.6994822025299072,16.396265029907227,3.055414344999008e-05,1.3138444423675537
1857,63.95652173913043,23,20,0.8695652173913043,0.5804399251937866,53.19337844848633,2.9751465262961574e-05,1.7743947505950928
1858,40.95652173913044,46,40,0.8695652173913043,-0.20335039496421814,30.901466369628906,2.967607906612102e-05,1.1566005945205688
1859,-2.815181518151828,101,100,0.9818481848184818,0.17241641879081726,9.667559623718262,2.9686514608329162e-05,0.4828091561794281
1860,63.95652173913044,23,20,0.8695652173913043,-0.9685647487640381,55.106117248535156,3.0436254746746272e-05,3.5430545806884766
1861,-9.043613707165107,107,105,0.979563862928349,0.02992439456284046,7.972584247589111,3.019150608452037e-05,0.125680074095726
1862,63.95652173913042,23,20,0.8695652173913043,1.0911463499069214,53.464393615722656,3.0940977012505755e-05,3.417711019515991
1863,-9.541666666666664,96,83,0.8645833333333334,-0.23347274959087372,14.4791898727417,3.094316343776882e-05,0.16171874105930328
1864,59.33333333333334,24,20,0.8333333333333334,0.4258882403373718,42.92028045654297,3.1146086257649586e-05,1.7964664697647095
1865,-7.631578947368417,95,83,0.8736842105263158,-0.44040921330451965,13.956391334533691,3.116802326985635e-05,0.7173155546188354
1866,46.56410256410256,52,52,0.9856410256410256,0.11126597225666046,21.55794906616211,3.193334850948304e-05,4.003544807434082
1867,40.95652173913043,46,40,0.8695652173913043,0.3175441026687622,27.911439895629883,3.1955532904248685e-05,1.3708455562591553
1868,-9.541666666666666,96,83,0.8645833333333334,-0.45533907413482666,14.419797897338867,3.1990432034945115e-05,1.0262221097946167
1869,-5.702127659574469,94,83,0.8829787234042553,-0.04843638837337494,16.30352783203125,3.199586717528291e-05,0.4610394835472107
1870,40.95652173913043,46,40,0.8695652173913043,0.16776156425476074,31.659502029418945,3.197720434400253e-05,0.2432689219713211
1871,-9.541666666666664,96,83,0.8645833333333334,0.18669497966766357,15.31739330291748,3.204731910955161e-05,1.6418801546096802
1872,59.333333333333336,24,20,0.8333333333333334,-1.0222394466400146,54.93102264404297,3.363121140864678e-05,5.019054412841797
1873,-9.54166666666666,96,83,0.8645833333333334,-0.2207275927066803,14.568184852600098,3.362595089129172e-05,0.1861722618341446
1874,47.299319727891145,49,48,0.9629931972789115,0.3127362132072449,19.7771053314209,3.345800723764114e-05,0.3506576418876648
1875,-8.937694704049843,107,106,0.9806230529595016,-0.5339934229850769,8.529990196228027,3.343138814670965e-05,0.9729129672050476
1876,63.95652173913043,23,20,0.8695652173913043,0.8626290559768677,45.78116226196289,3.557023228495382e-05,5.9909515380859375
1877,63.95652173913043,23,20,0.8695652173913043,0.5527766346931458,46.40642166137695,3.628940976341255e-05,3.586164712905884
1878,-5.702127659574465,94,83,0.8829787234042553,0.002325785579159856,14.450948715209961,3.6225232179276645e-05,1.194570779800415
1879,46.73333333333333,50,49,0.9673333333333334,0.05774010345339775,18.768611907958984,3.6101242585573345e-05,0.0610249824821949
1880,43.888888888888886,45,40,0.8888888888888888,-0.16255998611450195,31.03185272216797,3.611807187553495e-05,1.9160763025283813
1881,48.68707482993197,49,48,0.9768707482993197,0.13432493805885315,27.414342880249023,3.631469371612184e-05,1.865970492362976
1882,-7.051282051282056,104,101,0.9694871794871794,-0.19511805474758148,11.180034637451172,3.616881440393627e-05,1.975844383239746
1883,48.68707482993197,49,48,0.9768707482993197,-0.1893618404865265,24.66048240661621,3.6458637623582035e-05,3.2843503952026367
1884,40.95652173913042,46,40,0.8695652173913043,-0.8301165103912354,28.832212448120117,3.6000306863570586e-05,4.179117202758789
1885,49.027210884353735,49,49,0.9802721088435374,-0.19848722219467163,17.530553817749023,3.6040197301190346e-05,0.9257335662841797
1886,-8.937694704049854,107,106,0.9806230529595016,-0.592055082321167,7.900628089904785,3.5856803151546046e-05,0.6154828667640686
1887,40.95652173913043,46,40,0.8695652173913043,-1.4270095825195312,30.782817840576172,3.684220791910775e-05,4.688668251037598
1888,40.95652173913042,46,40,0.8695652173913043,-0.2407655268907547,29.555965423583984,3.6859040847048163e-05,0.53363037109375
1889,-7.107936507936513,105,104,0.978920634920635,-0.870633065700531,11.10628604888916,3.685703268274665e-05,0.05801069363951683
1890,47.13333333333333,50,49,0.9713333333333334,-0.4866003096103668,27.689437866210938,3.68613691534847e-05,0.25153082609176636
1891,48.68707482993197,49,48,0.9768707482993197,0.09910736232995987,20.142780303955078,3.181365900672972e-05,0.04487163573503494
1892,-7.107936507936513,105,104,0.978920634920635,-0.2324899435043335,8.52614688873291,3.152487988700159e-05,0.8054602146148682
1893,40.95652173913043,46,40,0.8695652173913043,-0.03798319399356842,39.913326263427734,3.1317824323195964e-05,0.7288016676902771
1894,40.95652173913044,46,40,0.8695652173913043,0.28583642840385437,41.21242904663086,3.1351020879810676e-05,1.141500473022461
1895,47.625850340136054,49,48,0.9662585034013605,0.598916232585907,24.922685623168945,3.18259080813732e-05,2.8162379264831543
1896,49.027210884353735,49,49,0.9802721088435374,0.9092947840690613,24.872182846069336,3.224304964533076e-05,2.615853786468506
1897,-5.110032362459544,103,101,0.9788996763754045,-0.3099319040775299,8.98465633392334,3.1627496355213225e-05,0.5570337772369385
1898,-7.631578947368414,95,83,0.8736842105263158,-1.1354758739471436,12.581547737121582,3.061997631448321e-05,2.3476192951202393
1899,59.333333333333336,24,20,0.8333333333333334,0.4151480197906494,59.62324523925781,3.218460551579483e-05,5.016395092010498
1900,-104.76026272577998,203,200,0.9823973727422003,-1.1630584001541138,5.903713703155518,3.218289202777669e-05,0.6742722988128662
1901,47.625850340136054,49,48,0.9662585034013605,-0.9416128396987915,18.28322982788086,3.214870594092645e-05,0.44745519757270813
1902,-5.702127659574463,94,83,0.8829787234042553,-0.21760408580303192,14.643827438354492,3.235396434320137e-05,1.8621631860733032
1903,63.95652173913043,23,20,0.8695652173913043,0.8573156595230103,49.472042083740234,3.337957605253905e-05,4.181632995605469
1904,46.75163398692809,51,51,0.977516339869281,-0.7405215501785278,20.59623908996582,3.3353953767800704e-05,5.581010818481445
1905,40.95652173913043,46,40,0.8695652173913043,0.8600268363952637,33.284393310546875,3.3937198168132454e-05,4.444628715515137
1906,-100.66834170854271,199,196,0.9833165829145729,-0.624619722366333,4.945235729217529,3.3744647225830704e-05,0.7636091709136963
1907,-4.25490196078432,102,100,0.9774509803921568,-0.4997521638870239,9.234804153442383,3.347011806908995e-05,1.145121693611145
1908,-105.44117647058825,204,202,0.9855882352941177,-0.41907015442848206,4.729788303375244,3.347238089190796e-05,0.20503069460391998
1909,-7.6315789473684115,95,83,0.8736842105263158,-0.6568735241889954,13.229018211364746,3.3467360481154174e-05,0.4672601819038391
1910,-4.254901960784324,102,100,0.9774509803921568,-0.18539570271968842,9.8362398147583,3.346204903209582e-05,0.1891741007566452
1911,-9.541666666666664,96,83,0.8645833333333334,-0.6011030077934265,15.269218444824219,3.347265374031849e-05,0.4372236132621765
1912,63.95652173913043,23,20,0.8695652173913043,-0.7190605998039246,49.5584831237793,3.405841562198475e-05,3.3136770725250244
1913,-9.541666666666654,96,83,0.8645833333333334,-0.43812429904937744,17.700632095336914,3.405925599508919e-05,0.6131289601325989
1914,43.893081761006286,53,52,0.9689308176100629,0.044199008494615555,19.52345848083496,3.396787360543385e-05,1.7959867715835571
1915,63.95652173913043,23,20,0.8695652173913043,0.06151711568236351,59.7621955871582,3.417810148675926e-05,1.9063823223114014
1916,-5.96153846153846,104,103,0.9803846153846154,0.3216913938522339,12.393006324768066,3.4187076380476356e-05,0.3451526463031769
1917,49.027210884353735,49,49,0.9802721088435374,0.17599979043006897,21.502843856811523,3.334909342811443e-05,0.25659817457199097
1918,59.333333333333336,24,20,0.8333333333333334,0.9093384146690369,55.06684494018555,3.4014265111181885e-05,3.2029614448547363
1919,-9.043613707165113,107,105,0.979563862928349,0.06992045044898987,8.062723159790039,3.4054268326144665e-05,0.7823727130889893
1920,46.46153846153847,52,52,0.9846153846153847,-0.13435861468315125,24.714765548706055,3.4127489925595e-05,1.0403331518173218
1921,43.88888888888889,45,40,0.8888888888888888,0.20691730082035065,29.256771087646484,3.4243403206346557e-05,1.787088394165039
1922,63.95652173913043,23,20,0.8695652173913043,-1.0083754062652588,43.8311882019043,3.5136734368279576e-05,3.962602376937866
1923,63.95652173913044,23,20,0.8695652173913043,-1.0292481184005737,50.127601623535156,3.619016570155509e-05,4.316542148590088
1924,63.95652173913043,23,20,0.8695652173913043,-0.022017257288098335,51.759281158447266,3.6371937312651426e-05,1.6317254304885864
1925,-9.541666666666666,96,83,0.8645833333333334,-0.5959213972091675,14.94205093383789,3.575094524421729e-05,1.0737123489379883
1926,49.36879432624113,47,46,0.9636879432624114,0.1251416951417923,21.737548828125,3.572530476958491e-05,0.35576438903808594
1927,-9.043613707165107,107,105,0.979563862928349,0.29368022084236145,9.08941650390625,3.583062061807141e-05,1.7360765933990479
1928,49.027210884353735,49,49,0.9802721088435374,-0.32155999541282654,20.407363891601562,3.5969787859357893e-05,1.6377378702163696
1929,-109.40064102564104,208,206,0.9859935897435897,-0.21074621379375458,8.908787727355957,3.5972727346234024e-05,0.34205546975135803
1930,47.62585034013605,49,48,0.9662585034013605,-0.8598793745040894,15.904141426086426,3.596911847125739e-05,2.094322919845581
1931,-5.702127659574469,94,83,0.8829787234042553,-0.6315710544586182,15.502448081970215,3.563935024430975e-05,1.02471125125885
1932,-5.702127659574463,94,83,0.8829787234042553,-0.6154830455780029,15.26736068725586,3.560168988769874e-05,0.554635763168335
1933,59.33333333333334,24,20,0.8333333333333334,-1.5811306238174438,53.428253173828125,3.752646443899721e-05,6.021965503692627
1934,-7.631578947368411,95,83,0.8736842105263158,-0.48407432436943054,15.739574432373047,3.670738442451693e-05,0.8512939214706421
1935,40.95652173913042,46,40,0.8695652173913043,-0.19839662313461304,28.238483428955078,3.679441942949779e-05,1.0449390411376953
1936,-5.71844660194175,103,101,0.9728155339805825,-0.4245428740978241,9.811234474182129,3.6669964174507186e-05,0.41467851400375366
1937,-109.93269230769232,208,204,0.9806730769230769,-0.0993494987487793,5.068300247192383,3.2987038139253855e-05,0.11650176346302032
1938,63.95652173913043,23,20,0.8695652173913043,-0.1200270876288414,46.659515380859375,3.231158552807756e-05,0.4702725410461426
1939,63.95652173913043,23,20,0.8695652173913043,-0.6249380707740784,46.11832046508789,3.2363375794375315e-05,1.0201711654663086
1940,-9.541666666666664,96,83,0.8645833333333334,-0.3076690435409546,13.765812873840332,3.2378360629081726e-05,0.4503438174724579
1941,-100.66834170854271,199,196,0.9833165829145729,0.1277640461921692,6.23183012008667,3.23776293953415e-05,0.2592998445034027
1942,59.33333333333334,24,20,0.8333333333333334,0.146693617105484,49.92933654785156,3.2179807021748275e-05,0.0658101886510849
1943,40.95652173913043,46,40,0.8695652173913043,0.5600058436393738,29.491357803344727,3.117854430456646e-05,2.2724976539611816
1944,63.956521739130444,23,20,0.8695652173913043,0.2887178659439087,57.206356048583984,3.123959686490707e-05,1.089165449142456
1945,-8.937694704049841,107,106,0.9806230529595016,-0.01590363308787346,10.888203620910645,3.1202253012452275e-05,0.3371036946773529
1946,63.95652173913043,23,20,0.8695652173913043,1.0008279085159302,54.707275390625,3.147974712192081e-05,3.1729202270507812
1947,46.73333333333333,50,49,0.9673333333333334,0.07528157532215118,18.059980392456055,2.9148739486117847e-05,0.16099296510219574
1948,-7.631578947368418,95,83,0.8736842105263158,-0.4569355547428131,14.702086448669434,2.9234470275696367e-05,1.3938875198364258
1949,63.95652173913043,23,20,0.8695652173913043,0.037139203399419785,55.57549285888672,2.9120068575139157e-05,0.7954562902450562
1950,-9.54166666666667,96,83,0.8645833333333334,-0.5508254170417786,15.003700256347656,2.9187182008172385e-05,1.1785783767700195
1951,40.95652173913044,46,40,0.8695652173913043,-0.8133025169372559,30.454294204711914,2.9830072890035808e-05,3.6091599464416504
1952,40.95652173913044,46,40,0.8695652173913043,0.2372472584247589,29.537405014038086,2.9840719435014762e-05,0.9985673427581787
1953,47.62585034013605,49,48,0.9662585034013605,-0.1614329218864441,18.777803421020508,2.9967974114697427e-05,1.919421672821045
1954,43.888888888888886,45,40,0.8888888888888888,0.18432487547397614,28.470436096191406,2.9852822990505956e-05,0.058233704417943954
1955,46.75163398692809,51,51,0.977516339869281,-0.07012654840946198,17.344600677490234,2.9577940949820913e-05,0.8194276094436646
1956,-9.54166666666666,96,83,0.8645833333333334,-0.20697027444839478,14.45729923248291,2.9627937692566775e-05,1.4459344148635864
1957,46.626666666666665,50,49,0.9662666666666667,-0.3252316415309906,17.384449005126953,2.947290522570256e-05,0.8726330399513245
1958,-4.915857605178003,103,102,0.98084142394822,-0.38209643959999084,10.092368125915527,2.9439977879519574e-05,0.7417036294937134
1959,-7.631578947368421,95,83,0.8736842105263158,-0.49514469504356384,18.028778076171875,2.952482464024797e-05,1.2023897171020508
1960,-5.718446601941759,103,101,0.9728155339805825,-0.37247565388679504,8.210102081298828,2.8790467695216648e-05,0.6968516707420349
1961,-5.7021276595744705,94,83,0.8829787234042553,-0.5063591003417969,15.326323509216309,2.879481326090172e-05,0.31410831212997437
1962,47.62585034013605,49,48,0.9662585034013605,-0.26632753014564514,17.14507484436035,2.8167172786197625e-05,1.2708179950714111
1963,-4.592233009708748,103,102,0.9840776699029126,0.2601624131202698,12.927674293518066,2.8167045456939377e-05,0.23632372915744781
1964,59.333333333333336,24,20,0.8333333333333334,-2.2309927940368652,57.807491302490234,3.3093601814471185e-05,9.2373628616333
1965,-9.541666666666659,96,83,0.8645833333333334,-0.25496193766593933,15.61747932434082,3.308046143501997e-05,0.18582867085933685
1966,-9.541666666666668,96,83,0.8645833333333334,-0.3927418887615204,15.918834686279297,3.201146319042891e-05,0.04837853088974953
1967,-104.76026272577998,203,200,0.9823973727422003,-0.24693602323532104,5.696225643157959,3.1888910598354414e-05,0.47623947262763977
1968,43.888888888888886,45,40,0.8888888888888888,-0.33735933899879456,29.133520126342773,3.1845764169702306e-05,0.14368651807308197
1969,63.95652173913043,23,20,0.8695652173913043,0.5294192433357239,44.29731369018555,3.294247289886698e-05,4.099696159362793
1970,40.95652173913044,46,40,0.8695652173913043,0.24515344202518463,33.85063171386719,3.356215893290937e-05,3.0424017906188965
1971,38.1063829787234,47,40,0.851063829787234,-0.7706244587898254,31.05501937866211,3.35480690409895e-05,1.8401525020599365
1972,-102.70149253731344,201,198,0.9829850746268657,-0.3044264614582062,4.2574687004089355,3.207345798728056e-05,0.2408091425895691
1973,43.893081761006286,53,52,0.9689308176100629,-0.0205512847751379,22.712568283081055,3.2074905902845785e-05,0.4335421919822693
1974,-4.254901960784321,102,100,0.9774509803921568,0.5726922750473022,13.330657005310059,3.208222915418446e-05,0.4658709168434143
1975,-4.59223300970875,103,102,0.9840776699029126,0.5742923617362976,14.086308479309082,3.204815948265605e-05,0.35717159509658813
1976,63.95652173913043,23,20,0.8695652173913043,0.11021248996257782,56.686248779296875,2.9852646548533812e-05,1.4874976873397827
1977,-11.432989690721659,97,83,0.8556701030927835,-0.9380549192428589,15.275311470031738,2.9349577744142152e-05,2.6826226711273193
1978,-105.54575163398692,204,201,0.9845424836601308,-0.38469037413597107,4.2820587158203125,2.922539169958327e-05,0.4377199709415436
1979,-9.541666666666668,96,83,0.8645833333333334,-0.8985380530357361,14.67457103729248,2.926005436165724e-05,1.0258913040161133
1980,-4.915857605178003,103,102,0.98084142394822,-0.6973442435264587,13.545957565307617,2.9115490178810433e-05,0.9026632308959961
1981,-5.718446601941752,103,101,0.9728155339805825,-0.5217049717903137,8.147278785705566,2.895823126891628e-05,0.08151988685131073
1982,63.95652173913044,23,20,0.8695652173913043,0.9543989896774292,40.862335205078125,3.007123632414732e-05,4.412938117980957
1983,63.95652173913043,23,20,0.8695652173913043,-0.2151317000389099,48.5068473815918,2.9499809897970408e-05,0.6235817670822144
1984,63.95652173913043,23,20,0.8695652173913043,-1.9662672281265259,57.94253921508789,3.4157692425651476e-05,9.734131813049316
1985,63.95652173913043,23,20,0.8695652173913043,1.0054795742034912,56.8817138671875,3.446107075433247e-05,2.181800603866577
1986,63.95652173913044,23,20,0.8695652173913043,-1.11355459690094,59.66201400756836,3.693771577673033e-05,6.533454418182373
1987,43.88888888888888,45,40,0.8888888888888888,0.1748718023300171,29.379379272460938,3.570239641703665e-05,0.32004278898239136
1988,-7.631578947368423,95,83,0.8736842105263158,-0.2431471198797226,15.594758987426758,3.5674624086823314e-05,0.015147420577704906
1989,47.266666666666666,50,49,0.9726666666666667,0.3715417683124542,18.16194725036621,3.567440580809489e-05,0.25173047184944153
1990,59.33333333333334,24,20,0.8333333333333334,0.22361771762371063,38.516517639160156,3.6100031138630584e-05,2.5057101249694824
1991,46.46153846153847,52,52,0.9846153846153847,-0.8754968643188477,21.279510498046875,3.635765824583359e-05,2.2081048488616943
1992,46.75163398692809,51,51,0.977516339869281,-0.15876151621341705,15.173043251037598,3.636198744061403e-05,1.190264105796814
1993,-9.541666666666666,96,83,0.8645833333333334,0.08241908997297287,16.115087509155273,3.645828110165894e-05,1.1920044422149658
1994,43.888888888888886,45,40,0.8888888888888888,-0.01512395590543747,29.13846778869629,3.64018815162126e-05,0.3724449872970581
1995,40.95652173913044,46,40,0.8695652173913043,0.6415709257125854,28.97867202758789,3.637537520262413e-05,2.7424941062927246
1996,63.95652173913043,23,20,0.8695652173913043,0.2644837200641632,52.6397819519043,3.596596798161045e-05,0.8820520043373108
1997,-6.480769230769236,104,102,0.9751923076923077,-0.14787250757217407,11.094693183898926,3.5965094866696745e-05,0.19359369575977325
1998,-109.93269230769232,208,204,0.9806730769230769,-0.2772078216075897,5.802347183227539,3.5675497201737016e-05,0.45826584100723267
1999,-7.631578947368424,95,83,0.8736842105263158,-0.23878030478954315,15.047138214111328,3.4033266274491325e-05,0.3513994812965393
2000,-7.6315789473684195,95,83,0.8736842105263158,-0.22564943134784698,14.888856887817383,3.407460462767631e-05,0.7629231810569763
2001,40.95652173913044,46,40,0.8695652173913043,0.45870333909988403,26.47889518737793,3.4903943742392585e-05,3.5214638710021973
2002,-7.631578947368415,95,83,0.8736842105263158,-0.5168619751930237,15.082174301147461,3.465442205197178e-05,0.27693140506744385
2003,46.461538461538474,52,52,0.9846153846153847,-0.8336635231971741,17.745573043823242,3.3481243008282036e-05,0.4103560149669647
2004,-9.541666666666668,96,83,0.8645833333333334,-0.7178019881248474,14.936695098876953,3.1757863325765356e-05,1.2392569780349731
2005,-7.631578947368409,95,83,0.8736842105263158,-0.17124414443969727,14.188840866088867,3.0471170248347335e-05,0.564915120601654
2006,47.62585034013605,49,48,0.9662585034013605,-0.4421044588088989,15.805501937866211,3.0510756914736703e-05,0.8053194284439087
2007,47.266666666666666,50,49,0.9726666666666667,1.0412992238998413,16.950828552246094,3.0905339372111484e-05,2.538123607635498
2008,46.733333333333334,50,49,0.9673333333333334,0.09463444352149963,17.252758026123047,3.096013824688271e-05,0.7983877658843994
2009,-104.76026272577997,203,200,0.9823973727422003,-0.25778117775917053,4.251957416534424,3.095666761510074e-05,0.11150438338518143
2010,46.46153846153847,52,52,0.9846153846153847,-0.21276819705963135,23.127368927001953,3.1002269679447636e-05,1.0688215494155884
2011,63.95652173913044,23,20,0.8695652173913043,-1.156453013420105,52.269981384277344,3.418779670028016e-05,7.381476402282715
2012,-4.254901960784322,102,100,0.9774509803921568,0.0673653706908226,8.9985933303833,3.360334085300565e-05,0.608056366443634
2013,-3.4224422442244284,101,99,0.9757755775577558,-0.5684390664100647,8.194620132446289,3.378110704943538e-05,1.9488779306411743
2014,-8.937694704049846,107,106,0.9806230529595016,-0.45781761407852173,9.897504806518555,3.354120781295933e-05,0.17617091536521912
2015,46.46153846153847,52,52,0.9846153846153847,-0.6931650638580322,27.593751907348633,3.3533029636600986e-05,1.4526963233947754
2016,40.95652173913043,46,40,0.8695652173913043,-0.8842776417732239,31.44303321838379,3.374207153683528e-05,2.1243557929992676
2017,-110.85964912280703,209,206,0.9814035087719298,-0.5177034139633179,3.785954236984253,3.374466541572474e-05,0.06341324001550674
2018,-105.44117647058825,204,202,0.9855882352941177,-0.46854931116104126,5.525126934051514,3.302786353742704e-05,0.6286446452140808
2019,-9.54166666666667,96,83,0.8645833333333334,-0.8671771883964539,19.06473731994629,3.327224840177223e-05,2.5185484886169434
2020,46.733333333333334,50,49,0.9673333333333334,0.49288174510002136,16.070411682128906,3.3323554816888645e-05,1.3245723247528076
2021,-109.40064102564104,208,206,0.9859935897435897,-0.44897428154945374,3.846982955932617,3.3116870326921344e-05,1.0309158563613892
2022,-102.70149253731344,201,198,0.9829850746268657,-0.3314075469970703,4.853626251220703,3.228470086469315e-05,0.3787582814693451
2023,-7.631578947368418,95,83,0.8736842105263158,-0.16759198904037476,17.391284942626953,3.1274303182726726e-05,0.6482633948326111
2024,43.893081761006286,53,52,0.9689308176100629,0.4757687747478485,21.77822494506836,3.116518564638682e-05,1.0726381540298462
2025,-7.1079365079365076,105,104,0.978920634920635,-0.25533753633499146,8.50418472290039,3.113160710199736e-05,0.6364105343818665
2026,-105.54575163398694,204,201,0.9845424836601308,-0.24815642833709717,4.194158554077148,3.123516944469884e-05,1.3179038763046265
2027,-104.76026272577998,203,200,0.9823973727422003,-0.3954418897628784,4.168604850769043,3.1259129173122346e-05,2.0590052604675293
2028,46.733333333333334,50,49,0.9673333333333334,0.7835819125175476,14.508158683776855,3.191422001691535e-05,3.3394217491149902
2029,-9.541666666666657,96,83,0.8645833333333334,-0.752225399017334,14.050376892089844,3.201047729817219e-05,1.460606336593628
2030,48.68707482993197,49,48,0.9768707482993197,-0.04204921796917915,18.7305850982666,3.196678153472021e-05,1.8220409154891968
2031,63.95652173913042,23,20,0.8695652173913043,0.5560073256492615,52.8916130065918,3.909674705937505e-05,10.718746185302734
2032,-4.915857605178,103,102,0.98084142394822,-0.3476610779762268,7.565740585327148,3.908724829670973e-05,0.27316978573799133
2033,-4.2549019607843235,102,100,0.9774509803921568,-0.31800973415374756,9.500795364379883,3.757468584808521e-05,3.2419140338897705
2034,59.33333333333334,24,20,0.8333333333333334,0.059865765273571014,50.519874572753906,3.881150405504741e-05,4.613016128540039
2035,-100.66834170854271,199,196,0.9833165829145729,-0.29250407218933105,4.7097554206848145,3.941596514778212e-05,3.289205551147461
2036,46.46153846153846,52,52,0.9846153846153847,-0.0695154070854187,24.313039779663086,3.941413524444215e-05,0.50226891040802
2037,40.95652173913043,46,40,0.8695652173913043,0.04943371191620827,33.104766845703125,3.941203613067046e-05,0.02307591401040554
2038,-104.18811881188118,202,198,0.9781188118811881,-0.6390008926391602,7.568570613861084,3.939818634535186e-05,0.4396522343158722
2039,46.75163398692809,51,51,0.977516339869281,0.13896982371807098,18.15228843688965,3.934947744710371e-05,0.2717585861682892
2040,40.95652173913043,46,40,0.8695652173913043,0.18885406851768494,30.42506980895996,3.9458336686948314e-05,1.3327447175979614
2041,-9.541666666666668,96,83,0.8645833333333334,-0.29245519638061523,12.897147178649902,4.5295779273146763e-05,9.745529174804688
2042,-110.85964912280703,209,206,0.9814035087719298,-0.5162827372550964,4.368838310241699,4.608212475432083e-05,3.5314724445343018
2043,-7.631578947368421,95,83,0.8736842105263158,-0.6940016746520996,14.711531639099121,4.576760693453252e-05,0.7321970462799072
2044,-3.4224422442244267,101,99,0.9757755775577558,-0.564642608165741,8.210083961486816,4.572591569740325e-05,0.8391157388687134
2045,-3.359477124183006,102,101,0.9864052287581699,-0.31480056047439575,11.486040115356445,4.575377170112915e-05,0.5909016728401184
2046,-109.40064102564102,208,206,0.9859935897435897,-0.49490663409233093,4.1694769859313965,4.508245547185652e-05,0.13266746699810028
2047,-7.631578947368409,95,83,0.8736842105263158,-0.4812297224998474,16.201396942138672,4.527265264187008e-05,1.8435475826263428
2048,38.1063829787234,47,40,0.851063829787234,-0.4793265163898468,31.78631019592285,4.539907240541652e-05,2.0021543502807617
2049,49.02721088435374,49,49,0.9802721088435374,-0.8765349388122559,19.796157836914062,4.686609827331267e-05,5.159257411956787
2050,47.299319727891145,49,48,0.9629931972789115,0.9448758363723755,22.9420108795166,4.762960088555701e-05,3.4890315532684326
2051,49.36879432624113,47,46,0.9636879432624114,1.2963228225708008,23.36678123474121,4.813975465367548e-05,4.401877403259277
2052,-5.702127659574469,94,83,0.8829787234042553,-0.4536953270435333,17.20913314819336,4.819420428248122e-05,1.5508111715316772
2053,63.95652173913042,23,20,0.8695652173913043,0.8991872668266296,56.43790817260742,4.901961801806465e-05,4.076898574829102
2054,48.68707482993197,49,48,0.9768707482993197,-0.48941171169281006,22.30537223815918,4.982974496670067e-05,3.7424604892730713
2055,-7.631578947368417,95,83,0.8736842105263158,-0.02757149375975132,16.71450424194336,4.991383320884779e-05,1.239583134651184
2056,40.95652173913044,46,40,0.8695652173913043,-0.8405064344406128,28.24994659423828,5.010155655327253e-05,2.4827752113342285
2057,40.95652173913042,46,40,0.8695652173913043,0.3720260560512543,38.623470306396484,5.0593691412359476e-05,2.862374782562256
2058,48.10204081632652,49,48,0.9710204081632653,-0.18008938431739807,19.687841415405273,5.054752909927629e-05,0.002374117262661457
2059,40.95652173913044,46,40,0.8695652173913043,-0.3538905084133148,29.00235366821289,5.0436028686817735e-05,0.07490496337413788
2060,-7.6315789473684115,95,83,0.8736842105263158,-0.5480259656906128,14.992071151733398,5.0454491429263726e-05,0.9233347177505493
2061,38.1063829787234,47,40,0.851063829787234,-1.2156167030334473,30.6027889251709,5.142610098118894e-05,4.14520263671875
2062,-4.254901960784322,102,100,0.9774509803921568,0.45067039132118225,10.655593872070312,5.139355198480189e-05,1.0754355192184448
2063,63.95652173913043,23,20,0.8695652173913043,-0.09237251430749893,50.9639892578125,5.169272480998188e-05,2.0228822231292725
2064,63.95652173913043,23,20,0.8695652173913043,-0.647853672504425,51.1597785949707,4.684378654928878e-05,2.1703689098358154
2065,40.95652173913044,46,40,0.8695652173913043,0.2791573107242584,29.33040428161621,4.701445868704468e-05,1.594965934753418
2066,40.95652173913044,46,40,0.8695652173913043,-0.48248791694641113,27.877347946166992,4.7092020395211875e-05,1.2141145467758179
2067,40.95652173913043,46,40,0.8695652173913043,0.13706058263778687,29.035032272338867,4.7285248001571745e-05,1.7686253786087036
2068,-102.70149253731344,201,198,0.9829850746268657,0.008174095302820206,7.384467601776123,4.7296918637584895e-05,0.5250129699707031
2069,-4.533980582524272,103,102,0.9846601941747573,-0.39390650391578674,9.256599426269531,4.624365465133451e-05,0.9241396188735962
2070,59.33333333333334,24,20,0.8333333333333334,-0.6132770776748657,55.9078483581543,4.562503090710379e-05,0.598389744758606
2071,-9.541666666666664,96,83,0.8645833333333334,-0.24393855035305023,14.966211318969727,4.546854688669555e-05,0.35476645827293396
2072,-104.1881188118812,202,198,0.9781188118811881,-0.06934107095003128,7.638251304626465,4.5502765715355054e-05,0.9057933688163757
2073,-105.46732026143792,204,202,0.9853267973856209,0.2002539187669754,8.486369132995605,4.550761514110491e-05,0.5510938763618469
2074,-7.631578947368411,95,83,0.8736842105263158,0.1674950271844864,18.435832977294922,4.5510871132137254e-05,0.5071367621421814
2075,-105.44117647058825,204,202,0.9855882352941177,0.25354042649269104,7.630356788635254,4.5501652493840083e-05,0.5148826837539673
2076,43.893081761006286,53,52,0.9689308176100629,0.3704981803894043,23.816200256347656,4.53953689429909e-05,0.019078120589256287
2077,59.33333333333333,24,20,0.8333333333333334,-0.42762821912765503,57.125003814697266,4.571091994876042e-05,3.548093318939209
2078,-7.631578947368412,95,83,0.8736842105263158,-0.8823301792144775,16.474390029907227,4.6270230086520314e-05,3.2005319595336914
2079,-6.480769230769239,104,102,0.9751923076923077,-0.4496264159679413,11.292346000671387,4.62420066469349e-05,0.6811990737915039
2080,47.26666666666667,50,49,0.9726666666666667,0.466134637594223,16.470966339111328,4.621255720849149e-05,0.020350946113467216
2081,48.10204081632653,49,48,0.9710204081632653,-0.11572476476430893,20.010211944580078,4.6296448999783024e-05,1.021484136581421
2082,47.299319727891145,49,48,0.9629931972789115,-0.08578053116798401,17.85304832458496,4.502744195633568e-05,0.566083550453186
2083,49.027210884353735,49,49,0.9802721088435374,-0.511489987373352,16.010868072509766,4.498612179304473e-05,0.3758653998374939
2084,-5.961538461538461,104,103,0.9803846153846154,-0.27865639328956604,7.872114658355713,3.935418862965889e-05,0.17516393959522247
2085,-9.541666666666657,96,83,0.8645833333333334,-0.8008653521537781,16.75746726989746,3.9069829654181376e-05,0.9969156384468079
2086,-9.541666666666664,96,83,0.8645833333333334,-0.08612625300884247,15.124467849731445,3.6753186577698216e-05,1.8132272958755493
2087,-104.76026272577997,203,200,0.9823973727422003,-0.6751773953437805,4.9869914054870605,3.6752524465555325e-05,0.4457669258117676
2088,-9.541666666666664,96,83,0.8645833333333334,-0.6580113172531128,17.4763240814209,3.6980927689000964e-05,2.0118110179901123
2089,46.46153846153847,52,52,0.9846153846153847,0.6648846864700317,36.52909469604492,3.698496948345564e-05,0.21046927571296692
2090,-5.7021276595744705,94,83,0.8829787234042553,-0.4786338210105896,16.363422393798828,3.659542926470749e-05,0.8113178014755249
2091,-9.541666666666657,96,83,0.8645833333333334,-0.5445125699043274,13.786784172058105,3.63249346264638e-05,0.03785483166575432
2092,63.95652173913042,23,20,0.8695652173913043,0.03340104594826698,53.42110061645508,3.6367633583722636e-05,1.2926208972930908
2093,47.13333333333333,50,49,0.9713333333333334,-0.22319470345973969,26.682750701904297,3.62927712558303e-05,0.5538796782493591
2094,-9.54166666666666,96,83,0.8645833333333334,-0.32762977480888367,12.58667278289795,3.6521258152788505e-05,1.8780211210250854
2095,63.95652173913043,23,20,0.8695652173913043,0.6355459690093994,53.519893646240234,3.648018173407763e-05,2.6209657192230225
2096,47.266666666666666,50,49,0.9726666666666667,1.1567423343658447,19.513643264770508,3.680783265735954e-05,2.435318946838379
2097,-9.541666666666664,96,83,0.8645833333333334,-1.076512098312378,13.262344360351562,3.6852223274763674e-05,0.9345685243606567
2098,43.888888888888886,45,40,0.8888888888888888,-0.1501520425081253,35.484954833984375,3.685268166009337e-05,0.36177173256874084
2099,47.62585034013605,49,48,0.9662585034013605,-0.9067807793617249,15.591500282287598,3.6977686249883845e-05,1.530311942100525
2100,59.33333333333334,24,20,0.8333333333333334,-1.4278068542480469,54.48802185058594,3.798386751441285e-05,4.218133926391602
2101,-5.961538461538469,104,103,0.9803846153846154,-0.3361606001853943,9.236013412475586,3.7164609238971025e-05,0.06889301538467407
2102,63.95652173913043,23,20,0.8695652173913043,-1.3459936380386353,59.4294319152832,3.906483470927924e-05,5.729312419891357
2103,-9.54166666666666,96,83,0.8645833333333334,-0.7463720440864563,14.834107398986816,3.923530312022194e-05,1.8849602937698364
2104,40.95652173913044,46,40,0.8695652173913043,0.767554759979248,32.01519012451172,3.9534592360723764e-05,2.237478256225586
2105,-9.541666666666663,96,83,0.8645833333333334,-0.4308396875858307,14.616955757141113,3.950852624257095e-05,0.5665040612220764
2106,46.7516339869281,51,51,0.977516339869281,0.661780059337616,21.895252227783203,3.969515091739595e-05,1.8039748668670654
2107,-9.541666666666655,96,83,0.8645833333333334,-0.39466986060142517,13.582552909851074,3.9241855120053515e-05,0.13699914515018463
2108,59.333333333333336,24,20,0.8333333333333334,-0.6313098073005676,62.252532958984375,3.9323575037997216e-05,1.7559658288955688
2109,43.893081761006286,53,52,0.9689308176100629,-0.21634258329868317,21.80158233642578,3.935920540243387e-05,0.5821956396102905
2110,-7.107936507936506,105,104,0.978920634920635,-0.8206348419189453,10.437140464782715,3.931553874281235e-05,0.3058885335922241
2111,40.95652173913042,46,40,0.8695652173913043,-0.16207560896873474,29.897794723510742,3.6227196687832475e-05,1.4545117616653442
2112,-9.541666666666663,96,83,0.8645833333333334,-0.6491101384162903,14.132515907287598,3.638264024630189e-05,1.814958095550537
2113,63.95652173913044,23,20,0.8695652173913043,0.379300594329834,62.991607666015625,3.6220164474798366e-05,0.9016784429550171
2114,43.893081761006286,53,52,0.9689308176100629,-0.1915624737739563,23.116931915283203,3.642214142018929e-05,2.0165531635284424
2115,63.95652173913043,23,20,0.8695652173913043,0.35188788175582886,52.780704498291016,3.625563476816751e-05,0.22775770723819733
2116,-9.541666666666663,96,83,0.8645833333333334,-0.7194483280181885,14.18563461303711,3.608891711337492e-05,1.2035778760910034
2117,47.266666666666666,50,49,0.9726666666666667,0.9824889302253723,21.73123550415039,3.638693306129426e-05,2.023716688156128
2118,63.95652173913044,23,20,0.8695652173913043,-0.2079639434814453,46.171695709228516,3.637468762462959e-05,0.012515604496002197
2119,40.95652173913043,46,40,0.8695652173913043,-0.19312693178653717,29.992341995239258,3.6046403693035245e-05,0.38263237476348877
2120,63.95652173913044,23,20,0.8695652173913043,0.22177401185035706,50.5780143737793,3.595097950892523e-05,0.6303609609603882
2121,-104.9376026272578,203,200,0.980623973727422,-0.5659855008125305,6.201639652252197,3.590958658605814e-05,0.3194252848625183
2122,-9.541666666666666,96,83,0.8645833333333334,-0.45074933767318726,15.134417533874512,3.590913183870725e-05,0.34666797518730164
2123,63.95652173913042,23,20,0.8695652173913043,0.3360480070114136,54.64940643310547,3.591203858377412e-05,0.4301808476448059
2124,-110.85964912280703,209,206,0.9814035087719298,-0.3081790804862976,4.45551872253418,3.6061563150724396e-05,1.9610098600387573
2125,-106.9479674796748,205,202,0.980520325203252,-0.38573622703552246,4.592718124389648,3.6048480978934094e-05,0.07449175417423248
2126,63.95652173913043,23,20,0.8695652173913043,0.058264609426259995,49.36521530151367,3.61120437446516e-05,1.5022180080413818
2127,40.95652173913044,46,40,0.8695652173913043,0.36957135796546936,29.21820068359375,3.6013880162499845e-05,1.5007237195968628
2128,-3.359477124183011,102,101,0.9864052287581699,-0.04031197726726532,10.647034645080566,3.529118839651346e-05,0.3299059569835663
2129,63.95652173913043,23,20,0.8695652173913043,-0.11224403977394104,37.55936813354492,3.518336234265007e-05,0.08781584352254868
2130,-9.54166666666666,96,83,0.8645833333333334,-0.2952876687049866,16.147005081176758,3.499845843180083e-05,0.2889431118965149
2131,-7.6315789473684275,95,83,0.8736842105263158,0.15798619389533997,14.29369831085205,2.8070027838111855e-05,1.9514858722686768
2132,-11.43298969072165,97,83,0.8556701030927835,-0.5098602771759033,15.057613372802734,2.8120239221607335e-05,1.0414552688598633
2133,63.95652173913044,23,20,0.8695652173913043,-0.4812788665294647,50.42264175415039,2.7763817342929542e-05,2.1109108924865723
2134,-2.953795379537957,101,100,0.9804620462046204,0.049762047827243805,8.27527141571045,2.6438754503033124e-05,0.6052990555763245
2135,-2.81518151815183,101,100,0.9818481848184818,0.3771546483039856,9.043091773986816,2.580328145995736e-05,0.007579040247946978
2136,-9.541666666666671,96,83,0.8645833333333334,0.23289243876934052,13.069414138793945,2.604238579806406e-05,1.9330822229385376
2137,40.95652173913043,46,40,0.8695652173913043,0.31164684891700745,29.494171142578125,2.6101217372342944e-05,0.8748370409011841
2138,40.95652173913044,46,40,0.8695652173913043,0.4698683023452759,33.94534683227539,2.6416671971674077e-05,2.1894052028656006
2139,47.133333333333326,50,49,0.9713333333333334,-0.7208338975906372,20.151416778564453,2.715080881898757e-05,3.5542001724243164
2140,40.95652173913042,46,40,0.8695652173913043,-0.894054114818573,25.981151580810547,2.7949199647991918e-05,4.030760288238525
2141,-5.718446601941757,103,101,0.9728155339805825,-0.08469582349061966,8.603676795959473,2.2113636077847332e-05,0.5313679575920105
2142,40.95652173913043,46,40,0.8695652173913043,-0.0007532914751209319,28.376903533935547,2.1352556359488517e-05,0.12089668214321136
2143,63.95652173913044,23,20,0.8695652173913043,0.7251616716384888,47.1486701965332,2.265263901790604e-05,4.496161937713623
2144,-9.541666666666659,96,83,0.8645833333333334,-0.29740646481513977,12.55992603302002,2.2625705241807736e-05,0.41836124658584595
2145,63.95652173913043,23,20,0.8695652173913043,1.187645673751831,46.17962646484375,2.411202876828611e-05,4.845229148864746
2146,-7.63157894736842,95,83,0.8736842105263158,-0.5225921273231506,14.331857681274414,2.4184444555430673e-05,1.1931034326553345
2147,-9.54166666666667,96,83,0.8645833333333334,-0.09903088212013245,12.585297584533691,2.4070670406217687e-05,1.106446623802185
2148,-7.63157894736842,95,83,0.8736842105263158,-0.5549964308738708,16.489765167236328,2.3931330360937864e-05,1.2993425130844116
2149,49.36879432624113,47,46,0.9636879432624114,-0.09655733406543732,21.492996215820312,2.24326486204518e-05,1.3285168409347534
2150,63.95652173913043,23,20,0.8695652173913043,0.042597487568855286,47.663963317871094,2.1663572624674998e-05,0.42073845863342285
2151,63.95652173913043,23,20,0.8695652173913043,-0.1939530372619629,49.743919372558594,2.0435036276467144e-05,0.7567177414894104
2152,63.95652173913044,23,20,0.8695652173913043,0.39534011483192444,47.994239807128906,2.045998553512618e-05,1.4390349388122559
2153,63.95652173913044,23,20,0.8695652173913043,-1.2427582740783691,41.70134353637695,2.0568615582305938e-05,4.584377765655518
2154,-11.432989690721648,97,83,0.8556701030927835,-0.36591869592666626,12.538239479064941,1.9792003513430245e-05,0.16603536903858185
2155,-5.702127659574469,94,83,0.8829787234042553,-0.4600796103477478,13.58270263671875,1.9677248928928748e-05,0.4964387118816376
2156,-7.631578947368411,95,83,0.8736842105263158,-0.5689765214920044,15.07573127746582,1.9375840565771796e-05,0.8569142818450928
2157,-110.85964912280701,209,206,0.9814035087719298,0.0913933515548706,5.281623363494873,1.881486787169706e-05,0.1390315145254135
2158,47.62585034013605,49,48,0.9662585034013605,-0.27018505334854126,14.425529479980469,1.8854703739634715e-05,0.7671067714691162
2159,63.95652173913044,23,20,0.8695652173913043,0.5673084259033203,39.95586395263672,1.8959754015668295e-05,1.1334079504013062
2160,-100.66834170854271,199,196,0.9833165829145729,-0.04225675389170647,4.564406871795654,1.8925833501270972e-05,0.012609635479748249
2161,38.10638297872341,47,40,0.851063829787234,0.8326601982116699,30.40422248840332,1.8940347217721865e-05,3.932868480682373
2162,46.75163398692809,51,51,0.977516339869281,0.052021123468875885,16.228240966796875,1.8862332581193186e-05,0.38196825981140137
2163,-9.541666666666657,96,83,0.8645833333333334,-0.6689223051071167,15.284111976623535,1.8628377802087925e-05,0.9769440293312073
2164,46.46153846153847,52,52,0.9846153846153847,-0.41860145330429077,20.81056022644043,1.84307609742973e-05,1.1186490058898926
2165,63.95652173913043,23,20,0.8695652173913043,-0.3718237578868866,49.66925811767578,1.8407330571790226e-05,1.4798897504806519
2166,63.95652173913044,23,20,0.8695652173913043,1.641211748123169,68.15946960449219,2.2810123482486233e-05,8.463652610778809
2167,-7.631578947368418,95,83,0.8736842105263158,-0.24019759893417358,13.56930923461914,2.26151696551824e-05,0.21528345346450806
2168,47.299319727891145,49,48,0.9629931972789115,0.27991268038749695,25.933197021484375,2.272699748573359e-05,1.4712271690368652
2169,63.95652173913043,23,20,0.8695652173913043,0.13462595641613007,56.176788330078125,2.2869622625876218e-05,1.8037785291671753
2170,63.95652173913043,23,20,0.8695652173913043,-1.9684454202651978,57.149654388427734,2.7967107598669827e-05,9.205362319946289
2171,-5.961538461538462,104,103,0.9803846153846154,-0.17597796022891998,7.652002334594727,2.7981117455055937e-05,0.5477891564369202
2172,-4.9158576051780045,103,102,0.98084142394822,-0.32560232281684875,11.863727569580078,2.8038755772286095e-05,1.1155035495758057
2173,49.02721088435374,49,49,0.9802721088435374,-1.138043761253357,19.5319881439209,2.8423428375390358e-05,2.6614723205566406
2174,-9.541666666666668,96,83,0.8645833333333334,-1.2247761487960815,19.46474266052246,2.8560261853272095e-05,1.77736234664917
2175,-9.541666666666666,96,83,0.8645833333333334,-0.7010682821273804,15.956355094909668,2.857636718545109e-05,0.4695330858230591
2176,-110.85964912280701,209,206,0.9814035087719298,-0.47623080015182495,5.767420768737793,2.8578806450241245e-05,0.12202338129281998
2177,-7.631578947368416,95,83,0.8736842105263158,-0.4563187062740326,15.366901397705078,2.786150980682578e-05,0.26824262738227844
2178,-7.631578947368416,95,83,0.8736842105263158,-0.48808711767196655,15.353425979614258,2.729691914282739e-05,0.7530693411827087
2179,-9.043613707165111,107,105,0.979563862928349,0.0049222721718251705,8.439677238464355,2.727969149418641e-05,0.18014918267726898
2180,-5.718446601941755,103,101,0.9728155339805825,0.2793421745300293,11.683050155639648,2.7310499717714265e-05,0.6334705352783203
2181,46.564102564102555,52,52,0.9856410256410256,-0.4396097958087921,20.443880081176758,2.7574726118473336e-05,2.4479005336761475
2182,-2.8151815181518267,101,100,0.9818481848184818,0.14669238030910492,8.25581169128418,2.7550353479455225e-05,0.3841911256313324
2183,46.73333333333333,50,49,0.9673333333333334,-0.3115359842777252,15.752586364746094,2.767841942841187e-05,1.5908209085464478
2184,-105.4673202614379,204,202,0.9853267973856209,-0.41637110710144043,4.690373420715332,2.767275509540923e-05,0.2056283801794052
2185,-109.40064102564104,208,206,0.9859935897435897,-0.5919430255889893,5.450534820556641,2.7631002012640238e-05,0.13244308531284332
2186,49.027210884353735,49,49,0.9802721088435374,-0.3870484232902527,18.062923431396484,2.740673880907707e-05,0.257440984249115
2187,-9.541666666666664,96,83,0.8645833333333334,-0.6620072722434998,15.32238483428955,2.7410214897827245e-05,0.2494722604751587
2188,-5.718446601941745,103,101,0.9728155339805825,-0.23594160377979279,7.830422401428223,2.7215099180466495e-05,0.5116592049598694
2189,-7.107936507936503,105,104,0.978920634920635,-0.41367781162261963,8.712671279907227,2.7233760192757472e-05,0.5282978415489197
2190,46.75163398692809,51,51,0.977516339869281,0.17289181053638458,17.88042449951172,2.7203081117477268e-05,0.04055853188037872
2191,-9.541666666666668,96,83,0.8645833333333334,-0.3281604051589966,14.237767219543457,2.7203024728805758e-05,0.15316085517406464
2192,43.893081761006286,53,52,0.9689308176100629,0.32241564989089966,16.713726043701172,2.7150836103828624e-05,0.9458768963813782
2193,63.95652173913043,23,20,0.8695652173913043,1.0623865127563477,49.28599548339844,2.8307669708738104e-05,4.294869422912598
2194,46.75163398692809,51,51,0.977516339869281,-0.062225837260484695,14.90149974822998,2.8072870918549597e-05,0.1756114810705185
2195,-104.1881188118812,202,198,0.9781188118811881,-0.0949527695775032,4.020596504211426,2.7643749490380287e-05,0.5536186099052429
2196,-3.4224422442244165,101,99,0.9757755775577558,-0.1153201311826706,10.390196800231934,2.7270849386695772e-05,0.5624615550041199
2197,47.299319727891145,49,48,0.9629931972789115,0.3928009867668152,16.47047996520996,2.793152270896826e-05,3.2727646827697754
2198,-110.85964912280703,209,206,0.9814035087719298,-0.06782151013612747,4.810374736785889,2.7919679268961772e-05,0.18276406824588776
2199,-11.432989690721653,97,83,0.8556701030927835,-1.2156645059585571,17.414287567138672,2.8393395041348413e-05,3.228219985961914
2200,40.95652173913043,46,40,0.8695652173913043,-0.7159215807914734,27.31900978088379,2.7514119210536592e-05,1.742201328277588
2201,46.626666666666665,50,49,0.9662666666666667,-0.7068045139312744,18.356430053710938,2.7576637876336463e-05,1.1118013858795166
2202,49.36879432624113,47,46,0.9636879432624114,-0.2750170826911926,16.449569702148438,2.5744067897903733e-05,1.5625509023666382
2203,-102.70149253731343,201,198,0.9829850746268657,-0.22562220692634583,4.843616962432861,2.554909951868467e-05,0.5029585957527161
2204,-2.8151815181518307,101,100,0.9818481848184818,0.21519708633422852,7.715873718261719,2.523300463508349e-05,0.4114321768283844
2205,-104.9376026272578,203,200,0.980623973727422,-0.014983574859797955,4.976461410522461,2.521771239116788e-05,0.11097068339586258
2206,-7.6315789473684195,95,83,0.8736842105263158,-0.5897390842437744,15.072490692138672,2.5154549803119153e-05,1.6719064712524414
2207,46.56410256410256,52,52,0.9856410256410256,-0.5390700697898865,14.226923942565918,2.5183047910104506e-05,0.8250935673713684
2208,40.95652173913043,46,40,0.8695652173913043,-0.8073837757110596,29.071460723876953,2.5464229111094028e-05,2.8082683086395264
2209,-7.631578947368416,95,83,0.8736842105263158,-0.4302995502948761,14.123628616333008,2.5437397198402323e-05,0.37437668442726135
2210,-5.317152103559875,103,101,0.9768284789644013,0.11359278112649918,9.536417961120605,2.5463890779064968e-05,0.5561425089836121
2211,40.95652173913044,46,40,0.8695652173913043,-0.027009394019842148,28.323720932006836,2.5417364668101072e-05,0.9204437136650085
2212,40.95652173913043,46,40,0.8695652173913043,-1.00559663772583,31.04739761352539,2.600090010673739e-05,3.6257758140563965
2213,63.95652173913042,23,20,0.8695652173913043,-0.2886321246623993,49.2638053894043,2.602833046694286e-05,1.1466693878173828
2214,-2.9537953795379663,101,100,0.9804620462046204,-0.19379036128520966,7.991298198699951,2.580424006737303e-05,0.1907908171415329
2215,-2.8151815181518294,101,100,0.9818481848184818,0.47533202171325684,10.342355728149414,2.5862547772703692e-05,0.8892432451248169
2216,40.95652173913044,46,40,0.8695652173913043,-0.29439929127693176,27.52372169494629,2.5884955903165974e-05,1.3561540842056274
2217,-5.317152103559872,103,101,0.9768284789644013,0.1208542212843895,7.659698009490967,2.5615525373723358e-05,0.2590002417564392
2218,43.888888888888886,45,40,0.8888888888888888,-0.37347108125686646,27.470796585083008,2.5659295715740882e-05,0.9632604718208313
2219,-108.53945249597425,207,204,0.9846054750402576,-0.44835153222084045,5.5561442375183105,2.5644065317464992e-05,0.1859891712665558
2220,-9.541666666666655,96,83,0.8645833333333334,-0.35420507192611694,13.945537567138672,2.561890141805634e-05,0.2765630781650543
2221,-3.359477124183006,102,101,0.9864052287581699,0.13128305971622467,9.95409107208252,2.5620562155381776e-05,0.3494845926761627
2222,-6.4807692307692335,104,102,0.9751923076923077,-0.13478074967861176,10.9679594039917,2.56181119766552e-05,0.023225154727697372
2223,-7.63157894736841,95,83,0.8736842105263158,-0.24278686940670013,15.026874542236328,2.5614432161091827e-05,0.3731401562690735
2224,-109.93269230769232,208,204,0.9806730769230769,-0.18887218832969666,4.241581439971924,2.537667751312256e-05,0.1122654527425766
2225,40.95652173913043,46,40,0.8695652173913043,-0.14699028432369232,27.777748107910156,2.5376128178322688e-05,0.0507342703640461
2226,38.1063829787234,47,40,0.851063829787234,0.20369060337543488,27.979936599731445,2.5330828066216782e-05,1.2582372426986694
2227,63.95652173913043,23,20,0.8695652173913043,0.2999958395957947,43.418338775634766,2.526065509300679e-05,1.1029486656188965
2228,-5.961538461538464,104,103,0.9803846153846154,0.19272929430007935,11.366351127624512,2.525039599277079e-05,0.3582177758216858
2229,59.333333333333336,24,20,0.8333333333333334,-2.75323224067688,48.19569778442383,3.156140519422479e-05,10.315261840820312
2230,-9.043613707165113,107,105,0.979563862928349,0.24663583934307098,8.569841384887695,3.170983472955413e-05,1.4017627239227295
2231,40.95652173913044,46,40,0.8695652173913043,-0.2252526581287384,27.595752716064453,3.143417779938318e-05,0.8392606377601624
2232,40.95652173913042,46,40,0.8695652173913043,-0.0627574622631073,28.54978370666504,3.1407824280904606e-05,0.18651741743087769
2233,63.95652173913044,23,20,0.8695652173913043,0.5106629133224487,43.28449630737305,3.159741754643619e-05,2.350931167602539
2234,-103.45214521452145,202,200,0.9854785478547855,-0.22912386059761047,5.249846935272217,3.1562074582325295e-05,0.504574716091156
2235,59.333333333333336,24,20,0.8333333333333334,1.0540401935577393,53.593482971191406,3.312443004688248e-05,4.850096225738525
2236,-9.541666666666664,96,83,0.8645833333333334,-0.25091052055358887,17.80556869506836,3.287562503828667e-05,0.8291868567466736
2237,-7.631578947368412,95,83,0.8736842105263158,-0.4377899765968323,18.713895797729492,3.30205075442791e-05,2.0846219062805176
2238,-109.40064102564104,208,206,0.9859935897435897,-0.34468385577201843,5.075169086456299,3.266717976657674e-05,0.624138355255127
2239,-7.6315789473684115,95,83,0.8736842105263158,0.08385592699050903,17.63563346862793,3.202844527550042e-05,0.597533106803894
2240,48.10204081632652,49,48,0.9710204081632653,0.34077250957489014,17.88018798828125,3.1137857149587944e-05,0.7196139097213745
2241,-9.541666666666663,96,83,0.8645833333333334,-0.41788631677627563,15.582387924194336,3.115169965894893e-05,0.7687944173812866
2242,-110.85964912280703,209,206,0.9814035087719298,-0.04029266536235809,4.446402072906494,3.120220935670659e-05,0.7329869866371155
2243,46.75163398692809,51,51,0.977516339869281,0.22315052151679993,14.029345512390137,3.007111263286788e-05,1.6986140012741089
2244,-2.8151815181518316,101,100,0.9818481848184818,-0.45464736223220825,10.504905700683594,3.0153600164339878e-05,1.52286696434021
2245,-105.44117647058823,204,202,0.9855882352941177,-0.45071542263031006,4.711341857910156,2.8568296329467557e-05,0.6654536724090576
2246,-3.764705882352948,102,101,0.9823529411764705,-0.29071518778800964,7.8015265464782715,2.852003490261268e-05,0.009777631610631943
2247,46.73333333333333,50,49,0.9673333333333334,-0.26545533537864685,16.76738739013672,2.8404005206539296e-05,0.3336777985095978
2248,48.10204081632652,49,48,0.9710204081632653,0.0016525110695511103,16.044078826904297,2.8391219530021772e-05,1.1925729513168335
2249,63.95652173913043,23,20,0.8695652173913043,-0.22500820457935333,52.28907012939453,2.8332797228358686e-05,0.6844252347946167
2250,-7.107936507936511,105,104,0.978920634920635,0.1675182580947876,10.963923454284668,2.8524707886390388e-05,1.5155411958694458
2251,-6.480769230769232,104,102,0.9751923076923077,-0.03354769945144653,14.298783302307129,2.851820863725152e-05,0.6398053765296936
2252,-109.93269230769232,208,204,0.9806730769230769,-0.011660004034638405,7.314013481140137,2.8370872314553708e-05,0.43182051181793213
2253,63.95652173913044,23,20,0.8695652173913043,-0.09369558095932007,86.41079711914062,2.8104726879973896e-05,4.053004264831543
2254,-9.541666666666668,96,83,0.8645833333333334,-0.00682293064892292,18.199365615844727,2.8154090614407323e-05,0.7379248142242432
2255,-4.592233009708744,103,102,0.9840776699029126,0.416057288646698,12.460724830627441,2.8269982067286037e-05,1.1583914756774902
2256,-105.4673202614379,204,202,0.9853267973856209,-0.5026500821113586,4.143057823181152,2.824719740601722e-05,0.05362189933657646
2257,40.95652173913043,46,40,0.8695652173913043,0.551497757434845,29.83461570739746,2.9715936761931516e-05,4.695812702178955
2258,47.29931972789115,49,48,0.9629931972789115,-0.6579712629318237,17.811153411865234,2.968132685055025e-05,0.5396127700805664
2259,40.95652173913044,46,40,0.8695652173913043,-0.7621824145317078,32.72940444946289,2.961900463560596e-05,1.0604325532913208
2260,63.95652173913043,23,20,0.8695652173913043,0.4375673830509186,40.660560607910156,3.0051087378524244e-05,2.461676597595215
2261,40.95652173913043,46,40,0.8695652173913043,-0.3519359827041626,26.480003356933594,2.900269828387536e-05,0.4933353364467621
2262,46.7516339869281,51,51,0.977516339869281,0.41011208295822144,20.713869094848633,2.9117882149876095e-05,1.160422444343567
2263,-6.480769230769228,104,102,0.9751923076923077,-0.16478325426578522,8.217928886413574,2.9116734367562458e-05,0.5620003938674927
2264,63.95652173913043,23,20,0.8695652173913043,-0.84971684217453,60.187198638916016,3.069644299102947e-05,5.358486175537109
2265,59.33333333333334,24,20,0.8333333333333334,0.4754083752632141,55.06476593017578,3.054289845749736e-05,0.44448575377464294
2266,-100.66834170854271,199,196,0.9833165829145729,-0.28852272033691406,4.664649486541748,2.582355409685988e-05,0.1457500159740448
2267,63.95652173913043,23,20,0.8695652173913043,1.326977014541626,38.07685470581055,2.8446676878957078e-05,6.243008613586426
2268,-102.70149253731344,201,198,0.9829850746268657,-0.7440115213394165,6.474738597869873,2.839107037289068e-05,1.0051614046096802
2269,-105.54575163398692,204,201,0.9845424836601308,-0.35832101106643677,6.1202473640441895,2.8253320124349557e-05,0.134269118309021
2270,-102.70149253731343,201,198,0.9829850746268657,-0.13324540853500366,6.924527645111084,2.3388640329358168e-05,1.2930737733840942
2271,-9.54166666666666,96,83,0.8645833333333334,0.04455949366092682,17.050399780273438,2.3743350539007224e-05,2.3602421283721924
2272,48.10204081632652,49,48,0.9710204081632653,-0.2930358052253723,23.265352249145508,2.3653443349758163e-05,0.17292794585227966
2273,46.626666666666665,50,49,0.9662666666666667,-0.25846514105796814,19.06570816040039,2.3256088752532378e-05,0.0879732295870781
2274,-9.541666666666666,96,83,0.8645833333333334,0.4242638349533081,15.039501190185547,2.3479422452510335e-05,2.4579055309295654
2275,-6.480769230769234,104,102,0.9751923076923077,0.04443879425525665,10.214951515197754,2.3463115212507546e-05,0.08877445012331009
2276,-104.76026272577997,203,200,0.9823973727422003,0.3649992346763611,12.050939559936523,2.3461780074285343e-05,0.04151109978556633
2277,63.95652173913042,23,20,0.8695652173913043,0.3203224241733551,81.27310180664062,2.4017554096644744e-05,3.0940091609954834
2278,-100.66834170854271,199,196,0.9833165829145729,0.32495367527008057,12.222589492797852,2.399563163635321e-05,0.36983540654182434
2279,-9.541666666666657,96,83,0.8645833333333334,0.08917761594057083,20.626041412353516,2.3993115974008106e-05,0.09209350496530533
2280,-9.541666666666657,96,83,0.8645833333333334,-0.553758978843689,18.73358154296875,2.4180844775401056e-05,2.006448745727539
2281,40.95652173913042,46,40,0.8695652173913043,0.6105862259864807,43.70695495605469,2.3868260541348718e-05,0.5270841717720032
2282,40.95652173913043,46,40,0.8695652173913043,-0.5171782374382019,35.9330940246582,2.442590266582556e-05,3.1277999877929688
2283,63.95652173913043,23,20,0.8695652173913043,-1.6759982109069824,55.76953887939453,2.9633925805683248e-05,9.464330673217773
2284,63.95652173913042,23,20,0.8695652173913043,0.3369336724281311,56.930320739746094,2.9734907002421096e-05,1.087783932685852
2285,-104.76026272577998,203,200,0.9823973727422003,-0.40197640657424927,5.0847272872924805,2.9741529942839406e-05,0.27116256952285767
2286,-5.961538461538469,104,103,0.9803846153846154,-0.5126439332962036,11.92185115814209,2.9865210308344103e-05,1.3031903505325317
2287,40.95652173913044,46,40,0.8695652173913043,-0.6164880990982056,35.97976303100586,2.9857124900445342e-05,0.0465041883289814
2288,-5.702127659574473,94,83,0.8829787234042553,-0.8660203814506531,20.685176849365234,2.9836353860446252e-05,0.19396331906318665
2289,-9.541666666666668,96,83,0.8645833333333334,-0.5438008904457092,11.756738662719727,3.0049051929381676e-05,1.8128974437713623
2290,48.68707482993197,49,48,0.9768707482993197,-0.594169020652771,22.559001922607422,3.083947376580909e-05,3.7699296474456787
2291,-104.76026272577997,203,200,0.9823973727422003,-0.32211917638778687,5.939136981964111,3.085605567321181e-05,0.31950482726097107
2292,59.333333333333336,24,20,0.8333333333333334,-0.056798357516527176,54.10430908203125,3.0778322980040684e-05,0.4624224901199341
2293,63.95652173913043,23,20,0.8695652173913043,0.6910693645477295,51.36557388305664,3.0515591788571328e-05,3.7944254875183105
2294,-6.480769230769237,104,102,0.9751923076923077,-0.16339372098445892,11.75552749633789,3.0544553737854585e-05,0.47172805666923523
2295,43.88888888888888,45,40,0.8888888888888888,-1.3557558059692383,34.44993591308594,3.252864189562388e-05,5.975002765655518
2296,-4.915857605178003,103,102,0.98084142394822,0.10264325141906738,8.17851734161377,3.254992770962417e-05,0.7479763627052307
2297,40.95652173913044,46,40,0.8695652173913043,0.1626923382282257,29.094619750976562,3.184405431966297e-05,0.8164926171302795
2298,43.888888888888886,45,40,0.8888888888888888,0.003441763110458851,30.47722625732422,3.190327333868481e-05,0.6914538145065308
2299,63.95652173913044,23,20,0.8695652173913043,-0.958101212978363,49.36885452270508,3.178355109412223e-05,2.876579523086548
2300,40.95652173913043,46,40,0.8695652173913043,-0.19774067401885986,28.796682357788086,3.165191083098762e-05,0.24313069880008698
2301,-5.718446601941759,103,101,0.9728155339805825,-0.18066845834255219,8.023674011230469,3.161103086313233e-05,0.4843507707118988
2302,47.133333333333326,50,49,0.9713333333333334,-0.7912174463272095,28.531932830810547,3.214242678950541e-05,3.4821372032165527
2303,46.75163398692809,51,51,0.977516339869281,0.6372995972633362,27.599149703979492,3.218717756681144e-05,0.6013849377632141
2304,-3.422442244224423,101,99,0.9757755775577558,0.11369317770004272,11.958906173706055,3.2195966923609376e-05,0.6770281791687012
2305,63.95652173913043,23,20,0.8695652173913043,-0.10400353372097015,58.63967514038086,3.2196719985222444e-05,0.4803376793861389
2306,59.333333333333336,24,20,0.8333333333333334,-0.37323394417762756,54.22514343261719,3.223957901354879e-05,1.9029406309127808
2307,-7.631578947368418,95,83,0.8736842105263158,-0.4803157448768616,14.748357772827148,3.222215309506282e-05,0.39573559165000916
2308,-109.93269230769232,208,204,0.9806730769230769,-0.27070409059524536,3.872196674346924,3.184102752129547e-05,0.2760258913040161
2309,-105.54575163398692,204,201,0.9845424836601308,-0.32110726833343506,4.187528133392334,3.184261731803417e-05,0.04105072841048241
2310,-4.254901960784329,102,100,0.9774509803921568,-0.33616459369659424,8.524024963378906,3.1869996746536344e-05,0.7975802421569824
2311,-108.53945249597423,207,204,0.9846054750402576,-0.8470344543457031,3.998507261276245,3.184346132911742e-05,1.2255862951278687
2312,-9.541666666666668,96,83,0.8645833333333334,-0.8043955564498901,16.857099533081055,3.114326318609528e-05,0.0027762153185904026
2313,63.95652173913044,23,20,0.8695652173913043,-0.8948511481285095,55.87828063964844,3.141280103591271e-05,2.51617169380188
2314,-7.631578947368414,95,83,0.8736842105263158,-0.979106068611145,14.433234214782715,3.152775389025919e-05,1.6153106689453125
2315,46.56410256410256,52,52,0.9856410256410256,-0.1314174085855484,16.81773567199707,3.1571042200084776e-05,1.1638028621673584
2316,-2.8151815181518254,101,100,0.9818481848184818,0.5812009572982788,9.2918701171875,3.163359724567272e-05,1.264661431312561
2317,63.95652173913044,23,20,0.8695652173913043,0.056520164012908936,54.65193557739258,3.162023494951427e-05,0.08565445989370346
2318,-5.718446601941757,103,101,0.9728155339805825,-0.024074021726846695,11.915369987487793,3.161828499287367e-05,0.9413907527923584
2319,-99.21885521885523,198,196,0.9878114478114478,0.23360393941402435,6.017185688018799,3.1651288736611605e-05,0.5069759488105774
2320,63.95652173913044,23,20,0.8695652173913043,0.11268902570009232,50.74018478393555,3.1830066291149706e-05,1.557005763053894
2321,43.893081761006286,53,52,0.9689308176100629,-0.3482639193534851,26.67779541015625,3.197216574335471e-05,1.843062162399292
2322,-7.631578947368415,95,83,0.8736842105263158,-0.2560710906982422,15.173297882080078,3.200490755261853e-05,0.5284159183502197
2323,-2.815181518151828,101,100,0.9818481848184818,-0.10340278595685959,10.419109344482422,3.201024082954973e-05,0.9061636924743652
2324,-6.480769230769232,104,102,0.9751923076923077,-0.1462562531232834,9.436049461364746,3.2145006116479635e-05,1.2515960931777954
2325,-4.915857605178002,103,102,0.98084142394822,-0.010993236675858498,8.606311798095703,3.2195453968597576e-05,0.7230385541915894
2326,-9.54166666666666,96,83,0.8645833333333334,-0.2247992306947708,14.447929382324219,3.2086878491099924e-05,0.4339781403541565
2327,-7.1079365079365004,105,104,0.978920634920635,-0.2981775999069214,8.131098747253418,3.2003928936319426e-05,0.4342728555202484
2328,-9.541666666666657,96,83,0.8645833333333334,-0.21884924173355103,14.147834777832031,3.20305407512933e-05,0.43984487652778625
2329,-105.44117647058825,204,202,0.9855882352941177,0.12385552376508713,5.62078332901001,2.5696646844153292e-05,0.027236200869083405
2330,-9.54166666666666,96,83,0.8645833333333334,-0.36569759249687195,14.721446990966797,2.5555533284205012e-05,0.3762516379356384
2331,40.95652173913043,46,40,0.8695652173913043,-0.024983422830700874,28.442548751831055,2.552512705733534e-05,0.14324598014354706
2332,-108.53945249597423,207,204,0.9846054750402576,-0.17792803049087524,4.795830249786377,2.5522153009660542e-05,0.2659227252006531
2333,40.95652173913043,46,40,0.8695652173913043,-0.5697574615478516,30.220548629760742,2.5259450922021642e-05,1.577557921409607
2334,-9.043613707165113,107,105,0.979563862928349,-0.3511422276496887,11.92509937286377,2.529814992158208e-05,0.6907597184181213
2335,-4.59223300970875,103,102,0.9840776699029126,0.22258634865283966,8.32783317565918,2.3818503905204125e-05,0.9648370742797852
2336,-7.6315789473684115,95,83,0.8736842105263158,-1.061347484588623,15.479979515075684,2.425233287794981e-05,2.9372053146362305
2337,-4.592233009708752,103,102,0.9840776699029126,0.007011154666543007,8.359253883361816,2.405696977803018e-05,0.7799124717712402
2338,-9.043613707165113,107,105,0.979563862928349,-0.19068895280361176,9.369277000427246,2.404641782050021e-05,0.16719412803649902
2339,63.95652173913043,23,20,0.8695652173913043,0.29760679602622986,51.804325103759766,2.421325189061463e-05,1.6281448602676392
2340,63.95652173913044,23,20,0.8695652173913043,0.21589477360248566,53.222591400146484,2.4212782591348514e-05,0.3314342200756073
2341,-8.937694704049841,107,106,0.9806230529595016,0.29028207063674927,12.041871070861816,2.4233442672993988e-05,0.6494376063346863
2342,40.95652173913043,46,40,0.8695652173913043,-0.343548446893692,35.12036895751953,2.440578282403294e-05,2.0930378437042236
2343,-9.043613707165113,107,105,0.979563862928349,0.21110917627811432,9.614047050476074,2.418460280750878e-05,0.004891630727797747
2344,40.95652173913043,46,40,0.8695652173913043,-0.35987499356269836,30.213964462280273,2.4339296942343935e-05,2.271383047103882
2345,-102.70149253731343,201,198,0.9829850746268657,-0.13424722850322723,4.181808948516846,2.4331180611625314e-05,0.038787804543972015
2346,49.36879432624113,47,46,0.9636879432624114,0.16762585937976837,20.15978240966797,2.4355718778679147e-05,0.4550755023956299
2347,46.066666666666656,50,49,0.9606666666666667,-0.22935768961906433,19.278491973876953,2.4362505428143777e-05,0.5660200715065002
2348,47.13333333333333,50,49,0.9713333333333334,-0.4807722568511963,18.920225143432617,2.434974885545671e-05,1.080384612083435
2349,46.56410256410256,52,52,0.9856410256410256,-1.0118273496627808,14.202482223510742,2.457002665323671e-05,2.1677167415618896
2350,-9.541666666666657,96,83,0.8645833333333334,-0.4095631539821625,14.710290908813477,2.4385573851759546e-05,0.031617432832717896
2351,-106.9479674796748,205,202,0.980520325203252,-0.17305947840213776,3.9303410053253174,2.4384973585256375e-05,0.149277001619339
2352,40.95652173913044,46,40,0.8695652173913043,0.3419354557991028,31.786291122436523,2.4487433620379306e-05,1.2187947034835815
2353,-108.45893719806764,207,204,0.9854106280193237,-0.32027480006217957,3.990588665008545,2.357658013352193e-05,0.20700852572917938
2354,63.95652173913043,23,20,0.8695652173913043,-1.2133249044418335,51.649879455566406,2.5255490982090123e-05,5.527461051940918
2355,-5.718446601941757,103,101,0.9728155339805825,0.19552867114543915,10.213519096374512,2.5245417418773286e-05,1.09921133518219
2356,-110.85964912280703,209,206,0.9814035087719298,-0.375441312789917,4.450974941253662,2.524700903450139e-05,0.5116848349571228
2357,47.26666666666666,50,49,0.9726666666666667,0.8111770153045654,24.934274673461914,2.374947325733956e-05,0.38163435459136963
2358,40.95652173913044,46,40,0.8695652173913043,0.04498402401804924,30.699634552001953,2.3753877030685544e-05,0.06433039903640747
2359,63.95652173913043,23,20,0.8695652173913043,-0.13628342747688293,41.31439971923828,2.3782342395861633e-05,0.7466596961021423
2360,40.95652173913043,46,40,0.8695652173913043,0.057361114770174026,27.65843391418457,2.3393138690153137e-05,0.8211857676506042
2361,46.564102564102555,52,52,0.9856410256410256,-0.542987585067749,18.464693069458008,2.339113416383043e-05,0.37729671597480774
2362,43.893081761006286,53,52,0.9689308176100629,-0.302128404378891,15.59644889831543,2.3262769900611602e-05,0.09492059051990509
2363,-106.9479674796748,205,202,0.980520325203252,-0.7081999778747559,5.494863033294678,2.3222813979373313e-05,0.6425347328186035
2364,63.95652173913044,23,20,0.8695652173913043,-0.8920095562934875,41.45527648925781,2.1665135136572644e-05,0.9054679870605469
2365,-8.937694704049848,107,106,0.9806230529595016,-0.49448278546333313,7.917264938354492,2.165402656828519e-05,0.8614540696144104
2366,40.95652173913043,46,40,0.8695652173913043,-1.0335196256637573,32.729183197021484,2.3130687623051926e-05,5.207691669464111
2367,47.299319727891145,49,48,0.9629931972789115,0.4770689010620117,25.878549575805664,2.046145891654305e-05,0.21827435493469238
2368,40.95652173913043,46,40,0.8695652173913043,-0.5313723683357239,33.19990921020508,2.0648969439207576e-05,2.247241973876953
2369,49.36879432624113,47,46,0.9636879432624114,0.06351648271083832,20.976659774780273,2.0631930965464562e-05,0.5538367033004761
2370,63.95652173913043,23,20,0.8695652173913043,-1.491041898727417,40.55173110961914,2.1367661247495562e-05,4.309024333953857
2371,-4.5922330097087505,103,102,0.9840776699029126,-0.03392992541193962,8.612872123718262,2.0892442989861593e-05,0.12021592259407043
2372,46.75163398692809,51,51,0.977516339869281,-0.19360508024692535,14.403878211975098,2.0894618501188233e-05,0.19921866059303284
2373,-4.254901960784323,102,100,0.9774509803921568,-0.5490770936012268,8.8040771484375,2.088492692564614e-05,0.585877001285553
2374,-9.541666666666664,96,83,0.8645833333333334,-0.24378328025341034,14.482321739196777,2.0634957763832062e-05,1.6665955781936646
2375,-7.0512820512820635,104,101,0.9694871794871794,-0.1148664802312851,7.740163326263428,2.084336301777512e-05,1.432151436805725
2376,-9.541666666666664,96,83,0.8645833333333334,-0.4250497817993164,17.254314422607422,2.086347740259953e-05,0.2900746762752533
2377,-7.10793650793651,105,104,0.978920634920635,-0.4217872619628906,7.556222438812256,2.048514761554543e-05,0.4652247726917267
2378,-9.541666666666673,96,83,0.8645833333333334,-0.22235284745693207,14.485236167907715,2.0501118342508562e-05,0.06285487860441208
2379,-9.541666666666664,96,83,0.8645833333333334,-0.16743388772010803,15.217880249023438,2.051228511845693e-05,0.2392583191394806
2380,63.95652173913043,23,20,0.8695652173913043,-1.1894104480743408,54.04240036010742,2.2015308786649257e-05,5.640857696533203
2381,-8.93769470404984,107,106,0.9806230529595016,0.04851028695702553,12.604790687561035,2.200051494583022e-05,0.40329796075820923
2382,-5.718446601941756,103,101,0.9728155339805825,0.1502395123243332,11.167829513549805,2.15868822124321e-05,0.11921116709709167
2383,-6.480769230769236,104,102,0.9751923076923077,-0.052256979048252106,10.20152759552002,1.654267543926835e-05,0.012949955649673939
2384,-7.107936507936504,105,104,0.978920634920635,-0.14578166604042053,8.164129257202148,1.6507337932125665e-05,0.8929441571235657
2385,59.333333333333336,24,20,0.8333333333333334,-0.6223576664924622,56.333457946777344,1.6550648069824092e-05,1.4270286560058594
2386,-99.21885521885523,198,196,0.9878114478114478,-0.1577264815568924,4.84393310546875,1.638139656279236e-05,0.059545960277318954
2387,40.95652173913043,46,40,0.8695652173913043,-0.0055697523057460785,28.93343734741211,1.6370955563616008e-05,0.23636114597320557
2388,-9.541666666666657,96,83,0.8645833333333334,-0.31474554538726807,15.077406883239746,1.6349669749615714e-05,0.4797801673412323
2389,63.95652173913042,23,20,0.8695652173913043,1.4895097017288208,50.78089904785156,1.8599639588501304e-05,6.047625541687012
2390,47.62585034013605,49,48,0.9662585034013605,-0.22163741290569305,15.47666072845459,6.204788223840296e-05,26.77814292907715
2391,40.956521739130444,46,40,0.8695652173913043,-0.7888417840003967,31.625001907348633,6.238449714146554e-05,2.6183276176452637
2392,46.564102564102555,52,52,0.9856410256410256,-0.36158302426338196,16.61868667602539,6.238445348571986e-05,0.023608915507793427
2393,-102.70149253731344,201,198,0.9829850746268657,-0.3517749607563019,4.157951354980469,6.13781958236359e-05,0.11651398986577988
2394,-5.317152103559877,103,101,0.9768284789644013,-0.018281368538737297,7.503553867340088,6.134492286946625e-05,0.16506510972976685
2395,40.95652173913042,46,40,0.8695652173913043,0.09605026990175247,27.9019832611084,5.940454502706416e-05,0.9397205710411072
2396,40.95652173913043,46,40,0.8695652173913043,0.23836065828800201,28.200408935546875,5.962767681921832e-05,1.9258043766021729
2397,40.95652173913044,46,40,0.8695652173913043,-0.45030608773231506,27.412124633789062,5.964743104414083e-05,1.372902512550354
2398,63.95652173913043,23,20,0.8695652173913043,1.3526617288589478,45.51803970336914,6.126808875706047e-05,5.010341644287109
2399,63.95652173913044,23,20,0.8695652173913043,1.6724451780319214,46.98200607299805,6.401385326171294e-05,7.0984954833984375
2400,-105.44117647058825,204,202,0.9855882352941177,-0.009319412522017956,5.560941219329834,6.401891732821241e-05,0.40690264105796814
2401,-9.541666666666664,96,83,0.8645833333333334,-0.1345149725675583,14.53380298614502,6.402201688615605e-05,0.39788350462913513
2402,47.266666666666666,50,49,0.9726666666666667,0.20139360427856445,25.4803466796875,6.38254132354632e-05,2.974781036376953
2403,40.95652173913043,46,40,0.8695652173913043,0.10039868950843811,33.35049057006836,6.380215199897066e-05,0.3078748285770416
2404,43.893081761006286,53,52,0.9689308176100629,-0.13002663850784302,23.56573486328125,6.379106343956664e-05,0.49776986241340637
2405,-9.54166666666666,96,83,0.8645833333333334,-0.15394876897335052,13.968435287475586,6.390194175764918e-05,1.3473607301712036
2406,-110.85964912280703,209,206,0.9814035087719298,-0.23608097434043884,3.7712795734405518,6.369368202285841e-05,0.32999271154403687
2407,40.95652173913043,46,40,0.8695652173913043,-0.690933108329773,31.39789581298828,6.376243982231244e-05,1.1529666185379028
2408,-9.541666666666668,96,83,0.8645833333333334,-0.8043685555458069,19.82977867126465,6.375632074195892e-05,0.08579958230257034
2409,-4.254901960784322,102,100,0.9774509803921568,-0.12602770328521729,7.5749359130859375,6.376276724040508e-05,0.27795207500457764
2410,40.95652173913044,46,40,0.8695652173913043,0.10495243966579437,28.925153732299805,6.396358367055655e-05,1.952225923538208
2411,-7.6315789473684195,95,83,0.8736842105263158,-0.38319507241249084,14.211053848266602,6.388076872099191e-05,0.2924640476703644
2412,46.75163398692809,51,51,0.977516339869281,-0.08117759227752686,16.826812744140625,6.399193807737902e-05,1.3654719591140747
2413,-105.54575163398692,204,201,0.9845424836601308,-0.0864490419626236,5.018354892730713,6.361735722748563e-05,0.4088357388973236
2414,-105.54575163398694,204,201,0.9845424836601308,-0.1881006509065628,4.1154303550720215,6.345526344375685e-05,0.05726578086614609
2415,-5.718446601941756,103,101,0.9728155339805825,-0.3588546812534332,7.085025310516357,6.341788684949279e-05,0.8387049436569214
2416,-6.480769230769229,104,102,0.9751923076923077,-0.33520638942718506,7.72743034362793,6.331933400360867e-05,0.14281615614891052
2417,-109.40064102564104,208,206,0.9859935897435897,-0.40955299139022827,4.826262474060059,6.332406337605789e-05,0.2748468220233917
2418,-105.46732026143792,204,202,0.9853267973856209,-0.028642311692237854,4.288219928741455,6.331017357297242e-05,0.8030933141708374
2419,49.027210884353735,49,49,0.9802721088435374,0.11421946436166763,14.594480514526367,6.341128755593672e-05,1.3834826946258545
2420,-5.7021276595744705,94,83,0.8829787234042553,-0.17184782028198242,12.420063972473145,6.331699842121452e-05,0.9385232329368591
2421,-7.631578947368412,95,83,0.8736842105263158,-0.04805612936615944,14.552197456359863,6.320870306808501e-05,1.3357932567596436
2422,59.33333333333334,24,20,0.8333333333333334,0.6973215937614441,41.22272491455078,6.392515206243843e-05,3.4976978302001953
2423,-2.815181518151829,101,100,0.9818481848184818,0.49963122606277466,7.830833435058594,6.393261719495058e-05,1.1244847774505615
2424,40.95652173913044,46,40,0.8695652173913043,0.3491223454475403,28.165752410888672,6.388706242432818e-05,0.8715879321098328
2425,43.88888888888888,45,40,0.8888888888888888,-0.6485072374343872,28.724733352661133,6.479812145698816e-05,3.8379101753234863
2426,59.33333333333334,24,20,0.8333333333333334,-0.3901751637458801,51.40929412841797,6.501162715721875e-05,1.8760437965393066
2427,-2.953795379537963,101,100,0.9804620462046204,-0.12986579537391663,8.743054389953613,6.500526797026396e-05,0.09544382989406586
2428,48.68707482993197,49,48,0.9768707482993197,0.6366013884544373,18.723905563354492,6.514632696053013e-05,1.5904767513275146
2429,-109.93269230769232,208,204,0.9806730769230769,0.0009469070937484503,4.750027179718018,6.519949238281697e-05,0.9289596080780029
2430,47.62585034013605,49,48,0.9662585034013605,-0.6329694986343384,14.111084938049316,6.538779416587204e-05,1.773843765258789
2431,-108.45893719806764,207,204,0.9854106280193237,-0.0655180960893631,4.238406658172607,6.538717570947483e-05,0.10513103008270264
2432,63.95652173913043,23,20,0.8695652173913043,-0.9535790681838989,50.343509674072266,6.725986895617098e-05,5.534174919128418
2433,-5.702127659574465,94,83,0.8829787234042553,-0.5126839280128479,15.467975616455078,6.730793393217027e-05,1.813284158706665
2434,52.46376811594202,46,46,0.9846376811594203,0.5565727353096008,20.91522789001465,6.735995702911168e-05,1.1332720518112183
2435,40.95652173913043,46,40,0.8695652173913043,-0.28793203830718994,28.46296501159668,6.735151691827923e-05,0.9948784708976746
2436,-105.44117647058825,204,202,0.9855882352941177,-0.17776989936828613,4.60373592376709,6.683939136564732e-05,0.25468024611473083
2437,63.95652173913044,23,20,0.8695652173913043,0.47673267126083374,36.35676574707031,6.74219336360693e-05,3.155654191970825
2438,-110.85964912280703,209,206,0.9814035087719298,-0.3012748062610626,3.6227316856384277,6.742396362824365e-05,0.24268971383571625
2439,-4.915857605178003,103,102,0.98084142394822,-0.2930850684642792,9.17950439453125,6.72601381666027e-05,0.040501970797777176
2440,40.95652173913042,46,40,0.8695652173913043,-0.28610777854919434,28.371644973754883,6.72875321470201e-05,0.7398899793624878
2441,40.95652173913043,46,40,0.8695652173913043,0.7009261250495911,28.462200164794922,6.835201929789037e-05,4.214564323425293
2442,-107.9243156199678,207,206,0.990756843800322,-0.4227721095085144,3.8225927352905273,6.807315367041156e-05,0.09295341372489929
2443,-7.631578947368414,95,83,0.8736842105263158,-0.6168169975280762,15.903745651245117,6.826043681940064e-05,1.7029939889907837
2444,-7.107936507936511,105,104,0.978920634920635,-0.006925390567630529,10.953092575073242,6.795172521378845e-05,0.6460623145103455
2445,46.73333333333333,50,49,0.9673333333333334,-0.06381122022867203,22.17501449584961,6.80803568684496e-05,1.3903794288635254
2446,59.333333333333336,24,20,0.8333333333333334,-0.004537137690931559,57.25639724731445,6.820652197347954e-05,1.4534176588058472
2447,40.95652173913042,46,40,0.8695652173913043,-0.2354539930820465,31.113908767700195,6.828784535173327e-05,1.2598628997802734
2448,48.10204081632652,49,48,0.9710204081632653,0.004271221347153187,17.711462020874023,6.841299909865484e-05,1.7748315334320068
2449,-3.3594771241830146,102,101,0.9864052287581699,-0.3042322099208832,8.71551513671875,6.823814328527078e-05,1.3631138801574707
2450,46.62666666666667,50,49,0.9662666666666667,-0.6920843720436096,14.287981033325195,6.824984302511439e-05,0.41654106974601746
2451,-9.541666666666671,96,83,0.8645833333333334,-0.8590417504310608,14.04276180267334,6.826896424172446e-05,0.5591105222702026
2452,-9.541666666666663,96,83,0.8645833333333334,-1.0293927192687988,16.74826431274414,6.821226997999474e-05,0.7517909407615662
2453,47.62585034013605,49,48,0.9662585034013605,-1.100181221961975,27.88268280029297,6.821586430305615e-05,0.3196123242378235
2454,-105.44117647058825,204,202,0.9855882352941177,-0.22267365455627441,4.7532572746276855,6.63601967971772e-05,0.7461003661155701
2455,-105.46732026143792,204,202,0.9853267973856209,0.010126426815986633,6.298612594604492,6.629069685004652e-05,0.06172298640012741
2456,46.46153846153846,52,52,0.9846153846153847,0.21636077761650085,37.72221374511719,6.639215280301869e-05,1.3677599430084229
2457,-9.54166666666666,96,83,0.8645833333333334,-0.022514572367072105,24.341567993164062,6.638550985371694e-05,0.14416421949863434
2458,-7.631578947368412,95,83,0.8736842105263158,0.8701081275939941,23.676860809326172,6.709684384986758e-05,3.4264843463897705
2459,-105.46732026143792,204,202,0.9853267973856209,-0.05704271048307419,7.936542510986328,6.70718727633357e-05,0.2672307789325714
2460,49.36879432624113,47,46,0.9636879432624114,0.8108310699462891,49.23432159423828,6.707804277539253e-05,0.8827422857284546
2461,-105.44117647058823,204,202,0.9855882352941177,0.022831406444311142,6.337274074554443,6.708330329274759e-05,0.5290753841400146
2462,63.95652173913044,23,20,0.8695652173913043,0.9187575578689575,68.89928436279297,6.716103962389752e-05,1.181955099105835
2463,47.266666666666666,50,49,0.9726666666666667,0.716221034526825,22.609804153442383,6.717530050082132e-05,0.9205823540687561
2464,40.95652173913042,46,40,0.8695652173913043,-0.5626052021980286,31.724939346313477,6.713133916491643e-05,0.42258453369140625
2465,-103.45214521452145,202,200,0.9854785478547855,-0.9331896305084229,8.478221893310547,6.70785884722136e-05,0.23323482275009155
2466,63.95652173913044,23,20,0.8695652173913043,-0.0032924972474575043,83.99423217773438,6.533351552207023e-05,0.038905370980501175
2467,59.333333333333336,24,20,0.8333333333333334,-0.4000210165977478,85.01172637939453,6.561856571352109e-05,2.303152561187744
2468,-99.21885521885523,198,196,0.9878114478114478,-0.7213956713676453,5.010341644287109,6.526940705953166e-05,0.2578846216201782
2469,40.956521739130444,46,40,0.8695652173913043,-0.248121976852417,33.94800567626953,6.53947499813512e-05,1.4242912530899048
2470,-5.317152103559872,103,101,0.9768284789644013,0.6198793649673462,18.89964485168457,6.419249257305637e-05,1.1057173013687134
2471,-7.631578947368407,95,83,0.8736842105263158,0.1383102834224701,26.469051361083984,6.420144927687943e-05,0.16906285285949707
2472,-7.631578947368416,95,83,0.8736842105263158,0.3010736107826233,29.06117057800293,6.421117723220959e-05,0.6194239854812622
2473,-7.051282051282053,104,101,0.9694871794871794,0.48458003997802734,27.882558822631836,6.417985423468053e-05,0.6362671852111816
2474,-104.76026272577998,203,200,0.9823973727422003,-0.19450290501117706,12.895180702209473,6.410202331608161e-05,0.6670244336128235
2475,43.88888888888888,45,40,0.8888888888888888,0.17231424152851105,66.5193099975586,6.482034223154187e-05,3.4387123584747314
2476,40.95652173913044,46,40,0.8695652173913043,0.9651365280151367,65.61888122558594,6.481988384621218e-05,0.0803389698266983
2477,-105.44117647058823,204,202,0.9855882352941177,0.21393023431301117,13.559365272521973,6.483212928287685e-05,0.5795086026191711
2478,43.88888888888888,45,40,0.8888888888888888,0.9992685317993164,65.96411895751953,6.483340985141695e-05,0.3517342805862427
2479,-2.8151815181518285,101,100,0.9818481848184818,0.40913504362106323,27.846054077148438,6.490403757197782e-05,0.9064129590988159
2480,-9.043613707165115,107,105,0.979563862928349,0.11905451118946075,27.703563690185547,6.2954357417766e-05,1.3219897747039795
2481,-9.541666666666666,96,83,0.8645833333333334,0.49107077717781067,30.921184539794922,6.318453961284831e-05,2.148916721343994
2482,-9.54166666666666,96,83,0.8645833333333334,0.44520702958106995,31.42877960205078,6.328849849523976e-05,1.529099941253662
2483,-8.937694704049854,107,106,0.9806230529595016,0.23199135065078735,27.63861846923828,6.335892976494506e-05,1.3379223346710205
2484,-5.718446601941757,103,101,0.9728155339805825,-0.006572571117430925,28.14323616027832,6.336322985589504e-05,0.3650343418121338
2485,-7.6315789473684195,95,83,0.8736842105263158,0.17055068910121918,31.215749740600586,6.326669972622767e-05,1.3685613870620728
2486,-5.702127659574466,94,83,0.8829787234042553,-0.48751571774482727,32.36384201049805,6.356010271701962e-05,1.9478188753128052
2487,63.95652173913044,23,20,0.8695652173913043,1.1775470972061157,120.32605743408203,6.384099106071517e-05,1.9494118690490723
2488,47.62585034013605,49,48,0.9662585034013605,0.14771614968776703,52.059085845947266,6.381368439178914e-05,0.018412727862596512
2489,63.95652173913044,23,20,0.8695652173913043,1.0131362676620483,116.14917755126953,6.192441651364788e-05,1.7008366584777832
2490,63.95652173913044,23,20,0.8695652173913043,-0.34204331040382385,118.91404724121094,2.0888772269245237e-05,6.5486226081848145
2491,48.68707482993197,49,48,0.9768707482993197,-0.3150806128978729,58.343231201171875,2.0509323803707957e-05,0.7946439981460571
2492,40.95652173913043,46,40,0.8695652173913043,0.7262389659881592,63.802730560302734,2.0867282728431746e-05,2.4135658740997314
2493,-3.7647058823529536,102,101,0.9823529411764705,-0.6382118463516235,28.806467056274414,2.095004492730368e-05,1.1559791564941406
2494,-104.76026272577998,203,200,0.9823973727422003,-1.2340210676193237,12.019495964050293,2.0948258679709397e-05,0.009619376622140408
2495,-9.541666666666659,96,83,0.8645833333333334,-0.08865932375192642,30.948257446289062,2.1358295271056704e-05,2.755781888961792
2496,-4.59223300970875,103,102,0.9840776699029126,-0.3069322407245636,26.350820541381836,2.1134543203515932e-05,0.14614619314670563
2497,40.95652173913043,46,40,0.8695652173913043,-0.37101036310195923,60.94536590576172,2.133993257302791e-05,2.2835135459899902
2498,63.95652173913043,23,20,0.8695652173913043,3.5623512268066406,112.67643737792969,2.833192229445558e-05,11.79045295715332
2499,-109.9326923076923,208,204,0.9806730769230769,-0.6308884620666504,9.69620418548584,2.525766467442736e-05,0.25370749831199646
2500,46.46153846153846,52,52,0.9846153846153847,-0.6413487792015076,49.141578674316406,2.582401066320017e-05,3.073223352432251
2501,-105.54575163398694,204,201,0.9845424836601308,-0.5135828852653503,10.187210083007812,2.5813018510234542e-05,0.04513470456004143
2502,-99.21885521885523,198,196,0.9878114478114478,-0.4231741726398468,10.74466609954834,2.5281791749875993e-05,0.34924405813217163
2503,-104.9376026272578,203,200,0.980623973727422,-0.5141920447349548,10.252187728881836,2.536270403652452e-05,1.1950840950012207
2504,-102.70149253731344,201,198,0.9829850746268657,-0.26493722200393677,10.179478645324707,2.535193743824493e-05,0.23493991792201996
2505,47.266666666666666,50,49,0.9726666666666667,1.5726317167282104,50.12345504760742,2.6046755010611378e-05,3.6201863288879395
2506,40.95652173913043,46,40,0.8695652173913043,0.38957375288009644,54.610679626464844,2.622665124363266e-05,1.7344675064086914
2507,-7.051282051282055,104,101,0.9694871794871794,0.05930093675851822,21.750272750854492,2.6184208763879724e-05,0.8248904347419739
2508,40.95652173913043,46,40,0.8695652173913043,0.4355042278766632,51.59611511230469,2.618659709696658e-05,0.245906263589859
2509,63.95652173913043,23,20,0.8695652173913043,0.5338639616966248,92.98729705810547,2.6543235435383394e-05,2.410945177078247
2510,-108.53945249597425,207,204,0.9846054750402576,-0.4451843500137329,11.131414413452148,2.63219862972619e-05,0.548332154750824
2511,59.33333333333334,24,20,0.8333333333333334,0.6809870600700378,97.6163101196289,2.6568412067717873e-05,2.067805290222168
2512,-106.9479674796748,205,202,0.980520325203252,-0.19982123374938965,12.50789737701416,2.6477044229977764e-05,0.4727380573749542
2513,-104.76026272577998,203,200,0.9823973727422003,-0.4429623782634735,14.440906524658203,2.6505867936066352e-05,0.7820234894752502
2514,-109.40064102564102,208,206,0.9859935897435897,-0.8546979427337646,12.19581127166748,2.6509260351303965e-05,0.26725271344184875
2515,-100.66834170854271,199,196,0.9833165829145729,-0.14948861300945282,9.133293151855469,2.6507574148126878e-05,0.7733806371688843
2516,63.95652173913043,23,20,0.8695652173913043,-1.215208649635315,76.2804183959961,3.01360669254791e-05,7.732188701629639
2517,40.95652173913044,46,40,0.8695652173913043,1.5965280532836914,38.77827453613281,3.32178060489241e-05,7.019226551055908
2518,-9.043613707165111,107,105,0.979563862928349,-0.7051956057548523,27.06749153137207,3.3311494917143136e-05,1.5320358276367188
2519,-7.631578947368414,95,83,0.8736842105263158,-0.24349437654018402,17.619556427001953,3.32129820890259e-05,0.6300227046012878
2520,46.75163398692809,51,51,0.977516339869281,0.1818503737449646,49.272377014160156,3.331042535137385e-05,1.5476795434951782
2521,-103.45214521452145,202,200,0.9854785478547855,0.5919718146324158,8.11931037902832,3.322520569781773e-05,0.6875995993614197
2522,63.95652173913044,23,20,0.8695652173913043,0.3359598219394684,64.5909652709961,3.244601975893602e-05,0.4532204568386078
2523,48.10204081632653,49,48,0.9710204081632653,0.009168959222733974,31.805137634277344,3.2365689548896626e-05,0.345551073551178
2524,43.888888888888886,45,40,0.8888888888888888,-0.7632179260253906,32.26106643676758,3.2762487535364926e-05,2.8505728244781494
2525,63.95652173913043,23,20,0.8695652173913043,-0.5458266139030457,58.402313232421875,3.240576552343555e-05,2.948451519012451
2526,-2.953795379537967,101,100,0.9804620462046204,0.029335297644138336,20.32471466064453,3.224845204385929e-05,0.6024664044380188
2527,-9.043613707165102,107,105,0.979563862928349,0.13657940924167633,27.435680389404297,3.257299249526113e-05,2.2045252323150635
2528,47.62585034013605,49,48,0.9662585034013605,-0.6643916964530945,40.40085220336914,3.2508454751223326e-05,1.2428748607635498
2529,-2.9537953795379615,101,100,0.9804620462046204,0.3409707844257355,20.103239059448242,3.266731073381379e-05,1.771619200706482
2530,-7.631578947368416,95,83,0.8736842105263158,-0.11321933567523956,20.200437545776367,3.2531908800592646e-05,0.9102869033813477
2531,59.33333333333334,24,20,0.8333333333333334,-0.27134397625923157,55.745361328125,3.290751192253083e-05,2.546746015548706
2532,-9.54166666666667,96,83,0.8645833333333334,0.8279498219490051,19.92348289489746,3.141018532915041e-05,2.3519086837768555
2533,-9.541666666666664,96,83,0.8645833333333334,-0.10261768102645874,16.300012588500977,3.132529673166573e-05,1.3793734312057495
2534,59.33333333333333,24,20,0.8333333333333334,-0.9486953616142273,48.625831604003906,3.170718264300376e-05,2.7723588943481445
2535,-108.53945249597425,207,204,0.9846054750402576,0.8745939135551453,14.9822998046875,3.165177258779295e-05,0.14016322791576385
2536,40.95652173913043,46,40,0.8695652173913043,-0.17356769740581512,30.00216293334961,3.1649800803279504e-05,0.16146427392959595
2537,43.88888888888888,45,40,0.8888888888888888,-1.2547650337219238,30.314905166625977,3.280110831838101e-05,5.4784016609191895
2538,-105.44117647058823,204,202,0.9855882352941177,1.0323420763015747,12.193140983581543,3.2840882340678945e-05,0.6954275965690613
2539,-3.7647058823529522,102,101,0.9823529411764705,0.12660886347293854,15.238877296447754,3.2842734071891755e-05,0.07516603916883469
2540,-110.85964912280703,209,206,0.9814035087719298,0.473375141620636,13.652762413024902,3.286629362264648e-05,1.181899905204773
2541,40.95652173913043,46,40,0.8695652173913043,-0.5365842580795288,48.635982513427734,3.170301715726964e-05,0.2687439024448395
2542,-108.53945249597425,207,204,0.9846054750402576,0.1239362359046936,11.995771408081055,3.1709580071037635e-05,0.19117960333824158
2543,40.95652173913042,46,40,0.8695652173913043,-0.7190330624580383,32.31746292114258,3.1597712222719565e-05,0.9072317481040955
2544,-9.541666666666663,96,83,0.8645833333333334,-0.4897836446762085,17.389755249023438,3.156490856781602e-05,0.5229078531265259
2545,40.95652173913043,46,40,0.8695652173913043,-0.284421443939209,28.61789321899414,3.1514791771769524e-05,0.992093563079834
2546,-2.953795379537966,101,100,0.9804620462046204,0.2025541216135025,14.951421737670898,3.150276461383328e-05,1.0651700496673584
2547,-7.107936507936513,105,104,0.978920634920635,-0.31785592436790466,14.912237167358398,3.146381277474575e-05,0.9281203746795654
2548,63.95652173913042,23,20,0.8695652173913043,-0.4692109525203705,58.36967849731445,3.172894867020659e-05,2.7829251289367676
2549,-102.70149253731344,201,198,0.9829850746268657,-0.2755178213119507,7.990359306335449,3.171878415741958e-05,1.2931199073791504
2550,-5.961538461538468,104,103,0.9803846153846154,-0.15636403858661652,14.748262405395508,3.1742991268401965e-05,0.831707239151001
2551,46.73333333333333,50,49,0.9673333333333334,-0.16542913019657135,22.76805877685547,3.173371806042269e-05,0.02148064784705639
2552,-105.54575163398694,204,201,0.9845424836601308,-0.3104857802391052,7.497361183166504,3.1728806789033115e-05,0.39876097440719604
2553,-7.631578947368416,95,83,0.8736842105263158,-0.5914912223815918,13.149555206298828,3.17273625114467e-05,0.030918849632143974
2554,-102.70149253731344,201,198,0.9829850746268657,-0.4216446876525879,7.461720943450928,3.1761956051923335e-05,0.8478202819824219
2555,-100.66834170854271,199,196,0.9833165829145729,-0.4046836793422699,8.224918365478516,3.183496664860286e-05,0.9776670932769775
2556,-105.44117647058825,204,202,0.9855882352941177,-0.29233476519584656,7.341827392578125,3.174751691403799e-05,0.3397791385650635
2557,63.95652173913043,23,20,0.8695652173913043,-1.3774454593658447,59.310211181640625,3.403106165933423e-05,6.2081451416015625
2558,-3.422442244224421,101,99,0.9757755775577558,0.0015923901228234172,12.250944137573242,3.3282012736890465e-05,0.6932548880577087
2559,-4.592233009708752,103,102,0.9840776699029126,0.7830300331115723,12.834004402160645,3.37149431288708e-05,2.48876690864563
2560,40.95652173913043,46,40,0.8695652173913043,-0.4749279320240021,30.837202072143555,3.381570422789082e-05,1.8161606788635254
2561,-7.051282051282058,104,101,0.9694871794871794,-0.3901892304420471,13.1434907913208,3.3784661354729906e-05,0.1935742199420929
2562,63.95652173913043,23,20,0.8695652173913043,-0.8550292253494263,53.52507781982422,3.477086647762917e-05,4.449524879455566
2563,63.95652173913043,23,20,0.8695652173913043,0.593559980392456,49.185482025146484,3.540777106536552e-05,3.185201644897461
2564,-9.54166666666666,96,83,0.8645833333333334,-0.43202024698257446,14.805917739868164,3.542965350789018e-05,0.41751590371131897
2565,-104.76026272577998,203,200,0.9823973727422003,0.005215347744524479,8.303625106811523,3.544642822816968e-05,0.47516220808029175
2566,63.95652173913044,23,20,0.8695652173913043,0.30998772382736206,38.60155487060547,3.5731576645048335e-05,1.9666171073913574
2567,-109.93269230769232,208,204,0.9806730769230769,0.19163408875465393,7.800164222717285,3.5355529689695686e-05,0.1953068971633911
2568,-9.541666666666657,96,83,0.8645833333333334,-1.0611844062805176,13.610897064208984,3.5667842894326895e-05,2.471937417984009
2569,-7.631578947368416,95,83,0.8736842105263158,-0.3125341832637787,15.632183074951172,3.5592765925684944e-05,0.2513452470302582
2570,-7.631578947368412,95,83,0.8736842105263158,-0.11964262276887894,14.737924575805664,3.555066723492928e-05,0.815312385559082
2571,-109.40064102564104,208,206,0.9859935897435897,0.08592056483030319,7.659427165985107,3.55580123141408e-05,0.5683957934379578
2572,-102.70149253731344,201,198,0.9829850746268657,0.39394474029541016,8.498002052307129,3.5531331377569586e-05,0.30293893814086914
2573,63.95652173913044,23,20,0.8695652173913043,0.17018306255340576,48.19813919067383,3.5530156310414895e-05,0.6251200437545776
2574,-8.93769470404985,107,106,0.9806230529595016,-0.18793131411075592,14.562331199645996,3.553228816599585e-05,0.26420655846595764
2575,40.95652173913043,46,40,0.8695652173913043,0.11190012842416763,29.136873245239258,3.4953554859384894e-05,0.8721862435340881
2576,-2.815181518151828,101,100,0.9818481848184818,0.10364023596048355,13.61295223236084,3.495459532132372e-05,0.46143484115600586
2577,63.95652173913044,23,20,0.8695652173913043,0.4109072685241699,43.41407012939453,3.5303306503919885e-05,2.325049638748169
2578,-105.54575163398694,204,201,0.9845424836601308,0.21375663578510284,7.155174732208252,3.5289271181682125e-05,0.028414301574230194
2579,-102.70149253731344,201,198,0.9829850746268657,0.006379293743520975,6.617417812347412,3.52549905073829e-05,0.18937863409519196
2580,-5.961538461538467,104,103,0.9803846153846154,-0.7099756598472595,14.263860702514648,3.579353870009072e-05,3.3406951427459717
2581,47.26666666666667,50,49,0.9726666666666667,-0.254833847284317,22.229936599731445,3.556549927452579e-05,1.5336092710494995
2582,-105.44117647058825,204,202,0.9855882352941177,0.0620599240064621,7.461732864379883,3.53766190528404e-05,0.20087368786334991
2583,63.95652173913043,23,20,0.8695652173913043,-1.0176218748092651,47.078704833984375,3.59480909537524e-05,3.6930418014526367
2584,-7.631578947368413,95,83,0.8736842105263158,-0.7072001099586487,13.399601936340332,3.60768535756506e-05,1.7354397773742676
2585,-9.541666666666659,96,83,0.8645833333333334,-0.4995554983615875,13.493019104003906,3.594831650843844e-05,1.156943678855896
2586,63.95652173913043,23,20,0.8695652173913043,0.12558341026306152,48.67250442504883,3.587797255022451e-05,0.9419311881065369
2587,-109.93269230769232,208,204,0.9806730769230769,0.21716473996639252,7.260009765625,3.572109926608391e-05,0.21007636189460754
2588,-5.718446601941756,103,101,0.9728155339805825,0.0804954394698143,13.897964477539062,3.573223511921242e-05,0.22498062252998352
2589,-9.541666666666659,96,83,0.8645833333333334,-0.2982735335826874,16.22011947631836,3.563828067854047e-05,0.9991113543510437
2590,59.333333333333336,24,20,0.8333333333333334,0.30646488070487976,56.31671905517578,3.3414318750146776e-05,1.775976300239563
2591,63.95652173913044,23,20,0.8695652173913043,0.5246157646179199,53.46816635131836,3.386570460861549e-05,2.6206016540527344
2592,48.10204081632652,49,48,0.9710204081632653,0.2865491509437561,19.35225486755371,3.3470874768681824e-05,0.27123457193374634
2593,43.704402515723274,53,52,0.9670440251572328,-0.515166699886322,14.189056396484375,3.342164563946426e-05,0.5977656841278076
2594,48.68707482993198,49,48,0.9768707482993197,0.2914258539676666,28.259031295776367,3.344158176332712e-05,0.4346614181995392
2595,47.625850340136054,49,48,0.9662585034013605,-0.3824801743030548,27.00480079650879,3.292802284704521e-05,0.2851051986217499
2596,-7.631578947368411,95,83,0.8736842105263158,0.06429894268512726,15.995617866516113,3.2987001759465784e-05,0.8545947074890137
2597,-7.631578947368424,95,83,0.8736842105263158,0.08502790331840515,16.088769912719727,3.277494397480041e-05,0.885970413684845
2598,40.95652173913043,46,40,0.8695652173913043,0.19736869633197784,33.698612213134766,2.3936639991006814e-05,0.8314039707183838
2599,63.95652173913044,23,20,0.8695652173913043,1.245091199874878,54.67799758911133,2.5536661269143224e-05,4.877079486846924
2600,-9.541666666666659,96,83,0.8645833333333334,0.07876252382993698,14.418603897094727,2.5116221877397038e-05,0.9977986812591553
2601,43.888888888888886,45,40,0.8888888888888888,1.072296380996704,29.975027084350586,2.5981307771871798e-05,3.5912840366363525
2602,63.95652173913043,23,20,0.8695652173913043,-0.11221371591091156,52.2519645690918,2.6017622076324187e-05,0.9407288432121277
2603,46.06666666666666,50,49,0.9606666666666667,0.28368720412254333,25.519031524658203,2.6252702809870243e-05,2.0899906158447266
2604,49.02721088435374,49,49,0.9802721088435374,-0.24520346522331238,22.466615676879883,2.6254841941408813e-05,0.5220717191696167
2605,-7.631578947368416,95,83,0.8736842105263158,-0.7245252132415771,14.08687973022461,2.556232357164845e-05,1.8807849884033203
2606,-5.702127659574469,94,83,0.8829787234042553,-0.4997628629207611,18.248628616333008,2.5445329811191186e-05,0.9047746062278748
2607,63.95652173913043,23,20,0.8695652173913043,0.037420641630887985,48.9808464050293,2.550662975409068e-05,1.6014519929885864
2608,-3.422442244224425,101,99,0.9757755775577558,-0.029584534466266632,10.262920379638672,2.5497136448393576e-05,0.007859740406274796
2609,63.95652173913043,23,20,0.8695652173913043,0.5890800356864929,52.45925521850586,2.546386167523451e-05,1.9345556497573853
2610,43.88888888888889,45,40,0.8888888888888888,0.2885335683822632,26.85565185546875,2.561201290518511e-05,1.458160400390625
2611,-6.480769230769239,104,102,0.9751923076923077,-0.10944395512342453,10.921478271484375,2.540051173127722e-05,0.4744015634059906
2612,48.10204081632652,49,48,0.9710204081632653,-0.06236150488257408,19.384531021118164,2.553076956246514e-05,1.6897032260894775
2613,46.56410256410256,52,52,0.9856410256410256,0.36813297867774963,17.661102294921875,2.6135925509152003e-05,3.1419458389282227
2614,-102.70149253731344,201,198,0.9829850746268657,-0.45756447315216064,7.614861488342285,2.615581797726918e-05,0.48848986625671387
2615,40.95652173913043,46,40,0.8695652173913043,0.09109765291213989,28.731462478637695,2.623306318128016e-05,1.321399450302124
2616,40.95652173913043,46,40,0.8695652173913043,-0.068916454911232,32.16263961791992,2.2689895558869466e-05,1.184165120124817
2617,63.95652173913044,23,20,0.8695652173913043,0.5592405200004578,48.69322204589844,1.985690869332757e-05,1.8969236612319946
2618,-9.541666666666668,96,83,0.8645833333333334,-0.43422651290893555,13.955092430114746,1.9723007426364347e-05,0.12696030735969543
2619,-6.480769230769237,104,102,0.9751923076923077,-0.46276772022247314,9.83182430267334,1.9710278138518333e-05,0.5443047881126404
2620,59.333333333333336,24,20,0.8333333333333334,-1.1969537734985352,63.010658264160156,2.0380628484417684e-05,3.754621744155884
2621,49.027210884353735,49,49,0.9802721088435374,-0.7971111536026001,23.101913452148438,2.1112546164658852e-05,3.6670889854431152
2622,48.10204081632652,49,48,0.9710204081632653,0.09522846341133118,18.422922134399414,2.1107161956024356e-05,0.06026117131114006
2623,63.95652173913042,23,20,0.8695652173913043,0.09773556888103485,54.77424621582031,2.141311597370077e-05,2.1449270248413086
2624,63.95652173913044,23,20,0.8695652173913043,-0.6867393851280212,46.96615982055664,2.130574284819886e-05,2.509690523147583
2625,63.95652173913044,23,20,0.8695652173913043,-2.8876664638519287,41.35960006713867,3.0471015634248033e-05,12.679743766784668
2626,-7.1079365079365076,105,104,0.978920634920635,-0.33282822370529175,9.57374382019043,3.0429002435994335e-05,0.2033078521490097
2627,-9.541666666666659,96,83,0.8645833333333334,-0.24437028169631958,14.752446174621582,3.0061024517635815e-05,0.20235268771648407
2628,63.95652173913044,23,20,0.8695652173913043,0.6672846674919128,36.684776306152344,3.062460746150464e-05,3.1271543502807617
2629,47.266666666666666,50,49,0.9726666666666667,0.7686535120010376,19.839567184448242,3.088389348704368e-05,2.6366183757781982
2630,40.95652173913043,46,40,0.8695652173913043,0.33281469345092773,29.71031379699707,3.107576776528731e-05,1.6869884729385376
2631,59.333333333333336,24,20,0.8333333333333334,0.34132838249206543,38.533668518066406,3.074406777159311e-05,0.26096823811531067
2632,40.95652173913044,46,40,0.8695652173913043,-0.5720676779747009,36.172637939453125,3.0835177312837914e-05,3.0210821628570557
2633,40.95652173913043,46,40,0.8695652173913043,-0.2506999969482422,28.963987350463867,3.089303208980709e-05,1.7323025465011597
2634,63.95652173913043,23,20,0.8695652173913043,0.3791647255420685,46.537330627441406,3.05370194837451e-05,0.6768866181373596
2635,-9.541666666666664,96,83,0.8645833333333334,-0.26473480463027954,14.90550422668457,3.0597253498854116e-05,1.189040184020996
2636,63.95652173913043,23,20,0.8695652173913043,-0.2565945088863373,47.26023864746094,3.0671482818434015e-05,1.3077715635299683
2637,47.26666666666667,50,49,0.9726666666666667,0.26435670256614685,17.766096115112305,2.89515210170066e-05,0.42554953694343567
2638,63.95652173913043,23,20,0.8695652173913043,-0.8587343096733093,41.45587158203125,2.9011247534072027e-05,1.4895470142364502
2639,-2.8151815181518303,101,100,0.9818481848184818,0.5235170722007751,9.96645736694336,2.9058643121970817e-05,0.7313774824142456
2640,-9.541666666666664,96,83,0.8645833333333334,0.0011854976182803512,13.522619247436523,2.905069231928792e-05,0.7764124274253845
2641,48.10204081632652,49,48,0.9710204081632653,-0.7647641897201538,20.814308166503906,2.9626851755892858e-05,3.268115997314453
2642,-7.631578947368411,95,83,0.8736842105263158,-0.21894851326942444,16.396265029907227,2.967959881061688e-05,1.1971312761306763
2643,-9.54166666666667,96,83,0.8645833333333334,-0.4578979015350342,14.822423934936523,2.982952537422534e-05,1.9209502935409546
2644,-9.54166666666666,96,83,0.8645833333333334,-0.1863717883825302,16.780914306640625,2.9882223316235468e-05,1.1947206258773804
2645,-9.541666666666664,96,83,0.8645833333333334,-0.11396228522062302,15.095416069030762,2.994238820974715e-05,1.4771541357040405
2646,49.36879432624113,47,46,0.9636879432624114,0.6346447467803955,26.04119110107422,3.0010021873749793e-05,1.4362033605575562
2647,-105.54575163398694,204,201,0.9845424836601308,0.3643135726451874,7.783492088317871,3.000565993716009e-05,0.4363119602203369
2648,-5.96153846153847,104,103,0.9803846153846154,0.305015504360199,13.761570930480957,2.9594833904411644e-05,0.23931288719177246
2649,-104.9376026272578,203,200,0.980623973727422,0.14041976630687714,9.113101959228516,2.951997703348752e-05,0.03773131221532822
2650,40.95652173913043,46,40,0.8695652173913043,-1.077097773551941,32.87968444824219,3.126577939838171e-05,5.559345722198486
2651,63.95652173913043,23,20,0.8695652173913043,-0.04333000257611275,46.3953971862793,3.130739787593484e-05,0.6261851787567139
2652,-5.317152103559875,103,101,0.9768284789644013,0.14233481884002686,15.713473320007324,3.1391289667226374e-05,1.5490708351135254
2653,-3.359477124183015,102,101,0.9864052287581699,0.5472591519355774,12.399231910705566,3.1406976631842554e-05,0.3101809024810791
2654,-7.631578947368409,95,83,0.8736842105263158,0.04257246479392052,18.344667434692383,3.137154271826148e-05,1.023098111152649
2655,40.95652173913043,46,40,0.8695652173913043,0.739112138748169,35.17235565185547,3.1656003557145596e-05,2.227494478225708
2656,-109.40064102564104,208,206,0.9859935897435897,-0.01604091003537178,7.502652168273926,3.163592191413045e-05,0.35112443566322327
2657,-4.915857605178001,103,102,0.98084142394822,0.39572927355766296,13.510276794433594,2.9426568289636634e-05,0.05736131593585014
2658,46.564102564102555,52,52,0.9856410256410256,0.18403084576129913,23.17164421081543,2.9521244869101793e-05,1.336658239364624
2659,-108.53945249597425,207,204,0.9846054750402576,-0.10019250959157944,8.893136978149414,2.9106882720952854e-05,0.4693617522716522
2660,63.95652173913044,23,20,0.8695652173913043,-0.2986428141593933,52.1466178894043,2.8979929993511178e-05,0.9519832730293274
2661,49.36879432624113,47,46,0.9636879432624114,-0.07303132116794586,43.01731491088867,2.9034110411885194e-05,1.1299850940704346
2662,59.33333333333333,24,20,0.8333333333333334,0.8025012612342834,65.2681884765625,2.8863423722214065e-05,3.80246639251709
2663,63.95652173913043,23,20,0.8695652173913043,-0.46009361743927,51.12762451171875,2.8850136004621163e-05,3.4478392601013184
2664,59.333333333333336,24,20,0.8333333333333334,1.238438606262207,53.78807067871094,3.0200677429093048e-05,4.557327747344971
2665,47.29931972789115,49,48,0.9629931972789115,0.5673705339431763,23.86923599243164,3.0226781746023335e-05,0.756257951259613
2666,63.95652173913043,23,20,0.8695652173913043,-0.46376833319664,52.97770690917969,2.9997938327142037e-05,1.0303198099136353
2667,46.62666666666667,50,49,0.9662666666666667,-0.011937570758163929,25.173377990722656,2.999694879690651e-05,0.5127121806144714
2668,46.626666666666665,50,49,0.9662666666666667,-0.3549351692199707,23.130264282226562,2.9675338737433776e-05,0.49249911308288574
2669,-106.94796747967479,205,202,0.980520325203252,-0.39794960618019104,11.37876033782959,2.9674292818526737e-05,0.5453872680664062
2670,-9.541666666666663,96,83,0.8645833333333334,-0.22150729596614838,19.39752960205078,2.9672004529857077e-05,0.7960936427116394
2671,63.95652173913044,23,20,0.8695652173913043,-2.5455851554870605,49.69099807739258,3.4282682463526726e-05,8.86174488067627
2672,-7.631578947368421,95,83,0.8736842105263158,-0.8167337775230408,16.213590621948242,3.443680179771036e-05,1.9335293769836426
2673,-5.718446601941755,103,101,0.9728155339805825,-0.06235111504793167,10.020914077758789,3.44034269801341e-05,0.23878750205039978
2674,40.95652173913044,46,40,0.8695652173913043,0.6057935953140259,29.897642135620117,3.4587614209158346e-05,1.5433961153030396
2675,46.626666666666665,50,49,0.9662666666666667,-0.29702964425086975,28.179277420043945,3.454641409916803e-05,1.0625221729278564
2676,-8.93769470404985,107,106,0.9806230529595016,-0.39499762654304504,11.528446197509766,3.4623728424776345e-05,1.4168485403060913
2677,40.95652173913044,46,40,0.8695652173913043,-0.005824916064739227,32.37534713745117,3.420594293856993e-05,0.6498702168464661
2678,-105.44117647058823,204,202,0.9855882352941177,0.0998544991016388,7.065529823303223,3.421712608542293e-05,0.23163382709026337
2679,-109.93269230769232,208,204,0.9806730769230769,-0.20513491332530975,6.0077738761901855,3.421662768232636e-05,0.22840622067451477
2680,-9.043613707165111,107,105,0.979563862928349,-0.5029176473617554,11.099682807922363,3.3661359339021146e-05,0.7699541449546814
2681,-7.6315789473684195,95,83,0.8736842105263158,-0.447066068649292,13.151728630065918,3.356691377121024e-05,0.45199453830718994
2682,-7.631578947368412,95,83,0.8736842105263158,-0.9802296161651611,18.940866470336914,3.385403033462353e-05,2.4505813121795654
2683,-99.21885521885523,198,196,0.9878114478114478,-0.2646464705467224,6.580188751220703,3.313819252070971e-05,0.22545896470546722
2684,-7.631578947368425,95,83,0.8736842105263158,-0.8732203245162964,12.320442199707031,3.3154221455333754e-05,1.8215018510818481
2685,-3.764705882352954,102,101,0.9823529411764705,-0.5566211342811584,10.132959365844727,3.3153795811813325e-05,1.1530125141143799
2686,40.95652173913043,46,40,0.8695652173913043,0.07049303501844406,30.51230239868164,3.312077387818135e-05,0.6954932808876038
2687,-108.53945249597425,207,204,0.9846054750402576,-0.2553568184375763,4.855288028717041,3.313463457743637e-05,0.40520039200782776
2688,43.88888888888889,45,40,0.8888888888888888,-0.34530675411224365,31.357133865356445,3.32589988829568e-05,1.7851325273513794
2689,-109.40064102564104,208,206,0.9859935897435897,-0.4347449839115143,5.697573661804199,3.324445424368605e-05,0.8075309991836548
2690,40.95652173913043,46,40,0.8695652173913043,-0.046054523438215256,32.59795379638672,3.2982658012770116e-05,0.09102959930896759
2691,43.888888888888886,45,40,0.8888888888888888,0.08097844570875168,29.871936798095703,3.245520929340273e-05,0.043709974735975266
2692,-110.85964912280703,209,206,0.9814035087719298,0.050215836614370346,5.248192310333252,3.2439256756333634e-05,0.008005299605429173
2693,-106.9479674796748,205,202,0.980520325203252,-0.14984315633773804,6.047205448150635,3.2442207157146186e-05,0.6768129467964172
2694,-7.631578947368423,95,83,0.8736842105263158,-0.020678147673606873,14.09495735168457,3.251903399359435e-05,1.0224858522415161
2695,-105.44117647058823,204,202,0.9855882352941177,-0.09461456537246704,5.3692708015441895,3.249572910135612e-05,0.3888998329639435
2696,38.1063829787234,47,40,0.851063829787234,-1.1167669296264648,28.00093650817871,3.2946794817689806e-05,3.3212502002716064
2697,-4.254901960784322,102,100,0.9774509803921568,-0.0975285992026329,10.043756484985352,3.2849940907908604e-05,0.5935990214347839
2698,46.75163398692809,51,51,0.977516339869281,-0.4910602271556854,20.476661682128906,3.284059857833199e-05,0.17968277633190155
2699,-4.533980582524275,103,102,0.9846601941747573,-0.5816173553466797,10.408048629760742,3.127065792796202e-05,2.02748966217041
2700,46.62666666666667,50,49,0.9662666666666667,-0.19179032742977142,20.681522369384766,3.1223731639329344e-05,0.7068182229995728
2701,-103.45214521452145,202,200,0.9854785478547855,0.031215514987707138,5.942867755889893,3.0206718292902224e-05,0.2640419602394104
2702,-99.21885521885523,198,196,0.9878114478114478,0.12490255385637283,5.009456157684326,3.020808071596548e-05,0.019694533199071884
2703,40.95652173913043,46,40,0.8695652173913043,0.3017394244670868,27.777408599853516,2.9887196433264762e-05,0.7180564403533936
2704,59.33333333333334,24,20,0.8333333333333334,0.8206819295883179,42.157196044921875,3.054758417420089e-05,2.789787769317627
2705,-7.631578947368416,95,83,0.8736842105263158,-0.2605288624763489,14.237693786621094,3.0423661883105524e-05,0.5271732807159424
2706,40.95652173913043,46,40,0.8695652173913043,-1.12260103225708,31.436979293823242,3.1355364626506343e-05,4.384371757507324
2707,-104.9376026272578,203,200,0.980623973727422,0.14828422665596008,5.48718786239624,3.1340965506387874e-05,0.5353566408157349
2708,-109.93269230769232,208,204,0.9806730769230769,0.06081939488649368,6.837893962860107,3.1418145226780325e-05,0.7506769299507141
2709,-100.66834170854271,199,196,0.9833165829145729,-0.015651986002922058,5.609665393829346,3.106562508037314e-05,0.21581187844276428
2710,40.95652173913044,46,40,0.8695652173913043,-0.7265876531600952,33.56858825683594,3.118524546152912e-05,2.9098074436187744
2711,-9.541666666666664,96,83,0.8645833333333334,-0.18177394568920135,15.31688117980957,3.1130639399634674e-05,0.18238595128059387
2712,-103.45214521452145,202,200,0.9854785478547855,0.034114498645067215,6.098023891448975,3.1048391974763945e-05,0.38246679306030273
2713,-110.85964912280703,209,206,0.9814035087719298,0.3073950707912445,6.728527545928955,3.025956539204344e-05,0.3053869307041168
2714,40.95652173913043,46,40,0.8695652173913043,0.24887675046920776,26.73006820678711,3.0240906198741868e-05,0.33034393191337585
2715,-4.592233009708751,103,102,0.9840776699029126,0.442945271730423,11.69876766204834,3.004943391715642e-05,0.08783780038356781
2716,47.13333333333333,50,49,0.9713333333333334,0.22709213197231293,17.087158203125,3.0588998924940825e-05,2.8786635398864746
2717,63.95652173913043,23,20,0.8695652173913043,-0.4199582040309906,53.22890853881836,3.025480327778496e-05,1.3443520069122314
2718,-109.93269230769232,208,204,0.9806730769230769,-0.12430471181869507,6.797811985015869,3.0228588002501056e-05,0.3091917037963867
2719,-107.9243156199678,207,206,0.990756843800322,-0.2764989733695984,6.862874507904053,3.0229492040234618e-05,0.45451897382736206
2720,63.95652173913043,23,20,0.8695652173913043,-1.691493272781372,40.81718826293945,3.1596111512044445e-05,6.265282154083252
2721,63.95652173913043,23,20,0.8695652173913043,-0.8759511113166809,45.978702545166016,3.12965530611109e-05,2.7316596508026123
2722,38.1063829787234,47,40,0.851063829787234,-0.2176191657781601,26.2740535736084,3.138954707537778e-05,1.9493266344070435
2723,-109.93269230769232,208,204,0.9806730769230769,-0.10888416320085526,6.443443775177002,3.091642429353669e-05,0.5253291726112366
2724,63.95652173913044,23,20,0.8695652173913043,-1.2064690589904785,45.3901252746582,3.110989564447664e-05,3.2173805236816406
2725,63.95652173913044,23,20,0.8695652173913043,0.0656934306025505,37.411842346191406,2.2101741706137545e-05,0.6029115319252014
2726,43.888888888888886,45,40,0.8888888888888888,-0.039736438542604446,36.52077102661133,2.210553975601215e-05,0.9430068135261536
2727,63.95652173913043,23,20,0.8695652173913043,0.190206378698349,53.69282531738281,2.214648702647537e-05,0.34708505868911743
2728,48.68707482993197,49,48,0.9768707482993197,0.32058557868003845,19.373104095458984,2.1344250853871927e-05,0.1345648616552353
2729,-5.702127659574464,94,83,0.8829787234042553,-0.13034626841545105,13.781026840209961,2.0715779101010412e-05,0.9379146099090576
2730,-9.541666666666668,96,83,0.8645833333333334,0.5711325407028198,14.852548599243164,2.0886902348138392e-05,2.2312142848968506
2731,-105.46732026143792,204,202,0.9853267973856209,0.16949249804019928,6.775576591491699,2.0854928152402863e-05,0.1354425698518753
2732,49.36879432624113,47,46,0.9636879432624114,0.12195107340812683,20.192180633544922,2.048976057267282e-05,0.7252079248428345
2733,59.33333333333334,24,20,0.8333333333333334,0.1905490756034851,52.9441032409668,2.0460101950448006e-05,0.3842238485813141
2734,-105.54575163398694,204,201,0.9845424836601308,0.04647758603096008,6.492198467254639,2.0374822270241566e-05,0.19195950031280518
2735,-102.70149253731344,201,198,0.9829850746268657,0.051160525530576706,6.091316223144531,2.0419842257979326e-05,0.517454206943512
2736,48.68707482993197,49,48,0.9768707482993197,0.673399806022644,26.33359146118164,2.0619978386093862e-05,1.4362543821334839
2737,-9.043613707165113,107,105,0.979563862928349,0.08429062366485596,13.601669311523438,2.0775451048393734e-05,1.0841953754425049
2738,-9.54166666666666,96,83,0.8645833333333334,-0.09605405479669571,15.445237159729004,2.0724808564409614e-05,0.9024849534034729
2739,-9.541666666666671,96,83,0.8645833333333334,0.2919550836086273,15.386442184448242,2.075421616609674e-05,0.9129878878593445
2740,63.95652173913044,23,20,0.8695652173913043,-0.8080893158912659,52.66337203979492,2.1485426259459928e-05,4.195433139801025
2741,63.95652173913044,23,20,0.8695652173913043,0.6398250460624695,52.556053161621094,2.12657505471725e-05,1.4835344552993774
2742,59.33333333333334,24,20,0.8333333333333334,0.7533676028251648,43.37565231323242,2.1743126126239076e-05,2.4002256393432617
2743,-2.8151815181518285,101,100,0.9818481848184818,0.24833522737026215,16.255855560302734,2.1644893422489986e-05,0.3156946301460266
2744,-105.44117647058825,204,202,0.9855882352941177,-0.12289562821388245,9.845921516418457,2.1641908460878767e-05,0.3075929880142212
2745,-4.254901960784324,102,100,0.9774509803921568,-0.14404383301734924,23.996841430664062,2.1577374354819767e-05,0.6961121559143066
2746,40.95652173913043,46,40,0.8695652173913043,0.5600545406341553,36.97759246826172,2.1833628125023097e-05,2.3416943550109863
2747,-7.631578947368414,95,83,0.8736842105263158,-0.26590269804000854,16.44507598876953,2.1793763153254986e-05,0.15575863420963287
2748,48.68707482993197,49,48,0.9768707482993197,0.17689146101474762,28.860410690307617,2.1865154849365354e-05,0.6845870614051819
2749,63.95652173913043,23,20,0.8695652173913043,-0.4114736020565033,49.489601135253906,2.2118301785667427e-05,2.473409652709961
2750,40.95652173913043,46,40,0.8695652173913043,0.4513125419616699,32.83688735961914,2.048327587544918e-05,0.05639183521270752
2751,43.70440251572327,53,52,0.9670440251572328,-0.2919503450393677,16.814533233642578,2.0426414266694337e-05,0.6596124172210693
2752,49.36879432624113,47,46,0.9636879432624114,0.06045936793088913,20.46890640258789,2.0349125406937674e-05,0.7202529907226562
2753,63.95652173913044,23,20,0.8695652173913043,-1.116584300994873,52.64638900756836,2.158324969059322e-05,4.931466579437256
2754,-109.9326923076923,208,204,0.9806730769230769,0.02065928280353546,5.194669246673584,2.157799099222757e-05,0.10683203488588333
2755,-7.631578947368423,95,83,0.8736842105263158,-0.04921170696616173,15.682844161987305,2.116052564815618e-05,0.08728469908237457
2756,-108.53945249597425,207,204,0.9846054750402576,-0.2338317483663559,5.827043533325195,2.1180974727030843e-05,0.1483684629201889
2757,43.88888888888888,45,40,0.8888888888888888,-0.004202278796583414,39.829078674316406,2.117175426974427e-05,0.7401971220970154
2758,49.36879432624113,47,46,0.9636879432624114,0.5022755861282349,37.92334747314453,2.1500492948689498e-05,2.4766664505004883
2759,-2.815181518151827,101,100,0.9818481848184818,0.4781284034252167,8.720186233520508,2.1624382497975603e-05,1.2520089149475098
2760,40.95652173913044,46,40,0.8695652173913043,0.8267026543617249,29.66255760192871,2.1893551092944108e-05,1.7536863088607788
2761,-7.631578947368416,95,83,0.8736842105263158,0.15373151004314423,16.490861892700195,2.1883233785047196e-05,0.2350565493106842
2762,-7.631578947368414,95,83,0.8736842105263158,0.6114628314971924,17.289743423461914,2.109891465806868e-05,1.8109192848205566
2763,-100.66834170854271,199,196,0.9833165829145729,0.3075990676879883,6.411251544952393,2.054648030025419e-05,0.2841744124889374
2764,40.95652173913044,46,40,0.8695652173913043,0.5547616481781006,32.97349548339844,1.909555066959001e-05,0.5387222766876221
2765,49.36879432624113,47,46,0.9636879432624114,0.40386393666267395,21.557735443115234,1.9032802811125293e-05,0.16957320272922516
2766,-9.043613707165113,107,105,0.979563862928349,0.09073325246572495,9.665038108825684,1.903970587591175e-05,0.3113340437412262
2767,-4.592233009708748,103,102,0.9840776699029126,0.44764643907546997,8.880105018615723,1.913551750476472e-05,0.8656327128410339
2768,-9.541666666666664,96,83,0.8645833333333334,-0.16194652020931244,14.468738555908203,1.9185197743354365e-05,0.5298900604248047
2769,-104.9376026272578,203,200,0.980623973727422,-0.1441236287355423,7.1757941246032715,1.9204147974960506e-05,0.2162199467420578
2770,48.10204081632652,49,48,0.9710204081632653,-0.27713263034820557,27.63312339782715,1.91205781447934e-05,0.3974364697933197
2771,-3.4224422442244293,101,99,0.9757755775577558,-0.26191946864128113,9.89572525024414,1.4652709978690837e-05,0.7802922129631042
2772,-5.96153846153846,104,103,0.9803846153846154,-0.42733851075172424,10.962385177612305,1.4653785910923034e-05,1.9388272762298584
2773,63.95652173913042,23,20,0.8695652173913043,0.22591325640678406,47.82164001464844,1.4636642845289316e-05,0.3926279544830322
2774,-5.702127659574468,94,83,0.8829787234042553,-0.46404051780700684,16.61899757385254,1.4527999155689031e-05,1.6180977821350098
2775,-102.70149253731344,201,198,0.9829850746268657,-0.11038564145565033,5.228198528289795,1.4498123164230492e-05,0.09093328565359116
2776,43.893081761006286,53,52,0.9689308176100629,0.40403082966804504,18.107410430908203,1.475764383940259e-05,2.029040813446045
2777,49.36879432624113,47,46,0.9636879432624114,-0.1370399296283722,22.366918563842773,1.48007402458461e-05,1.2008473873138428
2778,63.95652173913044,23,20,0.8695652173913043,1.3658454418182373,53.12641906738281,1.617551788513083e-05,4.478343486785889
2779,49.36879432624113,47,46,0.9636879432624114,0.12155470252037048,19.719554901123047,1.617549241927918e-05,0.2351580709218979
2780,-9.541666666666664,96,83,0.8645833333333334,0.10984890908002853,14.611083984375,1.6434081771876663e-05,1.8789509534835815
2781,40.95652173913043,46,40,0.8695652173913043,0.06716994196176529,34.54972839355469,1.6503458027727902e-05,0.8687791228294373
2782,46.564102564102555,52,52,0.9856410256410256,-0.15410064160823822,25.44925308227539,1.6427571608801372e-05,1.779115080833435
2783,-9.54166666666666,96,83,0.8645833333333334,-0.2887636423110962,16.410757064819336,1.6455736840725876e-05,0.5135582089424133
2784,-5.718446601941755,103,101,0.9728155339805825,-0.3529096841812134,8.623686790466309,1.629037615202833e-05,0.46135127544403076
2785,48.68707482993197,49,48,0.9768707482993197,0.09807468205690384,23.98699188232422,1.624168362468481e-05,0.6197772026062012
2786,-110.85964912280703,209,206,0.9814035087719298,-0.1887001395225525,5.786725044250488,1.621591036382597e-05,0.6935589909553528
2787,-104.76026272577998,203,200,0.9823973727422003,-0.23062391579151154,5.450558662414551,1.6199788660742342e-05,0.0780605599284172
2788,-7.631578947368418,95,83,0.8736842105263158,-0.30853068828582764,15.420668601989746,1.6070116544142365e-05,0.8979612588882446
2789,63.95652173913043,23,20,0.8695652173913043,-0.6355255246162415,55.77833557128906,1.650878766668029e-05,2.9068562984466553
2790,40.95652173913043,46,40,0.8695652173913043,0.21801456809043884,29.624666213989258,1.65093042596709e-05,0.29574355483055115
2791,-108.53945249597425,207,204,0.9846054750402576,-0.31005609035491943,4.8050761222839355,1.6511299691046588e-05,0.0484352707862854
2792,-7.631578947368418,95,83,0.8736842105263158,-0.33995550870895386,14.235444068908691,1.6512251022504643e-05,0.38361313939094543
2793,47.299319727891145,49,48,0.9629931972789115,-0.05969342216849327,19.15810203552246,1.650458034418989e-05,0.5314184427261353
2794,49.027210884353735,49,49,0.9802721088435374,0.02734546735882759,18.01008415222168,1.653559047554154e-05,1.216943621635437
2795,46.75163398692809,51,51,0.977516339869281,-0.43975844979286194,17.89351463317871,1.6570907973800786e-05,0.9626955986022949
2796,-2.9537953795379632,101,100,0.9804620462046204,-0.45608648657798767,12.806612968444824,1.5957019058987498e-05,0.05443699285387993
2797,63.95652173913043,23,20,0.8695652173913043,-0.08443979173898697,42.282203674316406,1.6062287613749504e-05,1.247180461883545
2798,-7.107936507936511,105,104,0.978920634920635,-0.45491230487823486,8.725488662719727,1.606378828000743e-05,0.03766989707946777
2799,63.95652173913043,23,20,0.8695652173913043,0.7498605847358704,51.97798538208008,1.6051597413024865e-05,1.7612956762313843
2800,-4.254901960784325,102,100,0.9774509803921568,-0.034436341375112534,12.675804138183594,1.6148711438290775e-05,1.5916454792022705
2801,43.888888888888886,45,40,0.8888888888888888,0.04156213253736496,34.857154846191406,1.6238829630310647e-05,1.3347734212875366
2802,47.62585034013605,49,48,0.9662585034013605,-0.41782552003860474,21.70330238342285,1.6313530068146065e-05,1.2340826988220215
2803,46.626666666666665,50,49,0.9662666666666667,-0.703861653804779,24.7811336517334,1.696233266557101e-05,3.515486478805542
2804,-108.53945249597423,207,204,0.9846054750402576,-0.4980340898036957,5.356401443481445,1.6417752704001032e-05,0.42443525791168213
2805,63.95652173913044,23,20,0.8695652173913043,-0.7994579672813416,35.89091110229492,1.6626150681986474e-05,2.0813558101654053
2806,63.95652173913044,23,20,0.8695652173913043,-1.4519190788269043,37.44694137573242,1.645777047087904e-05,4.0419921875
2807,63.95652173913044,23,20,0.8695652173913043,0.491300493478775,48.083248138427734,1.682218862697482e-05,2.332627058029175
2808,40.95652173913043,46,40,0.8695652173913043,-0.8907226324081421,31.54041290283203,1.760091254254803e-05,3.9126150608062744
2809,-8.93769470404985,107,106,0.9806230529595016,-0.3656202554702759,11.484285354614258,1.7632884919294156e-05,0.9742137789726257
2810,-5.317152103559876,103,101,0.9768284789644013,0.11018866300582886,12.253252983093262,1.719507599773351e-05,0.16472947597503662
2811,63.95652173913044,23,20,0.8695652173913043,0.23561245203018188,56.62681198120117,1.7232059690286405e-05,0.5503853559494019
2812,48.68707482993198,49,48,0.9768707482993197,0.8065420389175415,24.868669509887695,1.7585663954378106e-05,2.1928765773773193
2813,38.1063829787234,47,40,0.851063829787234,-0.3529163599014282,30.79656410217285,1.7660195226198994e-05,1.4171947240829468
2814,40.95652173913044,46,40,0.8695652173913043,-0.6093971133232117,29.764738082885742,1.7760394257493317e-05,1.6132954359054565
2815,63.95652173913044,23,20,0.8695652173913043,-1.2347615957260132,51.28785705566406,1.840070945036132e-05,3.4922211170196533
2816,-5.702127659574468,94,83,0.8829787234042553,-0.6091964244842529,18.731800079345703,1.784803498594556e-05,1.3230693340301514
2817,48.68707482993197,49,48,0.9768707482993197,-0.06752823293209076,23.479555130004883,1.7781918359105475e-05,0.22089768946170807
2818,43.888888888888886,45,40,0.8888888888888888,-0.6304126381874084,34.63894271850586,1.7913167539518327e-05,1.7662266492843628
2819,-107.9243156199678,207,206,0.990756843800322,-0.42973169684410095,5.22695255279541,1.7912125258590095e-05,0.36807781457901
2820,63.95652173913044,23,20,0.8695652173913043,-0.14351926743984222,49.906002044677734,1.572266046423465e-05,0.7554855942726135
2821,-4.2549019607843235,102,100,0.9774509803921568,-0.0019040718907490373,13.096747398376465,1.542585960123688e-05,1.4065704345703125
2822,-107.9243156199678,207,206,0.990756843800322,0.0031124879606068134,5.386031627655029,1.528554093965795e-05,0.587364137172699
2823,-9.54166666666666,96,83,0.8645833333333334,-0.6196043491363525,17.177059173583984,1.5546082067885436e-05,2.3060309886932373
2824,-9.541666666666664,96,83,0.8645833333333334,-0.032240916043519974,15.838523864746094,1.4996105164755136e-05,0.005472235381603241
2825,63.95652173913044,23,20,0.8695652173913043,-1.6385316848754883,51.911766052246094,1.8406279195914976e-05,7.6889214515686035
2826,47.13333333333333,50,49,0.9713333333333334,-0.1471235454082489,26.780780792236328,1.837863601394929e-05,0.2995474636554718
2827,-9.541666666666663,96,83,0.8645833333333334,-0.15734320878982544,15.28805160522461,1.8357579392613843e-05,0.06932124495506287
2828,-99.21885521885523,198,196,0.9878114478114478,0.0795067623257637,5.109467029571533,1.835301191022154e-05,0.03134625777602196
2829,40.95652173913043,46,40,0.8695652173913043,0.2036486268043518,29.053653717041016,1.8339031157665886e-05,0.20080111920833588
2830,59.333333333333336,24,20,0.8333333333333334,-1.3724886178970337,57.60676574707031,1.915423672471661e-05,4.728394031524658
2831,63.95652173913043,23,20,0.8695652173913043,-0.07515720278024673,49.1181640625,1.9154284018441103e-05,0.1333913952112198
2832,40.95652173913043,46,40,0.8695652173913043,-0.09629854559898376,31.4385986328125,1.9165780031471513e-05,0.9167250394821167
2833,47.13333333333333,50,49,0.9713333333333334,-0.4382023215293884,23.80638885498047,1.925570541061461e-05,1.7567561864852905
2834,46.46153846153847,52,52,0.9846153846153847,-0.11200081557035446,25.054197311401367,1.932972918439191e-05,1.4718114137649536
2835,-9.541666666666664,96,83,0.8645833333333334,-1.7902648448944092,16.152414321899414,2.1755704437964596e-05,6.747654438018799
2836,-8.937694704049841,107,106,0.9806230529595016,-0.6086578369140625,13.659168243408203,2.161080192308873e-05,1.5660459995269775
2837,40.95652173913044,46,40,0.8695652173913043,0.42360442876815796,29.658906936645508,2.1560254026553594e-05,0.793678879737854
2838,47.62585034013605,49,48,0.9662585034013605,-0.3496955931186676,20.935752868652344,2.2051302948966622e-05,2.6600916385650635
2839,63.95652173913043,23,20,0.8695652173913043,-0.549648106098175,48.70271682739258,2.1942556486465037e-05,0.8266348838806152
2840,63.95652173913043,23,20,0.8695652173913043,-2.607661724090576,51.2849235534668,2.6906760467682034e-05,10.208903312683105
2841,-11.432989690721655,97,83,0.8556701030927835,-0.653677761554718,15.738261222839355,2.6676587367546745e-05,1.1658765077590942
2842,-7.631578947368415,95,83,0.8736842105263158,0.28778979182243347,15.611870765686035,2.678661076060962e-05,2.6880366802215576
2843,47.13333333333333,50,49,0.9713333333333334,-0.20606665313243866,21.095857620239258,2.6739480745163746e-05,0.6261332035064697
2844,63.95652173913044,23,20,0.8695652173913043,-1.0685373544692993,53.838375091552734,2.7290507205179892e-05,3.7072372436523438
2845,-9.54166666666666,96,83,0.8645833333333334,0.03151821345090866,14.441873550415039,2.746687277976889e-05,1.0976332426071167
2846,63.95652173913044,23,20,0.8695652173913043,0.30951058864593506,42.76353454589844,2.69994925474748e-05,0.42912301421165466
2847,63.95652173913043,23,20,0.8695652173913043,-0.38879257440567017,47.18198013305664,2.705414044612553e-05,1.6625655889511108
2848,-9.54166666666666,96,83,0.8645833333333334,-0.28810691833496094,14.5311861038208,2.6953319320455194e-05,0.33570146560668945
2849,-2.9537953795379663,101,100,0.9804620462046204,-0.20107486844062805,8.96147632598877,2.6771116608870216e-05,0.07187686115503311
2850,-2.9537953795379663,101,100,0.9804620462046204,-0.39055198431015015,9.20911979675293,2.67590530711459e-05,0.27835413813591003
2851,-7.107936507936503,105,104,0.978920634920635,-0.3908105790615082,10.418883323669434,2.6815796445589513e-05,0.3582940101623535
2852,-7.631578947368411,95,83,0.8736842105263158,-0.6026817560195923,15.386326789855957,2.6887046260526404e-05,1.6856451034545898
2853,40.95652173913043,46,40,0.8695652173913043,1.2830942869186401,32.133636474609375,2.7244223019806668e-05,4.426858425140381
2854,40.95652173913043,46,40,0.8695652173913043,-0.4754294753074646,30.213577270507812,2.7322215828462504e-05,1.8150278329849243
2855,-7.631578947368418,95,83,0.8736842105263158,-0.1099960133433342,14.142189025878906,2.731706808845047e-05,0.01605258695781231
2856,-9.54166666666666,96,83,0.8645833333333334,-0.10639458149671555,13.450576782226562,2.7324576876708306e-05,0.23240657150745392
2857,48.687074829931966,49,48,0.9768707482993197,0.1676681637763977,23.744813919067383,2.736509486567229e-05,0.30888795852661133
2858,63.95652173913043,23,20,0.8695652173913043,-0.757503867149353,55.48618698120117,2.6869647626881488e-05,1.585289716720581
2859,59.333333333333336,24,20,0.8333333333333334,-0.08633936941623688,48.349449157714844,2.6709074518294074e-05,0.2739684581756592
2860,40.95652173913044,46,40,0.8695652173913043,-0.8156918883323669,30.90938949584961,2.7173709895578213e-05,4.223581790924072
2861,46.73333333333333,50,49,0.9673333333333334,0.32533982396125793,23.559228897094727,2.7198635507375002e-05,0.44315043091773987
2862,-9.54166666666666,96,83,0.8645833333333334,0.14952638745307922,16.200254440307617,2.6869904104387388e-05,0.17964385449886322
2863,63.95652173913044,23,20,0.8695652173913043,0.19800753891468048,50.65822219848633,2.6816716854227707e-05,0.535065233707428
2864,-7.6315789473684195,95,83,0.8736842105263158,0.4253494441509247,15.570511817932129,2.703975587792229e-05,1.5929343700408936
2865,-3.7647058823529536,102,101,0.9823529411764705,0.2546035945415497,11.489824295043945,2.719825533858966e-05,1.1561386585235596
2866,40.95652173913044,46,40,0.8695652173913043,0.9283115267753601,28.157094955444336,2.812257116602268e-05,3.363089084625244
2867,-102.70149253731344,201,198,0.9829850746268657,-0.34070900082588196,6.139674663543701,2.7988180590909906e-05,0.6904854774475098
2868,43.888888888888886,45,40,0.8888888888888888,0.4601709842681885,30.084184646606445,2.8266897061257623e-05,1.8006393909454346
2869,63.95652173913044,23,20,0.8695652173913043,-0.6665579676628113,41.83010482788086,2.836816020135302e-05,2.150883436203003
2870,-5.961538461538465,104,103,0.9803846153846154,-0.24015027284622192,13.521308898925781,2.83657391264569e-05,0.7626096606254578
2871,43.88888888888888,45,40,0.8888888888888888,-1.5879868268966675,30.172435760498047,3.04532495647436e-05,6.486106872558594
2872,-7.631578947368411,95,83,0.8736842105263158,-0.08892691880464554,15.337610244750977,3.041918171220459e-05,0.3326965272426605
2873,40.95652173913042,46,40,0.8695652173913043,0.5949124097824097,30.271520614624023,3.072905383305624e-05,1.5984570980072021
2874,-100.66834170854273,199,196,0.9833165829145729,0.17509518563747406,5.0960822105407715,3.071065293624997e-05,0.16861185431480408
2875,-7.63157894736842,95,83,0.8736842105263158,0.2787531614303589,15.758886337280273,3.081555769313127e-05,0.7831687927246094
2876,-102.70149253731344,201,198,0.9829850746268657,0.33089202642440796,4.777660369873047,3.051486964977812e-05,0.8494736552238464
2877,-6.480769230769237,104,102,0.9751923076923077,0.28800535202026367,11.79041862487793,3.064114571316168e-05,0.9185165762901306
2878,-7.631578947368416,95,83,0.8736842105263158,-0.1721716821193695,18.347671508789062,2.905264227592852e-05,1.3111622333526611
2879,63.95652173913043,23,20,0.8695652173913043,0.003227631328627467,48.008323669433594,2.905746987380553e-05,1.1996475458145142
2880,63.95652173913043,23,20,0.8695652173913043,0.33038318157196045,49.578285217285156,2.9512044420698658e-05,3.05314040184021
2881,59.33333333333334,24,20,0.8333333333333334,0.23574483394622803,54.5693359375,2.9492148314602673e-05,0.7600650191307068
2882,40.95652173913043,46,40,0.8695652173913043,-0.4074602723121643,28.96759033203125,2.933194991783239e-05,2.5661027431488037
2883,63.95652173913043,23,20,0.8695652173913043,0.7164409756660461,42.793277740478516,2.9600974812638015e-05,1.7122583389282227
2884,-2.9537953795379654,101,100,0.9804620462046204,-0.3900778889656067,10.025625228881836,2.9597373213618994e-05,0.7217106223106384
2885,46.75163398692809,51,51,0.977516339869281,0.19106237590312958,15.839555740356445,2.9705111955991015e-05,0.6259512305259705
2886,-4.915857605177996,103,102,0.98084142394822,-0.015263861045241356,8.886548042297363,2.97655860777013e-05,0.3031630516052246
2887,-105.46732026143792,204,202,0.9853267973856209,-0.011967247352004051,4.982339382171631,2.973965456476435e-05,0.2846827805042267
2888,47.13333333333333,50,49,0.9713333333333334,-0.08394630998373032,37.00369644165039,2.9737469958490692e-05,0.5835822224617004
2889,-5.718446601941748,103,101,0.9728155339805825,-0.3106377124786377,10.594521522521973,2.9449038265738636e-05,1.22356379032135
2890,-102.70149253731344,201,198,0.9829850746268657,0.08023329824209213,4.483026504516602,2.949404006358236e-05,0.2669685184955597
2891,-99.21885521885523,198,196,0.9878114478114478,0.10147914290428162,5.320511817932129,2.9480443117790855e-05,0.12929897010326385
2892,63.95652173913042,23,20,0.8695652173913043,0.3796404004096985,45.46255874633789,2.975593088194728e-05,1.4785523414611816
2893,46.564102564102555,52,52,0.9856410256410256,-0.2859647870063782,16.03561019897461,2.9764412829536013e-05,0.25492075085639954
2894,38.1063829787234,47,40,0.851063829787234,0.8417589068412781,31.03824806213379,3.0303339372039773e-05,2.8555498123168945
2895,63.95652173913043,23,20,0.8695652173913043,-0.9139614105224609,45.40636444091797,3.0796974897384644e-05,3.4864304065704346
2896,46.564102564102555,52,52,0.9856410256410256,-0.7797919511795044,16.433298110961914,3.082452531089075e-05,1.557910680770874
2897,59.333333333333336,24,20,0.8333333333333334,-0.5373565554618835,56.458770751953125,3.059759910684079e-05,0.7841008305549622
2898,46.564102564102555,52,52,0.9856410256410256,-0.735151469707489,16.3342342376709,3.058669244637713e-05,1.2880040407180786
2899,40.95652173913042,46,40,0.8695652173913043,0.30784478783607483,27.40869140625,3.0293551390059292e-05,0.4460477828979492
2900,-2.9537953795379672,101,100,0.9804620462046204,0.08524739742279053,8.49449634552002,3.0468985642073676e-05,1.2120274305343628
2901,-3.764705882352952,102,101,0.9823529411764705,-0.1765586882829666,9.362078666687012,3.044661025342066e-05,0.42032450437545776
2902,-102.70149253731344,201,198,0.9829850746268657,-0.19567374885082245,4.234920978546143,3.0434608561336063e-05,0.3198813199996948
2903,-7.107936507936511,105,104,0.978920634920635,-0.1779240518808365,9.21499252319336,3.000996912305709e-05,0.516917884349823
2904,49.02721088435374,49,49,0.9802721088435374,-0.3526676893234253,22.043724060058594,3.006522820214741e-05,1.6004008054733276
2905,-4.915857605178,103,102,0.98084142394822,0.44866621494293213,7.952620029449463,3.0365341444849037e-05,2.0328774452209473
2906,-6.480769230769237,104,102,0.9751923076923077,-0.2568126320838928,9.142948150634766,2.967202090076171e-05,0.30628809332847595
2907,-9.541666666666668,96,83,0.8645833333333334,-0.3974783420562744,13.96214771270752,2.9161439670133404e-05,0.23451440036296844
2908,-4.592233009708751,103,102,0.9840776699029126,0.0036827088333666325,8.706122398376465,2.8486281735240482e-05,0.017131201922893524
2909,63.95652173913042,23,20,0.8695652173913043,0.8428751230239868,41.258968353271484,2.9127542802598327e-05,2.737565279006958
2910,-9.541666666666666,96,83,0.8645833333333334,-0.11556770652532578,12.568207740783691,2.9224023819551803e-05,0.797768771648407
2911,40.95652173913043,46,40,0.8695652173913043,-0.06965988874435425,29.165679931640625,2.918902646342758e-05,0.22889816761016846
2912,-4.254901960784322,102,100,0.9774509803921568,0.3224414885044098,9.27219009399414,2.8864014893770218e-05,0.9075142741203308
2913,46.626666666666665,50,49,0.9662666666666667,-0.5192537903785706,20.795167922973633,2.8865362764918245e-05,1.42915940284729
2914,40.95652173913043,46,40,0.8695652173913043,-0.24914294481277466,27.58131217956543,2.879246494558174e-05,0.7220845818519592
2915,63.95652173913043,23,20,0.8695652173913043,0.10950381308794022,50.98446273803711,2.8465678042266518e-05,1.475298523902893
2916,-7.107936507936513,105,104,0.978920634920635,-0.563052773475647,10.773996353149414,2.842812318704091e-05,0.05803631991147995
2917,63.95652173913044,23,20,0.8695652173913043,-0.8513302206993103,43.36870193481445,2.8665497666224837e-05,2.4238779544830322
2918,-100.66834170854271,199,196,0.9833165829145729,-0.4718375504016876,5.395866394042969,2.860788481484633e-05,1.3397120237350464
2919,63.95652173913043,23,20,0.8695652173913043,0.4054572582244873,51.335060119628906,2.870883690775372e-05,0.8339022397994995
2920,63.95652173913044,23,20,0.8695652173913043,-1.8372381925582886,52.93505859375,3.301135802757926e-05,8.844118118286133
2921,40.95652173913042,46,40,0.8695652173913043,0.07310657948255539,30.51059913635254,3.296308568678796e-05,0.45009687542915344
2922,49.36879432624113,47,46,0.9636879432624114,-0.16621114313602448,22.25490379333496,3.293867121101357e-05,1.4401801824569702
2923,-4.915857605178003,103,102,0.98084142394822,0.1958949863910675,8.75096321105957,3.294845373602584e-05,1.3175747394561768
2924,-3.4224422442244293,101,99,0.9757755775577558,-0.02807551622390747,8.315773010253906,3.2937739888438955e-05,0.21479688584804535
2925,40.95652173913044,46,40,0.8695652173913043,0.23289529979228973,34.55208206176758,2.9838236514478922e-05,0.9551706910133362
2926,-8.93769470404985,107,106,0.9806230529595016,-0.38902002573013306,8.842650413513184,2.983954436786007e-05,0.22809357941150665
2927,63.95652173913043,23,20,0.8695652173913043,0.527202308177948,35.46774673461914,3.0242099455790594e-05,2.1757640838623047
2928,63.95652173913043,23,20,0.8695652173913043,0.20092777907848358,45.42091751098633,3.0249979317886755e-05,0.16214868426322937
2929,47.26666666666666,50,49,0.9726666666666667,-0.05708527937531471,25.06361198425293,3.0326984415296465e-05,1.6672238111495972
2930,48.10204081632653,49,48,0.9710204081632653,0.09724535048007965,16.156272888183594,2.916938319685869e-05,0.10606198757886887
2931,59.33333333333334,24,20,0.8333333333333334,-1.317337989807129,50.393489837646484,3.058963920921087e-05,5.195000648498535
2932,40.95652173913043,46,40,0.8695652173913043,0.361644983291626,29.518381118774414,3.0769340810365975e-05,1.3830920457839966
2933,43.888888888888886,45,40,0.8888888888888888,-0.34536704421043396,30.859376907348633,3.094893691013567e-05,2.5782837867736816
2934,-7.631578947368417,95,83,0.8736842105263158,0.25631850957870483,14.451359748840332,3.116692460025661e-05,1.7929145097732544
2935,63.95652173913043,23,20,0.8695652173913043,-0.13068096339702606,45.52928924560547,2.8671320251305588e-05,1.1079461574554443
2936,-3.7647058823529527,102,101,0.9823529411764705,0.015350655652582645,9.006662368774414,2.864447742467746e-05,0.7872576713562012
2937,-4.254901960784319,102,100,0.9774509803921568,0.42074987292289734,8.249056816101074,2.8766238756361417e-05,1.4882909059524536
2938,-102.70149253731344,201,198,0.9829850746268657,-0.0578254796564579,4.5792717933654785,2.831158781191334e-05,0.23945951461791992
2939,63.956521739130444,23,20,0.8695652173913043,0.2604600489139557,38.792537689208984,2.8312240829109214e-05,0.2758188843727112
2940,63.95652173913043,23,20,0.8695652173913043,0.5330470204353333,41.023441314697266,2.2905545847606845e-05,3.297283411026001
2941,-109.40064102564104,208,206,0.9859935897435897,-0.12098142504692078,4.433894157409668,2.2841171812615357e-05,0.01317809708416462
2942,-7.0512820512820555,104,101,0.9694871794871794,0.29766884446144104,10.596206665039062,2.239720561192371e-05,0.7447003126144409
2943,63.95652173913043,23,20,0.8695652173913043,0.3596859276294708,51.467498779296875,2.2393622202798724e-05,0.27607691287994385
2944,-7.631578947368411,95,83,0.8736842105263158,0.06935562193393707,17.171693801879883,2.160094300052151e-05,0.11768966913223267
2945,47.62585034013605,49,48,0.9662585034013605,-0.5669450163841248,20.224536895751953,5.188860814087093e-05,22.27657699584961
2946,-2.953795379537957,101,100,0.9804620462046204,0.29594850540161133,8.178792953491211,5.206228161114268e-05,1.712738037109375
2947,-6.480769230769238,104,102,0.9751923076923077,-0.5106489658355713,8.114819526672363,5.212218820815906e-05,1.9362379312515259
2948,-5.317152103559875,103,101,0.9768284789644013,0.16787120699882507,8.895365715026855,5.2122417400823906e-05,0.3010910451412201
2949,-9.541666666666668,96,83,0.8645833333333334,-0.29486843943595886,14.427399635314941,5.212781979935244e-05,0.2925231158733368
2950,40.95652173913043,46,40,0.8695652173913043,-0.11156783998012543,30.393938064575195,5.212429823586717e-05,0.12646105885505676
2951,-110.85964912280703,209,206,0.9814035087719298,0.023555023595690727,4.268535614013672,5.212466203374788e-05,0.351238876581192
2952,-7.631578947368418,95,83,0.8736842105263158,-0.14467233419418335,12.719855308532715,5.1957536925328895e-05,0.3404543399810791
2953,40.95652173913043,46,40,0.8695652173913043,0.4769498407840729,28.749364852905273,5.096507811686024e-05,1.8758574724197388
2954,-9.043613707165113,107,105,0.979563862928349,-0.08656740188598633,11.8090238571167,5.079631591797806e-05,0.7249674201011658
2955,63.95652173913043,23,20,0.8695652173913043,1.2904196977615356,39.59807205200195,5.169049836695194e-05,3.8356170654296875
2956,40.95652173913043,46,40,0.8695652173913043,0.03517478331923485,27.473724365234375,5.169704672880471e-05,0.3351353108882904
2957,-2.9537953795379637,101,100,0.9804620462046204,-0.3338150978088379,8.439705848693848,5.1726634410442784e-05,0.7111014127731323
2958,-4.2549019607843235,102,100,0.9774509803921568,-0.0747876837849617,9.260635375976562,5.1665738283190876e-05,1.2431955337524414
2959,48.68707482993197,49,48,0.9768707482993197,0.17401644587516785,21.649513244628906,5.168582356418483e-05,0.5931448340415955
2960,47.13333333333333,50,49,0.9713333333333334,-0.525128185749054,20.536006927490234,5.097167013445869e-05,2.521331310272217
2961,59.33333333333334,24,20,0.8333333333333334,-0.8063076734542847,59.84891891479492,5.17488042532932e-05,3.555401563644409
2962,63.95652173913043,23,20,0.8695652173913043,1.685030221939087,46.48755645751953,5.3162442782195285e-05,4.816812038421631
2963,-7.631578947368414,95,83,0.8736842105263158,-0.4994485676288605,14.754179954528809,5.3236057283356786e-05,1.1927427053451538
2964,46.75163398692809,51,51,0.977516339869281,0.22439004480838776,22.220478057861328,5.3086350817466155e-05,0.03814735263586044
2965,-7.6315789473684195,95,83,0.8736842105263158,-0.26105165481567383,16.113733291625977,5.30108118255157e-05,0.24794426560401917
2966,49.36879432624113,47,46,0.9636879432624114,-0.023312212899327278,23.01605224609375,5.232336116023362e-05,0.4689990282058716
2967,-9.541666666666663,96,83,0.8645833333333334,-0.8618621826171875,13.391019821166992,5.252086339169182e-05,1.9408644437789917
2968,46.56410256410256,52,52,0.9856410256410256,-0.7971786856651306,16.64228630065918,5.241473627393134e-05,1.3698517084121704
2969,40.95652173913043,46,40,0.8695652173913043,-0.07552293688058853,28.2429141998291,5.2149975090287626e-05,0.3118976652622223
2970,47.13333333333333,50,49,0.9713333333333334,-0.29845425486564636,25.300792694091797,5.215382407186553e-05,0.8052244186401367
2971,40.95652173913044,46,40,0.8695652173913043,-0.25861823558807373,29.604204177856445,4.963980973116122e-05,0.9856778383255005
2972,63.95652173913043,23,20,0.8695652173913043,-0.8577980995178223,53.437644958496094,5.0051450671162456e-05,2.6217079162597656
2973,40.95652173913043,46,40,0.8695652173913043,0.052618902176618576,27.330421447753906,4.9893988034455106e-05,0.3013603389263153
2974,-105.54575163398694,204,201,0.9845424836601308,-0.17964139580726624,4.2991485595703125,4.996336065232754e-05,1.0880507230758667
2975,-11.432989690721655,97,83,0.8556701030927835,-0.2052454948425293,15.128719329833984,4.995762719772756e-05,0.7249599695205688
2976,46.73333333333333,50,49,0.9673333333333334,-0.4369584918022156,17.806177139282227,4.993805487174541e-05,0.7536669969558716
2977,63.95652173913042,23,20,0.8695652173913043,0.6963094472885132,56.58706283569336,5.051577682024799e-05,3.1631460189819336
2978,-3.3594771241830133,102,101,0.9864052287581699,-0.13344188034534454,7.825141906738281,5.04567360621877e-05,0.8538159132003784
2979,40.95652173913043,46,40,0.8695652173913043,0.2001601904630661,30.96160316467285,5.038603922002949e-05,0.46053552627563477
2980,-105.54575163398694,204,201,0.9845424836601308,-0.013870890252292156,4.402857780456543,4.980558514944278e-05,0.35036322474479675
2981,47.62585034013605,49,48,0.9662585034013605,-1.4216781854629517,21.657634735107422,5.148544005351141e-05,5.368026256561279
2982,-5.702127659574462,94,83,0.8829787234042553,0.13053210079669952,15.096426963806152,5.177990169613622e-05,3.302069664001465
2983,63.95652173913042,23,20,0.8695652173913043,1.0656721591949463,53.03741455078125,5.211742973187938e-05,2.8726909160614014
2984,47.26666666666666,50,49,0.9726666666666667,0.3914446532726288,21.928150177001953,5.2094572311034426e-05,0.3077232241630554
2985,-3.422442244224425,101,99,0.9757755775577558,-0.0773080363869667,7.700908660888672,5.207295180298388e-05,0.2958317995071411
2986,-110.85964912280703,209,206,0.9814035087719298,-0.2986357510089874,4.226702690124512,5.20772700838279e-05,0.5345897078514099
2987,-107.9243156199678,207,206,0.990756843800322,-0.486766517162323,5.749075412750244,5.2271989261498675e-05,1.8458402156829834
2988,-104.76026272577998,203,200,0.9823973727422003,-0.34073731303215027,5.86498498916626,5.227553629083559e-05,0.5123780369758606
2989,63.95652173913042,23,20,0.8695652173913043,0.2672290802001953,47.686988830566406,5.279989636619575e-05,3.1168417930603027
2990,-6.480769230769233,104,102,0.9751923076923077,-0.7617197036743164,11.245264053344727,5.289385444484651e-05,1.2874557971954346
2991,47.133333333333326,50,49,0.9713333333333334,0.3023582398891449,17.981456756591797,5.3166644647717476e-05,2.0907633304595947
2992,40.95652173913043,46,40,0.8695652173913043,-0.6379662156105042,30.71902847290039,5.3227053285809234e-05,1.8196964263916016
2993,-7.631578947368414,95,83,0.8736842105263158,-0.6114076375961304,15.82164478302002,5.34581376996357e-05,1.9941127300262451
2994,48.68707482993198,49,48,0.9768707482993197,0.42442697286605835,25.308469772338867,5.294426955515519e-05,0.388901948928833
2995,40.95652173913044,46,40,0.8695652173913043,-0.5535048842430115,30.819486618041992,5.2574479923350736e-05,2.44838547706604
2996,-5.961538461538467,104,103,0.9803846153846154,-0.3522176146507263,10.71175765991211,5.2558221796061844e-05,1.4651530981063843
2997,-104.76026272577998,203,200,0.9823973727422003,-0.15748636424541473,6.626774787902832,5.2527910156641155e-05,0.21854786574840546
2998,40.95652173913043,46,40,0.8695652173913043,0.36429479718208313,30.630054473876953,5.264305218588561e-05,1.7968369722366333
2999,47.299319727891145,49,48,0.9629931972789115,-0.37064027786254883,18.52315330505371,5.270317706163041e-05,1.1418187618255615
3000,-105.46732026143792,204,202,0.9853267973856209,-0.027605317533016205,5.186378002166748,5.260768375592306e-05,0.17459435760974884
3001,48.10204081632652,49,48,0.9710204081632653,0.03502902388572693,20.87001609802246,5.276814044918865e-05,1.6072311401367188
3002,46.73333333333333,50,49,0.9673333333333334,-0.7177032828330994,23.201393127441406,5.2938881708541885e-05,1.732648253440857
3003,-6.480769230769237,104,102,0.9751923076923077,-0.39750370383262634,8.37977123260498,5.2967327064834535e-05,0.942028284072876
3004,-104.76026272577998,203,200,0.9823973727422003,-0.14344467222690582,7.018524646759033,5.282195343170315e-05,0.15776915848255157
3005,-2.815181518151829,101,100,0.9818481848184818,0.5870850086212158,10.577279090881348,5.259224781184457e-05,0.7464285492897034
3006,63.95652173913044,23,20,0.8695652173913043,0.6003838181495667,66.0782241821289,5.261757905827835e-05,0.6765180826187134
3007,59.333333333333336,24,20,0.8333333333333334,0.3705933392047882,58.53281021118164,5.2688788855448365e-05,1.1546714305877686
3008,47.62585034013605,49,48,0.9662585034013605,0.08910850435495377,17.896249771118164,5.2858500566799194e-05,1.5974102020263672
3009,-9.541666666666659,96,83,0.8645833333333334,-0.4595775008201599,14.0194730758667,5.237683581071906e-05,0.3308875560760498
3010,43.88888888888889,45,40,0.8888888888888888,0.11441905051469803,33.75030517578125,7.502823427785188e-05,19.292856216430664
3011,-102.70149253731344,201,198,0.9829850746268657,-0.5236345529556274,4.044074535369873,7.507048576371744e-05,0.8410642147064209
3012,-7.631578947368411,95,83,0.8736842105263158,-0.8645549416542053,16.46466636657715,7.51563929952681e-05,1.6667088270187378
3013,40.95652173913043,46,40,0.8695652173913043,-0.31238773465156555,37.67849349975586,7.508906128350645e-05,0.9068934917449951
3014,-104.9376026272578,203,200,0.980623973727422,-0.25623834133148193,4.714951992034912,7.50733888708055e-05,0.23139968514442444
3015,47.299319727891145,49,48,0.9629931972789115,-0.016888873651623726,16.55715560913086,7.4936164310202e-05,0.4314259886741638
3016,47.13333333333333,50,49,0.9713333333333334,-0.49625900387763977,17.606670379638672,7.516563346143812e-05,2.05462646484375
3017,-7.631578947368426,95,83,0.8736842105263158,-0.37084224820137024,15.612500190734863,7.486101821996272e-05,0.6946214437484741
3018,59.33333333333334,24,20,0.8333333333333334,0.8829597234725952,58.73067855834961,7.54520806367509e-05,3.239689350128174
3019,46.73333333333333,50,49,0.9673333333333334,0.5373603105545044,23.72476577758789,7.548456051154062e-05,1.0894628763198853
3020,-4.592233009708748,103,102,0.9840776699029126,0.4602661728858948,10.882736206054688,7.073951564962044e-05,0.8568046689033508
3021,63.95652173913043,23,20,0.8695652173913043,-0.49951139092445374,57.74821090698242,7.122587703634053e-05,2.8348071575164795
3022,43.89308176100629,53,52,0.9689308176100629,0.3099718391895294,19.259193420410156,7.112175808288157e-05,0.6561407446861267
3023,46.564102564102555,52,52,0.9856410256410256,-0.43045514822006226,15.274551391601562,7.101792289176956e-05,0.11602187156677246
3024,63.95652173913043,23,20,0.8695652173913043,-1.0015958547592163,59.11381912231445,7.12053370079957e-05,1.755450963973999
3025,-7.051282051282058,104,101,0.9694871794871794,-0.6835436820983887,9.146581649780273,7.125430420273915e-05,1.336417317390442
3026,47.266666666666666,50,49,0.9726666666666667,0.7961985468864441,16.858970642089844,7.153704791562632e-05,2.135314702987671
3027,-108.53945249597425,207,204,0.9846054750402576,-0.300167053937912,5.1136040687561035,7.12654073140584e-05,0.6235184073448181
3028,-9.541666666666671,96,83,0.8645833333333334,-0.657973051071167,16.513916015625,7.127383287297562e-05,0.43963032960891724
3029,40.95652173913044,46,40,0.8695652173913043,-0.44141969084739685,28.16512107849121,7.123396062524989e-05,1.4561222791671753
3030,-8.93769470404985,107,106,0.9806230529595016,-0.21873518824577332,8.025181770324707,7.126179843908176e-05,0.653506338596344
3031,-8.937694704049841,107,106,0.9806230529595016,-0.1257336288690567,7.43754768371582,6.962792394915596e-05,0.7639784216880798
3032,-4.254901960784319,102,100,0.9774509803921568,0.0633251741528511,8.741523742675781,6.951809336896986e-05,0.16850073635578156
3033,40.95652173913043,46,40,0.8695652173913043,0.4657338559627533,27.4574031829834,6.926745845703408e-05,1.7253952026367188
3034,63.95652173913044,23,20,0.8695652173913043,0.7711433172225952,50.0911750793457,6.921058957232162e-05,1.5009225606918335
3035,63.95652173913043,23,20,0.8695652173913043,-0.07578455656766891,53.360347747802734,6.916886195540428e-05,0.7712342739105225
3036,46.75163398692809,51,51,0.977516339869281,0.12136556953191757,16.937021255493164,6.913723336765543e-05,0.15602745115756989
3037,-4.915857605178003,103,102,0.98084142394822,-0.20604373514652252,7.386144161224365,6.901346932863817e-05,0.16890594363212585
3038,47.62585034013605,49,48,0.9662585034013605,-0.5891695618629456,15.680795669555664,6.905193004058674e-05,0.7849277257919312
3039,-3.422442244224429,101,99,0.9757755775577558,-0.06357391923666,7.984160423278809,6.906392081873491e-05,0.5385143160820007
3040,-7.05128205128206,104,101,0.9694871794871794,-0.317903071641922,11.529924392700195,6.854608363937587e-05,1.5122545957565308
3041,-9.541666666666666,96,83,0.8645833333333334,-0.34342649579048157,18.178056716918945,6.8549023126252e-05,0.21951214969158173
3042,-99.21885521885523,198,196,0.9878114478114478,0.019670067355036736,4.990622520446777,6.8532710429281e-05,0.5392841100692749
3043,43.888888888888886,45,40,0.8888888888888888,0.781201958656311,28.729265213012695,6.895439582876861e-05,2.6473278999328613
3044,48.10204081632652,49,48,0.9710204081632653,0.08054126799106598,15.427128791809082,6.895564001752064e-05,0.23508915305137634
3045,-100.66834170854273,199,196,0.9833165829145729,0.16794243454933167,5.758864402770996,3.970427860622294e-05,4.161713600158691
3046,43.888888888888886,45,40,0.8888888888888888,0.21327796578407288,32.419639587402344,3.952170300181024e-05,0.43801119923591614
3047,40.95652173913044,46,40,0.8695652173913043,-0.07034286111593246,30.893369674682617,0.0008261924958787858,113.6065444946289
3048,47.13333333333333,50,49,0.9713333333333334,0.1480472981929779,21.052303314208984,0.0010515021858736873,60.56527328491211
3049,40.95652173913043,46,40,0.8695652173913043,-0.389363557100296,26.923728942871094,0.0010516535257920623,1.6370481252670288
3050,-8.93769470404985,107,106,0.9806230529595016,-0.3351092040538788,7.387099266052246,0.0010525139514356852,3.6012284755706787
3051,63.95652173913043,23,20,0.8695652173913043,0.14660795032978058,40.42357635498047,0.001052540261298418,0.7256622910499573
3052,-7.107936507936513,105,104,0.978920634920635,-0.6604877710342407,9.804304122924805,0.0010542705422267318,5.518655300140381
3053,-4.915857605178004,103,102,0.98084142394822,-0.2905881106853485,8.097585678100586,0.0010758155258372426,19.016897201538086
3054,-105.4673202614379,204,202,0.9853267973856209,0.0012620125198736787,4.991446495056152,0.0010765055194497108,3.7607948780059814
3055,40.95652173913044,46,40,0.8695652173913043,0.030814744532108307,28.331327438354492,0.0010788656072691083,7.557923316955566
3056,40.95652173913044,46,40,0.8695652173913043,-0.9344328045845032,29.512269973754883,0.0011014614719897509,19.22098159790039
3057,46.626666666666665,50,49,0.9662666666666667,-0.3659501373767853,19.61397933959961,0.001101487665437162,0.9924085140228271
3058,-109.93269230769232,208,204,0.9806730769230769,-0.17444482445716858,4.177177906036377,0.0011014490155503154,0.8367006182670593
3059,-4.25490196078432,102,100,0.9774509803921568,0.0037890130188316107,8.494929313659668,0.0011014846386387944,0.8616822361946106
3060,-9.541666666666659,96,83,0.8645833333333334,-0.21332597732543945,12.8048734664917,0.0011212286772206426,17.97572898864746
3061,-2.953795379537965,101,100,0.9804620462046204,-0.5154716968536377,9.818944931030273,0.0013827558141201735,65.42145538330078
3062,-9.54166666666667,96,83,0.8645833333333334,-0.4301089942455292,13.403092384338379,0.0013812710531055927,0.1955447793006897
3063,46.75163398692809,51,51,0.977516339869281,0.26852861046791077,16.68572235107422,0.0014103297144174576,21.753662109375
3064,63.95652173913042,23,20,0.8695652173913043,0.21241523325443268,65.34569549560547,0.001410637516528368,2.172409772872925
3065,-3.4224422442244187,101,99,0.9757755775577558,0.011161659844219685,10.771468162536621,0.0014106490416452289,0.5224100947380066
3066,40.95652173913043,46,40,0.8695652173913043,1.0512303113937378,29.99343490600586,0.0014116065576672554,3.931339740753174
3067,-104.76026272577998,203,200,0.9823973727422003,-0.06980415433645248,5.756763458251953,0.0014115440426394343,1.7514703273773193
3068,63.95652173913043,23,20,0.8695652173913043,-0.9022664427757263,51.573055267333984,0.001413234742358327,5.429062843322754
3069,-106.9479674796748,205,202,0.980520325203252,-0.23019036650657654,5.551024913787842,0.0014167475746944547,7.695537567138672
3070,38.1063829787234,47,40,0.851063829787234,0.3176138699054718,29.564409255981445,0.0014796254690736532,31.9379940032959
3071,-4.592233009708751,103,102,0.9840776699029126,0.12104349583387375,9.190488815307617,0.001482002204284072,6.451744556427002
3072,-102.70149253731344,201,198,0.9829850746268657,-0.34968799352645874,3.826981544494629,0.001481595798395574,0.44914594292640686
3073,46.75163398692809,51,51,0.977516339869281,-0.4431564211845398,15.816788673400879,0.0014816884649917483,1.2702364921569824
3074,-3.4224422442244236,101,99,0.9757755775577558,-0.29831981658935547,9.0745267868042,0.0014816389884799719,0.5347757339477539
3075,48.68707482993197,49,48,0.9768707482993197,0.15444819629192352,23.864473342895508,0.0014816108159720898,0.31629806756973267
3076,-5.718446601941755,103,101,0.9728155339805825,-0.28503942489624023,7.5682244300842285,0.0014815889298915863,0.4658966064453125
3077,-9.54166666666666,96,83,0.8645833333333334,-0.16013257205486298,14.446403503417969,0.0014809684362262487,0.3763968348503113
3078,-9.54166666666667,96,83,0.8645833333333334,-0.3229517340660095,14.84701919555664,0.0014809499261900783,0.6349945664405823
3079,63.95652173913043,23,20,0.8695652173913043,-1.0309760570526123,59.35149383544922,0.0014824019744992256,4.955400466918945
3080,40.95652173913043,46,40,0.8695652173913043,0.17871738970279694,36.123252868652344,0.0014823998790234327,0.22110863029956818
3081,40.95652173913043,46,40,0.8695652173913043,-0.7257848381996155,31.238252639770508,0.0014814907917752862,3.7152650356292725
3082,-8.937694704049843,107,106,0.9806230529595016,-0.10961028188467026,9.281526565551758,0.0014808282721787691,0.4578898549079895
3083,-5.702127659574474,94,83,0.8829787234042553,0.01895267330110073,11.95787239074707,0.001480385079048574,1.1774420738220215
3084,-5.961538461538466,104,103,0.9803846153846154,-0.2306954562664032,8.637133598327637,0.0014840048970654607,7.737417697906494
3085,-11.432989690721653,97,83,0.8556701030927835,-0.6888027787208557,18.379337310791016,0.0014840393560007215,0.9725726246833801
3086,-9.541666666666668,96,83,0.8645833333333334,-0.5613900423049927,12.868224143981934,0.001484030857682228,0.3165283501148224
3087,-7.6315789473684195,95,83,0.8736842105263158,-0.22999149560928345,12.972884178161621,0.0014839023351669312,1.0328567028045654
3088,-2.953795379537967,101,100,0.9804620462046204,-0.38275855779647827,13.312066078186035,0.0014838939532637596,0.38767650723457336
3089,-5.718446601941757,103,101,0.9728155339805825,-0.2942851185798645,9.701519966125488,0.0014843562385067344,4.28992223739624
3090,40.95652173913042,46,40,0.8695652173913043,0.39235028624534607,31.042713165283203,0.0014846690464764833,2.393028736114502
3091,-9.541666666666663,96,83,0.8645833333333334,-0.5509482622146606,13.202178001403809,0.001484463457018137,1.3680155277252197
3092,-7.0512820512820635,104,101,0.9694871794871794,-0.14995574951171875,8.212443351745605,0.0014848754508420825,3.053206205368042
3093,-8.93769470404985,107,106,0.9806230529595016,-0.20870155096054077,9.50247859954834,0.0014847592683508992,1.4064598083496094
3094,46.626666666666665,50,49,0.9662666666666667,-0.3510584831237793,21.53586769104004,0.0014850053703412414,2.201660394668579
3095,-4.254901960784325,102,100,0.9774509803921568,0.31689804792404175,8.950572967529297,0.001490621012635529,9.799177169799805
3096,40.95652173913044,46,40,0.8695652173913043,-1.5671764612197876,28.361183166503906,0.0014926742296665907,6.0619049072265625
3097,-4.592233009708751,103,102,0.9840776699029126,0.18594342470169067,8.073038101196289,0.0014927302254363894,0.8042259812355042
3098,63.95652173913042,23,20,0.8695652173913043,0.31909891963005066,52.6363639831543,0.0014933779602870345,3.6345126628875732
3099,-9.54166666666666,96,83,0.8645833333333334,-0.1109955757856369,13.114225387573242,0.0014934672508388758,1.4689973592758179
3100,46.62666666666667,50,49,0.9662666666666667,-0.38669994473457336,17.712121963500977,0.0014934649225324392,0.08139057457447052
3101,-11.432989690721653,97,83,0.8556701030927835,-0.736533522605896,12.35934066772461,0.0014933787751942873,1.3699127435684204
3102,-3.7647058823529536,102,101,0.9823529411764705,-0.10940488427877426,6.969248294830322,0.001493240357376635,0.4826624393463135
3103,-8.93769470404985,107,106,0.9806230529595016,-0.060392092913389206,7.739797592163086,0.0014932681806385517,0.9782063364982605
3104,-9.541666666666664,96,83,0.8645833333333334,-0.374612957239151,13.925885200500488,0.0014932721387594938,0.35911497473716736
3105,47.62585034013605,49,48,0.9662585034013605,-0.2517077326774597,22.53304100036621,0.0014932584017515182,0.5945056676864624
3106,38.10638297872341,47,40,0.851063829787234,-0.5919302701950073,29.22791290283203,0.0014935502549633384,2.4257333278656006
3107,-9.541666666666666,96,83,0.8645833333333334,-0.4445788860321045,14.409480094909668,0.0014935459475964308,1.129913568496704
3108,63.95652173913044,23,20,0.8695652173913043,0.4606180191040039,41.85215759277344,0.001493427436798811,0.8854212760925293
3109,40.95652173913044,46,40,0.8695652173913043,-0.24864576756954193,28.63381004333496,0.0014934769133105874,1.059229850769043
3110,46.62666666666667,50,49,0.9662666666666667,-1.1445305347442627,18.704509735107422,0.0014720989856868982,4.809117794036865
3111,-3.7647058823529527,102,101,0.9823529411764705,-0.2889820635318756,8.19450569152832,0.001472068834118545,0.3381015658378601
3112,63.95652173913043,23,20,0.8695652173913043,-2.487196922302246,46.11106491088867,0.00147633021697402,8.672052383422852
3113,-9.541666666666663,96,83,0.8645833333333334,-0.2331392914056778,12.455368041992188,0.0014763240469619632,0.34267550706863403
3114,63.95652173913043,23,20,0.8695652173913043,-0.09100618958473206,46.12415313720703,0.001476404955610633,0.9881961941719055
3115,-110.85964912280701,209,206,0.9814035087719298,-0.3208260238170624,4.611175060272217,0.0014768048422411084,2.557499885559082
3116,63.95652173913043,23,20,0.8695652173913043,0.21595612168312073,49.32017517089844,0.001476599951274693,0.04956672340631485
3117,-7.631578947368416,95,83,0.8736842105263158,-0.2102239727973938,14.882974624633789,0.0014765937812626362,0.6088167428970337
3118,46.62666666666667,50,49,0.9662666666666667,0.3121996223926544,25.193998336791992,0.0014759140321984887,0.7673975825309753
3119,-5.702127659574465,94,83,0.8829787234042553,0.2926594614982605,15.77485179901123,0.0014759553596377373,1.3392151594161987
3120,59.33333333333333,24,20,0.8333333333333334,1.0782159566879272,55.54187774658203,0.0014771639835089445,4.3217387199401855
3121,46.62666666666667,50,49,0.9662666666666667,-0.09250891208648682,24.472970962524414,0.0014768216060474515,1.3985157012939453
3122,-7.631578947368415,95,83,0.8736842105263158,0.14866545796394348,14.124180793762207,0.0014769943663850427,1.6776480674743652
3123,48.68707482993197,49,48,0.9768707482993197,0.6436488032341003,23.421283721923828,0.0014771918067708611,1.625124454498291
3124,49.36879432624113,47,46,0.9636879432624114,0.008979130536317825,21.676025390625,0.0014770443085581064,0.22765043377876282
3125,63.95652173913043,23,20,0.8695652173913043,-0.5177409052848816,48.51955795288086,0.001478504971601069,5.157411098480225
3126,-105.54575163398692,204,201,0.9845424836601308,-0.348163902759552,5.4086079597473145,0.0014782054349780083,0.44107142090797424
3127,40.95652173913044,46,40,0.8695652173913043,-0.36229246854782104,28.48602867126465,0.001478183432482183,0.19301529228687286
3128,-9.043613707165111,107,105,0.979563862928349,-0.44540169835090637,9.559442520141602,0.0014781808713451028,0.3881160616874695
3129,-100.66834170854271,199,196,0.9833165829145729,-0.26166725158691406,4.478988170623779,0.0014780777273699641,0.28071072697639465
3130,-105.54575163398692,204,201,0.9845424836601308,-0.20112492144107819,4.8500189781188965,0.0014780403580516577,0.10481861233711243
3131,40.95652173913044,46,40,0.8695652173913043,-1.1940560340881348,29.094205856323242,0.0014798167394474149,5.675037384033203
3132,-9.541666666666663,96,83,0.8645833333333334,0.12248142808675766,15.196231842041016,0.0014799548080191016,1.2773702144622803
3133,-7.631578947368416,95,83,0.8736842105263158,-0.4218544661998749,15.398446083068848,0.0014797564363107085,0.9926145076751709
3134,-105.46732026143792,204,202,0.9853267973856209,-0.02601625956594944,5.681698322296143,0.001479569124057889,0.28464552760124207
3135,49.36879432624113,47,46,0.9636879432624114,0.25676602125167847,17.072057723999023,0.0014795728493481874,0.3271162807941437
3136,63.95652173913044,23,20,0.8695652173913043,-0.21119315922260284,47.58890914916992,0.0014796835603192449,1.6701467037200928
3137,63.95652173913043,23,20,0.8695652173913043,0.34607699513435364,34.66788101196289,0.0014799238415434957,1.712453842163086
3138,-11.432989690721651,97,83,0.8556701030927835,-0.1543595939874649,14.440512657165527,0.001479953178204596,0.5695041418075562
3139,40.95652173913044,46,40,0.8695652173913043,0.26314598321914673,32.72644805908203,0.0014800544595345855,1.2530221939086914
3140,40.95652173913044,46,40,0.8695652173913043,-0.09839287400245667,25.299280166625977,0.0014798553893342614,0.17113728821277618
3141,40.95652173913043,46,40,0.8695652173913043,1.030012845993042,28.017723083496094,0.0014817541232332587,5.353829860687256
3142,43.888888888888886,45,40,0.8888888888888888,-0.5299336910247803,30.309907913208008,0.0014818074414506555,1.2449865341186523
3143,40.95652173913042,46,40,0.8695652173913043,0.06870158761739731,29.095417022705078,0.0014814382884651423,1.0474077463150024
3144,63.95652173913043,23,20,0.8695652173913043,-0.8841575384140015,38.43368148803711,0.0014817757764831185,2.6166367530822754
3145,40.95652173913043,46,40,0.8695652173913043,0.5092860460281372,28.307613372802734,0.001481136423535645,2.0445079803466797
3146,-7.631578947368418,95,83,0.8736842105263158,-0.11002089083194733,15.514671325683594,0.0014811719302088022,0.5333462357521057
3147,59.333333333333336,24,20,0.8333333333333334,1.7481415271759033,55.75307846069336,0.0006929903756827116,4.9414496421813965
3148,40.95652173913043,46,40,0.8695652173913043,0.4469769299030304,33.879173278808594,0.0004689944616984576,0.16545099020004272
3149,43.888888888888886,45,40,0.8888888888888888,0.47658205032348633,31.32004165649414,0.0004688796470873058,0.29649993777275085
3150,-7.0512820512820635,104,101,0.9694871794871794,-0.1413164734840393,8.57443904876709,0.00046836448018439114,2.2459042072296143
3151,47.133333333333326,50,49,0.9713333333333334,-0.32554465532302856,31.097457885742188,0.0004683861043304205,1.2915802001953125
3152,59.33333333333334,24,20,0.8333333333333334,0.8254424333572388,47.763397216796875,0.00046782862045802176,4.313819885253906
3153,-102.70149253731344,201,198,0.9829850746268657,0.02789960615336895,3.786355495452881,0.00044582964619621634,0.3540651798248291
3154,-9.043613707165111,107,105,0.979563862928349,-0.2970177233219147,9.665152549743652,0.00044493679888546467,0.2798067331314087
3155,47.625850340136054,49,48,0.9662585034013605,-0.18135111033916473,16.922740936279297,0.0004413209389895201,0.3971653878688812
3156,40.95652173913043,46,40,0.8695652173913043,-0.14548178017139435,30.569019317626953,0.0004188470484223217,1.389485239982605
3157,-104.76026272577998,203,200,0.9823973727422003,-0.23060433566570282,4.730813980102539,0.00041880804928950965,0.24277125298976898
3158,-9.541666666666671,96,83,0.8645833333333334,-0.11202358454465866,14.510701179504395,0.00042112969094887376,6.187295913696289
3159,59.333333333333336,24,20,0.8333333333333334,1.6988557577133179,49.67500305175781,0.00042345511610619724,6.1132683753967285
3160,-9.54166666666666,96,83,0.8645833333333334,-0.8326489925384521,14.309853553771973,0.00040763718425296247,7.989449977874756
3161,63.95652173913044,23,20,0.8695652173913043,-0.8021907210350037,53.118736267089844,0.0001468756963731721,2.930314779281616
3162,48.10204081632653,49,48,0.9710204081632653,-0.36588895320892334,18.89523696899414,0.00014744744112249464,3.1719069480895996
3163,-3.42244224422443,101,99,0.9757755775577558,0.20171068608760834,12.422707557678223,0.00011871862807311118,1.5929572582244873
3164,-104.76026272577998,203,200,0.9823973727422003,-0.30811136960983276,3.9574928283691406,0.00011838259524665773,0.1032206267118454
3165,46.75163398692809,51,51,0.977516339869281,-0.051156554371118546,15.425787925720215,0.00011838556383736432,0.5410261154174805
3166,40.95652173913043,46,40,0.8695652173913043,-0.18450641632080078,27.31386375427246,0.00011733983410522342,0.3978544771671295
3167,-7.051282051282056,104,101,0.9694871794871794,-0.24453970789909363,7.924837589263916,0.00011716334847733378,0.40295279026031494
3168,-9.54166666666666,96,83,0.8645833333333334,-0.5939081907272339,12.686371803283691,0.00011548070324352011,0.5299422144889832
3169,46.75163398692809,51,51,0.977516339869281,0.036429863423109055,16.667627334594727,0.00011167981574544683,1.4208648204803467
3170,-3.7647058823529544,102,101,0.9823529411764705,-0.3067053258419037,8.325504302978516,4.970424561179243e-05,0.16394108533859253
3171,48.10204081632652,49,48,0.9710204081632653,-0.12312067300081253,15.86590576171875,4.720531069324352e-05,0.8258005380630493
3172,48.10204081632652,49,48,0.9710204081632653,0.11618249118328094,17.557096481323242,4.720010838354938e-05,0.23555923998355865
3173,-105.44117647058825,204,202,0.9855882352941177,0.07769183069467545,4.474292278289795,4.7136189095908776e-05,0.4172053039073944
3174,49.36879432624113,47,46,0.9636879432624114,0.5748016238212585,23.937591552734375,4.728150452137925e-05,1.4599493741989136
3175,-104.76026272577998,203,200,0.9823973727422003,-0.13245341181755066,4.069094181060791,4.990710658603348e-05,6.735654354095459
3176,40.95652173913043,46,40,0.8695652173913043,0.7933334708213806,30.014345169067383,5.7143734011333436e-05,10.894754409790039
3177,-100.66834170854271,199,196,0.9833165829145729,-0.15782330930233002,4.16094446182251,5.849248918821104e-05,4.717330455780029
3178,-2.953795379537966,101,100,0.9804620462046204,-0.35480472445487976,7.715281009674072,5.8794525102712214e-05,2.2062454223632812
3179,40.95652173913042,46,40,0.8695652173913043,-0.1783638447523117,27.39619255065918,5.732249701395631e-05,0.04390433803200722
3180,-9.541666666666663,96,83,0.8645833333333334,-0.4218749403953552,14.009733200073242,5.732215868192725e-05,0.12701819837093353
3181,-7.107936507936502,105,104,0.978920634920635,-0.4742113947868347,8.556985855102539,5.650322782457806e-05,0.5951240062713623
3182,40.95652173913043,46,40,0.8695652173913043,-0.3176482021808624,28.91921043395996,5.649711238220334e-05,0.3261353671550751
3183,38.10638297872341,47,40,0.851063829787234,-0.5711410641670227,29.389636993408203,5.650792081723921e-05,1.2476743459701538
3184,40.95652173913044,46,40,0.8695652173913043,0.13311393558979034,28.452470779418945,5.30453871760983e-05,1.7961595058441162
3185,40.95652173913044,46,40,0.8695652173913043,-0.23038507997989655,29.712921142578125,5.298850737744942e-05,0.20058181881904602
3186,-9.541666666666668,96,83,0.8645833333333334,-0.710119366645813,15.256072998046875,5.316894385032356e-05,1.729533314704895
3187,63.95652173913044,23,20,0.8695652173913043,-0.31846627593040466,55.317344665527344,5.3283591114450246e-05,1.7261579036712646
3188,-5.71844660194175,103,101,0.9728155339805825,0.1533869057893753,9.459855079650879,5.3285042667994276e-05,0.4181520640850067
3189,-9.541666666666663,96,83,0.8645833333333334,0.1496914178133011,15.870809555053711,5.215789133217186e-05,0.942986011505127
3190,-105.44117647058823,204,202,0.9855882352941177,-0.005573703907430172,4.22656774520874,5.182049426366575e-05,0.36672264337539673
3191,-100.66834170854271,199,196,0.9833165829145729,0.0369139090180397,4.237691879272461,5.172449164092541e-05,0.44567346572875977
3192,46.46153846153847,52,52,0.9846153846153847,-0.26846879720687866,27.816884994506836,5.1503760914783925e-05,2.2955565452575684
3193,46.46153846153847,52,52,0.9846153846153847,-0.14660866558551788,26.90558433532715,5.14168459631037e-05,0.8136447668075562
3194,59.33333333333333,24,20,0.8333333333333334,0.6381983757019043,56.77093505859375,5.12582810188178e-05,1.565948486328125
3195,-5.961538461538467,104,103,0.9803846153846154,-0.19926327466964722,12.226252555847168,4.544980765786022e-05,0.8108315467834473
3196,-7.10793650793651,105,104,0.978920634920635,-0.3904411792755127,8.253236770629883,4.317599450587295e-05,0.03198761120438576
3197,63.95652173913044,23,20,0.8695652173913043,0.19781331717967987,46.39667510986328,4.314236139180139e-05,0.23460625112056732
3198,63.95652173913043,23,20,0.8695652173913043,-0.39698147773742676,48.220909118652344,4.266362520866096e-05,2.307382345199585
3199,46.626666666666665,50,49,0.9662666666666667,-0.7040968537330627,17.953197479248047,4.254065061104484e-05,0.53133624792099
3200,-5.961538461538467,104,103,0.9803846153846154,-0.3486976623535156,8.034464836120605,4.2539919377304614e-05,0.09309800714254379
3201,40.95652173913044,46,40,0.8695652173913043,0.3221314549446106,28.49762535095215,4.285756585886702e-05,2.620035171508789
3202,40.95652173913044,46,40,0.8695652173913043,-0.11095372587442398,27.7359676361084,4.29078281740658e-05,1.0266817808151245
3203,40.95652173913043,46,40,0.8695652173913043,-0.8440517783164978,29.563600540161133,4.3270392779959366e-05,2.6342053413391113
3204,40.95652173913043,46,40,0.8695652173913043,-0.5260665416717529,28.457223892211914,4.334995901444927e-05,1.2160425186157227
3205,-7.631578947368421,95,83,0.8736842105263158,-0.48160216212272644,13.39539623260498,4.3357456888770685e-05,0.7773014903068542
3206,63.95652173913043,23,20,0.8695652173913043,0.10402812063694,48.409812927246094,4.3034175178036094e-05,0.6878039240837097
3207,47.625850340136054,49,48,0.9662585034013605,-0.883955180644989,17.720006942749023,4.3512543925317004e-05,3.035139799118042
3208,-7.631578947368412,95,83,0.8736842105263158,-0.29066041111946106,13.067925453186035,4.3466785427881405e-05,0.45750486850738525
3209,-4.254901960784315,102,100,0.9774509803921568,0.07494954764842987,9.40996265411377,4.3408206693129614e-05,0.2554376423358917
3210,-9.541666666666659,96,83,0.8645833333333334,-0.29457521438598633,12.684809684753418,4.200579132884741e-05,0.09111174941062927
3211,-9.541666666666666,96,83,0.8645833333333334,-0.6359551548957825,13.564282417297363,4.2094226955669e-05,1.2589656114578247
3212,-11.432989690721651,97,83,0.8556701030927835,-0.5539244413375854,16.94901466369629,3.74886512872763e-05,0.8404250144958496
3213,-100.66834170854271,199,196,0.9833165829145729,-0.19007660448551178,6.680770397186279,3.751577969524078e-05,0.7774659395217896
3214,-7.631578947368409,95,83,0.8736842105263158,-0.38215842843055725,11.91755199432373,3.746570655493997e-05,0.1943516582250595
3215,-106.9479674796748,205,202,0.980520325203252,-0.36914992332458496,8.142091751098633,3.705281051225029e-05,0.2410074770450592
3216,46.626666666666665,50,49,0.9662666666666667,-0.5315083861351013,17.49393653869629,3.717191793839447e-05,1.3515801429748535
3217,-7.107936507936514,105,104,0.978920634920635,-0.4166424870491028,10.972495079040527,3.7146357499295846e-05,0.12589819729328156
3218,-3.359477124183006,102,101,0.9864052287581699,-0.0005793266464024782,8.27951431274414,3.713533442351036e-05,0.5409507751464844
3219,-99.21885521885523,198,196,0.9878114478114478,0.13670624792575836,4.732769966125488,3.703535548993386e-05,0.271168977022171
3220,-9.541666666666657,96,83,0.8645833333333334,0.28358688950538635,14.984964370727539,3.610422572819516e-05,1.8738811016082764
3221,-105.46732026143792,204,202,0.9853267973856209,0.11476632207632065,6.311581134796143,3.598326657083817e-05,0.07865823060274124
3222,-4.2549019607843235,102,100,0.9774509803921568,0.12244024872779846,10.797492980957031,3.582413773983717e-05,0.49123069643974304
3223,59.333333333333336,24,20,0.8333333333333334,0.09742160141468048,48.66599655151367,3.578186806407757e-05,1.4502602815628052
3224,43.88888888888888,45,40,0.8888888888888888,-0.23238158226013184,31.457796096801758,3.597473551053554e-05,1.8408591747283936
3225,40.95652173913044,46,40,0.8695652173913043,-0.0058915140107274055,27.948625564575195,3.4386997867841274e-05,0.7336395978927612
3226,63.95652173913043,23,20,0.8695652173913043,0.551011323928833,47.28325271606445,3.4994060115423054e-05,3.1321067810058594
3227,40.95652173913043,46,40,0.8695652173913043,-1.6080232858657837,31.676359176635742,3.765131259569898e-05,6.6312336921691895
3228,-7.051282051282053,104,101,0.9694871794871794,-0.1643679141998291,8.34096908569336,3.7654899642802775e-05,0.2546539008617401
3229,43.888888888888886,45,40,0.8888888888888888,-0.3358825743198395,26.62955665588379,3.769404793274589e-05,0.9347832798957825
3230,63.95652173913043,23,20,0.8695652173913043,0.00013475418381858617,47.46832275390625,3.7704787246184424e-05,0.3669651746749878
3231,43.888888888888886,45,40,0.8888888888888888,-0.4950317442417145,29.296791076660156,3.607471444411203e-05,2.2921218872070312
3232,-7.107936507936506,105,104,0.978920634920635,-0.504213809967041,8.636722564697266,3.597134491428733e-05,0.2790320813655853
3233,-9.541666666666666,96,83,0.8645833333333334,0.036924444139003754,14.436637878417969,3.612965520005673e-05,1.8000153303146362
3234,47.299319727891145,49,48,0.9629931972789115,-0.12403614073991776,25.39792251586914,3.63345789082814e-05,1.8907513618469238
3235,63.95652173913043,23,20,0.8695652173913043,-1.6343564987182617,43.393165588378906,3.8015910831745714e-05,5.328062534332275
3236,40.95652173913043,46,40,0.8695652173913043,0.012238677591085434,28.75418472290039,3.7865913327550516e-05,0.0402287058532238
3237,46.461538461538474,52,52,0.9846153846153847,0.29111483693122864,26.829273223876953,3.7943380448268726e-05,2.0280985832214355
3238,49.36879432624113,47,46,0.9636879432624114,0.18485915660858154,24.22079849243164,3.793053838307969e-05,0.38394853472709656
3239,46.626666666666665,50,49,0.9662666666666667,0.3288533687591553,22.488323211669922,3.795319571509026e-05,1.3798468112945557
3240,47.299319727891145,49,48,0.9629931972789115,0.0535263866186142,21.67424774169922,3.8001224311301485e-05,0.9867712259292603
3241,-9.541666666666668,96,83,0.8645833333333334,-0.0292502548545599,14.221179962158203,3.630050923675299e-05,1.414732575416565
3242,-7.631578947368417,95,83,0.8736842105263158,-0.5842450857162476,14.629344940185547,3.6242407077224925e-05,0.6732355952262878
3243,63.95652173913044,23,20,0.8695652173913043,-0.28011366724967957,52.385013580322266,3.62735336238984e-05,1.2424647808074951
3244,40.95652173913043,46,40,0.8695652173913043,-0.02283729799091816,29.209367752075195,3.59033583663404e-05,0.36510124802589417
3245,-106.94796747967479,205,202,0.980520325203252,-0.09164118021726608,6.750218868255615,3.561728954082355e-05,0.0018506086198613048
3246,-104.9376026272578,203,200,0.980623973727422,-0.1931791752576828,6.926298141479492,3.5621709685074165e-05,0.6162818074226379
3247,-9.541666666666659,96,83,0.8645833333333334,-0.952629804611206,16.209335327148438,3.430589276831597e-05,2.324404001235962
3248,43.893081761006286,53,52,0.9689308176100629,-0.3835669159889221,20.435115814208984,3.4354296076344326e-05,1.0908156633377075
3249,59.333333333333336,24,20,0.8333333333333334,-0.6512922644615173,52.54930114746094,3.503777043079026e-05,3.5986766815185547
3250,-105.46732026143792,204,202,0.9853267973856209,-0.23590952157974243,6.317367076873779,3.481373641989194e-05,0.6230950355529785
3251,-99.21885521885523,198,196,0.9878114478114478,-0.023489495739340782,5.551259994506836,3.7825720937689766e-05,7.112104415893555
3252,-7.051282051282055,104,101,0.9694871794871794,-0.021040955558419228,9.342999458312988,3.656915214378387e-05,0.3974432647228241
3253,-4.915857605178003,103,102,0.98084142394822,-0.34508413076400757,8.50755786895752,3.655094405985437e-05,0.5439008474349976
3254,46.46153846153846,52,52,0.9846153846153847,-0.3574276268482208,18.896175384521484,3.660252696136013e-05,0.7404903769493103
3255,-102.70149253731343,201,198,0.9829850746268657,-0.24377179145812988,3.77715802192688,3.663740790216252e-05,0.9656700491905212
3256,43.893081761006286,53,52,0.9689308176100629,-0.44871217012405396,21.076580047607422,3.7337656976887956e-05,3.5924675464630127
3257,-100.66834170854271,199,196,0.9833165829145729,-0.2983439862728119,4.251290798187256,3.733565245056525e-05,0.3423585891723633
3258,-9.541666666666671,96,83,0.8645833333333334,-0.7805613875389099,14.574803352355957,3.7484878703253344e-05,6.285181045532227
3259,63.95652173913043,23,20,0.8695652173913043,0.34946539998054504,37.46455001831055,0.0002885737922042608,64.46257019042969
3260,63.95652173913042,23,20,0.8695652173913043,0.5323579907417297,43.61758041381836,0.00028600727091543376,4.0359086990356445
3261,48.68707482993197,49,48,0.9768707482993197,-0.20372246205806732,19.72652244567871,0.0002856581413652748,1.419978141784668
3262,-7.631578947368411,95,83,0.8736842105263158,-0.5093786716461182,15.04050064086914,0.00029079875093884766,9.771422386169434
3263,-7.631578947368411,95,83,0.8736842105263158,0.10023326426744461,14.586856842041016,0.0003233648603782058,23.025211334228516
3264,-9.541666666666668,96,83,0.8645833333333334,-0.17153087258338928,13.849225044250488,0.00032338793971575797,0.7337464094161987
3265,63.95652173913044,23,20,0.8695652173913043,0.5798719525337219,58.275970458984375,0.0003235136973671615,1.2372270822525024
3266,40.95652173913044,46,40,0.8695652173913043,-0.05932227894663811,31.745098114013672,0.0003235714102629572,1.2149746417999268
3267,40.95652173913043,46,40,0.8695652173913043,-0.39359545707702637,30.085525512695312,0.0003236528136767447,1.581676959991455
3268,-108.53945249597425,207,204,0.9846054750402576,-0.4300549626350403,5.033100605010986,0.0003236937627661973,0.6458017826080322
3269,-7.051282051282056,104,101,0.9694871794871794,-0.511859118938446,11.67343521118164,0.000371562666259706,28.06824493408203
3270,-9.541666666666664,96,83,0.8645833333333334,-0.21973100304603577,15.843729972839355,0.00037272711051627994,4.388428688049316
3271,63.95652173913043,23,20,0.8695652173913043,-0.29030612111091614,42.78105926513672,0.00037289594183675945,1.5002613067626953
3272,-99.21885521885523,198,196,0.9878114478114478,-0.3113649785518646,6.273618698120117,0.0003728993469849229,0.47537875175476074
3273,43.888888888888886,45,40,0.8888888888888888,0.31633812189102173,28.0539493560791,0.0004265508323442191,29.796510696411133
3274,-6.480769230769237,104,102,0.9751923076923077,-0.1395590454339981,8.318778991699219,0.00042637158185243607,0.39486485719680786
3275,-7.631578947368416,95,83,0.8736842105263158,-0.3232899010181427,16.5221004486084,0.000423686666181311,1.222660779953003
3276,46.461538461538474,52,52,0.9846153846153847,0.38452067971229553,27.11797332763672,0.00041643899749033153,1.1214241981506348
3277,-3.422442244224428,101,99,0.9757755775577558,0.16953632235527039,12.799206733703613,0.0004151989705860615,0.10365663468837738
3278,-105.54575163398692,204,201,0.9845424836601308,0.1270923763513565,6.711665630340576,0.0004149079613853246,0.36966201663017273
3279,46.73333333333334,50,49,0.9673333333333334,-0.017270900309085846,19.14023780822754,0.0004150286258663982,1.6997323036193848
3280,59.333333333333336,24,20,0.8333333333333334,-0.024797789752483368,55.2042236328125,0.0004150360182393342,0.8457368612289429
3281,40.95652173913042,46,40,0.8695652173913043,0.1081833764910698,30.09514045715332,0.0004150151216890663,0.4031505882740021
3282,40.95652173913044,46,40,0.8695652173913043,0.22705328464508057,26.0905818939209,0.0004152853798586875,1.8952312469482422
3283,47.299319727891145,49,48,0.9629931972789115,-0.16371460258960724,17.386289596557617,0.00041523302206769586,0.14352263510227203
3284,-9.541666666666659,96,83,0.8645833333333334,-1.0999202728271484,15.946146011352539,0.00041499658254906535,1.066524624824524
3285,-7.051282051282055,104,101,0.9694871794871794,-0.8948203325271606,9.092958450317383,0.0004150736203882843,1.4277688264846802
3286,46.46153846153847,52,52,0.9846153846153847,-0.5478774309158325,24.807519912719727,0.0004150298482272774,0.8077487349510193
3287,-6.480769230769228,104,102,0.9751923076923077,-0.6127386093139648,9.860559463500977,0.0004233861109241843,11.732829093933105
3288,-5.702127659574464,94,83,0.8829787234042553,-0.7802613973617554,14.835354804992676,0.0004235341621097177,2.014056921005249
3289,-108.53945249597425,207,204,0.9846054750402576,0.13541117310523987,9.710168838500977,0.0004236603854224086,1.662531852722168
3290,-9.541666666666664,96,83,0.8645833333333334,0.1535990983247757,16.617111206054688,0.0004238034307491034,1.3655591011047363
3291,-9.541666666666671,96,83,0.8645833333333334,-0.25682246685028076,17.345718383789062,0.00042377112549729645,0.5574047565460205
3292,47.133333333333326,50,49,0.9713333333333334,0.01849818415939808,26.391399383544922,0.000423541379859671,0.17671628296375275
3293,47.13333333333333,50,49,0.9713333333333334,0.03982545807957649,24.049835205078125,0.00042352956370450556,0.07607662677764893
3294,-9.541666666666668,96,83,0.8645833333333334,-0.7097659707069397,15.519742965698242,0.0004234679799992591,1.895380973815918
3295,-5.702127659574474,94,83,0.8829787234042553,-0.16912655532360077,16.10057830810547,0.00042352016316726804,0.7225930094718933
3296,-102.70149253731344,201,198,0.9829850746268657,-0.2119157761335373,5.331211566925049,0.00042360436054877937,1.1591620445251465
3297,-5.71844660194175,103,101,0.9728155339805825,-0.273978054523468,7.345405578613281,0.00042363349348306656,0.5804705619812012
3298,63.95652173913044,23,20,0.8695652173913043,-0.25602322816848755,33.13153839111328,0.0004234147781971842,0.9391036033630371
3299,-3.7647058823529527,102,101,0.9823529411764705,-0.5334293246269226,9.205504417419434,0.000423415593104437,0.503406822681427
3300,-5.961538461538469,104,103,0.9803846153846154,-0.356462687253952,9.011198997497559,0.0004234685911796987,1.009319543838501
3301,43.888888888888886,45,40,0.8888888888888888,0.02985215373337269,33.54808044433594,0.0004229727783240378,0.43586307764053345
3302,-109.93269230769232,208,204,0.9806730769230769,-0.6381589770317078,4.446934223175049,0.00042371629388071597,3.8495726585388184
3303,52.463768115942024,46,46,0.9846376811594203,-0.34682750701904297,18.484159469604492,0.0004246667376719415,4.723469257354736
3304,40.95652173913044,46,40,0.8695652173913043,-0.6230466365814209,31.56831169128418,0.0004280994471628219,7.529261112213135
3305,46.7516339869281,51,51,0.977516339869281,0.19712881743907928,16.503963470458984,0.00042817401117645204,0.8966327905654907
3306,-9.541666666666657,96,83,0.8645833333333334,-0.7123095393180847,15.708125114440918,0.0004424769140314311,15.554933547973633
3307,59.333333333333336,24,20,0.8333333333333334,0.17029725015163422,52.48748779296875,0.00044529655133374035,7.566229820251465
3308,-104.76026272577997,203,200,0.9823973727422003,-0.4790428578853607,4.897054195404053,0.0004725623584818095,20.89470863342285
3309,40.95652173913043,46,40,0.8695652173913043,0.04072980955243111,27.89073944091797,0.00047262595035135746,0.7444403767585754
3310,40.95652173913043,46,40,0.8695652173913043,-1.2639880180358887,29.314151763916016,0.0005826149135828018,42.49912643432617
3311,-109.40064102564104,208,206,0.9859935897435897,-0.3612460196018219,3.6904404163360596,0.0005827568820677698,1.7979838848114014
3312,-7.631578947368414,95,83,0.8736842105263158,-0.48354753851890564,12.465081214904785,0.0005827417480759323,0.42066943645477295
3313,46.75163398692809,51,51,0.977516339869281,-0.04712500050663948,17.152910232543945,0.0005828230641782284,1.2920942306518555
3314,59.333333333333336,24,20,0.8333333333333334,-2.3917043209075928,43.36709976196289,0.0005849328590556979,6.163639068603516
3315,40.95652173913044,46,40,0.8695652173913043,0.40748924016952515,28.162429809570312,0.0005911513580940664,10.019404411315918
3316,-7.6315789473684195,95,83,0.8736842105263158,-0.15664494037628174,13.909653663635254,0.0005910955369472504,0.017950402572751045
3317,63.95652173913044,23,20,0.8695652173913043,-2.845468759536743,59.99222946166992,0.0006009772187098861,13.04731273651123
3318,-5.718446601941748,103,101,0.9728155339805825,-0.22129762172698975,11.588873863220215,0.0006010400247760117,1.4510198831558228
3319,-9.54166666666667,96,83,0.8645833333333334,-0.27114731073379517,15.83033275604248,0.0006010091165080667,0.2886066436767578
3320,-3.422442244224418,101,99,0.9757755775577558,-0.08385337889194489,12.886719703674316,0.0006007005576975644,1.1897308826446533
3321,-9.541666666666664,96,83,0.8645833333333334,-0.052341949194669724,15.105178833007812,0.000600792991463095,0.867414116859436
3322,-104.76026272577998,203,200,0.9823973727422003,-0.19596797227859497,4.0148162841796875,0.0006009062053635716,1.1438171863555908
3323,-7.0512820512820635,104,101,0.9694871794871794,0.36213788390159607,7.886645317077637,0.0006013067322783172,2.284787178039551
3324,-9.541666666666659,96,83,0.8645833333333334,-0.3622642159461975,12.961551666259766,0.0006012166850268841,0.2964339554309845
3325,-3.7647058823529513,102,101,0.9823529411764705,-0.4843674600124359,8.118407249450684,0.0006012122030369937,0.5316898822784424
3326,59.333333333333336,24,20,0.8333333333333334,0.3834955096244812,48.728233337402344,0.0006009449134580791,2.4693565368652344
3327,-100.66834170854271,199,196,0.9833165829145729,-0.1479843258857727,4.361759185791016,0.0005994149250909686,3.6506032943725586
3328,48.68707482993197,49,48,0.9768707482993197,-0.13628309965133667,21.633251190185547,0.0005995052051730454,1.7154932022094727
3329,59.333333333333336,24,20,0.8333333333333334,-3.271416664123535,52.023860931396484,0.0006091665127314627,12.95991039276123
3330,59.333333333333336,24,20,0.8333333333333334,1.7081423997879028,41.57076644897461,0.0006122213671915233,6.632887363433838
3331,-2.9537953795379703,101,100,0.9804620462046204,-0.2325359433889389,8.901935577392578,0.0006120361504144967,0.29841411113739014
3332,-2.953795379537964,101,100,0.9804620462046204,-0.42823341488838196,7.721212387084961,0.0006120310281403363,1.0314362049102783
3333,49.027210884353735,49,49,0.9802721088435374,-0.28376448154449463,24.947345733642578,0.0006121101905591786,2.9463226795196533
3334,-9.54166666666666,96,83,0.8645833333333334,-0.1791870892047882,15.138699531555176,0.0006120064062997699,0.1695108860731125
3335,63.95652173913043,23,20,0.8695652173913043,0.041599053889513016,54.19036865234375,0.0006108306697569788,2.6515133380889893
3336,-102.70149253731343,201,198,0.9829850746268657,-0.20299965143203735,3.8208413124084473,0.0006109772948548198,1.7313565015792847
3337,48.10204081632652,49,48,0.9710204081632653,0.2592577040195465,20.5990047454834,0.0006106045912019908,0.42864587903022766
3338,46.73333333333333,50,49,0.9673333333333334,0.18958395719528198,19.36202049255371,0.0006107804947532713,1.4380179643630981
3339,46.066666666666656,50,49,0.9606666666666667,-0.33258056640625,20.215755462646484,0.0006105926004238427,0.8777354955673218
3340,-11.432989690721655,97,83,0.8556701030927835,-0.7797217965126038,11.508152961730957,0.000610578921623528,0.7128563523292542
3341,63.95652173913043,23,20,0.8695652173913043,-0.3153432309627533,37.5096549987793,0.0006103735649958253,0.041293539106845856
3342,63.95652173913043,23,20,0.8695652173913043,-0.9491238594055176,42.024051666259766,0.0006109818932600319,3.6316142082214355
3343,40.95652173913043,46,40,0.8695652173913043,-0.19524279236793518,28.08113670349121,0.0006108012166805565,0.1792432963848114
3344,-9.54166666666666,96,83,0.8645833333333334,-0.3468218743801117,14.491632461547852,0.0006107673980295658,0.045777831226587296
3345,63.95652173913042,23,20,0.8695652173913043,0.021507900208234787,50.8289909362793,0.0006107548833824694,0.26076269149780273
3346,63.95652173913043,23,20,0.8695652173913043,1.0488898754119873,48.269710540771484,0.0006117118173278868,3.4460232257843018
3347,-9.541666666666671,96,83,0.8645833333333334,-0.3494134545326233,12.968487739562988,0.0006115019787102938,0.22594153881072998
3348,40.95652173913044,46,40,0.8695652173913043,-0.018514730036258698,29.99176597595215,0.0006115086725912988,0.27546218037605286
3349,63.95652173913043,23,20,0.8695652173913043,-0.8008036017417908,34.43880081176758,0.0006113360868766904,3.128152370452881
3350,63.95652173913044,23,20,0.8695652173913043,-1.2076436281204224,42.78630447387695,0.0006127073429524899,5.1878790855407715
3351,-4.254901960784315,102,100,0.9774509803921568,0.09529059380292892,11.203699111938477,0.0006132725393399596,7.300084114074707
3352,-2.953795379537967,101,100,0.9804620462046204,-0.2477416843175888,10.510119438171387,0.0006132404087111354,0.25150564312934875
3353,-7.631578947368419,95,83,0.8736842105263158,-0.24421723186969757,15.328518867492676,0.0007096644840203226,39.92119598388672
3354,-109.93269230769232,208,204,0.9806730769230769,-0.14591217041015625,3.7993741035461426,0.0007096208282746375,0.7858380675315857
3355,40.95652173913042,46,40,0.8695652173913043,-0.3556302487850189,31.014177322387695,0.0007097814814187586,2.418469190597534
3356,63.95652173913042,23,20,0.8695652173913043,1.6017895936965942,47.80415344238281,0.000709983054548502,3.8636598587036133
3357,-9.541666666666666,96,83,0.8645833333333334,-0.8837140202522278,16.23828887939453,0.000710245396476239,2.541889190673828
3358,46.46153846153846,52,52,0.9846153846153847,-0.26239168643951416,25.80571746826172,0.0007074321620166302,1.027683138847351
3359,-9.541666666666666,96,83,0.8645833333333334,-0.5897271633148193,13.437372207641602,0.00045413768384605646,0.7456182837486267
3360,49.36879432624113,47,46,0.9636879432624114,-0.035831350833177567,24.769384384155273,0.0004529021680355072,1.3644963502883911
3361,-7.631578947368422,95,83,0.8736842105263158,-0.22228534519672394,14.742108345031738,0.0004529263824224472,0.544636607170105
3362,63.95652173913044,23,20,0.8695652173913043,1.4637247323989868,48.316307067871094,0.00044939800864085555,5.649334907531738
3363,40.95652173913043,46,40,0.8695652173913043,0.6772081851959229,31.3962345123291,0.0004178994568064809,3.1558544635772705
3364,-4.592233009708751,103,102,0.9840776699029126,0.18634912371635437,9.300259590148926,0.00041790842078626156,0.38996902108192444
3365,-2.8151815181518294,101,100,0.9818481848184818,0.15544302761554718,13.191193580627441,0.00041782273910939693,0.759604275226593
3366,-5.702127659574465,94,83,0.8829787234042553,-0.34856855869293213,14.549027442932129,0.00041790411341935396,0.9493172764778137
3367,-104.9376026272578,203,200,0.980623973727422,-0.37470316886901855,5.146544456481934,0.00041931759915314615,4.947175025939941
3368,-3.4224422442244293,101,99,0.9757755775577558,-0.6850544214248657,10.428424835205078,0.00041953561594709754,2.5389442443847656
3369,43.888888888888886,45,40,0.8888888888888888,-0.2503161132335663,30.33379554748535,0.0003716151404660195,1.3428558111190796
3370,40.95652173913044,46,40,0.8695652173913043,0.05723223835229874,29.3016357421875,0.0003706325951498002,0.925007164478302
3371,40.95652173913044,46,40,0.8695652173913043,0.20620451867580414,27.873891830444336,0.00037052156403660774,0.9687208533287048
3372,43.888888888888886,45,40,0.8888888888888888,-0.04702259972691536,27.212705612182617,0.000370524066966027,0.5317050814628601
3373,-9.541666666666663,96,83,0.8645833333333334,-0.3164859414100647,15.303333282470703,0.0003162229841109365,0.34204646944999695
3374,-105.44117647058823,204,202,0.9855882352941177,9.824752851272933e-06,4.8314361572265625,0.0003162348293699324,0.5208098292350769
3375,63.95652173913044,23,20,0.8695652173913043,-0.047958314418792725,46.9119987487793,0.0003164374502375722,1.5102680921554565
3376,-110.85964912280703,209,206,0.9814035087719298,0.1435273289680481,5.6120405197143555,0.0003162858192808926,0.30911654233932495
3377,-9.541666666666664,96,83,0.8645833333333334,0.33284687995910645,14.283835411071777,0.00031657749786973,1.7564765214920044
3378,40.95652173913044,46,40,0.8695652173913043,-0.22651924192905426,29.82772445678711,0.0003166907699778676,1.7968618869781494
3379,-110.85964912280703,209,206,0.9814035087719298,0.1442939192056656,5.710056304931641,0.0003171224088873714,2.7489500045776367
3380,-7.631578947368421,95,83,0.8736842105263158,0.3100409209728241,14.882658004760742,0.00031730730552226305,1.3676016330718994
3381,-7.0512820512820635,104,101,0.9694871794871794,0.014031624421477318,9.366066932678223,0.000317269004881382,0.6148015856742859
3382,-9.54166666666666,96,83,0.8645833333333334,-0.22037604451179504,14.386761665344238,0.00031694109202362597,0.1360592395067215
3383,48.68707482993197,49,48,0.9768707482993197,0.035644277930259705,20.539247512817383,0.00031694109202362597,0.14900381863117218
3384,-4.2549019607843235,102,100,0.9774509803921568,-0.13948224484920502,7.476603984832764,0.00031691923504695296,0.6108948588371277
3385,40.95652173913044,46,40,0.8695652173913043,-0.21563397347927094,27.929887771606445,0.00031686152215115726,0.19298841059207916
3386,40.95652173913043,46,40,0.8695652173913043,0.4411121606826782,29.07559585571289,0.0003173151344526559,2.567413806915283
3387,46.75163398692809,51,51,0.977516339869281,-0.18163394927978516,14.469655990600586,0.0003089865203946829,0.7370028495788574
3388,-109.40064102564104,208,206,0.9859935897435897,-0.4452809989452362,4.560007095336914,0.0003088321827817708,0.027834199368953705
3389,-100.66834170854271,199,196,0.9833165829145729,-0.21693533658981323,3.822716236114502,0.0003091742401011288,3.0665132999420166
3390,48.68707482993197,49,48,0.9768707482993197,0.5630489587783813,22.466203689575195,0.000310407456709072,4.7660393714904785
3391,40.95652173913043,46,40,0.8695652173913043,-1.622921347618103,30.094335556030273,0.00031320538255386055,7.155841827392578
3392,48.68707482993197,49,48,0.9768707482993197,0.7982048392295837,22.063060760498047,0.00031363865127786994,2.272474765777588
3393,-9.54166666666666,96,83,0.8645833333333334,-0.5650214552879333,15.394320487976074,0.0003136340528726578,0.40412843227386475
3394,48.10204081632652,49,48,0.9710204081632653,0.030873602256178856,16.28910255432129,0.0003135050064884126,0.6500475406646729
3395,-109.40064102564104,208,206,0.9859935897435897,-0.4441012442111969,4.2516865730285645,0.00031347054755315185,0.4809871315956116
3396,40.95652173913043,46,40,0.8695652173913043,0.3001866936683655,28.14118766784668,0.00031359452987089753,1.7218595743179321
3397,-7.107936507936511,105,104,0.978920634920635,-0.6894526481628418,8.394742965698242,0.0003135396109428257,0.7172495722770691
3398,63.95652173913043,23,20,0.8695652173913043,-0.7015213370323181,50.374610900878906,0.0003136033483315259,1.549717903137207
3399,-3.4224422442244262,101,99,0.9757755775577558,-0.27795618772506714,10.677446365356445,0.00031364851747639477,1.2767324447631836
3400,-4.254901960784327,102,100,0.9774509803921568,0.08663222193717957,8.32706356048584,0.0003135968872811645,0.0545947328209877
3401,43.888888888888886,45,40,0.8888888888888888,-0.08978097140789032,28.749984741210938,0.0003135498845949769,0.43719998002052307
3402,40.95652173913044,46,40,0.8695652173913043,-0.04719880223274231,30.295536041259766,0.0003125418443232775,0.28767597675323486
3403,40.95652173913042,46,40,0.8695652173913043,-0.7769752144813538,23.74615478515625,0.0003112531267106533,2.6882781982421875
3404,63.95652173913043,23,20,0.8695652173913043,0.6022091507911682,42.59999465942383,0.00030941434670239687,3.869903564453125
3405,-105.44117647058825,204,202,0.9855882352941177,-0.005500622093677521,4.757988929748535,0.000309314695186913,0.17412051558494568
3406,59.333333333333336,24,20,0.8333333333333334,-0.9275778532028198,41.165016174316406,0.0002952975337393582,3.303013563156128
3407,-7.631578947368421,95,83,0.8736842105263158,0.12232158333063126,14.21521282196045,0.00029191948124207556,0.6872826218605042
3408,40.95652173913043,46,40,0.8695652173913043,-0.3323005735874176,29.620969772338867,0.00026519520906731486,2.1130356788635254
3409,40.95652173913042,46,40,0.8695652173913043,-0.1497819572687149,30.86198616027832,0.0002651187824085355,0.8156265020370483
3410,-106.9479674796748,205,202,0.980520325203252,0.042816948145627975,4.810354232788086,0.00015549000818282366,0.09081467986106873
3411,46.75163398692809,51,51,0.977516339869281,0.6732659935951233,17.309368133544922,0.00015568785602226853,2.2116425037384033
3412,46.06666666666667,50,49,0.9606666666666667,-0.44608500599861145,17.27972984313965,0.00015593563148286194,2.3797929286956787
3413,-105.44117647058825,204,202,0.9855882352941177,-0.13094168901443481,4.253292560577393,0.00015575787983834743,0.43110328912734985
3414,40.95652173913043,46,40,0.8695652173913043,-0.6741594672203064,34.1296501159668,0.0001538577926112339,1.9344712495803833
3415,-4.592233009708743,103,102,0.9840776699029126,0.011593536473810673,9.99634838104248,0.0001476236793678254,0.3905971050262451
3416,-9.541666666666657,96,83,0.8645833333333334,-0.8057671189308167,14.773609161376953,0.0001476501056458801,1.1645060777664185
3417,38.10638297872341,47,40,0.851063829787234,-0.2164711058139801,28.966344833374023,0.00013772961392533034,0.2719210982322693
3418,-5.718446601941755,103,101,0.9728155339805825,-0.3690798878669739,7.720885753631592,0.0001376498257741332,0.5647211670875549
3419,40.95652173913044,46,40,0.8695652173913043,-0.6022836565971375,29.21027183532715,0.00013772024249192327,1.332774043083191
3420,43.893081761006286,53,52,0.9689308176100629,0.021132692694664,16.215707778930664,0.00013771519297733903,0.6110320091247559
3421,63.95652173913043,23,20,0.8695652173913043,0.18127566576004028,46.57818603515625,0.0001376374566461891,0.12823531031608582
3422,-104.76026272577997,203,200,0.9823973727422003,-0.49789491295814514,4.17194938659668,0.00013754518295172602,0.16562692821025848
3423,46.73333333333333,50,49,0.9673333333333334,0.040134578943252563,17.85640525817871,0.0001372435799567029,1.0255662202835083
3424,46.733333333333334,50,49,0.9673333333333334,-0.29778653383255005,15.54157829284668,0.00013728633348364383,1.3092819452285767
3425,40.95652173913044,46,40,0.8695652173913043,-0.10718392580747604,27.654903411865234,0.00013733866217080504,0.6571072936058044
3426,-7.631578947368412,95,83,0.8736842105263158,0.06832023710012436,14.532719612121582,0.00013703653530683368,1.3689476251602173
3427,-5.702127659574472,94,83,0.8829787234042553,-0.14143788814544678,15.118505477905273,0.0001362169859930873,0.25115180015563965
3428,46.46153846153846,52,52,0.9846153846153847,-0.3673860728740692,27.53961753845215,0.00013610284077003598,0.6727431416511536
3429,43.88888888888888,45,40,0.8888888888888888,0.13338962197303772,29.735763549804688,0.00012613616127055138,0.35643357038497925
3430,-9.54166666666667,96,83,0.8645833333333334,-0.04825563356280327,16.01119613647461,0.00012334766506683081,0.9522198438644409
3431,63.95652173913044,23,20,0.8695652173913043,-0.5394115447998047,54.119503021240234,0.0001237986725755036,2.984959840774536
3432,43.704402515723274,53,52,0.9670440251572328,-0.7284545302391052,15.515233039855957,0.00012385417358018458,1.473446249961853
3433,-7.051282051282062,104,101,0.9694871794871794,-0.11816639453172684,7.871687889099121,0.00012340338435024023,0.24344569444656372
3434,43.88888888888888,45,40,0.8888888888888888,-0.2278444766998291,29.05807876586914,0.00012339503155089915,0.37412863969802856
3435,-109.9326923076923,208,204,0.9806730769230769,-0.25474998354911804,3.9919724464416504,0.00012303463881835341,0.039265234023332596
3436,43.88888888888889,45,40,0.8888888888888888,0.8578049540519714,30.995546340942383,0.0001238769618794322,3.873648166656494
3437,40.95652173913043,46,40,0.8695652173913043,0.39922696352005005,27.95029640197754,0.0001241039135493338,1.7910048961639404
3438,40.95652173913043,46,40,0.8695652173913043,-0.7070192098617554,27.901973724365234,0.00012421479914337397,2.2409403324127197
3439,40.95652173913044,46,40,0.8695652173913043,-0.6391652822494507,27.736682891845703,0.0001245794992428273,2.716561794281006
3440,-5.702127659574468,94,83,0.8829787234042553,-0.6610944271087646,14.45266342163086,0.00012468139175325632,1.581091046333313
3441,63.95652173913044,23,20,0.8695652173913043,-0.1631123125553131,41.824546813964844,0.00012468021304812282,0.12406983226537704
3442,-105.46732026143792,204,202,0.9853267973856209,-0.1741182804107666,3.642122745513916,0.00012395025987643749,0.05922399088740349
3443,-9.541666666666664,96,83,0.8645833333333334,-0.639266312122345,13.138500213623047,0.0001240392739418894,1.3754160404205322
3444,63.95652173913043,23,20,0.8695652173913043,0.40542176365852356,42.6861457824707,0.0001244452578248456,2.4024362564086914
3445,-105.44117647058825,204,202,0.9855882352941177,0.08184552937746048,3.998135805130005,0.00012446656182873994,0.44606584310531616
3446,63.95652173913043,23,20,0.8695652173913043,-0.6339767575263977,41.236820220947266,0.00012374995276331902,1.3857202529907227
3447,49.36879432624113,47,46,0.9636879432624114,0.24603034555912018,17.554033279418945,0.00012376770609989762,0.34429776668548584
3448,-7.631578947368427,95,83,0.8736842105263158,-0.2762264609336853,15.282114028930664,0.00012376313679851592,0.5780007243156433
3449,-5.702127659574466,94,83,0.8829787234042553,-0.15513476729393005,14.7015380859375,0.00012322985276114196,0.16107408702373505
3450,43.893081761006286,53,52,0.9689308176100629,0.7444755434989929,21.84296226501465,0.00012245673860888928,3.485710382461548
3451,63.95652173913043,23,20,0.8695652173913043,-1.2265806198120117,40.174530029296875,0.00012019254063488916,3.397005558013916
3452,47.13333333333333,50,49,0.9713333333333334,-0.253231942653656,28.910661697387695,0.00012019064888590947,0.544646680355072
3453,40.95652173913043,46,40,0.8695652173913043,-0.15660960972309113,28.477996826171875,2.2997139240032993e-05,0.5399999618530273
3454,40.95652173913044,46,40,0.8695652173913043,0.2892322838306427,28.16762351989746,2.3051567040965892e-05,1.1648690700531006
3455,-108.53945249597425,207,204,0.9846054750402576,-0.22989150881767273,3.61600661277771,2.2729866032022983e-05,0.30411434173583984
3456,-9.54166666666666,96,83,0.8645833333333334,-0.2826234996318817,16.389558792114258,2.1777768779429607e-05,0.421426385641098
3457,-99.21885521885521,198,196,0.9878114478114478,-0.0010274964151903987,4.86057186126709,2.1441896024043672e-05,0.6001546382904053
3458,-7.631578947368412,95,83,0.8736842105263158,-0.33465421199798584,15.111932754516602,2.1388592358562164e-05,0.24232444167137146
3459,40.95652173913044,46,40,0.8695652173913043,-0.3233591318130493,28.778547286987305,2.1444820959004574e-05,1.2447963953018188
3460,59.333333333333336,24,20,0.8333333333333334,-1.8426662683486938,55.92204284667969,2.4165936338249594e-05,6.874646186828613
3461,-7.631578947368422,95,83,0.8736842105263158,-0.05121549591422081,15.238258361816406,2.417001269350294e-05,0.5913494825363159
3462,-2.8151815181518263,101,100,0.9818481848184818,0.630186915397644,9.130095481872559,2.211995524703525e-05,0.5616694688796997
3463,63.95652173913043,23,20,0.8695652173913043,0.1837862730026245,54.97178649902344,2.1423626094474457e-05,0.2967073917388916
3464,-9.541666666666666,96,83,0.8645833333333334,-0.061069563031196594,16.420677185058594,2.146125552826561e-05,0.7708805203437805
3465,-109.40064102564104,208,206,0.9859935897435897,-0.21635331213474274,4.356166362762451,2.1417927200673148e-05,0.2898833453655243
3466,-4.59223300970875,103,102,0.9840776699029126,-0.09774301946163177,8.55748176574707,2.140735523425974e-05,1.3474292755126953
3467,-9.043613707165107,107,105,0.979563862928349,-0.2716188132762909,10.119606971740723,1.993373007280752e-05,0.1526617556810379
3468,59.333333333333336,24,20,0.8333333333333334,-1.1053593158721924,44.847145080566406,2.0490813767537475e-05,4.0311970710754395
3469,-7.631578947368421,95,83,0.8736842105263158,-0.5266864895820618,14.51560115814209,2.0436642444110475e-05,0.8013854026794434
3470,-105.54575163398692,204,201,0.9845424836601308,-0.06436151266098022,4.184423923492432,2.037975355051458e-05,0.43352124094963074
3471,-7.107936507936511,105,104,0.978920634920635,-0.1987917274236679,7.631628036499023,2.0371266145957634e-05,0.9124835133552551
3472,59.333333333333336,24,20,0.8333333333333334,0.3505551517009735,39.20732879638672,2.0864306861767545e-05,2.595219850540161
3473,-9.541666666666668,96,83,0.8645833333333334,-0.060158003121614456,14.363057136535645,2.0903018594253808e-05,0.5731585025787354
3474,-9.54166666666667,96,83,0.8645833333333334,-0.3403254747390747,14.517895698547363,2.089354893541895e-05,0.5508605241775513
3475,43.888888888888886,45,40,0.8888888888888888,1.786198377609253,27.6137752532959,2.384379149589222e-05,6.929535388946533
3476,-7.631578947368413,95,83,0.8736842105263158,-0.1257079690694809,15.481160163879395,2.3844886527513154e-05,0.3635372221469879
3477,40.95652173913042,46,40,0.8695652173913043,0.15794500708580017,28.229520797729492,2.362738268857356e-05,0.2881241738796234
3478,-5.702127659574473,94,83,0.8829787234042553,-0.38491904735565186,13.47208023071289,2.3574306396767497e-05,1.5018534660339355
3479,-9.541666666666664,96,83,0.8645833333333334,-0.3293322026729584,17.21268081665039,2.3097820303519256e-05,0.5702321529388428
3480,-110.85964912280703,209,206,0.9814035087719298,0.28847184777259827,4.022586345672607,2.3018787032924592e-05,0.8851034641265869
3481,-7.631578947368418,95,83,0.8736842105263158,0.10097423940896988,14.781083106994629,2.3052420146996155e-05,0.6512951850891113
3482,-4.592233009708744,103,102,0.9840776699029126,0.5881295800209045,8.622026443481445,2.315005440323148e-05,1.0750806331634521
3483,-105.54575163398694,204,201,0.9845424836601308,-0.1005718857049942,3.9181160926818848,2.3159398551797494e-05,0.5710504651069641
3484,46.733333333333334,50,49,0.9673333333333334,0.5861061811447144,15.53381633758545,2.379738725721836e-05,3.0842552185058594
3485,-7.63157894736842,95,83,0.8736842105263158,-0.5923420190811157,12.71157169342041,2.3941822291817516e-05,1.6848076581954956
3486,-9.54166666666666,96,83,0.8645833333333334,-0.323398232460022,13.972230911254883,2.347845111216884e-05,0.1443529725074768
3487,43.888888888888886,45,40,0.8888888888888888,-0.8851174116134644,29.5465145111084,2.4979945010272786e-05,5.174444198608398
3488,47.26666666666666,50,49,0.9726666666666667,0.5524385571479797,26.44845962524414,2.4981703973026015e-05,0.033819034695625305
3489,-9.541666666666664,96,83,0.8645833333333334,-0.4969174861907959,14.329949378967285,2.445733844069764e-05,0.8100621104240417
3490,40.95652173913043,46,40,0.8695652173913043,0.03871094435453415,27.17780876159668,2.315557503607124e-05,1.042199969291687
3491,-7.107936507936506,105,104,0.978920634920635,-0.38453051447868347,11.512333869934082,2.0218923964421265e-05,0.7442086935043335
3492,-7.631578947368415,95,83,0.8736842105263158,-0.11675262451171875,12.582317352294922,1.9938806872232817e-05,1.0271130800247192
3493,63.95652173913043,23,20,0.8695652173913043,-1.3294192552566528,34.97854232788086,2.1008478142903186e-05,4.37487268447876
3494,-106.9479674796748,205,202,0.980520325203252,-0.34838196635246277,4.357069492340088,2.0997083993279375e-05,0.19889789819717407
3495,38.10638297872341,47,40,0.851063829787234,-1.161397099494934,29.295143127441406,2.1984516934026033e-05,4.307063102722168
3496,-7.63157894736841,95,83,0.8736842105263158,-0.16979694366455078,13.733715057373047,2.177216265408788e-05,0.45381683111190796
3497,-4.915857605177998,103,102,0.98084142394822,-0.1588824987411499,7.787777900695801,2.1774378183181398e-05,0.7565430998802185
3498,40.95652173913043,46,40,0.8695652173913043,1.3205214738845825,26.749347686767578,2.339028833375778e-05,5.039839744567871
3499,49.36879432624113,47,46,0.9636879432624114,0.5562610030174255,16.079301834106445,2.3451730157830752e-05,1.2699143886566162
3500,-102.70149253731344,201,198,0.9829850746268657,-0.196233868598938,5.773501396179199,2.3448177671525627e-05,0.22222936153411865
3501,38.10638297872341,47,40,0.851063829787234,-1.064035177230835,31.225542068481445,2.4543918698327616e-05,4.432633876800537
3502,59.333333333333336,24,20,0.8333333333333334,-1.6754748821258545,52.733280181884766,2.760940151347313e-05,7.3429436683654785
3503,47.26666666666666,50,49,0.9726666666666667,0.9472214579582214,23.98505973815918,2.7456506359158084e-05,1.5311305522918701
3504,-5.702127659574467,94,83,0.8829787234042553,-0.12164781242609024,15.078925132751465,2.6397614419693127e-05,0.03829212859272957
3505,-1.446666666666672,100,99,0.9855333333333334,0.36152124404907227,10.406407356262207,2.647998189786449e-05,0.8660323619842529
3506,63.95652173913044,23,20,0.8695652173913043,-0.8074827194213867,46.43268585205078,2.6600873752613552e-05,3.613046884536743
3507,-4.915857605177998,103,102,0.98084142394822,-0.05620241165161133,7.839937686920166,2.655884782143403e-05,0.23881137371063232
3508,40.95652173913043,46,40,0.8695652173913043,-1.4676733016967773,29.069517135620117,2.8127948098699562e-05,5.673926830291748
3509,59.333333333333336,24,20,0.8333333333333334,-0.06758696585893631,50.79439926147461,2.82538549072342e-05,1.1859824657440186
3510,-109.40064102564104,208,206,0.9859935897435897,-0.44563472270965576,4.374719142913818,2.8243977794772945e-05,0.3960863947868347
3511,-99.21885521885523,198,196,0.9878114478114478,-0.22305698692798615,4.350470542907715,2.7845644581248052e-05,0.4441079795360565
3512,-7.631578947368411,95,83,0.8736842105263158,-0.12670251727104187,14.053869247436523,2.7644486181088723e-05,0.6327012777328491
3513,63.95652173913044,23,20,0.8695652173913043,-0.968544602394104,50.108028411865234,2.829324330377858e-05,3.578781843185425
3514,-108.53945249597423,207,204,0.9846054750402576,-0.25401967763900757,3.869652032852173,2.814527579175774e-05,0.0453985258936882
3515,40.95652173913044,46,40,0.8695652173913043,0.12988466024398804,28.635438919067383,3.7018555303802714e-05,12.04367446899414
3516,-104.76026272577998,203,200,0.9823973727422003,-0.5403851866722107,4.653120517730713,3.701436799019575e-05,1.098664402961731
3517,-4.254901960784318,102,100,0.9774509803921568,-0.008749584667384624,10.540507316589355,3.699612716445699e-05,0.08601813018321991
3518,40.95652173913043,46,40,0.8695652173913043,-0.5458701252937317,28.19186782836914,3.707631549332291e-05,1.4924201965332031
3519,46.564102564102555,52,52,0.9856410256410256,-0.18024305999279022,20.104389190673828,3.7441484892042354e-05,2.3257956504821777
3520,-99.21885521885523,198,196,0.9878114478114478,-0.059007205069065094,4.664717674255371,3.740117608685978e-05,0.11654937267303467
3521,63.95652173913044,23,20,0.8695652173913043,-0.1675269901752472,43.688785552978516,3.7447138311108574e-05,1.187096357345581
3522,40.95652173913043,46,40,0.8695652173913043,-1.721636176109314,29.3373966217041,4.035570964333601e-05,7.219127178192139
3523,47.13333333333333,50,49,0.9713333333333334,-0.22752749919891357,22.955469131469727,4.024048030260019e-05,0.7457686066627502
3524,48.10204081632653,49,48,0.9710204081632653,0.45468613505363464,19.22730827331543,4.019324478576891e-05,0.12331344187259674
3525,-109.9326923076923,208,204,0.9806730769230769,-0.31514984369277954,3.9022436141967773,4.444863589014858e-05,8.43775749206543
3526,63.95652173913042,23,20,0.8695652173913043,0.13271258771419525,38.534812927246094,4.429687396623194e-05,0.4203510880470276
3527,-7.631578947368408,95,83,0.8736842105263158,-0.2779388129711151,12.687291145324707,4.430122862686403e-05,0.3027357757091522
3528,46.62666666666667,50,49,0.9662666666666667,-0.2444899082183838,23.42807960510254,4.430868648341857e-05,0.8453789353370667
3529,-105.44117647058825,204,202,0.9855882352941177,-0.31933021545410156,4.157825469970703,4.427793464856222e-05,0.3655878007411957
3530,-5.961538461538467,104,103,0.9803846153846154,-0.15663141012191772,8.039790153503418,4.4212283683009446e-05,0.48340246081352234
3531,-100.66834170854271,199,196,0.9833165829145729,-0.24459055066108704,4.449381351470947,4.386117507237941e-05,1.1387877464294434
3532,-9.541666666666663,96,83,0.8645833333333334,-0.3378024101257324,11.05545425415039,4.384597923490219e-05,0.5840403437614441
3533,-7.631578947368419,95,83,0.8736842105263158,-0.23685766756534576,13.045799255371094,4.391697802930139e-05,0.7111726403236389
3534,-108.53945249597425,207,204,0.9846054750402576,-0.4485253393650055,4.268520355224609,4.391833863337524e-05,0.4049866795539856
3535,46.73333333333333,50,49,0.9673333333333334,-0.3675157129764557,17.481809616088867,4.391251059132628e-05,0.6357704401016235
3536,-7.631578947368418,95,83,0.8736842105263158,-0.28331458568573,14.753300666809082,4.28086168540176e-05,0.12648750841617584
3537,-5.702127659574466,94,83,0.8829787234042553,-0.02213970571756363,13.31992244720459,4.257379623595625e-05,0.6125562787055969
3538,-105.46732026143792,204,202,0.9853267973856209,-0.02679590694606304,5.559367656707764,4.2380779632367194e-05,0.337512731552124
3539,48.68707482993197,49,48,0.9768707482993197,0.33505287766456604,23.236892700195312,4.205032382742502e-05,0.614739716053009
3540,-3.3594771241830097,102,101,0.9864052287581699,0.49027717113494873,7.6171650886535645,4.209532562526874e-05,1.122481346130371
3541,63.95652173913044,23,20,0.8695652173913043,-0.6595803499221802,46.559661865234375,4.220093251205981e-05,1.690259575843811
3542,-110.85964912280701,209,206,0.9814035087719298,-0.01069686934351921,4.266854763031006,4.219743641442619e-05,0.2574789822101593
3543,-5.7184466019417535,103,101,0.9728155339805825,-0.002110756002366543,8.265348434448242,4.218040339765139e-05,0.5142287611961365
3544,-4.254901960784316,102,100,0.9774509803921568,0.20128636062145233,8.619254112243652,6.293455953709781e-05,18.5340576171875
3545,63.95652173913044,23,20,0.8695652173913043,-0.6793440580368042,40.28847885131836,6.31445218459703e-05,2.398606061935425
3546,-5.702127659574468,94,83,0.8829787234042553,-0.36107099056243896,11.890652656555176,6.308871525106952e-05,0.07576393336057663
3547,-3.422442244224428,101,99,0.9757755775577558,0.0628124549984932,7.471158027648926,6.313886842690408e-05,0.778471827507019
3548,49.36879432624113,47,46,0.9636879432624114,0.8184530138969421,21.86363410949707,6.364918226609007e-05,2.5277748107910156
3549,-105.44117647058825,204,202,0.9855882352941177,-0.042638637125492096,3.9198362827301025,6.367803871398792e-05,0.37172532081604004
3550,40.95652173913043,46,40,0.8695652173913043,-0.22076521813869476,30.63461685180664,6.287101132329553e-05,1.6745425462722778
3551,46.46153846153846,52,52,0.9846153846153847,-0.1830480992794037,25.304203033447266,6.232463783817366e-05,0.8802223801612854
3552,63.95652173913044,23,20,0.8695652173913043,0.3918711245059967,47.19624710083008,6.235308683244511e-05,0.3444543778896332
3553,40.95652173913042,46,40,0.8695652173913043,-0.6823358535766602,29.000532150268555,6.247529381653294e-05,1.781143307685852
3554,40.95652173913043,46,40,0.8695652173913043,-0.16117241978645325,27.908016204833984,6.23599553364329e-05,0.32783153653144836
3555,-9.541666666666666,96,83,0.8645833333333334,-0.55356764793396,12.350088119506836,6.23692903900519e-05,0.407701700925827
3556,63.95652173913044,23,20,0.8695652173913043,-0.7873284816741943,33.93470764160156,6.241128721740097e-05,1.5387684106826782
3557,-7.10793650793651,105,104,0.978920634920635,-0.8039066195487976,8.504932403564453,6.235577166080475e-05,0.6904205083847046
3558,-9.541666666666666,96,83,0.8645833333333334,-0.6139196157455444,13.706252098083496,6.235420005396008e-05,0.453348308801651
3559,47.62585034013605,49,48,0.9662585034013605,-0.4661872684955597,18.5062313079834,7.122245733626187e-05,11.931529998779297
3560,43.888888888888886,45,40,0.8888888888888888,-0.6981229782104492,28.79462432861328,6.900574953760952e-05,2.946183919906616
3561,-108.53945249597425,207,204,0.9846054750402576,-0.3077004551887512,4.456298828125,6.895622209412977e-05,0.18086561560630798
3562,-7.631578947368415,95,83,0.8736842105263158,0.08922531455755234,16.524089813232422,6.89499283907935e-05,0.5014225840568542
3563,-4.915857605178001,103,102,0.98084142394822,0.047679100185632706,10.519841194152832,6.894993566675112e-05,0.2840886116027832
3564,-5.71844660194175,103,101,0.9728155339805825,0.040584664791822433,11.095473289489746,6.888137431815267e-05,0.6316525340080261
3565,-3.3594771241830075,102,101,0.9864052287581699,0.2737185060977936,10.376090049743652,6.886019400553778e-05,0.12136051803827286
3566,47.13333333333333,50,49,0.9713333333333334,-0.3824023902416229,22.647537231445312,6.884993490530178e-05,1.2636600732803345
3567,-107.9243156199678,207,206,0.990756843800322,-0.24872377514839172,4.122332572937012,6.886616029078141e-05,0.3729972541332245
3568,47.13333333333333,50,49,0.9713333333333334,-0.3795224130153656,16.903310775756836,6.802239659009501e-05,0.030525872483849525
3569,-7.631578947368417,95,83,0.8736842105263158,-0.6446420550346375,14.049982070922852,6.806322926422581e-05,1.2545132637023926
3570,47.625850340136054,49,48,0.9662585034013605,-0.15203414857387543,15.123578071594238,6.813455547671765e-05,1.064769983291626
3571,47.26666666666667,50,49,0.9726666666666667,0.39926740527153015,21.424657821655273,6.819784175604582e-05,1.2791459560394287
3572,-9.54166666666666,96,83,0.8645833333333334,-0.2864142060279846,11.692452430725098,6.77128482493572e-05,0.41678735613822937
3573,-9.541666666666664,96,83,0.8645833333333334,0.05700791999697685,16.12286949157715,6.789746839785948e-05,1.6353645324707031
3574,-9.54166666666666,96,83,0.8645833333333334,-0.6715829372406006,17.455598831176758,6.792832573410124e-05,1.0531452894210815
3575,40.95652173913043,46,40,0.8695652173913043,0.5045791864395142,30.85462760925293,6.49999565212056e-05,1.9462562799453735
3576,63.95652173913044,23,20,0.8695652173913043,0.8250126242637634,41.97854995727539,6.57775963190943e-05,3.2148756980895996
3577,48.10204081632652,49,48,0.9710204081632653,0.17445220053195953,14.759400367736816,6.576827581739053e-05,0.14783048629760742
3578,47.62585034013605,49,48,0.9662585034013605,-0.33863765001296997,13.801347732543945,6.570747791556641e-05,0.41545528173446655
3579,40.95652173913044,46,40,0.8695652173913043,-0.5434525609016418,28.011489868164062,6.575963197974488e-05,1.2635763883590698
3580,47.26666666666666,50,49,0.9726666666666667,0.14671632647514343,16.541664123535156,6.57124983263202e-05,0.505109429359436
3581,40.95652173913044,46,40,0.8695652173913043,0.20443949103355408,26.825176239013672,6.581336492672563e-05,1.2902072668075562
3582,-9.541666666666668,96,83,0.8645833333333334,-0.5421083569526672,11.872405052185059,6.569526885868981e-05,0.20449620485305786
3583,-9.541666666666664,96,83,0.8645833333333334,-0.08877839148044586,11.825589179992676,6.580292392754927e-05,1.0347884893417358
3584,43.893081761006286,53,52,0.9689308176100629,-0.28196412324905396,14.616365432739258,6.509572267532349e-05,0.683840274810791
3585,-104.1881188118812,202,198,0.9781188118811881,-0.30659908056259155,3.741715431213379,6.498788570752367e-05,0.05897592380642891
3586,49.027210884353735,49,49,0.9802721088435374,0.09622827172279358,18.13558006286621,6.499946175608784e-05,0.14531245827674866
3587,-7.631578947368409,95,83,0.8736842105263158,-0.28847867250442505,16.97369956970215,6.353588833007962e-05,0.11944211274385452
3588,40.95652173913044,46,40,0.8695652173913043,-0.3333635628223419,27.385536193847656,6.375904922606423e-05,2.2124876976013184
3589,-7.107936507936511,105,104,0.978920634920635,-0.33299770951271057,8.396134376525879,6.374278746079654e-05,0.21344494819641113
3590,-5.961538461538465,104,103,0.9803846153846154,-0.23570340871810913,7.980238437652588,6.363544525811449e-05,0.518676221370697
3591,-9.541666666666655,96,83,0.8645833333333334,-0.15477240085601807,13.013594627380371,6.361711712088436e-05,0.5862041711807251
3592,59.33333333333333,24,20,0.8333333333333334,-1.115653157234192,44.94047927856445,6.392916111508384e-05,2.9512808322906494
3593,59.333333333333336,24,20,0.8333333333333334,-0.8715044260025024,33.75057601928711,6.335481157293543e-05,2.978564977645874
3594,63.95652173913043,23,20,0.8695652173913043,-1.132574439048767,45.883243560791016,6.524638592964038e-05,5.903210639953613
3595,-11.43298969072166,97,83,0.8556701030927835,-0.0625779926776886,14.53727912902832,6.440484139602631e-05,1.018316388130188
3596,-9.54166666666667,96,83,0.8645833333333334,-0.2166002094745636,16.414077758789062,6.437408592319116e-05,0.01906592585146427
3597,-102.70149253731344,201,198,0.9829850746268657,-0.26362454891204834,4.1827263832092285,6.740613025613129e-05,7.056514739990234
3598,40.95652173913044,46,40,0.8695652173913043,-0.07667404413223267,28.494617462158203,6.560888141393661e-05,0.3276596963405609
3599,-4.592233009708751,103,102,0.9840776699029126,0.11364299803972244,9.00728702545166,6.543713243445382e-05,0.4370470643043518
3600,63.95652173913043,23,20,0.8695652173913043,0.4901868999004364,40.82884216308594,6.574719736818224e-05,1.8551044464111328
3601,-9.54166666666666,96,83,0.8645833333333334,-0.7069429755210876,13.909878730773926,6.48468776489608e-05,1.7439723014831543
3602,47.62585034013605,49,48,0.9662585034013605,-0.8185827136039734,16.916011810302734,6.1964281485416e-05,1.885688304901123
3603,63.95652173913042,23,20,0.8695652173913043,-0.6767950654029846,43.031558990478516,6.182755896588787e-05,1.4121700525283813
3604,63.95652173913044,23,20,0.8695652173913043,-0.10269826650619507,39.67228317260742,6.183869845699519e-05,0.8556037545204163
3605,59.33333333333333,24,20,0.8333333333333334,0.25887903571128845,53.787113189697266,6.199494964675978e-05,1.6586790084838867
3606,63.95652173913044,23,20,0.8695652173913043,-1.448440432548523,60.61711883544922,6.356956146191806e-05,6.3653564453125
3607,47.26666666666667,50,49,0.9726666666666667,0.46299320459365845,24.454050064086914,6.368722097249702e-05,1.8808536529541016
3608,47.13333333333333,50,49,0.9713333333333334,0.24636302888393402,25.250417709350586,6.205922545632347e-05,1.0476372241973877
3609,-5.718446601941757,103,101,0.9728155339805825,-0.1901761293411255,8.683015823364258,6.19529964751564e-05,0.415392130613327
3610,-9.54166666666666,96,83,0.8645833333333334,-0.7477673292160034,15.894024848937988,6.195290188770741e-05,0.36683815717697144
3611,40.95652173913044,46,40,0.8695652173913043,0.6879518032073975,28.866193771362305,6.30421782261692e-05,3.907343864440918
3612,-105.44117647058825,204,202,0.9855882352941177,-0.6127147078514099,6.602252960205078,6.299786764429882e-05,0.63337242603302
3613,-105.54575163398692,204,201,0.9845424836601308,-0.6159593462944031,10.687942504882812,6.234033207874745e-05,0.7576210498809814
3614,46.46153846153846,52,52,0.9846153846153847,-0.3560475707054138,26.69180679321289,6.236112676560879e-05,0.9256125092506409
3615,-4.9158576051779965,103,102,0.98084142394822,-0.1683766096830368,12.92810344696045,5.3488365665543824e-05,0.10232439637184143
3616,-9.541666666666664,96,83,0.8645833333333334,-0.5063118934631348,16.892545700073242,5.3469713748199865e-05,0.8262657523155212
3617,-7.631578947368412,95,83,0.8736842105263158,-0.08772128820419312,19.45151710510254,5.3517236665356904e-05,0.6262398362159729
3618,40.95652173913043,46,40,0.8695652173913043,0.14504997432231903,34.757530212402344,5.3458268666872755e-05,0.4979211986064911
3619,48.68707482993197,49,48,0.9768707482993197,0.34046128392219543,26.706422805786133,5.310218330123462e-05,0.6800525188446045
3620,-5.317152103559879,103,101,0.9768284789644013,0.2646438777446747,13.926653861999512,5.3200532420305535e-05,1.0591496229171753
3621,-3.4224422442244293,101,99,0.9757755775577558,-0.1380258947610855,11.405008316040039,5.314727241056971e-05,0.11937084048986435
3622,40.95652173913043,46,40,0.8695652173913043,-0.14408095180988312,29.16900062561035,5.012346446164884e-05,0.45225319266319275
3623,-7.631578947368411,95,83,0.8736842105263158,-0.11649447679519653,13.869898796081543,5.0220824050484225e-05,1.209234356880188
3624,-103.45214521452145,202,200,0.9854785478547855,-0.24430552124977112,4.383458137512207,5.022773257223889e-05,0.49223411083221436
3625,43.88888888888888,45,40,0.8888888888888888,0.49212098121643066,37.651649475097656,4.606721631716937e-05,2.2431440353393555
3626,-4.915857605177996,103,102,0.98084142394822,-0.5515700578689575,10.066594123840332,4.605385765898973e-05,0.4414948523044586
3627,59.333333333333336,24,20,0.8333333333333334,-0.3614303171634674,40.45471954345703,4.604165587807074e-05,0.16959333419799805
3628,46.46153846153846,52,52,0.9846153846153847,-0.3229545056819916,21.588090896606445,4.6024779294384643e-05,0.33218324184417725
3629,-9.54166666666666,96,83,0.8645833333333334,0.18652811646461487,14.013408660888672,4.612379052559845e-05,1.1420501470565796
3630,46.564102564102555,52,52,0.9856410256410256,-0.37129268050193787,18.175806045532227,4.610194810084067e-05,0.01287603285163641
3631,-9.54166666666667,96,83,0.8645833333333334,-0.4162043035030365,15.794468879699707,4.618617094820365e-05,1.8465288877487183
3632,-7.631578947368411,95,83,0.8736842105263158,-0.4802803695201874,17.37001609802246,4.644331056624651e-05,2.325016736984253
3633,47.26666666666666,50,49,0.9726666666666667,0.774468183517456,29.038311004638672,4.640963379642926e-05,0.3092741072177887
3634,-7.631578947368425,95,83,0.8736842105263158,0.09763271361589432,16.825225830078125,4.641374107450247e-05,0.14021846652030945
3635,-9.541666666666664,96,83,0.8645833333333334,-0.2623899579048157,15.968981742858887,4.643366628442891e-05,0.9015069007873535
3636,40.95652173913043,46,40,0.8695652173913043,0.2168291211128235,30.531904220581055,4.6478417061734945e-05,0.7350608110427856
3637,40.95652173913043,46,40,0.8695652173913043,0.2267305701971054,30.02621078491211,4.6496341383317485e-05,0.7818204760551453
3638,63.95652173913043,23,20,0.8695652173913043,0.486680805683136,48.200992584228516,4.688581611844711e-05,2.362595558166504
3639,63.95652173913044,23,20,0.8695652173913043,-1.7009321451187134,39.409080505371094,4.8979731218423694e-05,6.0102858543396
3640,63.95652173913043,23,20,0.8695652173913043,-0.05607064813375473,38.75931167602539,4.8925390728982165e-05,0.7282702922821045
3641,63.95652173913044,23,20,0.8695652173913043,0.01169371698051691,40.31428527832031,4.886298847850412e-05,0.9441508054733276
3642,-7.051282051282056,104,101,0.9694871794871794,-0.2084043025970459,9.005830764770508,4.885995440417901e-05,0.058517005294561386
3643,-4.592233009708748,103,102,0.9840776699029126,0.10305488854646683,7.6049580574035645,4.883192013949156e-05,0.2722884714603424
3644,59.333333333333336,24,20,0.8333333333333334,-0.11769498884677887,50.140377044677734,2.8152679078630172e-05,2.4478063583374023
3645,43.88888888888888,45,40,0.8888888888888888,0.19303442537784576,29.701475143432617,2.7860764021170326e-05,0.5140467286109924
3646,-8.937694704049848,107,106,0.9806230529595016,-0.08761116117238998,9.594000816345215,2.786164805002045e-05,0.023448893800377846
3647,-100.66834170854271,199,196,0.9833165829145729,0.2744697332382202,7.833103656768799,2.78094521490857e-05,0.11269041150808334
3648,-100.66834170854271,199,196,0.9833165829145729,0.10206488519906998,7.379949569702148,2.7359383238945156e-05,0.6588616967201233
3649,47.62585034013605,49,48,0.9662585034013605,-0.39246147871017456,14.015926361083984,2.7347510695108213e-05,0.24103625118732452
3650,-107.9243156199678,207,206,0.990756843800322,-0.205682635307312,4.800603866577148,2.7217949536861852e-05,0.13511638343334198
3651,-9.043613707165102,107,105,0.979563862928349,-0.6897093653678894,8.277052879333496,2.7307309210300446e-05,1.5915205478668213
3652,46.75163398692809,51,51,0.977516339869281,-0.24430371820926666,15.698312759399414,2.7293752282275818e-05,0.5501827597618103
3653,38.10638297872341,47,40,0.851063829787234,-0.5463638305664062,29.41752052307129,2.7148256776854396e-05,0.47687023878097534
3654,46.75163398692809,51,51,0.977516339869281,-0.16537632048130035,14.638055801391602,2.7132549803354777e-05,0.436733603477478
3655,59.333333333333336,24,20,0.8333333333333334,0.6750690937042236,52.155853271484375,2.781553666864056e-05,3.175402879714966
3656,40.95652173913044,46,40,0.8695652173913043,0.30098259449005127,28.786296844482422,2.817166387103498e-05,2.586711883544922
3657,63.95652173913044,23,20,0.8695652173913043,-0.045361362397670746,50.61128234863281,2.8197511710459366e-05,0.9750203490257263
3658,-7.631578947368418,95,83,0.8736842105263158,-0.40242138504981995,14.83024787902832,2.819497967720963e-05,0.060492437332868576
3659,63.95652173913043,23,20,0.8695652173913043,0.0018972238758578897,43.22829055786133,1.9420547687332146e-05,0.28436902165412903
3660,-6.48076923076923,104,102,0.9751923076923077,-0.26376011967658997,7.833147048950195,1.8957434804178774e-05,0.17547954618930817
3661,-105.44117647058825,204,202,0.9855882352941177,-0.02956794947385788,3.8350088596343994,1.9001285181730054e-05,0.6943349242210388
3662,-9.541666666666664,96,83,0.8645833333333334,-0.43165427446365356,11.485808372497559,1.8980792447109707e-05,0.4921155571937561
3663,-100.66834170854271,199,196,0.9833165829145729,-0.118942491710186,4.135127067565918,1.9026934751309454e-05,0.9039303064346313
3664,-7.631578947368416,95,83,0.8736842105263158,0.09979762136936188,16.016582489013672,1.9206685465178452e-05,1.6174652576446533
3665,-5.718446601941759,103,101,0.9728155339805825,0.07190030813217163,7.4201202392578125,1.928043639054522e-05,0.9551613330841064
3666,-7.631578947368423,95,83,0.8736842105263158,-0.5636447072029114,14.32474136352539,1.934687497850973e-05,1.668814778327942
3667,-4.915857605177999,103,102,0.98084142394822,-0.388710081577301,8.207803726196289,1.9467741367407143e-05,1.642063021659851
3668,-109.93269230769232,208,204,0.9806730769230769,0.022655503824353218,3.9698731899261475,1.9488938050926663e-05,0.4596588909626007
3669,63.95652173913043,23,20,0.8695652173913043,-0.7953519821166992,51.545955657958984,2.0031584426760674e-05,3.3257203102111816
3670,40.95652173913043,46,40,0.8695652173913043,-0.33050814270973206,28.39514923095703,2.0052393665537238e-05,1.5519473552703857
3671,40.95652173913043,46,40,0.8695652173913043,-0.09738510847091675,28.63748550415039,1.992302895814646e-05,0.5457146763801575
3672,-104.9376026272578,203,200,0.980623973727422,-0.010800667107105255,4.406623363494873,1.989946758840233e-05,0.06764893978834152
3673,63.95652173913044,23,20,0.8695652173913043,-0.2080548107624054,50.710426330566406,1.968685864994768e-05,0.43207848072052
3674,63.95652173913044,23,20,0.8695652173913043,0.917283833026886,39.12425231933594,2.0429604774108157e-05,3.3490917682647705
3675,-4.533980582524274,103,102,0.9846601941747573,-0.1147126704454422,8.15510368347168,2.0143221263424493e-05,0.2582080066204071
3676,40.95652173913042,46,40,0.8695652173913043,-0.0002627690846566111,30.900787353515625,1.9511724531184882e-05,1.045458436012268
3677,46.62666666666667,50,49,0.9662666666666667,-0.3127540946006775,16.00908851623535,1.9502276700222865e-05,0.2771429121494293
3678,-104.76026272577997,203,200,0.9823973727422003,-0.2805115282535553,4.382143020629883,1.9492299543344416e-05,0.3239672780036926
3679,49.36879432624113,47,46,0.9636879432624114,-0.03926022723317146,17.513662338256836,1.9428647647146136e-05,0.3210323750972748
3680,-110.85964912280703,209,206,0.9814035087719298,-0.1971740573644638,5.11870813369751,2.076381497317925e-05,4.7375688552856445
3681,-7.107936507936511,105,104,0.978920634920635,-0.05839148908853531,11.598788261413574,2.062460407614708e-05,0.10155535489320755
3682,-9.54166666666667,96,83,0.8645833333333334,-0.18962186574935913,14.141911506652832,2.0626852347049862e-05,0.46119147539138794
3683,40.95652173913043,46,40,0.8695652173913043,-0.22266480326652527,31.507675170898438,2.0633695385186e-05,1.629142165184021
3684,-8.93769470404985,107,106,0.9806230529595016,0.08361556380987167,12.111845016479492,2.0657253116951324e-05,0.4524245858192444
3685,63.95652173913042,23,20,0.8695652173913043,0.07926855236291885,50.04023742675781,2.0669833247666247e-05,0.22477987408638
3686,-11.43298969072165,97,83,0.8556701030927835,-0.2732011377811432,14.713890075683594,2.0668800061685033e-05,0.12484026700258255
3687,-2.9537953795379592,101,100,0.9804620462046204,-0.31301358342170715,8.35497760772705,2.067055356747005e-05,0.045573048293590546
3688,-104.0607553366174,203,201,0.989392446633826,-0.06035725772380829,3.844386339187622,2.0478793885558844e-05,0.573296308517456
3689,63.95652173913042,23,20,0.8695652173913043,-0.0705316886305809,39.61650848388672,2.063828651444055e-05,1.3699692487716675
3690,-100.66834170854271,199,196,0.9833165829145729,-0.08008751273155212,4.6043620109558105,2.066161141556222e-05,0.4548523724079132
3691,-105.44117647058825,204,202,0.9855882352941177,-0.20109961926937103,4.196298122406006,2.0621826479327865e-05,0.34524819254875183
3692,-2.8151815181518267,101,100,0.9818481848184818,0.32279613614082336,8.65738296508789,2.0170891730231233e-05,0.19484513998031616
3693,-108.45893719806764,207,204,0.9854106280193237,-0.13102151453495026,3.9283981323242188,1.9690287444973364e-05,0.1306581348180771
3694,59.333333333333336,24,20,0.8333333333333334,-0.5646915435791016,41.049503326416016,1.8424829249852337e-05,3.6879796981811523
3695,-3.3594771241830106,102,101,0.9864052287581699,0.3883141577243805,9.007444381713867,1.8433462173561566e-05,1.0768786668777466
3696,-108.53945249597425,207,204,0.9846054750402576,-0.2336210012435913,4.463653564453125,1.8442216969560832e-05,0.5646035075187683
3697,43.893081761006286,53,52,0.9689308176100629,0.06489348411560059,19.662899017333984,1.5492576494580135e-05,1.042771339416504
3698,63.95652173913044,23,20,0.8695652173913043,-1.281801462173462,53.872859954833984,1.674660416028928e-05,4.677489280700684
3699,59.33333333333334,24,20,0.8333333333333334,-1.3710626363754272,53.28618621826172,1.9041692212340422e-05,6.3215532302856445
3700,63.95652173913043,23,20,0.8695652173913043,0.43271222710609436,48.405818939208984,1.884963239717763e-05,0.8950641751289368
3701,40.95652173913043,46,40,0.8695652173913043,0.5141307711601257,28.53537940979004,1.893376247608103e-05,1.6715251207351685
3702,40.95652173913043,46,40,0.8695652173913043,-0.3720722198486328,26.286211013793945,1.8799280951498076e-05,0.9961439967155457
3703,-105.44117647058823,204,202,0.9855882352941177,-0.1470373570919037,4.813150405883789,1.8710416043177247e-05,0.3292009234428406
3704,-105.54575163398694,204,201,0.9845424836601308,-0.06593997776508331,4.324979782104492,1.869688458100427e-05,0.2737441658973694
3705,40.95652173913043,46,40,0.8695652173913043,0.09403709322214127,29.93958854675293,1.8616728993947618e-05,1.2648812532424927
3706,-9.541666666666659,96,83,0.8645833333333334,-0.6951214671134949,19.23179817199707,1.632111525395885e-05,1.2471718788146973
3707,63.95652173913043,23,20,0.8695652173913043,-1.4631702899932861,33.51153564453125,1.733081262500491e-05,4.555239200592041
3708,-4.592233009708744,103,102,0.9840776699029126,0.4854891002178192,12.120503425598145,1.738254832162056e-05,1.3547216653823853
3709,-4.592233009708751,103,102,0.9840776699029126,0.27741411328315735,8.634748458862305,1.7364707673550583e-05,0.05460745468735695
3710,63.95652173913044,23,20,0.8695652173913043,1.2970631122589111,45.41200637817383,1.8184637156082317e-05,3.5057756900787354
3711,-3.4224422442244284,101,99,0.9757755775577558,0.030258050188422203,9.474414825439453,1.7170541468658485e-05,0.15061062574386597
3712,-9.541666666666668,96,83,0.8645833333333334,-0.09049959480762482,13.769847869873047,1.7217080312548205e-05,0.8257104754447937
3713,63.95652173913044,23,20,0.8695652173913043,0.08109066635370255,33.24235153198242,1.7199736248585396e-05,0.14352230727672577
3714,-3.4224422442244324,101,99,0.9757755775577558,-0.16771097481250763,8.319527626037598,1.7164607925224118e-05,0.34743523597717285
3715,63.95652173913044,23,20,0.8695652173913043,0.7596696615219116,37.29743576049805,1.781259197741747e-05,3.118624210357666
3716,63.95652173913043,23,20,0.8695652173913043,1.0336270332336426,30.963499069213867,1.890365638246294e-05,4.191651821136475
3717,49.36879432624113,47,46,0.9636879432624114,-0.10618843138217926,17.348182678222656,1.8901304429164156e-05,0.7307276129722595
3718,49.36879432624113,47,46,0.9636879432624114,0.6502777338027954,18.898849487304688,1.9144168618367985e-05,1.9982203245162964
3719,-5.961538461538464,104,103,0.9803846153846154,0.07289079576730728,11.111173629760742,1.911781873786822e-05,0.4176531434059143
3720,49.36879432624113,47,46,0.9636879432624114,0.5742640495300293,22.3488712310791,1.909143065859098e-05,0.8501607775688171
3721,63.95652173913043,23,20,0.8695652173913043,-0.9187396764755249,58.47820281982422,2.0480532839428633e-05,4.843099594116211
3722,63.95652173913044,23,20,0.8695652173913043,0.2777771055698395,49.272727966308594,2.0476665667956695e-05,0.10923939943313599
3723,40.95652173913044,46,40,0.8695652173913043,-0.44814082980155945,31.52159309387207,2.041873085545376e-05,1.0390719175338745
3724,40.95652173913044,46,40,0.8695652173913043,-0.8549484014511108,32.3814811706543,2.0768984541064128e-05,2.5549423694610596
3725,-4.592233009708753,103,102,0.9840776699029126,-0.2271672487258911,12.881688117980957,2.0420666260179132e-05,0.5823892951011658
3726,46.626666666666665,50,49,0.9662666666666667,-0.5493101477622986,24.727720260620117,2.041656625806354e-05,0.16361665725708008
3727,-9.043613707165111,107,105,0.979563862928349,-0.3592413663864136,9.463403701782227,2.041940751951188e-05,0.39765092730522156
3728,-9.54166666666667,96,83,0.8645833333333334,-0.7355400323867798,14.364585876464844,2.0450466763577424e-05,1.0724599361419678
3729,-105.44117647058825,204,202,0.9855882352941177,-0.0029311373364180326,6.474756717681885,2.0400506400619633e-05,0.7948915958404541
3730,-108.53945249597423,207,204,0.9846054750402576,-0.3765674829483032,6.56917142868042,2.0398598280735314e-05,0.27292338013648987
3731,49.027210884353735,49,49,0.9802721088435374,0.3791702389717102,31.23074722290039,2.0244677216396667e-05,0.6667501330375671
3732,-105.54575163398694,204,201,0.9845424836601308,-0.09321460127830505,8.566795349121094,1.996753053390421e-05,0.4843851327896118
3733,-103.45214521452145,202,200,0.9854785478547855,0.11899008601903915,6.399673938751221,2.001662869588472e-05,0.8427181839942932
3734,-109.93269230769232,208,204,0.9806730769230769,-0.19385303556919098,6.7436370849609375,2.0017056158394553e-05,0.15132004022598267
3735,-6.480769230769237,104,102,0.9751923076923077,-0.45501673221588135,12.552891731262207,2.0244995539542288e-05,2.2309060096740723
3736,-99.21885521885523,198,196,0.9878114478114478,-0.2333812266588211,6.369107246398926,2.019275962084066e-05,0.16536399722099304
3737,46.56410256410256,52,52,0.9856410256410256,0.3003544509410858,15.616874694824219,2.0748777387780137e-05,2.9746673107147217
3738,46.75163398692809,51,51,0.977516339869281,0.15923671424388885,17.9061336517334,2.0375346139189787e-05,0.4496619701385498
3739,-4.915857605178004,103,102,0.98084142394822,-0.4141486883163452,8.353647232055664,1.826953302952461e-05,0.38962194323539734
3740,46.46153846153846,52,52,0.9846153846153847,-0.7783072590827942,19.815147399902344,1.8266837287228554e-05,0.9826544523239136
3741,47.299319727891145,49,48,0.9629931972789115,-0.35953468084335327,18.52505111694336,1.8194670701632276e-05,0.3467912971973419
3742,-4.59223300970875,103,102,0.9840776699029126,-0.11002544313669205,9.82972526550293,1.8193293726653792e-05,0.0018459833227097988
3743,-7.1079365079365076,105,104,0.978920634920635,-0.6035621762275696,8.128933906555176,1.819388307922054e-05,0.014156646095216274
3744,-105.44117647058825,204,202,0.9855882352941177,-0.41046246886253357,5.353540420532227,1.7869664588943124e-05,0.029895270243287086
3745,-104.9376026272578,203,200,0.980623973727422,-0.29009324312210083,7.220075607299805,1.786271604942158e-05,0.05067972093820572
3746,-5.961538461538466,104,103,0.9803846153846154,-0.26174893975257874,12.928756713867188,1.7963917343877256e-05,1.4225696325302124
3747,-3.422442244224423,101,99,0.9757755775577558,0.3140660524368286,13.946417808532715,1.8008506231126375e-05,0.7474944591522217
3748,-5.961538461538462,104,103,0.9803846153846154,0.22470396757125854,14.409562110900879,1.8018621631199494e-05,0.535024106502533
3749,40.95652173913044,46,40,0.8695652173913043,-0.15910819172859192,39.16514587402344,1.834621070884168e-05,2.4718189239501953
3750,-109.9326923076923,208,204,0.9806730769230769,-0.162046417593956,4.194051265716553,1.835694638430141e-05,0.26845234632492065
3751,63.95652173913043,23,20,0.8695652173913043,-0.6653764247894287,55.89523696899414,1.8585737052490003e-05,2.5573885440826416
3752,-7.631578947368412,95,83,0.8736842105263158,-0.2255515605211258,14.434741973876953,1.8576118236524053e-05,0.15050962567329407
3753,-7.6315789473684195,95,83,0.8736842105263158,-0.4156439006328583,14.22156047821045,1.8573313354863785e-05,0.396822452545166
3754,63.95652173913044,23,20,0.8695652173913043,-0.35933107137680054,40.219764709472656,1.8573569832369685e-05,0.4439924359321594
3755,-3.4224422442244253,101,99,0.9757755775577558,-0.6152427196502686,8.716957092285156,1.798249468265567e-05,1.4538053274154663
3756,63.95652173913044,23,20,0.8695652173913043,-1.2421560287475586,50.3339729309082,1.8038352209259756e-05,3.1983437538146973
3757,47.299319727891145,49,48,0.9629931972789115,0.12420012801885605,17.587406158447266,1.8175387594965287e-05,1.4162592887878418
3758,-102.70149253731344,201,198,0.9829850746268657,-0.20857177674770355,3.684645414352417,1.818303280742839e-05,0.22608058154582977
3759,-7.107936507936509,105,104,0.978920634920635,-0.44188550114631653,12.742308616638184,1.8173432181356475e-05,0.5725088715553284
3760,-3.764705882352951,102,101,0.9823529411764705,0.5208566784858704,13.678592681884766,1.828147651394829e-05,1.1517592668533325
3761,43.89308176100629,53,52,0.9689308176100629,0.6443696022033691,35.405914306640625,1.8290455045644194e-05,0.9271273612976074
3762,40.95652173913043,46,40,0.8695652173913043,1.4089505672454834,44.631683349609375,1.90208029380301e-05,3.2380173206329346
3763,-4.25490196078432,102,100,0.9774509803921568,0.5302460193634033,18.16291618347168,1.9018341845367104e-05,0.7049676179885864
3764,46.626666666666665,50,49,0.9662666666666667,-0.05083518475294113,36.83449172973633,1.8909477148554288e-05,1.4481284618377686
3765,-9.541666666666664,96,83,0.8645833333333334,-0.39594894647598267,15.05445384979248,1.883410004666075e-05,0.1822725385427475
3766,-4.5922330097087505,103,102,0.9840776699029126,-0.11560487002134323,7.868704795837402,2.2790698494645767e-05,8.154354095458984
3767,63.95652173913043,23,20,0.8695652173913043,-0.3637756407260895,41.48227310180664,2.2680887923343107e-05,0.3708542585372925
3768,46.75163398692809,51,51,0.977516339869281,-2.545534372329712,31.474369049072266,2.60270680882968e-05,7.6243767738342285
3769,63.95652173913044,23,20,0.8695652173913043,0.07817627489566803,47.15228271484375,2.5967583496822044e-05,2.698355197906494
3770,-105.54575163398694,204,201,0.9845424836601308,-0.5410038232803345,4.473468780517578,2.5865072529995814e-05,0.22827912867069244
3771,-1.4466666666666677,100,99,0.9855333333333334,-0.47966066002845764,11.993836402893066,2.589012001408264e-05,0.918834388256073
3772,-4.5922330097087425,103,102,0.9840776699029126,0.05863155797123909,13.174371719360352,2.594002398836892e-05,1.1034125089645386
3773,63.95652173913044,23,20,0.8695652173913043,2.7433974742889404,87.00639343261719,2.8380120056681335e-05,6.131860733032227
3774,40.95652173913044,46,40,0.8695652173913043,-0.05804022401571274,50.99699401855469,2.803099778247997e-05,2.7490155696868896
3775,40.95652173913042,46,40,0.8695652173913043,-1.1886885166168213,51.737953186035156,2.9155155061744153e-05,4.487907409667969
3776,46.46153846153846,52,52,0.9846153846153847,-0.19241099059581757,46.830509185791016,2.9720758902840316e-05,3.5596673488616943
3777,-4.592233009708751,103,102,0.9840776699029126,0.16441799700260162,13.04161548614502,2.9725679269176908e-05,0.0007510397699661553
3778,-99.21885521885523,198,196,0.9878114478114478,-0.26823389530181885,4.715383052825928,2.9708733563893475e-05,0.4578148126602173
3779,40.95652173913043,46,40,0.8695652173913043,-0.24295614659786224,27.688249588012695,2.9723738407483324e-05,0.21064075827598572
3780,63.95652173913042,23,20,0.8695652173913043,-0.06632038950920105,43.84491729736328,2.843671063601505e-05,0.8183969855308533
3781,49.36879432624113,47,46,0.9636879432624114,-0.34654784202575684,26.549497604370117,2.8460783141781576e-05,0.45822468400001526
3782,-9.043613707165113,107,105,0.979563862928349,-0.9217561483383179,14.993382453918457,2.8461550755309872e-05,0.03697987273335457
3783,-8.93769470404985,107,106,0.9806230529595016,-0.5469262599945068,12.889244079589844,2.842459434759803e-05,0.8933632373809814
3784,49.02721088435374,49,49,0.9802721088435374,-0.3599874675273895,19.22174644470215,2.8397842470440082e-05,0.45661547780036926
3785,-11.432989690721657,97,83,0.8556701030927835,-0.5522493124008179,15.135514259338379,2.840644447132945e-05,0.8557730913162231
3786,46.7516339869281,51,51,0.977516339869281,1.012382984161377,31.448894500732422,2.8857677534688264e-05,2.486863613128662
3787,-105.54575163398694,204,201,0.9845424836601308,0.18408334255218506,8.696837425231934,2.8865475542261265e-05,0.16976474225521088
3788,-4.2549019607843235,102,100,0.9774509803921568,0.5437647700309753,17.11853790283203,2.8905395083711483e-05,0.9075600504875183
3789,49.36879432624113,47,46,0.9636879432624114,0.21411582827568054,39.560394287109375,2.8783530069631524e-05,1.020930528640747
3790,47.133333333333326,50,49,0.9713333333333334,-0.7785159349441528,36.453163146972656,2.958127333840821e-05,3.9442343711853027
3791,63.95652173913044,23,20,0.8695652173913043,-2.0988659858703613,70.59642028808594,3.515539356158115e-05,9.854211807250977
3792,-5.961538461538465,104,103,0.9803846153846154,-0.26509010791778564,9.266772270202637,3.513496994855814e-05,0.27645519375801086
3793,46.564102564102555,52,52,0.9856410256410256,-0.348577618598938,41.35438537597656,3.572519199224189e-05,2.7245991230010986
3794,-7.631578947368418,95,83,0.8736842105263158,-1.2557997703552246,14.358683586120605,3.530504181981087e-05,2.4230668544769287
3795,63.95652173913043,23,20,0.8695652173913043,-0.435393750667572,42.33586883544922,3.5670458601089194e-05,2.4742252826690674
3796,-104.76026272577998,203,200,0.9823973727422003,-0.597662091255188,5.562497138977051,3.566873419913463e-05,0.1845635324716568
3797,-9.541666666666663,96,83,0.8645833333333334,-0.9598106145858765,14.383091926574707,3.564232974895276e-05,1.5771517753601074
3798,-9.54166666666667,96,83,0.8645833333333334,-0.3501722812652588,15.100940704345703,3.450251097092405e-05,0.2420848160982132
3799,-4.254901960784325,102,100,0.9774509803921568,0.13136009871959686,10.292560577392578,3.234350515413098e-05,0.9484089612960815
3800,-9.541666666666664,96,83,0.8645833333333334,-0.309530645608902,15.964239120483398,3.2263316825265065e-05,0.2338131219148636
3801,-4.254901960784314,102,100,0.9774509803921568,0.056757617741823196,11.068617820739746,3.203348023816943e-05,0.20095479488372803
3802,46.564102564102555,52,52,0.9856410256410256,-0.09345906972885132,15.59433650970459,3.222157101845369e-05,1.6401293277740479
3803,47.62585034013605,49,48,0.9662585034013605,0.008584070950746536,17.68267250061035,3.294835187261924e-05,3.2586286067962646
3804,40.95652173913043,46,40,0.8695652173913043,0.0016082446090877056,29.264352798461914,3.303394260001369e-05,1.0634448528289795
3805,40.95652173913044,46,40,0.8695652173913043,0.18287621438503265,26.882875442504883,3.3075524697778746e-05,1.478716254234314
3806,48.10204081632652,49,48,0.9710204081632653,-0.03793845325708389,18.956871032714844,3.302667028037831e-05,0.3600734770298004
3807,59.33333333333334,24,20,0.8333333333333334,1.0421786308288574,47.625370025634766,3.294965426903218e-05,4.120316028594971
3808,43.88888888888888,45,40,0.8888888888888888,0.06011940911412239,29.392263412475586,3.2888943678699434e-05,0.9648619890213013
3809,-104.76026272577998,203,200,0.9823973727422003,-0.3701602816581726,4.163938522338867,3.288804509793408e-05,0.000766024983022362
3810,63.95652173913044,23,20,0.8695652173913043,-1.0898703336715698,46.53020095825195,3.2280990126309916e-05,1.9762731790542603
3811,47.13333333333333,50,49,0.9713333333333334,-1.4179880619049072,25.44972038269043,3.346769153722562e-05,4.572298526763916
3812,-99.21885521885523,198,196,0.9878114478114478,-0.13143952190876007,4.870806694030762,3.340170587762259e-05,0.15890520811080933
3813,-9.54166666666667,96,83,0.8645833333333334,-0.18171897530555725,14.059347152709961,3.346498851897195e-05,0.862185537815094
3814,-9.541666666666668,96,83,0.8645833333333334,0.20100843906402588,11.932677268981934,3.382941577001475e-05,2.2415366172790527
3815,59.333333333333336,24,20,0.8333333333333334,0.708459734916687,52.3968505859375,3.371274578967132e-05,2.8182621002197266
3816,-7.631578947368415,95,83,0.8736842105263158,-0.15827661752700806,14.392112731933594,3.253759132348932e-05,0.3002149164676666
3817,-7.631578947368412,95,83,0.8736842105263158,-0.6320325136184692,14.960634231567383,3.2616444514133036e-05,1.4658514261245728
3818,-9.54166666666666,96,83,0.8645833333333334,-0.17110902070999146,12.136157035827637,3.233665484003723e-05,0.4430046081542969
3819,63.95652173913043,23,20,0.8695652173913043,-0.53753262758255,49.09486770629883,3.25549190165475e-05,2.1448655128479004
3820,63.95652173913044,23,20,0.8695652173913043,-0.11342370510101318,52.19924545288086,3.2489955628989264e-05,0.7255436182022095
3821,-104.76026272577998,203,200,0.9823973727422003,-0.22171185910701752,5.332690238952637,3.1207280699163675e-05,0.2291659712791443
3822,40.95652173913044,46,40,0.8695652173913043,-0.324715256690979,33.99610137939453,3.1218987714964896e-05,0.32299456000328064
3823,63.95652173913043,23,20,0.8695652173913043,-1.3343524932861328,42.493812561035156,3.2334068237105384e-05,4.57266092300415
3824,63.95652173913044,23,20,0.8695652173913043,-1.139166235923767,40.35875701904297,3.234820542274974e-05,2.604555130004883
3825,-6.480769230769227,104,102,0.9751923076923077,0.06342807412147522,11.175268173217773,3.2480922527611256e-05,1.2499916553497314
3826,40.95652173913043,46,40,0.8695652173913043,0.7843847870826721,27.899309158325195,3.314488640171476e-05,3.0547173023223877
3827,-105.54575163398694,204,201,0.9845424836601308,0.020818062126636505,4.786755084991455,3.314283094368875e-05,0.24503374099731445
3828,43.893081761006286,53,52,0.9689308176100629,-0.09791960567235947,26.756237030029297,3.3119158615591004e-05,0.40504705905914307
3829,47.625850340136054,49,48,0.9662585034013605,-0.6356099247932434,22.787614822387695,3.315615686005913e-05,1.3893996477127075
3830,-7.631578947368414,95,83,0.8736842105263158,-0.1272980272769928,15.287982940673828,3.315776484669186e-05,0.3849276006221771
3831,-9.043613707165107,107,105,0.979563862928349,0.08665350079536438,9.462713241577148,3.317341906949878e-05,0.4745330810546875
3832,40.95652173913043,46,40,0.8695652173913043,-0.5487935543060303,31.1361141204834,3.335469955345616e-05,1.9462469816207886
3833,-103.45214521452145,202,200,0.9854785478547855,0.02394094504415989,4.352066993713379,3.329324317746796e-05,0.14258626103401184
3834,-9.54166666666666,96,83,0.8645833333333334,-0.19975720345973969,14.34125804901123,3.330688559799455e-05,0.3784492611885071
3835,40.95652173913044,46,40,0.8695652173913043,-1.06309974193573,28.753334045410156,3.388246477697976e-05,3.882838010787964
3836,47.13333333333333,50,49,0.9713333333333334,-0.4166843891143799,22.296419143676758,3.395966632524505e-05,1.3659586906433105
3837,-7.6315789473684195,95,83,0.8736842105263158,-0.7325266599655151,14.516427993774414,3.342429772601463e-05,1.6344549655914307
3838,47.299319727891145,49,48,0.9629931972789115,0.06054138019680977,19.265361785888672,3.340246985317208e-05,0.1537071168422699
3839,-7.631578947368411,95,83,0.8736842105263158,-0.5070479512214661,14.174234390258789,3.34025826305151e-05,0.19593492150306702
3840,63.95652173913043,23,20,0.8695652173913043,0.9516042470932007,44.7982292175293,3.379654299351387e-05,2.3444879055023193
3841,43.893081761006286,53,52,0.9689308176100629,-0.1769992858171463,20.227235794067383,3.386977914487943e-05,0.8364754319190979
3842,-7.6315789473684115,95,83,0.8736842105263158,-0.3756614923477173,15.946905136108398,3.386716707609594e-05,0.10605113953351974
3843,63.95652173913044,23,20,0.8695652173913043,1.4118192195892334,41.519371032714844,3.53301948052831e-05,4.6484527587890625
3844,-9.541666666666668,96,83,0.8645833333333334,-0.35116276144981384,12.508691787719727,3.532780465320684e-05,0.07590356469154358
3845,47.29931972789115,49,48,0.9629931972789115,0.15417374670505524,19.121706008911133,3.53668729076162e-05,0.6319687366485596
3846,-2.953795379537966,101,100,0.9804620462046204,-0.08013731241226196,9.152732849121094,3.5373555874684826e-05,1.0884888172149658
3847,46.75163398692809,51,51,0.977516339869281,-0.16917000710964203,15.19983959197998,3.535562427714467e-05,0.9447622299194336
3848,-6.480769230769241,104,102,0.9751923076923077,-0.3295709490776062,9.151877403259277,3.5333890991751105e-05,0.6298918128013611
3849,63.95652173913043,23,20,0.8695652173913043,1.3485028743743896,43.189361572265625,3.6203629861120135e-05,4.234463214874268
3850,40.95652173913043,46,40,0.8695652173913043,-0.5416426658630371,30.97761344909668,3.634659879026003e-05,1.7267073392868042
3851,-7.631578947368416,95,83,0.8736842105263158,-0.3807416558265686,14.885660171508789,3.6008364986628294e-05,0.7086932063102722
3852,49.02721088435374,49,49,0.9802721088435374,-0.1059526801109314,19.05374526977539,3.6021687265019864e-05,0.32857394218444824
3853,40.95652173913043,46,40,0.8695652173913043,-0.6541090607643127,29.488590240478516,3.625254612416029e-05,2.095095634460449
3854,43.893081761006286,53,52,0.9689308176100629,-0.37336286902427673,17.492488861083984,3.631260551628657e-05,1.1837329864501953
3855,-7.631578947368421,95,83,0.8736842105263158,-0.1763627529144287,15.657940864562988,3.621062569436617e-05,0.34364137053489685
3856,63.95652173913043,23,20,0.8695652173913043,-0.6489440202713013,51.61075210571289,3.59789228241425e-05,2.5037426948547363
3857,43.704402515723274,53,52,0.9670440251572328,-0.02955327183008194,14.062429428100586,3.600619675125927e-05,1.5525248050689697
3858,48.10204081632653,49,48,0.9710204081632653,0.6504529714584351,16.031681060791016,3.609873601817526e-05,1.1432788372039795
3859,63.95652173913044,23,20,0.8695652173913043,1.3004127740859985,43.24647903442383,3.69696099369321e-05,3.6791112422943115
3860,-7.631578947368418,95,83,0.8736842105263158,0.01278663519769907,14.056404113769531,3.691604797495529e-05,0.729762077331543
3861,59.33333333333334,24,20,0.8333333333333334,-1.0012259483337402,33.510311126708984,3.731641481863335e-05,2.8514692783355713
3862,40.95652173913043,46,40,0.8695652173913043,0.5211455821990967,34.19770812988281,3.692455720738508e-05,2.100510358810425
3863,40.95652173913043,46,40,0.8695652173913043,-0.3819837272167206,26.25439453125,3.6900317354593426e-05,0.7064661979675293
3864,-11.432989690721659,97,83,0.8556701030927835,0.02342654950916767,12.013233184814453,3.690991798066534e-05,1.2383074760437012
3865,-102.70149253731344,201,198,0.9829850746268657,-0.20120763778686523,3.795736074447632,3.6916993849445134e-05,0.5805005431175232
3866,63.95652173913044,23,20,0.8695652173913043,-0.9841859340667725,35.51723098754883,3.373978324816562e-05,3.959533214569092
3867,63.95652173913044,23,20,0.8695652173913043,-0.0414547473192215,47.29890060424805,3.3738317142706364e-05,0.34855860471725464
3868,-7.631578947368412,95,83,0.8736842105263158,-0.43728891015052795,14.539948463439941,3.0392871849471703e-05,1.4333951473236084
3869,63.95652173913043,23,20,0.8695652173913043,0.5447015166282654,44.9506950378418,2.998448326252401e-05,1.0281068086624146
3870,40.95652173913043,46,40,0.8695652173913043,-0.5764371156692505,28.85135841369629,3.0237190003390424e-05,2.2002367973327637
3871,63.95652173913044,23,20,0.8695652173913043,0.2420138418674469,34.344520568847656,3.0419310860452242e-05,1.7469396591186523
3872,46.626666666666665,50,49,0.9662666666666667,0.17434503138065338,17.89892578125,3.054318221984431e-05,1.6159275770187378
3873,-109.40064102564104,208,206,0.9859935897435897,-0.004175140522420406,3.867865562438965,2.813072751450818e-05,0.10449536144733429
3874,-9.54166666666666,96,83,0.8645833333333334,-0.2703366279602051,14.119694709777832,2.7731988666346297e-05,0.6830930709838867
3875,63.95652173913043,23,20,0.8695652173913043,-0.5550798177719116,35.54633331298828,2.6845715183299035e-05,2.2780187129974365
3876,-99.21885521885523,198,196,0.9878114478114478,0.22550968825817108,4.619990348815918,2.6121710106963292e-05,0.3871624767780304
3877,-7.051282051282054,104,101,0.9694871794871794,0.15534591674804688,8.737540245056152,2.617702557472512e-05,0.8769038915634155
3878,-9.541666666666666,96,83,0.8645833333333334,-0.23783013224601746,14.522979736328125,2.6175990569754504e-05,0.4354318082332611
3879,40.95652173913042,46,40,0.8695652173913043,-0.1966540366411209,27.207088470458984,2.6305055143893696e-05,1.553492546081543
3880,40.95652173913043,46,40,0.8695652173913043,-0.04706712067127228,27.73360252380371,2.6260373488184996e-05,0.22515639662742615
3881,-2.9537953795379646,101,100,0.9804620462046204,0.22223930060863495,7.979524612426758,2.6508556402404793e-05,1.9944096803665161
3882,-6.480769230769236,104,102,0.9751923076923077,-0.23793110251426697,11.091168403625488,2.6524126951699145e-05,0.5844171643257141
3883,-4.915857605178001,103,102,0.98084142394822,-0.07075085490942001,7.9265289306640625,2.646592110977508e-05,0.0390230230987072
3884,63.95652173913043,23,20,0.8695652173913043,-0.5967463254928589,45.99595642089844,2.654100171639584e-05,1.2565569877624512
3885,63.95652173913044,23,20,0.8695652173913043,-0.41824233531951904,37.7495231628418,2.6570502086542547e-05,1.1248000860214233
3886,48.10204081632652,49,48,0.9710204081632653,-0.10357547551393509,15.104805946350098,2.615568882902153e-05,0.0628691017627716
3887,-9.54166666666666,96,83,0.8645833333333334,-0.25401222705841064,14.923615455627441,2.615836820041295e-05,0.23582349717617035
3888,-4.25490196078432,102,100,0.9774509803921568,0.020844269543886185,9.220297813415527,2.6098623493453488e-05,0.19437682628631592
3889,40.95652173913043,46,40,0.8695652173913043,-0.4712413251399994,28.071504592895508,2.6094743589055724e-05,0.9847636818885803
3890,48.68707482993197,49,48,0.9768707482993197,0.7157233357429504,18.380773544311523,2.5390891096321866e-05,1.7194446325302124
3891,-2.8151815181518285,101,100,0.9818481848184818,0.28880640864372253,7.97552490234375,1.9450777472229674e-05,0.4007299840450287
3892,40.95652173913044,46,40,0.8695652173913043,-0.7511662840843201,28.62851333618164,1.9978890122729354e-05,2.9355649948120117
3893,40.95652173913043,46,40,0.8695652173913043,-0.08963542431592941,28.560808181762695,1.9514443920343183e-05,0.07291962206363678
3894,63.95652173913043,23,20,0.8695652173913043,1.0466598272323608,39.253604888916016,1.986113602470141e-05,3.3797054290771484
3895,-2.8151815181518196,101,100,0.9818481848184818,0.2543712556362152,7.669763565063477,1.948725912370719e-05,0.06256100535392761
3896,46.626666666666665,50,49,0.9662666666666667,-0.2727862298488617,19.501514434814453,1.949524084920995e-05,0.40449532866477966
3897,40.95652173913044,46,40,0.8695652173913043,0.4513600766658783,28.74153709411621,1.970510493265465e-05,2.466043472290039
3898,-7.631578947368419,95,83,0.8736842105263158,-0.6410336494445801,12.092190742492676,1.981950663321186e-05,1.3427029848098755
3899,40.95652173913043,46,40,0.8695652173913043,-0.915794312953949,23.519702911376953,2.009661875490565e-05,2.307251214981079
3900,-9.541666666666663,96,83,0.8645833333333334,-0.2015063315629959,14.523003578186035,2.0116454834351316e-05,0.6126749515533447
3901,-8.937694704049838,107,106,0.9806230529595016,-0.03613880276679993,7.955960273742676,2.012989716604352e-05,0.5183432698249817
3902,-5.702127659574465,94,83,0.8829787234042553,-0.04502288997173309,12.920417785644531,1.9993412934127264e-05,0.6803591847419739
3903,63.95652173913044,23,20,0.8695652173913043,-0.30719032883644104,33.72528839111328,1.9394319679122418e-05,0.9608497023582458
3904,-5.702127659574465,94,83,0.8829787234042553,-0.2567221224308014,14.608307838439941,1.932180930452887e-05,0.2462005913257599
3905,-8.937694704049848,107,106,0.9806230529595016,-0.14360804855823517,8.006095886230469,1.9188655642210506e-05,0.5018677115440369
3906,47.62585034013605,49,48,0.9662585034013605,-0.3432525098323822,13.73904037475586,1.9202176190447062e-05,0.6416460871696472
3907,-7.631578947368414,95,83,0.8736842105263158,0.043842166662216187,14.213488578796387,1.8142862245440483e-05,0.6291539072990417
3908,40.95652173913043,46,40,0.8695652173913043,-0.21459276974201202,27.303077697753906,1.808611887099687e-05,0.6035671830177307
3909,59.333333333333336,24,20,0.8333333333333334,0.8537076711654663,46.44635009765625,1.8476157492841594e-05,2.4096624851226807
3910,47.266666666666666,50,49,0.9726666666666667,0.24704059958457947,16.966440200805664,1.8294620531378314e-05,0.870398759841919
3911,40.95652173913043,46,40,0.8695652173913043,0.21049362421035767,28.10164451599121,1.7088097592932172e-05,0.8304975628852844
3912,-105.54575163398694,204,201,0.9845424836601308,-0.06423112004995346,4.436132431030273,1.7089485481847078e-05,0.22851675748825073
3913,40.95652173913043,46,40,0.8695652173913043,-0.11526095867156982,29.01002311706543,1.7039770682458766e-05,0.07784578949213028
3914,49.36879432624113,47,46,0.9636879432624114,0.6075690388679504,16.63256072998047,1.7137093891506083e-05,2.564785957336426
3915,-105.44117647058825,204,202,0.9855882352941177,0.05668381601572037,4.483508586883545,1.665024319663644e-05,0.5200843811035156
3916,-109.40064102564104,208,206,0.9859935897435897,-0.2828299105167389,4.071805953979492,1.6642326954752207e-05,0.12624110281467438
3917,63.95652173913043,23,20,0.8695652173913043,-0.6600517630577087,51.60648727416992,1.6771553418948315e-05,2.081042766571045
3918,48.68707482993197,49,48,0.9768707482993197,0.21978573501110077,21.23517417907715,1.6757430785219185e-05,0.27442610263824463
3919,-104.76026272577997,203,200,0.9823973727422003,-0.3941986858844757,3.9254939556121826,1.650664853514172e-05,0.5509698390960693
3920,40.95652173913044,46,40,0.8695652173913043,0.12712343037128448,27.323593139648438,1.651020284043625e-05,0.654913604259491
3921,-9.541666666666666,96,83,0.8645833333333334,-0.07285241037607193,14.025928497314453,1.6603404219495133e-05,1.2156003713607788
3922,-3.422442244224425,101,99,0.9757755775577558,-0.33094522356987,8.598390579223633,1.6654947103234008e-05,1.0325852632522583
3923,-108.53945249597425,207,204,0.9846054750402576,-0.3281988799571991,3.860931396484375,1.538486685603857e-05,0.1336308866739273
3924,63.95652173913043,23,20,0.8695652173913043,0.3345016539096832,30.963665008544922,1.5231069482979365e-05,2.1104202270507812
3925,-105.44117647058823,204,202,0.9855882352941177,-0.1959555596113205,4.093618392944336,1.5140158211579546e-05,0.010504230856895447
3926,-9.541666666666663,96,83,0.8645833333333334,-0.5309849381446838,16.46039581298828,1.4588925296266098e-05,0.5538272261619568
3927,46.73333333333333,50,49,0.9673333333333334,0.039870087057352066,17.568954467773438,1.4622438357037026e-05,0.7743040919303894
3928,-7.631578947368418,95,83,0.8736842105263158,-0.28056979179382324,15.012920379638672,1.4622742128267419e-05,0.41334497928619385
3929,40.95652173913043,46,40,0.8695652173913043,-0.5249400734901428,29.39188003540039,1.4788576663704589e-05,2.150996685028076
3930,-2.8151815181518196,101,100,0.9818481848184818,0.3086024224758148,13.03633975982666,1.4804893908149097e-05,0.6510467529296875
3931,40.95652173913043,46,40,0.8695652173913043,0.42659124732017517,32.407470703125,1.4827100130787585e-05,0.7576903700828552
3932,63.95652173913044,23,20,0.8695652173913043,0.8343697190284729,50.199188232421875,1.4899350389896426e-05,2.230897903442383
3933,-2.8151815181518294,101,100,0.9818481848184818,0.5034040808677673,10.599536895751953,1.4909692254150286e-05,0.4507846534252167
3934,-102.70149253731343,201,198,0.9829850746268657,-0.23080018162727356,4.369801044464111,1.491319744673092e-05,0.40686503052711487
3935,48.68707482993197,49,48,0.9768707482993197,-0.09127859026193619,20.291736602783203,1.401202280248981e-05,0.8096072673797607
3936,63.95652173913043,23,20,0.8695652173913043,-0.7209635972976685,31.29452896118164,1.4094948710408062e-05,1.7812310457229614
3937,-9.043613707165111,107,105,0.979563862928349,-0.16004818677902222,7.22951602935791,1.3922487596573774e-05,0.16028092801570892
3938,-110.85964912280701,209,206,0.9814035087719298,0.12053646147251129,4.229557037353516,1.39393787321751e-05,0.5932414531707764
3939,40.95652173913042,46,40,0.8695652173913043,-0.4635011851787567,28.042896270751953,1.3955935173726175e-05,0.5169172286987305
3940,46.73333333333333,50,49,0.9673333333333334,-0.12446718662977219,15.345906257629395,1.3636351468448993e-05,0.3251510560512543
3941,40.95652173913042,46,40,0.8695652173913043,-0.30308476090431213,27.430545806884766,1.3645191756950226e-05,0.8573436737060547
3942,38.1063829787234,47,40,0.851063829787234,0.0020298005547374487,28.3331356048584,1.3649621905642562e-05,0.27481040358543396
3943,-5.961538461538465,104,103,0.9803846153846154,0.002078338759019971,10.469536781311035,1.231784244737355e-05,0.10969862341880798
3944,-9.541666666666663,96,83,0.8645833333333334,-0.5021910071372986,16.612382888793945,1.2370363947411533e-05,0.9546228051185608
3945,47.62585034013605,49,48,0.9662585034013605,-0.6658348441123962,22.058570861816406,1.2451028851501178e-05,1.3682690858840942
3946,-4.592233009708751,103,102,0.9840776699029126,0.09833154082298279,8.88552474975586,1.2398573744576424e-05,0.7453178763389587
3947,-7.6315789473684195,95,83,0.8736842105263158,-0.449586421251297,13.991289138793945,1.2371138836897444e-05,0.6365699768066406
3948,43.888888888888886,45,40,0.8888888888888888,-0.0669022724032402,26.65114974975586,1.2400947525748052e-05,0.9622748494148254
3949,63.95652173913043,23,20,0.8695652173913043,-0.32224205136299133,36.19636154174805,1.1320354133204091e-05,1.2035871744155884
3950,46.46153846153846,52,52,0.9846153846153847,-0.08332771062850952,25.335779190063477,1.1392051419534255e-05,1.8399754762649536
3951,-7.631578947368412,95,83,0.8736842105263158,-0.2824752926826477,15.83636474609375,1.137363778980216e-05,0.21820883452892303
3952,-7.051282051282056,104,101,0.9694871794871794,0.1982792764902115,7.519468307495117,1.1497898412926588e-05,1.4020638465881348
3953,48.68707482993197,49,48,0.9768707482993197,0.567825198173523,21.502275466918945,1.1289442227280233e-05,0.8306194543838501
3954,40.95652173913043,46,40,0.8695652173913043,0.9837586879730225,27.000720977783203,1.1971433195867576e-05,3.510080099105835
3955,-4.915857605178003,103,102,0.98084142394822,-0.24058747291564941,7.498630523681641,1.1974645531154238e-05,0.4114058315753937
3956,40.95652173913043,46,40,0.8695652173913043,-0.4243473410606384,27.705671310424805,1.1611333320615813e-05,0.6568245887756348
3957,-5.961538461538466,104,103,0.9803846153846154,-0.111171655356884,8.248586654663086,1.1476216059236322e-05,0.4154612421989441
3958,-2.953795379537963,101,100,0.9804620462046204,-0.504310667514801,12.56471061706543,1.1406343219277915e-05,0.3920872211456299
3959,40.95652173913044,46,40,0.8695652173913043,-0.8666653633117676,28.747299194335938,1.1147580153192393e-05,3.133556365966797
3960,-9.541666666666668,96,83,0.8645833333333334,-0.5953356623649597,10.369294166564941,1.1108275430160575e-05,0.16391412913799286
3961,43.88888888888888,45,40,0.8888888888888888,0.03400745615363121,28.520221710205078,1.067571974999737e-05,0.8179823160171509
3962,-9.541666666666666,96,83,0.8645833333333334,-0.1713722199201584,12.65716552734375,1.0453156392031815e-05,0.9533220529556274
3963,-9.541666666666663,96,83,0.8645833333333334,-0.6249607801437378,11.255650520324707,1.0475878298166208e-05,0.9454671740531921
3964,63.95652173913043,23,20,0.8695652173913043,-0.6546513438224792,49.26979446411133,1.0635189937602263e-05,2.1471807956695557
3965,63.95652173913042,23,20,0.8695652173913043,0.2184208333492279,45.36320114135742,1.06614224932855e-05,0.7376912236213684
3966,63.95652173913044,23,20,0.8695652173913043,1.2030441761016846,36.19172668457031,1.0586669304757379e-05,3.725919246673584
3967,-7.107936507936507,105,104,0.978920634920635,-0.3769604563713074,7.752537250518799,1.0579311492620036e-05,0.05875808745622635
3968,-100.66834170854271,199,196,0.9833165829145729,0.06538809835910797,4.782052040100098,1.0464263141329866e-05,0.4580232799053192
3969,46.73333333333333,50,49,0.9673333333333334,-0.5151039361953735,17.907739639282227,1.0460758858243935e-05,0.9892988204956055
3970,-106.9479674796748,205,202,0.980520325203252,-0.20938004553318024,4.970704555511475,1.0204482350673061e-05,0.8290159106254578
3971,40.95652173913044,46,40,0.8695652173913043,0.5303521156311035,28.167617797851562,1.0180112440139055e-05,1.6291959285736084
3972,38.106382978723396,47,40,0.851063829787234,-1.1676465272903442,30.7012882232666,1.1078928764618468e-05,4.1767377853393555
3973,-3.422442244224429,101,99,0.9757755775577558,0.35236242413520813,10.785483360290527,1.1092800377809908e-05,0.4500722885131836
3974,46.73333333333333,50,49,0.9673333333333334,0.43286260962486267,18.251760482788086,1.1094241017417517e-05,0.6206448674201965
3975,-7.6315789473684115,95,83,0.8736842105263158,0.17751742899417877,17.319660186767578,1.0807328180817422e-05,0.6489596962928772
3976,40.95652173913043,46,40,0.8695652173913043,0.4701802432537079,27.409099578857422,1.1000077392964158e-05,1.8127514123916626
3977,-7.631578947368414,95,83,0.8736842105263158,-0.1322796642780304,12.646303176879883,1.0953292076010257e-05,0.006484976038336754
3978,-109.40064102564104,208,206,0.9859935897435897,-0.3138466477394104,4.251834869384766,1.0947192095045466e-05,0.30181849002838135
3979,-5.961538461538471,104,103,0.9803846153846154,-0.1610243022441864,9.094280242919922,1.0797132745210547e-05,0.08217962831258774
3980,49.36879432624113,47,46,0.9636879432624114,-0.9463995695114136,27.808216094970703,1.1911880392290186e-05,4.265068054199219
3981,-1.4466666666666694,100,99,0.9855333333333334,-0.21806104481220245,8.12283992767334,1.1697275112965144e-05,0.8566142320632935
3982,-3.3594771241830146,102,101,0.9864052287581699,0.3629612624645233,8.152634620666504,1.1856726814585272e-05,1.651705265045166
3983,63.95652173913044,23,20,0.8695652173913043,-0.7545945048332214,48.19794845581055,1.199542293761624e-05,1.544312834739685
3984,47.13333333333333,50,49,0.9713333333333334,0.14242389798164368,22.43140983581543,1.1945889127673581e-05,0.7834972739219666
3985,49.36879432624113,47,46,0.9636879432624114,1.0233235359191895,21.72219467163086,1.2485588740673847e-05,3.155515193939209
3986,63.95652173913043,23,20,0.8695652173913043,-0.6942177414894104,52.284271240234375,1.2676026017288677e-05,1.7546390295028687
3987,-9.54166666666666,96,83,0.8645833333333334,-0.15759214758872986,15.714781761169434,1.2689250979747158e-05,0.5180965065956116
3988,40.95652173913043,46,40,0.8695652173913043,-0.44561681151390076,28.14948081970215,1.3025241969444323e-05,2.359166145324707
3989,-104.76026272577998,203,200,0.9823973727422003,-0.5005329847335815,4.631359577178955,1.2987505215278361e-05,0.5803225636482239
3990,-9.541666666666671,96,83,0.8645833333333334,-0.5025808215141296,13.842385292053223,1.2808977771783248e-05,0.4557766616344452
3991,40.95652173913044,46,40,0.8695652173913043,-0.3924954831600189,26.46940040588379,1.2844257980759721e-05,0.8825774192810059
3992,-9.541666666666664,96,83,0.8645833333333334,-0.28815513849258423,18.33928680419922,1.2350024007901084e-05,0.6064988970756531
3993,46.62666666666667,50,49,0.9662666666666667,-0.5799555778503418,15.7703275680542,1.2420302482496481e-05,1.0889108180999756
3994,40.95652173913043,46,40,0.8695652173913043,-0.6477077603340149,27.51999282836914,1.1890092537214514e-05,1.8288840055465698
3995,49.027210884353735,49,49,0.9802721088435374,-0.36927473545074463,15.025049209594727,1.1922867997782305e-05,0.8100526928901672
3996,-2.8151815181518316,101,100,0.9818481848184818,0.3719901442527771,7.687491416931152,1.192396302940324e-05,0.4223690927028656
3997,-9.04361370716511,107,105,0.979563862928349,0.02171936072409153,7.92103385925293,1.1521821761562023e-05,0.0951714739203453
3998,-4.5922330097087505,103,102,0.9840776699029126,-0.1695544272661209,9.211699485778809,1.160231840913184e-05,1.791079044342041
3999,-100.66834170854271,199,196,0.9833165829145729,-0.03083042986690998,4.880953311920166,1.1303094652248546e-05,0.1920112520456314
4000,-9.541666666666668,96,83,0.8645833333333334,-0.23994487524032593,10.721107482910156,1.1278076271992177e-05,0.21028342843055725
4001,-5.961538461538461,104,103,0.9803846153846154,0.10690087080001831,8.056436538696289,1.1312512469885405e-05,0.8725936412811279
4002,38.1063829787234,47,40,0.851063829787234,-0.36927053332328796,31.87619400024414,1.1322224963805638e-05,0.9752299785614014
4003,49.027210884353735,49,49,0.9802721088435374,-0.1146014928817749,15.746705055236816,1.1277304110990372e-05,0.17392197251319885
4004,-9.541666666666664,96,83,0.8645833333333334,-0.04644108936190605,12.634305953979492,1.143138979387004e-05,1.4974539279937744
4005,-9.043613707165113,107,105,0.979563862928349,-0.06324928998947144,8.214855194091797,1.1425563570810482e-05,0.21051301062107086
4006,63.95652173913042,23,20,0.8695652173913043,-0.2555924355983734,36.71440887451172,1.1402447853470221e-05,0.26112058758735657
4007,46.564102564102555,52,52,0.9856410256410256,-0.6357123851776123,13.683259010314941,1.1425376214901917e-05,1.0278147459030151
4008,63.95652173913043,23,20,0.8695652173913043,-0.04261733219027519,41.94184494018555,1.1489431017253082e-05,1.2363580465316772
4009,-7.631578947368416,95,83,0.8736842105263158,-0.45530927181243896,14.564926147460938,1.1105154953838792e-05,0.4939354658126831
4010,-2.8151815181518285,101,100,0.9818481848184818,0.18175427615642548,9.352604866027832,1.107380558096338e-05,0.08745110780000687
4011,43.88888888888889,45,40,0.8888888888888888,0.5995592474937439,28.365079879760742,1.1463043847470544e-05,2.5721206665039062
4012,-5.702127659574466,94,83,0.8829787234042553,-0.040753766894340515,14.900238990783691,1.1538448234205134e-05,1.0165661573410034
4013,-103.45214521452145,202,200,0.9854785478547855,-0.4588059186935425,4.9293341636657715,1.1559831364138518e-05,0.6835996508598328
4014,47.299319727891145,49,48,0.9629931972789115,-0.27669990062713623,22.216848373413086,1.1255319805059116e-05,1.6202259063720703
4015,-104.1881188118812,202,198,0.9781188118811881,-0.28087061643600464,4.118764400482178,1.1239168088650331e-05,0.2767864465713501
4016,40.95652173913043,46,40,0.8695652173913043,-0.37067246437072754,29.886024475097656,1.1271026778558735e-05,0.8645879626274109
4017,-100.66834170854271,199,196,0.9833165829145729,-0.12797358632087708,3.912249803543091,1.1043286576750688e-05,0.40353813767433167
4018,46.626666666666665,50,49,0.9662666666666667,-0.48592323064804077,16.308271408081055,1.1093609828094486e-05,1.0503296852111816
4019,63.95652173913043,23,20,0.8695652173913043,0.1477620154619217,48.170047760009766,1.1181473382748663e-05,1.1342051029205322
4020,-108.53945249597423,207,204,0.9846054750402576,-0.20952525734901428,3.963064193725586,1.11594845293439e-05,0.376071959733963
4021,-5.718446601941755,103,101,0.9728155339805825,-0.14557674527168274,7.300363063812256,1.104757120629074e-05,0.17584311962127686
4022,-102.70149253731344,201,198,0.9829850746268657,-0.3503255844116211,3.646121025085449,1.1005626220139675e-05,0.48518890142440796
4023,59.333333333333336,24,20,0.8333333333333334,-0.09792637079954147,35.7052116394043,1.1006693057424854e-05,0.43824252486228943
4024,-7.107936507936502,105,104,0.978920634920635,-0.21343548595905304,7.80718994140625,1.0726517757575493e-05,0.595112681388855
4025,40.95652173913044,46,40,0.8695652173913043,0.24497082829475403,27.597902297973633,1.0825169738382101e-05,1.1258472204208374
4026,-7.631578947368417,95,83,0.8736842105263158,0.20962785184383392,14.468130111694336,1.1006953172909562e-05,1.6353871822357178
4027,49.027210884353735,49,49,0.9802721088435374,0.32990598678588867,20.516475677490234,1.1011927199433558e-05,0.8182844519615173
4028,-9.541666666666659,96,83,0.8645833333333334,-0.2661711573600769,12.80321216583252,1.1006672139046714e-05,0.09353119134902954
4029,63.95652173913043,23,20,0.8695652173913043,0.43187177181243896,32.92609786987305,1.1043075573979877e-05,2.0956034660339355
4030,59.333333333333336,24,20,0.8333333333333334,0.755563497543335,46.318572998046875,1.1289617759757675e-05,2.0224504470825195
4031,43.888888888888886,45,40,0.8888888888888888,1.0840251445770264,26.588844299316406,1.1894892850250471e-05,3.1964111328125
4032,-7.631578947368416,95,83,0.8736842105263158,-0.007237238809466362,13.380619049072266,1.1595036085054744e-05,0.4776408076286316
4033,46.62666666666666,50,49,0.9662666666666667,-0.34469932317733765,18.020912170410156,1.1672374967020005e-05,1.2787400484085083
4034,46.73333333333333,50,49,0.9673333333333334,0.003854221198707819,15.870434761047363,1.1665024430840276e-05,0.10567743331193924
4035,-5.7021276595744705,94,83,0.8829787234042553,-0.5987876057624817,14.343564987182617,1.1813176570285577e-05,1.783254861831665
4036,-105.44117647058823,204,202,0.9855882352941177,0.10834232717752457,4.264035224914551,1.1656615242827684e-05,0.6091819405555725
4037,-9.541666666666668,96,83,0.8645833333333334,-0.8417649269104004,13.045336723327637,1.1884728337463457e-05,1.9788768291473389
4038,43.893081761006286,53,52,0.9689308176100629,-0.45851823687553406,15.909100532531738,1.199790040118387e-05,1.5812110900878906
4039,40.95652173913044,46,40,0.8695652173913043,-0.0022317967377603054,31.65038299560547,1.1992048712272663e-05,0.2327466607093811
4040,40.95652173913044,46,40,0.8695652173913043,-0.0596749484539032,31.20321273803711,1.198926202050643e-05,0.2639891803264618
4041,-110.85964912280703,209,206,0.9814035087719298,0.021868744865059853,4.550822734832764,1.1958681170654017e-05,0.28182265162467957
4042,-9.541666666666657,96,83,0.8645833333333334,-0.47460776567459106,14.54552173614502,1.198321388073964e-05,0.7310187816619873
4043,-5.718446601941755,103,101,0.9728155339805825,-0.02844056859612465,7.439632892608643,1.1986428035015706e-05,0.16490240395069122
4044,-109.93269230769232,208,204,0.9806730769230769,-0.08775245398283005,4.477881908416748,1.1937350791413337e-05,0.02471340075135231
4045,49.36879432624113,47,46,0.9636879432624114,0.1413479894399643,24.50791358947754,1.1836340490845032e-05,0.3932174742221832
4046,63.95652173913043,23,20,0.8695652173913043,-0.281648725271225,56.3980827331543,1.1927514606213663e-05,1.4530593156814575
4047,-4.592233009708751,103,102,0.9840776699029126,0.30954283475875854,7.837150573730469,1.19588776215096e-05,0.8740469217300415
4048,63.95652173913043,23,20,0.8695652173913043,-1.8333133459091187,47.69041442871094,1.4956512131902855e-05,7.104551315307617
4049,-4.915857605178005,103,102,0.98084142394822,-0.2455117255449295,8.380138397216797,1.4882340110489167e-05,0.04351402819156647
4050,-105.44117647058825,204,202,0.9855882352941177,-0.5812819004058838,5.1110920906066895,1.468864684284199e-05,0.9040268659591675
4051,59.333333333333336,24,20,0.8333333333333334,-0.6101668477058411,41.807037353515625,1.473808333685156e-05,1.0843708515167236
4052,-9.043613707165115,107,105,0.979563862928349,-0.2865271270275116,8.823214530944824,1.4600095710193273e-05,0.22396713495254517
4053,-105.46732026143792,204,202,0.9853267973856209,-0.31536805629730225,4.398780345916748,1.4541054952132981e-05,0.14831823110580444
4054,-9.54166666666666,96,83,0.8645833333333334,-0.2749054729938507,13.57586669921875,1.371301641484024e-05,0.1513960361480713
4055,63.95652173913043,23,20,0.8695652173913043,-0.1351771056652069,51.003150939941406,1.4175322576193139e-05,2.9468722343444824
4056,-4.9158576051780045,103,102,0.98084142394822,0.1706889271736145,7.775605201721191,1.4211178495315835e-05,0.6809735894203186
4057,-100.66834170854271,199,196,0.9833165829145729,-0.07488194853067398,3.7988009452819824,1.4193827155395411e-05,0.5218880772590637
4058,-5.7021276595744705,94,83,0.8829787234042553,-0.1392059177160263,14.824301719665527,1.4196823030943051e-05,0.08295758068561554
4059,47.266666666666666,50,49,0.9726666666666667,0.3437221050262451,23.363767623901367,1.3668028259417042e-05,0.4755082130432129
4060,-110.85964912280703,209,206,0.9814035087719298,-0.06637541949748993,3.9275667667388916,1.366970445815241e-05,0.34318870306015015
4061,63.95652173913043,23,20,0.8695652173913043,-0.6640505790710449,41.57044982910156,1.3963712262921035e-05,2.603881359100342
4062,-4.2549019607843235,102,100,0.9774509803921568,-0.010136406868696213,7.229946613311768,1.3888503417547327e-05,0.16841067373752594
4063,-9.541666666666664,96,83,0.8645833333333334,-0.9829170107841492,18.093137741088867,1.4101682609179989e-05,2.221052408218384
4064,63.95652173913043,23,20,0.8695652173913043,0.3943292796611786,37.913658142089844,1.4085269867791794e-05,1.6481480598449707
4065,63.95652173913044,23,20,0.8695652173913043,-0.5679447054862976,36.4238166809082,1.4293166714196559e-05,2.2777419090270996
4066,-7.631578947368418,95,83,0.8736842105263158,-0.3089890480041504,14.349518775939941,1.3322449376573786e-05,0.39649519324302673
4067,46.626666666666665,50,49,0.9662666666666667,-0.04355010390281677,16.141016006469727,1.3344319086172618e-05,0.3657741844654083
4068,-2.9537953795379677,101,100,0.9804620462046204,-0.21637506783008575,9.964109420776367,1.3321659935172647e-05,0.12804019451141357
4069,47.62585034013605,49,48,0.9662585034013605,0.4546416103839874,18.340787887573242,1.4511717381537892e-05,4.2315874099731445
4070,-4.592233009708751,103,102,0.9840776699029126,0.16548307240009308,7.356137752532959,1.449210958526237e-05,0.03937499597668648
4071,-2.8151815181518294,101,100,0.9818481848184818,0.12927205860614777,8.467751502990723,1.4282872143667191e-05,0.32884013652801514
4072,-1.4466666666666694,100,99,0.9855333333333334,-0.19437988102436066,7.735910415649414,1.3330384717846755e-05,0.7375823855400085
4073,63.95652173913044,23,20,0.8695652173913043,0.08521163463592529,35.03668975830078,1.3316605873114895e-05,0.24298937618732452
4074,-104.76026272577998,203,200,0.9823973727422003,-0.6896995306015015,4.481145858764648,1.3348118045541923e-05,1.2956795692443848
4075,-104.76026272577998,203,200,0.9823973727422003,-0.3361346125602722,4.127039432525635,1.3308799680089578e-05,0.11620534956455231
4076,43.893081761006286,53,52,0.9689308176100629,0.1593467891216278,15.66154956817627,1.308561877522152e-05,0.5040275454521179
4077,40.95652173913043,46,40,0.8695652173913043,-0.18534447252750397,27.815011978149414,1.3082570148981176e-05,0.1444453001022339
4078,-9.541666666666666,96,83,0.8645833333333334,-0.43713536858558655,12.573824882507324,1.3084210877423175e-05,0.4108050465583801
4079,-9.541666666666655,96,83,0.8645833333333334,-0.6517934203147888,14.974834442138672,1.3110449799569324e-05,0.9098976850509644
4080,63.95652173913042,23,20,0.8695652173913043,-0.3230130970478058,54.77787780761719,1.2141103070462123e-05,0.581300675868988
4081,-9.54166666666666,96,83,0.8645833333333334,-0.7466155886650085,17.17578887939453,1.2269624676264357e-05,1.7860382795333862
4082,-9.541666666666657,96,83,0.8645833333333334,-0.69635409116745,14.100870132446289,1.2267085367057007e-05,2.0856130123138428
4083,43.893081761006286,53,52,0.9689308176100629,0.30004236102104187,20.679174423217773,1.231903206644347e-05,1.3796031475067139
4084,40.95652173913042,46,40,0.8695652173913043,-0.8307151198387146,29.295326232910156,1.302891359955538e-05,3.778522253036499
4085,40.95652173913043,46,40,0.8695652173913043,0.057439856231212616,27.729650497436523,1.2338547094259411e-05,1.045136570930481
4086,-105.54575163398694,204,201,0.9845424836601308,-0.021817605942487717,4.197625160217285,1.2211542525619734e-05,0.0052504572086036205
4087,-105.54575163398692,204,201,0.9845424836601308,-0.25639215111732483,4.704846382141113,1.2200953278806992e-05,0.9826815724372864
4088,48.10204081632652,49,48,0.9710204081632653,-0.4375903606414795,16.406387329101562,1.2181258171040099e-05,2.2801716327667236
4089,43.888888888888886,45,40,0.8888888888888888,0.21208558976650238,31.63408660888672,1.2296791283006314e-05,1.1124544143676758
4090,-7.631578947368409,95,83,0.8736842105263158,-0.09612350165843964,14.000779151916504,1.2357592822809238e-05,0.7366394400596619
4091,-11.432989690721651,97,83,0.8556701030927835,-0.2779354751110077,13.40967082977295,1.2344344213488512e-05,0.14978185296058655
4092,-103.45214521452145,202,200,0.9854785478547855,-0.14471732079982758,4.274071216583252,1.2300994058023207e-05,0.041749507188797
4093,40.95652173913044,46,40,0.8695652173913043,0.07742039859294891,27.76952362060547,1.2392313692544121e-05,1.2253519296646118
4094,-2.815181518151828,101,100,0.9818481848184818,-0.032446298748254776,7.731206893920898,1.2278725080250297e-05,1.0683298110961914
4095,46.46153846153847,52,52,0.9846153846153847,-0.43183809518814087,24.131378173828125,1.2296773093112279e-05,1.0243890285491943
4096,-4.592233009708745,103,102,0.9840776699029126,0.4970965087413788,11.1031494140625,1.2422588952176739e-05,1.3406493663787842
4097,-2.953795379537967,101,100,0.9804620462046204,-0.2787398397922516,7.316084384918213,1.241978861798998e-05,0.014314400032162666
4098,40.95652173913044,46,40,0.8695652173913043,-0.11165077984333038,28.576997756958008,1.2267911188246217e-05,0.29661694169044495
4099,-105.54575163398692,204,201,0.9845424836601308,-0.18409982323646545,3.693129301071167,1.2268464161024895e-05,0.30915921926498413
4100,59.333333333333336,24,20,0.8333333333333334,-0.6520971059799194,38.13151168823242,1.2342184163571801e-05,1.3966127634048462
4101,49.027210884353735,49,49,0.9802721088435374,-0.3936055898666382,17.601669311523438,1.2392470125632826e-05,1.6761287450790405
4102,40.95652173913044,46,40,0.8695652173913043,-0.6877338290214539,27.57333755493164,1.2514455193013418e-05,1.8377127647399902
4103,-100.66834170854271,199,196,0.9833165829145729,-0.18111874163150787,4.77236795425415,1.2513986803242005e-05,0.282950758934021
4104,-7.051282051282062,104,101,0.9694871794871794,-0.07109221816062927,11.69113540649414,1.2372264791338239e-05,0.6360360980033875
4105,63.95652173913044,23,20,0.8695652173913043,0.2973587214946747,26.561967849731445,1.2452026567189023e-05,0.9657383561134338
4106,-104.76026272577998,203,200,0.9823973727422003,-0.2727808952331543,3.9097862243652344,1.2464168321457691e-05,0.18102294206619263
4107,-105.46732026143792,204,202,0.9853267973856209,-0.1674322932958603,4.6286211013793945,1.242799680767348e-05,0.16777865588665009
4108,63.95652173913044,23,20,0.8695652173913043,-0.39924708008766174,34.2431640625,1.2377147868392058e-05,0.6355441212654114
4109,43.888888888888886,45,40,0.8888888888888888,0.19954699277877808,27.649972915649414,1.2376805898384191e-05,0.4824034869670868
4110,47.266666666666666,50,49,0.9726666666666667,0.23187756538391113,22.95880699157715,1.2445753782230895e-05,1.3646557331085205
4111,-102.70149253731344,201,198,0.9829850746268657,-0.09565363079309464,4.134402751922607,1.1948553947149776e-05,0.10064805299043655
4112,49.707482993197274,49,49,0.9870748299319728,-0.03347814083099365,15.905579566955566,1.1843313586723525e-05,0.39603739976882935
4113,38.1063829787234,47,40,0.851063829787234,-0.07384437322616577,29.541275024414062,1.1839602848340292e-05,0.0009532789117656648
4114,63.95652173913043,23,20,0.8695652173913043,-0.23702965676784515,38.62175369262695,1.1813081982836593e-05,1.4466307163238525
4115,-3.359477124183012,102,101,0.9864052287581699,-0.13979914784431458,9.466225624084473,1.1812148841272574e-05,0.8604892492294312
4116,47.13333333333333,50,49,0.9713333333333334,-0.38671812415122986,13.801202774047852,1.181608695333125e-05,0.9191200137138367
4117,-99.21885521885523,198,196,0.9878114478114478,0.13295838236808777,4.674517631530762,1.1905225619557314e-05,0.909252405166626
4118,-11.432989690721651,97,83,0.8556701030927835,-0.3588995039463043,10.356167793273926,1.187811722047627e-05,0.0941033884882927
4119,-5.7021276595744705,94,83,0.8829787234042553,-0.2493308186531067,11.03831958770752,1.1765612725866958e-05,0.14895346760749817
4120,63.95652173913044,23,20,0.8695652173913043,-0.1400221586227417,29.12727928161621,1.173809687315952e-05,0.3361586928367615
4121,-2.953795379537966,101,100,0.9804620462046204,-0.30243825912475586,7.229257583618164,1.1737180102500133e-05,0.2979965806007385
4122,49.027210884353735,49,49,0.9802721088435374,0.20180881023406982,13.602331161499023,1.1895752322743647e-05,1.3269306421279907
4123,-9.54166666666666,96,83,0.8645833333333334,-0.17939506471157074,15.244050025939941,1.1898743650817778e-05,0.005743950139731169
4124,-102.70149253731344,201,198,0.9829850746268657,-0.24990589916706085,4.131165981292725,1.1859014193760231e-05,0.6342843174934387
4125,47.13333333333333,50,49,0.9713333333333334,-0.3290218412876129,19.082538604736328,1.1749016266549006e-05,0.7896008491516113
4126,-6.480769230769231,104,102,0.9751923076923077,-0.249520942568779,9.201294898986816,1.154367328126682e-05,1.0229578018188477
4127,43.88888888888887,45,40,0.8888888888888888,0.4935159385204315,30.61356544494629,1.155309746536659e-05,0.8828384280204773
4128,47.299319727891145,49,48,0.9629931972789115,0.1879454106092453,15.2607421875,1.1627638741629198e-05,0.7959743142127991
4129,-100.66834170854271,199,196,0.9833165829145729,0.01718519628047943,4.188943862915039,1.1306919077469502e-05,0.4980757534503937
4130,-4.254901960784313,102,100,0.9774509803921568,0.08639909327030182,7.17518949508667,1.0999960977642331e-05,0.4505590796470642
4131,-7.107936507936513,105,104,0.978920634920635,-0.38569068908691406,8.694795608520508,1.0272640793118626e-05,0.5858570337295532
4132,-100.66834170854271,199,196,0.9833165829145729,-0.24626848101615906,4.189977169036865,1.0230102816422004e-05,0.15219946205615997
4133,40.95652173913043,46,40,0.8695652173913043,-1.650604009628296,28.45694923400879,1.138565221481258e-05,4.823980808258057
4134,-102.70149253731344,201,198,0.9829850746268657,-0.35486066341400146,5.024004936218262,1.1398250535421539e-05,0.12952080368995667
4135,63.95652173913043,23,20,0.8695652173913043,-2.2940869331359863,34.76444625854492,1.4300517250376288e-05,7.441552639007568
4136,-109.40064102564104,208,206,0.9859935897435897,-0.4436210095882416,4.653548717498779,1.4232895409804769e-05,0.17635108530521393
4137,46.73333333333333,50,49,0.9673333333333334,0.028568381443619728,16.89151954650879,1.4094514881435316e-05,0.39879110455513
4138,63.95652173913044,23,20,0.8695652173913043,1.4333125352859497,53.90621566772461,1.4545864360115957e-05,2.4835755825042725
4139,-105.44117647058825,204,202,0.9855882352941177,-0.1352076232433319,5.045328140258789,1.4519764590659179e-05,0.5767610669136047
4140,-2.9537953795379672,101,100,0.9804620462046204,-0.30347463488578796,8.820207595825195,1.4489121895167045e-05,0.44197142124176025
4141,-9.54166666666666,96,83,0.8645833333333334,-0.29517415165901184,16.03135108947754,1.4463470506598242e-05,0.10842105746269226
4142,-9.541666666666668,96,83,0.8645833333333334,-0.2922101616859436,15.94934368133545,1.4472551811195444e-05,0.0340433195233345
4143,-5.718446601941755,103,101,0.9728155339805825,-0.4416513741016388,7.790775775909424,1.4478538105322514e-05,1.1346876621246338
4144,63.95652173913042,23,20,0.8695652173913043,0.09050048887729645,39.32942199707031,1.4473556802840903e-05,0.13219210505485535
4145,63.95652173913044,23,20,0.8695652173913043,-0.08689941465854645,35.964473724365234,1.4476257092610467e-05,0.6752403378486633
4146,40.95652173913043,46,40,0.8695652173913043,-1.0871185064315796,30.53767204284668,1.475467888667481e-05,2.809009552001953
4147,40.95652173913044,46,40,0.8695652173913043,-0.4013436436653137,27.570297241210938,1.46424317790661e-05,0.5679177641868591
4148,-7.631578947368422,95,83,0.8736842105263158,0.3665613532066345,14.182999610900879,1.219661771756364e-05,1.7254524230957031
4149,-9.541666666666663,96,83,0.8645833333333334,-0.37501606345176697,13.635526657104492,1.218886609422043e-05,0.6692876815795898
4150,-9.541666666666659,96,83,0.8645833333333334,-0.21393272280693054,14.48094654083252,1.2177255484857596e-05,0.14653484523296356
4151,-9.043613707165111,107,105,0.979563862928349,0.43649256229400635,9.035016059875488,1.2404887456796132e-05,1.662561058998108
4152,-3.359477124183013,102,101,0.9864052287581699,0.38947466015815735,8.126882553100586,1.254334256373113e-05,1.2458795309066772
4153,40.95652173913044,46,40,0.8695652173913043,-0.18594679236412048,28.280561447143555,1.2551885447464883e-05,0.7923482060432434
4154,63.95652173913043,23,20,0.8695652173913043,0.7147248983383179,45.00516891479492,1.2743230399792083e-05,1.4754984378814697
4155,47.299319727891145,49,48,0.9629931972789115,-0.5465346574783325,17.029279708862305,1.2402821994328406e-05,1.4604744911193848
4156,-105.54575163398692,204,201,0.9845424836601308,-0.21791739761829376,8.859236717224121,1.2347521987976506e-05,0.042228057980537415
4157,40.95652173913044,46,40,0.8695652173913043,-0.6378591060638428,30.765674591064453,1.2388734830892645e-05,1.1837682723999023
4158,-4.254901960784316,102,100,0.9774509803921568,-0.2465333640575409,13.260604858398438,1.237777996720979e-05,0.24407635629177094
4159,-2.8151815181518285,101,100,0.9818481848184818,0.18153326213359833,8.43875789642334,1.242751932295505e-05,0.5585028529167175
4160,63.95652173913043,23,20,0.8695652173913043,0.6839240193367004,31.72081756591797,1.254078233614564e-05,1.0189354419708252
4161,-110.85964912280703,209,206,0.9814035087719298,0.01994781568646431,3.670900344848633,1.223330673383316e-05,0.17680716514587402
4162,-102.70149253731344,201,198,0.9829850746268657,-0.13633306324481964,3.461498737335205,1.2219516975164879e-05,0.3112570345401764
4163,-7.631578947368416,95,83,0.8736842105263158,-0.09488335251808167,15.904570579528809,1.200080441776663e-05,0.10209521651268005
4164,63.95652173913044,23,20,0.8695652173913043,1.5073683261871338,51.451969146728516,1.3543588465836365e-05,5.091191291809082
4165,-8.937694704049848,107,106,0.9806230529595016,-0.15340428054332733,11.23054313659668,1.3292106814333238e-05,0.5026428699493408
4166,40.95652173913043,46,40,0.8695652173913043,-0.02319074422121048,28.96344757080078,1.33093753902358e-05,0.32748693227767944
4167,63.95652173913043,23,20,0.8695652173913043,-0.4158468544483185,42.328163146972656,1.3289282833284233e-05,0.3917507827281952
4168,-2.8151815181518294,101,100,0.9818481848184818,0.03262528404593468,8.429896354675293,1.3281251995067578e-05,0.21055854856967926
4169,46.46153846153846,52,52,0.9846153846153847,-0.8585397005081177,24.82211685180664,1.2107529073546175e-05,1.261373519897461
4170,40.95652173913044,46,40,0.8695652173913043,-0.1758769005537033,25.10449981689453,1.2128300113545265e-05,0.3793832063674927
4171,63.95652173913043,23,20,0.8695652173913043,-0.7153441309928894,30.886966705322266,1.234015689988155e-05,2.1484286785125732
4172,-8.93769470404985,107,106,0.9806230529595016,0.005427391268312931,7.917267799377441,1.2344375136308372e-05,0.21353153884410858
4173,46.564102564102555,52,52,0.9856410256410256,-0.012656975537538528,11.665584564208984,1.239817174791824e-05,0.7854619026184082
4174,-9.541666666666663,96,83,0.8645833333333334,0.11869674921035767,16.071001052856445,1.2361917470116168e-05,0.3869205713272095
4175,-105.54575163398694,204,201,0.9845424836601308,0.2196434736251831,5.631069183349609,1.2352789781289175e-05,0.21666327118873596
4176,59.33333333333334,24,20,0.8333333333333334,0.4728037714958191,49.582305908203125,1.2348844393272884e-05,1.026356816291809
4177,-105.54575163398694,204,201,0.9845424836601308,0.15116092562675476,5.9347243309021,1.2347756637609564e-05,0.23013503849506378
4178,40.95652173913043,46,40,0.8695652173913043,0.30404168367385864,33.45881271362305,1.2351702935120557e-05,0.007582209073007107
4179,-7.631578947368416,95,83,0.8736842105263158,-0.16330653429031372,14.888690948486328,1.232803060702281e-05,0.188993439078331
4180,46.564102564102555,52,52,0.9856410256410256,-0.18205364048480988,16.15842056274414,1.2338394299149513e-05,0.6741238236427307
4181,-5.7021276595744625,94,83,0.8829787234042553,-0.1812962293624878,11.219067573547363,1.2248382518009748e-05,0.6551333069801331
4182,40.95652173913043,46,40,0.8695652173913043,0.6691744923591614,26.21731185913086,1.2880821486760397e-05,3.4781441688537598
4183,-3.359477124183012,102,101,0.9864052287581699,-0.12507924437522888,8.227813720703125,1.2730698472296353e-05,0.4961698055267334
4184,40.95652173913043,46,40,0.8695652173913043,0.5310882329940796,27.535341262817383,1.2585999684233684e-05,3.0697734355926514
4185,47.266666666666666,50,49,0.9726666666666667,-0.20373685657978058,21.84213638305664,1.2662942026508972e-05,1.5823166370391846
4186,-9.541666666666671,96,83,0.8645833333333334,-0.047487128525972366,16.0664005279541,1.2792808774975128e-05,1.311326503753662
4187,-2.8151815181518285,101,100,0.9818481848184818,0.21030347049236298,8.337379455566406,1.2751617759931833e-05,0.35080549120903015
4188,-9.541666666666668,96,83,0.8645833333333334,-0.5130390524864197,14.655569076538086,1.2589059224410448e-05,1.5383870601654053
4189,-4.254901960784322,102,100,0.9774509803921568,0.20836201310157776,9.24935531616211,1.2494283510022797e-05,0.258033812046051
4190,-5.317152103559877,103,101,0.9768284789644013,0.50770103931427,10.917923927307129,1.2512320608948357e-05,0.890164315700531
4191,-3.3594771241830155,102,101,0.9864052287581699,0.394059419631958,10.360090255737305,1.2531371794466395e-05,0.4883190989494324
4192,38.1063829787234,47,40,0.851063829787234,0.597619354724884,29.166175842285156,1.282443554373458e-05,2.057135820388794
4193,-7.63157894736842,95,83,0.8736842105263158,-0.0271722711622715,15.97459888458252,1.272009831154719e-05,0.22123345732688904
4194,-2.815181518151826,101,100,0.9818481848184818,0.42701730132102966,7.513545513153076,1.2679056453634985e-05,0.3694652020931244
4195,63.95652173913043,23,20,0.8695652173913043,-0.006016286555677652,33.98815155029297,1.2628265722014476e-05,0.24022535979747772
4196,-110.85964912280703,209,206,0.9814035087719298,-0.406273752450943,4.334522724151611,1.251221965503646e-05,0.5897747278213501
4197,-9.541666666666673,96,83,0.8645833333333334,-0.29388198256492615,13.128870010375977,1.2519392839749344e-05,0.24610869586467743
4198,63.95652173913044,23,20,0.8695652173913043,0.5640547871589661,31.596139907836914,1.2714493095700163e-05,1.6794030666351318
4199,-109.93269230769232,208,204,0.9806730769230769,-0.16454645991325378,4.348332405090332,1.2745720596285537e-05,0.6481889486312866
4200,-102.70149253731344,201,198,0.9829850746268657,-0.24880848824977875,4.148318767547607,1.263969716092106e-05,0.026061594486236572
4201,-7.631578947368412,95,83,0.8736842105263158,0.25062689185142517,14.978646278381348,1.2643160516745411e-05,1.5725263357162476
4202,-9.541666666666666,96,83,0.8645833333333334,-0.33814045786857605,15.864108085632324,1.2493437679950148e-05,0.9356644153594971
4203,-109.40064102564104,208,206,0.9859935897435897,-0.21675513684749603,4.672914028167725,1.2489633263612632e-05,0.04835255444049835
4204,-5.718446601941756,103,101,0.9728155339805825,0.06544706970453262,8.968889236450195,1.2467434316931758e-05,0.34384724497795105
4205,-4.9158576051780045,103,102,0.98084142394822,0.15824463963508606,9.089865684509277,1.2412999240041245e-05,0.3280390799045563
4206,47.299319727891145,49,48,0.9629931972789115,-0.08530019223690033,26.02035903930664,1.2608167708094697e-05,1.855131983757019
4207,-7.631578947368417,95,83,0.8736842105263158,0.3440124988555908,14.065869331359863,1.2830192645196803e-05,1.8420696258544922
4208,49.36879432624113,47,46,0.9636879432624114,-0.014522068202495575,18.45290756225586,1.2816074558941182e-05,0.3886522054672241
4209,-106.9479674796748,205,202,0.980520325203252,-0.3338898718357086,4.649289131164551,1.2822843018511776e-05,0.594301164150238
4210,-5.961538461538469,104,103,0.9803846153846154,-0.21787497401237488,8.938055038452148,1.2721141501970123e-05,0.2841236889362335
4211,-11.432989690721655,97,83,0.8556701030927835,-0.46529844403266907,11.162371635437012,1.2731350579997525e-05,0.38428995013237
4212,-8.93769470404985,107,106,0.9806230529595016,-0.43374666571617126,9.936331748962402,1.2724030966637656e-05,0.11594516038894653
4213,48.68707482993197,49,48,0.9768707482993197,1.5465086698532104,19.49668312072754,1.4538934010488447e-05,5.433105945587158
4214,46.62666666666667,50,49,0.9662666666666667,0.07132015377283096,19.843585968017578,1.4571664905815851e-05,1.7121169567108154
4215,46.56410256410256,52,52,0.9856410256410256,-0.17042136192321777,15.089303970336914,1.453448294341797e-05,0.5869665741920471
4216,40.95652173913044,46,40,0.8695652173913043,-0.629546046257019,30.20110511779785,1.462109594285721e-05,1.4718440771102905
4217,-4.59223300970875,103,102,0.9840776699029126,-0.07404213398694992,8.237263679504395,1.4616513908549678e-05,0.7336269617080688
4218,-9.541666666666666,96,83,0.8645833333333334,-0.39889782667160034,10.782408714294434,1.4619527064496651e-05,0.16882331669330597
4219,-4.254901960784318,102,100,0.9774509803921568,-0.048581406474113464,8.288955688476562,1.4629210454586428e-05,0.3563362956047058
4220,-105.44117647058823,204,202,0.9855882352941177,0.009382294490933418,5.527014255523682,1.4620058209402487e-05,0.09273208677768707
4221,-99.21885521885523,198,196,0.9878114478114478,0.06420204788446426,4.733991622924805,1.4614720384997781e-05,0.2535877823829651
4222,47.625850340136054,49,48,0.9662585034013605,-0.37765270471572876,19.30113983154297,1.5330508176703006e-05,3.6663193702697754
4223,-100.66834170854271,199,196,0.9833165829145729,0.018537422642111778,4.091625213623047,1.533169961476233e-05,0.20384202897548676
4224,48.10204081632652,49,48,0.9710204081632653,-0.04530972242355347,13.948098182678223,1.5342100596171804e-05,0.7476810812950134
4225,-7.631578947368416,95,83,0.8736842105263158,-0.6308186054229736,15.004377365112305,1.5378853277070448e-05,1.089445948600769
4226,43.88888888888887,45,40,0.8888888888888888,-0.07392339408397675,27.784339904785156,1.5311854440369643e-05,0.33593329787254333
4227,43.893081761006286,53,52,0.9689308176100629,-0.44797828793525696,14.446759223937988,1.5361503756139427e-05,1.1692482233047485
4228,46.626666666666665,50,49,0.9662666666666667,-0.6407762765884399,18.534875869750977,1.5415362213389017e-05,1.1736581325531006
4229,-9.541666666666664,96,83,0.8645833333333334,-0.26643654704093933,13.156500816345215,1.5418147086165845e-05,0.5435494780540466
4230,46.46153846153846,52,52,0.9846153846153847,-0.3879464566707611,24.95599365234375,1.543183134344872e-05,0.6211414933204651
4231,46.75163398692809,51,51,0.977516339869281,0.14813393354415894,16.563955307006836,1.54147892317269e-05,0.23371022939682007
4232,40.95652173913043,46,40,0.8695652173913043,-0.28926438093185425,26.07561492919922,1.5421932403114624e-05,0.3680943250656128
4233,-4.254901960784325,102,100,0.9774509803921568,-0.34700700640678406,7.335353374481201,1.4027701581653673e-05,0.9223695993423462
4234,-7.051282051282056,104,101,0.9694871794871794,-0.41084322333335876,12.663047790527344,1.4090750482864678e-05,0.9746888279914856
4235,-9.541666666666673,96,83,0.8645833333333334,-0.19349141418933868,14.563787460327148,1.06723491626326e-05,1.1082602739334106
4236,-7.0512820512820635,104,101,0.9694871794871794,-0.47116249799728394,7.686640739440918,1.0733208910096437e-05,0.919060468673706
4237,-6.480769230769239,104,102,0.9751923076923077,-0.17616088688373566,7.542608261108398,1.0718379598984029e-05,0.2745252549648285
4238,-9.541666666666657,96,83,0.8645833333333334,-0.3260672986507416,14.279047966003418,1.037072161125252e-05,0.09485278278589249
4239,-99.21885521885523,198,196,0.9878114478114478,-0.14842866361141205,4.691432952880859,1.0345033842895646e-05,0.09919837862253189
4240,-9.043613707165104,107,105,0.979563862928349,0.10900966823101044,7.847314357757568,1.0340005246689543e-05,0.573564350605011
4241,40.95652173913044,46,40,0.8695652173913043,0.09566936641931534,31.18992805480957,1.0339988875784911e-05,0.10780268907546997
4242,-4.9158576051779965,103,102,0.98084142394822,-0.03482597693800926,7.965829849243164,1.0340767403249629e-05,0.2491186410188675
4243,-7.631578947368426,95,83,0.8736842105263158,-0.04990356042981148,14.930506706237793,1.0257754183840007e-05,0.6032754778862
4244,40.95652173913044,46,40,0.8695652173913043,-0.004419009201228619,29.077226638793945,1.0254653716401663e-05,0.27348896861076355
4245,-7.107936507936513,105,104,0.978920634920635,-0.260647177696228,7.904883861541748,1.0225665391772054e-05,0.5840492248535156
4246,-108.45893719806764,207,204,0.9854106280193237,-0.22607336938381195,4.750768184661865,9.688359568826854e-06,0.1519044190645218
4247,63.95652173913043,23,20,0.8695652173913043,-0.748792290687561,34.35091781616211,1.0200015822192654e-05,2.8102428913116455
4248,-104.9376026272578,203,200,0.980623973727422,0.07230165600776672,4.905873775482178,1.0069460586237255e-05,0.7580530643463135
4249,-99.21885521885523,198,196,0.9878114478114478,-0.12597297132015228,4.544034481048584,1.0049019692814909e-05,0.42969754338264465
4250,40.95652173913044,46,40,0.8695652173913043,1.7993284463882446,26.080074310302734,1.3043744729657192e-05,7.16017484664917
4251,59.333333333333336,24,20,0.8333333333333334,-0.14247781038284302,37.82540512084961,1.2951398275617976e-05,0.5831618309020996
4252,-105.54575163398694,204,201,0.9845424836601308,0.06016378849744797,3.747978687286377,1.2883014278486371e-05,0.2627163231372833
4253,-104.76026272577997,203,200,0.9823973727422003,-0.049110252410173416,3.896421194076538,1.2824884834117256e-05,0.3413628339767456
4254,40.95652173913044,46,40,0.8695652173913043,-0.07281265407800674,29.00347328186035,1.2723964573524427e-05,0.06019972637295723
4255,43.60377358490566,53,52,0.9660377358490566,-0.3840498626232147,23.38847541809082,1.2814539331884589e-05,1.8597948551177979
4256,47.13333333333333,50,49,0.9713333333333334,-0.27585306763648987,22.716503143310547,1.2823034012399148e-05,0.21813881397247314
4257,-9.541666666666659,96,83,0.8645833333333334,-0.43798670172691345,14.412323951721191,1.276132752536796e-05,0.7453466653823853
4258,-110.85964912280703,209,206,0.9814035087719298,0.076645128428936,3.894731283187866,1.2751717804349028e-05,0.34493303298950195
4259,-1.4466666666666699,100,99,0.9855333333333334,-0.36185717582702637,7.061818599700928,1.2909639735880774e-05,1.4704588651657104
4260,40.95652173913042,46,40,0.8695652173913043,-0.09368092566728592,30.109468460083008,1.2865451935795136e-05,0.293801486492157
4261,-9.54166666666666,96,83,0.8645833333333334,-0.6553678512573242,14.471915245056152,1.2996373698115349e-05,1.3070707321166992
4262,43.888888888888886,45,40,0.8888888888888888,0.8076038360595703,28.063640594482422,1.3321795449883211e-05,2.5030088424682617
4263,-7.631578947368419,95,83,0.8736842105263158,-0.4787764549255371,15.3352689743042,1.3410658539214637e-05,1.036760687828064
4264,-102.70149253731344,201,198,0.9829850746268657,0.020170746371150017,3.3736412525177,1.191809951706091e-05,0.6927359700202942
4265,40.95652173913042,46,40,0.8695652173913043,-0.07951714843511581,27.681501388549805,1.1894308954651933e-05,0.12231063097715378
4266,-105.46732026143792,204,202,0.9853267973856209,0.013916721567511559,4.561121463775635,1.1897554031747859e-05,0.43043842911720276
4267,46.73333333333333,50,49,0.9673333333333334,0.18999558687210083,15.514409065246582,1.191504725284176e-05,0.8754361271858215
4268,-2.9537953795379632,101,100,0.9804620462046204,-0.17587192356586456,6.933391571044922,1.1910767170775216e-05,0.36868157982826233
4269,-108.45893719806764,207,204,0.9854106280193237,-0.25050216913223267,3.9941513538360596,1.1813305718533229e-05,0.4858567714691162
4270,47.29931972789115,49,48,0.9629931972789115,-0.39527007937431335,15.29095458984375,1.215303927892819e-05,2.2239975929260254
4271,40.95652173913043,46,40,0.8695652173913043,-0.4944414496421814,24.288311004638672,1.1975253983109724e-05,1.3871545791625977
4272,-3.764705882352954,102,101,0.9823529411764705,0.046318329870700836,8.266114234924316,1.203025476570474e-05,1.0833032131195068
4273,47.299319727891145,49,48,0.9629931972789115,0.007009482942521572,18.152475357055664,1.2014308595098555e-05,0.5368728041648865
4274,46.626666666666665,50,49,0.9662666666666667,-0.6063313484191895,19.595491409301758,1.2087392860848922e-05,0.9882380366325378
4275,63.95652173913043,23,20,0.8695652173913043,0.45499759912490845,28.4500789642334,1.2093994882889092e-05,0.6029967665672302
4276,63.95652173913043,23,20,0.8695652173913043,-0.4882928133010864,41.64793395996094,1.2599033652804792e-05,2.9625675678253174
4277,-9.54166666666667,96,83,0.8645833333333334,-0.3057064712047577,15.100310325622559,1.2615754712896887e-05,0.511520504951477
4278,-9.541666666666664,96,83,0.8645833333333334,-0.16380000114440918,15.083271980285645,1.2615203559107613e-05,0.18200336396694183
4279,-103.45214521452147,202,200,0.9854785478547855,-0.011087878607213497,4.177403926849365,1.2609596524271183e-05,0.13207530975341797
4280,-108.53945249597423,207,204,0.9846054750402576,-0.25970086455345154,3.994321346282959,1.2593257451953832e-05,0.11502432823181152
4281,-105.54575163398692,204,201,0.9845424836601308,-0.07149215042591095,4.227108001708984,1.2574623724503908e-05,0.1346246302127838
4282,46.46153846153846,52,52,0.9846153846153847,-0.13769355416297913,26.679615020751953,1.1874145457113627e-05,0.31623098254203796
4283,43.888888888888886,45,40,0.8888888888888888,0.020845748484134674,27.299680709838867,1.1902751793968491e-05,0.8187048435211182
4284,-104.9376026272578,203,200,0.980623973727422,0.05693110078573227,5.3111395835876465,1.1348855878168251e-05,0.4279048442840576
4285,-3.4224422442244324,101,99,0.9757755775577558,-0.07114352285861969,7.851294994354248,1.119475837185746e-05,0.32341283559799194
4286,-110.85964912280703,209,206,0.9814035087719298,-0.0800306648015976,4.249239921569824,1.1097086826339364e-05,0.13998323678970337
4287,-7.6315789473684195,95,83,0.8736842105263158,-0.28995564579963684,12.483085632324219,1.1089618965343107e-05,0.1289398968219757
4288,-9.54166666666667,96,83,0.8645833333333334,-0.6539826393127441,12.600035667419434,1.1011929018422961e-05,1.0678472518920898
4289,63.95652173913043,23,20,0.8695652173913043,0.34199631214141846,40.16836166381836,1.1015882591891568e-05,0.43565046787261963
4290,-9.043613707165111,107,105,0.979563862928349,0.28653424978256226,8.339741706848145,1.1038052434741985e-05,1.0817984342575073
4291,63.95652173913044,23,20,0.8695652173913043,0.06386865675449371,29.511064529418945,1.104954571928829e-05,0.5778387188911438
4292,-4.2549019607843235,102,100,0.9774509803921568,0.2479872703552246,8.704983711242676,1.0801952157635242e-05,0.3380371332168579
4293,63.95652173913043,23,20,0.8695652173913043,0.23591665923595428,37.26044845581055,1.0801851203723345e-05,0.21712157130241394
4294,40.95652173913043,46,40,0.8695652173913043,0.14473216235637665,27.375133514404297,1.0796265996759757e-05,0.19802601635456085
4295,38.1063829787234,47,40,0.851063829787234,0.5203872919082642,27.960615158081055,1.0965478395519312e-05,1.7070181369781494
4296,-7.631578947368416,95,83,0.8736842105263158,0.19503571093082428,15.89174747467041,1.1035303941753227e-05,1.287943720817566
4297,-2.9537953795379654,101,100,0.9804620462046204,-0.409854531288147,7.732602119445801,1.1092618478869554e-05,0.933268666267395
4298,-9.54166666666666,96,83,0.8645833333333334,-0.2565840482711792,14.334510803222656,1.0929300515272189e-05,0.1915176808834076
4299,47.13333333333333,50,49,0.9713333333333334,-0.37799423933029175,16.07268524169922,1.093216360459337e-05,0.6448920965194702
4300,-104.9376026272578,203,200,0.980623973727422,-0.0029278795700520277,4.693535804748535,1.0932237273664214e-05,0.038699790835380554
4301,-9.541666666666666,96,83,0.8645833333333334,-0.1856612116098404,13.81582260131836,1.078792138287099e-05,0.3366883099079132
4302,40.95652173913043,46,40,0.8695652173913043,-0.6025421619415283,32.07109832763672,1.0790509804792237e-05,0.9578112363815308
4303,-7.631578947368421,95,83,0.8736842105263158,-0.0853944718837738,14.975691795349121,1.0801747521327343e-05,0.43263760209083557
4304,59.333333333333336,24,20,0.8333333333333334,0.7276215553283691,49.16788101196289,1.0946309885184746e-05,1.5882480144500732
4305,63.95652173913043,23,20,0.8695652173913043,-0.1823824942111969,42.12946319580078,1.1274703865638003e-05,2.318812847137451
4306,-9.541666666666668,96,83,0.8645833333333334,0.02923784963786602,14.389729499816895,1.1099145012849476e-05,0.8083867430686951
4307,63.95652173913044,23,20,0.8695652173913043,0.6506839990615845,30.39311408996582,1.1153807463415433e-05,2.0718235969543457
4308,63.95652173913042,23,20,0.8695652173913043,-0.484149694442749,37.292747497558594,1.1239990271860734e-05,1.2293145656585693
4309,-2.815181518151829,101,100,0.9818481848184818,0.6338192224502563,8.454195976257324,1.1241032552788965e-05,0.6578136086463928
4310,-109.40064102564104,208,206,0.9859935897435897,-0.02509177103638649,4.865901470184326,1.1237681974307634e-05,0.07298502326011658
4311,48.10204081632652,49,48,0.9710204081632653,0.3588721752166748,15.933246612548828,1.1230083146074321e-05,0.09603055566549301
4312,40.95652173913043,46,40,0.8695652173913043,0.223234161734581,28.723007202148438,1.1294469004496932e-05,1.0552870035171509
4313,40.95652173913044,46,40,0.8695652173913043,-0.7043042778968811,28.419483184814453,9.895258699543774e-06,2.6281399726867676
4314,-102.70149253731343,201,198,0.9829850746268657,-0.20758157968521118,3.6406283378601074,9.70344990491867e-06,0.16699755191802979
4315,-7.631578947368414,95,83,0.8736842105263158,-0.21862739324569702,12.80016040802002,9.678983587946277e-06,0.25123465061187744
4316,63.95652173913044,23,20,0.8695652173913043,-0.013973459601402283,46.19301986694336,1.0074135389004368e-05,2.8514227867126465
4317,46.73333333333333,50,49,0.9673333333333334,-0.12519654631614685,19.743818283081055,1.004991281661205e-05,0.304669052362442
4318,40.95652173913043,46,40,0.8695652173913043,-0.10552074760198593,29.154462814331055,1.0057798135676421e-05,0.40817537903785706
4319,38.10638297872341,47,40,0.851063829787234,0.5881598591804504,32.66088104248047,1.0153909897780977e-05,1.2808090448379517
4320,49.027210884353735,49,49,0.9802721088435374,0.29051533341407776,24.88764190673828,1.015831821860047e-05,0.2937781512737274
4321,-3.7647058823529536,102,101,0.9823529411764705,0.06369838863611221,13.208105087280273,1.0167846994590946e-05,0.48897865414619446
4322,-7.631578947368412,95,83,0.8736842105263158,-0.39187508821487427,18.837669372558594,9.449205208511557e-06,1.3227602243423462
4323,47.13333333333333,50,49,0.9713333333333334,0.2008354365825653,24.114927291870117,9.49021978158271e-06,0.8162204027175903
4324,-11.432989690721651,97,83,0.8556701030927835,0.009958864189684391,16.06389617919922,9.564900210534688e-06,1.2993903160095215
4325,38.1063829787234,47,40,0.851063829787234,0.2732033431529999,30.33370590209961,9.536282959743403e-06,0.8493393659591675
4326,-9.541666666666664,96,83,0.8645833333333334,-0.6299652457237244,17.133792877197266,9.531995601719245e-06,0.19001854956150055
4327,-9.541666666666663,96,83,0.8645833333333334,-0.33803024888038635,14.740424156188965,9.479779691901058e-06,0.7568312287330627
4328,40.95652173913044,46,40,0.8695652173913043,-0.3097670376300812,27.702360153198242,9.391646017320454e-06,0.16661842167377472
4329,47.13333333333333,50,49,0.9713333333333334,-0.7971827387809753,16.361366271972656,9.850984497461468e-06,2.7598140239715576
4330,63.95652173913044,23,20,0.8695652173913043,0.17263057827949524,35.12397766113281,9.895821676764172e-06,1.074785590171814
4331,-4.9158576051779965,103,102,0.98084142394822,-0.2146284282207489,8.475717544555664,9.893342394207139e-06,0.05640783905982971
4332,49.027210884353735,49,49,0.9802721088435374,0.4154020845890045,16.404464721679688,1.0047616342490073e-05,1.659189224243164
4333,-4.915857605178003,103,102,0.98084142394822,-0.027867214754223824,7.530478000640869,9.990541002480313e-06,0.026857199147343636
4334,40.95652173913043,46,40,0.8695652173913043,-0.23531845211982727,28.339885711669922,9.955399036698509e-06,0.6419402956962585
4335,46.73333333333333,50,49,0.9673333333333334,-0.5167500376701355,15.452325820922852,1.0273768566548824e-05,2.4824321269989014
4336,-4.915857605178003,103,102,0.98084142394822,-0.04756234958767891,7.462299823760986,1.0219939213129692e-05,0.10597356408834457
4337,63.95652173913044,23,20,0.8695652173913043,0.0685071349143982,36.345272064208984,1.0279263733536936e-05,0.9957380294799805
4338,-7.631578947368414,95,83,0.8736842105263158,-0.2460160106420517,18.731996536254883,1.0280827154929284e-05,0.19181779026985168
4339,40.95652173913043,46,40,0.8695652173913043,-1.376452922821045,28.014732360839844,1.137221715907799e-05,4.217348575592041
4340,43.89308176100629,53,52,0.9689308176100629,-0.3907158076763153,15.49467658996582,1.1362828445271589e-05,0.49846982955932617
4341,-7.631578947368413,95,83,0.8736842105263158,-0.07326368242502213,17.151611328125,1.139579399023205e-05,0.7002620100975037
4342,63.95652173913044,23,20,0.8695652173913043,-0.14372000098228455,31.33151626586914,1.1427475328673609e-05,0.8078023195266724
4343,63.95652173913044,23,20,0.8695652173913043,-0.6551049947738647,37.508602142333984,1.1740938134607859e-05,2.4064972400665283
4344,48.10204081632652,49,48,0.9710204081632653,0.6100913286209106,14.362428665161133,1.194932519865688e-05,1.8059486150741577
4345,-6.480769230769237,104,102,0.9751923076923077,-0.37247321009635925,7.981529235839844,1.1978878319496289e-05,1.0127017498016357
4346,46.564102564102555,52,52,0.9856410256410256,-0.7829258441925049,11.862175941467285,1.2087037248420529e-05,1.4053560495376587
4347,63.95652173913043,23,20,0.8695652173913043,0.15945585072040558,47.128543853759766,1.17114113891148e-05,1.2493946552276611
4348,-99.21885521885523,198,196,0.9878114478114478,-0.15083329379558563,4.678510665893555,1.167162372439634e-05,0.13633736968040466
4349,40.95652173913044,46,40,0.8695652173913043,-0.8338745832443237,28.898950576782227,1.1981277566519566e-05,2.3530752658843994
4350,-9.541666666666671,96,83,0.8645833333333334,-0.43437689542770386,13.908360481262207,8.706582775630523e-06,0.2771662771701813
4351,40.95652173913042,46,40,0.8695652173913043,-0.8581048250198364,28.053546905517578,8.868189979693852e-06,1.8453253507614136
4352,40.95652173913043,46,40,0.8695652173913043,0.20828291773796082,29.913373947143555,9.133130333793815e-06,1.9458987712860107
4353,63.95652173913043,23,20,0.8695652173913043,-0.5457943081855774,37.22525405883789,9.409322956344113e-06,2.3582098484039307
4354,-109.40064102564102,208,206,0.9859935897435897,-0.4514789581298828,4.6124091148376465,9.408524419995956e-06,0.42134207487106323
4355,-9.541666666666666,96,83,0.8645833333333334,-0.7720710635185242,14.90157413482666,9.557474186294712e-06,2.4741814136505127
4356,-11.432989690721648,97,83,0.8556701030927835,0.050192490220069885,14.404378890991211,9.61676414590329e-06,0.7835742235183716
4357,-5.702127659574465,94,83,0.8829787234042553,-0.9099045395851135,18.15806770324707,1.044898363034008e-05,3.9227163791656494
4358,63.95652173913044,23,20,0.8695652173913043,0.39275458455085754,57.10279083251953,1.053828964359127e-05,1.1095889806747437
4359,63.95652173913044,23,20,0.8695652173913043,-0.04722204431891441,47.570072174072266,1.0443014616612345e-05,0.40849441289901733
4360,-108.53945249597425,207,204,0.9846054750402576,-0.15322245657444,3.7940337657928467,1.0427537745272275e-05,0.17606693506240845
4361,-106.9479674796748,205,202,0.980520325203252,0.05116879194974899,4.446566104888916,1.036218509398168e-05,0.19374573230743408
4362,40.95652173913042,46,40,0.8695652173913043,-0.22855308651924133,29.2707462310791,9.91815613815561e-06,0.16655077040195465
4363,40.95652173913044,46,40,0.8695652173913043,0.12504662573337555,29.39668083190918,9.933926776284352e-06,0.7589601874351501
4364,47.266666666666666,50,49,0.9726666666666667,0.505350649356842,16.351207733154297,1.0096304322360083e-05,1.654557228088379
4365,-7.631578947368409,95,83,0.8736842105263158,0.004202631767839193,14.308327674865723,1.0116537850990426e-05,0.4627074897289276
4366,63.95652173913043,23,20,0.8695652173913043,-0.12941570580005646,42.28003692626953,1.009275274554966e-05,0.21697652339935303
4367,-4.592233009708748,103,102,0.9840776699029126,0.47478553652763367,8.965319633483887,1.004142814053921e-05,0.36628690361976624
4368,-7.631578947368416,95,83,0.8736842105263158,0.22850756347179413,14.812179565429688,1.006858565233415e-05,0.6748087406158447
4369,40.95652173913043,46,40,0.8695652173913043,0.5756636261940002,31.5450496673584,1.033375519909896e-05,1.911829948425293
4370,63.95652173913043,23,20,0.8695652173913043,1.3809400796890259,46.98960876464844,1.0824174751178361e-05,3.3598763942718506
4371,-9.54166666666666,96,83,0.8645833333333334,-0.09228149056434631,14.964859008789062,1.0723789273470175e-05,0.0803302451968193
4372,-7.051282051282065,104,101,0.9694871794871794,0.005859031807631254,8.301153182983398,1.0638730600476265e-05,0.3241115212440491
4373,40.95652173913043,46,40,0.8695652173913043,-0.7117583155632019,27.300310134887695,1.0664986803021748e-05,1.0561002492904663
4374,63.95652173913043,23,20,0.8695652173913043,-0.9677942991256714,44.58435821533203,1.0801177268149331e-05,1.850772500038147
4375,-7.631578947368425,95,83,0.8736842105263158,-0.6311585307121277,14.944650650024414,1.0820786883414257e-05,1.0925500392913818
4376,40.95652173913044,46,40,0.8695652173913043,-0.024037742987275124,24.75933074951172,1.0363301953475457e-05,0.5879757404327393
4377,-5.718446601941756,103,101,0.9728155339805825,0.1091252937912941,8.718170166015625,1.0432241651869845e-05,1.0129520893096924
4378,-7.631578947368422,95,83,0.8736842105263158,-0.056795570999383926,16.019277572631836,1.0438792742206715e-05,0.3284129500389099
4379,46.564102564102555,52,52,0.9856410256410256,-0.3739619255065918,10.872109413146973,1.0480555829417426e-05,0.9716304540634155
4380,63.95652173913043,23,20,0.8695652173913043,0.9076226949691772,37.12388229370117,1.05882700154325e-05,1.2106256484985352
4381,59.333333333333336,24,20,0.8333333333333334,1.000813603401184,47.4377555847168,1.0773349458759185e-05,1.651259183883667
4382,38.1063829787234,47,40,0.851063829787234,0.1154550313949585,28.282623291015625,1.0774742804642301e-05,0.18661713600158691
4383,40.95652173913044,46,40,0.8695652173913043,0.032849982380867004,28.50804328918457,1.0754290997283533e-05,0.3855399787425995
4384,-9.541666666666666,96,83,0.8645833333333334,-0.08852024376392365,10.330781936645508,1.0738805030996446e-05,0.03472718223929405
4385,-7.631578947368418,95,83,0.8736842105263158,-0.1393013298511505,10.294819831848145,1.0741776350187138e-05,0.4072748124599457
4386,47.299319727891145,49,48,0.9629931972789115,0.16145828366279602,15.98379135131836,1.074237752618501e-05,0.03962375968694687
4387,-8.93769470404984,107,106,0.9806230529595016,0.571358323097229,9.793119430541992,1.1026801985281054e-05,2.0841734409332275
4388,40.95652173913043,46,40,0.8695652173913043,-0.43114975094795227,27.797271728515625,1.1083878234785516e-05,1.4525519609451294
4389,-9.541666666666663,96,83,0.8645833333333334,0.21006540954113007,12.850909233093262,1.1193707905476913e-05,1.3684535026550293
4390,-9.54166666666666,96,83,0.8645833333333334,-0.031109828501939774,11.617300033569336,1.112626341637224e-05,0.3852827847003937
4391,-106.9479674796748,205,202,0.980520325203252,0.1573108434677124,5.307214260101318,1.1110183550044894e-05,0.17085999250411987
4392,43.888888888888886,45,40,0.8888888888888888,0.0975576862692833,29.026304244995117,1.1118770089524332e-05,0.48818984627723694
4393,-9.541666666666655,96,83,0.8645833333333334,-0.4423220157623291,15.286927223205566,1.1175471627211664e-05,1.0541373491287231
4394,-6.480769230769237,104,102,0.9751923076923077,-0.1734822541475296,11.089449882507324,1.1182832167833112e-05,0.5015816688537598
4395,-7.631578947368412,95,83,0.8736842105263158,-0.03981422260403633,14.94127368927002,1.098633038054686e-05,0.08916565030813217
4396,-7.631578947368418,95,83,0.8736842105263158,-0.023911548778414726,14.855552673339844,1.0873669452848844e-05,0.18843810260295868
4397,40.95652173913043,46,40,0.8695652173913043,0.2105521559715271,27.578657150268555,1.0842859410331585e-05,0.3626647889614105
4398,46.46153846153847,52,52,0.9846153846153847,0.42281854152679443,27.348737716674805,1.0877346539928112e-05,0.6746439337730408
4399,-105.44117647058825,204,202,0.9855882352941177,0.15904773771762848,6.055698394775391,1.0869915968214627e-05,0.38341405987739563
4400,43.893081761006286,53,52,0.9689308176100629,-0.10791396349668503,26.017271041870117,1.0889951226999983e-05,0.6410717368125916
4401,47.13333333333333,50,49,0.9713333333333334,0.21285636723041534,23.400121688842773,1.087963846657658e-05,0.03054674342274666
4402,-9.541666666666663,96,83,0.8645833333333334,-0.3262633681297302,17.68923568725586,1.0842962183232885e-05,0.5046613216400146
4403,-3.4224422442244182,101,99,0.9757755775577558,0.06332516670227051,15.149215698242188,1.083179176930571e-05,0.1999778300523758
4404,-6.48076923076923,104,102,0.9751923076923077,-0.3753988742828369,15.150575637817383,1.0696167009882629e-05,0.8639940619468689
4405,49.36879432624113,47,46,0.9636879432624114,-0.046547781676054,30.558372497558594,1.0435698641231284e-05,0.9469184279441833
4406,59.33333333333334,24,20,0.8333333333333334,-0.06850901246070862,57.2066535949707,1.0444957297295332e-05,1.0774075984954834
4407,-8.937694704049848,107,106,0.9806230529595016,-0.4458754360675812,15.62501049041748,1.0177275726164225e-05,0.7911304235458374
4408,46.7516339869281,51,51,0.977516339869281,-0.44987180829048157,24.42745018005371,1.040479401126504e-05,2.3480730056762695
4409,63.95652173913044,23,20,0.8695652173913043,0.5247024893760681,38.526634216308594,1.0730418580351397e-05,2.296300172805786
4410,59.33333333333333,24,20,0.8333333333333334,-0.1521940529346466,35.772151947021484,1.0735882824519649e-05,0.43239882588386536
4411,46.75163398692809,51,51,0.977516339869281,0.5057848691940308,15.360786437988281,1.1326445928716566e-05,2.9866158962249756
4412,63.95652173913043,23,20,0.8695652173913043,0.22842204570770264,34.878047943115234,1.128715757658938e-05,0.7363338470458984
4413,46.46153846153846,52,52,0.9846153846153847,-0.16494810581207275,24.074783325195312,1.0905937415373046e-05,0.4135265052318573
4414,-6.480769230769237,104,102,0.9751923076923077,-0.3507746458053589,8.999114990234375,1.0923866284429096e-05,0.6241208910942078
4415,46.626666666666665,50,49,0.9662666666666667,0.02585752122104168,24.88636016845703,1.0958276106975973e-05,0.6930068135261536
4416,40.95652173913043,46,40,0.8695652173913043,-0.19039949774742126,33.573909759521484,1.0505695172469132e-05,1.234941005706787
4417,-7.631578947368411,95,83,0.8736842105263158,0.1062406599521637,13.047233581542969,1.053576033882564e-05,0.7028464674949646
4418,59.333333333333336,24,20,0.8333333333333334,0.5242294669151306,57.2041015625,1.055893244483741e-05,0.7913027405738831
4419,-7.6315789473684195,95,83,0.8736842105263158,-0.3772028684616089,11.660226821899414,1.04636137621128e-05,0.7677726745605469
4420,43.88888888888888,45,40,0.8888888888888888,-0.4205675721168518,32.90595245361328,1.0595720596029423e-05,1.6104741096496582
4421,40.95652173913043,46,40,0.8695652173913043,-0.10376161336898804,31.673593521118164,1.0598614608170465e-05,0.26950186491012573
4422,-9.541666666666668,96,83,0.8645833333333334,-0.4422541558742523,12.255744934082031,1.051724211720284e-05,0.1925104558467865
4423,40.95652173913044,46,40,0.8695652173913043,-0.4833272695541382,31.939029693603516,1.0487625331734307e-05,0.7731719017028809
4424,-108.45893719806764,207,204,0.9854106280193237,-0.6640199422836304,7.5267863273620605,1.035910736391088e-05,0.149656280875206
4425,40.95652173913043,46,40,0.8695652173913043,-0.06655332446098328,27.256916046142578,1.0301982911187224e-05,0.1323520392179489
4426,49.36879432624113,47,46,0.9636879432624114,0.08243206143379211,15.886573791503906,1.0317794476577546e-05,0.35111016035079956
4427,-105.54575163398692,204,201,0.9845424836601308,-0.42015957832336426,7.325605392456055,1.0266932804370299e-05,0.27438846230506897
4428,47.299319727891145,49,48,0.9629931972789115,-0.31963810324668884,22.35885238647461,1.0455766641825903e-05,1.9584872722625732
4429,46.73333333333333,50,49,0.9673333333333334,0.05019613355398178,18.251352310180664,1.0053054211311974e-05,0.24010825157165527
4430,46.73333333333333,50,49,0.9673333333333334,-0.7068936228752136,21.91524314880371,1.0466614185133949e-05,3.0530710220336914
4431,38.10638297872341,47,40,0.851063829787234,-0.3554421365261078,27.649940490722656,1.0481083336344454e-05,0.7054115533828735
4432,63.95652173913044,23,20,0.8695652173913043,0.571766197681427,49.52206802368164,1.0962698979710694e-05,3.159508228302002
4433,40.95652173913043,46,40,0.8695652173913043,-0.4962467849254608,28.1365909576416,1.0992524039465934e-05,0.907839298248291
4434,59.33333333333333,24,20,0.8333333333333334,0.7659375071525574,45.42707061767578,1.1816617188742384e-05,3.5105059146881104
4435,-6.480769230769237,104,102,0.9751923076923077,-0.18214423954486847,10.270842552185059,1.1606936823227443e-05,1.3126217126846313
4436,-104.76026272577998,203,200,0.9823973727422003,-0.24638447165489197,6.937558174133301,1.1609189641603734e-05,0.3576832115650177
4437,-9.541666666666668,96,83,0.8645833333333334,-0.6004225015640259,15.485689163208008,1.1616059964580927e-05,1.0573184490203857
4438,-107.9243156199678,207,206,0.990756843800322,-0.14785315096378326,7.6121625900268555,1.1610058209043927e-05,0.1665986329317093
4439,63.95652173913043,23,20,0.8695652173913043,-0.9683467149734497,50.827354431152344,1.1474692655610852e-05,3.9395744800567627
4440,46.75163398692809,51,51,0.977516339869281,0.3028698265552521,22.234790802001953,1.147884722740855e-05,0.342441588640213
4441,-7.63157894736842,95,83,0.8736842105263158,-0.09600035846233368,15.565747261047363,1.1441763490438461e-05,0.13936622440814972
4442,40.95652173913044,46,40,0.8695652173913043,-0.22819390892982483,28.451173782348633,1.1440525668149348e-05,0.7930434346199036
4443,43.893081761006286,53,52,0.9689308176100629,-0.2845466732978821,25.332483291625977,1.1115114830317907e-05,0.14396893978118896
4444,-110.85964912280703,209,206,0.9814035087719298,0.06796391308307648,7.914580821990967,1.0890705198107753e-05,0.2368871420621872
4445,-2.8151815181518285,101,100,0.9818481848184818,0.15500116348266602,15.003135681152344,1.084520681615686e-05,0.3770797550678253
4446,63.95652173913044,23,20,0.8695652173913043,1.1560938358306885,38.83339309692383,1.1596227523114067e-05,3.6469287872314453
4447,-7.631578947368414,95,83,0.8736842105263158,-0.3822258710861206,14.63399600982666,1.1519902727741282e-05,0.4857556223869324
4448,-7.631578947368414,95,83,0.8736842105263158,-0.2464151829481125,14.32519245147705,1.1517730854393449e-05,0.025982066988945007
4449,46.626666666666665,50,49,0.9662666666666667,-0.540779709815979,17.63639259338379,1.12004217953654e-05,0.4665842056274414
4450,-7.10793650793651,105,104,0.978920634920635,-0.4082548916339874,11.88239860534668,1.1196797458978835e-05,0.032458655536174774
4451,63.95652173913043,23,20,0.8695652173913043,-1.6716034412384033,36.78211975097656,1.4144922715786379e-05,7.203800201416016
4452,46.564102564102555,52,52,0.9856410256410256,-0.39030852913856506,19.721025466918945,1.3903975741413888e-05,0.4071510434150696
4453,-100.66834170854271,199,196,0.9833165829145729,0.34310078620910645,9.684659957885742,1.3609409506898373e-05,0.5250858664512634
4454,-7.631578947368419,95,83,0.8736842105263158,-0.07523619383573532,14.457015037536621,1.3603186744148843e-05,0.07796905934810638
4455,-110.85964912280703,209,206,0.9814035087719298,0.2127087563276291,9.709879875183105,1.324290678894613e-05,0.060966312885284424
4456,-105.54575163398694,204,201,0.9845424836601308,0.06898939609527588,8.872252464294434,1.320495084655704e-05,0.3287235498428345
4457,63.95652173913043,23,20,0.8695652173913043,0.9173892736434937,39.99091339111328,1.3249282346805558e-05,3.98266339302063
4458,63.95652173913044,23,20,0.8695652173913043,0.4983704090118408,40.35796356201172,1.339404934697086e-05,1.9040124416351318
4459,-9.541666666666659,96,83,0.8645833333333334,-0.19147101044654846,14.55617618560791,1.3390201274887659e-05,0.40359753370285034
4460,63.95652173913043,23,20,0.8695652173913043,0.18318361043930054,33.721900939941406,1.3417798982118256e-05,0.7494096755981445
4461,48.68707482993197,49,48,0.9768707482993197,-0.10145597904920578,23.261085510253906,1.3456946362566669e-05,0.7664566040039062
4462,-105.46732026143792,204,202,0.9853267973856209,-0.025347914546728134,4.70289421081543,1.3463315553963184e-05,0.30920976400375366
4463,59.33333333333334,24,20,0.8333333333333334,-0.785453736782074,44.382904052734375,1.4202400052454323e-05,3.5292820930480957
4464,40.95652173913043,46,40,0.8695652173913043,0.32407084107398987,30.207225799560547,1.4058942724659573e-05,0.6594489812850952
4465,47.625850340136054,49,48,0.9662585034013605,1.1693615913391113,18.575315475463867,1.6311847502947785e-05,6.07493782043457
4466,-9.541666666666675,96,83,0.8645833333333334,0.32804495096206665,15.622414588928223,1.6360962035832927e-05,0.9716426134109497
4467,63.95652173913044,23,20,0.8695652173913043,-1.3143037557601929,43.679161071777344,1.7888081856654026e-05,4.969212532043457
4468,47.62585034013605,49,48,0.9662585034013605,-0.019041726365685463,13.167200088500977,1.800553400244098e-05,1.5470956563949585
4469,-9.541666666666671,96,83,0.8645833333333334,-0.1015496551990509,10.733633041381836,1.782545768946875e-05,0.8611767888069153
4470,-9.541666666666673,96,83,0.8645833333333334,-0.6921496391296387,17.943893432617188,1.7205398762598634e-05,1.2348662614822388
4471,63.95652173913044,23,20,0.8695652173913043,-1.2011715173721313,36.144039154052734,1.790001624613069e-05,3.430049419403076
4472,-103.45214521452145,202,200,0.9854785478547855,-0.329785019159317,5.102741718292236,1.790894202713389e-05,0.5369220972061157
4473,47.13333333333333,50,49,0.9713333333333334,-0.06416293978691101,15.669893264770508,1.7851813026936725e-05,0.03398900851607323
4474,-9.541666666666668,96,83,0.8645833333333334,0.6534056067466736,14.530094146728516,1.819180579332169e-05,2.899306058883667
4475,-7.631578947368416,95,83,0.8736842105263158,-0.09967730939388275,17.708160400390625,1.812320260796696e-05,0.1673581898212433
4476,-9.043613707165113,107,105,0.979563862928349,0.1896846890449524,13.62498664855957,1.81049617822282e-05,0.31711944937705994
4477,63.95652173913043,23,20,0.8695652173913043,-0.04440377652645111,55.6220817565918,1.812203299778048e-05,1.2244399785995483
4478,63.95652173913043,23,20,0.8695652173913043,0.40421488881111145,50.14612579345703,1.8123804693459533e-05,0.4820026159286499
4479,-99.21885521885523,198,196,0.9878114478114478,-0.3255496025085449,4.4522576332092285,1.81088089448167e-05,0.8261030316352844
4480,-9.541666666666659,96,83,0.8645833333333334,-0.3169068396091461,13.459304809570312,1.8008735423791222e-05,0.029932403936982155
4481,49.027210884353735,49,49,0.9802721088435374,-0.6069453358650208,15.762604713439941,1.8016400645137765e-05,1.868741750717163
4482,38.10638297872341,47,40,0.851063829787234,-1.8451002836227417,39.66115951538086,1.9526729374774732e-05,5.096623420715332
4483,-4.25490196078432,102,100,0.9774509803921568,-0.07680486887693405,11.765486717224121,1.952662023541052e-05,0.3838992714881897
4484,-102.70149253731344,201,198,0.9829850746268657,-0.3782545030117035,5.148588180541992,1.952562524820678e-05,0.1729927957057953
4485,-11.432989690721655,97,83,0.8556701030927835,-0.2561451494693756,14.53249740600586,1.9524566596373916e-05,0.04831751808524132
4486,63.95652173913043,23,20,0.8695652173913043,0.32142767310142517,39.08882522583008,1.9820930901914835e-05,2.0529630184173584
4487,48.10204081632652,49,48,0.9710204081632653,0.29513683915138245,11.277547836303711,1.951974627445452e-05,0.15788602828979492
4488,-106.9479674796748,205,202,0.980520325203252,0.12005268782377243,6.562483787536621,1.9417217117734253e-05,0.029947718605399132
4489,47.299319727891145,49,48,0.9629931972789115,-0.09759782999753952,23.732227325439453,1.9475852241157554e-05,1.972046971321106
4490,63.95652173913043,23,20,0.8695652173913043,1.210936427116394,47.50730895996094,1.9787283235928044e-05,2.147908926010132
4491,-7.631578947368416,95,83,0.8736842105263158,-0.1590413600206375,16.248960494995117,1.9821660316665657e-05,0.9091575145721436
4492,-104.0607553366174,203,201,0.989392446633826,0.08481316268444061,6.6080522537231445,1.980494380404707e-05,0.23045262694358826
4493,-106.9479674796748,205,202,0.980520325203252,-0.10440754145383835,5.463292121887207,1.976026760530658e-05,0.4203506112098694
4494,46.564102564102555,52,52,0.9856410256410256,-0.36621949076652527,12.97797679901123,1.9753902961383574e-05,0.04330107197165489
4495,63.95652173913044,23,20,0.8695652173913043,-1.172397494316101,34.84920883178711,2.0681647583842278e-05,4.0587544441223145
4496,38.106382978723396,47,40,0.851063829787234,-0.1064838171005249,28.41489601135254,2.0743045752169564e-05,0.8751785159111023
4497,-2.9537953795379597,101,100,0.9804620462046204,-0.3112834393978119,9.323930740356445,2.0744160792673938e-05,0.7705667018890381
4498,-2.8151815181518263,101,100,0.9818481848184818,0.5724667310714722,13.740132331848145,2.0755840523634106e-05,0.776877760887146
4499,63.95652173913043,23,20,0.8695652173913043,0.15718571841716766,37.35021209716797,2.0756495359819382e-05,0.805470883846283
4500,47.62585034013605,49,48,0.9662585034013605,-0.02898157201707363,12.107003211975098,2.0859401047346182e-05,1.1957404613494873
4501,40.95652173913044,46,40,0.8695652173913043,-0.1588379293680191,27.068557739257812,2.086321183014661e-05,0.102922223508358
4502,63.95652173913043,23,20,0.8695652173913043,-0.6880655288696289,48.44612503051758,2.0995114027755335e-05,1.694819450378418
4503,-105.54575163398694,204,201,0.9845424836601308,-0.15771348774433136,4.917941570281982,2.0986304662073962e-05,0.36526796221733093
4504,-99.21885521885523,198,196,0.9878114478114478,0.12104714661836624,5.056498050689697,2.0975261577405035e-05,0.29738110303878784
4505,47.299319727891145,49,48,0.9629931972789115,0.015322646126151085,19.92915916442871,2.094192495860625e-05,0.34179002046585083
4506,63.95652173913044,23,20,0.8695652173913043,-0.6204503774642944,29.151103973388672,2.124782076862175e-05,2.5959155559539795
4507,-4.254901960784324,102,100,0.9774509803921568,0.21781539916992188,11.172307968139648,2.1240475689410232e-05,0.2705080509185791
4508,40.95652173913043,46,40,0.8695652173913043,-0.116460420191288,26.365861892700195,2.098043478326872e-05,0.8477237224578857
4509,63.95652173913044,23,20,0.8695652173913043,0.45008066296577454,33.00101852416992,2.081880120385904e-05,1.6953232288360596
4510,46.73333333333333,50,49,0.9673333333333334,0.1510542929172516,12.954214096069336,2.0836159819737077e-05,0.3996511995792389
4511,-7.631578947368425,95,83,0.8736842105263158,0.34476104378700256,14.668325424194336,2.0346726159914397e-05,1.275380253791809
4512,47.13333333333333,50,49,0.9713333333333334,-0.14952072501182556,25.769197463989258,2.0294113710406236e-05,0.37983718514442444
4513,-7.631578947368414,95,83,0.8736842105263158,-0.021674465388059616,16.25843048095703,2.0273502741474658e-05,0.02580409124493599
4514,-9.54166666666666,96,83,0.8645833333333334,0.3906038999557495,16.858963012695312,2.0419964130269364e-05,1.3945175409317017
4515,63.95652173913043,23,20,0.8695652173913043,1.6364713907241821,55.17987823486328,2.1299019863363355e-05,3.697977066040039
4516,-3.7647058823529553,102,101,0.9823529411764705,-0.17002828419208527,12.7706937789917,2.127835978171788e-05,1.065193772315979
4517,-7.6315789473684195,95,83,0.8736842105263158,-0.30568400025367737,15.98161792755127,2.123203012160957e-05,0.22662366926670074
4518,47.13333333333333,50,49,0.9713333333333334,0.1304856240749359,27.10040283203125,2.1469990315381438e-05,1.9073607921600342
4519,63.95652173913042,23,20,0.8695652173913043,-0.6815098524093628,35.069618225097656,2.1489729988388717e-05,0.986630916595459
4520,46.75163398692809,51,51,0.977516339869281,-0.060085222125053406,13.27037239074707,2.1357047444325872e-05,0.24210168421268463
4521,-4.915857605178004,103,102,0.98084142394822,-0.2755151391029358,9.469348907470703,2.1351032046368346e-05,0.1208915039896965
4522,63.95652173913043,23,20,0.8695652173913043,0.7514352202415466,34.08230209350586,2.1966681742924266e-05,3.0567080974578857
4523,-9.541666666666664,96,83,0.8645833333333334,-0.33850350975990295,15.109914779663086,2.197424510086421e-05,0.6622145175933838
4524,63.95652173913043,23,20,0.8695652173913043,-1.3324819803237915,41.402748107910156,2.319787017768249e-05,4.56977653503418
4525,40.95652173913043,46,40,0.8695652173913043,0.6289640069007874,28.367408752441406,2.329353810637258e-05,1.1432472467422485
4526,-106.9479674796748,205,202,0.980520325203252,-0.21074384450912476,5.395214080810547,2.328725349798333e-05,0.2283264845609665
4527,63.95652173913043,23,20,0.8695652173913043,-0.0260810237377882,36.94832229614258,2.332532312721014e-05,0.9289542436599731
4528,47.29931972789115,49,48,0.9629931972789115,-0.15422357618808746,17.26260757446289,2.3205280740512535e-05,1.3112696409225464
4529,47.13333333333333,50,49,0.9713333333333334,-0.22127051651477814,21.429241180419922,2.3203925593406893e-05,0.4690834581851959
4530,-7.631578947368411,95,83,0.8736842105263158,-0.28340649604797363,10.637530326843262,2.269383730890695e-05,0.6820954084396362
4531,-7.6315789473684195,95,83,0.8736842105263158,0.2804332375526428,13.322526931762695,2.281638990098145e-05,1.4360086917877197
4532,-4.254901960784325,102,100,0.9774509803921568,0.007074875291436911,11.50747299194336,2.216141001554206e-05,0.037533167749643326
4533,-3.4224422442244236,101,99,0.9757755775577558,-0.12029752135276794,9.007377624511719,2.2124248062027618e-05,0.04532703757286072
4534,-9.541666666666663,96,83,0.8645833333333334,-0.8503010272979736,14.313879013061523,2.154113826691173e-05,2.0999369621276855
4535,47.62585034013605,49,48,0.9662585034013605,-0.578183114528656,15.660343170166016,2.14640713238623e-05,1.1161632537841797
4536,-105.46732026143792,204,202,0.9853267973856209,-0.15578961372375488,4.11663293838501,2.1459596609929577e-05,0.11714866757392883
4537,-3.4224422442244196,101,99,0.9757755775577558,-0.4199034869670868,13.650732040405273,2.1560930690611713e-05,1.737682580947876
4538,-110.85964912280703,209,206,0.9814035087719298,-0.0025424500927329063,6.707146167755127,2.156766458938364e-05,0.14066533744335175
4539,-5.718446601941749,103,101,0.9728155339805825,0.11028948426246643,14.513984680175781,2.0693962142104283e-05,0.3187505900859833
4540,63.95652173913044,23,20,0.8695652173913043,-0.16167959570884705,60.404666900634766,2.113584559992887e-05,2.895510196685791
4541,-99.21885521885523,198,196,0.9878114478114478,0.19339299201965332,7.026153087615967,2.1158853996894322e-05,0.5076924562454224
4542,-108.45893719806764,207,204,0.9854106280193237,-0.03701312467455864,6.7501373291015625,2.1137997464393266e-05,0.02364470437169075
4543,-7.6315789473684195,95,83,0.8736842105263158,-0.3586804270744324,18.276613235473633,2.116289942932781e-05,0.8132774829864502
4544,59.33333333333334,24,20,0.8333333333333334,0.14031824469566345,42.38478088378906,2.1326111891539767e-05,1.8163143396377563
4545,40.95652173913043,46,40,0.8695652173913043,0.19249363243579865,27.381052017211914,2.1347297661122866e-05,0.4230417311191559
4546,-3.359477124183013,102,101,0.9864052287581699,-0.12898743152618408,10.876598358154297,2.0433401004993357e-05,0.37321367859840393
4547,-6.480769230769237,104,102,0.9751923076923077,-0.38396233320236206,13.299661636352539,2.0431911252671853e-05,0.4336150586605072
4548,-9.541666666666663,96,83,0.8645833333333334,-0.6964849233627319,21.3316593170166,2.0491686882451177e-05,1.2402846813201904
4549,-4.592233009708751,103,102,0.9840776699029126,-0.02047046087682247,12.589095115661621,2.04904681595508e-05,0.05708685144782066
4550,-3.3594771241830133,102,101,0.9864052287581699,0.07807211577892303,11.190462112426758,2.050162584055215e-05,0.23719815909862518
4551,-4.592233009708751,103,102,0.9840776699029126,0.30996882915496826,8.271964073181152,1.7510075849713758e-05,0.5686947107315063
4552,46.46153846153846,52,52,0.9846153846153847,-0.37809690833091736,18.436498641967773,1.7494583516963758e-05,0.4227294325828552
4553,47.13333333333333,50,49,0.9713333333333334,0.07152844220399857,16.948074340820312,1.754625372996088e-05,0.9831563234329224
4554,-7.631578947368416,95,83,0.8736842105263158,-0.3449690639972687,15.306076049804688,1.7606240362511016e-05,1.1815131902694702
4555,-2.9537953795379654,101,100,0.9804620462046204,-0.19817405939102173,11.4828519821167,1.7613401723792776e-05,0.5331230759620667
4556,49.027210884353735,49,49,0.9802721088435374,0.150668665766716,17.73468589782715,1.7627542547415942e-05,0.33079585433006287
4557,-7.107936507936502,105,104,0.978920634920635,-0.37243345379829407,13.063572883605957,1.6575113477301784e-05,0.7933996915817261
4558,-110.85964912280703,209,206,0.9814035087719298,-0.061879854649305344,7.499886989593506,1.6295056411763653e-05,0.21579238772392273
4559,-9.541666666666664,96,83,0.8645833333333334,-0.3904133141040802,14.020283699035645,1.6277794202324003e-05,0.6163588166236877
4560,-7.631578947368418,95,83,0.8736842105263158,-0.23347601294517517,14.631290435791016,1.6215781215578318e-05,0.25256502628326416
4561,49.02721088435374,49,49,0.9802721088435374,0.31561604142189026,16.797813415527344,1.6516378309461288e-05,2.0246520042419434
4562,59.33333333333334,24,20,0.8333333333333334,-0.7205013036727905,56.359901428222656,1.6637428416288458e-05,1.6411224603652954
4563,-100.66834170854271,199,196,0.9833165829145729,-0.15267854928970337,6.263986110687256,1.5972080291248858e-05,0.5313827395439148
4564,63.95652173913043,23,20,0.8695652173913043,0.022596772760152817,35.48769760131836,1.592833359609358e-05,0.4714563488960266
4565,47.299319727891145,49,48,0.9629931972789115,0.18061140179634094,25.180307388305664,1.3483388102031313e-05,0.7233361601829529
4566,40.95652173913043,46,40,0.8695652173913043,-0.36759284138679504,33.529502868652344,1.3418950402410701e-05,1.0599254369735718
4567,47.62585034013605,49,48,0.9662585034013605,-0.185740664601326,24.220674514770508,1.2284650438232347e-05,1.8516236543655396
4568,-3.7647058823529536,102,101,0.9823529411764705,0.12392400205135345,13.057196617126465,1.2094412340957206e-05,0.3735755980014801
4569,-5.718446601941757,103,101,0.9728155339805825,0.2628627419471741,12.200550079345703,1.2095580132154282e-05,0.8694522380828857
4570,-7.631578947368418,95,83,0.8736842105263158,-0.5338005423545837,15.694914817810059,1.2070046977896709e-05,0.9870108962059021
4571,49.027210884353735,49,49,0.9802721088435374,0.13341085612773895,14.691842079162598,1.15567445391207e-05,1.0804729461669922
4572,-11.432989690721651,97,83,0.8556701030927835,-0.6789820790290833,10.142009735107422,1.156946109404089e-05,0.7782529592514038
4573,-102.70149253731344,201,198,0.9829850746268657,-0.5525614619255066,4.019235134124756,1.1565263775992207e-05,0.18033716082572937
4574,63.95652173913044,23,20,0.8695652173913043,-1.4323145151138306,40.991294860839844,1.1361627002770547e-05,2.8482909202575684
4575,-9.541666666666671,96,83,0.8645833333333334,-0.3595586121082306,11.955388069152832,1.1371171240170952e-05,0.12273214012384415
4576,63.95652173913044,23,20,0.8695652173913043,0.7191396951675415,36.48733901977539,1.1756541425711475e-05,2.226158618927002
4577,40.95652173913043,46,40,0.8695652173913043,-0.4527054727077484,29.720409393310547,1.1768684998969547e-05,1.322014570236206
4578,40.95652173913044,46,40,0.8695652173913043,-1.3504786491394043,31.98858642578125,1.3564304026658647e-05,5.691390514373779
4579,-4.915857605178004,103,102,0.98084142394822,0.19402781128883362,13.03333568572998,1.3555483747040853e-05,0.03810993954539299
4580,48.10204081632652,49,48,0.9710204081632653,0.6181130409240723,25.401208877563477,1.3553931239584927e-05,0.0097659882158041
4581,38.1063829787234,47,40,0.851063829787234,0.36901184916496277,34.73341751098633,1.3440077054838184e-05,0.4966891407966614
4582,40.95652173913043,46,40,0.8695652173913043,0.2629792392253876,29.930755615234375,1.2285889170016162e-05,1.9360852241516113
4583,-104.76026272577997,203,200,0.9823973727422003,-0.29926833510398865,3.988783836364746,1.226612221216783e-05,0.41875767707824707
4584,46.46153846153847,52,52,0.9846153846153847,-0.40724095702171326,16.971698760986328,1.2285330740269274e-05,0.7851163744926453
4585,-4.592233009708744,103,102,0.9840776699029126,-0.039807599037885666,11.48226547241211,1.2281467206776142e-05,0.34950199723243713
4586,-110.85964912280703,209,206,0.9814035087719298,-0.31150901317596436,4.580307960510254,1.1960391930188052e-05,0.008918031118810177
4587,40.95652173913043,46,40,0.8695652173913043,-0.11697886139154434,28.669187545776367,1.1957487913605291e-05,0.09572366625070572
4588,-4.254901960784318,102,100,0.9774509803921568,-0.2645989954471588,9.66471004486084,1.1952534805459436e-05,0.23883749544620514
4589,-7.10793650793651,105,104,0.978920634920635,-0.4869503974914551,14.058249473571777,1.1772691323130857e-05,0.01120657380670309
4590,40.95652173913043,46,40,0.8695652173913043,0.00798374880105257,29.539709091186523,1.1537906175362878e-05,1.1357183456420898
4591,59.33333333333334,24,20,0.8333333333333334,0.24511608481407166,28.30497169494629,1.1510526746860705e-05,0.2556909918785095
4592,63.95652173913043,23,20,0.8695652173913043,0.5748728513717651,46.412357330322266,1.1927439118153416e-05,2.4131782054901123
4593,-6.480769230769239,104,102,0.9751923076923077,-0.23663724958896637,11.22171688079834,1.195313689095201e-05,0.8959920406341553
4594,-5.317152103559879,103,101,0.9768284789644013,0.1890096813440323,12.259452819824219,1.1963448741880711e-05,0.6729369759559631
4595,40.95652173913042,46,40,0.8695652173913043,0.08814934641122818,34.80223846435547,1.1050919965782668e-05,0.2871420383453369
4596,-9.541666666666666,96,83,0.8645833333333334,0.06328950077295303,18.166915893554688,1.1004104635503609e-05,0.4242885112762451
4597,40.95652173913043,46,40,0.8695652173913043,0.211746945977211,30.799610137939453,1.0985608241753653e-05,0.003425493836402893
4598,-11.432989690721655,97,83,0.8556701030927835,0.007747435476630926,15.032631874084473,1.0990000191668514e-05,0.8131328225135803
4599,-7.051282051282056,104,101,0.9694871794871794,-0.14348779618740082,8.556968688964844,1.096625692298403e-05,0.21067273616790771
4600,40.95652173913044,46,40,0.8695652173913043,-0.5710557699203491,27.58477783203125,1.0890730663959403e-05,0.9660464525222778
4601,46.73333333333333,50,49,0.9673333333333334,-0.5247008800506592,20.507549285888672,1.0887684766203165e-05,0.41502612829208374
4602,47.13333333333333,50,49,0.9713333333333334,-0.35503628849983215,17.7655029296875,1.0750027286121622e-05,0.25225964188575745
4603,63.956521739130416,23,20,0.8695652173913043,-0.8532864451408386,39.583526611328125,1.140333461080445e-05,3.4675941467285156
4604,63.95652173913044,23,20,0.8695652173913043,0.8470832109451294,40.31455612182617,1.161238833446987e-05,1.6962320804595947
4605,-5.961538461538465,104,103,0.9803846153846154,0.6788796186447144,9.218545913696289,1.2000512469967362e-05,2.3184282779693604
4606,-9.54166666666666,96,83,0.8645833333333334,0.20164701342582703,14.747830390930176,1.1692118278006092e-05,0.7840748429298401
4607,-105.44117647058823,204,202,0.9855882352941177,0.007342895958572626,5.744706153869629,1.1681204341584817e-05,0.16930723190307617
4608,-4.915857605178003,103,102,0.98084142394822,-0.017339695245027542,7.990182399749756,1.1651821296254639e-05,0.24982817471027374
4609,43.888888888888886,45,40,0.8888888888888888,0.5599868893623352,30.30356216430664,1.1641786841209978e-05,1.6505666971206665
4610,43.893081761006286,53,52,0.9689308176100629,-0.24152232706546783,18.357139587402344,1.1663039003906306e-05,0.9615593552589417
4611,-9.541666666666668,96,83,0.8645833333333334,-0.39189034700393677,12.208431243896484,1.1542490938154515e-05,0.534641444683075
4612,63.95652173913044,23,20,0.8695652173913043,-1.1316196918487549,35.371315002441406,1.2417432117217686e-05,3.9699225425720215
4613,-5.961538461538465,104,103,0.9803846153846154,-0.008741280063986778,8.532201766967773,1.2469208741094917e-05,0.7354114055633545
4614,-105.44117647058825,204,202,0.9855882352941177,-0.2061111330986023,5.433068752288818,1.2311543287069071e-05,0.03643732890486717
4615,40.95652173913043,46,40,0.8695652173913043,1.2675362825393677,26.143672943115234,1.3317886441654991e-05,5.410755634307861
4616,48.10204081632652,49,48,0.9710204081632653,-0.2519378662109375,13.892415046691895,1.3354378097574227e-05,1.3596298694610596
4617,40.95652173913044,46,40,0.8695652173913043,0.6172784566879272,27.14599609375,1.3772971215075813e-05,2.4118149280548096
4618,-9.043613707165113,107,105,0.979563862928349,-0.17178161442279816,9.238249778747559,1.3503283298632596e-05,0.025672441348433495
4619,63.95652173913044,23,20,0.8695652173913043,0.7645463347434998,40.74351501464844,1.3562033927883022e-05,1.068982720375061
4620,47.62585034013605,49,48,0.9662585034013605,0.17771273851394653,16.596921920776367,1.3978262359159999e-05,2.4377448558807373
4621,47.13333333333333,50,49,0.9713333333333334,-0.01248636282980442,15.009084701538086,1.3981670235807542e-05,0.20795279741287231
4622,46.75163398692809,51,51,0.977516339869281,0.05716773867607117,12.657522201538086,1.3359125659917481e-05,0.3669622838497162
4623,63.95652173913043,23,20,0.8695652173913043,-0.1784355342388153,43.77777099609375,1.3349633263715077e-05,0.5652057528495789
4624,-105.54575163398694,204,201,0.9845424836601308,-0.24388736486434937,4.259111404418945,1.2160424375906587e-05,0.2599162459373474
4625,63.95652173913042,23,20,0.8695652173913043,-0.014185294508934021,49.719974517822266,1.211653943755664e-05,0.8247281908988953
4626,-9.54166666666666,96,83,0.8645833333333334,-0.18056310713291168,14.483719825744629,1.2144601896579843e-05,0.632122814655304
4627,63.95652173913044,23,20,0.8695652173913043,0.4781830608844757,47.883216857910156,1.2321790563873947e-05,1.7613681554794312
4628,-11.432989690721655,97,83,0.8556701030927835,-0.26066893339157104,14.966386795043945,1.2231392247485928e-05,0.03755469620227814
4629,-11.43298969072165,97,83,0.8556701030927835,-0.6533121466636658,14.221226692199707,1.2333095583016984e-05,1.4345158338546753
4630,-7.631578947368416,95,83,0.8736842105263158,0.11271756142377853,14.417863845825195,1.238582899532048e-05,1.0033104419708252
4631,63.95652173913044,23,20,0.8695652173913043,0.38107606768608093,53.18366241455078,1.2249577594047878e-05,0.4556499421596527
4632,-7.631578947368416,95,83,0.8736842105263158,-0.05952572077512741,14.963183403015137,1.2250811778358184e-05,0.09624474495649338
4633,-7.6315789473684115,95,83,0.8736842105263158,-0.6456683278083801,14.066203117370605,1.2487504136515781e-05,2.0803089141845703
4634,-9.541666666666664,96,83,0.8645833333333334,0.04534299299120903,14.046441078186035,1.2291616258153226e-05,0.7731181979179382
4635,63.95652173913044,23,20,0.8695652173913043,0.46322259306907654,32.721519470214844,1.226785661856411e-05,0.7467775344848633
4636,-7.6315789473684115,95,83,0.8736842105263158,0.11637826263904572,14.39733600616455,1.2319928828219417e-05,0.8438718318939209
4637,40.95652173913043,46,40,0.8695652173913043,-0.4749041795730591,32.353912353515625,1.2239489478815813e-05,1.2849998474121094
4638,63.95652173913043,23,20,0.8695652173913043,0.201757550239563,36.44361114501953,1.2299668924242724e-05,0.9460751414299011
4639,-4.915857605177995,103,102,0.98084142394822,0.0686897486448288,8.086536407470703,1.2300894013606012e-05,0.2418476641178131
4640,38.106382978723396,47,40,0.851063829787234,1.0979535579681396,26.67909049987793,1.2624836926988792e-05,3.6567306518554688
4641,59.333333333333336,24,20,0.8333333333333334,0.26729974150657654,50.14569091796875,1.2646906725422014e-05,0.7753980159759521
4642,-105.54575163398692,204,201,0.9845424836601308,0.03516898676753044,5.420621395111084,1.2655496902880259e-05,0.3769893944263458
4643,-4.254901960784319,102,100,0.9774509803921568,0.07130777090787888,7.643481731414795,1.2616293133760337e-05,0.1527194231748581
4644,-5.7021276595744705,94,83,0.8829787234042553,-0.21065224707126617,13.959094047546387,1.2423348380252719e-05,0.4378298223018646
4645,-3.4224422442244267,101,99,0.9757755775577558,-0.22770322859287262,10.23581314086914,1.2553736269182991e-05,1.507278561592102
4646,40.95652173913044,46,40,0.8695652173913043,0.5797603130340576,26.628751754760742,1.2737807992380112e-05,1.7769695520401
4647,49.02721088435374,49,49,0.9802721088435374,-0.036313869059085846,15.558509826660156,1.2725780834443867e-05,0.08156941086053848
4648,-4.915857605178,103,102,0.98084142394822,-0.08824129402637482,9.265067100524902,1.262751356989611e-05,0.14899051189422607
4649,63.95652173913043,23,20,0.8695652173913043,-1.580923318862915,36.171142578125,1.4284181816037744e-05,5.176126956939697
4650,40.95652173913043,46,40,0.8695652173913043,0.0892920196056366,27.58041000366211,1.4369393284141552e-05,1.1908317804336548
4651,47.62585034013605,49,48,0.9662585034013605,-0.18276634812355042,14.127111434936523,1.439030711480882e-05,0.8185448050498962
4652,-4.59223300970875,103,102,0.9840776699029126,0.19339235126972198,7.274587631225586,1.4379925232788082e-05,0.09279593825340271
4653,-5.702127659574465,94,83,0.8829787234042553,-0.29423657059669495,13.64553451538086,1.4329761143017095e-05,0.41100308299064636
4654,-8.93769470404985,107,106,0.9806230529595016,-0.07009383291006088,8.839531898498535,1.4244769772631116e-05,0.004188629798591137
4655,-4.59223300970875,103,102,0.9840776699029126,0.3859836757183075,8.621853828430176,1.4240313248592429e-05,0.46864914894104004
4656,-11.432989690721655,97,83,0.8556701030927835,-0.21476417779922485,14.233125686645508,1.423802041244926e-05,0.2553362548351288
4657,-9.541666666666663,96,83,0.8645833333333334,0.023414473980665207,16.502674102783203,1.4215886039892212e-05,0.5439561605453491
4658,63.95652173913044,23,20,0.8695652173913043,-0.019926898181438446,50.78837966918945,1.440949290554272e-05,1.7782070636749268
4659,-7.631578947368423,95,83,0.8736842105263158,-0.5924038290977478,15.767802238464355,1.4597130757465493e-05,1.8543843030929565
4660,-7.0512820512820635,104,101,0.9694871794871794,-0.1437741219997406,7.626809120178223,1.462758064008085e-05,0.7564597129821777
4661,-100.66834170854271,199,196,0.9833165829145729,0.07647723704576492,4.713084697723389,1.4373128578881733e-05,0.24535658955574036
4662,63.95652173913043,23,20,0.8695652173913043,0.3073844611644745,32.84400177001953,1.4269175153458491e-05,0.945970356464386
4663,40.95652173913044,46,40,0.8695652173913043,-0.6162136197090149,26.379030227661133,1.4495410141535103e-05,2.0002405643463135
4664,46.46153846153847,52,52,0.9846153846153847,-0.28351250290870667,19.088388442993164,1.4485401152342092e-05,0.22091279923915863
4665,43.893081761006286,53,52,0.9689308176100629,-0.8829029202461243,16.606046676635742,1.5107208128029015e-05,3.2843949794769287
4666,-3.3594771241830115,102,101,0.9864052287581699,-0.09488130360841751,8.297545433044434,1.5097303730726708e-05,0.9772849082946777
4667,63.95652173913044,23,20,0.8695652173913043,-0.6935359835624695,35.630470275878906,1.5291085219359957e-05,2.6195034980773926
4668,-99.21885521885523,198,196,0.9878114478114478,-0.025084935128688812,4.357028961181641,1.5288344002328813e-05,0.14479483664035797
4669,46.564102564102555,52,52,0.9856410256410256,-0.18213295936584473,11.033010482788086,1.5236219951475505e-05,0.13096947968006134
4670,47.26666666666666,50,49,0.9726666666666667,1.0609691143035889,24.093647003173828,1.553289439470973e-05,2.322521209716797
4671,-109.40064102564104,208,206,0.9859935897435897,-0.36096760630607605,5.5475616455078125,1.5454359527211636e-05,0.028399573639035225
4672,-7.6315789473684195,95,83,0.8736842105263158,0.2895534932613373,14.633403778076172,1.5677202100050636e-05,1.9995638132095337
4673,-107.9243156199678,207,206,0.990756843800322,-0.534489631652832,5.674872398376465,1.5700197764090262e-05,0.6582805514335632
4674,-7.1079365079365076,105,104,0.978920634920635,-0.27075356245040894,9.912281036376953,1.5224162780214101e-05,0.538024365901947
4675,-2.9537953795379663,101,100,0.9804620462046204,-0.43401703238487244,9.442008018493652,1.5263936802512035e-05,0.8151683807373047
4676,-9.54166666666667,96,83,0.8645833333333334,-0.6057506203651428,15.905399322509766,1.4995747733337339e-05,0.8602426052093506
4677,40.95652173913043,46,40,0.8695652173913043,-0.24243314564228058,33.795997619628906,1.4898569133947603e-05,0.32456040382385254
4678,46.75163398692809,51,51,0.977516339869281,0.035364896059036255,18.09157371520996,1.298238476010738e-05,1.1169108152389526
4679,-102.70149253731344,201,198,0.9829850746268657,-0.36424997448921204,3.8170382976531982,1.2982533007743768e-05,0.07126281410455704
4680,46.626666666666665,50,49,0.9662666666666667,-0.3360377550125122,19.33774185180664,1.2991950825380627e-05,0.41265738010406494
4681,40.95652173913043,46,40,0.8695652173913043,-0.04605098068714142,30.795778274536133,1.3013584066356998e-05,0.7820159792900085
4682,63.95652173913043,23,20,0.8695652173913043,-1.3604676723480225,32.75510787963867,1.3496911378751975e-05,3.406773328781128
4683,63.95652173913043,23,20,0.8695652173913043,-0.17042510211467743,28.478090286254883,1.366144533676561e-05,1.7131539583206177
4684,-7.631578947368407,95,83,0.8736842105263158,0.13619329035282135,14.77503776550293,1.3703322110814042e-05,1.0854365825653076
4685,-9.54166666666666,96,83,0.8645833333333334,-0.10860390961170197,13.341104507446289,1.369926849292824e-05,0.1881950944662094
4686,-109.93269230769232,208,204,0.9806730769230769,0.027403444051742554,4.512262344360352,1.369936035189312e-05,0.022428732365369797
4687,-105.54575163398692,204,201,0.9845424836601308,0.1561644971370697,5.369496822357178,1.3701871466764715e-05,0.2147911638021469
4688,-8.93769470404985,107,106,0.9806230529595016,0.20564816892147064,12.05029010772705,1.3703340300708078e-05,0.26091116666793823
4689,46.733333333333334,50,49,0.9673333333333334,0.4090917110443115,26.428571701049805,1.377499575028196e-05,1.0944318771362305
4690,43.88888888888889,45,40,0.8888888888888888,1.0682281255722046,47.972965240478516,1.3854706594429445e-05,1.6018558740615845
4691,-110.85964912280703,209,206,0.9814035087719298,-0.19858719408512115,5.358753204345703,1.3872749150323216e-05,0.6092692017555237
4692,43.893081761006286,53,52,0.9689308176100629,0.15203805267810822,25.497495651245117,1.3506068171409424e-05,0.2176484614610672
4693,-7.631578947368419,95,83,0.8736842105263158,-0.3862978219985962,16.72340202331543,1.3480414963851217e-05,0.5997892022132874
4694,40.95652173913043,46,40,0.8695652173913043,-0.5975416898727417,30.719680786132812,1.3808881703880616e-05,2.443246603012085
4695,40.95652173913043,46,40,0.8695652173913043,0.33789974451065063,27.682411193847656,1.3904964362154715e-05,1.2167201042175293
4696,-9.541666666666663,96,83,0.8645833333333334,-0.6286044716835022,11.097899436950684,1.3899273653805722e-05,0.3131173849105835
4697,-9.541666666666668,96,83,0.8645833333333334,-0.6637905836105347,16.688676834106445,1.38994164444739e-05,0.01811913400888443
4698,-104.76026272577998,203,200,0.9823973727422003,-0.9001631736755371,11.777512550354004,1.3865265827917028e-05,0.49742916226387024
4699,-105.54575163398694,204,201,0.9845424836601308,-0.6024034023284912,9.46965503692627,1.3866240806237329e-05,0.1390639692544937
4700,43.888888888888886,45,40,0.8888888888888888,-0.0061925253830850124,33.3164176940918,1.3816934369970113e-05,0.23563192784786224
4701,46.564102564102555,52,52,0.9856410256410256,-0.7582178115844727,12.584521293640137,1.3905093510402367e-05,1.303351640701294
4702,46.564102564102555,52,52,0.9856410256410256,-0.6381657123565674,11.46636962890625,1.3998733265907504e-05,1.3107300996780396
4703,63.95652173913043,23,20,0.8695652173913043,-0.32267436385154724,62.33255386352539,1.352417439193232e-05,2.0359890460968018
4704,40.95652173913043,46,40,0.8695652173913043,-0.8690899610519409,32.84425354003906,1.363528826914262e-05,2.2968590259552
4705,43.88888888888888,45,40,0.8888888888888888,0.12347006052732468,28.965286254882812,1.330489703832427e-05,0.8424884676933289
4706,38.10638297872341,47,40,0.851063829787234,-0.44672077894210815,29.9298095703125,1.3311270777194295e-05,1.109779715538025
4707,-108.45893719806763,207,204,0.9854106280193237,0.5368871092796326,9.553393363952637,1.3473072613123804e-05,1.4841203689575195
4708,-2.8151815181518285,101,100,0.9818481848184818,0.20337869226932526,9.562933921813965,1.3472396858560387e-05,0.06461159884929657
4709,63.95652173913043,23,20,0.8695652173913043,-0.06262307614088058,35.574562072753906,1.3299477359396406e-05,0.47802799940109253
4710,40.95652173913044,46,40,0.8695652173913043,-0.5149630904197693,40.410926818847656,1.3273051081341691e-05,0.638148844242096
4711,40.95652173913043,46,40,0.8695652173913043,-0.1618054062128067,29.260784149169922,1.3271623174659908e-05,0.24236667156219482
4712,-104.76026272577998,203,200,0.9823973727422003,-0.12737640738487244,10.771951675415039,1.2359978427411988e-05,0.4339071214199066
4713,47.62585034013605,49,48,0.9662585034013605,-0.3315885066986084,13.031333923339844,1.2367247109068558e-05,0.8709385395050049
4714,63.95652173913043,23,20,0.8695652173913043,-0.2873075008392334,49.49159622192383,1.2428023183019832e-05,1.09710693359375
4715,46.75163398692809,51,51,0.977516339869281,0.4561552405357361,15.476856231689453,1.0593819752102718e-05,0.8340921998023987
4716,38.1063829787234,47,40,0.851063829787234,0.42277833819389343,27.411670684814453,1.0847182238649111e-05,2.2341508865356445
4717,59.33333333333333,24,20,0.8333333333333334,-0.5944475531578064,53.027610778808594,1.0483160622243304e-05,0.8882840871810913
4718,-7.631578947368418,95,83,0.8736842105263158,-0.060030099004507065,14.320560455322266,1.0522493539610878e-05,0.6616188883781433
4719,-7.107936507936511,105,104,0.978920634920635,-0.3933669924736023,11.356010437011719,1.0461803867656272e-05,0.5546282529830933
4720,63.95652173913043,23,20,0.8695652173913043,-0.37827596068382263,37.45384979248047,1.011260064842645e-05,1.214869499206543
4721,40.95652173913043,46,40,0.8695652173913043,-0.6341204047203064,28.996938705444336,1.026397330861073e-05,1.8129017353057861
4722,-9.541666666666664,96,83,0.8645833333333334,-0.40346190333366394,15.389116287231445,1.025411893351702e-05,0.6250560879707336
4723,63.95652173913044,23,20,0.8695652173913043,0.49203360080718994,39.761993408203125,1.0802719771163538e-05,2.8782222270965576
4724,40.95652173913044,46,40,0.8695652173913043,-0.4673864245414734,27.983564376831055,1.0922637557087e-05,1.6704659461975098
4725,-9.541666666666668,96,83,0.8645833333333334,-0.039147745817899704,14.907330513000488,1.0861969713005237e-05,0.09414365887641907
4726,63.95652173913042,23,20,0.8695652173913043,-0.9949691891670227,45.27345657348633,1.1320716112095397e-05,3.100445032119751
4727,46.73333333333333,50,49,0.9673333333333334,-0.23862631618976593,17.82003402709961,1.1070539585489314e-05,0.49614015221595764
4728,-5.702127659574465,94,83,0.8829787234042553,0.20100992918014526,13.134753227233887,1.112466816266533e-05,0.692394495010376
4729,-11.43298969072166,97,83,0.8556701030927835,-0.4030270278453827,14.919529914855957,1.1084684047091287e-05,1.1112732887268066
4730,-11.432989690721655,97,83,0.8556701030927835,-0.5692389607429504,15.017797470092773,1.1117097528767772e-05,1.7564730644226074
4731,47.62585034013605,49,48,0.9662585034013605,-0.41064175963401794,17.111309051513672,1.1910464309039526e-05,3.5391182899475098
4732,46.62666666666667,50,49,0.9662666666666667,-0.1395850032567978,20.685678482055664,1.1902001460839529e-05,0.20034535229206085
4733,-7.631578947368417,95,83,0.8736842105263158,-0.260458767414093,14.612663269042969,1.171287294710055e-05,0.7002512812614441
4734,40.95652173913043,46,40,0.8695652173913043,-0.1897341012954712,27.76026153564453,1.1658546100079548e-05,0.18952511250972748
4735,63.95652173913043,23,20,0.8695652173913043,1.0474939346313477,37.55488204956055,1.2971502656000666e-05,4.465934753417969
4736,-7.107936507936512,105,104,0.978920634920635,-0.25672978162765503,8.755786895751953,1.2907605196232907e-05,0.13773450255393982
4737,-11.432989690721651,97,83,0.8556701030927835,-0.3978033661842346,15.036982536315918,1.2863712072430644e-05,0.8527801632881165
4738,48.68707482993197,49,48,0.9768707482993197,0.1959887444972992,19.579200744628906,1.2793226233043242e-05,0.28024983406066895
4739,63.95652173913044,23,20,0.8695652173913043,-0.03042501024901867,45.464664459228516,1.278586387343239e-05,0.09987565875053406
4740,-7.631578947368421,95,83,0.8736842105263158,0.4478897452354431,14.124958992004395,1.2185628293082118e-05,2.1051127910614014
4741,40.95652173913044,46,40,0.8695652173913043,1.1615469455718994,27.183935165405273,1.3329517969395965e-05,4.099851131439209
4742,40.95652173913044,46,40,0.8695652173913043,0.04917849972844124,26.75102424621582,1.3332699381862767e-05,0.06358787417411804
4743,-99.21885521885523,198,196,0.9878114478114478,0.46715375781059265,9.020288467407227,1.3357210264075547e-05,0.42316439747810364
4744,40.95652173913044,46,40,0.8695652173913043,0.22410845756530762,25.576784133911133,1.3439640497381333e-05,0.9805814623832703
4745,43.888888888888886,45,40,0.8888888888888888,1.0662485361099243,27.039226531982422,1.4040666428627446e-05,3.2282869815826416
4746,48.10204081632652,49,48,0.9710204081632653,0.1096946969628334,17.895221710205078,1.3851432413503062e-05,0.6530813574790955
4747,40.95652173913043,46,40,0.8695652173913043,0.12617142498493195,25.398881912231445,1.3918497643317096e-05,0.8935357332229614
4748,43.888888888888886,45,40,0.8888888888888888,0.18337447941303253,26.28334617614746,1.3913203474658076e-05,0.09773879498243332
4749,-7.051282051282063,104,101,0.9694871794871794,-0.03080718405544758,10.140828132629395,1.2342464287939947e-05,0.2612797021865845
4750,47.13333333333333,50,49,0.9713333333333334,0.21591816842556,23.86369514465332,1.2383098692225758e-05,1.4251207113265991
4751,48.10204081632653,49,48,0.9710204081632653,-0.03855675086379051,14.565154075622559,1.2392886674206238e-05,1.104090690612793
4752,40.95652173913044,46,40,0.8695652173913043,-0.16709116101264954,28.8537540435791,1.2392252756399103e-05,0.3054070472717285
4753,40.95652173913043,46,40,0.8695652173913043,0.20566003024578094,26.27321434020996,1.244100621988764e-05,0.8224731087684631
4754,-7.631578947368412,95,83,0.8736842105263158,-0.04307807981967926,14.966582298278809,1.2445799256965984e-05,0.18974484503269196
4755,-109.40064102564104,208,206,0.9859935897435897,0.022345706820487976,7.860699653625488,1.2425244676705915e-05,0.08154059946537018
4756,63.95652173913043,23,20,0.8695652173913043,0.6084553003311157,46.9834098815918,1.244896247953875e-05,0.5291138887405396
4757,-105.46732026143792,204,202,0.9853267973856209,0.11336040496826172,7.908050537109375,1.2422870895534288e-05,0.14830809831619263
4758,46.56410256410256,52,52,0.9856410256410256,-0.06936294585466385,10.566911697387695,1.2282839634281117e-05,0.6392908096313477
4759,-9.043613707165115,107,105,0.979563862928349,-0.19332550466060638,9.04049301147461,1.2096131285943557e-05,0.42299315333366394
4760,-9.54166666666666,96,83,0.8645833333333334,-0.3072861433029175,11.650425910949707,1.2067276657035109e-05,0.1259332001209259
4761,-7.631578947368412,95,83,0.8736842105263158,-0.1029001772403717,14.60307502746582,1.2090704331058078e-05,0.625446617603302
4762,-7.631578947368418,95,83,0.8736842105263158,-0.6500606536865234,15.159407615661621,1.2103660083084833e-05,1.1915045976638794
4763,-4.592233009708748,103,102,0.9840776699029126,0.28498077392578125,7.792535781860352,1.1882374565175269e-05,0.27813905477523804
4764,63.95652173913043,23,20,0.8695652173913043,0.12815062701702118,38.807491302490234,1.1901295692950953e-05,0.5199150443077087
4765,63.95652173913043,23,20,0.8695652173913043,0.4200012683868408,36.585182189941406,1.1396350600989535e-05,1.517586588859558
4766,-7.631578947368419,95,83,0.8736842105263158,0.516499936580658,10.371214866638184,1.1668507795548066e-05,2.3327717781066895
4767,40.95652173913042,46,40,0.8695652173913043,0.14467748999595642,27.907527923583984,1.1233311852265615e-05,0.16180865466594696
4768,-108.53945249597425,207,204,0.9846054750402576,-0.0482892207801342,4.783534526824951,1.1233415534661617e-05,0.04575751721858978
4769,40.95652173913042,46,40,0.8695652173913043,-0.12193494290113449,35.19705581665039,1.12563884613337e-05,0.5665662884712219
4770,-7.631578947368414,95,83,0.8736842105263158,0.013265945948660374,14.066688537597656,1.0942652806988917e-05,0.4029175341129303
4771,-9.541666666666668,96,83,0.8645833333333334,0.31248095631599426,11.084940910339355,1.1091628039139323e-05,1.5911502838134766
4772,47.62585034013605,49,48,0.9662585034013605,0.087468720972538,15.962812423706055,1.0982829735439736e-05,1.4805008172988892
4773,40.95652173913043,46,40,0.8695652173913043,-0.6546841263771057,29.170896530151367,1.14392696559662e-05,2.779603958129883
4774,-7.631578947368409,95,83,0.8736842105263158,-0.3818587064743042,15.191621780395508,1.1518247447384056e-05,1.2425153255462646
4775,40.95652173913043,46,40,0.8695652173913043,0.6731227040290833,27.409408569335938,1.1588035704335198e-05,1.356109380722046
4776,-9.54166666666667,96,83,0.8645833333333334,0.13740578293800354,14.067252159118652,1.156868711404968e-05,0.7180187702178955
4777,-103.45214521452147,202,200,0.9854785478547855,0.15999896824359894,6.271795749664307,1.156064809038071e-05,0.007897560484707355
4778,-9.54166666666666,96,83,0.8645833333333334,0.009961982257664204,14.646829605102539,1.1481614819786046e-05,0.31385400891304016
4779,-9.54166666666666,96,83,0.8645833333333334,-0.4645131826400757,15.866546630859375,1.1575516509765293e-05,1.187138557434082
4780,40.95652173913043,46,40,0.8695652173913043,-0.09696055203676224,27.572078704833984,1.1651161003101151e-05,1.1375207901000977
4781,-99.21885521885523,198,196,0.9878114478114478,0.056694820523262024,4.952395439147949,1.1616424671956338e-05,0.1364939957857132
4782,38.10638297872341,47,40,0.851063829787234,0.25798672437667847,27.964982986450195,1.0911012395808939e-05,0.6957075595855713
4783,43.888888888888886,45,40,0.8888888888888888,0.051350634545087814,27.118227005004883,1.0738563105405774e-05,0.5397998690605164
4784,-3.3594771241830133,102,101,0.9864052287581699,0.44236499071121216,10.43859577178955,1.0807249964273069e-05,1.5362625122070312
4785,-7.631578947368418,95,83,0.8736842105263158,0.002242413815110922,16.71407699584961,1.0839303286047652e-05,0.8091251850128174
4786,-7.631578947368416,95,83,0.8736842105263158,-0.25772854685783386,12.56153678894043,1.0846821169252507e-05,0.27288392186164856
4787,63.95652173913044,23,20,0.8695652173913043,-0.11851007491350174,28.201017379760742,1.0876346095756162e-05,0.6304160356521606
4788,-110.85964912280703,209,206,0.9814035087719298,-0.055762410163879395,4.137144088745117,1.087432428903412e-05,0.12850889563560486
4789,47.133333333333326,50,49,0.9713333333333334,0.04690497741103172,22.48397445678711,1.0804708836076315e-05,0.4103890657424927
4790,40.95652173913042,46,40,0.8695652173913043,0.1855793297290802,28.957456588745117,1.0689758710213937e-05,0.7601882219314575
4791,-102.70149253731344,201,198,0.9829850746268657,0.08889905363321304,4.673853874206543,1.0666985872376245e-05,0.3842257261276245
4792,49.027210884353735,49,49,0.9802721088435374,0.5636037588119507,22.425533294677734,1.0723854757088702e-05,1.092292308807373
4793,-9.541666666666668,96,83,0.8645833333333334,0.26604342460632324,15.088399887084961,1.0751490663096774e-05,1.068461298942566
4794,-9.54166666666666,96,83,0.8645833333333334,-0.04946194961667061,15.57280158996582,1.034845263347961e-05,0.3201393485069275
4795,59.333333333333336,24,20,0.8333333333333334,0.41130906343460083,48.1778678894043,1.0275959539285395e-05,0.18409700691699982
4796,63.95652173913044,23,20,0.8695652173913043,0.796154797077179,40.674598693847656,1.0500839380256366e-05,2.053093671798706
4797,63.95652173913043,23,20,0.8695652173913043,0.1330043375492096,39.3541374206543,1.052940478984965e-05,0.8400851488113403
4798,63.95652173913043,23,20,0.8695652173913043,-1.199040412902832,35.03260040283203,1.1286921107966918e-05,3.4267125129699707
4799,-2.8151815181518285,101,100,0.9818481848184818,0.08812999725341797,10.851675987243652,1.1290327165625058e-05,0.11523149907588959
4800,43.89308176100629,53,52,0.9689308176100629,-0.07770679146051407,19.760974884033203,1.1292921954009216e-05,0.5365543961524963
4801,40.95652173913043,46,40,0.8695652173913043,0.2633371353149414,26.086822509765625,1.1190656550752465e-05,0.7825642228126526
4802,-105.54575163398692,204,201,0.9845424836601308,0.015877921134233475,4.139910697937012,1.1093572538811713e-05,0.9236910343170166
4803,-5.7184466019417535,103,101,0.9728155339805825,-0.17488092184066772,8.212759971618652,1.0823662705661263e-05,0.543146014213562
4804,63.95652173913043,23,20,0.8695652173913043,0.42252105474472046,36.39807891845703,1.0458028555149212e-05,0.7498688101768494
4805,40.95652173913043,46,40,0.8695652173913043,-0.15587683022022247,28.00452995300293,1.0435542208142579e-05,0.653257429599762
4806,40.95652173913043,46,40,0.8695652173913043,0.6888958215713501,26.65076446533203,1.0696157914935611e-05,2.6947481632232666
4807,-4.25490196078432,102,100,0.9774509803921568,-0.04005369916558266,8.54179859161377,1.0662708518793806e-05,0.752596914768219
4808,-5.961538461538469,104,103,0.9803846153846154,-0.2500440180301666,8.29174518585205,1.0775300324894488e-05,1.155289888381958
4809,-102.70149253731344,201,198,0.9829850746268657,-0.26916199922561646,3.795555830001831,1.0779352123790886e-05,0.14515939354896545
4810,-7.631578947368414,95,83,0.8736842105263158,-0.18524512648582458,13.907312393188477,1.075429463526234e-05,0.35292840003967285
4811,40.95652173913043,46,40,0.8695652173913043,-0.18881718814373016,30.556150436401367,1.0759659744508099e-05,0.07884369045495987
4812,63.95652173913043,23,20,0.8695652173913043,-1.4953742027282715,31.776430130004883,1.2719484402623493e-05,5.483896732330322
4813,63.95652173913043,23,20,0.8695652173913043,0.8907431960105896,43.040428161621094,1.316341422352707e-05,2.976773262023926
4814,-5.961538461538465,104,103,0.9803846153846154,-0.0036584779154509306,11.709233283996582,1.3087190382066183e-05,0.46280208230018616
4815,-9.54166666666666,96,83,0.8645833333333334,-0.5713407397270203,19.674781799316406,1.3218777894508094e-05,1.4109286069869995
4816,-7.631578947368412,95,83,0.8736842105263158,-0.028539342805743217,16.748085021972656,1.295540187129518e-05,0.09080848097801208
4817,-99.21885521885523,198,196,0.9878114478114478,-0.04427124187350273,4.330994129180908,1.2887941011285875e-05,0.22548730671405792
4818,40.95652173913042,46,40,0.8695652173913043,0.14997781813144684,37.23114776611328,1.289258580072783e-05,0.41119256615638733
4819,-2.953795379537967,101,100,0.9804620462046204,-0.43808621168136597,9.166021347045898,1.2994524695386644e-05,1.2032277584075928
4820,63.95652173913042,23,20,0.8695652173913043,0.05447206646203995,51.41706085205078,1.2905019502795767e-05,0.4800649881362915
4821,40.95652173913044,46,40,0.8695652173913043,0.32240092754364014,27.279132843017578,1.2706693269137759e-05,0.9761481285095215
4822,63.95652173913044,23,20,0.8695652173913043,-0.4738800823688507,32.7503547668457,1.2850460734625813e-05,1.5531344413757324
4823,48.68707482993197,49,48,0.9768707482993197,0.4625648558139801,20.790454864501953,1.2447682820493355e-05,1.0934995412826538
4824,40.95652173913044,46,40,0.8695652173913043,0.3418605625629425,32.835758209228516,1.2413420336088166e-05,1.838088035583496
4825,48.10204081632652,49,48,0.9710204081632653,0.2054024040699005,12.641270637512207,1.2433760275598615e-05,0.7655161023139954
4826,-104.76026272577998,203,200,0.9823973727422003,-0.36203140020370483,4.8558220863342285,1.1761058885895181e-05,0.20795655250549316
4827,43.888888888888886,45,40,0.8888888888888888,1.0131099224090576,28.7386417388916,1.2089091796951834e-05,2.6569995880126953
4828,-7.631578947368418,95,83,0.8736842105263158,0.24731646478176117,14.772527694702148,1.2135891665820964e-05,1.2299690246582031
4829,-11.432989690721651,97,83,0.8556701030927835,-0.06594288349151611,14.571150779724121,1.2021856491628569e-05,0.06752224266529083
4830,-5.961538461538465,104,103,0.9803846153846154,0.029069658368825912,10.46773624420166,1.1791286851803306e-05,0.34767258167266846
4831,43.893081761006286,53,52,0.9689308176100629,-0.04845549538731575,24.714048385620117,1.1163739145558793e-05,1.0810999870300293
4832,-8.93769470404985,107,106,0.9806230529595016,-0.039339449256658554,8.866400718688965,1.1164054740220308e-05,0.2058592587709427
4833,-105.54575163398694,204,201,0.9845424836601308,0.024505775421857834,4.785069465637207,1.1109644219686743e-05,0.036139313131570816
4834,46.75163398692809,51,51,0.977516339869281,0.2409926950931549,22.029512405395508,1.1135221029690001e-05,0.3807201087474823
4835,63.95652173913044,23,20,0.8695652173913043,0.21969589591026306,34.83031463623047,1.009351217362564e-05,1.1839344501495361
4836,63.95652173913043,23,20,0.8695652173913043,0.679582417011261,32.224117279052734,1.0445509360579308e-05,2.637857437133789
4837,40.95652173913044,46,40,0.8695652173913043,-0.9291579127311707,29.754985809326172,1.0867135642911308e-05,2.589479923248291
4838,-8.93769470404985,107,106,0.9806230529595016,-0.5358700156211853,14.768105506896973,1.087049167836085e-05,0.0021174580324441195
4839,49.36879432624113,47,46,0.9636879432624114,-0.08689656108617783,20.272550582885742,1.0869531251955777e-05,0.17894776165485382
4840,-9.541666666666668,96,83,0.8645833333333334,-0.7900021076202393,22.362714767456055,1.0819590897881426e-05,1.4347792863845825
4841,63.95652173913043,23,20,0.8695652173913043,0.4295421540737152,37.02202224731445,9.88544798019575e-06,0.5868838429450989
4842,47.26666666666666,50,49,0.9726666666666667,0.08805554360151291,25.16423797607422,1.0045200724562164e-05,1.4528752565383911
4843,63.95652173913044,23,20,0.8695652173913043,-0.5513405203819275,48.49781036376953,1.088942099158885e-05,3.580350875854492
4844,-5.702127659574465,94,83,0.8829787234042553,-0.1063794195652008,14.912175178527832,1.0842747542483266e-05,0.16236355900764465
4845,40.95652173913043,46,40,0.8695652173913043,-0.8540492057800293,28.43349838256836,1.053165669873124e-05,2.1307637691497803
4846,43.88888888888888,45,40,0.8888888888888888,0.30129802227020264,29.217174530029297,1.0534751709201373e-05,0.6934352517127991
4847,63.95652173913042,23,20,0.8695652173913043,0.3169209361076355,43.59855651855469,1.0731872862379532e-05,2.031616449356079
4848,63.95652173913043,23,20,0.8695652173913043,-0.01629301719367504,39.212677001953125,1.0732765076681972e-05,0.2664670944213867
4849,-4.915857605178003,103,102,0.98084142394822,-0.3022022545337677,6.773670196533203,1.0732628652476706e-05,0.2578877806663513
4850,-3.3594771241830084,102,101,0.9864052287581699,-0.23943378031253815,8.768549919128418,1.0673546057660133e-05,0.9040091633796692
4851,46.626666666666665,50,49,0.9662666666666667,-0.42023229598999023,15.95924186706543,1.0680445484467782e-05,1.1519155502319336
4852,46.56410256410257,52,52,0.9856410256410256,-0.40739086270332336,10.335570335388184,1.070735561370384e-05,0.7053963541984558
4853,63.95652173913044,23,20,0.8695652173913043,0.37310630083084106,30.471904754638672,1.0669400580809452e-05,0.03818988427519798
4854,46.46153846153846,52,52,0.9846153846153847,0.021368537098169327,26.22342872619629,1.0685619599826168e-05,0.5686576962471008
4855,63.95652173913044,23,20,0.8695652173913043,0.05972058326005936,48.1431884765625,1.0773845133371651e-05,1.1733837127685547
4856,63.95652173913043,23,20,0.8695652173913043,0.7016270160675049,51.0460319519043,1.1273927157162689e-05,2.9263415336608887
4857,-9.54166666666666,96,83,0.8645833333333334,-0.2848874628543854,14.36978816986084,1.1277442354185041e-05,0.3593572974205017
4858,38.1063829787234,47,40,0.851063829787234,0.43247029185295105,27.852514266967773,1.1425640877860133e-05,1.7137932777404785
4859,43.888888888888886,45,40,0.8888888888888888,-0.1738307774066925,26.487852096557617,1.1412524145271163e-05,0.0923726037144661
4860,63.95652173913043,23,20,0.8695652173913043,-0.45908641815185547,34.70402526855469,1.1596759577514604e-05,1.6808383464813232
4861,-9.541666666666663,96,83,0.8645833333333334,-0.42490673065185547,12.037270545959473,1.1579928468563594e-05,0.20336049795150757
4862,46.626666666666665,50,49,0.9662666666666667,-0.34764203429222107,16.249088287353516,1.15048815132468e-05,0.5131747126579285
4863,47.62585034013605,49,48,0.9662585034013605,-0.08781259506940842,13.663719177246094,1.1518543942656834e-05,0.5734699368476868
4864,46.564102564102555,52,52,0.9856410256410256,-0.46016329526901245,11.842437744140625,1.152355889644241e-05,0.5058465003967285
4865,46.75163398692809,51,51,0.977516339869281,-0.18189136683940887,16.269184112548828,1.1540524610609282e-05,1.5547845363616943
4866,40.95652173913044,46,40,0.8695652173913043,-0.5728805661201477,27.157623291015625,1.1465613170003053e-05,2.079639434814453
4867,-3.359477124183014,102,101,0.9864052287581699,0.3243958353996277,8.292878150939941,1.1536844795045909e-05,1.0632153749465942
4868,-109.40064102564102,208,206,0.9859935897435897,-0.34515291452407837,5.099790573120117,1.1538649232534226e-05,0.1493600457906723
4869,49.36879432624113,47,46,0.9636879432624114,-0.04963422939181328,17.541603088378906,1.1525507034093607e-05,0.2777678072452545
4870,49.36879432624113,47,46,0.9636879432624114,0.1474820226430893,14.139059066772461,1.1563302905415185e-05,0.8746073842048645
4871,63.95652173913043,23,20,0.8695652173913043,-0.12166611850261688,33.812477111816406,1.1591424481594004e-05,1.7785807847976685
4872,-9.541666666666663,96,83,0.8645833333333334,0.31258872151374817,14.17436695098877,1.1646439816104248e-05,1.7499887943267822
4873,-7.0512820512820635,104,101,0.9694871794871794,-0.10742705315351486,10.24887752532959,1.120063188864151e-05,0.6025717258453369
4874,-9.54166666666666,96,83,0.8645833333333334,0.0985838770866394,15.955845832824707,1.1131241080875043e-05,0.619534432888031
4875,-99.21885521885523,198,196,0.9878114478114478,0.17075328528881073,5.79038667678833,1.1035534953407478e-05,0.5403116941452026
4876,-9.541666666666659,96,83,0.8645833333333334,-0.2609851360321045,15.574350357055664,1.1028612789232284e-05,0.666547954082489
4877,59.33333333333333,24,20,0.8333333333333334,0.26509788632392883,52.721412658691406,1.1028771041310392e-05,0.08122905343770981
4878,-105.54575163398694,204,201,0.9845424836601308,-0.12809321284294128,5.271723747253418,1.1024411833204795e-05,0.23594187200069427
4879,40.95652173913043,46,40,0.8695652173913043,-0.3772861361503601,27.7520809173584,1.108029937313404e-05,1.528654932975769
4880,-100.66834170854271,199,196,0.9833165829145729,-0.1327393501996994,3.9119536876678467,1.1006269232893828e-05,0.16476796567440033
4881,63.95652173913043,23,20,0.8695652173913043,-0.7974090576171875,34.10850143432617,1.2150593647675123e-05,4.354286193847656
4882,-5.718446601941757,103,101,0.9728155339805825,-0.5829670429229736,11.508268356323242,1.2178725228295662e-05,1.095428228378296
4883,46.564102564102555,52,52,0.9856410256410256,-0.2961347699165344,11.98221492767334,1.2182477803435177e-05,0.4485873281955719
4884,-6.480769230769239,104,102,0.9751923076923077,-0.12724581360816956,7.757987976074219,1.2021827387798112e-05,0.14718325436115265
4885,47.26666666666666,50,49,0.9726666666666667,0.47439759969711304,24.232980728149414,1.1971977073699236e-05,0.16423840820789337
4886,47.62585034013605,49,48,0.9662585034013605,-0.11947745829820633,22.317161560058594,1.1972599168075249e-05,0.29861676692962646
4887,59.33333333333334,24,20,0.8333333333333334,3.114647150039673,53.71503448486328,1.7175923858303577e-05,9.158828735351562
4888,40.95652173913043,46,40,0.8695652173913043,0.3910401165485382,39.948482513427734,1.7185129763674922e-05,0.4080296754837036
4889,46.626666666666665,50,49,0.9662666666666667,-0.344108521938324,24.488691329956055,1.7271631804760545e-05,1.255163311958313
4890,63.95652173913044,23,20,0.8695652173913043,0.2676026225090027,41.83232498168945,1.7239537555724382e-05,0.25616970658302307
4891,47.13333333333333,50,49,0.9713333333333334,-0.6658602952957153,26.6140193939209,1.7313537682639435e-05,1.1866796016693115
4892,-4.592233009708751,103,102,0.9840776699029126,-0.2876727879047394,14.37942123413086,1.7239512089872733e-05,0.21521447598934174
4893,49.027210884353735,49,49,0.9802721088435374,0.05676386132836342,18.11199378967285,1.771523784555029e-05,2.960421085357666
4894,48.68707482993197,49,48,0.9768707482993197,0.07503636926412582,24.512645721435547,1.7734026187099516e-05,0.6309220790863037
4895,-100.66834170854271,199,196,0.9833165829145729,-0.41687527298927307,5.364761829376221,1.773426993167959e-05,0.22490644454956055
4896,-3.764705882352953,102,101,0.9823529411764705,-0.08964471518993378,9.76171588897705,1.747042733768467e-05,0.18362729251384735
4897,40.95652173913042,46,40,0.8695652173913043,0.18642796576023102,28.54373550415039,1.743230313877575e-05,0.353160560131073
4898,-4.9158576051780045,103,102,0.98084142394822,0.34327080845832825,12.434645652770996,1.6774898540461436e-05,0.9504774212837219
4899,40.95652173913043,46,40,0.8695652173913043,-0.2779596447944641,34.308677673339844,1.690642056928482e-05,1.469446063041687
4900,40.95652173913043,46,40,0.8695652173913043,-0.02854994311928749,32.64122009277344,1.6891763152671047e-05,0.27253663539886475
4901,-5.7021276595744705,94,83,0.8829787234042553,0.23461011052131653,16.56572723388672,1.6866082660271786e-05,0.4572147727012634
4902,-7.631578947368411,95,83,0.8736842105263158,-0.3088688850402832,15.381795883178711,1.6928815966821276e-05,1.4252501726150513
4903,-103.45214521452145,202,200,0.9854785478547855,0.23754453659057617,5.835538864135742,1.692185651336331e-05,0.3311065435409546
4904,-110.85964912280701,209,206,0.9814035087719298,0.18611295521259308,4.5764241218566895,1.6894464351935312e-05,0.3824831247329712
4905,40.95652173913044,46,40,0.8695652173913043,-0.6600861549377441,31.59218978881836,1.7380565623170696e-05,2.924543857574463
4906,63.95652173913043,23,20,0.8695652173913043,-0.034804537892341614,41.87563705444336,1.695403625490144e-05,0.7858251333236694
4907,-5.317152103559881,103,101,0.9768284789644013,0.3440000116825104,9.592689514160156,1.6961153960437514e-05,0.6824029088020325
4908,-3.3594771241830137,102,101,0.9864052287581699,0.1949361115694046,8.251991271972656,1.689118471404072e-05,0.18514762818813324
4909,-9.54166666666667,96,83,0.8645833333333334,-0.2477608472108841,13.646480560302734,1.6893120118766092e-05,0.25405699014663696
4910,-3.422442244224421,101,99,0.9757755775577558,-0.015551750548183918,8.776862144470215,1.6890075130504556e-05,0.2531088888645172
4911,43.88888888888888,45,40,0.8888888888888888,0.049153998494148254,30.23585319519043,1.6904121366678737e-05,0.5351057648658752
4912,-9.043613707165115,107,105,0.979563862928349,-0.3756129741668701,9.476968765258789,1.5215257917589042e-05,1.532501220703125
4913,63.95652173913044,23,20,0.8695652173913043,-0.6878162622451782,32.10520553588867,1.4873896361677907e-05,1.938559651374817
4914,40.95652173913043,46,40,0.8695652173913043,-0.22081752121448517,29.09949493408203,1.4918392480467446e-05,1.0072511434555054
4915,40.95652173913043,46,40,0.8695652173913043,0.2733357846736908,29.864360809326172,1.4819866919424385e-05,0.39397168159484863
4916,40.95652173913043,46,40,0.8695652173913043,-0.19260534644126892,33.73165512084961,1.4898046174494084e-05,1.1997987031936646
4917,-2.8151815181518285,101,100,0.9818481848184818,0.48414382338523865,13.841850280761719,1.4902075236022938e-05,0.3210785388946533
4918,-107.9243156199678,207,206,0.990756843800322,-0.34157028794288635,6.145515441894531,1.4894993910274934e-05,0.003645762801170349
4919,63.95652173913043,23,20,0.8695652173913043,1.103766918182373,37.34120559692383,1.5280646039173007e-05,2.712307929992676
4920,63.95652173913043,23,20,0.8695652173913043,-0.09675290435552597,45.655113220214844,1.5364112186944112e-05,1.2362043857574463
4921,-105.54575163398692,204,201,0.9845424836601308,-0.28066486120224,4.206618309020996,1.531321140646469e-05,0.41005897521972656
4922,-1.4466666666666672,100,99,0.9855333333333334,-0.10323161631822586,12.757377624511719,1.517812688689446e-05,0.42800596356391907
4923,40.95652173913042,46,40,0.8695652173913043,-0.03117644228041172,26.273109436035156,1.5160837392613757e-05,0.958213746547699
4924,-3.764705882352953,102,101,0.9823529411764705,-0.09850264340639114,10.71092700958252,1.4954327525629196e-05,0.2958599925041199
4925,47.266666666666666,50,49,0.9726666666666667,0.23979796469211578,17.39467430114746,1.4932496014807839e-05,0.4971158504486084
4926,-110.85964912280703,209,206,0.9814035087719298,-0.20483137667179108,4.855684757232666,1.4939320863049943e-05,0.37945228815078735
4927,-9.54166666666667,96,83,0.8645833333333334,-0.4615633487701416,13.84555721282959,1.4501641999231651e-05,0.4822346270084381
4928,-9.541666666666666,96,83,0.8645833333333334,-0.6857256293296814,12.017398834228516,1.450975196348736e-05,1.4256170988082886
4929,63.95652173913043,23,20,0.8695652173913043,0.5738139152526855,41.05736541748047,1.488555244577583e-05,2.3991339206695557
4930,63.95652173913043,23,20,0.8695652173913043,0.6711066961288452,36.46699523925781,1.5028575035103131e-05,1.4978951215744019
4931,-110.85964912280703,209,206,0.9814035087719298,0.044628821313381195,4.3642048835754395,1.4964008187234867e-05,0.16021117568016052
4932,40.95652173913044,46,40,0.8695652173913043,0.6930409073829651,34.06208038330078,1.5121021533559542e-05,1.5836057662963867
4933,63.95652173913044,23,20,0.8695652173913043,1.6174205541610718,58.81158447265625,1.5903231542324647e-05,3.566662311553955
4934,46.75163398692809,51,51,0.977516339869281,0.16198845207691193,25.077320098876953,1.5938165233819745e-05,0.833618700504303
4935,-9.541666666666663,96,83,0.8645833333333334,0.12208036333322525,15.213031768798828,1.5869907656451687e-05,0.5257366895675659
4936,-11.43298969072166,97,83,0.8556701030927835,-0.4520072340965271,14.73279857635498,1.5504365364904515e-05,1.042857050895691
4937,-3.7647058823529522,102,101,0.9823529411764705,-0.0911232978105545,8.079362869262695,1.5096204151632264e-05,0.09288932383060455
4938,47.62585034013605,49,48,0.9662585034013605,-0.1334208995103836,11.369437217712402,1.5138055459829047e-05,0.82828289270401
4939,43.893081761006286,53,52,0.9689308176100629,-0.195487380027771,16.59717559814453,1.5158083442656789e-05,0.6049113869667053
4940,-4.592233009708751,103,102,0.9840776699029126,0.340574711561203,7.545908451080322,1.510284528194461e-05,1.1368587017059326
4941,49.36879432624113,47,46,0.9636879432624114,0.0035561881959438324,17.715843200683594,1.5095638445927761e-05,0.46739619970321655
4942,49.36879432624113,47,46,0.9636879432624114,-0.22439846396446228,16.207477569580078,1.5068030734255444e-05,1.2941291332244873
4943,-5.961538461538466,104,103,0.9803846153846154,-0.005198013503104448,13.041547775268555,1.4253007975639775e-05,0.04477175697684288
4944,-6.480769230769239,104,102,0.9751923076923077,0.04788385331630707,11.102163314819336,1.4282454685599077e-05,0.7743768692016602
4945,63.95652173913043,23,20,0.8695652173913043,1.746401071548462,35.08281707763672,1.5201548194454517e-05,4.582058429718018
4946,-7.631578947368417,95,83,0.8736842105263158,-0.23791606724262238,14.351234436035156,1.5191475540632382e-05,0.22926105558872223
4947,-105.54575163398694,204,201,0.9845424836601308,-0.25873494148254395,4.17958927154541,1.4972184544603806e-05,0.1252915859222412
4948,46.62666666666666,50,49,0.9662666666666667,-0.23554551601409912,15.598926544189453,1.5006092326075304e-05,0.6448634266853333
4949,-108.53945249597425,207,204,0.9846054750402576,-0.35808733105659485,5.289908409118652,1.4999007362348493e-05,0.2554413676261902
4950,43.88888888888888,45,40,0.8888888888888888,0.17816220223903656,25.382484436035156,1.4963107787480112e-05,0.8072781562805176
4951,40.95652173913044,46,40,0.8695652173913043,-0.12545271217823029,35.21517562866211,1.4861939234833699e-05,0.004859871696680784
4952,-5.702127659574467,94,83,0.8829787234042553,0.17750690877437592,15.424922943115234,1.489734131610021e-05,1.296467661857605
4953,-108.53945249597425,207,204,0.9846054750402576,-0.22632938623428345,4.076810836791992,1.4898686458764132e-05,0.08683981746435165
4954,-7.631578947368412,95,83,0.8736842105263158,-0.39032870531082153,14.88401985168457,1.497765515523497e-05,1.0524247884750366
4955,48.10204081632652,49,48,0.9710204081632653,-0.1207757368683815,13.955107688903809,1.4911199286871124e-05,0.6688823103904724
4956,46.73333333333333,50,49,0.9673333333333334,-0.215409517288208,11.589317321777344,1.449261799280066e-05,0.8776931762695312
4957,63.95652173913043,23,20,0.8695652173913043,0.8471384644508362,37.50939178466797,1.4615634427173063e-05,1.5517382621765137
4958,-9.54166666666666,96,83,0.8645833333333334,0.08518444001674652,14.728515625,1.4461614227911923e-05,0.33805057406425476
4959,-2.8151815181518285,101,100,0.9818481848184818,0.5313622355461121,11.283660888671875,1.445913494535489e-05,0.07595905661582947
4960,-105.46732026143792,204,202,0.9853267973856209,0.042364608496427536,4.719386100769043,1.4261585420172196e-05,0.07340247929096222
4961,-5.702127659574468,94,83,0.8829787234042553,-0.6581095457077026,17.595600128173828,1.4532028217217885e-05,2.0005242824554443
4962,-7.631578947368414,95,83,0.8736842105263158,0.3440955877304077,16.50054359436035,1.4681989341625012e-05,1.806290626525879
4963,-7.107936507936513,105,104,0.978920634920635,-0.17653422057628632,7.1173505783081055,1.46713127833209e-05,0.2790214419364929
4964,47.13333333333333,50,49,0.9713333333333334,-0.49193766713142395,26.85581398010254,1.479829825257184e-05,1.4426097869873047
4965,46.73333333333333,50,49,0.9673333333333334,-0.41651538014411926,14.229620933532715,1.4767027096240781e-05,1.3959089517593384
4966,-4.254901960784315,102,100,0.9774509803921568,-0.013212931342422962,7.384315490722656,1.4469267625827342e-05,0.11472253501415253
4967,-100.66834170854271,199,196,0.9833165829145729,-0.09128464013338089,4.430389881134033,1.4416921658266801e-05,0.21621914207935333
4968,40.95652173913043,46,40,0.8695652173913043,-0.7042986154556274,26.698352813720703,1.462712407374056e-05,1.7226771116256714
4969,-3.359477124183011,102,101,0.9864052287581699,-0.01608903519809246,7.940120697021484,1.4627360542363022e-05,0.06195593625307083
4970,40.95652173913044,46,40,0.8695652173913043,-0.30672863125801086,28.84889030456543,1.4637805179518182e-05,0.7704643607139587
4971,49.36879432624113,47,46,0.9636879432624114,0.15621408820152283,15.567353248596191,1.4461062164627947e-05,0.9421744346618652
4972,-4.59223300970875,103,102,0.9840776699029126,-0.03813010826706886,7.4719343185424805,1.4311839549918659e-05,0.39964166283607483
4973,63.95652173913042,23,20,0.8695652173913043,-0.8315899968147278,36.405818939208984,1.4766250387765467e-05,2.7122766971588135
4974,63.95652173913044,23,20,0.8695652173913043,-0.09403779357671738,39.655582427978516,1.4800034477957524e-05,0.847908079624176
4975,63.95652173913043,23,20,0.8695652173913043,0.28918033838272095,34.89536666870117,1.4799215023231227e-05,0.4050881564617157
4976,-1.4466666666666703,100,99,0.9855333333333334,0.15506120026111603,7.858736515045166,1.4789058695896529e-05,0.6681105494499207
4977,-7.631578947368423,95,83,0.8736842105263158,-0.002913225907832384,13.639021873474121,1.4789701708650682e-05,0.2540295124053955
4978,46.733333333333334,50,49,0.9673333333333334,-0.328875333070755,15.876395225524902,1.4924868992238771e-05,1.4452205896377563
4979,63.95652173913044,23,20,0.8695652173913043,0.7744070291519165,36.72667694091797,1.5292151147150435e-05,3.0087363719940186
4980,63.95652173913044,23,20,0.8695652173913043,0.7012752890586853,31.079578399658203,1.5362409612862393e-05,1.1801191568374634
4981,-105.54575163398692,204,201,0.9845424836601308,0.03654139116406441,4.523982524871826,1.4122900211077649e-05,0.09968230128288269
4982,46.73333333333333,50,49,0.9673333333333334,0.5374693870544434,16.3234920501709,1.4247882972995285e-05,2.0825891494750977
4983,-9.541666666666663,96,83,0.8645833333333334,-0.2258671075105667,12.57172679901123,1.4246233149606269e-05,0.014773687347769737
4984,63.95652173913043,23,20,0.8695652173913043,1.4244674444198608,28.30023765563965,1.5141472431423608e-05,4.03481912612915
4985,-104.76026272577998,203,200,0.9823973727422003,-0.27004146575927734,4.465014934539795,1.5137617992877495e-05,0.07412702590227127
4986,46.626666666666665,50,49,0.9662666666666667,-0.12064555287361145,14.970602989196777,1.512165636086138e-05,0.09011410921812057
4987,-6.480769230769237,104,102,0.9751923076923077,-0.31928718090057373,8.978960990905762,1.0186387044086587e-05,0.48270729184150696
4988,49.027210884353735,49,49,0.9802721088435374,-0.6838890314102173,14.912924766540527,1.0699349331844132e-05,2.779860496520996
4989,-99.21885521885523,198,196,0.9878114478114478,-0.24478261172771454,6.634982109069824,1.0584924893919379e-05,0.023794502019882202
4990,-110.85964912280703,209,206,0.9814035087719298,-0.247409850358963,4.620192050933838,1.0584044503048062e-05,0.04183024540543556
4991,-5.718446601941755,103,101,0.9728155339805825,-0.4825536012649536,11.471357345581055,1.051943218044471e-05,0.6898351311683655
4992,59.333333333333336,24,20,0.8333333333333334,1.2409547567367554,39.68960189819336,1.132454417529516e-05,3.752997875213623
4993,-9.54166666666666,96,83,0.8645833333333334,-0.3634989559650421,15.116320610046387,1.084985433408292e-05,0.3714776337146759
4994,-108.53945249597425,207,204,0.9846054750402576,-0.16408589482307434,4.600020408630371,1.0836218280019239e-05,0.31915760040283203
4995,-7.631578947368414,95,83,0.8736842105263158,0.114053875207901,15.458266258239746,1.0878638931899332e-05,1.0252257585525513
4996,-11.432989690721646,97,83,0.8556701030927835,-0.4817653000354767,14.478548049926758,1.0935583304672036e-05,0.8371716737747192
4997,-100.66834170854271,199,196,0.9833165829145729,0.1583680510520935,5.951245307922363,1.0933672456303611e-05,0.035641416907310486
4998,43.888888888888886,45,40,0.8888888888888888,0.7982568740844727,28.787628173828125,1.1003020517819095e-05,1.467121958732605
4999,-107.9243156199678,207,206,0.990756843800322,-0.043293990194797516,5.352813243865967,1.084756149793975e-05,0.3273749053478241
