episode,reward,bins,optimal_bins,utilization,actor_loss,critic_loss,gradient_variance,gradient_norm
0,38.10638297872341,47,40,0.851063829787234,3.0706372261047363,42.809104919433594,0.0,42.54749298095703
1,-32.65555555555555,120,105,0.8734444444444445,-5.183907985687256,43.819278717041016,0.0025773157831281424,30.598825454711914
2,-25.55555555555555,114,101,0.8844444444444445,-2.6726019382476807,13.827799797058105,0.002767975674942136,22.43461036682129
3,-26.808695652173913,115,102,0.8819130434782608,0.14090357720851898,12.206635475158691,0.003105271840468049,25.900306701660156
4,40.95652173913044,46,40,0.8695652173913043,3.426931619644165,27.134958267211914,0.003691029269248247,29.029428482055664
5,40.95652173913043,46,40,0.8695652173913043,3.242145299911499,33.97255325317383,0.003338991664350033,14.968548774719238
6,31.50909090909091,55,48,0.8650909090909091,2.326287031173706,45.52997970581055,0.0038247203920036554,36.7095947265625
7,33.42424242424242,55,49,0.8842424242424243,1.8583300113677979,29.221588134765625,0.0035123724956065416,17.153745651245117
8,35.46913580246913,54,49,0.8946913580246914,1.1011854410171509,47.83535385131836,0.0032595661468803883,18.161685943603516
9,-123.9860465116279,215,196,0.9101395348837209,-2.836491823196411,17.35486602783203,0.003102773567661643,15.968972206115723
10,28.039548022598872,59,52,0.8703954802259887,-0.1970798522233963,55.589378356933594,0.0030012193601578474,23.897705078125
11,-32.65555555555556,120,105,0.8734444444444445,-2.312894105911255,32.866939544677734,0.0028345491737127304,15.491050720214844
12,32.93939393939394,55,49,0.8793939393939394,0.07599589228630066,26.560850143432617,0.002689976943656802,17.652132034301758
13,27.76023391812865,57,49,0.8476023391812866,-0.046332426369190216,57.924442291259766,0.0026975921355187893,28.229530334472656
14,-29.14814814814816,117,104,0.8785185185185185,-1.1502981185913086,15.780502319335938,0.002567078685387969,14.721843719482422
15,-3.752688172043014,93,83,0.8924731182795699,0.13812077045440674,11.736111640930176,0.0024544154293835163,8.411771774291992
16,59.333333333333336,24,20,0.8333333333333334,4.682812213897705,56.8657341003418,0.0025045655202120543,26.801555633544922
17,63.95652173913044,23,20,0.8695652173913043,4.681122779846191,71.62593841552734,0.002518873428925872,25.864810943603516
18,-5.702127659574467,94,83,0.8829787234042553,-0.5445009469985962,13.944670677185059,0.0024171704426407814,8.2059965133667
19,-5.702127659574467,94,83,0.8829787234042553,-0.9392253160476685,13.379115104675293,0.0023242703173309565,7.8697099685668945
20,-26.10526315789474,114,101,0.8789473684210526,-2.622454881668091,23.347492218017578,0.0022993164602667093,19.410560607910156
21,32.33333333333333,55,49,0.8733333333333333,-1.0588468313217163,33.31807327270508,0.0022665513679385185,20.45025634765625
22,59.33333333333334,24,20,0.8333333333333334,3.435026168823242,87.41767883300781,0.0021889247000217438,16.243412017822266
23,68.9090909090909,22,20,0.9090909090909091,3.459843158721924,54.225929260253906,0.002114940667524934,14.7401123046875
24,-5.702127659574466,94,83,0.8829787234042553,-1.7723811864852905,15.558734893798828,0.002049061469733715,9.423097610473633
25,-3.7526881720430145,93,83,0.8924731182795699,-1.8907390832901,12.528759956359863,0.001983523601666093,8.962153434753418
26,40.95652173913043,46,40,0.8695652173913043,-0.7141777276992798,36.51081085205078,0.0019187789876013994,12.945055961608887
27,-139.83918128654972,228,202,0.881608187134503,-3.8253395557403564,12.777969360351562,0.0018916093977168202,16.202360153198242
28,-21.5,112,102,0.905,-2.7042739391326904,18.12698745727539,0.0018609086982905865,16.46766471862793
29,-134.39910313901345,223,198,0.8860089686098654,-1.9155014753341675,7.8416056632995605,0.001814930117689073,11.029989242553711
30,68.9090909090909,22,20,0.9090909090909091,3.4111742973327637,83.6451187133789,0.001815734663978219,24.852941513061523
31,-26.10526315789474,114,101,0.8789473684210526,-0.780132532119751,33.521366119384766,0.0017644731560721993,12.025126457214355
32,-134.26488095238096,224,202,0.8973511904761905,-0.23043043911457062,20.383745193481445,0.0017223228933289647,12.25852108001709
33,59.333333333333336,24,20,0.8333333333333334,3.9906983375549316,71.08513641357422,0.0016992613673210144,20.477258682250977
34,59.333333333333336,24,20,0.8333333333333334,2.915611505508423,98.82624816894531,0.001670020050369203,20.222206115722656
35,30.46198830409356,57,51,0.8746198830409356,-1.8549299240112305,56.377620697021484,0.0016596632776781917,24.327486038208008
36,63.95652173913044,23,20,0.8695652173913043,2.901479721069336,76.54634094238281,0.0016233093338087201,16.407995223999023
37,-3.7526881720430136,93,83,0.8924731182795699,-2.059619903564453,24.07890510559082,0.0016103285597637296,15.296874046325684
38,-20.35735735735736,111,101,0.9064264264264265,-4.268237590789795,29.822423934936523,0.0015821539564058185,15.089960098266602
39,-131.0969696969697,220,196,0.8890303030303031,-3.303575277328491,9.222784996032715,0.0015504979528486729,10.959778785705566
40,59.333333333333336,24,20,0.8333333333333334,0.8764916062355042,94.33732604980469,0.001876252586953342,52.4863395690918
41,-24.32743362831858,113,101,0.8867256637168142,-3.2784547805786133,26.903114318847656,0.0018444162560626864,17.625015258789062
42,59.333333333333336,24,20,0.8333333333333334,1.7601232528686523,106.0857162475586,0.0018135334830731153,17.853086471557617
43,-128.78082191780823,219,198,0.9021917808219178,0.041452035307884216,17.354345321655273,0.0017797040054574609,10.455955505371094
44,43.888888888888886,45,40,0.8888888888888888,0.0843072310090065,47.00750732421875,0.001747661386616528,14.771909713745117
45,63.95652173913043,23,20,0.8695652173913043,2.3455286026000977,104.34967803955078,0.0017501679249107838,24.315080642700195
46,59.333333333333336,24,20,0.8333333333333334,1.3047242164611816,77.50544738769531,0.001732733566313982,21.251970291137695
47,-7.631578947368412,95,83,0.8736842105263158,-1.0483149290084839,30.965192794799805,0.0017151832580566406,14.89687728881836
48,63.95652173913044,23,20,0.8695652173913043,1.027281403541565,93.18706512451172,0.001699620159342885,22.795143127441406
49,31.08484848484849,55,48,0.8608484848484849,-3.9741480350494385,37.23579406738281,0.001679674838669598,17.7554988861084
50,40.95652173913044,46,40,0.8695652173913043,-1.2674132585525513,23.085811614990234,0.0016672138590365648,14.47770881652832
51,-18.021406727828754,109,100,0.9097859327217125,-2.770991802215576,32.40686798095703,0.0016704646404832602,22.676176071166992
52,38.1063829787234,47,40,0.851063829787234,-1.3499263525009155,50.76777648925781,0.0016524832462891936,14.77634334564209
53,-23.961651917404126,113,101,0.8903834808259588,-2.064061164855957,36.621891021728516,0.001633198349736631,17.358510971069336
54,-29.148148148148156,117,104,0.8785185185185185,-1.3731008768081665,30.459070205688477,0.0016117935301735997,15.972893714904785
55,-140.82028985507247,230,206,0.8917971014492754,1.0476804971694946,19.176921844482422,0.0015980179887264967,14.098628997802734
56,28.03954802259887,59,52,0.8703954802259887,-2.5308680534362793,83.15817260742188,0.001591765321791172,25.302898406982422
57,-132.9342301943199,223,201,0.9006576980568012,0.9728137254714966,10.319573402404785,0.0015697174239903688,8.958603858947754
58,-7.631578947368412,95,83,0.8736842105263158,-0.40128880739212036,27.778789520263672,0.0015475687105208635,8.372430801391602
59,63.95652173913044,23,20,0.8695652173913043,0.4413083493709564,107.17774200439453,0.0015350470785051584,22.322378158569336
60,-32.65555555555555,120,105,0.8734444444444445,-2.5297765731811523,28.105995178222656,0.001514897565357387,16.997573852539062
61,-27.41595441595442,117,105,0.8958404558404558,-2.3025002479553223,34.581565856933594,0.0014939504908397794,10.41942024230957
62,59.333333333333336,24,20,0.8333333333333334,0.040073905140161514,90.06361389160156,0.0014758397592231631,13.459237098693848
63,-125.94930875576037,217,198,0.9105069124423963,-1.3838497400283813,16.273008346557617,0.0014571811771020293,9.801953315734863
64,37.62893081761006,53,49,0.9062893081761006,-3.464338779449463,59.92351531982422,0.0014381897635757923,8.647926330566406
65,-3.75268817204301,93,83,0.8924731182795699,-1.129004955291748,25.21798324584961,0.0014192044036462903,9.895763397216797
66,40.95652173913043,46,40,0.8695652173913043,-0.5170019865036011,34.561134338378906,0.0014013356994837523,8.205973625183105
67,40.051282051282044,52,48,0.9205128205128205,-2.027682065963745,81.52378845214844,0.0013877733144909143,14.876551628112793
68,-140.83188405797102,230,206,0.8916811594202898,-0.18294185400009155,17.83490753173828,0.0013709507184103131,8.560149192810059
69,-3.752688172043022,93,83,0.8924731182795699,0.04843511804938316,28.84336280822754,0.0013569551520049572,5.467607021331787
70,43.43537414965987,49,46,0.9243537414965987,-2.5381693840026855,76.41295623779297,0.0013544337125495076,24.95195770263672
71,-5.70212765957447,94,83,0.8829787234042553,-0.38877949118614197,27.901384353637695,0.0013390028616413474,7.435184001922607
72,-23.583333333333332,112,100,0.8841666666666667,-1.8793891668319702,37.36198043823242,0.0013316490221768618,16.060300827026367
73,-136.65345080763583,227,206,0.9034654919236417,-1.041306495666504,16.816944122314453,0.0013199348468333483,5.050426959991455
74,46.90909090909091,44,40,0.9090909090909091,-1.5564085245132446,56.126991271972656,0.0013041733764111996,10.577797889709473
75,63.95652173913043,23,20,0.8695652173913043,-1.4254779815673828,70.71122741699219,0.0012941330205649137,19.11174201965332
76,68.9090909090909,22,20,0.9090909090909091,-2.4140408039093018,83.23204040527344,0.001299672294408083,27.973573684692383
77,-1.782608695652169,92,83,0.9021739130434783,-1.6949307918548584,22.22873878479004,0.001285075326450169,9.65109920501709
78,63.95652173913043,23,20,0.8695652173913043,-1.995400071144104,45.85249710083008,0.0012731655733659863,13.8905029296875
79,-132.16816816816817,222,200,0.8983183183183183,-1.4248511791229248,14.587838172912598,0.0012647624826058745,4.311275005340576
80,40.95652173913042,46,40,0.8695652173913043,-1.924780011177063,37.640140533447266,0.0012511759996414185,10.424661636352539
81,-3.752688172043016,93,83,0.8924731182795699,-1.0301439762115479,14.194501876831055,0.0012399759143590927,5.825753211975098
82,33.67901234567901,54,48,0.8767901234567901,-3.0674490928649902,69.19066619873047,0.0012306736316531897,5.527572154998779
83,63.95652173913042,23,20,0.8695652173913043,0.4640864431858063,106.6380615234375,0.0012172256829217076,11.746496200561523
84,-118.260663507109,211,196,0.92739336492891,-0.1472504884004593,14.722477912902832,0.0012096419231966138,4.350640773773193
85,-22.769911504424766,113,103,0.9023008849557522,-1.6243877410888672,36.458168029785156,0.0012033790117129683,7.238996982574463
86,43.888888888888886,45,40,0.8888888888888888,-1.034904956817627,58.51593780517578,0.0011944214347749949,5.996823310852051
87,38.25786163522014,53,49,0.9125786163522013,-3.236692428588867,52.536075592041016,0.0011888809967786074,8.533173561096191
88,-17.854545454545455,110,102,0.9214545454545454,-1.088767409324646,26.33274269104004,0.0011817874619737267,3.1199419498443604
89,-5.702127659574468,94,83,0.8829787234042553,-0.6268211007118225,20.39689064025879,0.0011714162537828088,6.412876605987549
90,43.888888888888886,45,40,0.8888888888888888,-0.07268194109201431,29.690446853637695,0.0011614803224802017,6.221470355987549
91,-127.21613394216135,219,202,0.9178386605783866,0.40390363335609436,12.849777221679688,0.0011557539692148566,2.066770315170288
92,-123.10232558139536,215,198,0.9189767441860465,-0.2491002082824707,12.071650505065918,0.001151006668806076,7.076839447021484
93,-1.7826086956521718,92,83,0.9021739130434783,-0.8797326683998108,16.264049530029297,0.0011424946133047342,5.1226935386657715
94,-16.009174311926607,109,102,0.929908256880734,-1.646274447441101,11.170317649841309,0.0011357521871104836,4.833761215209961
95,-19.68468468468468,111,102,0.9131531531531532,-1.8866631984710693,23.29522132873535,0.0011297130258753896,2.8886501789093018
96,-23.24778761061947,113,102,0.8975221238938053,-2.219210147857666,29.537857055664062,0.0011212684912607074,5.9821577072143555
97,-125.09831029185868,217,200,0.9190168970814132,-0.9113590717315674,16.073400497436523,0.0011239564046263695,11.698543548583984
98,-25.62028985507247,115,104,0.8937971014492754,-0.8318465352058411,24.153484344482422,0.0011160287540405989,4.529357433319092
99,46.9090909090909,44,40,0.9090909090909091,0.414567768573761,49.51817321777344,0.0011067037703469396,8.231278419494629
100,-125.86850152905198,218,201,0.9213149847094801,-0.37046706676483154,11.659456253051758,0.00100455223582685,2.4461443424224854
101,-116.86349206349206,210,196,0.9313650793650794,-0.47433987259864807,15.464326858520508,0.0009585031657479703,6.289506912231445
102,43.888888888888886,45,40,0.8888888888888888,0.03749815747141838,33.15153884887695,0.0009341281838715076,7.132100582122803
103,0.20879120879120583,91,83,0.9120879120879121,-0.4563741385936737,20.481918334960938,0.0008999456185847521,3.2291181087493896
104,32.918128654970765,57,52,0.8991812865497076,-3.8034839630126953,57.91485595703125,0.0008585465257056057,6.578707218170166
105,-1.7826086956521738,92,83,0.9021739130434783,-0.9119206070899963,22.344594955444336,0.0008485231082886457,7.027886390686035
106,63.95652173913044,23,20,0.8695652173913043,-1.2755979299545288,101.58577728271484,0.0007790267118252814,15.042072296142578
107,42.8562091503268,51,48,0.938562091503268,-2.5736873149871826,58.168941497802734,0.0007787289214320481,8.74744987487793
108,43.888888888888886,45,40,0.8888888888888888,-0.2116907835006714,52.73438262939453,0.0007712611695751548,9.14259147644043
109,41.83660130718954,51,48,0.9283660130718955,-1.4547491073608398,59.748050689697266,0.0007784119225107133,16.808170318603516
110,-3.752688172043014,93,83,0.8924731182795699,-0.07901230454444885,13.00678539276123,0.0007608425803482533,2.809746742248535
111,-16.694189602446496,109,101,0.9230581039755351,-1.2864840030670166,23.48289680480957,0.0007579482044093311,2.7334725856781006
112,38.36969696969697,55,52,0.9336969696969697,-2.388206720352173,38.160579681396484,0.0007555449847131968,4.8002142906188965
113,-1.7826086956521672,92,83,0.9021739130434783,-0.4613408148288727,23.17259979248047,0.0007261942373588681,3.687311887741089
114,68.9090909090909,22,20,0.9090909090909091,-1.0474251508712769,112.59224700927734,0.0007243739673867822,13.913990020751953
115,68.9090909090909,22,20,0.9090909090909091,-0.9989502429962158,58.111263275146484,0.000724400975741446,6.428839206695557
116,-130.11711711711712,222,204,0.9188288288288289,-2.8735218048095703,16.66449737548828,0.0006955045973882079,2.588167905807495
117,46.90909090909091,44,40,0.9090909090909091,-1.8699381351470947,60.12513732910156,0.0006719375960528851,6.459867477416992
118,41.01282051282051,52,49,0.9301282051282052,-1.9902342557907104,54.50091552734375,0.0006826706230640411,13.006888389587402
119,-15.954128440366965,109,102,0.9304587155963303,0.21207153797149658,22.187101364135742,0.0006862437003292143,4.8578948974609375
120,43.18300653594771,51,49,0.9418300653594771,1.0550909042358398,44.386478424072266,0.0006817985558882356,12.214994430541992
121,63.95652173913044,23,20,0.8695652173913043,1.6150848865509033,67.29027557373047,0.000672955415211618,17.601974487304688
122,40.95652173913043,46,40,0.8695652173913043,-0.6123276948928833,43.37697219848633,0.000670827052090317,6.240573406219482
123,-1.7826086956521703,92,83,0.9021739130434783,-1.9194352626800537,21.294540405273438,0.0006708893924951553,4.349461555480957
124,40.910256410256395,52,49,0.9291025641025641,-6.087756633758545,80.94629669189453,0.0006735186325386167,10.140376091003418
125,41.52564102564103,52,49,0.9352564102564103,-6.19737434387207,71.97952270507812,0.000703614205121994,23.104001998901367
126,-7.631578947368416,95,83,0.8736842105263158,-1.0127633810043335,14.427656173706055,0.0007055971072986722,2.426910400390625
127,-11.471698113207548,106,101,0.9452830188679245,-0.7121918201446533,23.882415771484375,0.0007854850846342742,38.161231994628906
128,-1.782608695652169,92,83,0.9021739130434783,1.0605782270431519,19.557313919067383,0.0007795878336764872,2.6761088371276855
129,46.90909090909091,44,40,0.9090909090909091,1.7815598249435425,59.85586166381836,0.000784891250077635,13.197404861450195
130,-12.968847352024916,107,101,0.9403115264797508,1.5774104595184326,29.59644317626953,0.0007690389757044613,4.689496994018555
131,-117.93081761006289,212,200,0.9406918238993711,1.1692209243774414,12.70261001586914,0.000773125677369535,6.201962947845459
132,43.88888888888888,45,40,0.8888888888888888,1.8263556957244873,46.960777282714844,0.0007743769092485309,7.077226161956787
133,-3.7526881720430105,93,83,0.8924731182795699,0.2766372263431549,22.109628677368164,0.0007638048264198005,2.619504451751709
134,43.732026143790854,51,49,0.9473202614379085,-0.46799546480178833,45.81156921386719,0.0007589784800074995,3.24747371673584
135,-3.7526881720430163,93,83,0.8924731182795699,-0.905536413192749,25.594038009643555,0.0007416590233333409,1.8779345750808716
136,63.95652173913043,23,20,0.8695652173913043,-1.9529714584350586,81.33794403076172,0.0007362164324149489,10.384405136108398
137,63.95652173913043,23,20,0.8695652173913043,-2.537712335586548,85.29299926757812,0.0007265110616572201,7.955826759338379
138,63.95652173913043,23,20,0.8695652173913043,-3.9077889919281006,114.52156829833984,0.0007304558530449867,16.652925491333008
139,-3.7526881720430065,93,83,0.8924731182795699,-2.0890424251556396,20.579561233520508,0.0007290342473424971,4.822874069213867
140,-18.41666666666667,112,105,0.9358333333333333,-2.2059905529022217,29.084308624267578,0.0005759799387305975,3.4708635807037354
141,-111.05501618122977,206,196,0.9494498381877022,0.10290021449327469,12.591729164123535,0.0005728956894017756,6.581042289733887
142,63.95652173913043,23,20,0.8695652173913043,0.08131345361471176,124.42950439453125,0.0005711039411835372,10.245689392089844
143,43.888888888888886,45,40,0.8888888888888888,-0.09786553680896759,56.043060302734375,0.0005712987040169537,6.942699432373047
144,46.90909090909091,44,40,0.9090909090909091,-0.47251564264297485,37.61235809326172,0.00056764658074826,7.029201030731201
145,-7.631578947368407,95,83,0.8736842105263158,-0.8140108585357666,21.17079734802246,0.0005481839762069285,6.592032432556152
146,-113.5805422647528,209,200,0.954194577352472,-1.1782556772232056,11.607131958007812,0.000536549836397171,2.5971808433532715
147,-3.752688172043016,93,83,0.8924731182795699,-1.565456748008728,24.458988189697266,0.0005300607881508768,3.470304012298584
148,-122.49001536098311,217,206,0.945099846390169,-2.0676698684692383,12.126968383789062,0.0005162871675565839,3.3538074493408203
149,41.3974358974359,52,49,0.933974358974359,-3.3137407302856445,50.9097785949707,0.0005265043000690639,17.934017181396484
150,43.183006535947705,51,49,0.9418300653594771,-1.5533615350723267,51.03296661376953,0.0005201966851018369,0.9283192157745361
151,-115.73617693522907,211,202,0.9526382306477094,-0.1407480537891388,10.680290222167969,0.0004994307528249919,3.708853006362915
152,43.73202614379085,51,49,0.9473202614379085,0.7728363275527954,48.81216812133789,0.0004943237290717661,5.3319926261901855
153,-11.471698113207545,106,101,0.9452830188679245,0.31318730115890503,21.852603912353516,0.0004884253721684217,6.677452564239502
154,-115.73617693522907,211,202,0.9526382306477094,-0.26090094447135925,12.576897621154785,0.0004822196497116238,3.1171176433563232
155,43.888888888888886,45,40,0.8888888888888888,0.736293375492096,41.30413055419922,0.0004942622617818415,18.650548934936523
156,-121.04012345679013,216,206,0.9495987654320988,-0.7500553727149963,12.294904708862305,0.00047204599832184613,3.6290793418884277
157,41.83660130718955,51,48,0.9283660130718955,-2.0346732139587402,37.989864349365234,0.0004739740979857743,9.583171844482422
158,41.52287581699347,51,48,0.9252287581699347,-1.5774309635162354,44.7742805480957,0.0004797940782736987,12.711498260498047
159,43.888888888888886,45,40,0.8888888888888888,-1.1858144998550415,50.691314697265625,0.0004626230802386999,4.006839275360107
160,-115.73617693522907,211,202,0.9526382306477094,-1.6597827672958374,8.658058166503906,0.00045357816270552576,2.3899548053741455
161,-10.880503144654092,106,101,0.9511949685534591,-2.4125564098358154,30.25054931640625,0.00045397094800136983,9.029537200927734
162,38.18787878787878,55,52,0.9318787878787879,-3.1771178245544434,48.298458099365234,0.0004579469095915556,12.834319114685059
163,43.83660130718954,51,49,0.9483660130718954,0.22619976103305817,38.1617546081543,0.0004564643313642591,1.722095251083374
164,43.83660130718954,51,49,0.9483660130718954,1.1590850353240967,39.38576126098633,0.0004566654097288847,5.2260260581970215
165,-119.61085271317829,215,206,0.9538914728682171,-0.5057571530342102,8.075128555297852,0.00045584890176542103,1.8997770547866821
166,63.95652173913042,23,20,0.8695652173913043,1.791717529296875,102.15576934814453,0.0004831163678318262,25.19080352783203
167,-12.827160493827162,108,104,0.9517283950617283,-0.21648190915584564,14.725522994995117,0.0004779732844326645,1.8835253715515137
168,46.90909090909091,44,40,0.9090909090909091,-0.3317618668079376,39.82223892211914,0.0004763582837767899,5.98223876953125
169,-14.715151515151526,110,105,0.9528484848484848,-2.255768060684204,25.282068252563477,0.00048186545609496534,8.555654525756836
170,-10.691823899371077,106,102,0.9530817610062893,-2.6496851444244385,29.95844078063965,0.00047748879296705127,20.15460205078125
171,-9.237179487179493,104,99,0.9476282051282051,-2.0613954067230225,20.548015594482422,0.0005408619181253016,32.867244720458984
172,46.90909090909091,44,40,0.9090909090909091,-1.554328441619873,38.13924789428711,0.0005310246488079429,0.8886262774467468
173,43.88888888888889,45,40,0.8888888888888888,-1.8341350555419922,45.85624313354492,0.0005311602144502103,5.680407524108887
174,-10.320754716981137,106,102,0.9567924528301887,-1.6958037614822388,27.524734497070312,0.0005300621851347387,5.612610816955566
175,63.95652173913043,23,20,0.8695652173913043,-1.8103774785995483,94.03913116455078,0.0005252778646536171,18.63996124267578
176,40.95652173913044,46,40,0.8695652173913043,-0.14308686554431915,50.20355987548828,0.0004884800291620195,5.734069347381592
177,43.888888888888886,45,40,0.8888888888888888,-0.7224603295326233,48.9122428894043,0.0004865206719841808,9.439226150512695
178,43.888888888888886,45,40,0.8888888888888888,0.031642694026231766,48.27145004272461,0.0004849616379942745,10.599452018737793
179,63.95652173913044,23,20,0.8695652173913043,0.7969957590103149,88.63143920898438,0.00048506836174055934,6.7581963539123535
180,43.888888888888886,45,40,0.8888888888888888,-0.05221027135848999,32.564605712890625,0.00048034152132458985,3.442725658416748
181,-3.7526881720430136,93,83,0.8924731182795699,-0.011984307318925858,21.389205932617188,0.00048189438530243933,6.5086350440979
182,-1.782608695652172,92,83,0.9021739130434783,-0.25677603483200073,19.469982147216797,0.0004826704098377377,1.1122969388961792
183,-8.782051282051277,104,100,0.9521794871794872,-0.986599326133728,19.96588134765625,0.0004786001518368721,3.5215396881103516
184,63.95652173913043,23,20,0.8695652173913043,-3.689945936203003,66.82772064208984,0.0004890113486908376,16.938858032226562
185,41.3974358974359,52,49,0.933974358974359,-1.444783329963684,47.984825134277344,0.0004894467419944704,0.9744880795478821
186,-7.631578947368418,95,83,0.8736842105263158,0.25498563051223755,21.687150955200195,0.0004896103637292981,2.40468430519104
187,41.098765432098766,54,52,0.9509876543209876,0.7658901810646057,31.29621696472168,0.00048494627117179334,3.499614953994751
188,-10.320754716981133,106,102,0.9567924528301887,0.893438994884491,21.358814239501953,0.0004926864057779312,10.556739807128906
189,-11.710280373831777,107,103,0.9528971962616822,0.5247306823730469,26.664791107177734,0.0004932589363306761,5.321156978607178
190,68.9090909090909,22,20,0.9090909090909091,2.6692380905151367,101.47108459472656,0.0004909072886221111,5.714893817901611
191,-8.782051282051274,104,100,0.9521794871794872,0.3184721767902374,26.138160705566406,0.0004931060830131173,3.9473965167999268
192,-5.702127659574474,94,83,0.8829787234042553,-0.33244118094444275,25.501771926879883,0.0004911714349873364,1.9277135133743286
193,63.95652173913043,23,20,0.8695652173913043,0.9786137938499451,67.75503540039062,0.0004968115244992077,6.055545806884766
194,-115.03492063492064,210,200,0.9496507936507936,-2.668548107147217,10.780067443847656,0.0004952700110152364,5.554218292236328
195,-14.612121212121224,110,106,0.9538787878787879,-2.4047515392303467,21.230329513549805,0.0004957810742780566,4.775939464569092
196,45.733333333333334,50,48,0.9573333333333334,-6.466044902801514,65.53945922851562,0.00049351598136127,2.652400493621826
197,-9.237179487179485,104,99,0.9476282051282051,-0.4792805016040802,13.075251579284668,0.0004908479168079793,7.325562953948975
198,63.95652173913044,23,20,0.8695652173913043,-3.3888933658599854,67.93707275390625,0.0004915415192954242,8.714946746826172
199,-10.880503144654094,106,101,0.9511949685534591,1.3634908199310303,27.049375534057617,0.0004954913165420294,9.846571922302246
200,45.16,50,48,0.9516,2.3647568225860596,61.948097229003906,0.0005002049147151411,5.4857330322265625
201,63.95652173913043,23,20,0.8695652173913043,0.27379417419433594,110.65884399414062,0.0005047121667303145,12.926061630249023
202,43.888888888888886,45,40,0.8888888888888888,0.6232144236564636,48.69235610961914,0.0005043313722126186,1.7442518472671509
203,41.52564102564102,52,49,0.9352564102564103,-0.05401673540472984,45.954071044921875,0.0005033027264289558,3.3753955364227295
204,43.83660130718953,51,49,0.9483660130718954,-2.677225351333618,69.3155517578125,0.0005060764960944653,11.241104125976562
205,-10.880503144654092,106,101,0.9511949685534591,0.5441970825195312,18.067325592041016,0.0005052383057773113,0.7936388254165649
206,44.69333333333332,50,48,0.9469333333333333,-2.4060819149017334,58.19065475463867,0.0004967255517840385,1.4495869874954224
207,68.9090909090909,22,20,0.9090909090909091,-1.9335942268371582,69.26316833496094,0.000497677770908922,9.952763557434082
208,45.160000000000004,50,48,0.9516,1.4858354330062866,37.14387130737305,0.0005003645201213658,6.984710216522217
209,43.888888888888886,45,40,0.8888888888888888,0.3908565640449524,38.98624038696289,0.0005132622318342328,19.404727935791016
210,-8.782051282051277,104,100,0.9521794871794872,-0.2056705355644226,14.728778839111328,0.000513294362463057,4.083063125610352
211,68.9090909090909,22,20,0.9090909090909091,-1.2099940776824951,65.6614761352539,0.0005287504754960537,17.674415588378906
212,43.888888888888886,45,40,0.8888888888888888,-0.7158406972885132,28.789384841918945,0.0005280767218209803,2.416038990020752
213,43.888888888888886,45,40,0.8888888888888888,-2.8506433963775635,46.07821273803711,0.0005306600942276418,11.224231719970703
214,40.95652173913043,46,40,0.8695652173913043,-1.4547091722488403,39.210792541503906,0.0005290820845402777,4.491148948669434
215,-106.65188834154353,203,196,0.9634811165845648,-1.759540319442749,13.420511245727539,0.0005288102547638118,3.0488193035125732
216,45.16,50,48,0.9516,-1.8977502584457397,43.47908401489258,0.0005289380205795169,4.072810649871826
217,-10.8805031446541,106,101,0.9511949685534591,-1.4037773609161377,12.388455390930176,0.0006867467309348285,51.23100280761719
218,43.87179487179486,52,51,0.9587179487179487,-0.40209853649139404,28.643550872802734,0.0006825083983130753,1.3778082132339478
219,-7.63157894736842,95,83,0.8736842105263158,-1.128664493560791,22.878494262695312,0.0006826352328062057,6.406192779541016
220,63.95652173913043,23,20,0.8695652173913043,-0.25541606545448303,77.48574829101562,0.0006761542172171175,3.3201591968536377
221,-8.784126984126987,105,102,0.9621587301587302,-0.08461012691259384,14.673239707946777,0.0006636635516770184,2.126434326171875
222,40.95652173913043,46,40,0.8695652173913043,-1.3802577257156372,30.855161666870117,0.0006615281454287469,5.651447296142578
223,-10.880503144654092,106,101,0.9511949685534591,-0.1332871913909912,11.301396369934082,0.0006719043594785035,12.752307891845703
224,-3.7526881720430176,93,83,0.8924731182795699,-1.3623446226119995,17.610523223876953,0.0006717124488204718,9.12899398803711
225,-112.79904306220097,209,202,0.9620095693779904,-0.711168646812439,13.138643264770508,0.0006489542429335415,2.9954025745391846
226,-112.12179487179488,208,200,0.9587820512820513,-0.7039198875427246,8.097064018249512,0.0006491945823654532,2.9190797805786133
227,59.333333333333336,24,20,0.8333333333333334,-5.337166786193848,86.2498550415039,0.0010918988846242428,93.70404052734375
228,68.9090909090909,22,20,0.9090909090909091,-3.465898036956787,73.86463928222656,0.0011167323682457209,22.897563934326172
229,-111.36217948717949,208,202,0.9663782051282052,0.3451535701751709,11.429364204406738,0.0012187237152829766,42.553077697753906
230,-10.880503144654094,106,101,0.9511949685534591,1.3162963390350342,25.51271629333496,0.0012779715470969677,31.079254150390625
231,63.95652173913043,23,20,0.8695652173913043,3.2509050369262695,97.62753295898438,0.002191344276070595,122.50606536865234
232,40.95652173913043,46,40,0.8695652173913043,2.1984198093414307,54.84367370605469,0.002191388513892889,8.641597747802734
233,-3.75268817204302,93,83,0.8924731182795699,0.3794366717338562,29.639049530029297,0.0022251689806580544,23.891311645507812
234,44.35947712418301,51,49,0.9535947712418301,1.681422472000122,58.77931594848633,0.0022368361242115498,16.91887855529785
235,43.888888888888886,45,40,0.8888888888888888,0.12049312889575958,53.04243087768555,0.0022443702910095453,14.019194602966309
236,-118.15264797507788,214,206,0.9584735202492212,-0.17083323001861572,12.164073944091797,0.0022432198747992516,7.805493354797363
237,63.95652173913043,23,20,0.8695652173913043,-1.6899386644363403,65.0555191040039,0.0022453218698501587,11.976886749267578
238,-118.15264797507788,214,206,0.9584735202492212,-0.8308165073394775,9.41147518157959,0.0022451356053352356,12.480704307556152
239,43.888888888888886,45,40,0.8888888888888888,-3.04573130607605,31.058704376220703,0.002301605883985758,31.41264533996582
240,-5.702127659574469,94,83,0.8829787234042553,-2.3743484020233154,21.443052291870117,0.002302891109138727,4.124377727508545
241,63.95652173913043,23,20,0.8695652173913043,-4.759313106536865,102.44979095458984,0.003280534176155925,126.68618774414062
242,-8.134615384615378,104,100,0.9586538461538462,-2.172053813934326,18.987770080566406,0.0032802599016577005,6.022308349609375
243,44.373333333333335,50,48,0.9437333333333333,-0.15556871891021729,42.90277862548828,0.0032813362777233124,8.442035675048828
244,-113.5805422647528,209,200,0.954194577352472,-0.647058367729187,6.322360515594482,0.0032815912272781134,2.6845414638519287
245,-108.07843137254902,204,196,0.9592156862745098,-0.3165569603443146,8.220342636108398,0.003280831268057227,3.0242111682891846
246,-10.320754716981144,106,102,0.9567924528301887,-0.1792532503604889,13.915095329284668,0.00328262522816658,5.251654148101807
247,44.69333333333333,50,48,0.9469333333333333,1.2243587970733643,29.0018367767334,0.0033430778421461582,31.077348709106445
248,-8.409523809523805,105,102,0.9659047619047619,-0.25859498977661133,16.01519775390625,0.003400272922590375,31.2449893951416
249,-7.3171521035598746,103,99,0.9568284789644013,0.5700600743293762,20.288055419921875,0.0035909656435251236,58.333251953125
250,-8.409523809523812,105,102,0.9659047619047619,-0.6345352530479431,16.761350631713867,0.003591567976400256,3.2448155879974365
251,45.73333333333334,50,48,0.9573333333333334,0.12498932331800461,27.814043045043945,0.003597039496526122,6.0881805419921875
252,40.95652173913044,46,40,0.8695652173913043,-0.6799855828285217,40.433624267578125,0.00361292390152812,16.38913917541504
253,63.95652173913043,23,20,0.8695652173913043,-4.309101581573486,96.25179290771484,0.006776861380785704,228.07015991210938
254,-9.541666666666664,96,83,0.8645833333333334,-2.624659776687622,23.958251953125,0.006778258830308914,8.325843811035156
255,-7.631578947368412,95,83,0.8736842105263158,-2.463365316390991,25.514301300048828,0.0067764814011752605,17.781261444091797
256,46.06666666666666,50,49,0.9606666666666667,-3.985999822616577,47.445613861083984,0.0067893024533987045,16.689931869506836
257,-7.631578947368415,95,83,0.8736842105263158,-1.4452036619186401,17.478731155395508,0.006789051461964846,4.726797580718994
258,49.36879432624113,47,46,0.9636879432624114,-0.6493103504180908,39.672813415527344,0.006796825211495161,15.850507736206055
259,40.95652173913043,46,40,0.8695652173913043,0.04112068936228752,42.072288513183594,0.006826549768447876,22.74224853515625
260,-6.8576051779935305,103,100,0.9614239482200647,-0.565439760684967,16.523561477661133,0.0068477303721010685,19.399351119995117
261,40.95652173913043,46,40,0.8695652173913043,1.1328649520874023,53.286643981933594,0.006871328689157963,21.022857666015625
262,-109.36569579288026,206,200,0.9663430420711974,0.2985975444316864,7.2592082023620605,0.0068685999140143394,5.142797470092773
263,-7.31715210355987,103,99,0.9568284789644013,1.3074758052825928,22.316585540771484,0.0068708499893546104,7.423949241638184
264,-10.937694704049841,107,104,0.9606230529595016,0.2163817435503006,11.694433212280273,0.0068991524167358875,21.622678756713867
265,-10.937694704049846,107,104,0.9606230529595016,-0.2760773003101349,9.597204208374023,0.006909280549734831,13.336987495422363
266,-7.631578947368412,95,83,0.8736842105263158,-0.36266812682151794,15.025697708129883,0.006907858420163393,21.233766555786133
267,63.95652173913044,23,20,0.8695652173913043,0.10925242304801941,70.376220703125,0.006947781424969435,27.26852798461914
268,41.062893081761004,53,51,0.94062893081761,-0.47374898195266724,26.172767639160156,0.007057793438434601,42.730186462402344
269,-5.70212765957446,94,83,0.8829787234042553,-2.0060548782348633,20.8570613861084,0.007068834733217955,16.015602111816406
270,-3.75268817204301,93,83,0.8924731182795699,-2.3954761028289795,22.746450424194336,0.007050287444144487,9.032319068908691
271,43.183006535947705,51,49,0.9418300653594771,-2.6239027976989746,43.208900451660156,0.006993988528847694,12.504790306091309
272,-14.612121212121217,110,106,0.9538787878787879,-1.4317671060562134,15.955439567565918,0.006996679585427046,6.196625232696533
273,59.333333333333336,24,20,0.8333333333333334,0.26025277376174927,72.04624938964844,0.0069961585104465485,6.196620941162109
274,-5.702127659574474,94,83,0.8829787234042553,-0.20382685959339142,19.13731575012207,0.007000964134931564,11.08393383026123
275,40.95652173913044,46,40,0.8695652173913043,0.5488550066947937,60.2769889831543,0.006990997586399317,11.346453666687012
276,63.95652173913044,23,20,0.8695652173913043,2.8750102519989014,93.6038818359375,0.006991447880864143,6.866072654724121
277,68.9090909090909,22,20,0.9090909090909091,1.5294064283370972,89.91912841796875,0.006994081195443869,12.940808296203613
278,-9.541666666666664,96,83,0.8645833333333334,-0.36796584725379944,14.250226020812988,0.006990354973822832,2.976722478866577
279,-111.43910256410258,208,201,0.9656089743589743,-2.0309345722198486,16.3117733001709,0.006991326808929443,3.5322349071502686
280,46.3611111111111,48,46,0.9436111111111111,-0.9100084900856018,23.051321029663086,0.006991546601057053,4.88102912902832
281,-5.702127659574462,94,83,0.8829787234042553,-1.157080888748169,12.842796325683594,0.006989709567278624,1.6159043312072754
282,-5.702127659574469,94,83,0.8829787234042553,-1.1728757619857788,14.778898239135742,0.006989533081650734,2.7308356761932373
283,63.95652173913043,23,20,0.8695652173913043,-4.124166488647461,83.02169036865234,0.00699640205129981,14.773150444030762
284,46.361111111111114,48,46,0.9436111111111111,-0.6475077867507935,29.993942260742188,0.006983859930187464,1.7821433544158936
285,43.888888888888886,45,40,0.8888888888888888,0.21501487493515015,24.34375,0.006985651329159737,3.337689161300659
286,63.95652173913042,23,20,0.8695652173913043,-1.444860577583313,52.704715728759766,0.00699153495952487,12.69980525970459
287,-7.317152103559873,103,99,0.9568284789644013,1.1075859069824219,24.413589477539062,0.007034802809357643,26.69182586669922
288,-109.36569579288026,206,200,0.9663430420711974,0.1561068445444107,10.384697914123535,0.007028636522591114,2.442742347717285
289,63.95652173913043,23,20,0.8695652173913043,-0.5452492237091064,58.66152572631836,0.007028054445981979,6.298244953155518
290,-6.858974358974366,104,102,0.9714102564102564,0.3929046094417572,16.509273529052734,0.00702882232144475,4.932033538818359
291,47.29931972789115,49,48,0.9629931972789115,0.7045446038246155,29.57889175415039,0.007027898449450731,5.213008880615234
292,40.95652173913044,46,40,0.8695652173913043,-1.8699253797531128,41.42740249633789,0.007031323853880167,8.163997650146484
293,63.95652173913043,23,20,0.8695652173913043,-4.823866367340088,71.0496597290039,0.00702642509713769,5.803318500518799
294,46.733333333333334,50,49,0.9673333333333334,-1.4086267948150635,31.806726455688477,0.007032677531242371,10.576693534851074
295,49.36879432624114,47,46,0.9636879432624114,0.7774232625961304,25.057266235351562,0.007033915258944035,2.2876391410827637
296,-10.937694704049848,107,104,0.9606230529595016,-0.05556558445096016,12.338030815124512,0.00703373784199357,3.236433506011963
297,-7.6315789473684195,95,83,0.8736842105263158,1.1316038370132446,21.051851272583008,0.00703358743339777,3.6895360946655273
298,-9.177777777777782,105,101,0.9582222222222222,0.6538777351379395,19.62763214111328,0.007236175704747438,58.07878112792969
299,-5.702127659574466,94,83,0.8829787234042553,0.037636782974004745,22.720243453979492,0.007231100928038359,5.996387004852295
300,-10.95061728395062,108,105,0.9704938271604938,0.962339460849762,20.50832748413086,0.007228868547827005,2.6250741481781006
301,49.36879432624113,47,46,0.9636879432624114,0.9054107666015625,56.36060333251953,0.00722539285197854,9.001786231994629
302,68.9090909090909,22,20,0.9090909090909091,1.5062975883483887,96.7147216796875,0.0072265444323420525,8.77766227722168
303,63.95652173913044,23,20,0.8695652173913043,2.73478364944458,82.42778015136719,0.007234700955450535,8.409467697143555
304,-9.031446540880506,106,104,0.969685534591195,-1.670417308807373,12.458780288696289,0.007230882532894611,3.632683277130127
305,-6.857605177993534,103,100,0.9614239482200647,-1.7636172771453857,23.249534606933594,0.007232218980789185,2.1981334686279297
306,-6.2038834951456385,103,100,0.9679611650485437,-1.8729307651519775,17.11518096923828,0.00723244110122323,5.059426307678223
307,-7.631578947368423,95,83,0.8736842105263158,-1.7008676528930664,16.879804611206055,0.0072303712368011475,0.25604885816574097
308,41.09876543209876,54,52,0.9509876543209876,-2.9891719818115234,41.530860900878906,0.007226421032100916,4.9757843017578125
309,-7.631578947368414,95,83,0.8736842105263158,-1.5085233449935913,16.60092544555664,0.0072021884843707085,2.4697086811065674
310,46.06666666666666,50,49,0.9606666666666667,0.4960079491138458,26.828248977661133,0.007202025968581438,0.8831847310066223
311,-109.19093851132686,206,200,0.9680906148867314,-0.5097392201423645,6.3275346755981445,0.007186717353761196,2.2281992435455322
312,-7.631578947368407,95,83,0.8736842105263158,-0.8445954918861389,17.68474006652832,0.007185200694948435,3.674560546875
313,63.95652173913043,23,20,0.8695652173913043,-3.4135167598724365,73.29448699951172,0.007206067442893982,23.522153854370117
314,38.1063829787234,47,40,0.851063829787234,-0.5210469365119934,29.187429428100586,0.007202604785561562,2.349564790725708
315,-5.702127659574462,94,83,0.8829787234042553,-1.3967785835266113,17.97730827331543,0.007202347740530968,5.1560444831848145
316,-109.19093851132686,206,200,0.9680906148867314,-0.2988888919353485,4.789918422698975,0.007203214336186647,1.917141079902649
317,-3.7526881720430167,93,83,0.8924731182795699,-1.5226845741271973,17.574548721313477,0.007045985199511051,2.9417200088500977
318,63.95652173913044,23,20,0.8695652173913043,-4.0279645919799805,79.25909423828125,0.007047262508422136,5.419192314147949
319,63.95652173913044,23,20,0.8695652173913043,-2.729419708251953,98.2165756225586,0.007046692073345184,1.755785584449768
320,43.888888888888886,45,40,0.8888888888888888,0.24997927248477936,46.02810287475586,0.007046664599329233,4.241960048675537
321,-109.19093851132686,206,200,0.9680906148867314,1.2312730550765991,11.93435001373291,0.007047764491289854,3.2680416107177734
322,-109.86956521739131,207,202,0.971304347826087,1.3893595933914185,15.585933685302734,0.007047357968986034,2.1829819679260254
323,-7.895238095238101,105,103,0.971047619047619,1.1788464784622192,34.14304733276367,0.007036168593913317,5.057738304138184
324,63.95652173913044,23,20,0.8695652173913043,3.4586448669433594,127.69229125976562,0.00703460443764925,3.378931760787964
325,-6.721682847896432,103,100,0.9627831715210357,1.567867398262024,31.184484481811523,0.00703422212973237,1.655795693397522
326,43.87179487179487,52,51,0.9587179487179487,1.9700899124145508,61.03116226196289,0.007034368347376585,1.8551788330078125
327,47.625850340136054,49,48,0.9662585034013605,1.7674405574798584,50.62845993041992,0.006503094453364611,1.1553901433944702
328,63.95652173913043,23,20,0.8695652173913043,0.7380499839782715,115.36772155761719,0.006483128294348717,13.496899604797363
329,46.06666666666666,50,49,0.9606666666666667,1.6018340587615967,53.3999137878418,0.0063729314133524895,0.8372315168380737
330,-6.538461538461537,104,102,0.9746153846153847,-0.31539931893348694,28.2502498626709,0.006314158905297518,4.977031707763672
331,63.95652173913044,23,20,0.8695652173913043,2.6384339332580566,112.98480987548828,0.005393798928707838,1.3614147901535034
332,-8.974603174603175,105,101,0.9602539682539682,-0.9608717560768127,30.383548736572266,0.005388893652707338,3.4559569358825684
333,47.29931972789115,49,48,0.9629931972789115,0.2240375578403473,63.00044250488281,0.005356281064450741,2.0261001586914062
334,63.95652173913043,23,20,0.8695652173913043,2.272970676422119,121.6423568725586,0.00534249609336257,0.7946417331695557
335,-9.54166666666666,96,83,0.8645833333333334,-1.5040125846862793,32.249942779541016,0.005334075074642897,3.7282185554504395
336,-108.42394822006472,206,202,0.9757605177993528,-1.9068676233291626,15.588373184204102,0.005335347261279821,8.594426155090332
337,-5.702127659574476,94,83,0.8829787234042553,-0.6460534930229187,24.333110809326172,0.005330879706889391,2.8823609352111816
338,63.95652173913043,23,20,0.8695652173913043,0.4387885630130768,129.09071350097656,0.005323012359440327,8.852314949035645
339,63.95652173913043,23,20,0.8695652173913043,1.3675470352172852,110.40998840332031,0.005264527164399624,2.059882640838623
340,43.88888888888888,45,40,0.8888888888888888,-0.3832100033760071,50.32301330566406,0.005263295955955982,2.375600814819336
341,-110.87240829346094,209,206,0.9812759170653907,-2.0809056758880615,8.4976806640625,0.004287789575755596,1.7091121673583984
342,-7.6315789473684195,95,83,0.8736842105263158,-1.7627925872802734,20.071203231811523,0.004284858703613281,0.7702735662460327
343,-10.845679012345677,108,106,0.9715432098765432,-1.9230635166168213,16.47150993347168,0.004283005837351084,0.3989449739456177
344,-6.203883495145636,103,100,0.9679611650485437,-2.1791813373565674,15.293179512023926,0.004282643087208271,0.8704220652580261
345,-4.254901960784325,102,100,0.9774509803921568,-2.0912249088287354,14.705618858337402,0.004282062873244286,0.8935648798942566
346,63.95652173913043,23,20,0.8695652173913043,-1.544082522392273,81.49252319335938,0.0042840875685215,5.407539367675781
347,49.36879432624113,47,46,0.9636879432624114,-1.308614730834961,28.39738655090332,0.004224457312375307,1.7113863229751587
348,-7.051282051282066,104,101,0.9694871794871794,-1.186132550239563,17.76201820373535,0.0041651795618236065,4.795479774475098
349,63.95652173913044,23,20,0.8695652173913043,-3.7979347705841064,67.87120819091797,0.0039727045223116875,18.60209846496582
350,63.95652173913042,23,20,0.8695652173913043,0.8148220777511597,70.11251831054688,0.003983394242823124,10.998766899108887
351,63.95652173913044,23,20,0.8695652173913043,-0.898976743221283,96.41646575927734,0.003978297114372253,2.4481663703918457
352,-9.541666666666657,96,83,0.8645833333333334,0.25055551528930664,23.535598754882812,0.0039621139876544476,1.92737877368927
353,46.06666666666666,50,49,0.9606666666666667,0.5826560258865356,55.80266571044922,0.0008066143491305411,4.1014323234558105
354,-7.631578947368425,95,83,0.8736842105263158,-0.05601445958018303,23.480154037475586,0.0008045752183534205,0.39960744976997375
355,-7.631578947368416,95,83,0.8736842105263158,-0.6022994518280029,16.926469802856445,0.0007857210002839565,0.8783290386199951
356,40.95652173913044,46,40,0.8695652173913043,-1.2194883823394775,53.82159423828125,0.0007727171760052443,1.984667181968689
357,-108.50161812297735,206,201,0.9749838187702266,-0.4492644965648651,14.120588302612305,0.0008404655382037163,33.627933502197266
358,-7.6315789473684195,95,83,0.8736842105263158,-0.5560722947120667,20.992156982421875,0.0008278508903458714,0.28681784868240356
359,-5.317152103559873,103,101,0.9768284789644013,-0.7216013669967651,32.3727912902832,0.0007976694032549858,1.6983723640441895
360,-6.538461538461534,104,102,0.9746153846153847,0.8139353394508362,23.54707145690918,0.0007887543179094791,14.050450325012207
361,63.95652173913044,23,20,0.8695652173913043,-1.4424995183944702,96.35359191894531,0.0007641390548087656,3.7861528396606445
362,-4.25490196078432,102,100,0.9774509803921568,0.9691097140312195,25.54047393798828,0.0007625169237144291,1.530389666557312
363,49.36879432624113,47,46,0.9636879432624114,0.6765333414077759,52.437374114990234,0.0007595891365781426,2.74507212638855
364,63.95652173913042,23,20,0.8695652173913043,-0.4491657614707947,85.5874252319336,0.0007316431729122996,0.6547471880912781
365,-10.845679012345684,108,106,0.9715432098765432,1.502507209777832,23.254358291625977,0.0007225954905152321,3.3133044242858887
366,-105.66995073891627,203,198,0.9733004926108374,0.9939805269241333,12.905274391174316,0.000696331262588501,4.506193161010742
367,-7.631578947368413,95,83,0.8736842105263158,0.35281825065612793,16.43427848815918,0.0006552174454554915,2.753955364227295
368,63.95652173913043,23,20,0.8695652173913043,-1.196637749671936,84.66389465332031,0.0005457308143377304,3.5179502964019775
369,-4.915032679738568,102,100,0.9708496732026144,-0.5963497161865234,16.5893611907959,0.0005343626835383475,8.340214729309082
370,-7.051282051282062,104,101,0.9694871794871794,-0.5150564312934875,16.134153366088867,0.0005297810421325266,2.9545304775238037
371,-7.631578947368425,95,83,0.8736842105263158,-0.3579432964324951,21.017986297607422,0.0005500747356563807,21.904085159301758
372,-106.24183006535947,204,200,0.9775816993464053,-0.01983504556119442,8.86410140991211,0.0005497443489730358,5.960180759429932
373,63.95652173913044,23,20,0.8695652173913043,-1.7876322269439697,83.72967529296875,0.0006485594785772264,40.19424057006836
374,46.62666666666667,50,49,0.9662666666666667,-2.5312082767486572,33.80873489379883,0.000643873296212405,7.766164302825928
375,41.098765432098766,54,52,0.9509876543209876,-2.694474220275879,36.053035736083984,0.0006436911644414067,11.11855697631836
376,-9.541666666666659,96,83,0.8645833333333334,-0.5133129954338074,19.56790542602539,0.0006422379519790411,2.354283571243286
377,-9.54166666666666,96,83,0.8645833333333334,-0.5306497812271118,24.380752563476562,0.0006351033225655556,4.328996658325195
378,47.26666666666666,50,49,0.9726666666666667,0.8731934428215027,41.10298156738281,0.000635069387499243,2.7152903079986572
379,46.564102564102555,52,52,0.9856410256410256,0.31084126234054565,32.617576599121094,0.0006353587959893048,2.9679837226867676
380,-10.950617283950624,108,105,0.9704938271604938,-0.035388391464948654,13.62554931640625,0.0006350668263621628,1.356188178062439
381,-6.538461538461535,104,102,0.9746153846153847,0.03368714824318886,15.158641815185547,0.0006389252375811338,8.38475513458252
382,-6.538461538461533,104,102,0.9746153846153847,-0.39757588505744934,12.947851181030273,0.0006387716857716441,1.9538592100143433
383,-5.31715210355987,103,101,0.9768284789644013,-1.5503146648406982,23.34711265563965,0.0006284152041189373,0.6146203279495239
384,-7.631578947368411,95,83,0.8736842105263158,-1.214203119277954,15.19605541229248,0.0006284734117798507,0.7353523373603821
385,-110.87240829346094,209,206,0.9812759170653907,-0.40868130326271057,7.185547828674316,0.0006275342311710119,0.9260638952255249
386,-9.541666666666663,96,83,0.8645833333333334,-0.755275309085846,15.546284675598145,0.0006203347002156079,2.6324193477630615
387,63.95652173913043,23,20,0.8695652173913043,-0.7507078051567078,59.48596954345703,0.0005857289652340114,10.600669860839844
388,63.95652173913044,23,20,0.8695652173913043,0.07308237254619598,63.293968200683594,0.0005913401837460697,8.528852462768555
389,63.95652173913044,23,20,0.8695652173913043,0.8820420503616333,84.59201049804688,0.0005910943145863712,3.357656955718994
390,-9.541666666666666,96,83,0.8645833333333334,1.2487537860870361,27.714168548583984,0.0005896404618397355,0.30149102210998535
391,63.95652173913044,23,20,0.8695652173913043,0.8696848154067993,115.5431900024414,0.0006828949553892016,39.4312858581543
392,47.13333333333333,50,49,0.9713333333333334,1.2950189113616943,63.62310028076172,0.0006791673367843032,0.11125703901052475
393,-7.051282051282058,104,101,0.9694871794871794,1.473071575164795,27.116735458374023,0.0006787821766920388,3.778329610824585
394,-4.254901960784318,102,100,0.9774509803921568,1.244729995727539,24.566364288330078,0.0009168587275780737,63.405845642089844
395,43.88888888888888,45,40,0.8888888888888888,1.0337446928024292,43.870513916015625,0.0009378232643939555,19.409332275390625
396,40.95652173913043,46,40,0.8695652173913043,0.29961034655570984,29.886821746826172,0.0009384933509863913,2.94534969329834
397,40.95652173913043,46,40,0.8695652173913043,-0.7936012744903564,40.480812072753906,0.0009374566143378615,1.8828434944152832
398,63.95652173913043,23,20,0.8695652173913043,-2.539245843887329,82.75908660888672,0.0007318195421248674,0.5247334837913513
399,-104.76026272577997,203,200,0.9823973727422003,-0.12037967145442963,10.434112548828125,0.0007303630118258297,0.12260369956493378
400,46.733333333333334,50,49,0.9673333333333334,-1.1252412796020508,30.067440032958984,0.0007298617856577039,0.8290373682975769
401,40.95652173913043,46,40,0.8695652173913043,-0.3029511868953705,28.2580623626709,0.0007276383694261312,4.32362699508667
402,-4.777777777777781,102,100,0.9722222222222222,-0.08328767865896225,13.232012748718262,0.0007264641462825239,6.516314506530762
403,49.027210884353735,49,49,0.9802721088435374,0.3846268951892853,26.948165893554688,0.0007325818878598511,13.700139045715332
404,59.33333333333334,24,20,0.8333333333333334,-1.0115703344345093,73.78340148925781,0.0007331155939027667,4.8588786125183105
405,40.95652173913043,46,40,0.8695652173913043,-0.6274656057357788,34.60805130004883,0.000734994187951088,6.858950614929199
406,40.95652173913043,46,40,0.8695652173913043,-1.7097562551498413,31.11040687561035,0.0007606816361658275,21.169414520263672
407,40.95652173913044,46,40,0.8695652173913043,-0.9986267685890198,43.70079803466797,0.0007607789593748748,0.646269679069519
408,43.89308176100629,53,52,0.9689308176100629,-2.291276454925537,34.634796142578125,0.0007599625969305634,2.4315743446350098
409,-9.541666666666663,96,83,0.8645833333333334,-0.6604187488555908,18.007116317749023,0.0007598971715196967,0.9991737008094788
410,-111.48165869218501,209,204,0.9751834130781499,-0.09920983016490936,12.896002769470215,0.0007600783137604594,1.7688968181610107
411,63.95652173913042,23,20,0.8695652173913043,-0.9831737279891968,62.6736946105957,0.0007601446122862399,3.4265553951263428
412,-9.541666666666657,96,83,0.8645833333333334,-0.8412604331970215,21.188556671142578,0.0007617808296345174,6.572751522064209
413,-4.254901960784321,102,100,0.9774509803921568,0.10739018023014069,16.607017517089844,0.0007407727534882724,13.07736587524414
414,-4.777777777777786,102,100,0.9722222222222222,0.23488470911979675,11.171512603759766,0.0007408004603348672,1.2057849168777466
415,63.95652173913044,23,20,0.8695652173913043,-1.5521003007888794,46.62259292602539,0.000740117859095335,3.577195405960083
416,40.95652173913043,46,40,0.8695652173913043,-0.5975764393806458,32.93756866455078,0.0007399636087939143,2.1572718620300293
417,-11.432989690721662,97,83,0.8556701030927835,-0.6112685203552246,14.456844329833984,0.0007397009176202118,0.5011670589447021
418,-5.317152103559872,103,101,0.9768284789644013,-1.4560551643371582,18.835222244262695,0.0007398018497042358,6.2507405281066895
419,43.888888888888886,45,40,0.8888888888888888,-0.11592081934213638,34.13228988647461,0.0007473043515346944,11.151907920837402
420,-7.631578947368407,95,83,0.8736842105263158,-0.6081255674362183,15.965609550476074,0.0007476166938431561,4.193526744842529
421,63.95652173913043,23,20,0.8695652173913043,-1.402083396911621,56.09315872192383,0.0007467973628081381,0.870170533657074
422,40.95652173913044,46,40,0.8695652173913043,-0.0014345805393531919,37.85476303100586,0.0007467337418347597,0.795159637928009
423,63.95652173913043,23,20,0.8695652173913043,-4.1120991706848145,67.72947692871094,0.0007824386702850461,25.28162956237793
424,38.106382978723396,47,40,0.851063829787234,-0.4739072620868683,37.18983459472656,0.0007818664307706058,4.055273056030273
425,63.95652173913042,23,20,0.8695652173913043,1.4624196290969849,65.31279754638672,0.0007909680134616792,11.228660583496094
426,-111.40191387559808,209,204,0.9759808612440192,0.33466479182243347,10.572866439819336,0.0007905198726803064,0.5712869167327881
427,63.95652173913043,23,20,0.8695652173913043,-0.7981788516044617,70.94026947021484,0.0007905624806880951,1.2839583158493042
428,-7.631578947368414,95,83,0.8736842105263158,-0.46873486042022705,16.339723587036133,0.000780678354203701,0.5538356900215149
429,-9.541666666666663,96,83,0.8645833333333334,-0.8322222232818604,19.674299240112305,0.0007808146765455604,2.496177911758423
430,-9.0436137071651,107,105,0.979563862928349,-0.45544156432151794,17.33604621887207,0.0007799129234626889,1.4758120775222778
431,-104.93760262725779,203,200,0.980623973727422,0.027866242453455925,8.521937370300293,0.0007799214799888432,1.516135811805725
432,40.95652173913043,46,40,0.8695652173913043,-0.6180588006973267,36.99946975708008,0.0007813891861587763,6.471343040466309
433,47.29931972789115,49,48,0.9629931972789115,2.1052262783050537,41.49528121948242,0.0007834736024960876,5.186939239501953
434,-6.538461538461539,104,102,0.9746153846153847,0.45719143748283386,14.196353912353516,0.0007833785493858159,0.142674520611763
435,-9.541666666666664,96,83,0.8645833333333334,-1.129817008972168,16.526378631591797,0.0007835300639271736,4.136483192443848
436,59.333333333333336,24,20,0.8333333333333334,-2.3236660957336426,60.30596160888672,0.0007794116972945631,2.9548027515411377
437,-7.107936507936513,105,104,0.978920634920635,-0.9762243628501892,12.32188892364502,0.0007787949871271849,1.0177065134048462
438,40.95652173913043,46,40,0.8695652173913043,-1.4400708675384521,34.30863952636719,0.0007783067994751036,8.377474784851074
439,-2.8151815181518263,101,100,0.9818481848184818,-0.12518255412578583,11.199893951416016,0.0007782966131344438,2.7900917530059814
440,-7.6315789473684195,95,83,0.8736842105263158,0.5362510681152344,20.07390785217285,0.000779341091401875,3.8427891731262207
441,-104.9376026272578,203,200,0.980623973727422,0.1392010897397995,8.191853523254395,0.000779344467446208,0.5258962512016296
442,48.10204081632652,49,48,0.9710204081632653,1.8851211071014404,50.05796813964844,0.0007799876620993018,2.4949424266815186
443,46.46153846153847,52,52,0.9846153846153847,1.1244250535964966,49.06333541870117,0.0007799894083291292,0.3953658938407898
444,40.95652173913043,46,40,0.8695652173913043,-0.23168089985847473,38.652774810791016,0.0007805315544828773,3.7231266498565674
445,-4.915857605177996,103,102,0.98084142394822,-0.05966418609023094,10.786405563354492,0.0007806821377016604,0.8426588773727417
446,59.333333333333336,24,20,0.8333333333333334,0.2746332883834839,63.20576477050781,0.0007823655032552779,7.308793544769287
447,59.33333333333334,24,20,0.8333333333333334,-0.8114385604858398,65.44429016113281,0.0007828761590644717,2.3696913719177246
448,-7.63157894736842,95,83,0.8736842105263158,-1.293456792831421,16.542579650878906,0.0007818940794095397,1.855682134628296
449,46.75163398692809,51,51,0.977516339869281,-0.949724555015564,19.88271141052246,0.0007620760588906705,1.9969402551651
450,40.95652173913044,46,40,0.8695652173913043,-0.2737160623073578,34.56150436401367,0.0007546828710474074,2.8668839931488037
451,-5.317152103559868,103,101,0.9768284789644013,-0.5617465972900391,11.026867866516113,0.0007544463151134551,0.3643163740634918
452,-4.915032679738564,102,100,0.9708496732026144,-0.5568481683731079,10.111689567565918,0.0007543166284449399,0.823639988899231
453,-7.631578947368418,95,83,0.8736842105263158,-0.7274336814880371,21.635757446289062,0.0007546913111582398,5.492193222045898
454,63.95652173913043,23,20,0.8695652173913043,1.037227749824524,82.08560943603516,0.0007548292633146048,2.110539436340332
455,63.95652173913043,23,20,0.8695652173913043,-0.4881654381752014,82.22312927246094,0.0007613436901010573,10.939443588256836
456,43.60377358490566,53,52,0.9660377358490566,0.13427455723285675,28.068424224853516,0.0007610353641211987,0.7190213203430176
457,-100.71524288107203,199,196,0.9828475711892797,-0.6644526720046997,14.315617561340332,0.0006924851331859827,1.104625940322876
458,-9.541666666666668,96,83,0.8645833333333334,-0.7858486175537109,20.05988311767578,0.000692510511726141,0.46663907170295715
459,63.95652173913043,23,20,0.8695652173913043,-0.19468890130519867,113.5011215209961,0.0006981338374316692,9.096848487854004
460,-106.9219512195122,205,202,0.980780487804878,-0.8530674576759338,8.981840133666992,0.0006862027221359313,2.2418458461761475
461,-4.592233009708748,103,102,0.9840776699029126,-0.0688120573759079,9.65401840209961,0.0006850260542705655,0.7445813417434692
462,-9.541666666666659,96,83,0.8645833333333334,-0.46599331498146057,16.2786865234375,0.0006850100471638143,1.4427638053894043
463,-9.54166666666666,96,83,0.8645833333333334,-0.23803122341632843,17.911500930786133,0.0006847930490039289,1.7004084587097168
464,40.95652173913043,46,40,0.8695652173913043,0.2625698447227478,39.651912689208984,0.0006847287877462804,0.1186169758439064
465,40.95652173913043,46,40,0.8695652173913043,-0.582193911075592,36.08693313598633,0.0006847771001048386,4.7352614402771
466,40.95652173913044,46,40,0.8695652173913043,-0.6024492383003235,36.16515350341797,0.0006840625428594649,3.3810977935791016
467,-8.937694704049852,107,106,0.9806230529595016,-0.5119484066963196,11.801434516906738,0.0006840829737484455,4.317836284637451
468,38.1063829787234,47,40,0.851063829787234,-1.333767056465149,42.972869873046875,0.0006836391403339803,4.269228935241699
469,-7.631578947368414,95,83,0.8736842105263158,-0.36156710982322693,17.63770294189453,0.0006795100052841008,0.9400703310966492
470,-7.631578947368421,95,83,0.8736842105263158,-0.30628564953804016,16.18334197998047,0.0006792719359509647,0.13335691392421722
471,63.95652173913044,23,20,0.8695652173913043,-0.3529242277145386,53.275489807128906,0.0006515752756968141,4.528622627258301
472,-9.541666666666664,96,83,0.8645833333333334,-0.4489870071411133,14.785050392150879,0.0006490220548585057,0.807336151599884
473,-7.63157894736841,95,83,0.8736842105263158,-0.09161724150180817,15.782722473144531,0.0005506000015884638,0.6899953484535217
474,63.95652173913044,23,20,0.8695652173913043,1.5545381307601929,59.6429328918457,0.0005580162396654487,12.263468742370605
475,-5.317152103559877,103,101,0.9768284789644013,-0.11125952750444412,9.070408821105957,0.0005513288779184222,0.9476061463356018
476,-106.9479674796748,205,202,0.980520325203252,0.32660141587257385,10.785422325134277,0.0005511255003511906,0.8451396822929382
477,-106.9479674796748,205,202,0.980520325203252,0.4128078520298004,10.730268478393555,0.0005502308486029506,0.4783749580383301
478,43.704402515723274,53,52,0.9670440251572328,-0.9424470067024231,19.940027236938477,0.0005500420229509473,1.9125006198883057
479,-8.937694704049846,107,106,0.9806230529595016,0.4972102642059326,11.001800537109375,0.0005494348588399589,0.917569637298584
480,-10.950617283950624,108,105,0.9704938271604938,-0.03647413104772568,8.880334854125977,0.0005494338111020625,0.6605225801467896
481,-9.541666666666664,96,83,0.8645833333333334,-0.47932854294776917,16.61878204345703,0.0005449564778245986,2.240861415863037
482,40.95652173913044,46,40,0.8695652173913043,0.4151974022388458,30.384944915771484,0.0005457865190692246,3.783679485321045
483,-105.4673202614379,204,202,0.9853267973856209,-0.36821308732032776,9.489368438720703,0.0005458224331960082,1.1383556127548218
484,46.62666666666667,50,49,0.9662666666666667,-0.8419833779335022,25.754310607910156,0.000545782851986587,0.39890918135643005
485,63.95652173913043,23,20,0.8695652173913043,-1.3186569213867188,68.4504623413086,0.0005467854789458215,4.664419651031494
486,-7.631578947368414,95,83,0.8736842105263158,-0.7762269377708435,12.315865516662598,0.0005464399582706392,0.48053795099258423
487,-5.71844660194175,103,101,0.9728155339805825,-1.4839407205581665,12.653800010681152,0.00053899030899629,2.5181708335876465
488,40.95652173913044,46,40,0.8695652173913043,-0.9856874942779541,33.70117950439453,0.0005341152427718043,3.116582155227661
489,59.333333333333336,24,20,0.8333333333333334,-2.253142833709717,62.07863998413086,0.0005445232382044196,14.509678840637207
490,-4.5922330097087425,103,102,0.9840776699029126,-0.1267344355583191,11.09532642364502,0.000544576090760529,2.5036890506744385
491,-9.541666666666668,96,83,0.8645833333333334,-0.683095395565033,16.035049438476562,0.0004511902225203812,1.8968555927276611
492,-106.94796747967479,205,202,0.980520325203252,-0.46213918924331665,6.263108253479004,0.00045116516412235796,0.4191550612449646
493,40.95652173913044,46,40,0.8695652173913043,-0.4509122967720032,29.906898498535156,0.00045031370245851576,0.45312902331352234
494,-109.40064102564104,208,206,0.9859935897435897,-0.8788735866546631,6.077595233917236,0.00020676183339674026,0.9359008073806763
495,-100.66834170854271,199,196,0.9833165829145729,-0.5056582689285278,5.427189350128174,0.00018358971283305436,0.7967844009399414
496,48.68707482993197,49,48,0.9768707482993197,0.44179344177246094,40.78068542480469,0.00018542360339779407,5.736199378967285
497,-109.9326923076923,208,204,0.9806730769230769,0.19493748247623444,10.10035514831543,0.0001850988919613883,0.0833807960152626
498,40.95652173913043,46,40,0.8695652173913043,0.8899314999580383,45.167808532714844,0.00018497488053981215,0.6750451922416687
499,-5.961538461538465,104,103,0.9803846153846154,0.724435567855835,19.67891502380371,0.00018493625975679606,0.3675086200237274
500,47.13333333333333,50,49,0.9713333333333334,0.32768359780311584,46.79630661010742,0.00018596110749058425,5.356804370880127
501,38.1063829787234,47,40,0.851063829787234,2.119229793548584,52.39239501953125,0.00018596037989482284,4.306698799133301
502,-9.541666666666671,96,83,0.8645833333333334,0.6575233340263367,22.92496109008789,0.0001837474264902994,1.775242567062378
503,-9.541666666666655,96,83,0.8645833333333334,-0.18460094928741455,23.132740020751953,0.00017253529222216457,1.9558911323547363
504,38.1063829787234,47,40,0.851063829787234,-0.45386821031570435,40.44956588745117,0.00017220723384525627,4.1322174072265625
505,43.704402515723274,53,52,0.9670440251572328,-1.1601598262786865,18.501766204833984,0.0001697679836070165,2.8051888942718506
506,-100.71524288107204,199,196,0.9828475711892797,-0.40028390288352966,7.1518402099609375,0.00014329714758787304,0.8255596160888672
507,40.95652173913042,46,40,0.8695652173913043,-1.0888588428497314,30.628887176513672,0.0001433391444152221,0.8523907661437988
508,40.95652173913043,46,40,0.8695652173913043,-2.2554123401641846,40.49559020996094,0.00014426629059016705,5.076950550079346
509,-4.254901960784324,102,100,0.9774509803921568,-1.8394055366516113,20.522523880004883,0.0001444281224394217,2.861957311630249
510,46.733333333333334,50,49,0.9673333333333334,-0.5167571306228638,24.480897903442383,0.00014493307389784604,2.379183530807495
511,-7.051282051282064,104,101,0.9694871794871794,-0.4471755027770996,9.632087707519531,0.00014457834186032414,0.1087975725531578
512,-9.541666666666666,96,83,0.8645833333333334,-0.5906126499176025,22.626991271972656,0.00014272352564148605,2.7637393474578857
513,-5.9615384615384635,104,103,0.9803846153846154,0.00046887208009138703,17.63503074645996,0.00013232794299256057,0.6356522440910339
514,-106.92195121951221,205,202,0.980780487804878,-0.1558823585510254,13.57617473602295,0.00013222552661318332,2.143704891204834
515,-4.254901960784318,102,100,0.9774509803921568,0.8776470422744751,24.642383575439453,0.0001321444142377004,1.6007053852081299
516,-106.9219512195122,205,202,0.980780487804878,0.24285583198070526,13.120975494384766,0.00013338643475435674,4.590531349182129
517,46.06666666666666,50,49,0.9606666666666667,1.549129843711853,55.28890609741211,0.0001333646650891751,0.8151645064353943
518,-105.44117647058825,204,202,0.9855882352941177,-0.003012474160641432,13.6089448928833,0.00013398833107203245,6.6300048828125
519,40.95652173913044,46,40,0.8695652173913043,0.7286828756332397,61.240047454833984,0.00012669945135712624,3.601909875869751
520,40.95652173913043,46,40,0.8695652173913043,1.6876206398010254,60.7768440246582,0.0001265230675926432,2.8361880779266357
521,40.95652173913044,46,40,0.8695652173913043,1.2701704502105713,64.27793884277344,0.00012661844084504992,0.4770544171333313
522,40.95652173913044,46,40,0.8695652173913043,-0.2309930920600891,63.05734634399414,0.00013040697376709431,8.833069801330566
523,-5.961538461538471,104,103,0.9803846153846154,0.014758850447833538,24.813064575195312,9.334094647783786e-05,0.25291627645492554
524,38.1063829787234,47,40,0.851063829787234,0.5106086134910583,62.69618225097656,9.271543240174651e-05,1.9160618782043457
525,-7.631578947368414,95,83,0.8736842105263158,-0.3870394825935364,29.508102416992188,8.407411223743111e-05,1.7892014980316162
526,-109.40064102564102,208,206,0.9859935897435897,-1.1241570711135864,11.044880867004395,8.40789289213717e-05,0.9796680212020874
527,63.95652173913043,23,20,0.8695652173913043,2.2129018306732178,119.42361450195312,8.439583325525746e-05,2.3024485111236572
528,-7.631578947368411,95,83,0.8736842105263158,-0.02957545407116413,27.79833984375,8.483979036100209e-05,1.9757837057113647
529,46.73333333333333,50,49,0.9673333333333334,1.0155702829360962,51.96288299560547,8.508736209478229e-05,2.030064344406128
530,40.95652173913043,46,40,0.8695652173913043,0.3883632719516754,56.90557861328125,8.486853766953573e-05,0.3663746118545532
531,-6.480769230769235,104,102,0.9751923076923077,-1.0196563005447388,18.437908172607422,8.493970381096005e-05,2.042792797088623
532,-102.70149253731344,201,198,0.9829850746268657,-1.2867273092269897,10.780339241027832,8.284909563371912e-05,0.48730385303497314
533,47.266666666666666,50,49,0.9726666666666667,1.6090688705444336,46.590049743652344,8.316614548675716e-05,5.614948749542236
534,47.266666666666666,50,49,0.9726666666666667,0.8998951315879822,41.25505447387695,8.369638089789078e-05,2.428386926651001
535,-4.592233009708753,103,102,0.9840776699029126,-0.6277093887329102,16.341136932373047,8.292940765386447e-05,0.18111789226531982
536,40.95652173913044,46,40,0.8695652173913043,-0.6565279960632324,47.21485137939453,8.307450480060652e-05,3.311687707901001
537,-5.961538461538465,104,103,0.9803846153846154,-1.336234450340271,15.263018608093262,8.300362242152914e-05,1.3325077295303345
538,63.95652173913043,23,20,0.8695652173913043,0.24629263579845428,81.83560180664062,0.00018684288079384714,42.109439849853516
539,-11.432989690721648,97,83,0.8556701030927835,-0.9376964569091797,22.233409881591797,0.00018676961190067232,1.5925949811935425
540,49.027210884353735,49,49,0.9802721088435374,-1.2101606130599976,35.94978332519531,0.00018588308012112975,2.0294415950775146
541,-109.40064102564102,208,206,0.9859935897435897,-1.5196926593780518,19.096057891845703,0.00018587491649668664,0.904233992099762
542,47.625850340136054,49,48,0.9662585034013605,-1.998307466506958,42.60337448120117,0.00018542092584539205,1.7966898679733276
543,-4.5922330097087505,103,102,0.9840776699029126,0.3046024739742279,24.522560119628906,0.0001853803260019049,0.0842306911945343
544,47.29931972789115,49,48,0.9629931972789115,0.9244225025177002,62.7016487121582,0.00018501051818020642,1.5704617500305176
545,-110.85964912280703,209,206,0.9814035087719298,1.1884266138076782,17.202648162841797,0.00018860191630665213,7.76899528503418
546,-2.815181518151826,101,100,0.9818481848184818,0.406829297542572,27.5953426361084,0.00018480417202226818,0.7718342542648315
547,-109.40064102564102,208,206,0.9859935897435897,0.30125340819358826,13.881271362304688,0.00018428797193337232,1.2835407257080078
548,-7.631578947368413,95,83,0.8736842105263158,-0.04177813231945038,18.847145080566406,0.00018430726777296513,1.9737924337387085
549,46.62666666666667,50,49,0.9662666666666667,-0.7571967244148254,43.107940673828125,0.00018398879910819232,1.9833500385284424
550,-3.422442244224419,101,99,0.9757755775577558,0.39912474155426025,14.32443618774414,0.0001832484849728644,0.06443343311548233
551,-9.54166666666667,96,83,0.8645833333333334,-0.9052671790122986,20.371116638183594,0.00018369338067714125,3.412999153137207
552,-9.541666666666657,96,83,0.8645833333333334,-0.9406435489654541,16.57062530517578,0.00018386697047390044,2.408322811126709
553,-2.8151815181518276,101,100,0.9818481848184818,-0.38259732723236084,15.81297492980957,0.000182601303094998,0.8332324624061584
554,-100.66834170854271,199,196,0.9833165829145729,0.18164515495300293,8.573800086975098,0.00018251131405122578,0.13572917878627777
555,43.88888888888888,45,40,0.8888888888888888,0.12444783002138138,37.04030990600586,0.00017806788673624396,5.3805131912231445
556,63.95652173913044,23,20,0.8695652173913043,-1.8839730024337769,71.6228256225586,0.00018063696916215122,7.10321569442749
557,46.73333333333333,50,49,0.9673333333333334,-0.30167874693870544,25.348112106323242,0.00018088701472152025,2.0534067153930664
558,63.95652173913043,23,20,0.8695652173913043,-2.2783315181732178,58.55750274658203,0.00018619431648403406,9.951637268066406
559,49.36879432624113,47,46,0.9636879432624114,0.7449033260345459,28.69181251525879,0.00018039063434116542,0.6569782495498657
560,63.95652173913043,23,20,0.8695652173913043,2.2740983963012695,67.90689849853516,0.0001920301583595574,13.198816299438477
561,63.95652173913043,23,20,0.8695652173913043,0.6468542814254761,64.82144927978516,0.00019266264280304313,2.6087000370025635
562,-109.40064102564104,208,206,0.9859935897435897,0.6523264050483704,9.230961799621582,0.00019267229072283953,0.38222622871398926
563,-9.541666666666666,96,83,0.8645833333333334,-0.055783264338970184,17.92561149597168,0.0001926902332343161,1.8198819160461426
564,-9.541666666666663,96,83,0.8645833333333334,0.06651563942432404,17.601871490478516,0.00019276191596873105,0.7136551141738892
565,46.46153846153847,52,52,0.9846153846153847,-1.658919095993042,27.130292892456055,0.00019172266183886677,1.3802580833435059
566,-105.44117647058823,204,202,0.9855882352941177,0.5043256282806396,9.368663787841797,0.0001912800216814503,0.582506000995636
567,-106.9479674796748,205,202,0.980520325203252,0.35595521330833435,7.591912269592285,0.00019068933033850044,1.849619746208191
568,-9.541666666666664,96,83,0.8645833333333334,-0.5616322755813599,18.363279342651367,0.0001897739857668057,0.6293082237243652
569,43.704402515723274,53,52,0.9670440251572328,-1.9535009860992432,28.00692367553711,0.00019004225032404065,2.553079843521118
570,-109.93269230769232,208,204,0.9806730769230769,0.05590101331472397,9.581555366516113,0.00019003788474947214,0.4211379289627075
571,46.73333333333333,50,49,0.9673333333333334,-0.3168050944805145,19.748241424560547,0.00018906814511865377,3.4536828994750977
572,-9.541666666666668,96,83,0.8645833333333334,0.20432893931865692,20.21441078186035,0.00018906571494881064,0.7357276678085327
573,63.95652173913043,23,20,0.8695652173913043,-0.18622344732284546,62.88996124267578,0.00018960014858748764,3.688962459564209
574,46.7516339869281,51,51,0.977516339869281,-0.2906048595905304,29.800264358520508,0.0001808993547456339,5.598282814025879
575,48.68707482993197,49,48,0.9768707482993197,-0.5595470666885376,26.398761749267578,0.00018196631572209299,4.931277275085449
576,-9.043613707165111,107,105,0.979563862928349,0.09671805053949356,10.19942569732666,0.0001825031213229522,2.2199573516845703
577,43.60377358490567,53,52,0.9660377358490566,-1.7247394323349,22.370275497436523,0.00018512802489567548,7.31257438659668
578,-9.043613707165111,107,105,0.979563862928349,-0.7265095710754395,12.601552963256836,0.00018510347581468523,1.5969727039337158
579,40.95652173913044,46,40,0.8695652173913043,-0.4150787591934204,29.695680618286133,0.00018567485676612705,2.708191156387329
580,63.95652173913043,23,20,0.8695652173913043,-0.7643218040466309,66.80583190917969,0.0001860022166511044,1.947127103805542
581,40.95652173913042,46,40,0.8695652173913043,-0.5118970274925232,28.05259895324707,0.00018592247215565294,1.7109516859054565
582,-107.0260162601626,205,201,0.979739837398374,-0.08231484889984131,6.047604084014893,0.00018466969777364284,0.2561319172382355
583,-6.480769230769235,104,102,0.9751923076923077,0.40475621819496155,13.563925743103027,0.00018469688075128943,0.026162145659327507
584,49.36879432624113,47,46,0.9636879432624114,0.8285545110702515,38.069664001464844,0.00018494829419068992,3.142223358154297
585,-9.541666666666668,96,83,0.8645833333333334,0.05450227111577988,23.291786193847656,0.00018429526244290173,2.877429723739624
586,47.13333333333333,50,49,0.9713333333333334,0.1832064390182495,25.669862747192383,0.00018419417028781027,0.8635842800140381
587,40.95652173913043,46,40,0.8695652173913043,0.725624144077301,34.94771957397461,0.00018484590691514313,2.904883861541748
588,63.95652173913043,23,20,0.8695652173913043,0.7165061235427856,55.508548736572266,0.00018746400019153953,6.2412333488464355
589,-106.9479674796748,205,202,0.980520325203252,-0.700605034828186,5.526606559753418,0.00017560947162564844,0.6246390342712402
590,-7.051282051282053,104,101,0.9694871794871794,-0.30250483751296997,10.302101135253906,0.00017545522132422775,0.8924692273139954
591,40.95652173913043,46,40,0.8695652173913043,-0.1951894313097,32.05757522583008,0.00017638245481066406,3.687148094177246
592,-4.59223300970875,103,102,0.9840776699029126,0.0221751369535923,9.719217300415039,0.00017660674348007888,1.4964481592178345
593,43.60377358490566,53,52,0.9660377358490566,-0.6248337626457214,23.646926879882812,0.00017699543968774378,2.2548789978027344
594,40.95652173913042,46,40,0.8695652173913043,-1.9212021827697754,36.1293830871582,0.00018024726887233555,7.775662899017334
595,-9.54166666666666,96,83,0.8645833333333334,-0.5564797520637512,18.22060775756836,0.00018024889868684113,0.06795913726091385
596,40.95652173913044,46,40,0.8695652173913043,0.03355251997709274,28.432214736938477,0.00017829415446612984,2.146782398223877
597,40.95652173913043,46,40,0.8695652173913043,-1.1622487306594849,30.33963394165039,0.00018057240231428295,6.626339435577393
598,63.95652173913043,23,20,0.8695652173913043,0.10270506888628006,56.336143493652344,0.00018107568030245602,2.3143351078033447
599,63.95652173913043,23,20,0.8695652173913043,-1.0678516626358032,58.714263916015625,0.00018311735766474158,6.321263313293457
600,-109.40064102564104,208,206,0.9859935897435897,-0.4657003879547119,7.0029473304748535,0.00018179439939558506,1.0007191896438599
601,63.95652173913043,23,20,0.8695652173913043,0.4200029671192169,61.29985046386719,0.0001804019120754674,0.46261703968048096
602,43.888888888888886,45,40,0.8888888888888888,0.4612700939178467,30.684741973876953,0.00018008140614256263,0.017033226788043976
603,-9.54166666666666,96,83,0.8645833333333334,-0.13521380722522736,16.48228645324707,0.00018003923469223082,1.2171207666397095
604,-2.953795379537966,101,100,0.9804620462046204,-0.905829906463623,11.047124862670898,0.00017976181698031723,3.431060552597046
605,46.62666666666667,50,49,0.9662666666666667,-1.0813789367675781,20.493257522583008,0.0001799013261916116,3.2657222747802734
606,-7.631578947368414,95,83,0.8736842105263158,-0.6423872709274292,17.510574340820312,0.00017980097618419677,1.186123251914978
607,63.95652173913044,23,20,0.8695652173913043,-1.8912110328674316,66.6805419921875,0.00018001627177000046,2.9908928871154785
608,40.95652173913044,46,40,0.8695652173913043,-1.5140124559402466,35.787811279296875,0.00018453082884661853,10.293180465698242
609,40.95652173913042,46,40,0.8695652173913043,1.165170431137085,37.56745529174805,0.000185030308784917,2.944749593734741
610,-109.40064102564102,208,206,0.9859935897435897,-0.044061485677957535,6.467551231384277,0.0001846749655669555,2.151571273803711
611,49.02721088435374,49,49,0.9802721088435374,1.2565693855285645,43.86509704589844,0.0001848388637881726,2.403355836868286
612,-3.4224422442244227,101,99,0.9757755775577558,1.6063791513442993,20.95757484436035,0.0001856786257121712,3.596911907196045
613,38.10638297872341,47,40,0.851063829787234,0.6138083934783936,31.796955108642578,0.0001859217882156372,1.3731580972671509
614,46.46153846153847,52,52,0.9846153846153847,-0.04434864595532417,23.71649932861328,0.00018610243569128215,1.7727552652359009
615,-7.6315789473684195,95,83,0.8736842105263158,-0.5643447041511536,14.340099334716797,0.00018594616267364472,0.9032990336418152
616,63.95652173913043,23,20,0.8695652173913043,-4.12410831451416,70.73528289794922,0.00020168970513623208,17.19881820678711
617,-106.9479674796748,205,202,0.980520325203252,-0.8624521493911743,6.621888160705566,0.0002017496881308034,0.44957640767097473
618,-9.541666666666657,96,83,0.8645833333333334,-0.11480797827243805,13.720927238464355,0.0002002050750888884,2.8360846042633057
619,48.10204081632652,49,48,0.9710204081632653,0.5584099292755127,22.019466400146484,0.00019975719624198973,0.45655325055122375
620,38.1063829787234,47,40,0.851063829787234,0.2016080915927887,33.652122497558594,0.00019943142251577228,1.9724371433258057
621,-106.9479674796748,205,202,0.980520325203252,-0.4422130584716797,5.970615386962891,0.00019935049931518734,0.7636665105819702
622,-4.592233009708746,103,102,0.9840776699029126,0.5578530430793762,13.889026641845703,0.00019525537209119648,0.25696301460266113
623,-9.54166666666666,96,83,0.8645833333333334,-0.8899489641189575,18.968910217285156,0.00019559091015253216,2.965555191040039
624,63.95652173913043,23,20,0.8695652173913043,0.2685478925704956,57.81633758544922,0.00019554885511752218,0.4173675775527954
625,-9.541666666666664,96,83,0.8645833333333334,-1.0014431476593018,15.937287330627441,0.00019547367992345244,1.0617012977600098
626,40.95652173913044,46,40,0.8695652173913043,-1.744211196899414,31.895544052124023,0.00019617511134129018,4.041960716247559
627,45.16,50,48,0.9516,-1.6639132499694824,26.54222297668457,0.0001972963218577206,5.848955154418945
628,63.95652173913043,23,20,0.8695652173913043,0.2765618860721588,65.53175354003906,0.00019929827249143273,5.607365608215332
629,46.564102564102555,52,52,0.9856410256410256,-1.2075966596603394,17.4685001373291,0.00019886188965756446,1.1260130405426025
630,-104.1881188118812,202,198,0.9781188118811881,-0.5587620735168457,6.300474166870117,0.0001988086587516591,1.029639482498169
631,-3.4224422442244307,101,99,0.9757755775577558,0.06623785942792892,13.914355278015137,0.00019879612955264747,1.969784140586853
632,40.95652173913044,46,40,0.8695652173913043,2.229569435119629,33.5034065246582,0.00020689365919679403,10.817083358764648
633,-109.40064102564102,208,206,0.9859935897435897,-0.9688735604286194,9.397583961486816,0.00020523402781691402,3.669586658477783
634,-105.44117647058825,204,202,0.9855882352941177,-0.06658322364091873,7.68449592590332,0.0002046638837782666,0.10600864887237549
635,46.626666666666665,50,49,0.9662666666666667,0.08978118002414703,31.246488571166992,0.00020464573753997684,1.1696391105651855
636,-7.631578947368416,95,83,0.8736842105263158,-0.638496458530426,16.139820098876953,0.00020418390340637416,1.465073823928833
637,63.95652173913043,23,20,0.8695652173913043,3.1740801334381104,54.16559600830078,0.0002282093628309667,19.214269638061523
638,47.299319727891145,49,48,0.9629931972789115,0.5819125771522522,19.817920684814453,0.00012110119132557884,3.768277883529663
639,-100.71524288107204,199,196,0.9828475711892797,-0.803744912147522,7.535616397857666,0.00012085239723091945,0.14682143926620483
640,-7.107936507936509,105,104,0.978920634920635,-1.9728182554244995,25.896135330200195,0.00012071219680365175,0.1337728053331375
641,40.95652173913044,46,40,0.8695652173913043,0.22848086059093475,36.287445068359375,0.0001229809713549912,5.752908706665039
642,-112.32698412698412,210,206,0.9767301587301588,-0.13072830438613892,6.749350547790527,0.00012285685807000846,0.23364140093326569
643,-3.422442244224427,101,99,0.9757755775577558,0.27720049023628235,12.121357917785645,0.0002996422117576003,53.9058723449707
644,-7.631578947368416,95,83,0.8736842105263158,0.07515488564968109,17.198633193969727,0.00029953999910503626,0.9810322523117065
645,-9.54166666666666,96,83,0.8645833333333334,0.08016889542341232,19.844581604003906,0.00029606884345412254,0.9980879426002502
646,-7.631578947368421,95,83,0.8736842105263158,0.9684571027755737,19.124553680419922,0.00029724440537393093,4.038907527923584
647,-106.94796747967479,205,202,0.980520325203252,0.2311067432165146,9.314202308654785,0.00029729961534030735,1.2310887575149536
648,-7.6315789473684195,95,83,0.8736842105263158,0.7567499279975891,20.100820541381836,0.0002992990775965154,5.726949691772461
649,40.95652173913043,46,40,0.8695652173913043,1.069499135017395,40.7183723449707,0.0002997815900016576,3.05710506439209
650,-7.631578947368418,95,83,0.8736842105263158,-0.38539090752601624,19.005678176879883,0.00030044378945603967,3.524855613708496
651,-7.051282051282056,104,101,0.9694871794871794,0.528570294380188,11.80094051361084,0.00030008016619831324,1.8446263074874878
652,-9.541666666666663,96,83,0.8645833333333334,0.21105535328388214,15.064960479736328,0.0003001340082846582,2.2436060905456543
653,-9.541666666666671,96,83,0.8645833333333334,-0.7683578133583069,17.124731063842773,0.0003002664016094059,1.941523551940918
654,47.26666666666666,50,49,0.9726666666666667,-0.6585128307342529,21.939151763916016,0.000302634434774518,6.423842906951904
655,43.893081761006286,53,52,0.9689308176100629,-1.0539156198501587,30.885974884033203,0.00030078270356170833,1.6966171264648438
656,-7.631578947368421,95,83,0.8736842105263158,-0.7659392356872559,16.083253860473633,0.00029819426708854735,2.384348154067993
657,63.95652173913044,23,20,0.8695652173913043,0.6362735629081726,60.79007339477539,0.00029797316528856754,1.0774203538894653
658,40.95652173913044,46,40,0.8695652173913043,0.47624263167381287,30.294994354248047,0.0002924463478848338,2.020087718963623
659,48.68707482993197,49,48,0.9768707482993197,0.5193864107131958,22.9122257232666,0.0002938314282801002,4.6711015701293945
660,-99.21885521885523,198,196,0.9878114478114478,-0.22818027436733246,6.89765739440918,0.00028282610583119094,1.0560991764068604
661,46.733333333333334,50,49,0.9673333333333334,-0.06073668226599693,18.43952751159668,0.0002824694965966046,1.904449701309204
662,59.333333333333336,24,20,0.8333333333333334,-1.5824705362319946,55.739891052246094,0.0002873562043532729,9.298354148864746
663,38.1063829787234,47,40,0.851063829787234,-1.3572379350662231,37.43663024902344,0.00029041492962278426,7.555100917816162
664,40.95652173913044,46,40,0.8695652173913043,-0.32988691329956055,31.530960083007812,0.00029048003489151597,1.1021126508712769
665,-6.480769230769232,104,102,0.9751923076923077,-0.8996530175209045,18.80271339416504,0.000296412588795647,9.829466819763184
666,48.68707482993197,49,48,0.9768707482993197,-1.0575031042099,24.85515594482422,0.00029797112802043557,5.579308032989502
667,-7.631578947368416,95,83,0.8736842105263158,-0.20783792436122894,15.911497116088867,0.00034411626984365284,27.507768630981445
668,38.10638297872342,47,40,0.851063829787234,1.744443655014038,31.289993286132812,0.00034804834285750985,7.52187967300415
669,-9.541666666666668,96,83,0.8645833333333334,0.39738109707832336,19.428722381591797,0.0003479002043604851,1.184654951095581
670,-6.480769230769238,104,102,0.9751923076923077,0.055267564952373505,13.134881019592285,0.00034810681245289743,2.222034454345703
671,-107.0260162601626,205,201,0.979739837398374,-0.07342150062322617,5.806634902954102,0.00034753966610878706,0.45704737305641174
672,63.95652173913043,23,20,0.8695652173913043,4.005666255950928,77.44612884521484,0.0003681979142129421,18.027572631835938
673,-104.9376026272578,203,200,0.980623973727422,-0.3524216413497925,6.423871040344238,0.0003674890613183379,1.0875215530395508
674,59.333333333333336,24,20,0.8333333333333334,-0.5809013843536377,73.78338623046875,0.00036834331694990396,6.754576683044434
675,-106.9479674796748,205,202,0.980520325203252,-0.5720741152763367,6.169011116027832,0.00036706781247630715,1.3311777114868164
676,-4.254901960784325,102,100,0.9774509803921568,-0.29439979791641235,10.638691902160645,0.0003667206910904497,0.14398424327373505
677,49.36879432624113,47,46,0.9636879432624114,-0.5164691805839539,30.947452545166016,0.00036354121402837336,0.14882954955101013
678,63.95652173913044,23,20,0.8695652173913043,-2.768779993057251,60.367218017578125,0.0003681548114400357,8.913615226745605
679,-7.6315789473684195,95,83,0.8736842105263158,-0.2609003186225891,16.36561393737793,0.00036776086199097335,1.2085567712783813
680,-104.1881188118812,202,198,0.9781188118811881,-0.5059136748313904,6.642075061798096,0.0003674836771097034,0.496989905834198
681,63.95652173913044,23,20,0.8695652173913043,1.4123283624649048,67.96961975097656,0.0003684071416500956,3.983168363571167
682,-109.40064102564102,208,206,0.9859935897435897,-0.509057343006134,5.180642127990723,0.0003684211988002062,0.4897964894771576
683,47.625850340136054,49,48,0.9662585034013605,-0.09325865656137466,20.158557891845703,0.00036848653689958155,1.0194374322891235
684,-9.541666666666657,96,83,0.8645833333333334,-0.21165119111537933,17.78193473815918,0.0003680646186694503,1.6170414686203003
685,-110.01282051282053,208,204,0.9798717948717949,-0.5103585720062256,6.6411027908325195,0.0003676032356452197,0.4872264266014099
686,-2.8151815181518294,101,100,0.9818481848184818,0.22123460471630096,8.083563804626465,0.0003676137130241841,0.9713295102119446
687,63.95652173913043,23,20,0.8695652173913043,-0.8900099992752075,59.5735969543457,0.0003680447116494179,4.177392482757568
688,40.95652173913044,46,40,0.8695652173913043,-1.2361791133880615,31.196578979492188,0.00036880114930681884,7.620502948760986
689,47.266666666666666,50,49,0.9726666666666667,0.9308841824531555,18.194650650024414,0.00036926058237440884,2.5782041549682617
690,-9.541666666666664,96,83,0.8645833333333334,-1.375991702079773,16.66937828063965,0.0003693949256557971,2.146937847137451
691,-104.1881188118812,202,198,0.9781188118811881,-0.9010664224624634,10.100687980651855,0.0003687400312628597,2.094660520553589
692,59.33333333333334,24,20,0.8333333333333334,-0.8898708820343018,51.83498764038086,0.00037095951847732067,5.946755886077881
693,47.62585034013605,49,48,0.9662585034013605,-1.4012699127197266,23.138973236083984,0.0003707650175783783,2.1608505249023438
694,-4.915032679738568,102,100,0.9708496732026144,0.03618661314249039,10.715444564819336,0.00036733175511471927,0.13109081983566284
695,-104.9376026272578,203,200,0.980623973727422,0.10959912836551666,7.349748134613037,0.0003673290484584868,0.2840595245361328
696,-112.32698412698413,210,206,0.9767301587301588,0.43090811371803284,12.838601112365723,0.00036697342875413597,0.3487045466899872
697,40.95652173913043,46,40,0.8695652173913043,1.6453865766525269,63.08850860595703,0.000364471401553601,0.13907377421855927
698,-5.702127659574474,94,83,0.8829787234042553,0.5228596925735474,30.88443374633789,0.0003644075186457485,2.5954253673553467
699,38.10638297872341,47,40,0.851063829787234,1.3972164392471313,65.27361297607422,0.0003622838412411511,1.8083816766738892
700,47.26666666666666,50,49,0.9726666666666667,1.4303532838821411,56.097251892089844,0.000363045692211017,3.9201109409332275
701,-104.1881188118812,202,198,0.9781188118811881,0.3144417405128479,12.630589485168457,0.0003631352155935019,1.144421100616455
702,-8.937694704049852,107,106,0.9806230529595016,0.7038577795028687,26.68670654296875,0.0003631558793131262,0.39995646476745605
703,63.95652173913044,23,20,0.8695652173913043,2.7525625228881836,121.65031433105469,0.0003645076067186892,4.587978363037109
704,-105.54575163398692,204,201,0.9845424836601308,0.11546207219362259,13.788731575012207,0.00036413222551345825,1.9441893100738525
705,-5.702127659574465,94,83,0.8829787234042553,-0.8195209503173828,33.4422492980957,0.00036468711914494634,4.48000431060791
706,46.06666666666666,50,49,0.9606666666666667,-0.540518045425415,66.62191772460938,0.00037151604192331433,10.78618335723877
707,43.893081761006286,53,52,0.9689308176100629,1.5565459728240967,64.18651580810547,0.000374969415133819,7.783187389373779
708,-109.93269230769232,208,204,0.9806730769230769,-1.047825574874878,15.967181205749512,0.0003685878764372319,0.6550167798995972
709,63.95652173913044,23,20,0.8695652173913043,4.305692195892334,132.99534606933594,0.00037988339317962527,13.85418701171875
710,40.95652173913044,46,40,0.8695652173913043,0.9660848379135132,70.88788604736328,0.0003806481836363673,4.004849433898926
711,49.36879432624113,47,46,0.9636879432624114,0.40137165784835815,69.04460144042969,0.0003802671853918582,0.29654163122177124
712,-9.043613707165115,107,105,0.979563862928349,-0.7859823703765869,32.361549377441406,0.0003797182289417833,1.7171889543533325
713,-106.92195121951221,205,202,0.980780487804878,-0.8664900064468384,16.26081657409668,0.0003797246899921447,1.4370224475860596
714,-7.631578947368418,95,83,0.8736842105263158,-1.1450508832931519,35.41197967529297,0.000380015408154577,2.7211790084838867
715,-7.631578947368413,95,83,0.8736842105263158,-0.8280584216117859,34.560447692871094,0.00038010705611668527,1.4924530982971191
716,40.95652173913044,46,40,0.8695652173913043,0.40239304304122925,69.3871841430664,0.00036171881947666407,0.5610935091972351
717,-7.631578947368414,95,83,0.8736842105263158,-0.16272254288196564,32.29237365722656,0.0003617824404500425,1.075934886932373
718,-4.915857605177994,103,102,0.98084142394822,0.01843365654349327,28.76890754699707,0.0003613464068621397,0.3582218885421753
719,63.95652173913043,23,20,0.8695652173913043,4.274417400360107,128.23341369628906,0.00037021833122707903,12.213942527770996
720,-7.631578947368416,95,83,0.8736842105263158,-0.6487127542495728,33.18556594848633,0.0003709034062922001,3.5114381313323975
721,47.266666666666666,50,49,0.9726666666666667,2.816528797149658,56.65114974975586,0.0003745409776456654,8.010711669921875
722,-7.631578947368421,95,83,0.8736842105263158,0.25197407603263855,31.486278533935547,0.00037461795727722347,1.4284731149673462
723,-7.631578947368418,95,83,0.8736842105263158,-0.7102988958358765,32.42921829223633,0.00037517608143389225,4.140143394470215
724,-110.85964912280703,209,206,0.9814035087719298,-0.6218927502632141,14.990821838378906,0.00037536080344580114,1.4419517517089844
725,59.333333333333336,24,20,0.8333333333333334,-0.6185231804847717,133.1580352783203,0.00039002744597382843,15.267749786376953
726,-9.043613707165111,107,105,0.979563862928349,0.04778732359409332,28.19013023376465,0.00038900377694517374,0.8721862435340881
727,-104.9376026272578,203,200,0.980623973727422,-0.4767359793186188,14.794363975524902,0.0003867943596560508,0.6799790263175964
728,-5.961538461538467,104,103,0.9803846153846154,0.30407434701919556,27.391658782958984,0.00038515363121405244,1.786077857017517
729,46.626666666666665,50,49,0.9662666666666667,0.09214946627616882,59.123992919921875,0.0003853225789498538,1.9296869039535522
730,-106.9479674796748,205,202,0.980520325203252,-0.48397505283355713,14.553414344787598,0.0003852404479403049,0.16800178587436676
731,63.95652173913043,23,20,0.8695652173913043,1.1630723476409912,117.77996063232422,0.00038721493910998106,5.8835062980651855
732,-104.9376026272578,203,200,0.980623973727422,-0.2933567762374878,14.369121551513672,0.0003802322025876492,1.3394320011138916
733,-7.6315789473684195,95,83,0.8736842105263158,-0.5650295615196228,32.139076232910156,0.0003801204729825258,2.8442797660827637
734,40.95652173913043,46,40,0.8695652173913043,0.06988300383090973,67.78042602539062,0.0003812918730545789,4.3481574058532715
735,59.333333333333336,24,20,0.8333333333333334,4.650500774383545,112.73350524902344,0.00040283240377902985,18.832202911376953
736,38.1063829787234,47,40,0.851063829787234,0.5493367910385132,61.68837356567383,0.0004026644164696336,0.1411249041557312
737,-104.93760262725779,203,200,0.980623973727422,0.11357452720403671,13.544049263000488,0.00038167633465491235,4.957481861114502
738,-109.40064102564104,208,206,0.9859935897435897,-0.7278450727462769,15.025818824768066,0.0003808795299846679,0.9845484495162964
739,59.333333333333336,24,20,0.8333333333333334,0.6779148578643799,134.3546600341797,0.00038564743590541184,8.799200057983398
740,-7.631578947368423,95,83,0.8736842105263158,-0.2968950867652893,31.171066284179688,0.0003856482799164951,0.284203439950943
741,-5.961538461538462,104,103,0.9803846153846154,-0.5042277574539185,28.343505859375,0.0003841324069071561,3.1311206817626953
742,63.95652173913044,23,20,0.8695652173913043,2.0959815979003906,124.36310577392578,0.0003842762380372733,1.4010974168777466
743,40.95652173913044,46,40,0.8695652173913043,0.3047291040420532,66.76445007324219,0.00020707282237708569,2.4520304203033447
744,-11.432989690721651,97,83,0.8556701030927835,-0.5327463150024414,33.172428131103516,0.00020702567417174578,0.4465343654155731
745,-2.8151815181518303,101,100,0.9818481848184818,0.017044220119714737,29.31119155883789,0.0002069817273877561,0.42891210317611694
746,38.10638297872341,47,40,0.851063829787234,-0.5043028593063354,66.97998809814453,0.0002074078656733036,5.127540588378906
747,-104.76026272577998,203,200,0.9823973727422003,-1.0028002262115479,14.546747207641602,0.00020736521400976926,0.9233006238937378
748,-9.541666666666655,96,83,0.8645833333333334,-0.36635687947273254,32.659019470214844,0.00020544494327623397,1.753476858139038
749,59.33333333333334,24,20,0.8333333333333334,0.796521782875061,125.8437271118164,0.00020635288092307746,5.38140869140625
750,-7.051282051282055,104,101,0.9694871794871794,-0.054634857922792435,27.00088882446289,0.00020572073117364198,0.5074104070663452
751,46.56410256410256,52,52,0.9856410256410256,0.7707682847976685,57.95241165161133,0.00020583710283972323,2.21469783782959
752,-4.915032679738564,102,100,0.9708496732026144,-0.36037322878837585,27.206878662109375,0.000205506308702752,1.3987374305725098
753,40.95652173913043,46,40,0.8695652173913043,-0.5615168809890747,64.56687927246094,0.00020851385488640517,7.523525238037109
754,-7.051282051282056,104,101,0.9694871794871794,-0.21574081480503082,26.344478607177734,0.00020642197341658175,1.9565554857254028
755,-105.44117647058823,204,202,0.9855882352941177,-0.427837610244751,13.700939178466797,0.00020631338702514768,0.04936981201171875
756,47.13333333333333,50,49,0.9713333333333334,-0.2869752049446106,53.168399810791016,0.00020693399710580707,4.11273717880249
757,-6.480769230769237,104,102,0.9751923076923077,-0.22046130895614624,25.562585830688477,0.00020685457275249064,1.1844286918640137
758,63.95652173913043,23,20,0.8695652173913043,0.04506823420524597,123.3021469116211,0.0002093163348035887,7.180666446685791
759,46.626666666666665,50,49,0.9662666666666667,-0.39047956466674805,57.116214752197266,0.00020872525055892766,4.537084102630615
760,40.95652173913043,46,40,0.8695652173913043,0.4951530396938324,60.863494873046875,0.0002087828324874863,1.8322983980178833
761,-2.8151815181518254,101,100,0.9818481848184818,0.27430781722068787,26.38292121887207,0.0002087469183607027,0.726811945438385
762,63.95652173913043,23,20,0.8695652173913043,0.43745583295822144,119.41362762451172,0.00020735245198011398,7.897025108337402
763,43.888888888888886,45,40,0.8888888888888888,0.924870491027832,63.51869201660156,0.00020468955335672945,2.5447020530700684
764,43.893081761006286,53,52,0.9689308176100629,0.1257355511188507,55.45345687866211,0.00020456782658584416,1.070737600326538
765,-5.317152103559868,103,101,0.9768284789644013,-0.022652070969343185,25.33833122253418,0.00019876050646416843,1.8158457279205322
766,63.95652173913043,23,20,0.8695652173913043,1.4549649953842163,121.77619171142578,0.00019711870118044317,0.32999029755592346
767,59.333333333333336,24,20,0.8333333333333334,2.396196126937866,116.40216827392578,0.00015628804976586252,8.937703132629395
768,-7.107936507936509,105,104,0.978920634920635,-0.7311264872550964,23.134937286376953,0.00015267488197423518,2.13260555267334
769,-9.54166666666666,96,83,0.8645833333333334,-0.255806028842926,28.765485763549805,0.00015257163613568991,0.2790428102016449
770,-4.915857605178001,103,102,0.98084142394822,0.23804722726345062,24.950584411621094,0.0001525597763247788,1.418156623840332
771,-100.71524288107203,199,196,0.9828475711892797,-0.2709735929965973,13.26390552520752,0.0001527703134343028,1.700722098350525
772,-5.317152103559877,103,101,0.9768284789644013,0.5115541219711304,21.475677490234375,0.00013264287554193288,3.286984920501709
773,-7.051282051282065,104,101,0.9694871794871794,-0.1952420175075531,22.32129669189453,0.00013276078971102834,2.005841016769409
774,-7.631578947368412,95,83,0.8736842105263158,0.31568005681037903,27.55523681640625,0.00013046969252172858,1.1505024433135986
775,-7.631578947368414,95,83,0.8736842105263158,-0.34874311089515686,26.102066040039062,0.0001308167993556708,3.324735403060913
776,43.893081761006286,53,52,0.9689308176100629,-0.2372722178697586,43.473899841308594,0.00013156024215277284,3.9788355827331543
777,-6.4807692307692335,104,102,0.9751923076923077,0.06324085593223572,23.47199821472168,0.00013194391794968396,2.025442600250244
778,63.95652173913043,23,20,0.8695652173913043,2.3256218433380127,105.36959075927734,0.00014857345377095044,18.395103454589844
779,63.95652173913043,23,20,0.8695652173913043,-0.04976959526538849,122.24880981445312,0.000151695086969994,7.627852439880371
780,-9.541666666666664,96,83,0.8645833333333334,-1.1392372846603394,25.379817962646484,0.00015189505938906223,2.1993305683135986
781,-9.541666666666664,96,83,0.8645833333333334,-0.8437911868095398,27.46131134033203,0.0001507749839220196,0.8605208396911621
782,63.95652173913044,23,20,0.8695652173913043,1.3387235403060913,125.33908081054688,0.0001516829215688631,3.4862871170043945
783,-4.915857605178004,103,102,0.98084142394822,-0.6725332140922546,26.87613868713379,0.0001516356715001166,0.32879212498664856
784,40.95652173913043,46,40,0.8695652173913043,0.3855660855770111,53.15334701538086,0.0001519533252576366,2.2012484073638916
785,-7.631578947368412,95,83,0.8736842105263158,-0.4390423595905304,22.172412872314453,0.00015217029431369156,2.2572741508483887
786,46.62666666666667,50,49,0.9662666666666667,0.3757157325744629,47.788997650146484,0.00015231106954161078,1.2586687803268433
787,-9.541666666666668,96,83,0.8645833333333334,-0.29216527938842773,24.884984970092773,0.00015210604760795832,3.7128946781158447
788,59.33333333333334,24,20,0.8333333333333334,-1.1490603685379028,89.4413070678711,0.00015673867892473936,11.676751136779785
789,63.95652173913043,23,20,0.8695652173913043,1.8601348400115967,95.60578155517578,0.0001578308583702892,4.761239051818848
790,46.62666666666667,50,49,0.9662666666666667,-0.27381381392478943,50.930057525634766,0.00015764245472382754,0.11115139722824097
791,48.68707482993197,49,48,0.9768707482993197,-0.7691113352775574,44.13296127319336,0.0001575391652295366,2.4143030643463135
792,46.75163398692809,51,51,0.977516339869281,-0.8645690083503723,45.253173828125,0.0001553594775032252,2.7785940170288086
793,-9.541666666666666,96,83,0.8645833333333334,-0.44117259979248047,20.950374603271484,0.00015518245345447212,0.7795746326446533
794,59.33333333333334,24,20,0.8333333333333334,-0.8333775401115417,100.30680847167969,0.00015738442016299814,6.51893949508667
795,-4.59223300970875,103,102,0.9840776699029126,0.42744213342666626,29.545259475708008,0.00015743849507998675,1.5245076417922974
796,-7.631578947368415,95,83,0.8736842105263158,-0.12867778539657593,21.724380493164062,0.00015783669368829578,3.148042678833008
797,47.62585034013605,49,48,0.9662585034013605,-0.3209882378578186,37.4420280456543,0.0001579819363541901,1.121445655822754
798,-9.54166666666666,96,83,0.8645833333333334,-0.05325400084257126,21.104019165039062,0.00015772751066833735,0.6029544472694397
799,63.95652173913043,23,20,0.8695652173913043,-0.27941063046455383,86.75760650634766,0.0001582320692250505,3.684044122695923
800,63.95652173913043,23,20,0.8695652173913043,0.5674459338188171,86.7272720336914,0.00015753130719531327,0.5494008660316467
801,-7.051282051282062,104,101,0.9694871794871794,1.0286670923233032,23.070831298828125,0.00015745511336717755,0.7297666072845459
802,-108.53945249597423,207,204,0.9846054750402576,0.44717925786972046,24.74431800842285,0.00015740258095320314,0.6492047905921936
803,40.95652173913044,46,40,0.8695652173913043,1.3877692222595215,47.34724044799805,0.00015818730753380805,5.706080436706543
804,-9.541666666666654,96,83,0.8645833333333334,0.35957735776901245,18.93468475341797,0.0001578402443556115,0.21477682888507843
805,63.95652173913043,23,20,0.8695652173913043,-1.6027132272720337,92.80158996582031,0.00016376725398004055,11.142960548400879
806,-110.01282051282053,208,204,0.9798717948717949,0.23079831898212433,23.71190643310547,0.00015739967057015747,0.4444047212600708
807,63.95652173913043,23,20,0.8695652173913043,1.619508981704712,77.19705963134766,0.00015647168038412929,6.81947660446167
808,-6.48076923076923,104,102,0.9751923076923077,0.7673585414886475,29.77484130859375,0.00015675704344175756,2.2876853942871094
809,46.46153846153847,52,52,0.9846153846153847,-0.39047878980636597,40.48781967163086,0.00014445063425228,3.695600986480713
810,-4.915857605177993,103,102,0.98084142394822,-0.42991843819618225,49.009517669677734,0.0001434866717318073,3.251073122024536
811,40.95652173913043,46,40,0.8695652173913043,-0.43117666244506836,83.24284362792969,0.00014349506818689406,1.3773850202560425
812,-9.54166666666666,96,83,0.8645833333333334,-1.4539477825164795,37.85609436035156,0.0001435782905900851,2.272474765777588
813,46.73333333333333,50,49,0.9673333333333334,-1.7366362810134888,106.48242950439453,0.00014663409092463553,8.201826095581055
814,-8.937694704049846,107,106,0.9806230529595016,0.5156060457229614,31.854188919067383,0.00014711884432472289,2.5220460891723633
815,63.95652173913043,23,20,0.8695652173913043,1.494576096534729,90.46060943603516,0.00014719023602083325,0.455154687166214
816,48.68707482993197,49,48,0.9768707482993197,0.7371015548706055,44.48822784423828,0.00014718827151227742,1.0083770751953125
817,63.95652173913044,23,20,0.8695652173913043,3.8159093856811523,94.83683776855469,0.0001595154171809554,13.512874603271484
818,-4.254901960784317,102,100,0.9774509803921568,0.36339589953422546,22.727720260620117,0.00016018675523810089,3.586332321166992
819,40.95652173913042,46,40,0.8695652173913043,-1.345779538154602,59.66918182373047,0.00015387432358693331,8.988619804382324
820,-99.21885521885523,198,196,0.9878114478114478,-0.9274303913116455,19.40422821044922,0.00015350534522440284,0.06263028085231781
821,49.027210884353735,49,49,0.9802721088435374,-1.2272753715515137,76.0224380493164,0.00014892415492795408,3.2938294410705566
822,-110.85964912280703,209,206,0.9814035087719298,-0.7004105448722839,19.902446746826172,0.00014867160643916577,0.35387900471687317
823,-108.53945249597423,207,204,0.9846054750402576,-1.0113606452941895,15.42151927947998,0.00014820990327280015,2.5437798500061035
824,49.36879432624113,47,46,0.9636879432624114,0.7292945981025696,39.62820816040039,0.0001488754351157695,2.3593785762786865
825,-7.1079365079365076,105,104,0.978920634920635,-0.5760349631309509,20.39226722717285,0.00013698778639081866,4.59995174407959
826,-9.541666666666668,96,83,0.8645833333333334,0.08317934721708298,20.783632278442383,0.00013700302224606276,1.326958179473877
827,46.62666666666667,50,49,0.9662666666666667,0.4517389237880707,45.08658218383789,0.000137630631797947,2.3703227043151855
828,-3.359477124183004,102,101,0.9864052287581699,0.5771143436431885,23.294769287109375,0.0001383534399792552,3.930943012237549
829,40.95652173913043,46,40,0.8695652173913043,-0.25697875022888184,44.13351821899414,0.00013850767572876066,2.7513930797576904
830,-4.59223300970875,103,102,0.9840776699029126,0.020130295306444168,23.76618003845215,0.00013851452968083322,0.1289392113685608
831,-2.815181518151831,101,100,0.9818481848184818,-0.6066368818283081,21.191688537597656,0.00013692058564629406,0.8838613629341125
832,59.33333333333334,24,20,0.8333333333333334,0.6882681250572205,105.23441314697266,0.000137664086651057,3.2168798446655273
833,63.95652173913043,23,20,0.8695652173913043,-0.2644224166870117,96.35625457763672,0.0001375635911244899,2.4106972217559814
834,-9.541666666666668,96,83,0.8645833333333334,-1.284777283668518,22.401723861694336,0.00013677823881153017,1.3167204856872559
835,47.26666666666666,50,49,0.9726666666666667,-0.43819472193717957,39.59109115600586,0.00011317869939375669,2.6310203075408936
836,-9.541666666666668,96,83,0.8645833333333334,-0.699411153793335,24.59960174560547,0.00011315994197502732,0.14791405200958252
837,47.13333333333333,50,49,0.9713333333333334,-0.30257174372673035,32.12894058227539,0.00011176036059623584,2.53648042678833
838,-7.631578947368418,95,83,0.8736842105263158,-0.16707353293895721,25.24695587158203,0.00011154779349453747,0.38726356625556946
839,49.02721088435374,49,49,0.9802721088435374,0.06745712459087372,39.51049041748047,0.00013662231503985822,21.822168350219727
840,46.73333333333333,50,49,0.9673333333333334,0.11611754447221756,43.21366882324219,0.00013675303489435464,1.0234954357147217
841,-9.541666666666655,96,83,0.8645833333333334,-0.9441147446632385,23.282215118408203,0.00013695986126549542,4.239744186401367
842,59.333333333333336,24,20,0.8333333333333334,-0.6048747301101685,92.50357818603516,0.0001386837539030239,6.727512359619141
843,-106.92195121951221,205,202,0.980780487804878,-0.06446316838264465,19.07826805114746,0.0001387062802677974,0.6305720806121826
844,47.13333333333334,50,49,0.9713333333333334,-0.44681912660598755,36.64663314819336,0.00013927418331149966,2.135112762451172
845,43.888888888888886,45,40,0.8888888888888888,0.37731584906578064,35.91761779785156,0.00014062790432944894,3.802680730819702
846,40.95652173913044,46,40,0.8695652173913043,-0.0544205866754055,34.7540168762207,0.0001395764556946233,0.20235823094844818
847,59.33333333333334,24,20,0.8333333333333334,-0.4604480266571045,86.56980895996094,0.00014011442544870079,4.1078009605407715
848,-100.66834170854271,199,196,0.9833165829145729,0.7840593457221985,17.630168914794922,0.00014049868332222104,2.0697851181030273
849,47.29931972789115,49,48,0.9629931972789115,0.3845016658306122,44.22256851196289,0.00013935338938608766,2.282078981399536
850,-9.54166666666667,96,83,0.8645833333333334,-0.16417498886585236,19.83575439453125,0.0001393785933032632,0.4239218533039093
851,40.95652173913044,46,40,0.8695652173913043,-0.3249281048774719,38.118499755859375,0.00013881117047276348,0.7634885907173157
852,-5.7021276595744705,94,83,0.8829787234042553,-0.929533839225769,18.107513427734375,0.00013880770711693913,1.3414298295974731
853,-5.71844660194175,103,101,0.9728155339805825,-0.7492883801460266,26.702966690063477,0.00013647186278831214,1.9092185497283936
854,-104.76026272577998,203,200,0.9823973727422003,-0.4760846793651581,19.619598388671875,0.0001363281044177711,0.3246287703514099
855,49.36879432624113,47,46,0.9636879432624114,0.13483445346355438,46.92023468017578,0.00013639921962749213,0.5889892578125
856,-4.25490196078432,102,100,0.9774509803921568,0.36369606852531433,31.082801818847656,0.00013619720994029194,2.1919963359832764
857,46.46153846153847,52,52,0.9846153846153847,-0.699144184589386,40.114341735839844,0.00013616934302262962,0.757931113243103
858,-7.631578947368416,95,83,0.8736842105263158,-1.154373049736023,26.618032455444336,0.00013488504919223487,5.31683349609375
859,40.95652173913043,46,40,0.8695652173913043,-0.03928801417350769,36.74992370605469,0.00013403109915088862,0.5894778370857239
860,47.625850340136054,49,48,0.9662585034013605,-1.8497401475906372,36.38532638549805,0.00013538580969907343,5.252130031585693
861,-9.541666666666666,96,83,0.8645833333333334,-0.5956581830978394,26.730213165283203,0.00013535468315239996,1.513298749923706
862,-9.541666666666671,96,83,0.8645833333333334,-0.14940419793128967,25.37470245361328,0.0001321159943472594,0.35064318776130676
863,46.7516339869281,51,51,0.977516339869281,0.7492748498916626,36.65108871459961,0.0001326317578786984,3.6797235012054443
864,38.1063829787234,47,40,0.851063829787234,0.30545464158058167,36.776649475097656,0.00013413678971119225,4.465677261352539
865,-104.9376026272578,203,200,0.980623973727422,0.26092466711997986,14.727845191955566,0.00013381685130298138,0.5702456831932068
866,43.893081761006286,53,52,0.9689308176100629,-1.0082767009735107,36.7043342590332,0.00013390932872425765,1.7547184228897095
867,-4.915032679738562,102,100,0.9708496732026144,-0.7704570889472961,22.074195861816406,0.00012835024972446263,1.090024471282959
868,-3.764705882352946,102,101,0.9823529411764705,-0.14390283823013306,21.519065856933594,0.00012842510477639735,1.2854950428009033
869,-7.631578947368415,95,83,0.8736842105263158,-0.8852909803390503,18.73750877380371,0.0001285730249946937,2.377121686935425
870,63.95652173913044,23,20,0.8695652173913043,-0.3841705918312073,77.49031829833984,0.00012974430865142494,5.467686653137207
871,-2.815181518151824,101,100,0.9818481848184818,-0.12346628308296204,22.15862274169922,0.00012952325050719082,0.5476019382476807
872,47.266666666666666,50,49,0.9726666666666667,-1.1614857912063599,34.84208297729492,0.00013153697364032269,7.750206470489502
873,40.95652173913044,46,40,0.8695652173913043,-1.0915472507476807,42.70672607421875,0.00013256786041893065,5.0757012367248535
874,-7.631578947368413,95,83,0.8736842105263158,-0.26922163367271423,19.086034774780273,0.00013253894576337188,0.8516740202903748
875,48.68707482993197,49,48,0.9768707482993197,-0.6053474545478821,32.6959228515625,0.00013217258674558252,0.2979954481124878
876,47.299319727891145,49,48,0.9629931972789115,0.4009999930858612,44.04191207885742,0.0001322020689258352,2.51193904876709
877,40.95652173913044,46,40,0.8695652173913043,-0.13252106308937073,44.06767654418945,0.00013182470866013318,0.4964068830013275
878,-109.40064102564104,208,206,0.9859935897435897,-0.5597889423370361,15.377801895141602,0.0001102743626688607,2.390817642211914
879,-4.254901960784318,102,100,0.9774509803921568,-0.7148507237434387,18.997011184692383,0.00010761567682493478,2.531587600708008
880,-105.44117647058825,204,202,0.9855882352941177,0.2125866860151291,11.227896690368652,0.00010767321509774774,0.8916168212890625
881,59.33333333333333,24,20,0.8333333333333334,0.6824469566345215,86.70479583740234,0.00010890761768678203,3.9091527462005615
882,46.73333333333333,50,49,0.9673333333333334,-1.1320784091949463,41.173309326171875,0.00010785791528178379,1.875458002090454
883,-7.631578947368417,95,83,0.8736842105263158,0.2674046754837036,15.484170913696289,0.00010833000123966485,2.187823534011841
884,-9.541666666666657,96,83,0.8645833333333334,-0.06313998252153397,17.925392150878906,0.00010782143363030627,1.4404300451278687
885,-9.043613707165111,107,105,0.979563862928349,0.4519086182117462,21.304407119750977,0.00010777819261420518,0.37362322211265564
886,59.33333333333334,24,20,0.8333333333333334,-0.44060003757476807,85.24903869628906,0.00010838011803571135,4.5828351974487305
887,-109.93269230769232,208,204,0.9806730769230769,0.6971710324287415,11.43303394317627,0.0001079857611330226,0.5405471920967102
888,-7.631578947368414,95,83,0.8736842105263158,-0.35164669156074524,20.28125,0.00010081557411467656,2.3896894454956055
889,63.95652173913044,23,20,0.8695652173913043,-0.8680937886238098,66.17952728271484,0.00010028330143541098,5.461586952209473
890,40.95652173913043,46,40,0.8695652173913043,-0.4342253804206848,35.85964584350586,0.00010025231313193217,1.150910496711731
891,40.95652173913043,46,40,0.8695652173913043,-0.412888765335083,32.68143844604492,0.00010011313861468807,1.3339159488677979
892,49.027210884353735,49,49,0.9802721088435374,-1.2769807577133179,32.87373352050781,0.00010104133980348706,5.179766654968262
893,40.95652173913043,46,40,0.8695652173913043,-0.6894371509552002,39.522727966308594,0.00010149106674361974,3.565406560897827
894,63.95652173913043,23,20,0.8695652173913043,-0.846839964389801,80.65007781982422,9.993378625949845e-05,3.4587347507476807
895,38.1063829787234,47,40,0.851063829787234,-0.709356963634491,30.769437789916992,0.00010002990165958181,2.269015073776245
896,-3.4224422442244196,101,99,0.9757755775577558,0.11673236638307571,16.988113403320312,9.970552491722628e-05,1.0199832916259766
897,-5.718446601941755,103,101,0.9728155339805825,-0.13469575345516205,17.906841278076172,9.959566523320973e-05,0.4283965528011322
898,47.26666666666666,50,49,0.9726666666666667,0.2686169445514679,31.316221237182617,9.963961929315701e-05,0.11582107096910477
899,43.704402515723274,53,52,0.9670440251572328,-0.7068150043487549,33.86862564086914,9.924812911776826e-05,0.7013201713562012
900,59.333333333333336,24,20,0.8333333333333334,0.14036200940608978,68.40708923339844,9.92706191027537e-05,0.13983628153800964
901,43.88888888888887,45,40,0.8888888888888888,-1.5680696964263916,53.555267333984375,0.00010193014168180525,7.572933197021484
902,40.95652173913043,46,40,0.8695652173913043,-0.5891315937042236,36.3290901184082,0.00010194670176133513,1.4341614246368408
903,40.95652173913043,46,40,0.8695652173913043,-0.8526345491409302,45.07034683227539,9.930956002790481e-05,1.906132698059082
904,-104.76026272577998,203,200,0.9823973727422003,-1.1038193702697754,14.547348022460938,9.943095938069746e-05,0.8821590542793274
905,63.95652173913043,23,20,0.8695652173913043,-2.8075478076934814,76.28562927246094,0.00011123064177809283,18.15015411376953
906,47.13333333333333,50,49,0.9713333333333334,-0.752683162689209,35.646583557128906,0.00011117292888229713,0.41203773021698
907,59.333333333333336,24,20,0.8333333333333334,0.17875739932060242,73.60911560058594,0.00010747725173132494,0.33969369530677795
908,40.95652173913043,46,40,0.8695652173913043,-0.30722492933273315,37.901737213134766,0.00010729792120400816,0.17469049990177155
909,63.95652173913042,23,20,0.8695652173913043,0.11286907643079758,70.3029556274414,0.00010688455950003117,1.5094937086105347
910,-11.432989690721659,97,83,0.8556701030927835,-1.1615387201309204,21.417823791503906,0.00010663200373528525,2.294518232345581
911,47.266666666666666,50,49,0.9726666666666667,-0.3998572826385498,37.89284133911133,0.00010663065768312663,1.3547409772872925
912,-7.051282051282056,104,101,0.9694871794871794,-0.7044851183891296,18.608322143554688,0.00010689428017940372,2.2802605628967285
913,-9.541666666666668,96,83,0.8645833333333334,0.08325553685426712,19.80559730529785,0.00010433991701574996,2.2979633808135986
914,-7.631578947368411,95,83,0.8736842105263158,0.3477824628353119,19.703388214111328,0.0001041721916408278,2.0945820808410645
915,-100.66834170854271,199,196,0.9833165829145729,0.33677980303764343,10.321856498718262,0.00010408416710561141,0.2473674714565277
916,40.95652173913043,46,40,0.8695652173913043,1.3401285409927368,42.91319274902344,0.00010660640691639856,5.495129108428955
917,-109.40064102564102,208,206,0.9859935897435897,-0.035445865243673325,10.39775276184082,9.387359750689939e-05,1.5988543033599854
918,63.95652173913043,23,20,0.8695652173913043,0.7714694738388062,68.60164642333984,9.432047954760492e-05,3.3285868167877197
919,38.10638297872341,47,40,0.851063829787234,-0.1146969273686409,45.62543487548828,9.049593791132793e-05,0.7885099649429321
920,-9.541666666666664,96,83,0.8645833333333334,-0.6906043291091919,18.162220001220703,9.04561165953055e-05,1.345813512802124
921,-100.71524288107204,199,196,0.9828475711892797,-0.4446762204170227,11.116778373718262,9.012755617732182e-05,0.19183242321014404
922,59.33333333333333,24,20,0.8333333333333334,-0.2845730483531952,71.46349334716797,9.00992308743298e-05,0.12914831936359406
923,63.95652173913043,23,20,0.8695652173913043,0.7040548324584961,68.58023071289062,9.170262637780979e-05,4.556718349456787
924,40.95652173913044,46,40,0.8695652173913043,-0.20308826863765717,42.66318893432617,9.114017302636057e-05,1.7731443643569946
925,43.888888888888886,45,40,0.8888888888888888,0.27489185333251953,48.555389404296875,9.040236909640953e-05,2.330151081085205
926,43.893081761006286,53,52,0.9689308176100629,0.04487697407603264,54.578975677490234,9.044742182595655e-05,1.752606749534607
927,-9.541666666666666,96,83,0.8645833333333334,0.8997202515602112,19.295684814453125,9.03437176020816e-05,2.090894937515259
928,63.95652173913042,23,20,0.8695652173913043,-0.8316041231155396,74.18917083740234,9.097225847654045e-05,6.238361358642578
929,-4.254901960784322,102,100,0.9774509803921568,0.09513475745916367,14.309560775756836,9.0785812062677e-05,0.4145399332046509
930,46.46153846153847,52,52,0.9846153846153847,-1.0830291509628296,30.851119995117188,9.080971358343959e-05,0.27449390292167664
931,-7.631578947368409,95,83,0.8736842105263158,-0.8095669150352478,16.14475440979004,9.082657925318927e-05,1.3790897130966187
932,-7.631578947368418,95,83,0.8736842105263158,-0.26578930020332336,16.276233673095703,9.035764378495514e-05,2.1461050510406494
933,-3.359477124183012,102,101,0.9864052287581699,-0.43599534034729004,21.0416259765625,9.04594489838928e-05,1.1488896608352661
934,-9.54166666666666,96,83,0.8645833333333334,-0.8828033804893494,16.735271453857422,9.056812996277586e-05,2.2587974071502686
935,49.36879432624113,47,46,0.9636879432624114,0.09005142003297806,19.485231399536133,9.05617926036939e-05,0.9271078109741211
936,40.95652173913042,46,40,0.8695652173913043,-2.0770421028137207,38.26527786254883,9.66118459473364e-05,10.81019401550293
937,63.95652173913043,23,20,0.8695652173913043,0.7263286709785461,60.222206115722656,9.812135249376297e-05,5.11899471282959
938,-109.40064102564102,208,206,0.9859935897435897,0.6112415790557861,12.668599128723145,9.841543214861304e-05,1.4864519834518433
939,-105.44117647058825,204,202,0.9855882352941177,0.5647096633911133,10.828575134277344,6.942411710042506e-05,0.6302424073219299
940,40.95652173913043,46,40,0.8695652173913043,-1.1066433191299438,36.068946838378906,7.063573139021173e-05,5.755166053771973
941,40.95652173913043,46,40,0.8695652173913043,0.1911894530057907,31.321956634521484,7.078728231135756e-05,2.8203530311584473
942,63.95652173913044,23,20,0.8695652173913043,-1.2686327695846558,53.80335235595703,6.960587779758498e-05,4.7575788497924805
943,47.26666666666666,50,49,0.9726666666666667,-0.3751465678215027,23.850683212280273,6.961137114558369e-05,2.424978017807007
944,63.95652173913043,23,20,0.8695652173913043,-0.6509940028190613,62.674320220947266,6.909990042913705e-05,0.0738111138343811
945,40.95652173913043,46,40,0.8695652173913043,-1.2128723859786987,32.192657470703125,6.881170702399686e-05,5.208878993988037
946,59.33333333333334,24,20,0.8333333333333334,0.14499877393245697,62.01576614379883,6.969459354877472e-05,2.9759228229522705
947,-5.702127659574464,94,83,0.8829787234042553,-0.6402491927146912,20.92032241821289,6.985831714700907e-05,4.507680892944336
948,-4.915857605178001,103,102,0.98084142394822,-0.024472413584589958,15.83305549621582,6.92892717779614e-05,1.2141203880310059
949,63.95652173913044,23,20,0.8695652173913043,0.45962443947792053,54.471534729003906,7.07320068613626e-05,4.024613380432129
950,40.95652173913044,46,40,0.8695652173913043,-0.9270288944244385,33.28556442260742,7.105262920958921e-05,3.4079949855804443
951,-7.631578947368418,95,83,0.8736842105263158,0.14921796321868896,18.305450439453125,7.125591218937188e-05,0.8552133440971375
952,49.36879432624113,47,46,0.9636879432624114,0.4812328815460205,21.24252700805664,7.206945883808658e-05,2.7084498405456543
953,59.33333333333334,24,20,0.8333333333333334,-0.014627902768552303,74.17662048339844,7.21394462743774e-05,2.098614454269409
954,59.333333333333336,24,20,0.8333333333333334,0.7056019902229309,65.94596862792969,7.570996967842802e-05,6.742562770843506
955,40.95652173913044,46,40,0.8695652173913043,-0.6227068305015564,37.723228454589844,7.619014650117606e-05,4.019157886505127
956,63.95652173913043,23,20,0.8695652173913043,0.5917444825172424,58.94146728515625,7.66515004215762e-05,3.226797580718994
957,40.95652173913043,46,40,0.8695652173913043,0.7495760917663574,31.395627975463867,7.738833664916456e-05,2.586487054824829
958,38.1063829787234,47,40,0.851063829787234,-0.09610114246606827,37.4062385559082,7.624219142599031e-05,0.41220206022262573
959,43.888888888888886,45,40,0.8888888888888888,0.0626685842871666,34.97825241088867,7.63206699048169e-05,0.9903271198272705
960,63.95652173913043,23,20,0.8695652173913043,0.541315495967865,66.1657485961914,7.598647789563984e-05,3.369899272918701
961,40.95652173913042,46,40,0.8695652173913043,-0.4429108500480652,33.46826171875,7.595658098580316e-05,0.3505652844905853
962,-7.631578947368411,95,83,0.8736842105263158,-0.27145126461982727,17.533098220825195,7.5913718319498e-05,1.4070842266082764
963,-110.85964912280703,209,206,0.9814035087719298,0.03352167084813118,14.338930130004883,7.493859448004514e-05,1.203214406967163
964,40.95652173913043,46,40,0.8695652173913043,-0.2991805374622345,32.78330993652344,7.328037463594228e-05,1.6347390413284302
965,47.299319727891145,49,48,0.9629931972789115,0.769107460975647,28.958993911743164,7.351506792474538e-05,1.1679081916809082
966,47.266666666666666,50,49,0.9726666666666667,-0.42633700370788574,22.210634231567383,0.00014202877355273813,33.271583557128906
967,-2.9537953795379646,101,100,0.9804620462046204,-0.22777850925922394,33.93242263793945,0.00014246723731048405,2.058760404586792
968,-105.44117647058825,204,202,0.9855882352941177,-0.8456138372421265,25.44953155517578,0.000142270524520427,1.3670401573181152
969,-5.7021276595744705,94,83,0.8829787234042553,0.04004635289311409,19.78868865966797,0.00014211691450327635,1.3476226329803467
970,43.70440251572327,53,52,0.9670440251572328,-0.46007266640663147,20.01110076904297,0.0001406880037393421,0.22980204224586487
971,-6.480769230769239,104,102,0.9751923076923077,0.23899702727794647,17.618818283081055,0.00014083590940572321,2.153798818588257
972,46.626666666666665,50,49,0.9662666666666667,-0.27226030826568604,25.691957473754883,0.00013769474753644317,0.18763937056064606
973,-9.54166666666666,96,83,0.8645833333333334,0.20006416738033295,23.884679794311523,0.0001364641502732411,0.47052067518234253
974,38.1063829787234,47,40,0.851063829787234,-0.485525906085968,54.696529388427734,0.00013644651335198432,1.7155120372772217
975,46.626666666666665,50,49,0.9662666666666667,-0.9276863932609558,55.05216979980469,0.00013658001262228936,2.000596761703491
976,-100.71524288107204,199,196,0.9828475711892797,0.7199739217758179,16.55255126953125,0.00013611816393677145,0.7751901149749756
977,-5.702127659574477,94,83,0.8829787234042553,0.47943541407585144,22.531572341918945,0.00013608706649392843,1.3040813207626343
978,59.333333333333336,24,20,0.8333333333333334,2.2077245712280273,65.23421478271484,0.00013986231351736933,7.54194450378418
979,-5.317152103559879,103,101,0.9768284789644013,0.2838946580886841,18.286476135253906,0.00013980867515783757,2.2793617248535156
980,-3.3594771241830084,102,101,0.9864052287581699,0.6251428723335266,17.353940963745117,0.00013971082807984203,0.01610085554420948
981,-2.8151815181518294,101,100,0.9818481848184818,0.1314704418182373,23.956073760986328,0.00013875652803108096,2.4635016918182373
982,-8.937694704049845,107,106,0.9806230529595016,-0.11799299716949463,33.54850769042969,0.00013866824156139046,0.1307564079761505
983,-108.53945249597425,207,204,0.9846054750402576,-0.1840009242296219,15.954215049743652,0.00013856968143954873,1.8750395774841309
984,-9.541666666666666,96,83,0.8645833333333334,-0.31251466274261475,22.01589012145996,0.00013873475836589932,1.4523152112960815
985,40.95652173913043,46,40,0.8695652173913043,-0.5667641162872314,42.384925842285156,0.00013874866999685764,1.4502352476119995
986,-7.107936507936514,105,104,0.978920634920635,-0.44395744800567627,14.691971778869629,0.0001377069129375741,0.5467121601104736
987,-100.66834170854271,199,196,0.9833165829145729,-0.09700781852006912,7.757044315338135,0.00013772283273283392,0.6432314515113831
988,47.13333333333333,50,49,0.9713333333333334,-0.45393234491348267,24.102956771850586,0.00013780184963252395,2.702465295791626
989,47.299319727891145,49,48,0.9629931972789115,0.7807935476303101,39.51163864135742,0.00013629786553792655,0.5281312465667725
990,40.95652173913044,46,40,0.8695652173913043,0.11638730764389038,33.84973907470703,0.0001363334449706599,0.684630274772644
991,-9.541666666666668,96,83,0.8645833333333334,-0.4336862862110138,16.29395294189453,0.00013646049774251878,1.3629974126815796
992,47.13333333333334,50,49,0.9713333333333334,-0.7735148072242737,31.679933547973633,0.00013503241643775254,0.6617833971977234
993,63.95652173913043,23,20,0.8695652173913043,-0.5517997145652771,63.1796760559082,0.0001348233054159209,2.9951624870300293
994,40.95652173913043,46,40,0.8695652173913043,-0.8052668571472168,34.5133056640625,0.00013490693527273834,3.6675047874450684
995,63.95652173913043,23,20,0.8695652173913043,0.4126565456390381,61.67827606201172,0.00013486872194334865,1.5322656631469727
996,-4.59223300970875,103,102,0.9840776699029126,-0.2274588793516159,15.381949424743652,0.0001349337981082499,1.467542052268982
997,40.95652173913043,46,40,0.8695652173913043,0.23185692727565765,37.47853469848633,0.00013501752982847393,1.03348708152771
998,-4.59223300970875,103,102,0.9840776699029126,-0.3548513352870941,14.234757423400879,0.0001350191596429795,0.02031756192445755
999,-100.71524288107204,199,196,0.9828475711892797,-0.6229293942451477,10.591973304748535,0.00013499560009222478,0.4075588881969452
1000,-110.85964912280701,209,206,0.9814035087719298,-0.5196650624275208,8.905610084533691,0.0001349950471194461,0.3970300257205963
1001,63.95652173913044,23,20,0.8695652173913043,-1.1968836784362793,56.50465393066406,0.00013224984286352992,3.2552945613861084
1002,-9.54166666666666,96,83,0.8645833333333334,-1.1427439451217651,16.428600311279297,0.0001324894983554259,2.544898509979248
1003,-4.25490196078432,102,100,0.9774509803921568,-0.28355807065963745,13.035418510437012,0.00013236922677606344,0.6965933442115784
1004,43.893081761006286,53,52,0.9689308176100629,0.0996815413236618,25.59108543395996,0.00013325408508535475,3.7290945053100586
1005,47.29931972789115,49,48,0.9629931972789115,-0.34171831607818604,29.337623596191406,0.00011367788101779297,2.8706576824188232
1006,43.88888888888888,45,40,0.8888888888888888,-1.4231468439102173,30.901628494262695,0.00011630239896476269,6.5893049240112305
1007,63.95652173913043,23,20,0.8695652173913043,-1.1169991493225098,58.89982223510742,0.0001172621559817344,4.09945821762085
1008,-3.4224422442244262,101,99,0.9757755775577558,-0.6822008490562439,16.479352951049805,0.00011741407797671854,1.7302775382995605
1009,-9.541666666666663,96,83,0.8645833333333334,-0.8700640797615051,17.890527725219727,0.00011730298137990758,0.3187008798122406
1010,-9.541666666666666,96,83,0.8645833333333334,-0.5086377263069153,15.773921966552734,0.000117130322905723,1.2328181266784668
1011,-9.541666666666664,96,83,0.8645833333333334,-1.1854615211486816,16.555051803588867,0.00011742077913368121,2.592684268951416
1012,40.95652173913044,46,40,0.8695652173913043,-0.6879940629005432,41.04537582397461,0.00011705124779837206,0.9514436721801758
1013,47.299319727891145,49,48,0.9629931972789115,0.17940279841423035,26.855518341064453,0.00011668994557112455,0.182181254029274
1014,-2.8151815181518223,101,100,0.9818481848184818,-0.046294573694467545,15.862967491149902,0.00011638087744358927,0.1416660100221634
1015,63.95652173913043,23,20,0.8695652173913043,-0.41927415132522583,58.93358612060547,0.00011638517753453925,0.2744547128677368
1016,47.62585034013605,49,48,0.9662585034013605,-0.6614795327186584,27.578020095825195,0.00011476554209366441,2.350943088531494
1017,-105.44117647058825,204,202,0.9855882352941177,0.4001791477203369,12.174013137817383,0.00011466569412732497,0.7322099208831787
1018,-2.953795379537966,101,100,0.9804620462046204,-0.47337543964385986,19.010602951049805,0.00011390331928851083,0.47968029975891113
1019,-6.480769230769235,104,102,0.9751923076923077,0.18251413106918335,18.50717544555664,0.00011406480916775763,1.680306077003479
1020,49.36879432624114,47,46,0.9636879432624114,0.07622604817152023,26.84882926940918,0.00011426633864175528,2.3610222339630127
1021,-5.718446601941752,103,101,0.9728155339805825,-0.07884060591459274,14.845766067504883,0.00011427256686147302,0.019575709477066994
1022,-104.93760262725779,203,200,0.980623973727422,-0.2801600992679596,9.65373706817627,0.00011440114758443087,1.7458670139312744
1023,63.95652173913044,23,20,0.8695652173913043,-1.473878026008606,54.40064239501953,0.0001176819350803271,9.112203598022461
1024,40.95652173913043,46,40,0.8695652173913043,-1.2026325464248657,32.96865463256836,0.0001189555914606899,5.160326957702637
1025,-9.541666666666666,96,83,0.8645833333333334,-0.5035439133644104,18.015865325927734,0.00011874806659761816,0.9315671920776367
1026,-4.592233009708743,103,102,0.9840776699029126,0.16021956503391266,13.932843208312988,0.00011865294072777033,0.23940110206604004
1027,46.73333333333333,50,49,0.9673333333333334,-0.7320840358734131,24.740692138671875,0.00011831684241769835,1.3502594232559204
1028,-3.4224422442244222,101,99,0.9757755775577558,0.3416292369365692,17.580617904663086,0.00011624372564256191,0.2193862497806549
1029,47.13333333333334,50,49,0.9713333333333334,-0.5649043321609497,33.25725173950195,0.00011625720071606338,0.7564994096755981
1030,-109.40064102564104,208,206,0.9859935897435897,-0.2595974802970886,10.095149040222168,0.00011634625843726099,0.8841784000396729
1031,63.95652173913043,23,20,0.8695652173913043,-0.6802278161048889,64.68609619140625,0.00011696542787831277,3.705944776535034
1032,40.95652173913043,46,40,0.8695652173913043,0.724703311920166,31.86405372619629,0.0001174293429357931,3.3468472957611084
1033,40.956521739130444,46,40,0.8695652173913043,-0.47475171089172363,33.8865852355957,0.00011756370076909661,2.5403709411621094
1034,40.95652173913043,46,40,0.8695652173913043,0.035688433796167374,31.898048400878906,0.0001174469362013042,0.8392051458358765
1035,-102.70149253731344,201,198,0.9829850746268657,-0.403652161359787,8.904422760009766,0.00011752549471566454,2.1406893730163574
1036,-7.631578947368415,95,83,0.8736842105263158,-0.7393037676811218,15.751729011535645,0.00011092203203588724,1.6957072019577026
1037,-9.541666666666666,96,83,0.8645833333333334,-0.4860040545463562,16.845273971557617,0.00010907904652412981,0.14641858637332916
1038,-7.631578947368414,95,83,0.8736842105263158,-0.12690867483615875,17.39386749267578,0.00010925690003205091,1.9795539379119873
1039,-5.961538461538465,104,103,0.9803846153846154,-0.48865461349487305,15.667703628540039,0.00010944240784738213,2.1010851860046387
1040,63.95652173913044,23,20,0.8695652173913043,1.0182812213897705,58.25444412231445,0.0001111480887630023,7.239486217498779
1041,40.95652173913043,46,40,0.8695652173913043,0.635504961013794,29.99800682067871,0.00011109044862678275,2.6643056869506836
1042,-6.480769230769239,104,102,0.9751923076923077,-0.16564778983592987,14.257399559020996,0.0001099745713872835,1.7509042024612427
1043,40.95652173913043,46,40,0.8695652173913043,0.2729335427284241,36.98466491699219,0.00010977002966683358,1.3983174562454224
1044,-9.541666666666657,96,83,0.8645833333333334,-0.16022665798664093,23.699411392211914,0.00010996447235811502,2.0308759212493896
1045,46.06666666666666,50,49,0.9606666666666667,0.47948765754699707,26.625404357910156,0.00010844525968423113,0.7431519627571106
1046,49.36879432624113,47,46,0.9636879432624114,0.613587498664856,23.756031036376953,0.00010783714969875291,0.3197766840457916
1047,40.95652173913043,46,40,0.8695652173913043,-0.7210803031921387,32.599151611328125,0.00010724179446697235,3.1754043102264404
1048,-4.254901960784322,102,100,0.9774509803921568,-0.45759013295173645,17.645475387573242,0.00010719348938437179,0.10026209056377411
1049,-103.45214521452145,202,200,0.9854785478547855,-0.7282388806343079,11.792513847351074,0.00010608632146613672,0.40953677892684937
1050,63.95652173913043,23,20,0.8695652173913043,0.16019059717655182,83.95809173583984,0.00011116658424725756,9.622989654541016
1051,-5.31715210355988,103,101,0.9768284789644013,-0.43441042304039,14.371567726135254,0.00011116862879134715,1.2571873664855957
1052,-7.631578947368423,95,83,0.8736842105263158,0.2302527278661728,21.094961166381836,0.00011067348532378674,0.9329609274864197
1053,-100.66834170854271,199,196,0.9833165829145729,0.9323660731315613,12.251046180725098,0.00011036728392355144,0.7516966462135315
1054,-9.541666666666668,96,83,0.8645833333333334,1.4767742156982422,26.251874923706055,0.00011899678793270141,13.782685279846191
1055,59.33333333333334,24,20,0.8333333333333334,3.1918067932128906,109.86856079101562,0.00011963918223045766,4.687373638153076
1056,-3.4224422442244244,101,99,0.9757755775577558,1.1361194849014282,25.49250030517578,0.00011894547060364857,0.6331976652145386
1057,-9.541666666666668,96,83,0.8645833333333334,0.9745001196861267,27.159177780151367,0.00011850422015413642,0.7030789852142334
1058,-4.915032679738567,102,100,0.9708496732026144,0.3400896489620209,22.597192764282227,0.00011848616122733802,0.15933123230934143
1059,-4.533980582524281,103,102,0.9846601941747573,0.275951087474823,20.121374130249023,0.00011839205399155617,0.024865981191396713
1060,63.95652173913044,23,20,0.8695652173913043,-2.065546751022339,69.24057006835938,0.00012648338451981544,12.40743350982666
1061,63.95652173913044,23,20,0.8695652173913043,-1.0158895254135132,65.05967712402344,0.00012732601317111403,4.1544365882873535
1062,47.299319727891145,49,48,0.9629931972789115,-0.3098403811454773,49.05048370361328,0.00012727991270367056,0.09426957368850708
1063,40.95652173913043,46,40,0.8695652173913043,0.28983911871910095,37.653778076171875,0.00012882573355454952,4.814577102661133
1064,-105.54575163398692,204,201,0.9845424836601308,-0.5391954779624939,9.202649116516113,0.00012873821833636612,0.6839332580566406
1065,63.95652173913043,23,20,0.8695652173913043,0.6679646968841553,57.62844467163086,0.00012917144340462983,2.6503069400787354
1066,40.95652173913043,46,40,0.8695652173913043,-0.7763176560401917,36.99403762817383,6.110351387178525e-05,2.2813074588775635
1067,-5.317152103559872,103,101,0.9768284789644013,-0.7270646095275879,12.525984764099121,6.0686274082399905e-05,0.29908472299575806
1068,-9.043613707165111,107,105,0.979563862928349,-0.7205461263656616,10.907356262207031,6.070504241506569e-05,0.4189472198486328
1069,40.95652173913043,46,40,0.8695652173913043,-0.042204033583402634,37.97528839111328,6.066580681363121e-05,0.6149224638938904
1070,40.95652173913044,46,40,0.8695652173913043,0.761101484298706,38.36138153076172,6.197345646796748e-05,4.120537757873535
1071,-5.961538461538468,104,103,0.9803846153846154,-0.5162150859832764,13.78750991821289,6.182829383760691e-05,1.1212341785430908
1072,40.95652173913043,46,40,0.8695652173913043,0.5793500542640686,34.09937286376953,6.294991180766374e-05,3.8433666229248047
1073,46.46153846153847,52,52,0.9846153846153847,-0.5835915207862854,24.120779037475586,6.289729935815558e-05,0.36908164620399475
1074,48.10204081632652,49,48,0.9710204081632653,-0.7491639852523804,18.50603675842285,6.285117706283927e-05,1.369106650352478
1075,43.888888888888886,45,40,0.8888888888888888,-0.48400193452835083,31.440589904785156,6.272654718486592e-05,0.1698605716228485
1076,59.33333333333334,24,20,0.8333333333333334,-0.22829873859882355,60.7706184387207,6.289529119385406e-05,1.615456461906433
1077,-5.702127659574472,94,83,0.8829787234042553,-0.5218100547790527,15.7464599609375,6.305774149950594e-05,1.4343429803848267
1078,46.62666666666667,50,49,0.9662666666666667,-0.5541079640388489,22.572612762451172,5.9482670621946454e-05,1.9230769872665405
1079,-7.631578947368412,95,83,0.8736842105263158,-1.0216370820999146,15.841827392578125,5.944865188212134e-05,2.1044833660125732
1080,-105.44117647058823,204,202,0.9855882352941177,-0.1340949833393097,7.610726356506348,5.944932490820065e-05,0.924239993095398
1081,47.62585034013605,49,48,0.9662585034013605,-1.6933039426803589,29.07830810546875,6.0271264374023303e-05,4.6182098388671875
1082,-5.702127659574463,94,83,0.8829787234042553,-0.23019522428512573,18.057350158691406,6.0260030295467004e-05,0.05028395727276802
1083,-99.21885521885523,198,196,0.9878114478114478,0.23452338576316833,9.53443717956543,5.995211540721357e-05,0.3478589355945587
1084,40.95652173913043,46,40,0.8695652173913043,1.2952768802642822,35.31351852416992,6.213010055944324e-05,5.770255088806152
1085,43.88888888888888,45,40,0.8888888888888888,0.2020520269870758,33.93547439575195,6.21519357082434e-05,0.7142901420593262
1086,-4.592233009708744,103,102,0.9840776699029126,-0.17438985407352448,13.492504119873047,6.21801518718712e-05,0.25674450397491455
1087,46.7516339869281,51,51,0.977516339869281,-0.5623979568481445,23.30869483947754,6.21106373728253e-05,0.24832548201084137
1088,40.95652173913043,46,40,0.8695652173913043,-0.29731306433677673,31.727615356445312,6.180723721627146e-05,0.07973595708608627
1089,48.10204081632652,49,48,0.9710204081632653,-0.4293593168258667,27.878793716430664,6.176918395794928e-05,0.10538067668676376
1090,-104.76026272577997,203,200,0.9823973727422003,-0.2931113541126251,8.829004287719727,6.169396510813385e-05,0.36410266160964966
1091,63.95652173913042,23,20,0.8695652173913043,-0.6839677691459656,65.23695373535156,6.240116636035964e-05,4.300178050994873
1092,40.95652173913042,46,40,0.8695652173913043,0.721731960773468,33.89776611328125,6.290340388659388e-05,2.393336296081543
1093,-109.40064102564104,208,206,0.9859935897435897,-0.328561395406723,10.314523696899414,6.258783832890913e-05,0.7727128863334656
1094,46.733333333333334,50,49,0.9673333333333334,0.5201736092567444,27.09978485107422,6.242176459636539e-05,2.4580042362213135
1095,49.027210884353735,49,49,0.9802721088435374,-0.48881077766418457,30.014694213867188,6.284453411353752e-05,3.6238975524902344
1096,46.62666666666667,50,49,0.9662666666666667,-0.46550241112709045,31.436843872070312,6.278626824496314e-05,0.8372415900230408
1097,-9.541666666666668,96,83,0.8645833333333334,-0.5042473077774048,17.590768814086914,6.266401760512963e-05,0.715147078037262
1098,-9.54166666666667,96,83,0.8645833333333334,-0.7911403775215149,15.482650756835938,6.274935003602877e-05,1.673555850982666
1099,46.46153846153847,52,52,0.9846153846153847,-0.8980556726455688,24.583133697509766,6.280865636654198e-05,0.6551210880279541
1100,-2.8151815181518276,101,100,0.9818481848184818,-0.5938150882720947,13.820699691772461,6.297607615124434e-05,2.082674980163574
1101,-7.6315789473684195,95,83,0.8736842105263158,-0.7445409893989563,15.21393871307373,6.256729830056429e-05,1.5849602222442627
1102,-104.1881188118812,202,198,0.9781188118811881,-0.1934596598148346,7.498666286468506,6.240307266125455e-05,0.9712169766426086
1103,-8.937694704049852,107,106,0.9806230529595016,-0.05082279443740845,12.73816204071045,6.276756903389469e-05,2.27866792678833
1104,63.95652173913044,23,20,0.8695652173913043,1.00286865234375,57.86467742919922,6.372129428200424e-05,5.312701225280762
1105,-2.8151815181518285,101,100,0.9818481848184818,0.41340652108192444,11.172073364257812,6.333870987873524e-05,0.07316018640995026
1106,40.95652173913044,46,40,0.8695652173913043,-0.39321795105934143,30.830734252929688,6.119557656347752e-05,2.467355251312256
1107,-105.44117647058823,204,202,0.9855882352941177,0.22982314229011536,9.189774513244629,6.0301572375465184e-05,0.6544700860977173
1108,-6.480769230769234,104,102,0.9751923076923077,-0.1579589545726776,14.03191089630127,6.0167902120156214e-05,0.06106662377715111
1109,40.95652173913043,46,40,0.8695652173913043,0.5793049335479736,29.70142936706543,6.049903458915651e-05,2.0952043533325195
1110,-7.631578947368423,95,83,0.8736842105263158,-0.23215903341770172,20.18080711364746,6.0407473938539624e-05,1.0222370624542236
1111,63.95652173913042,23,20,0.8695652173913043,-0.7484838962554932,53.121185302734375,6.0651735111605376e-05,3.3218729496002197
1112,43.888888888888886,45,40,0.8888888888888888,-0.4847773611545563,31.008955001831055,6.133724673418328e-05,3.6635494232177734
1113,48.68707482993197,49,48,0.9768707482993197,-0.11480066925287247,30.7596435546875,6.183247023727745e-05,3.160053253173828
1114,63.95652173913043,23,20,0.8695652173913043,0.37865129113197327,51.39318084716797,6.197092443471774e-05,1.2642959356307983
1115,-109.93269230769232,208,204,0.9806730769230769,0.2330072671175003,10.119682312011719,6.197759648784995e-05,0.6268877983093262
1116,-7.051282051282058,104,101,0.9694871794871794,0.4031466543674469,15.739094734191895,6.154933362267911e-05,0.08724944293498993
1117,-9.043613707165104,107,105,0.979563862928349,-0.0660509243607521,14.768503189086914,6.156531890155748e-05,0.9757564067840576
1118,40.95652173913044,46,40,0.8695652173913043,-0.4544658958911896,34.236228942871094,6.19851125520654e-05,2.9485175609588623
1119,63.95652173913044,23,20,0.8695652173913043,-2.0277628898620605,59.34822463989258,6.850125646451488e-05,10.903474807739258
1120,-7.631578947368412,95,83,0.8736842105263158,-0.15183018147945404,21.478267669677734,6.828322511864826e-05,0.7084013819694519
1121,46.46153846153847,52,52,0.9846153846153847,-0.48882266879081726,29.81040382385254,6.84952101437375e-05,2.3803677558898926
1122,-9.54166666666666,96,83,0.8645833333333334,-0.023005181923508644,19.981178283691406,6.840951391495764e-05,0.01370975561439991
1123,-108.53945249597425,207,204,0.9846054750402576,-0.6228258609771729,9.02254581451416,6.37649281998165e-05,0.09619652479887009
1124,-7.631578947368419,95,83,0.8736842105263158,-0.22102901339530945,19.879798889160156,6.240238144528121e-05,1.3583862781524658
1125,-9.541666666666657,96,83,0.8645833333333334,-0.05330668389797211,18.767669677734375,6.238035712158307e-05,0.49864012002944946
1126,-7.631578947368414,95,83,0.8736842105263158,-0.0469650998711586,19.0107421875,6.238379864953458e-05,0.5956288576126099
1127,-102.70149253731344,201,198,0.9829850746268657,0.04390774667263031,7.545941352844238,6.791587657062337e-05,9.52853012084961
1128,-7.631578947368416,95,83,0.8736842105263158,-0.434597373008728,18.29558563232422,6.813572690589353e-05,2.2802631855010986
1129,-9.541666666666668,96,83,0.8645833333333334,-0.43336760997772217,17.61803436279297,6.824498996138573e-05,1.7254468202590942
1130,-5.7021276595744705,94,83,0.8829787234042553,-0.0633494183421135,15.869491577148438,6.816905806772411e-05,0.17864999175071716
1131,46.564102564102555,52,52,0.9856410256410256,-0.4694362282752991,17.19066047668457,6.748301530024037e-05,0.8288676738739014
1132,-9.541666666666668,96,83,0.8645833333333334,-0.606841504573822,18.51467514038086,6.670804577879608e-05,1.3533272743225098
1133,49.027210884353735,49,49,0.9802721088435374,-0.15630322694778442,27.11659812927246,6.64212930132635e-05,0.6998299956321716
1134,46.75163398692809,51,51,0.977516339869281,-0.3074677884578705,23.507102966308594,6.638016202487051e-05,1.231096625328064
1135,46.7516339869281,51,51,0.977516339869281,-0.9580157995223999,20.801050186157227,6.74294788041152e-05,4.867414951324463
1136,38.10638297872341,47,40,0.851063829787234,-1.1878154277801514,38.93891143798828,6.967313674977049e-05,6.586997985839844
1137,-7.631578947368418,95,83,0.8736842105263158,0.13364414870738983,14.113188743591309,7.015097799012437e-05,2.368717670440674
1138,63.95652173913043,23,20,0.8695652173913043,0.036010488867759705,54.54360580444336,6.997814489295706e-05,1.2988523244857788
1139,-9.541666666666659,96,83,0.8645833333333334,-0.05487147718667984,16.097715377807617,6.992453563725576e-05,1.0018665790557861
1140,40.95652173913044,46,40,0.8695652173913043,-0.4054403007030487,32.210975646972656,6.682336243102327e-05,3.404667377471924
1141,63.95652173913044,23,20,0.8695652173913043,1.5116941928863525,56.66097640991211,7.017014286248013e-05,7.53529691696167
1142,40.95652173913044,46,40,0.8695652173913043,0.9358128309249878,34.99737548828125,7.059884228510782e-05,2.519850969314575
1143,-99.21885521885523,198,196,0.9878114478114478,-0.45201101899147034,9.704855918884277,7.054606248857453e-05,0.04064683988690376
1144,47.266666666666666,50,49,0.9726666666666667,0.9963105916976929,19.941247940063477,7.100142101990059e-05,2.81349778175354
1145,-108.53945249597425,207,204,0.9846054750402576,-0.5357237458229065,9.84784984588623,7.112022285582498e-05,1.1105526685714722
1146,63.95652173913042,23,20,0.8695652173913043,-0.23564556241035461,54.441646575927734,7.132130122045055e-05,2.2647385597229004
1147,43.888888888888886,45,40,0.8888888888888888,0.24044647812843323,36.85649490356445,7.089557038852945e-05,0.7431252598762512
1148,63.95652173913044,23,20,0.8695652173913043,0.1648217886686325,56.00904083251953,7.089443533914164e-05,0.07199875265359879
1149,40.95652173913043,46,40,0.8695652173913043,0.4159383475780487,33.62940216064453,7.09101659595035e-05,0.20225569605827332
1150,59.33333333333334,24,20,0.8333333333333334,-1.5978233814239502,50.73170471191406,6.777209637220949e-05,6.8752875328063965
1151,40.95652173913043,46,40,0.8695652173913043,1.2138644456863403,27.82305145263672,6.924098124727607e-05,4.5911736488342285
1152,40.95652173913044,46,40,0.8695652173913043,0.06302080303430557,29.692472457885742,6.926529749762267e-05,1.2049379348754883
1153,-9.043613707165111,107,105,0.979563862928349,-0.20211546123027802,15.630693435668945,6.933761324035004e-05,1.0035847425460815
1154,-9.54166666666666,96,83,0.8645833333333334,0.15867944061756134,14.996356010437012,5.7763354561757296e-05,1.0417944192886353
1155,-7.107936507936509,105,104,0.978920634920635,0.029117288067936897,12.238710403442383,5.645306737278588e-05,1.696769118309021
1156,-3.3594771241830155,102,101,0.9864052287581699,0.5224538445472717,15.33884048461914,5.6739194405963644e-05,2.0066299438476562
1157,47.266666666666666,50,49,0.9726666666666667,0.40114858746528625,25.820226669311523,5.6696313549764454e-05,1.0485894680023193
1158,40.95652173913043,46,40,0.8695652173913043,0.9171077609062195,33.04462814331055,5.7197597925551236e-05,2.532519817352295
1159,-7.107936507936506,105,104,0.978920634920635,-0.07557766884565353,18.18784523010254,5.7268698583357036e-05,0.8214775919914246
1160,-7.631578947368419,95,83,0.8736842105263158,0.5667402148246765,17.466398239135742,4.8578327550785616e-05,2.1996476650238037
1161,43.89308176100629,53,52,0.9689308176100629,-0.21090102195739746,31.118955612182617,4.760817682836205e-05,0.331081748008728
1162,-104.76026272577997,203,200,0.9823973727422003,0.6860077977180481,12.342350006103516,4.76085115224123e-05,0.08610652387142181
1163,63.95652173913043,23,20,0.8695652173913043,0.9803920984268188,52.376564025878906,4.694072049460374e-05,3.5727806091308594
1164,63.95652173913043,23,20,0.8695652173913043,0.10636350512504578,53.220672607421875,4.6924786147428676e-05,0.162001371383667
1165,63.95652173913043,23,20,0.8695652173913043,-0.23676863312721252,56.158775329589844,4.701729994849302e-05,3.3049728870391846
1166,-105.54575163398692,204,201,0.9845424836601308,0.9616660475730896,11.0311861038208,4.6782359277131036e-05,0.4527989327907562
1167,-9.54166666666666,96,83,0.8645833333333334,0.11867542564868927,19.027769088745117,4.683657243731432e-05,1.150174856185913
1168,-9.54166666666666,96,83,0.8645833333333334,0.0801430195569992,19.789417266845703,4.682429789681919e-05,0.6704134941101074
1169,-4.2549019607843235,102,100,0.9774509803921568,0.17374491691589355,24.498762130737305,4.689716297434643e-05,1.38288152217865
1170,40.95652173913044,46,40,0.8695652173913043,0.38607338070869446,48.001197814941406,4.575335333356634e-05,0.47766536474227905
1171,-100.71524288107204,199,196,0.9828475711892797,0.23243948817253113,14.860259056091309,4.572715261019766e-05,0.8205723166465759
1172,-11.432989690721648,97,83,0.8556701030927835,-0.2562728822231293,20.499969482421875,4.467957478482276e-05,0.10532012581825256
1173,-11.432989690721659,97,83,0.8556701030927835,-0.2668417990207672,19.512229919433594,4.467949838726781e-05,0.3468647301197052
1174,38.10638297872341,47,40,0.851063829787234,0.08244094997644424,37.670894622802734,4.462761717149988e-05,0.8473392128944397
1175,63.95652173913042,23,20,0.8695652173913043,-0.29496467113494873,55.146881103515625,4.4633725337916985e-05,0.26602673530578613
1176,-9.54166666666666,96,83,0.8645833333333334,0.14615002274513245,19.572444915771484,4.4438686018111184e-05,0.41498062014579773
1177,43.60377358490566,53,52,0.9660377358490566,0.7823644876480103,30.663986206054688,4.451172208064236e-05,1.7472583055496216
1178,40.95652173913044,46,40,0.8695652173913043,0.5145499110221863,31.66448211669922,4.42644814029336e-05,0.6790021061897278
1179,63.95652173913043,23,20,0.8695652173913043,0.5073511600494385,58.13690948486328,4.4793188862968236e-05,3.1522345542907715
1180,43.888888888888886,45,40,0.8888888888888888,0.44873830676078796,34.46440887451172,4.503955278778449e-05,1.857225775718689
1181,-108.53945249597425,207,204,0.9846054750402576,-0.3848068416118622,7.377224922180176,4.3846521293744445e-05,0.3541964292526245
1182,63.95652173913043,23,20,0.8695652173913043,-0.807585597038269,74.71704864501953,4.466177779249847e-05,3.857937812805176
1183,40.95652173913044,46,40,0.8695652173913043,-0.360148161649704,31.32262420654297,4.488598642637953e-05,2.2338573932647705
1184,-104.9376026272578,203,200,0.980623973727422,0.2606561481952667,8.020818710327148,4.274324601283297e-05,1.0856720209121704
1185,46.06666666666666,50,49,0.9606666666666667,0.7793405055999756,31.34876823425293,4.269389319233596e-05,0.22815507650375366
1186,-104.1881188118812,202,198,0.9781188118811881,-0.0627131387591362,9.733171463012695,4.271077341400087e-05,1.0985084772109985
1187,40.95652173913043,46,40,0.8695652173913043,0.35716599225997925,39.98915481567383,4.271258148946799e-05,0.516160249710083
1188,63.95652173913044,23,20,0.8695652173913043,0.5083413124084473,57.66530227661133,4.285081377020106e-05,1.2278599739074707
1189,40.95652173913043,46,40,0.8695652173913043,0.06496109068393707,29.99583625793457,4.299077045288868e-05,1.2520679235458374
1190,-4.254901960784326,102,100,0.9774509803921568,-0.9710887670516968,14.746277809143066,4.300520959077403e-05,0.7960737347602844
1191,63.95652173913043,23,20,0.8695652173913043,-1.4913071393966675,67.05191040039062,4.456997339730151e-05,6.742722511291504
1192,38.1063829787234,47,40,0.851063829787234,-0.7001314163208008,34.172584533691406,4.416844603838399e-05,1.3678183555603027
1193,47.62585034013605,49,48,0.9662585034013605,-0.43805617094039917,21.339019775390625,4.5400589442579076e-05,4.377647399902344
1194,-9.54166666666667,96,83,0.8645833333333334,-0.6769103407859802,17.484939575195312,4.522315430222079e-05,2.64268159866333
1195,-100.71524288107204,199,196,0.9828475711892797,-0.12766599655151367,8.599238395690918,4.45774057880044e-05,0.28536564111709595
1196,46.46153846153847,52,52,0.9846153846153847,1.78420090675354,48.057861328125,4.759865623782389e-05,6.6917643547058105
1197,40.95652173913042,46,40,0.8695652173913043,-0.40046724677085876,46.500492095947266,4.9003559979610145e-05,5.105802059173584
1198,63.95652173913043,23,20,0.8695652173913043,1.7145785093307495,84.57098388671875,5.0634822400752455e-05,5.022852897644043
1199,59.333333333333336,24,20,0.8333333333333334,0.5345995426177979,63.590335845947266,5.0708826165646315e-05,1.1644264459609985
1200,-104.76026272577997,203,200,0.9823973727422003,-1.1090834140777588,9.293606758117676,5.0528022256912664e-05,0.8880082964897156
1201,40.95652173913042,46,40,0.8695652173913043,0.3925655484199524,27.36326026916504,5.254036659607664e-05,5.661319255828857
1202,-112.32698412698413,210,206,0.9767301587301588,-1.2426939010620117,10.814352035522461,5.246053115115501e-05,0.39122265577316284
1203,-9.541666666666663,96,83,0.8645833333333334,-0.8778508305549622,14.42180061340332,5.210217568674125e-05,0.37612107396125793
1204,-7.631578947368415,95,83,0.8736842105263158,-0.8362324833869934,15.535385131835938,5.020823664381169e-05,0.568402111530304
1205,63.95652173913044,23,20,0.8695652173913043,-0.675865888595581,63.07019805908203,5.0230304623255506e-05,0.41897153854370117
1206,47.625850340136054,49,48,0.9662585034013605,-0.737649142742157,19.807912826538086,5.0056169129675254e-05,1.447339653968811
1207,-5.961538461538458,104,103,0.9803846153846154,-0.07743808627128601,18.25037956237793,5.039761890657246e-05,2.6392219066619873
1208,-105.54575163398692,204,201,0.9845424836601308,0.3984701931476593,10.44710922241211,5.039600364398211e-05,0.13957057893276215
1209,63.95652173913043,23,20,0.8695652173913043,-1.7127866744995117,79.79112243652344,5.741466156905517e-05,11.273433685302734
1210,40.95652173913043,46,40,0.8695652173913043,0.3401786983013153,41.01435089111328,5.739074185839854e-05,0.48300474882125854
1211,46.564102564102555,52,52,0.9856410256410256,-0.4835638999938965,21.597858428955078,5.685964788426645e-05,0.6270468235015869
1212,-102.70149253731344,201,198,0.9829850746268657,0.14739468693733215,10.189152717590332,5.620635056402534e-05,0.30856168270111084
1213,59.33333333333334,24,20,0.8333333333333334,-0.1469419300556183,60.36771011352539,5.6487875554012135e-05,3.2868106365203857
1214,-1.4466666666666708,100,99,0.9855333333333334,-0.3385073244571686,11.66118049621582,5.634430272039026e-05,0.15040335059165955
1215,40.95652173913043,46,40,0.8695652173913043,-1.7621674537658691,28.920766830444336,5.8000950957648456e-05,5.493090629577637
1216,-104.9376026272578,203,200,0.980623973727422,0.046866778284311295,9.263093948364258,5.800143117085099e-05,0.07163307070732117
1217,43.88888888888889,45,40,0.8888888888888888,0.19356229901313782,28.69830894470215,5.877437797607854e-05,3.3055191040039062
1218,-108.53945249597423,207,204,0.9846054750402576,0.4100647568702698,9.60964298248291,5.8576515584718436e-05,1.7567073106765747
1219,63.95652173913044,23,20,0.8695652173913043,0.271829754114151,55.782318115234375,5.2280007366789505e-05,3.4783718585968018
1220,48.10204081632652,49,48,0.9710204081632653,-0.10948441922664642,19.6551456451416,5.233550109551288e-05,1.0606671571731567
1221,43.89308176100629,53,52,0.9689308176100629,-1.0286500453948975,24.94896697998047,5.269156827125698e-05,3.405866861343384
1222,-9.541666666666664,96,83,0.8645833333333334,0.28416645526885986,20.410654067993164,5.282243000692688e-05,1.3865097761154175
1223,48.68707482993197,49,48,0.9768707482993197,-0.23006244003772736,31.673364639282227,5.341896030586213e-05,3.198495626449585
1224,63.95652173913042,23,20,0.8695652173913043,-0.8839218616485596,73.4123764038086,5.550364585360512e-05,6.069468975067139
1225,-5.702127659574462,94,83,0.8829787234042553,-0.046274952590465546,21.588714599609375,5.5529009841848165e-05,0.8793348670005798
1226,47.13333333333333,50,49,0.9713333333333334,-0.2773001194000244,30.738245010375977,5.558948396355845e-05,0.952998697757721
1227,-8.937694704049841,107,106,0.9806230529595016,-0.049938373267650604,14.652230262756348,5.005423736292869e-05,0.5330967903137207
1228,-4.915032679738568,102,100,0.9708496732026144,0.06275389343500137,12.605744361877441,5.022160985390656e-05,2.600942850112915
1229,-105.44117647058825,204,202,0.9855882352941177,0.2001986801624298,8.278436660766602,5.005638740840368e-05,0.023376015946269035
1230,-7.631578947368425,95,83,0.8736842105263158,-0.44565510749816895,18.027265548706055,5.005300772609189e-05,0.02572074718773365
1231,-103.45214521452145,202,200,0.9854785478547855,-0.2829577326774597,6.854729175567627,5.001888348488137e-05,0.039819035679101944
1232,-7.6315789473684195,95,83,0.8736842105263158,-0.48106810450553894,15.989519119262695,4.997554424335249e-05,0.9276723861694336
1233,63.95652173913044,23,20,0.8695652173913043,-1.4736319780349731,48.486305236816406,5.0998711230931804e-05,4.187359809875488
1234,43.888888888888886,45,40,0.8888888888888888,-0.09910634905099869,32.32804870605469,5.0977458158740774e-05,0.9231898784637451
1235,63.95652173913044,23,20,0.8695652173913043,-2.8976454734802246,53.20575714111328,5.732096542487852e-05,11.306622505187988
1236,40.95652173913043,46,40,0.8695652173913043,-0.11714807152748108,26.949445724487305,5.473105193232186e-05,0.3199155032634735
1237,63.95652173913043,23,20,0.8695652173913043,1.173231601715088,61.5521125793457,5.6390807003481314e-05,5.68224573135376
1238,40.95652173913044,46,40,0.8695652173913043,0.9676042199134827,29.579084396362305,5.814145697513595e-05,5.484938144683838
1239,40.95652173913043,46,40,0.8695652173913043,0.12742935121059418,31.888704299926758,5.829766087117605e-05,1.8922373056411743
1240,-104.9376026272578,203,200,0.980623973727422,-0.41956523060798645,9.223098754882812,5.7588356867199764e-05,0.5657736659049988
1241,40.95652173913044,46,40,0.8695652173913043,0.25073933601379395,29.620529174804688,5.4351450671674684e-05,1.9817410707473755
1242,47.13333333333333,50,49,0.9713333333333334,-0.13431371748447418,23.869123458862305,5.431721729109995e-05,2.408374309539795
1243,-4.915857605177999,103,102,0.98084142394822,-0.5921229720115662,12.223285675048828,5.436803985503502e-05,0.912299633026123
1244,49.36879432624113,47,46,0.9636879432624114,1.137542724609375,29.26308250427246,5.445173155749217e-05,3.044473171234131
1245,38.10638297872341,47,40,0.851063829787234,0.48103779554367065,35.31705856323242,5.463623529067263e-05,2.053706645965576
1246,40.95652173913044,46,40,0.8695652173913043,-0.4005194306373596,31.193857192993164,5.527657413040288e-05,3.942286968231201
1247,-7.631578947368414,95,83,0.8736842105263158,-0.11570719629526138,17.38068389892578,5.527116809389554e-05,0.7264718413352966
1248,63.95652173913044,23,20,0.8695652173913043,-2.464383125305176,58.91786575317383,6.221730291144922e-05,10.701763153076172
1249,40.95652173913043,46,40,0.8695652173913043,0.18674302101135254,27.657846450805664,6.228299025679007e-05,0.9526625871658325
1250,-7.631578947368418,95,83,0.8736842105263158,-0.30179330706596375,14.54272747039795,5.945235170656815e-05,0.2286892980337143
1251,-7.107936507936503,105,104,0.978920634920635,-0.7723333835601807,13.611780166625977,5.8104687923332676e-05,0.17832109332084656
1252,49.027210884353735,49,49,0.9802721088435374,-0.09615868330001831,21.64177703857422,5.829304063809104e-05,1.9805504083633423
1253,40.95652173913043,46,40,0.8695652173913043,-1.1037585735321045,36.3178825378418,5.9974161558784544e-05,5.45066499710083
1254,-102.70149253731343,201,198,0.9829850746268657,-0.18321579694747925,6.913048267364502,5.999364293529652e-05,1.4783425331115723
1255,-108.53945249597423,207,204,0.9846054750402576,-0.034114375710487366,7.885341167449951,5.978167973808013e-05,0.046462468802928925
1256,63.95652173913044,23,20,0.8695652173913043,-0.17972895503044128,56.02928924560547,5.949602200416848e-05,0.6664155125617981
1257,47.62585034013605,49,48,0.9662585034013605,-0.8818069100379944,26.63411521911621,6.028895222698338e-05,3.802769899368286
1258,46.46153846153846,52,52,0.9846153846153847,-0.4116964340209961,26.97035026550293,5.983348091831431e-05,0.21607956290245056
1259,-6.480769230769239,104,102,0.9751923076923077,-0.23386907577514648,13.264333724975586,5.9772453823825344e-05,0.33466652035713196
1260,-7.107936507936505,105,104,0.978920634920635,-0.4549785554409027,12.15991497039795,5.94155935687013e-05,0.7747811675071716
1261,38.106382978723396,47,40,0.851063829787234,0.19273221492767334,31.45099449157715,5.942185816820711e-05,0.05351942405104637
1262,-4.915857605178001,103,102,0.98084142394822,-0.7107119560241699,11.864860534667969,5.986435280647129e-05,2.9694879055023193
1263,40.95652173913042,46,40,0.8695652173913043,-0.28136706352233887,33.66493225097656,5.911325933993794e-05,2.0554749965667725
1264,-9.541666666666664,96,83,0.8645833333333334,-0.10242509841918945,14.799971580505371,5.912958295084536e-05,0.19749122858047485
1265,40.95652173913043,46,40,0.8695652173913043,0.13903695344924927,26.663928985595703,5.8587138482835144e-05,0.166771799325943
1266,46.46153846153846,52,52,0.9846153846153847,-0.49855107069015503,23.953712463378906,5.858642180101015e-05,1.0941096544265747
1267,40.95652173913043,46,40,0.8695652173913043,0.8040874004364014,27.964143753051758,5.8971705584554e-05,2.320629358291626
1268,63.95652173913043,23,20,0.8695652173913043,-0.4675883650779724,53.116214752197266,5.925932418904267e-05,1.9092671871185303
1269,-5.9615384615384635,104,103,0.9803846153846154,0.05701887607574463,13.992661476135254,5.918604801991023e-05,0.47672832012176514
1270,63.95652173913043,23,20,0.8695652173913043,-0.010704041458666325,54.950767517089844,5.915239671594463e-05,0.1772909015417099
1271,-5.961538461538467,104,103,0.9803846153846154,-0.049254488199949265,13.577413558959961,5.915879592066631e-05,0.9050379991531372
1272,49.36879432624113,47,46,0.9636879432624114,0.7630866765975952,22.264108657836914,5.962440627627075e-05,2.4957916736602783
1273,-9.54166666666666,96,83,0.8645833333333334,-0.4166021943092346,17.48858642578125,5.9647249145200476e-05,0.864402174949646
1274,52.46376811594202,46,46,0.9846376811594203,0.5253202319145203,32.48849105834961,5.979371417197399e-05,1.4195148944854736
1275,-4.254901960784325,102,100,0.9774509803921568,-0.08442781120538712,13.860746383666992,5.986334144836292e-05,1.4136368036270142
1276,-4.254901960784314,102,100,0.9774509803921568,-0.2636215388774872,12.491705894470215,5.990478894091211e-05,1.3130335807800293
1277,-11.432989690721655,97,83,0.8556701030927835,-0.09831217676401138,17.1901798248291,5.9886235248995945e-05,1.6686546802520752
1278,59.33333333333334,24,20,0.8333333333333334,-2.026472806930542,47.495811462402344,6.271800521062687e-05,7.151313304901123
1279,-11.432989690721651,97,83,0.8556701030927835,-0.39895564317703247,15.554295539855957,6.19635175098665e-05,0.09828704595565796
1280,48.10204081632652,49,48,0.9710204081632653,0.45439499616622925,17.875839233398438,6.187229155329987e-05,1.4970977306365967
1281,46.626666666666665,50,49,0.9662666666666667,-0.49205636978149414,23.71074676513672,6.19026250205934e-05,1.0798152685165405
1282,-9.541666666666664,96,83,0.8645833333333334,-0.5532844066619873,16.034290313720703,6.117542943684384e-05,0.975383996963501
1283,63.95652173913043,23,20,0.8695652173913043,-0.6479607224464417,53.790977478027344,6.114219286246225e-05,2.0845441818237305
1284,40.95652173913044,46,40,0.8695652173913043,-0.6820802688598633,29.72642707824707,6.154307629913092e-05,3.314570903778076
1285,-7.631578947368414,95,83,0.8736842105263158,-0.5236584544181824,16.085716247558594,6.154907896416262e-05,0.24552781879901886
1286,43.893081761006286,53,52,0.9689308176100629,-0.0877876952290535,28.41971206665039,6.18271587882191e-05,1.8600398302078247
1287,63.95652173913043,23,20,0.8695652173913043,-0.8629785776138306,56.02919006347656,6.198836490511894e-05,1.9984681606292725
1288,40.95652173913044,46,40,0.8695652173913043,-0.09833510965108871,32.37964630126953,6.189962005009875e-05,1.4889317750930786
1289,63.95652173913043,23,20,0.8695652173913043,-0.3005811274051666,59.974571228027344,6.17286641499959e-05,0.3117196559906006
1290,-5.961538461538465,104,103,0.9803846153846154,-0.3054695725440979,14.312600135803223,6.172713619889691e-05,0.7536118626594543
1291,46.73333333333333,50,49,0.9673333333333334,-0.5836265087127686,21.226598739624023,5.966793105471879e-05,3.0027244091033936
1292,-105.54575163398692,204,201,0.9845424836601308,-0.4027116894721985,9.341611862182617,5.962141221971251e-05,0.09574714303016663
1293,-100.66834170854271,199,196,0.9833165829145729,-0.46133682131767273,6.9059929847717285,5.831827729707584e-05,0.5292699933052063
1294,-105.54575163398694,204,201,0.9845424836601308,-0.1838526725769043,6.326538562774658,5.800760118290782e-05,0.32527250051498413
1295,40.95652173913044,46,40,0.8695652173913043,0.2295689433813095,34.52045822143555,5.800712460768409e-05,0.39105066657066345
1296,-105.44117647058825,204,202,0.9855882352941177,0.38311731815338135,7.718726634979248,5.5028674978530034e-05,1.0509893894195557
1297,-105.44117647058823,204,202,0.9855882352941177,0.12008043378591537,8.553028106689453,5.367866833694279e-05,0.1540462076663971
1298,-7.631578947368418,95,83,0.8736842105263158,-0.01885041780769825,14.7277193069458,5.194215555093251e-05,0.7589789032936096
1299,-9.541666666666666,96,83,0.8645833333333334,-0.4251372516155243,16.280223846435547,5.1786362746497616e-05,0.6918712258338928
1300,-110.85964912280703,209,206,0.9814035087719298,0.1810048669576645,9.323168754577637,5.178857099963352e-05,0.20915763080120087
1301,-9.043613707165107,107,105,0.979563862928349,-0.9355323314666748,16.013731002807617,4.9477814172860235e-05,0.9142498970031738
1302,63.95652173913044,23,20,0.8695652173913043,0.39601951837539673,62.95878601074219,5.06851174577605e-05,3.938138723373413
1303,46.46153846153846,52,52,0.9846153846153847,-0.4972912073135376,23.34515380859375,5.0640603149076924e-05,0.48942941427230835
1304,-7.051282051282055,104,101,0.9694871794871794,-0.14341871440410614,13.147586822509766,5.0641578127397224e-05,0.6426993608474731
1305,40.95652173913044,46,40,0.8695652173913043,0.5222492814064026,34.3171501159668,5.063155549578369e-05,0.3231256902217865
1306,-9.541666666666671,96,83,0.8645833333333334,-0.21984019875526428,18.370439529418945,5.0594793719938025e-05,1.7964098453521729
1307,-105.54575163398692,204,201,0.9845424836601308,0.1796119064092636,7.330441951751709,5.03222290717531e-05,0.028684163466095924
1308,-7.051282051282056,104,101,0.9694871794871794,-0.26118648052215576,12.191758155822754,5.032503031543456e-05,0.8750879168510437
1309,-9.54166666666666,96,83,0.8645833333333334,0.14406368136405945,16.586881637573242,4.3270243622828275e-05,1.4281487464904785
1310,-9.54166666666667,96,83,0.8645833333333334,-0.38390031456947327,14.990276336669922,4.3272157199680805e-05,0.5718347430229187
1311,59.333333333333336,24,20,0.8333333333333334,-0.43260830640792847,67.19609069824219,4.3318177631590515e-05,0.559142529964447
1312,46.75163398692809,51,51,0.977516339869281,-0.22450746595859528,21.522174835205078,4.3294086935929954e-05,0.5412823557853699
1313,40.95652173913043,46,40,0.8695652173913043,0.5168113112449646,30.123397827148438,4.2564646719256416e-05,0.8511610627174377
1314,40.95652173913043,46,40,0.8695652173913043,0.5107519626617432,30.29861068725586,4.2799078073585406e-05,1.5972243547439575
1315,-104.93760262725779,203,200,0.980623973727422,-0.14787523448467255,6.177418231964111,4.117631397093646e-05,0.2618410885334015
1316,49.027210884353735,49,49,0.9802721088435374,0.5038179159164429,21.658472061157227,4.162835830356926e-05,2.4335954189300537
1317,40.95652173913043,46,40,0.8695652173913043,0.4296770691871643,30.535043716430664,4.09578497055918e-05,1.131610631942749
1318,43.893081761006286,53,52,0.9689308176100629,-0.15585272014141083,25.30002212524414,4.0760736737865955e-05,0.7168741822242737
1319,48.10204081632652,49,48,0.9710204081632653,0.2788112759590149,21.010059356689453,3.992363053839654e-05,0.5988389253616333
1320,-7.631578947368411,95,83,0.8736842105263158,-0.11079922318458557,17.576082229614258,3.981545887654647e-05,0.11115361750125885
1321,-9.043613707165106,107,105,0.979563862928349,-0.06902098655700684,11.50471019744873,3.9302361983573064e-05,0.7599301934242249
1322,46.75163398692809,51,51,0.977516339869281,0.4123423099517822,26.914215087890625,3.919672963093035e-05,0.7713286876678467
1323,-5.961538461538459,104,103,0.9803846153846154,-0.34303802251815796,12.319916725158691,3.895618283422664e-05,2.419062376022339
1324,49.02721088435374,49,49,0.9802721088435374,0.09435536712408066,18.093311309814453,3.689412187668495e-05,0.16008293628692627
1325,40.95652173913043,46,40,0.8695652173913043,0.20466798543930054,32.38291549682617,3.6991536035202444e-05,1.1875358819961548
1326,-7.107936507936512,105,104,0.978920634920635,-0.6683861017227173,15.19308090209961,3.698472573887557e-05,0.9170594215393066
1327,63.95652173913044,23,20,0.8695652173913043,-0.9101522564888,50.11933135986328,3.695990380947478e-05,0.6273002028465271
1328,-109.93269230769232,208,204,0.9806730769230769,-0.40670013427734375,8.413100242614746,3.64856023225002e-05,0.3751889765262604
1329,-2.9537953795379677,101,100,0.9804620462046204,-0.8267881274223328,12.362945556640625,3.70402485714294e-05,3.2835283279418945
1330,-104.76026272577998,203,200,0.9823973727422003,-0.042953189462423325,10.837827682495117,3.7034140405012295e-05,0.263630747795105
1331,-9.541666666666668,96,83,0.8645833333333334,0.48384663462638855,18.839832305908203,3.726518843905069e-05,1.6713792085647583
1332,40.95652173913044,46,40,0.8695652173913043,0.002016321988776326,40.37135314941406,3.7599322240566835e-05,2.9187426567077637
1333,-5.7184466019417535,103,101,0.9728155339805825,0.3406553864479065,16.810718536376953,3.669471334433183e-05,0.4459920823574066
1334,40.95652173913042,46,40,0.8695652173913043,0.4165075421333313,33.54313659667969,3.661441951408051e-05,0.07140141725540161
1335,48.10204081632653,49,48,0.9710204081632653,0.1881714016199112,17.905982971191406,2.9037089916528203e-05,0.05394206941127777
1336,63.95652173913043,23,20,0.8695652173913043,1.7558561563491821,49.50590515136719,3.4471908293198794e-05,9.287449836730957
1337,63.95652173913043,23,20,0.8695652173913043,-0.5401533246040344,48.150760650634766,3.247947825002484e-05,0.9171217083930969
1338,46.62666666666667,50,49,0.9662666666666667,-0.5154274702072144,28.578479766845703,3.0547656933777034e-05,0.4216403365135193
1339,-7.0512820512820635,104,101,0.9694871794871794,-0.3904447555541992,13.552943229675293,3.033165558008477e-05,0.7010132074356079
1340,40.95652173913043,46,40,0.8695652173913043,0.44620510935783386,30.110393524169922,3.0557526770280674e-05,1.7870728969573975
1341,63.95652173913043,23,20,0.8695652173913043,-0.5248296856880188,67.1355972290039,3.1938645406626165e-05,5.403663635253906
1342,59.333333333333336,24,20,0.8333333333333334,1.1607376337051392,63.5209846496582,3.3579250157345086e-05,5.573563098907471
1343,63.95652173913043,23,20,0.8695652173913043,-1.2544151544570923,54.49300765991211,3.570718035916798e-05,6.1416730880737305
1344,-7.631578947368414,95,83,0.8736842105263158,-0.29658082127571106,16.056983947753906,3.5105913411825895e-05,0.820603609085083
1345,-7.1079365079365076,105,104,0.978920634920635,-1.1357923746109009,15.114520072937012,3.485678098513745e-05,1.5021336078643799
1346,63.95652173913043,23,20,0.8695652173913043,-0.6580343842506409,52.76765441894531,3.4091659472323954e-05,0.691515326499939
1347,-108.53945249597425,207,204,0.9846054750402576,-0.8787391781806946,8.234578132629395,3.414804450585507e-05,1.3291517496109009
1348,-11.432989690721651,97,83,0.8556701030927835,-0.16705183684825897,16.88395118713379,2.7380585379432887e-05,0.18261772394180298
1349,40.95652173913043,46,40,0.8695652173913043,0.17261523008346558,31.95648765563965,2.734608824539464e-05,1.0051475763320923
1350,63.95652173913043,23,20,0.8695652173913043,-0.28126800060272217,69.13978576660156,2.786782533803489e-05,3.103628635406494
1351,-5.702127659574467,94,83,0.8829787234042553,0.2672364115715027,20.254467010498047,2.796013723127544e-05,1.0286966562271118
1352,-104.9376026272578,203,200,0.980623973727422,-0.12481243163347244,7.093587398529053,2.7687397960107774e-05,0.8154719471931458
1353,46.62666666666667,50,49,0.9662666666666667,-0.4400687515735626,20.85763168334961,2.6020010409411043e-05,0.9022951126098633
1354,47.266666666666666,50,49,0.9726666666666667,-0.9290034174919128,20.877609252929688,2.7744239559979178e-05,5.642152309417725
1355,-9.541666666666666,96,83,0.8645833333333334,-0.2223687469959259,15.207757949829102,2.7772139219450764e-05,0.49607130885124207
1356,-9.043613707165107,107,105,0.979563862928349,-0.668487548828125,15.813700675964355,2.779958776955027e-05,1.0225344896316528
1357,47.62585034013605,49,48,0.9662585034013605,-0.43269646167755127,26.79606056213379,2.7738640710595064e-05,3.420426368713379
1358,63.95652173913043,23,20,0.8695652173913043,-0.4855327010154724,56.932090759277344,2.7956457415712066e-05,2.11517071723938
1359,-9.043613707165104,107,105,0.979563862928349,0.06506922096014023,15.243250846862793,2.8148831916041672e-05,1.9832466840744019
1360,-2.815181518151825,101,100,0.9818481848184818,0.6582779288291931,20.343544006347656,2.8327420295681804e-05,2.017024517059326
1361,-3.422442244224424,101,99,0.9757755775577558,0.36112985014915466,21.976028442382812,2.8588518034666777e-05,2.325665235519409
1362,-7.63157894736842,95,83,0.8736842105263158,0.13611051440238953,23.197664260864258,2.822039823513478e-05,1.442829966545105
1363,-7.631578947368409,95,83,0.8736842105263158,0.39048516750335693,21.997817993164062,2.802706694637891e-05,0.20981360971927643
1364,63.95652173913044,23,20,0.8695652173913043,0.6375945806503296,61.127723693847656,2.837084321072325e-05,2.1878738403320312
1365,47.13333333333333,50,49,0.9713333333333334,-0.2346561998128891,26.55951499938965,2.8447264412534423e-05,0.9244123697280884
1366,40.95652173913043,46,40,0.8695652173913043,-0.009097020141780376,31.622398376464844,2.8409205697244033e-05,0.6395607590675354
1367,43.89308176100629,53,52,0.9689308176100629,-0.6185020208358765,23.889842987060547,2.8072669010725804e-05,1.148699164390564
1368,40.95652173913043,46,40,0.8695652173913043,0.2766384184360504,31.928096771240234,2.7982374376733787e-05,1.5316543579101562
1369,43.888888888888886,45,40,0.8888888888888888,-1.019705057144165,32.485836029052734,2.9282222385518253e-05,4.842975616455078
1370,49.027210884353735,49,49,0.9802721088435374,0.12861384451389313,21.279943466186523,2.9327642550924793e-05,0.6060808300971985
1371,-7.6315789473684195,95,83,0.8736842105263158,-0.7540802359580994,18.299209594726562,2.961037534987554e-05,2.501415729522705
1372,46.75163398692809,51,51,0.977516339869281,-0.25581395626068115,22.215980529785156,2.923803731391672e-05,1.6156914234161377
1373,43.89308176100629,53,52,0.9689308176100629,-0.13836149871349335,21.6273136138916,2.9295062631717883e-05,0.8067734241485596
1374,-9.541666666666664,96,83,0.8645833333333334,-0.5245819687843323,16.143049240112305,2.911248338932637e-05,0.4461180567741394
1375,46.73333333333333,50,49,0.9673333333333334,-0.4391455352306366,26.08788299560547,2.9039034416200593e-05,0.16447609663009644
1376,47.26666666666667,50,49,0.9726666666666667,0.5536603331565857,20.081527709960938,2.929422953457106e-05,1.99080228805542
1377,63.95652173913044,23,20,0.8695652173913043,-1.480384111404419,54.6822624206543,3.0857929232297465e-05,5.720201015472412
1378,-5.961538461538467,104,103,0.9803846153846154,-0.419358491897583,12.772710800170898,2.7992053219350055e-05,0.8042922019958496
1379,47.266666666666666,50,49,0.9726666666666667,0.06270502507686615,24.170495986938477,2.84405832644552e-05,3.002129316329956
1380,-7.6315789473684115,95,83,0.8736842105263158,-0.4358764886856079,18.70336151123047,2.8241785912541673e-05,0.6025505661964417
1381,59.333333333333336,24,20,0.8333333333333334,-1.2150599956512451,56.98427963256836,2.908178976213094e-05,4.1112565994262695
1382,63.95652173913044,23,20,0.8695652173913043,0.3476812243461609,53.83677673339844,2.9597604225273244e-05,2.61726713180542
1383,63.95652173913043,23,20,0.8695652173913043,-0.10170592367649078,47.30674362182617,3.0327071726787835e-05,3.579138994216919
1384,-105.44117647058825,204,202,0.9855882352941177,-0.3489897847175598,6.990015983581543,2.9751159672741778e-05,0.3780023455619812
1385,-4.592233009708751,103,102,0.9840776699029126,-0.3466958999633789,9.860010147094727,2.974164999614004e-05,0.5375690460205078
1386,-9.541666666666668,96,83,0.8645833333333334,-0.9464284777641296,14.527127265930176,2.9655819162144326e-05,2.037160634994507
1387,-5.71844660194175,103,101,0.9728155339805825,-0.3625832796096802,14.491996765136719,2.9691267627640627e-05,1.620490550994873
1388,46.75163398692809,51,51,0.977516339869281,-0.14026986062526703,17.953752517700195,2.9614306185976602e-05,0.3187903165817261
1389,63.95652173913044,23,20,0.8695652173913043,1.2242485284805298,61.162845611572266,3.255734918639064e-05,6.714574813842773
1390,-7.6315789473684195,95,83,0.8736842105263158,-0.04348594322800636,15.756731986999512,3.267857391620055e-05,1.3742977380752563
1391,47.266666666666666,50,49,0.9726666666666667,0.03234167397022247,25.2973690032959,3.266080966568552e-05,2.95173978805542
1392,-9.541666666666671,96,83,0.8645833333333334,-1.0973124504089355,16.48074722290039,3.3608186640776694e-05,4.091244697570801
1393,38.1063829787234,47,40,0.851063829787234,0.12840093672275543,31.77904510498047,3.372263381606899e-05,1.2346384525299072
1394,63.95652173913043,23,20,0.8695652173913043,-0.4913969039916992,58.12380599975586,3.3748696296243e-05,0.8361096978187561
1395,-5.702127659574464,94,83,0.8829787234042553,-0.6657670140266418,15.080365180969238,3.3938471460714936e-05,1.9458649158477783
1396,-105.44117647058823,204,202,0.9855882352941177,0.05957585573196411,8.332674980163574,3.3850657928269356e-05,0.15126460790634155
1397,63.95652173913043,23,20,0.8695652173913043,0.3966039717197418,57.72639846801758,3.431356526562013e-05,2.5598878860473633
1398,-6.480769230769239,104,102,0.9751923076923077,-0.21266494691371918,11.69311809539795,3.4306525776628405e-05,0.6957469582557678
1399,59.333333333333336,24,20,0.8333333333333334,0.9890835285186768,56.51088333129883,3.879527503158897e-05,8.431855201721191
1400,-7.631578947368412,95,83,0.8736842105263158,-0.08270472288131714,17.291301727294922,3.879932046402246e-05,0.4119401276111603
1401,-2.9537953795379663,101,100,0.9804620462046204,-0.44024017453193665,13.684797286987305,3.879833820974454e-05,0.9057437777519226
1402,-2.9537953795379654,101,100,0.9804620462046204,-0.3917527198791504,12.701743125915527,3.786305751418695e-05,1.1930679082870483
1403,-5.31715210355988,103,101,0.9768284789644013,0.0017175866523757577,13.21352481842041,3.789400216192007e-05,0.926135241985321
1404,48.10204081632653,49,48,0.9710204081632653,0.2224113494157791,25.79214859008789,3.787810419453308e-05,0.1264101266860962
1405,47.13333333333333,50,49,0.9713333333333334,-0.2768819034099579,21.86956024169922,3.788100366364233e-05,0.37975701689720154
1406,-4.915857605178003,103,102,0.98084142394822,-0.5084083676338196,11.222331047058105,3.7793048250023276e-05,1.2928330898284912
1407,40.95652173913043,46,40,0.8695652173913043,-0.8963931798934937,33.68966293334961,3.897562055499293e-05,4.531337261199951
1408,-4.254901960784322,102,100,0.9774509803921568,0.03923208639025688,10.262521743774414,3.8946440326981246e-05,0.04595492407679558
1409,40.95652173913044,46,40,0.8695652173913043,1.0589120388031006,30.910804748535156,4.07403422286734e-05,5.477757930755615
1410,-7.631578947368417,95,83,0.8736842105263158,-0.35518911480903625,16.27061653137207,4.073133459314704e-05,0.3603377044200897
1411,-7.631578947368416,95,83,0.8736842105263158,-0.5814296007156372,15.700423240661621,4.0769391489448026e-05,1.172330379486084
1412,-109.93269230769232,208,204,0.9806730769230769,0.08326096087694168,9.09520149230957,4.078021811437793e-05,0.4519686996936798
1413,-100.66834170854271,199,196,0.9833165829145729,-0.04874647036194801,6.737762451171875,4.073810123372823e-05,0.39834776520729065
1414,-9.541666666666666,96,83,0.8645833333333334,0.013317429460585117,16.32274627685547,4.073219679412432e-05,1.569273829460144
1415,63.95652173913043,23,20,0.8695652173913043,1.254260540008545,50.123573303222656,4.479651033761911e-05,8.036686897277832
1416,-110.85964912280703,209,206,0.9814035087719298,0.16762332618236542,9.71837043762207,4.442856152309105e-05,0.48600292205810547
1417,40.95652173913044,46,40,0.8695652173913043,-0.6078060865402222,30.61616325378418,4.514550892054103e-05,3.7276504039764404
1418,48.10204081632652,49,48,0.9710204081632653,-0.3196270763874054,18.424406051635742,4.537772838375531e-05,2.261460065841675
1419,40.956521739130444,46,40,0.8695652173913043,-1.1555149555206299,31.04757308959961,4.7748319047968835e-05,6.44267463684082
1420,-4.915857605177997,103,102,0.98084142394822,0.03599957004189491,10.244928359985352,4.78620313515421e-05,1.1787747144699097
1421,40.95652173913044,46,40,0.8695652173913043,0.33030879497528076,28.48173713684082,4.794855703948997e-05,1.320417881011963
1422,47.62585034013605,49,48,0.9662585034013605,-0.5248831510543823,19.44723129272461,4.89782978547737e-05,4.108959197998047
1423,47.26666666666666,50,49,0.9726666666666667,0.6924055218696594,22.101816177368164,4.887435716227628e-05,1.6658515930175781
1424,-3.35947712418301,102,101,0.9864052287581699,-0.06575994938611984,11.882962226867676,4.887826071353629e-05,0.5385258197784424
1425,40.95652173913044,46,40,0.8695652173913043,0.03149053081870079,30.840415954589844,4.877048195339739e-05,0.44733068346977234
1426,-104.1881188118812,202,198,0.9781188118811881,-0.38381364941596985,7.18091344833374,4.869962504017167e-05,0.07755739986896515
1427,47.62585034013605,49,48,0.9662585034013605,0.1115916296839714,20.838369369506836,4.98892150062602e-05,4.314441204071045
1428,-99.21885521885523,198,196,0.9878114478114478,-0.03684082254767418,6.539337158203125,4.989897570339963e-05,0.5115284323692322
1429,-104.76026272577997,203,200,0.9823973727422003,-0.012635193765163422,9.227410316467285,4.932517185807228e-05,0.7228101491928101
1430,-99.21885521885523,198,196,0.9878114478114478,-0.1725548654794693,5.66739559173584,4.932363299303688e-05,0.13113074004650116
1431,40.95652173913044,46,40,0.8695652173913043,0.055150020867586136,32.07013702392578,4.914608143735677e-05,0.6413448452949524
1432,-109.9326923076923,208,204,0.9806730769230769,-0.430678129196167,6.9671406745910645,4.865929440711625e-05,0.2142007201910019
1433,59.33333333333333,24,20,0.8333333333333334,-1.6235564947128296,49.5499267578125,5.014850466977805e-05,5.068530082702637
1434,47.133333333333326,50,49,0.9713333333333334,-0.40822216868400574,29.60615348815918,5.014897760702297e-05,0.13803444802761078
1435,46.75163398692809,51,51,0.977516339869281,-0.2875148355960846,20.96358299255371,5.04357012687251e-05,2.3195199966430664
1436,-7.631578947368426,95,83,0.8736842105263158,0.0513983853161335,15.941790580749512,4.5007782318862155e-05,1.2417856454849243
1437,-7.6315789473684195,95,83,0.8736842105263158,-0.12028823047876358,16.099756240844727,4.495680332183838e-05,0.4828050136566162
1438,-102.70149253731344,201,198,0.9829850746268657,-0.5610326528549194,7.747554302215576,4.4928598072147e-05,0.30696773529052734
1439,40.95652173913043,46,40,0.8695652173913043,0.23988230526447296,32.75190734863281,4.495380198932253e-05,0.8927346467971802
1440,-5.702127659574462,94,83,0.8829787234042553,0.2735283374786377,16.441917419433594,4.514512329478748e-05,2.441779613494873
1441,-102.70149253731344,201,198,0.9829850746268657,-0.46678727865219116,6.212143898010254,4.349465234554373e-05,0.13762694597244263
1442,43.89308176100629,53,52,0.9689308176100629,-0.35015174746513367,21.25717544555664,4.153357440372929e-05,1.6282025575637817
1443,-104.76026272577998,203,200,0.9823973727422003,-0.19666460156440735,7.438013076782227,3.940590613638051e-05,0.29713934659957886
1444,-5.961538461538462,104,103,0.9803846153846154,0.12805557250976562,11.063179969787598,3.933998596039601e-05,0.20386692881584167
1445,40.95652173913042,46,40,0.8695652173913043,0.21192215383052826,31.99032974243164,3.929731246898882e-05,0.7718085050582886
1446,43.888888888888886,45,40,0.8888888888888888,0.33000659942626953,28.03737449645996,3.928050136892125e-05,0.5217182040214539
1447,63.95652173913043,23,20,0.8695652173913043,0.4857410788536072,46.377079010009766,3.987176751252264e-05,3.129134178161621
1448,-4.254901960784321,102,100,0.9774509803921568,0.013503571040928364,10.158903121948242,3.988977914559655e-05,0.799906313419342
1449,40.95652173913044,46,40,0.8695652173913043,0.6349903345108032,30.724472045898438,4.021777931484394e-05,2.315300941467285
1450,-8.937694704049846,107,106,0.9806230529595016,-0.6120643019676208,9.896201133728027,3.9704536902718246e-05,0.8818906545639038
1451,63.95652173913042,23,20,0.8695652173913043,-1.4751960039138794,48.55827331542969,4.088889909326099e-05,4.672757625579834
1452,-7.631578947368423,95,83,0.8736842105263158,-0.6564445495605469,17.71171760559082,4.119949880987406e-05,2.5082483291625977
1453,47.29931972789115,49,48,0.9629931972789115,0.4787778854370117,20.704387664794922,4.134383561904542e-05,1.5274708271026611
1454,63.95652173913042,23,20,0.8695652173913043,-2.202544927597046,57.495849609375,4.2716532334452495e-05,7.395509243011475
1455,40.95652173913043,46,40,0.8695652173913043,0.11250679194927216,32.43980026245117,4.268917837180197e-05,0.28595998883247375
1456,63.95652173913043,23,20,0.8695652173913043,0.3970171809196472,55.848758697509766,4.2973115341737866e-05,2.143803596496582
1457,46.73333333333333,50,49,0.9673333333333334,-0.042920131236314774,26.11842918395996,4.220566916046664e-05,0.17134380340576172
1458,43.88888888888888,45,40,0.8888888888888888,0.7906983494758606,31.77741050720215,4.253148290445097e-05,2.8651833534240723
1459,38.10638297872341,47,40,0.851063829787234,-0.30389949679374695,29.950124740600586,4.2528285121079534e-05,1.9684631824493408
1460,47.299319727891145,49,48,0.9629931972789115,0.4468240439891815,21.3294677734375,4.236666063661687e-05,0.877551257610321
1461,63.95652173913043,23,20,0.8695652173913043,0.633884847164154,50.055885314941406,4.2768308048835024e-05,3.3299176692962646
1462,59.333333333333336,24,20,0.8333333333333334,-0.5158624649047852,56.86099624633789,4.2658077290980145e-05,0.46189579367637634
1463,40.95652173913043,46,40,0.8695652173913043,-0.06555071473121643,27.714584350585938,4.266564064892009e-05,0.4685474634170532
1464,40.95652173913043,46,40,0.8695652173913043,0.4328869581222534,28.152606964111328,4.2460062104510143e-05,1.240691900253296
1465,-108.53945249597425,207,204,0.9846054750402576,-0.15620224177837372,6.2956223487854,4.2442821722943336e-05,0.7608720064163208
1466,-102.70149253731344,201,198,0.9829850746268657,-0.14919552206993103,6.854916572570801,4.24219761043787e-05,0.0535113587975502
1467,63.95652173913043,23,20,0.8695652173913043,-0.31443026661872864,65.99308013916016,4.276928666513413e-05,2.6675913333892822
1468,-104.9376026272578,203,200,0.980623973727422,-0.08588993549346924,6.964815139770508,4.2668711103033274e-05,0.8927923440933228
1469,48.10204081632652,49,48,0.9710204081632653,-0.5297223925590515,19.908977508544922,4.234088919474743e-05,4.249450206756592
1470,-4.5922330097087425,103,102,0.9840776699029126,0.10081873089075089,11.3794584274292,4.231418279232457e-05,0.14302770793437958
1471,63.95652173913044,23,20,0.8695652173913043,-0.4704858362674713,48.20534896850586,4.1946179408114403e-05,0.012958102859556675
1472,40.95652173913043,46,40,0.8695652173913043,-1.396608829498291,32.67913055419922,4.4274780520936474e-05,6.4071879386901855
1473,-9.541666666666659,96,83,0.8645833333333334,-0.5725146532058716,15.844415664672852,4.423796781338751e-05,0.5667596459388733
1474,40.95652173913044,46,40,0.8695652173913043,0.07696298509836197,28.570037841796875,4.4235675886739045e-05,0.38624000549316406
1475,40.95652173913044,46,40,0.8695652173913043,-0.7498854994773865,29.87042808532715,4.5308286644285545e-05,4.298480987548828
1476,-2.815181518151828,101,100,0.9818481848184818,0.18230487406253815,12.948974609375,4.5027707528788596e-05,0.4174799919128418
1477,40.95652173913044,46,40,0.8695652173913043,0.14001783728599548,28.613933563232422,4.31116895924788e-05,0.047535236924886703
1478,-104.76026272577998,203,200,0.9823973727422003,-0.34765368700027466,7.1262946128845215,4.310003714635968e-05,0.6512427926063538
1479,48.68707482993197,49,48,0.9768707482993197,0.11045888811349869,29.830720901489258,4.265255847712979e-05,1.168304681777954
1480,-3.3594771241830124,102,101,0.9864052287581699,0.029484743252396584,11.245565414428711,4.263926166458987e-05,0.3033251464366913
1481,59.333333333333336,24,20,0.8333333333333334,-0.6717937588691711,52.33097457885742,4.231405910104513e-05,3.390794277191162
1482,-9.541666666666664,96,83,0.8645833333333334,-0.2915146052837372,15.565216064453125,4.1871462599374354e-05,0.5489219427108765
1483,-7.1079365079365076,105,104,0.978920634920635,-0.5075300335884094,12.693075180053711,4.102355887880549e-05,0.34709832072257996
1484,47.13333333333333,50,49,0.9713333333333334,-0.6381465792655945,36.56141662597656,4.10509601351805e-05,0.8641530871391296
1485,63.95652173913043,23,20,0.8695652173913043,1.2829846143722534,58.762245178222656,4.258361514075659e-05,4.87129545211792
1486,-7.631578947368419,95,83,0.8736842105263158,-0.5913835763931274,16.349220275878906,4.265639654477127e-05,2.3221402168273926
1487,-7.051282051282055,104,101,0.9694871794871794,-0.2251422107219696,11.862958908081055,4.248769619152881e-05,0.6540562510490417
1488,-7.631578947368413,95,83,0.8736842105263158,-0.13689623773097992,18.53297996520996,4.251085192663595e-05,0.8938841223716736
1489,-3.4224422442244213,101,99,0.9757755775577558,0.2271849364042282,13.743492126464844,3.960138565162197e-05,0.7490279078483582
1490,-9.54166666666666,96,83,0.8645833333333334,0.294861376285553,16.512861251831055,3.963219205616042e-05,1.5243160724639893
1491,59.33333333333334,24,20,0.8333333333333334,-0.33013930916786194,49.072269439697266,3.933721745852381e-05,1.860651969909668
1492,43.70440251572327,53,52,0.9670440251572328,-0.5066528916358948,18.144874572753906,3.84097256755922e-05,0.2937975227832794
1493,-99.21885521885523,198,196,0.9878114478114478,-0.43515703082084656,9.579633712768555,3.830862988252193e-05,0.40127190947532654
1494,-110.85964912280703,209,206,0.9814035087719298,-0.6025628447532654,9.12081527709961,3.828162880381569e-05,0.26872971653938293
1495,-2.953795379537968,101,100,0.9804620462046204,-0.4425048232078552,14.470805168151855,3.8091351598268375e-05,0.2012045532464981
1496,47.13333333333333,50,49,0.9713333333333334,-0.07521864771842957,19.531009674072266,3.809155896306038e-05,0.17601628601551056
1497,40.95652173913044,46,40,0.8695652173913043,0.38542771339416504,28.119949340820312,3.763716813409701e-05,0.11753527075052261
1498,40.95652173913043,46,40,0.8695652173913043,0.06711521744728088,34.295928955078125,3.773656862904318e-05,1.7246081829071045
1499,40.95652173913042,46,40,0.8695652173913043,-0.19954775273799896,31.90629768371582,3.326532169012353e-05,1.8952422142028809
1500,-9.541666666666666,96,83,0.8645833333333334,-0.20294412970542908,16.22247886657715,3.3266001992160454e-05,0.13862654566764832
1501,-7.631578947368417,95,83,0.8736842105263158,-0.16128551959991455,15.41746997833252,3.326793739688583e-05,0.3515101373195648
1502,49.02721088435374,49,49,0.9802721088435374,-0.20183581113815308,26.881755828857422,3.321756958030164e-05,0.15436746180057526
1503,40.95652173913044,46,40,0.8695652173913043,-0.3432738184928894,28.810224533081055,3.330258550704457e-05,1.6174813508987427
1504,-9.541666666666671,96,83,0.8645833333333334,-0.2884775400161743,14.604314804077148,3.330869731144048e-05,0.06946546584367752
1505,63.95652173913044,23,20,0.8695652173913043,0.3512999713420868,51.19692611694336,3.3763786632334813e-05,2.525381088256836
1506,40.95652173913044,46,40,0.8695652173913043,0.17760907113552094,29.95802879333496,3.373310755705461e-05,0.5274842381477356
1507,43.893081761006286,53,52,0.9689308176100629,0.038376111537218094,21.67387580871582,3.275113340350799e-05,1.458953857421875
1508,-9.54166666666666,96,83,0.8645833333333334,-0.8839010000228882,16.074535369873047,3.3477179385954514e-05,3.632239818572998
1509,-7.631578947368421,95,83,0.8736842105263158,-0.21617010235786438,15.250924110412598,3.1463867344427854e-05,0.44599270820617676
1510,40.95652173913043,46,40,0.8695652173913043,-0.35520538687705994,29.397092819213867,3.167315662722103e-05,2.125521183013916
1511,40.95652173913044,46,40,0.8695652173913043,0.01749362237751484,32.24717330932617,3.1628584110876545e-05,0.02664720080792904
1512,-5.718446601941749,103,101,0.9728155339805825,-0.574547529220581,10.918024063110352,3.17055091727525e-05,1.62932550907135
1513,43.888888888888886,45,40,0.8888888888888888,1.138901948928833,27.827003479003906,3.314118293928914e-05,4.596240520477295
1514,-104.76026272577997,203,200,0.9823973727422003,0.06555913388729095,9.0535249710083,3.2938442018348724e-05,0.02263304591178894
1515,-102.70149253731344,201,198,0.9829850746268657,-0.14746934175491333,6.739491939544678,2.8662465410889126e-05,0.9434649348258972
1516,46.066666666666656,50,49,0.9606666666666667,-0.6101851463317871,20.09784698486328,2.8684640710707754e-05,1.3091864585876465
1517,40.95652173913042,46,40,0.8695652173913043,0.08808566629886627,27.39073371887207,2.804360156005714e-05,0.627481997013092
1518,63.95652173913044,23,20,0.8695652173913043,-1.2580453157424927,55.140140533447266,2.9638291380251758e-05,5.785463333129883
1519,63.95652173913044,23,20,0.8695652173913043,-0.5901332497596741,47.40315246582031,2.7400898034102283e-05,1.2861958742141724
1520,38.1063829787234,47,40,0.851063829787234,-0.1965891420841217,26.34964370727539,2.7347034119884484e-05,1.515604853630066
1521,-7.0512820512820635,104,101,0.9694871794871794,-0.11137913912534714,12.68821907043457,2.7253408916294575e-05,0.776829719543457
1522,46.564102564102555,52,52,0.9856410256410256,-0.7267515659332275,19.473291397094727,2.6189058189629577e-05,1.5281513929367065
1523,43.88888888888888,45,40,0.8888888888888888,0.24726174771785736,29.851791381835938,2.592633609310724e-05,0.49836668372154236
1524,63.95652173913044,23,20,0.8695652173913043,1.0844630002975464,46.96537780761719,2.712754940148443e-05,4.0282301902771
1525,43.88888888888889,45,40,0.8888888888888888,-0.6077612638473511,34.954830169677734,2.8049538741470315e-05,4.2547760009765625
1526,46.75163398692809,51,51,0.977516339869281,-0.5343117117881775,22.19860076904297,2.8042819394613616e-05,0.3752049505710602
1527,40.95652173913042,46,40,0.8695652173913043,-0.47042030096054077,30.077054977416992,2.6744486604002304e-05,1.355003833770752
1528,-9.54166666666667,96,83,0.8645833333333334,-0.2992749810218811,17.163320541381836,2.6719721063273028e-05,0.27570840716362
1529,-9.541666666666657,96,83,0.8645833333333334,-0.17141421139240265,14.266140937805176,2.671907532203477e-05,0.7181056141853333
1530,47.266666666666666,50,49,0.9726666666666667,0.3989211618900299,22.820138931274414,2.6714467821875587e-05,0.6541455388069153
1531,46.626666666666665,50,49,0.9662666666666667,-0.03298109397292137,21.170833587646484,2.6926209102384746e-05,1.4072363376617432
1532,-7.107936507936505,105,104,0.978920634920635,-0.6332252025604248,11.931117057800293,2.6963467462337576e-05,1.2448976039886475
1533,46.564102564102555,52,52,0.9856410256410256,-0.306791216135025,21.16082000732422,2.6215320758637972e-05,2.665494680404663
1534,-5.961538461538461,104,103,0.9803846153846154,-0.02908940240740776,11.888944625854492,2.6226827685604803e-05,0.27234047651290894
1535,40.95652173913044,46,40,0.8695652173913043,-0.050283562391996384,30.792827606201172,2.5994186216848902e-05,0.5475300550460815
1536,-7.631578947368423,95,83,0.8736842105263158,-0.34735050797462463,16.769155502319336,2.5836812710622326e-05,0.5600886940956116
1537,-104.9376026272578,203,200,0.980623973727422,-0.35060229897499084,6.2255120277404785,2.579114880063571e-05,0.30934277176856995
1538,-109.93269230769232,208,204,0.9806730769230769,-0.4144535958766937,7.415960311889648,2.5814199034357443e-05,1.00283944606781
1539,-6.480769230769232,104,102,0.9751923076923077,-0.32380834221839905,12.181583404541016,2.5746850951691158e-05,1.1663954257965088
1540,-4.254901960784321,102,100,0.9774509803921568,0.14833930134773254,12.190473556518555,2.5239978640456684e-05,0.48002636432647705
1541,40.95652173913043,46,40,0.8695652173913043,-0.34401535987854004,31.050962448120117,2.5528775950078852e-05,2.642169237136841
1542,40.95652173913042,46,40,0.8695652173913043,-0.5577640533447266,32.86765670776367,2.5987514163716696e-05,3.437692880630493
1543,40.95652173913043,46,40,0.8695652173913043,0.32465440034866333,28.673608779907227,2.6212053853669204e-05,1.582025408744812
1544,-109.40064102564104,208,206,0.9859935897435897,-1.2412045001983643,7.155040740966797,2.6586250896798447e-05,2.9664344787597656
1545,46.46153846153846,52,52,0.9846153846153847,-0.7513757944107056,25.950210571289062,2.656597462191712e-05,0.6355164647102356
1546,63.95652173913043,23,20,0.8695652173913043,-3.2522222995758057,51.050880432128906,4.042540240334347e-05,15.62028694152832
1547,-102.70149253731344,201,198,0.9829850746268657,-0.32552504539489746,5.629561901092529,3.955720967496745e-05,0.04931243881583214
1548,-105.44117647058825,204,202,0.9855882352941177,-0.011196930892765522,5.678805351257324,3.9643280615564436e-05,0.5000515580177307
1549,40.95652173913043,46,40,0.8695652173913043,0.18831844627857208,32.94753646850586,3.910861414624378e-05,0.08323799073696136
1550,63.95652173913043,23,20,0.8695652173913043,-0.9355635643005371,59.17959213256836,3.982993439421989e-05,4.146626949310303
1551,40.95652173913042,46,40,0.8695652173913043,0.1206514909863472,29.92255401611328,3.890381412929855e-05,0.08742082118988037
1552,-105.4673202614379,204,202,0.9853267973856209,-0.03126821666955948,6.675689697265625,3.890008883900009e-05,1.1484562158584595
1553,40.95652173913043,46,40,0.8695652173913043,-0.28175678849220276,32.75422286987305,3.860576543956995e-05,0.8397356271743774
1554,-7.6315789473684115,95,83,0.8736842105263158,-0.7197380661964417,15.352461814880371,3.585592276067473e-05,1.5948821306228638
1555,-2.815181518151824,101,100,0.9818481848184818,-0.1082119420170784,11.859334945678711,3.585985177778639e-05,0.2013246715068817
1556,40.95652173913042,46,40,0.8695652173913043,-0.8300902247428894,30.635927200317383,3.5523076803656295e-05,2.1503865718841553
1557,49.36879432624113,47,46,0.9636879432624114,0.052058540284633636,20.022937774658203,3.5571298212744296e-05,0.5532860159873962
1558,40.95652173913043,46,40,0.8695652173913043,0.045573245733976364,28.718509674072266,3.480221130303107e-05,0.9197952151298523
1559,-109.40064102564102,208,206,0.9859935897435897,-0.15208934247493744,6.960455417633057,3.474926415947266e-05,0.2514936029911041
1560,-110.85964912280703,209,206,0.9814035087719298,0.5359171032905579,9.856204986572266,3.474861296126619e-05,0.8748047351837158
1561,43.888888888888886,45,40,0.8888888888888888,0.4812676012516022,34.30214309692383,3.382537397556007e-05,0.3894341289997101
1562,-4.592233009708748,103,102,0.9840776699029126,0.5895610451698303,12.53355598449707,3.392088910914026e-05,0.5702387094497681
1563,49.027210884353735,49,49,0.9802721088435374,-0.27409425377845764,22.333415985107422,3.4006585337920114e-05,1.884306788444519
1564,48.10204081632652,49,48,0.9710204081632653,-0.3718326687812805,21.73140525817871,3.377060784259811e-05,0.7412209510803223
1565,-110.85964912280701,209,206,0.9814035087719298,-0.38910388946533203,6.2216105461120605,3.3633041311986744e-05,0.7213703393936157
1566,38.10638297872341,47,40,0.851063829787234,-0.1947641670703888,33.49245071411133,3.363150608493015e-05,0.03622753173112869
1567,46.46153846153847,52,52,0.9846153846153847,-0.38454166054725647,23.608163833618164,3.362543793627992e-05,1.199514389038086
1568,-5.7021276595744625,94,83,0.8829787234042553,0.01607145369052887,14.491808891296387,3.36623088514898e-05,1.070434808731079
1569,-4.915857605178003,103,102,0.98084142394822,-0.039502449333667755,11.06338119506836,3.2920652301982045e-05,0.17111532390117645
1570,-9.541666666666664,96,83,0.8645833333333334,-0.12833157181739807,16.296951293945312,3.2942367397481576e-05,0.12870801985263824
1571,-2.8151815181518276,101,100,0.9818481848184818,0.2981029748916626,12.186097145080566,3.29261165461503e-05,0.2746298909187317
1572,46.56410256410256,52,52,0.9856410256410256,-0.33747729659080505,16.28934669494629,3.095260763075203e-05,0.61594557762146
1573,-7.107936507936505,105,104,0.978920634920635,-0.35981467366218567,11.493144989013672,3.102057598880492e-05,0.7060514092445374
1574,59.333333333333336,24,20,0.8333333333333334,-0.3538930416107178,49.296085357666016,3.1020459573483095e-05,0.3909076750278473
1575,47.29931972789115,49,48,0.9629931972789115,-0.07499775290489197,21.59683609008789,3.0161136237438768e-05,0.7190632224082947
1576,-9.541666666666655,96,83,0.8645833333333334,-0.4321494996547699,14.485311508178711,3.0255381716415286e-05,0.7051027417182922
1577,63.95652173913043,23,20,0.8695652173913043,-0.3657882809638977,50.00124740600586,3.0256920581450686e-05,0.02238469384610653
1578,43.893081761006286,53,52,0.9689308176100629,-0.5121368765830994,22.077903747558594,3.0297172997961752e-05,1.3527190685272217
1579,63.95652173913043,23,20,0.8695652173913043,1.137923002243042,53.270259857177734,3.4114324080292135e-05,7.404270172119141
1580,40.95652173913042,46,40,0.8695652173913043,-0.19510306417942047,31.21005630493164,3.4138553019147366e-05,1.102082371711731
1581,-9.043613707165111,107,105,0.979563862928349,-0.3708589971065521,10.689860343933105,3.3604133932385594e-05,0.41915595531463623
1582,46.73333333333333,50,49,0.9673333333333334,0.10228700935840607,22.504262924194336,3.364544681971893e-05,0.4213254153728485
1583,49.36879432624113,47,46,0.9636879432624114,0.13089746236801147,25.899904251098633,3.365796146681532e-05,0.9228522181510925
1584,40.95652173913043,46,40,0.8695652173913043,0.5993832349777222,30.208309173583984,3.4264809073647484e-05,2.7609598636627197
1585,-9.541666666666666,96,83,0.8645833333333334,-0.4074126183986664,14.411857604980469,3.254455077694729e-05,0.20502085983753204
1586,63.95652173913044,23,20,0.8695652173913043,1.458768367767334,47.035770416259766,3.6160879972158e-05,7.507112503051758
1587,49.027210884353735,49,49,0.9802721088435374,-0.15295392274856567,18.375629425048828,3.622863732744008e-05,0.7683137655258179
1588,-4.915032679738561,102,100,0.9708496732026144,-0.6290477514266968,11.431559562683105,3.620942879933864e-05,0.4298906922340393
1589,40.95652173913044,46,40,0.8695652173913043,-0.7203777432441711,29.01052474975586,3.664726682472974e-05,3.033925771713257
1590,49.36879432624113,47,46,0.9636879432624114,0.12267295271158218,21.64504623413086,3.6431869375519454e-05,0.15142256021499634
1591,63.95652173913043,23,20,0.8695652173913043,1.8673900365829468,55.40153121948242,4.055436875205487e-05,8.008878707885742
1592,-5.7184466019417535,103,101,0.9728155339805825,-0.08748654276132584,11.314348220825195,4.058845661347732e-05,0.6633374094963074
1593,-105.4673202614379,204,202,0.9853267973856209,-0.5814511775970459,5.884149551391602,4.05615646741353e-05,0.177515909075737
1594,48.68707482993197,49,48,0.9768707482993197,0.03279396891593933,30.854738235473633,4.058068589074537e-05,0.8277794718742371
1595,40.95652173913043,46,40,0.8695652173913043,0.045674730092287064,30.361202239990234,4.0566723328083754e-05,0.30130884051322937
1596,38.1063829787234,47,40,0.851063829787234,0.24166709184646606,29.107194900512695,4.060200444655493e-05,0.5959263443946838
1597,-105.46732026143792,204,202,0.9853267973856209,-0.1419956237077713,6.512744903564453,4.0698992961551994e-05,0.9950587153434753
1598,40.95652173913043,46,40,0.8695652173913043,0.03984243422746658,29.436220169067383,4.056702891830355e-05,0.12586697936058044
1599,43.88888888888888,45,40,0.8888888888888888,0.01818014867603779,31.450632095336914,4.040688872919418e-05,0.15015685558319092
1600,-9.541666666666657,96,83,0.8645833333333334,-0.47928348183631897,15.117012023925781,4.0439779695589095e-05,0.9676738977432251
1601,-9.541666666666659,96,83,0.8645833333333334,-0.1773400604724884,14.224284172058105,4.048256960231811e-05,0.784834086894989
1602,63.95652173913044,23,20,0.8695652173913043,-0.10007375478744507,41.09809112548828,4.055933459312655e-05,0.8955849409103394
1603,46.62666666666667,50,49,0.9662666666666667,-0.873816728591919,19.94925308227539,4.077424091519788e-05,2.5552351474761963
1604,59.33333333333334,24,20,0.8333333333333334,-0.29354602098464966,51.568939208984375,4.077358971699141e-05,0.05124878138303757
1605,63.95652173913044,23,20,0.8695652173913043,0.2863854765892029,44.84316635131836,4.059153070556931e-05,1.9243017435073853
1606,-9.54166666666666,96,83,0.8645833333333334,-0.00020803121151402593,15.458900451660156,4.0591439756099135e-05,0.5265353322029114
1607,43.89308176100629,53,52,0.9689308176100629,-0.04816143214702606,22.17188262939453,4.043070657644421e-05,0.29255127906799316
1608,-7.631578947368411,95,83,0.8736842105263158,-0.26783502101898193,16.274417877197266,3.9747344999341294e-05,0.9085489511489868
1609,38.10638297872341,47,40,0.851063829787234,-0.8242627382278442,27.540531158447266,4.0413196984445676e-05,3.5302722454071045
1610,-108.53945249597423,207,204,0.9846054750402576,-0.37033024430274963,5.871710777282715,4.019638799945824e-05,0.10998976230621338
1611,-7.631578947368418,95,83,0.8736842105263158,-0.4644607901573181,16.939119338989258,4.0260627429233864e-05,1.2799861431121826
1612,40.95652173913043,46,40,0.8695652173913043,0.4828549921512604,36.933197021484375,4.063537926413119e-05,2.616657018661499
1613,63.95652173913044,23,20,0.8695652173913043,0.10379210114479065,44.48155212402344,3.9238915633177385e-05,0.5170602798461914
1614,-9.043613707165111,107,105,0.979563862928349,0.21999946236610413,11.084891319274902,3.940874375985004e-05,1.443293809890747
1615,49.36879432624113,47,46,0.9636879432624114,0.20922639966011047,24.91992950439453,3.939292946597561e-05,0.7333981990814209
1616,63.95652173913043,23,20,0.8695652173913043,0.857375979423523,60.727020263671875,3.9912261854624376e-05,2.9013478755950928
1617,-9.54166666666666,96,83,0.8645833333333334,-0.3230915367603302,15.692021369934082,3.999121690867469e-05,1.593492031097412
1618,48.10204081632652,49,48,0.9710204081632653,-0.2779798209667206,20.44710350036621,3.829552952083759e-05,2.141326904296875
1619,-3.4224422442244262,101,99,0.9757755775577558,0.16139468550682068,10.5068941116333,3.8224246964091435e-05,0.17607638239860535
1620,47.299319727891145,49,48,0.9629931972789115,-0.9248398542404175,23.251075744628906,3.9665959775447845e-05,5.193453311920166
1621,46.626666666666665,50,49,0.9662666666666667,-0.8192431330680847,24.446990966796875,3.963934796047397e-05,0.9226073026657104
1622,-9.541666666666659,96,83,0.8645833333333334,-0.21629247069358826,16.175914764404297,3.9553393435198814e-05,0.406379759311676
1623,40.95652173913044,46,40,0.8695652173913043,-0.6030985713005066,35.481781005859375,3.984376598964445e-05,2.390101909637451
1624,-106.9479674796748,205,202,0.980520325203252,-0.21544475853443146,7.242791175842285,3.874331378028728e-05,0.7699012160301208
1625,-7.631578947368411,95,83,0.8736842105263158,-0.4848806858062744,16.566944122314453,3.7888967199251056e-05,1.7349514961242676
1626,38.1063829787234,47,40,0.851063829787234,-0.21165737509727478,35.86906433105469,3.7987636460457e-05,1.5088437795639038
1627,-5.702127659574467,94,83,0.8829787234042553,-0.09277517348527908,17.721233367919922,3.791062772506848e-05,0.19863341748714447
1628,-100.66834170854271,199,196,0.9833165829145729,-0.1474977284669876,5.501605987548828,3.7928584788460284e-05,0.5103356242179871
1629,63.95652173913044,23,20,0.8695652173913043,-0.5705701112747192,53.02737045288086,3.9117228880058974e-05,4.754580497741699
1630,63.95652173913043,23,20,0.8695652173913043,-0.5265515446662903,49.24707794189453,3.92598522012122e-05,1.8531678915023804
1631,-108.53945249597425,207,204,0.9846054750402576,-0.5197262167930603,5.426860809326172,3.9081915019778535e-05,0.5101397633552551
1632,-7.051282051282064,104,101,0.9694871794871794,-0.15833595395088196,11.675901412963867,3.909900624421425e-05,0.7770419716835022
1633,40.95652173913043,46,40,0.8695652173913043,-0.06912893056869507,27.68514060974121,3.8590860640397295e-05,1.0963102579116821
1634,-8.937694704049845,107,106,0.9806230529595016,-0.014740963466465473,11.33799934387207,3.870725049637258e-05,1.174203872680664
1635,46.73333333333333,50,49,0.9673333333333334,-0.17393001914024353,24.19500160217285,3.871229637297802e-05,0.08419692516326904
1636,-3.422442244224428,101,99,0.9757755775577558,0.011033203452825546,11.049332618713379,3.871687295031734e-05,0.08396074175834656
1637,-9.043613707165104,107,105,0.979563862928349,0.11255903542041779,10.294618606567383,3.896105044987053e-05,1.6901347637176514
1638,-11.432989690721659,97,83,0.8556701030927835,-0.16457277536392212,16.263355255126953,3.8931844756007195e-05,0.0842776894569397
1639,63.95652173913043,23,20,0.8695652173913043,-0.4108774960041046,54.00005340576172,3.906305937562138e-05,1.9897598028182983
1640,47.299319727891145,49,48,0.9629931972789115,0.36295250058174133,22.577852249145508,3.9166250644484535e-05,1.0308527946472168
1641,-7.6315789473684195,95,83,0.8736842105263158,-0.6948648691177368,15.495089530944824,3.890404695994221e-05,1.442197561264038
1642,-9.541666666666663,96,83,0.8645833333333334,-0.6408270001411438,15.125673294067383,3.82783509849105e-05,0.3907662332057953
1643,40.95652173913043,46,40,0.8695652173913043,-1.5883533954620361,35.68574142456055,4.0094542782753706e-05,6.007144451141357
1644,-2.8151815181518303,101,100,0.9818481848184818,0.07321463525295258,15.027153015136719,3.9713795558782294e-05,0.7007895112037659
1645,-8.937694704049843,107,106,0.9806230529595016,-0.7178705930709839,9.46743392944336,3.977965752710588e-05,1.6679050922393799
1646,46.733333333333334,50,49,0.9673333333333334,-0.5725582838058472,21.953126907348633,2.5721819838508964e-05,3.169487476348877
1647,-5.702127659574465,94,83,0.8829787234042553,-0.3349883556365967,20.94359016418457,2.5852054022834636e-05,1.63803231716156
1648,-9.541666666666671,96,83,0.8645833333333334,0.4395753741264343,18.9959659576416,2.603256143629551e-05,1.6611852645874023
1649,47.133333333333326,50,49,0.9713333333333334,0.4925374686717987,25.32100486755371,2.627904359542299e-05,1.8417118787765503
1650,-7.6315789473684195,95,83,0.8736842105263158,0.06898121535778046,17.67627716064453,2.5307663236162625e-05,0.45756015181541443
1651,-105.54575163398692,204,201,0.9845424836601308,-0.47830531001091003,5.72813081741333,2.532538928790018e-05,0.6881444454193115
1652,-5.317152103559879,103,101,0.9768284789644013,-0.05777869001030922,10.582547187805176,2.5227698642993346e-05,0.0505373552441597
1653,-99.21885521885523,198,196,0.9878114478114478,-0.35035640001296997,5.911831378936768,2.521353235351853e-05,0.41519439220428467
1654,-105.44117647058825,204,202,0.9855882352941177,-0.7101128101348877,7.632862091064453,2.5094175725826062e-05,0.6275087594985962
1655,-9.541666666666668,96,83,0.8645833333333334,-0.5755875706672668,16.215248107910156,2.5097178877331316e-05,0.34445688128471375
1656,-9.541666666666663,96,83,0.8645833333333334,-0.25839942693710327,14.785147666931152,2.4911465516197495e-05,1.015136480331421
1657,40.95652173913043,46,40,0.8695652173913043,0.35837116837501526,28.942745208740234,2.5085153538384475e-05,1.7207221984863281
1658,-100.66834170854271,199,196,0.9833165829145729,-0.5027424097061157,5.566224098205566,2.5047387680388056e-05,0.414568692445755
1659,-106.9479674796748,205,202,0.980520325203252,-0.13961443305015564,6.28416109085083,2.5078075850615278e-05,0.7051267623901367
1660,46.7516339869281,51,51,0.977516339869281,-0.11927901208400726,19.342477798461914,2.5049981559277512e-05,0.7149285674095154
1661,-11.432989690721655,97,83,0.8556701030927835,-0.05568410083651543,15.030696868896484,2.513502477086149e-05,1.1940480470657349
1662,46.564102564102555,52,52,0.9856410256410256,-0.5654532313346863,17.82289695739746,2.5117496988968924e-05,0.418744295835495
1663,40.95652173913043,46,40,0.8695652173913043,-0.40148743987083435,31.000638961791992,2.495498483767733e-05,0.8694671392440796
1664,43.88888888888888,45,40,0.8888888888888888,-0.39127257466316223,31.19408416748047,2.5170567823806778e-05,2.055316209793091
1665,40.95652173913042,46,40,0.8695652173913043,-0.1959882527589798,30.408872604370117,2.5218114387826063e-05,1.1650420427322388
1666,-7.631578947368414,95,83,0.8736842105263158,-0.2327333688735962,16.21368980407715,2.521874375815969e-05,0.07446707785129547
1667,-9.54166666666666,96,83,0.8645833333333334,0.25347602367401123,14.537601470947266,2.5544399250065908e-05,2.5548059940338135
1668,-4.533980582524282,103,102,0.9846601941747573,-0.30404290556907654,11.011221885681152,2.5464323698543012e-05,0.040851570665836334
1669,47.625850340136054,49,48,0.9662585034013605,-1.5157032012939453,25.168964385986328,6.527105142595246e-05,25.554283142089844
1670,47.62585034013605,49,48,0.9662585034013605,-0.7738087773323059,20.284412384033203,7.542303501395509e-05,13.162647247314453
1671,-7.0512820512820635,104,101,0.9694871794871794,-0.08557101339101791,11.057847023010254,7.54258144297637e-05,0.29330867528915405
1672,-9.54166666666666,96,83,0.8645833333333334,0.0018023141892626882,16.560985565185547,7.542164530605078e-05,0.15471886098384857
1673,46.75163398692809,51,51,0.977516339869281,0.4922511875629425,24.04512596130371,7.551382441306487e-05,1.2675034999847412
1674,59.333333333333336,24,20,0.8333333333333334,1.2049973011016846,54.09362030029297,7.744088361505419e-05,5.703256607055664
1675,63.95652173913044,23,20,0.8695652173913043,-0.20440232753753662,45.756591796875,7.744351023575291e-05,0.723788321018219
1676,47.26666666666666,50,49,0.9726666666666667,0.27924132347106934,22.82560157775879,7.74227301008068e-05,0.018495649099349976
1677,-99.17171717171718,198,196,0.9882828282828283,-0.15870121121406555,5.925616264343262,7.744079630356282e-05,0.44636961817741394
1678,63.95652173913044,23,20,0.8695652173913043,-0.7754510641098022,45.1357421875,7.738693238934502e-05,0.9700441360473633
1679,-109.40064102564104,208,206,0.9859935897435897,-0.3757046163082123,7.561527252197266,7.407864177366719e-05,0.04565855488181114
1680,-5.718446601941755,103,101,0.9728155339805825,0.27282264828681946,10.823290824890137,7.41608819225803e-05,1.6862504482269287
1681,-5.718446601941752,103,101,0.9728155339805825,0.2109358161687851,11.456920623779297,7.416192966047674e-05,0.5529191493988037
1682,63.95652173913043,23,20,0.8695652173913043,0.9711868166923523,59.89472961425781,7.466141687473282e-05,2.9371166229248047
1683,63.95652173913044,23,20,0.8695652173913043,1.2599997520446777,45.790611267089844,7.646015001228079e-05,5.6378583908081055
1684,59.33333333333334,24,20,0.8333333333333334,-0.3912346065044403,55.705116271972656,7.613439811393619e-05,1.0933576822280884
1685,-7.631578947368409,95,83,0.8736842105263158,-0.09371278434991837,16.04091453552246,7.617233495693654e-05,0.990115225315094
1686,40.95652173913043,46,40,0.8695652173913043,-0.3793048858642578,30.609725952148438,7.281267608050257e-05,0.4713273346424103
1687,-109.40064102564104,208,206,0.9859935897435897,-0.385488361120224,6.356922626495361,7.279064448084682e-05,0.2259591668844223
1688,38.1063829787234,47,40,0.851063829787234,-0.4307580590248108,30.45148277282715,7.287281914614141e-05,1.1873245239257812
1689,-7.6315789473684195,95,83,0.8736842105263158,-0.3638432025909424,15.111705780029297,7.228444155771285e-05,0.13122311234474182
1690,-4.254901960784325,102,100,0.9774509803921568,0.045633066445589066,10.268035888671875,7.229935727082193e-05,0.6082963347434998
1691,-9.541666666666668,96,83,0.8645833333333334,-0.33285632729530334,14.117159843444824,6.840117566753179e-05,0.3973144292831421
1692,47.13333333333333,50,49,0.9713333333333334,-0.3359159231185913,28.351478576660156,6.847811164334416e-05,1.2999635934829712
1693,47.625850340136054,49,48,0.9662585034013605,-0.20608572661876678,22.54920768737793,6.847592885605991e-05,0.05025966838002205
1694,-4.592233009708743,103,102,0.9840776699029126,0.27049148082733154,13.197002410888672,6.91336317686364e-05,3.3905937671661377
1695,-2.953795379537969,101,100,0.9804620462046204,-0.12379222363233566,11.802872657775879,6.913071410963312e-05,0.14989452064037323
1696,-7.631578947368418,95,83,0.8736842105263158,-0.23923619091510773,17.544635772705078,6.91184468450956e-05,0.46010613441467285
1697,49.027210884353735,49,49,0.9802721088435374,0.878389298915863,21.684289932250977,6.980295438552275e-05,3.4641220569610596
1698,46.626666666666665,50,49,0.9662666666666667,-0.8766633868217468,21.44036102294922,7.052595174172893e-05,3.450296401977539
1699,-9.043613707165113,107,105,0.979563862928349,-1.2760868072509766,11.644975662231445,7.101140363374725e-05,2.869396686553955
1700,63.95652173913043,23,20,0.8695652173913043,0.011667061597108841,42.067447662353516,7.102033850969747e-05,0.9226544499397278
1701,-105.44117647058825,204,202,0.9855882352941177,-0.41653335094451904,5.9848737716674805,7.09834712324664e-05,0.2794150114059448
1702,40.95652173913044,46,40,0.8695652173913043,-0.5780689716339111,28.451581954956055,7.120561349438503e-05,2.2038533687591553
1703,-9.541666666666668,96,83,0.8645833333333334,-0.24641913175582886,13.907889366149902,7.097121851984411e-05,1.4675817489624023
1704,59.33333333333334,24,20,0.8333333333333334,-0.22536753118038177,64.06553649902344,7.10065069142729e-05,0.7185513377189636
1705,-7.631578947368414,95,83,0.8736842105263158,-0.16413390636444092,15.055419921875,7.082963566062972e-05,0.960510790348053
1706,46.564102564102555,52,52,0.9856410256410256,-0.5938287377357483,20.488937377929688,7.101321534719318e-05,1.8868322372436523
1707,-7.631578947368416,95,83,0.8736842105263158,-0.2879982888698578,15.931903839111328,7.102073868736625e-05,0.5604962706565857
1708,40.95652173913043,46,40,0.8695652173913043,-0.47744473814964294,34.307613372802734,7.16467184247449e-05,3.3849518299102783
1709,-7.631578947368414,95,83,0.8736842105263158,-0.28665614128112793,15.447747230529785,7.091991574270651e-05,0.10255468636751175
1710,-9.54166666666667,96,83,0.8645833333333334,-0.8368040919303894,16.09676170349121,7.10847380105406e-05,1.7075783014297485
1711,48.10204081632652,49,48,0.9710204081632653,-0.09075519442558289,17.48497772216797,7.09965534042567e-05,0.1291806846857071
1712,-6.480769230769226,104,102,0.9751923076923077,-0.6409497261047363,9.96776294708252,7.054529123706743e-05,0.17093481123447418
1713,63.95652173913043,23,20,0.8695652173913043,-1.2068006992340088,55.822303771972656,7.189742609625682e-05,4.860636234283447
1714,-2.9537953795379637,101,100,0.9804620462046204,-0.3182204067707062,9.478860855102539,7.18197989044711e-05,0.9809989929199219
1715,49.02721088435374,49,49,0.9802721088435374,0.43905165791511536,24.535411834716797,7.194532372523099e-05,1.3850092887878418
1716,-110.85964912280703,209,206,0.9814035087719298,0.17435169219970703,9.716889381408691,7.136907515814528e-05,0.1901116669178009
1717,63.95652173913043,23,20,0.8695652173913043,0.9733889698982239,57.439449310302734,7.180873217293993e-05,2.885993719100952
1718,47.266666666666666,50,49,0.9726666666666667,0.8677698969841003,24.695940017700195,7.159236702136695e-05,0.6510962247848511
1719,-11.432989690721653,97,83,0.8556701030927835,0.17159907519817352,14.839116096496582,7.196857768576592e-05,2.3874928951263428
1720,40.95652173913044,46,40,0.8695652173913043,0.11218637228012085,26.198917388916016,7.042370270937681e-05,1.1346839666366577
1721,-3.422442244224427,101,99,0.9757755775577558,-0.04876133054494858,13.405287742614746,7.06230421201326e-05,2.0179948806762695
1722,-3.4224422442244253,101,99,0.9757755775577558,-0.4452098608016968,9.697864532470703,7.062162330839783e-05,0.3539421558380127
1723,46.564102564102555,52,52,0.9856410256410256,-1.167273998260498,19.751768112182617,7.030356937320903e-05,0.7740453481674194
1724,63.95652173913044,23,20,0.8695652173913043,-0.27501484751701355,52.443328857421875,7.039570482447743e-05,1.4961795806884766
1725,38.1063829787234,47,40,0.851063829787234,0.6652612686157227,36.18177795410156,7.067914702929556e-05,2.8718457221984863
1726,46.56410256410256,52,52,0.9856410256410256,0.03780225291848183,22.557573318481445,7.056382310111076e-05,0.9595492482185364
1727,47.299319727891145,49,48,0.9629931972789115,0.22587522864341736,36.0941162109375,7.096160697983578e-05,2.453268051147461
1728,59.33333333333334,24,20,0.8333333333333334,0.46926355361938477,54.290138244628906,7.110673323040828e-05,1.6871223449707031
1729,-104.76026272577998,203,200,0.9823973727422003,-0.5432429313659668,6.481901168823242,6.972387927817181e-05,1.077437400817871
1730,40.95652173913043,46,40,0.8695652173913043,-0.04052410274744034,29.606889724731445,6.975771975703537e-05,2.3180456161499023
1731,40.95652173913043,46,40,0.8695652173913043,-0.24338297545909882,32.35432815551758,6.990577094256878e-05,1.8929908275604248
1732,43.888888888888886,45,40,0.8888888888888888,-0.06717924028635025,30.19092559814453,6.997930177021772e-05,1.4355735778808594
1733,43.88888888888888,45,40,0.8888888888888888,-0.6505617499351501,29.868045806884766,7.005984662100673e-05,1.5240505933761597
1734,-5.718446601941757,103,101,0.9728155339805825,-0.3198149502277374,10.77920150756836,7.013396680122241e-05,1.2449439764022827
1735,40.95652173913044,46,40,0.8695652173913043,-0.552398681640625,42.34576416015625,7.071976142469794e-05,2.903179407119751
1736,46.46153846153846,52,52,0.9846153846153847,-0.037210989743471146,35.48756408691406,7.115872722351924e-05,2.514979362487793
1737,-9.541666666666664,96,83,0.8645833333333334,0.16606839001178741,21.822505950927734,7.106160774128512e-05,1.045724868774414
1738,40.95652173913043,46,40,0.8695652173913043,-0.5434954762458801,39.00236129760742,7.140044181142002e-05,2.2362420558929443
1739,-7.1079365079365076,105,104,0.978920634920635,-0.3819614350795746,10.787160873413086,7.113132596714422e-05,0.3933476507663727
1740,-7.631578947368416,95,83,0.8736842105263158,-0.6307557821273804,15.058018684387207,7.11109460098669e-05,0.5106866359710693
1741,40.95652173913043,46,40,0.8695652173913043,-1.8432046175003052,30.048906326293945,7.317587005672976e-05,5.8961896896362305
1742,-3.7647058823529473,102,101,0.9823529411764705,-1.0467450618743896,11.149531364440918,7.338737486861646e-05,1.8440972566604614
1743,-105.46732026143792,204,202,0.9853267973856209,-0.6404027938842773,6.434732913970947,7.110055594239384e-05,0.03674987703561783
1744,63.95652173913042,23,20,0.8695652173913043,-0.7890245318412781,48.77094650268555,7.126641139620915e-05,1.6363800764083862
1745,-110.85964912280703,209,206,0.9814035087719298,-0.4313063621520996,6.486701488494873,7.10847380105406e-05,0.2177727371454239
1746,46.73333333333333,50,49,0.9673333333333334,-0.5955906510353088,18.5031795501709,7.057502079987898e-05,1.448429822921753
1747,63.95652173913044,23,20,0.8695652173913043,2.327893018722534,52.859561920166016,7.615325012011454e-05,9.87076187133789
1748,43.888888888888886,45,40,0.8888888888888888,1.0058640241622925,30.04991340637207,7.691508653806522e-05,4.040797710418701
1749,-7.631578947368407,95,83,0.8736842105263158,0.4091707170009613,17.364974975585938,7.703540177317336e-05,2.335827589035034
1750,46.626666666666665,50,49,0.9662666666666667,-0.8018094897270203,25.49639892578125,7.746714254608378e-05,2.399777889251709
1751,63.95652173913044,23,20,0.8695652173913043,-0.09535783529281616,56.84734344482422,7.76311571826227e-05,1.6314653158187866
1752,43.893081761006286,53,52,0.9689308176100629,-0.29681816697120667,27.70415496826172,7.764619658701122e-05,0.2886137366294861
1753,40.95652173913043,46,40,0.8695652173913043,1.4644795656204224,27.454090118408203,8.167979103745893e-05,8.358853340148926
1754,-105.44117647058825,204,202,0.9855882352941177,-0.32664480805397034,7.031698703765869,8.242993499152362e-05,3.567018747329712
1755,-4.254901960784318,102,100,0.9774509803921568,-0.3497362434864044,10.924442291259766,8.25010720291175e-05,0.9507311582565308
1756,43.893081761006286,53,52,0.9689308176100629,-0.5835861563682556,22.48888397216797,8.247497316915542e-05,0.01149135921150446
1757,63.95652173913044,23,20,0.8695652173913043,-0.14263132214546204,46.7188720703125,8.242407056968659e-05,0.8440624475479126
1758,-7.6315789473684195,95,83,0.8736842105263158,-0.26407960057258606,16.256593704223633,8.6411957454402e-05,8.045919418334961
1759,-9.541666666666668,96,83,0.8645833333333334,0.13196676969528198,15.847588539123535,8.642036118544638e-05,0.835669994354248
1760,63.95652173913042,23,20,0.8695652173913043,-0.2005634754896164,57.045650482177734,8.680042810738087e-05,2.393501043319702
1761,63.95652173913043,23,20,0.8695652173913043,0.13588561117649078,51.84190368652344,8.676074503455311e-05,0.7530375719070435
1762,-109.40064102564104,208,206,0.9859935897435897,-0.20398704707622528,6.519169330596924,8.683295163791627e-05,1.1013586521148682
1763,47.62585034013605,49,48,0.9662585034013605,-0.4722249507904053,21.213045120239258,8.683423220645636e-05,1.396793246269226
1764,40.95652173913043,46,40,0.8695652173913043,0.24907541275024414,29.081661224365234,8.665580389788374e-05,1.8991597890853882
1765,47.62585034013605,49,48,0.9662585034013605,-0.9508109092712402,21.193462371826172,8.677347796037793e-05,1.7132489681243896
1766,-7.631578947368417,95,83,0.8736842105263158,-0.19311663508415222,14.855911254882812,8.679616439621896e-05,0.3471023142337799
1767,-1.446666666666672,100,99,0.9855333333333334,-0.18072958290576935,11.226943969726562,8.664672350278124e-05,1.3818714618682861
1768,-7.631578947368413,95,83,0.8736842105263158,-0.35111454129219055,16.34299087524414,8.678810263518244e-05,1.2802047729492188
1769,63.95652173913043,23,20,0.8695652173913043,0.5645758509635925,57.04243469238281,4.76579116366338e-05,1.850072979927063
1770,-7.631578947368423,95,83,0.8736842105263158,-0.0740317776799202,13.740121841430664,3.717470826813951e-05,0.35054677724838257
1771,63.95652173913044,23,20,0.8695652173913043,-1.0431573390960693,59.17681884765625,3.7854155380045995e-05,3.227909803390503
1772,43.88888888888888,45,40,0.8888888888888888,-0.5134690999984741,29.464902877807617,3.809747431660071e-05,1.9080188274383545
1773,-9.541666666666664,96,83,0.8645833333333334,-0.3228780925273895,15.526008605957031,3.8037112972233444e-05,0.5848581194877625
1774,63.95652173913043,23,20,0.8695652173913043,-0.07843638211488724,52.568870544433594,3.6147539503872395e-05,1.2051267623901367
1775,-9.541666666666664,96,83,0.8645833333333334,-0.10065790265798569,14.650208473205566,3.615990135585889e-05,0.9082992076873779
1776,40.95652173913043,46,40,0.8695652173913043,0.6279413104057312,27.192249298095703,3.68945584341418e-05,3.5096933841705322
1777,63.95652173913043,23,20,0.8695652173913043,-0.16875328123569489,45.76089859008789,3.6888373870169744e-05,0.33887314796447754
1778,48.68707482993198,49,48,0.9768707482993197,0.4425090253353119,30.460145950317383,3.6885427107336e-05,1.1178593635559082
1779,-8.937694704049848,107,106,0.9806230529595016,-0.24710145592689514,13.775221824645996,3.68901964975521e-05,0.4112796187400818
1780,63.95652173913042,23,20,0.8695652173913043,-0.16820183396339417,56.46155548095703,3.6904857552144676e-05,1.5908877849578857
1781,-104.9376026272578,203,200,0.980623973727422,-0.10799333453178406,8.734824180603027,3.694076804094948e-05,0.8475307822227478
1782,-9.541666666666664,96,83,0.8645833333333334,0.011572051793336868,15.073800086975098,3.6466219171416014e-05,0.8632054328918457
1783,-9.541666666666655,96,83,0.8645833333333334,-0.19936856627464294,14.489811897277832,3.4511049307184294e-05,0.022714627906680107
1784,-7.631578947368416,95,83,0.8736842105263158,-0.39699679613113403,14.212992668151855,3.4478074667276815e-05,0.8045365810394287
1785,59.33333333333333,24,20,0.8333333333333334,-0.2098596841096878,55.56570816040039,3.450733493082225e-05,1.2649133205413818
1786,-5.96153846153846,104,103,0.9803846153846154,-0.330050528049469,11.66858959197998,3.463975008344278e-05,1.574557900428772
1787,-9.54166666666667,96,83,0.8645833333333334,-0.8600946068763733,15.201783180236816,3.4926895750686526e-05,2.24533748626709
1788,59.33333333333333,24,20,0.8333333333333334,0.9350624084472656,49.121299743652344,3.634590393630788e-05,4.88352108001709
1789,-2.9537953795379672,101,100,0.9804620462046204,-0.5503132343292236,10.46782398223877,3.644212119979784e-05,1.27841317653656
1790,40.95652173913042,46,40,0.8695652173913043,0.7034252285957336,27.77413558959961,3.70545603800565e-05,3.1972572803497314
1791,-6.480769230769239,104,102,0.9751923076923077,-0.24934665858745575,13.614130973815918,3.709330485435203e-05,0.8905230164527893
1792,63.95652173913043,23,20,0.8695652173913043,-1.3885776996612549,59.00786209106445,3.988583921454847e-05,6.886658191680908
1793,-9.54166666666666,96,83,0.8645833333333334,-0.5519293546676636,17.334749221801758,4.0289833123097196e-05,2.64182448387146
1794,-7.631578947368418,95,83,0.8736842105263158,0.07554306089878082,15.138029098510742,3.961430775234476e-05,0.37176424264907837
1795,-2.8151815181518227,101,100,0.9818481848184818,0.5321322679519653,11.018542289733887,3.961383845307864e-05,0.2777825593948364
1796,-109.93269230769232,208,204,0.9806730769230769,-0.1385420858860016,7.032254695892334,3.9608858060091734e-05,0.3350814878940582
1797,-105.46732026143792,204,202,0.9853267973856209,0.08756480365991592,6.284763336181641,3.883515455527231e-05,0.18388600647449493
1798,-106.9479674796748,205,202,0.980520325203252,-0.049732133746147156,6.25557804107666,3.813950752373785e-05,0.01806366816163063
1799,-7.6315789473684195,95,83,0.8736842105263158,-0.23813296854496002,14.596484184265137,3.7655649066437036e-05,0.1808900535106659
1800,59.33333333333334,24,20,0.8333333333333334,-2.706759452819824,68.66735076904297,4.7258152335416526e-05,12.63622760772705
1801,-109.9326923076923,208,204,0.9806730769230769,-0.3193163275718689,7.049907684326172,4.7253510274458677e-05,0.5083878636360168
1802,-9.541666666666664,96,83,0.8645833333333334,-0.28535374999046326,14.818099975585938,4.705225001089275e-05,1.0920642614364624
1803,59.333333333333336,24,20,0.8333333333333334,0.37697508931159973,60.569637298583984,4.6938348532421514e-05,0.7481127381324768
1804,-5.718446601941757,103,101,0.9728155339805825,0.22338441014289856,11.554586410522461,4.691946742241271e-05,0.5281949639320374
1805,46.75163398692809,51,51,0.977516339869281,0.3735567331314087,24.90311050415039,4.684688610723242e-05,0.18404950201511383
1806,-4.915857605178003,103,102,0.98084142394822,-0.16238881647586823,10.27225399017334,4.6697812649654225e-05,0.875218391418457
1807,-2.8151815181518254,101,100,0.9818481848184818,0.612995982170105,9.771476745605469,4.680449637817219e-05,1.2009389400482178
1808,47.62585034013605,49,48,0.9662585034013605,-0.7907440662384033,22.063905715942383,4.627587622962892e-05,1.5186997652053833
1809,-4.592233009708753,103,102,0.9840776699029126,-0.09163293987512589,9.267784118652344,4.627344969776459e-05,0.2951686382293701
1810,-102.70149253731344,201,198,0.9829850746268657,-0.8963319063186646,8.084443092346191,4.620250183506869e-05,1.280562400817871
1811,40.95652173913043,46,40,0.8695652173913043,-0.8758189082145691,38.44180679321289,4.6552569983759895e-05,2.539386749267578
1812,46.626666666666665,50,49,0.9662666666666667,-0.5435018539428711,17.331884384155273,4.655647717299871e-05,0.08546657115221024
1813,40.95652173913044,46,40,0.8695652173913043,-0.6429616808891296,29.584341049194336,4.550441008177586e-05,2.408474922180176
1814,40.95652173913043,46,40,0.8695652173913043,-0.469682514667511,28.010969161987305,4.551478195935488e-05,1.3574798107147217
1815,63.95652173913044,23,20,0.8695652173913043,-0.9544606804847717,50.016807556152344,4.738029747386463e-05,5.926929473876953
1816,40.95652173913044,46,40,0.8695652173913043,0.8089383244514465,28.403078079223633,4.877068204223178e-05,4.537227153778076
1817,-7.631578947368412,95,83,0.8736842105263158,-0.5104488730430603,15.122604370117188,4.8184334445977584e-05,0.020790548995137215
1818,40.95652173913044,46,40,0.8695652173913043,-0.10766609758138657,28.46504020690918,4.8155772674363106e-05,0.32363077998161316
1819,-105.44117647058825,204,202,0.9855882352941177,-0.3977963328361511,6.21045446395874,4.7734960389789194e-05,0.23740680515766144
1820,-7.631578947368419,95,83,0.8736842105263158,-0.6034666895866394,15.117915153503418,4.764711047755554e-05,0.9746902585029602
1821,-7.107936507936502,105,104,0.978920634920635,-0.6776098608970642,9.892038345336914,4.734763206215575e-05,0.943212628364563
1822,-5.702127659574467,94,83,0.8829787234042553,-0.26050058007240295,15.40973949432373,4.7357723815366626e-05,0.11304330825805664
1823,40.95652173913044,46,40,0.8695652173913043,0.7112749814987183,27.80184555053711,4.8121899453690276e-05,3.284036159515381
1824,-7.631578947368416,95,83,0.8736842105263158,-0.5497888326644897,16.492128372192383,4.808881931239739e-05,1.8765262365341187
1825,40.95652173913043,46,40,0.8695652173913043,-0.3393128216266632,28.246326446533203,4.7542656830046326e-05,1.4250553846359253
1826,59.33333333333334,24,20,0.8333333333333334,0.7515121698379517,62.91625213623047,4.848010576097295e-05,3.7883262634277344
1827,40.95652173913043,46,40,0.8695652173913043,0.5016867518424988,29.830015182495117,4.852494748774916e-05,2.0571234226226807
1828,63.95652173913044,23,20,0.8695652173913043,-0.2837126553058624,57.60196304321289,4.880163760390133e-05,3.1722631454467773
1829,-104.76026272577998,203,200,0.9823973727422003,0.05828532949090004,7.690067768096924,4.876292950939387e-05,0.08913658559322357
1830,-105.54575163398692,204,201,0.9845424836601308,0.15784430503845215,6.263827800750732,4.8358946514781564e-05,0.26850199699401855
1831,40.95652173913043,46,40,0.8695652173913043,0.025546027347445488,29.189876556396484,4.805745993508026e-05,0.5350472331047058
1832,43.88888888888888,45,40,0.8888888888888888,0.36835530400276184,29.730379104614258,4.789657032233663e-05,0.4041518568992615
1833,63.95652173913042,23,20,0.8695652173913043,0.1013478934764862,46.92782974243164,4.782313772011548e-05,0.10764160007238388
1834,63.95652173913044,23,20,0.8695652173913043,0.010275300592184067,39.965152740478516,4.791092942468822e-05,1.1857854127883911
1835,-105.46732026143792,204,202,0.9853267973856209,-0.12814751267433167,6.2710280418396,4.7616871597711e-05,1.1430212259292603
1836,47.13333333333333,50,49,0.9713333333333334,-0.14365024864673615,20.96535301208496,4.740914664580487e-05,1.0703405141830444
1837,-9.541666666666666,96,83,0.8645833333333334,-0.8056836128234863,20.298431396484375,4.7765257477294654e-05,2.9875357151031494
1838,-4.915857605178003,103,102,0.98084142394822,-0.14208006858825684,8.740462303161621,4.75272026960738e-05,0.408321738243103
1839,-11.432989690721657,97,83,0.8556701030927835,-0.1301325112581253,15.295083045959473,4.751001324621029e-05,0.6485550403594971
1840,40.95652173913043,46,40,0.8695652173913043,0.1512308567762375,34.976539611816406,4.762137177749537e-05,1.6376553773880005
1841,46.46153846153847,52,52,0.9846153846153847,0.12700174748897552,26.30838966369629,4.575010825647041e-05,1.4569687843322754
1842,63.95652173913043,23,20,0.8695652173913043,0.6994512677192688,55.669254302978516,4.5839868107577786e-05,1.8119981288909912
1843,-100.66834170854271,199,196,0.9833165829145729,-0.41219496726989746,5.240993499755859,4.583888585329987e-05,0.023269716650247574
1844,43.888888888888886,45,40,0.8888888888888888,0.15573397278785706,30.95460319519043,4.5940625568619e-05,1.7615834474563599
1845,63.95652173913043,23,20,0.8695652173913043,-0.10250046849250793,47.95307159423828,4.5940665586385876e-05,0.056707847863435745
1846,59.333333333333336,24,20,0.8333333333333334,-0.2412848323583603,63.73939514160156,4.5839005906600505e-05,0.2992240786552429
1847,-102.70149253731344,201,198,0.9829850746268657,-0.4547431766986847,5.6434736251831055,3.9601462049176916e-05,0.19259926676750183
1848,46.73333333333333,50,49,0.9673333333333334,0.12999245524406433,23.193735122680664,3.861221921397373e-05,1.8840326070785522
1849,-7.631578947368414,95,83,0.8736842105263158,-0.05274457111954689,22.206775665283203,3.820002530119382e-05,0.9364995956420898
1850,48.10204081632652,49,48,0.9710204081632653,1.3493486642837524,42.721031188964844,3.8183403376024216e-05,1.6970422267913818
1851,-102.70149253731344,201,198,0.9829850746268657,-0.21258117258548737,9.597735404968262,3.807503526331857e-05,0.09034908562898636
1852,-7.631578947368416,95,83,0.8736842105263158,0.12456594407558441,21.1497859954834,3.814425872405991e-05,0.7828347086906433
1853,-7.051282051282062,104,101,0.9694871794871794,0.1852022409439087,13.816641807556152,3.359725815244019e-05,0.8475177884101868
1854,40.95652173913043,46,40,0.8695652173913043,0.3818066716194153,36.66940689086914,3.306316284579225e-05,1.685294508934021
1855,46.73333333333333,50,49,0.9673333333333334,-0.14195147156715393,18.77665901184082,3.310483953100629e-05,0.7241413593292236
1856,43.88888888888888,45,40,0.8888888888888888,-0.6433659195899963,29.163164138793945,3.312094122520648e-05,0.9039096832275391
1857,48.10204081632652,49,48,0.9710204081632653,-0.6036809682846069,18.732202529907227,3.3104486647062004e-05,0.4423958361148834
1858,63.95652173913042,23,20,0.8695652173913043,0.0787435919046402,50.18955612182617,2.91931919491617e-05,0.9599704146385193
1859,-103.45214521452145,202,200,0.9854785478547855,-0.8329060673713684,8.725377082824707,2.9111824915162288e-05,0.45290935039520264
1860,46.75163398692809,51,51,0.977516339869281,-0.40279826521873474,15.439513206481934,2.8851978640886955e-05,0.0010006504599004984
1861,40.95652173913044,46,40,0.8695652173913043,-0.41779226064682007,29.59787368774414,2.879494240914937e-05,0.7661980390548706
1862,-8.937694704049846,107,106,0.9806230529595016,-0.9398379921913147,9.233819007873535,2.8770033168257214e-05,1.2718079090118408
1863,46.564102564102555,52,52,0.9856410256410256,-0.3768681287765503,14.352741241455078,2.8622775062103756e-05,0.4468562602996826
1864,40.95652173913044,46,40,0.8695652173913043,-0.20751501619815826,33.60869598388672,2.83633271465078e-05,1.2944743633270264
1865,-110.85964912280701,209,206,0.9814035087719298,-0.2929578423500061,6.724086761474609,2.8269843824091367e-05,0.18866562843322754
1866,-9.043613707165113,107,105,0.979563862928349,-0.14584384858608246,9.982935905456543,2.8327349355095066e-05,0.6171015501022339
1867,-9.541666666666663,96,83,0.8645833333333334,0.051729414612054825,14.328125,2.836029489117209e-05,0.9463400840759277
1868,-11.432989690721648,97,83,0.8556701030927835,-0.04455670341849327,15.803206443786621,2.8316741008893587e-05,0.16289156675338745
1869,-99.21885521885523,198,196,0.9878114478114478,-0.10781842470169067,6.584894180297852,2.8030450266669504e-05,0.5557658672332764
1870,-7.631578947368409,95,83,0.8736842105263158,0.07043017446994781,15.072627067565918,2.801515074679628e-05,0.13426215946674347
1871,63.95652173913043,23,20,0.8695652173913043,1.4367471933364868,63.96476745605469,2.9747257940471172e-05,5.775086879730225
1872,63.95652173913042,23,20,0.8695652173913043,0.48901835083961487,60.05506896972656,2.9945402275188826e-05,2.2394607067108154
1873,-9.043613707165111,107,105,0.979563862928349,-0.4779113531112671,14.587210655212402,2.9985034416313283e-05,1.091722846031189
1874,-105.44117647058825,204,202,0.9855882352941177,-0.2310703694820404,7.726071834564209,2.995646354975179e-05,1.0301355123519897
1875,48.68707482993197,49,48,0.9768707482993197,-0.49379926919937134,30.669898986816406,3.0093826353549957e-05,2.0964298248291016
1876,63.95652173913044,23,20,0.8695652173913043,0.23925112187862396,61.33146667480469,2.927064269897528e-05,0.6381589770317078
1877,46.564102564102555,52,52,0.9856410256410256,-0.4828057885169983,21.6575927734375,2.927129389718175e-05,0.39220449328422546
1878,40.95652173913043,46,40,0.8695652173913043,1.6512339115142822,32.91041564941406,3.1573108572047204e-05,6.019046306610107
1879,-100.66834170854271,199,196,0.9833165829145729,0.28266286849975586,9.174212455749512,3.15490469802171e-05,0.3245595693588257
1880,-2.8151815181518276,101,100,0.9818481848184818,0.874782383441925,14.286334991455078,3.143477442790754e-05,0.044228971004486084
1881,40.95652173913044,46,40,0.8695652173913043,1.665118932723999,37.31492233276367,3.3546290069352835e-05,5.714945316314697
1882,49.36879432624113,47,46,0.9636879432624114,-0.5760340094566345,25.0648250579834,3.4784934541676193e-05,4.774659156799316
1883,40.95652173913043,46,40,0.8695652173913043,-0.20029017329216003,29.929704666137695,3.4830889489967376e-05,1.0892927646636963
1884,43.888888888888886,45,40,0.8888888888888888,-0.15563391149044037,27.961824417114258,3.482127794995904e-05,0.24265336990356445
1885,43.888888888888886,45,40,0.8888888888888888,-1.8879705667495728,32.15981674194336,3.714578633662313e-05,6.456497669219971
1886,-7.631578947368412,95,83,0.8736842105263158,-0.8582652807235718,12.508498191833496,3.703710899571888e-05,0.23933155834674835
1887,63.95652173913043,23,20,0.8695652173913043,0.4767378568649292,61.39400863647461,3.7575944588752463e-05,3.3774466514587402
1888,-11.432989690721655,97,83,0.8556701030927835,-1.1777000427246094,16.392690658569336,3.617829133872874e-05,2.046476125717163
1889,49.027210884353735,49,49,0.9802721088435374,0.3049873113632202,20.053726196289062,3.64293264283333e-05,2.035416603088379
1890,38.1063829787234,47,40,0.851063829787234,-0.014149857684969902,36.15827560424805,3.570430271793157e-05,0.41602224111557007
1891,40.95652173913044,46,40,0.8695652173913043,0.0035418670158833265,39.63068389892578,3.575620212359354e-05,1.3727723360061646
1892,-4.592233009708748,103,102,0.9840776699029126,0.4589347243309021,17.794599533081055,3.30349248542916e-05,0.23251989483833313
1893,46.46153846153846,52,52,0.9846153846153847,-0.41114503145217896,23.384584426879883,3.268140062573366e-05,0.7481387257575989
1894,-3.4224422442244293,101,99,0.9757755775577558,-0.1624767780303955,11.220107078552246,3.266410931246355e-05,0.04762245714664459
1895,-7.631578947368418,95,83,0.8736842105263158,-0.33653968572616577,15.361824035644531,3.276477218605578e-05,1.1152030229568481
1896,-4.254901960784324,102,100,0.9774509803921568,-0.37805455923080444,8.718070983886719,3.276315692346543e-05,0.22661197185516357
1897,43.893081761006286,53,52,0.9689308176100629,-0.9352120161056519,21.611473083496094,3.292079418315552e-05,1.8077948093414307
1898,49.36879432624113,47,46,0.9636879432624114,-0.1622038334608078,20.733814239501953,3.294780253781937e-05,0.5039132833480835
1899,46.46153846153846,52,52,0.9846153846153847,-0.8686876893043518,26.456832885742188,3.294924317742698e-05,0.21241599321365356
1900,49.027210884353735,49,49,0.9802721088435374,0.3303067088127136,19.986005783081055,2.3458303985535167e-05,1.642943024635315
1901,-9.54166666666666,96,83,0.8645833333333334,-0.30642154812812805,16.45101547241211,2.344476706639398e-05,0.1280391812324524
1902,47.13333333333333,50,49,0.9713333333333334,0.22183482348918915,24.591936111450195,2.3464874175260775e-05,1.2022954225540161
1903,63.95652173913044,23,20,0.8695652173913043,0.8874419331550598,77.18573760986328,2.348305133637041e-05,0.9238020181655884
1904,-7.107936507936503,105,104,0.978920634920635,-0.6808099150657654,9.70108413696289,2.3512042389484122e-05,0.8816083669662476
1905,40.95652173913044,46,40,0.8695652173913043,-0.22888903319835663,32.44569778442383,2.3523412892245688e-05,0.45816996693611145
1906,-7.631578947368418,95,83,0.8736842105263158,-0.7793301939964294,13.77879810333252,2.34873041335959e-05,0.4110181927680969
1907,40.95652173913042,46,40,0.8695652173913043,-0.6322588920593262,27.41704559326172,2.3416405383613892e-05,0.5549576878547668
1908,49.02721088435374,49,49,0.9802721088435374,-2.014129638671875,28.507747650146484,2.540325658628717e-05,5.906485080718994
1909,63.95652173913043,23,20,0.8695652173913043,0.03766924887895584,55.88372802734375,2.540928835514933e-05,0.3367278575897217
1910,40.95652173913043,46,40,0.8695652173913043,0.8657740950584412,30.2464656829834,2.6386795070720837e-05,4.149576663970947
1911,-110.01282051282051,208,204,0.9798717948717949,0.06068277359008789,10.280851364135742,2.601881897135172e-05,0.7685855627059937
1912,63.95652173913043,23,20,0.8695652173913043,0.4779646694660187,83.81718444824219,2.6084386263391934e-05,1.0047357082366943
1913,-7.107936507936503,105,104,0.978920634920635,0.03308394178748131,15.056378364562988,2.572864104877226e-05,0.3993837237358093
1914,49.36879432624112,47,46,0.9636879432624114,0.27934831380844116,42.22852325439453,2.5855126295937225e-05,1.9614628553390503
1915,46.75163398692809,51,51,0.977516339869281,0.6262568831443787,28.341094970703125,2.367028355365619e-05,0.7839833498001099
1916,43.88888888888888,45,40,0.8888888888888888,-0.1211947649717331,29.112180709838867,2.2453437850344926e-05,0.37851572036743164
1917,59.333333333333336,24,20,0.8333333333333334,-1.1117703914642334,51.75786590576172,2.2579144570045173e-05,1.3746591806411743
1918,-9.541666666666663,96,83,0.8645833333333334,-2.022887945175171,17.67378807067871,2.3593029254698195e-05,4.04021692276001
1919,40.95652173913043,46,40,0.8695652173913043,-0.9601106643676758,29.00115966796875,2.3605151000083424e-05,0.5001462697982788
1920,-2.953795379537965,101,100,0.9804620462046204,-0.9728943109512329,19.117961883544922,2.3604166926816106e-05,0.989698052406311
1921,46.73333333333334,50,49,0.9673333333333334,-1.232942819595337,20.026527404785156,2.4475273676216602e-05,3.8715131282806396
1922,-11.432989690721653,97,83,0.8556701030927835,-0.49817100167274475,14.689401626586914,2.4477865736116655e-05,0.23049038648605347
1923,63.95652173913043,23,20,0.8695652173913043,2.584690809249878,77.4636459350586,2.8443027986213565e-05,8.68102741241455
1924,-110.85964912280703,209,206,0.9814035087719298,-0.0995003879070282,11.273722648620605,2.8221467800904065e-05,0.3123626410961151
1925,46.626666666666665,50,49,0.9662666666666667,-1.3141775131225586,52.63413619995117,3.31693263433408e-05,9.053141593933105
1926,40.95652173913043,46,40,0.8695652173913043,1.4531124830245972,53.74009704589844,3.2533098419662565e-05,2.0256829261779785
1927,63.95652173913044,23,20,0.8695652173913043,-0.5054888129234314,101.03527069091797,3.584413934731856e-05,7.71575403213501
1928,63.95652173913044,23,20,0.8695652173913043,-0.5270008444786072,89.13603973388672,3.899987495969981e-05,7.920248508453369
1929,46.06666666666666,50,49,0.9606666666666667,0.6240556836128235,28.491125106811523,3.902564276359044e-05,0.5241602063179016
1930,63.95652173913042,23,20,0.8695652173913043,-1.182843565940857,52.70316696166992,3.9968315832084045e-05,4.1326422691345215
1931,-7.0512820512820635,104,101,0.9694871794871794,-1.3927758932113647,11.281880378723145,3.996226951130666e-05,0.14350388944149017
1932,-2.9537953795379646,101,100,0.9804620462046204,-1.6590436697006226,22.52987289428711,3.99433629354462e-05,0.4962831437587738
1933,-104.76026272577997,203,200,0.9823973727422003,-1.0255565643310547,10.328950881958008,4.0021590393735096e-05,0.9558455348014832
1934,-105.54575163398694,204,201,0.9845424836601308,-1.0555877685546875,9.629209518432617,3.990013283328153e-05,0.28665047883987427
1935,-9.54166666666666,96,83,0.8645833333333334,-1.1009526252746582,17.01984977722168,3.979247048846446e-05,0.14699731767177582
1936,49.027210884353735,49,49,0.9802721088435374,-1.237697720527649,24.40030860900879,3.986424417234957e-05,1.9594687223434448
1937,-11.432989690721644,97,83,0.8556701030927835,-0.32179853320121765,15.451292037963867,3.952731276513077e-05,1.1830930709838867
1938,63.95652173913042,23,20,0.8695652173913043,1.5135120153427124,61.13032913208008,4.278320193407126e-05,7.084471225738525
1939,46.73333333333333,50,49,0.9673333333333334,0.1943172812461853,23.293407440185547,4.282542067812756e-05,1.1178474426269531
1940,-9.54166666666666,96,83,0.8645833333333334,-0.20814239978790283,27.07137107849121,4.300269574741833e-05,2.4093775749206543
1941,-106.9479674796748,205,202,0.980520325203252,-0.017974579706788063,13.024277687072754,4.295739563531242e-05,1.1325874328613281
1942,-105.44117647058825,204,202,0.9855882352941177,0.265011727809906,11.872732162475586,4.2717321775853634e-05,0.0016361353918910027
1943,40.95652173913044,46,40,0.8695652173913043,-0.21344973146915436,44.290748596191406,4.3151660065632313e-05,2.8527488708496094
1944,-2.8151815181518276,101,100,0.9818481848184818,0.8537747859954834,24.006624221801758,4.291525692678988e-05,0.5020329356193542
1945,49.36879432624113,47,46,0.9636879432624114,0.1402316838502884,25.64980697631836,4.2992767703253776e-05,1.3956066370010376
1946,46.7516339869281,51,51,0.977516339869281,-0.01696047931909561,19.94943618774414,4.3014359107473865e-05,0.8405777812004089
1947,47.266666666666666,50,49,0.9726666666666667,-0.23643550276756287,17.5062255859375,4.317473212722689e-05,1.935214638710022
1948,-5.317152103559874,103,101,0.9768284789644013,-0.24205327033996582,11.882969856262207,4.323022221797146e-05,2.1425604820251465
1949,59.33333333333334,24,20,0.8333333333333334,-1.6534693241119385,87.63925170898438,4.582965630106628e-05,6.828601360321045
1950,43.88888888888887,45,40,0.8888888888888888,-1.4254249334335327,27.890483856201172,4.644471118808724e-05,4.131583213806152
1951,47.13333333333333,50,49,0.9713333333333334,-0.7935482263565063,20.092931747436523,4.644176078727469e-05,0.601301372051239
1952,46.73333333333333,50,49,0.9673333333333334,-0.3560255765914917,20.49632453918457,4.636067751562223e-05,0.11297370493412018
1953,40.95652173913042,46,40,0.8695652173913043,-0.9521331787109375,35.74980545043945,4.6744033170398325e-05,3.2245237827301025
1954,63.95652173913044,23,20,0.8695652173913043,-0.3676207959651947,66.96434783935547,4.672379873227328e-05,2.5394976139068604
1955,-7.051282051282057,104,101,0.9694871794871794,0.6717337369918823,21.537309646606445,4.679997800849378e-05,1.1577184200286865
1956,-6.480769230769232,104,102,0.9751923076923077,0.4607265293598175,22.248062133789062,4.684337181970477e-05,0.4661501944065094
1957,-6.480769230769237,104,102,0.9751923076923077,0.1371993124485016,22.178253173828125,4.6853874664520845e-05,0.8851250410079956
1958,47.62585034013605,49,48,0.9662585034013605,-0.40874141454696655,19.095918655395508,4.684074883698486e-05,0.44576138257980347
1959,-7.051282051282056,104,101,0.9694871794871794,0.3067937195301056,19.745834350585938,4.6853350795572624e-05,0.013438397087156773
1960,63.95652173913043,23,20,0.8695652173913043,-0.20806914567947388,54.28176498413086,4.7177494707284495e-05,1.8841180801391602
1961,59.333333333333336,24,20,0.8333333333333334,-0.02888667769730091,55.05271530151367,4.740083750220947e-05,1.4992700815200806
1962,43.888888888888886,45,40,0.8888888888888888,-0.37477290630340576,28.041860580444336,4.737911149277352e-05,0.20310646295547485
1963,-4.592233009708749,103,102,0.9840776699029126,-0.17491964995861053,13.658047676086426,4.7444300435017794e-05,1.762674331665039
1964,63.95652173913043,23,20,0.8695652173913043,-1.1939562559127808,50.60272216796875,4.7825938963796943e-05,3.070324659347534
1965,-7.051282051282065,104,101,0.9694871794871794,-0.6378763914108276,12.020038604736328,4.7826488298596814e-05,1.1030458211898804
1966,-9.541666666666666,96,83,0.8645833333333334,-0.31076619029045105,16.643882751464844,4.791598257725127e-05,1.157219409942627
1967,-7.631578947368409,95,83,0.8736842105263158,-0.45050859451293945,15.6256103515625,4.780861854669638e-05,0.023949027061462402
1968,-2.9537953795379672,101,100,0.9804620462046204,-0.20919306576251984,10.012560844421387,4.790236198459752e-05,0.921708345413208
1969,46.733333333333334,50,49,0.9673333333333334,-0.5805558562278748,23.644886016845703,4.7986475692596287e-05,0.7231485843658447
1970,40.95652173913043,46,40,0.8695652173913043,-0.956061840057373,28.671707153320312,4.8210713430307806e-05,2.4537274837493896
1971,59.333333333333336,24,20,0.8333333333333334,-1.014265537261963,55.387882232666016,4.6084856876404956e-05,2.7540512084960938
1972,47.29931972789115,49,48,0.9629931972789115,-0.3187165856361389,22.723621368408203,4.5629782107425854e-05,1.2942136526107788
1973,59.333333333333336,24,20,0.8333333333333334,0.21651619672775269,49.86482238769531,4.5635570131707937e-05,0.007896465249359608
1974,59.33333333333334,24,20,0.8333333333333334,0.41202279925346375,56.17798614501953,4.57083951914683e-05,1.3632490634918213
1975,-9.541666666666659,96,83,0.8645833333333334,0.18084274232387543,17.890859603881836,4.56383204436861e-05,0.5397295355796814
1976,40.95652173913043,46,40,0.8695652173913043,-0.013741080649197102,32.21461486816406,4.567664291244e-05,0.8763692378997803
1977,40.95652173913043,46,40,0.8695652173913043,0.22644628584384918,32.55898666381836,4.6255892812041566e-05,2.5369770526885986
1978,-9.541666666666663,96,83,0.8645833333333334,0.24565613269805908,18.025428771972656,4.396925214678049e-05,1.8879971504211426
1979,48.687074829931966,49,48,0.9768707482993197,0.1799221634864807,29.297672271728516,4.414166687638499e-05,1.1364350318908691
1980,40.95652173913043,46,40,0.8695652173913043,-1.0114705562591553,29.80202293395996,4.449687185115181e-05,3.015018939971924
1981,38.10638297872341,47,40,0.851063829787234,-0.18063656985759735,34.270965576171875,4.205567529425025e-05,0.05933847650885582
1982,-108.53945249597425,207,204,0.9846054750402576,-0.01223132386803627,6.578679084777832,4.0992090362124145e-05,0.3190465569496155
1983,-4.533980582524279,103,102,0.9846601941747573,0.08128439635038376,13.174500465393066,4.10293614550028e-05,0.3493783473968506
1984,-4.915857605178001,103,102,0.98084142394822,0.21951447427272797,13.186041831970215,4.108433859073557e-05,0.6758361458778381
1985,-104.76026272577998,203,200,0.9823973727422003,0.14243756234645844,8.934094429016113,3.893504981533624e-05,0.49170130491256714
1986,-9.541666666666668,96,83,0.8645833333333334,0.34354647994041443,18.1502628326416,3.911772000719793e-05,1.2412433624267578
1987,43.89308176100629,53,52,0.9689308176100629,0.5911967158317566,27.987369537353516,3.879425275954418e-05,2.627267837524414
1988,40.95652173913043,46,40,0.8695652173913043,0.7910687923431396,32.21971893310547,3.963370545534417e-05,3.5402846336364746
1989,40.95652173913044,46,40,0.8695652173913043,1.3227688074111938,29.27248191833496,4.154969428782351e-05,5.669382572174072
1990,49.027210884353735,49,49,0.9802721088435374,-0.441924124956131,24.97391128540039,4.158632873441093e-05,1.183132290840149
1991,40.95652173913042,46,40,0.8695652173913043,-0.46097972989082336,29.839340209960938,4.152983092353679e-05,0.4949343502521515
1992,63.95652173913043,23,20,0.8695652173913043,0.13066308200359344,47.55279541015625,4.2000279790954664e-05,2.437804937362671
1993,-105.46732026143792,204,202,0.9853267973856209,-0.5111334919929504,6.116381645202637,4.199369141133502e-05,0.5439226627349854
1994,-9.541666666666664,96,83,0.8645833333333334,-0.19107039272785187,14.063858985900879,4.2315117752877995e-05,1.934044361114502
1995,43.70440251572327,53,52,0.9670440251572328,-0.5653411746025085,18.923856735229492,4.231637285556644e-05,1.1221141815185547
1996,-100.66834170854271,199,196,0.9833165829145729,-0.36942562460899353,5.397787570953369,4.231981438351795e-05,0.08983781188726425
1997,63.95652173913044,23,20,0.8695652173913043,0.8502297401428223,53.30376434326172,4.247463584761135e-05,1.8142420053482056
1998,47.13333333333333,50,49,0.9713333333333334,-0.3268009126186371,25.227052688598633,4.256916872691363e-05,1.8345260620117188
1999,40.95652173913043,46,40,0.8695652173913043,-0.05267710238695145,41.639793395996094,4.259894194547087e-05,1.2543572187423706
2000,-7.107936507936504,105,104,0.978920634920635,-0.359317421913147,12.916662216186523,4.235109736328013e-05,0.595147430896759
2001,43.888888888888886,45,40,0.8888888888888888,1.1493175029754639,36.369441986083984,4.371488103060983e-05,4.347082138061523
2002,47.26666666666666,50,49,0.9726666666666667,0.09021590650081635,23.168872833251953,4.3668369471561164e-05,1.6484375
2003,40.95652173913043,46,40,0.8695652173913043,0.6051803827285767,28.255311965942383,4.432990317582153e-05,3.160196304321289
2004,-7.107936507936503,105,104,0.978920634920635,-0.644832968711853,8.990127563476562,4.432716013980098e-05,0.1544276624917984
2005,43.888888888888886,45,40,0.8888888888888888,-0.18611879646778107,27.67661476135254,4.4461165089160204e-05,1.3408043384552002
2006,-7.631578947368411,95,83,0.8736842105263158,-0.9333609938621521,15.875157356262207,4.4510925363283604e-05,1.2344014644622803
2007,-9.043613707165113,107,105,0.979563862928349,-0.7975038886070251,13.220367431640625,4.4467629777500406e-05,0.027886023744940758
2008,-9.541666666666664,96,83,0.8645833333333334,-0.4959176182746887,14.353918075561523,4.2599796870490536e-05,0.6973645091056824
2009,63.95652173913043,23,20,0.8695652173913043,-2.394591808319092,38.669979095458984,4.865156006417237e-05,10.26230239868164
2010,47.266666666666666,50,49,0.9726666666666667,0.37008345127105713,19.07302474975586,4.741708471556194e-05,0.41791489720344543
2011,-105.44117647058823,204,202,0.9855882352941177,-0.09118957817554474,6.001914978027344,4.7389523388119414e-05,0.5626835227012634
2012,46.7516339869281,51,51,0.977516339869281,-0.01976734958589077,18.591527938842773,4.741641168948263e-05,0.471902996301651
2013,38.1063829787234,47,40,0.851063829787234,-0.5049630999565125,29.062713623046875,4.74426087748725e-05,1.0622084140777588
2014,43.89308176100629,53,52,0.9689308176100629,-0.19058798253536224,24.21663475036621,4.73077452625148e-05,0.08600930124521255
2015,40.95652173913043,46,40,0.8695652173913043,-1.11894953250885,32.47334289550781,4.819750756723806e-05,4.404894828796387
2016,59.33333333333333,24,20,0.8333333333333334,-1.0913581848144531,45.339847564697266,4.848056414630264e-05,2.762303590774536
2017,63.95652173913043,23,20,0.8695652173913043,-0.6465607285499573,55.378997802734375,4.875615195487626e-05,2.778383255004883
2018,40.95652173913043,46,40,0.8695652173913043,-0.7633704543113708,29.443937301635742,4.8349174903705716e-05,2.941507339477539
2019,40.95652173913042,46,40,0.8695652173913043,-0.4821094274520874,30.766237258911133,4.846446609008126e-05,1.8540462255477905
2020,40.95652173913043,46,40,0.8695652173913043,0.10877503454685211,29.122621536254883,4.8421003157272935e-05,0.7291567325592041
2021,63.95652173913043,23,20,0.8695652173913043,-0.2580694854259491,52.678672790527344,4.8050897021312267e-05,1.896928310394287
2022,63.95652173913043,23,20,0.8695652173913043,0.3572171926498413,55.80642318725586,4.8362086090492085e-05,1.9129282236099243
2023,-2.953795379537968,101,100,0.9804620462046204,0.03450426086783409,12.879386901855469,4.3227624701103196e-05,0.07992731779813766
2024,47.62585034013605,49,48,0.9662585034013605,-0.18935655057430267,24.956178665161133,4.3532221752684563e-05,1.745823621749878
2025,46.73333333333333,50,49,0.9673333333333334,-0.05376916378736496,27.164567947387695,3.897595524904318e-05,0.016310829669237137
2026,-9.541666666666666,96,83,0.8645833333333334,1.0638604164123535,18.503787994384766,3.971402475144714e-05,3.831998586654663
2027,63.95652173913044,23,20,0.8695652173913043,-0.17325459420681,64.18171691894531,3.672485036076978e-05,2.738778829574585
2028,47.299319727891145,49,48,0.9629931972789115,0.560926079750061,25.134721755981445,3.322352858958766e-05,0.9337396025657654
2029,-2.9537953795379632,101,100,0.9804620462046204,-0.014166989363729954,12.4989013671875,3.318759991088882e-05,0.16751493513584137
2030,-9.541666666666655,96,83,0.8645833333333334,-0.2971251308917999,15.323887825012207,3.22507148666773e-05,0.42493972182273865
2031,-100.66834170854273,199,196,0.9833165829145729,-0.3077503740787506,4.935868740081787,3.226950138923712e-05,0.3486591577529907
2032,63.95652173913044,23,20,0.8695652173913043,-0.12611451745033264,41.963592529296875,3.3250202250201255e-05,3.8187763690948486
2033,40.95652173913044,46,40,0.8695652173913043,-1.2735669612884521,33.4278678894043,3.367482349858619e-05,3.042585849761963
2034,-9.043613707165111,107,105,0.979563862928349,-0.15140429139137268,10.343175888061523,3.370316335349344e-05,0.486336350440979
2035,63.95652173913044,23,20,0.8695652173913043,0.4124622344970703,53.00544738769531,3.401382491574623e-05,2.085623264312744
2036,47.62585034013605,49,48,0.9662585034013605,-0.49415871500968933,21.212303161621094,3.386675234651193e-05,1.069008469581604
2037,40.95652173913043,46,40,0.8695652173913043,0.7486347556114197,32.04549026489258,3.441540684434585e-05,3.115070343017578
2038,63.95652173913043,23,20,0.8695652173913043,-0.1024150401353836,61.92628479003906,3.1321676942752674e-05,1.8374871015548706
2039,63.95652173913043,23,20,0.8695652173913043,-0.5376335382461548,61.029930114746094,3.157394894515164e-05,2.4467482566833496
2040,43.893081761006286,53,52,0.9689308176100629,-0.07852641493082047,19.153539657592773,3.128925527562387e-05,0.0852721631526947
2041,43.893081761006286,53,52,0.9689308176100629,-0.2512935400009155,19.218128204345703,3.125369403278455e-05,0.29593560099601746
2042,-109.40064102564102,208,206,0.9859935897435897,-0.714982271194458,5.6727070808410645,3.125157309114002e-05,0.1154184490442276
2043,-2.8151815181518285,101,100,0.9818481848184818,0.074309803545475,10.522929191589355,3.087892400799319e-05,0.8237969279289246
2044,-5.961538461538467,104,103,0.9803846153846154,-0.42704012989997864,9.724983215332031,3.087399454670958e-05,0.34112727642059326
2045,-3.422442244224425,101,99,0.9757755775577558,-0.12433890253305435,10.101258277893066,3.090277823503129e-05,1.2545441389083862
2046,-7.107936507936511,105,104,0.978920634920635,-0.7340724468231201,11.093338012695312,3.0881295970175415e-05,0.5139198303222656
2047,59.333333333333336,24,20,0.8333333333333334,-0.42072635889053345,45.94253921508789,3.069025478907861e-05,0.5090843439102173
2048,-105.54575163398694,204,201,0.9845424836601308,-0.3212094008922577,5.8073577880859375,3.0440751288551837e-05,0.3328096568584442
2049,63.95652173913044,23,20,0.8695652173913043,0.8528833985328674,46.482852935791016,2.854621925507672e-05,3.830899953842163
2050,40.95652173913042,46,40,0.8695652173913043,-0.469621479511261,32.49848556518555,2.7948693968937732e-05,2.7171266078948975
2051,48.68707482993197,49,48,0.9768707482993197,0.3045184910297394,27.020265579223633,2.7962320018559694e-05,0.7612376809120178
2052,63.95652173913044,23,20,0.8695652173913043,1.860016107559204,66.28031158447266,3.076321809203364e-05,6.788057327270508
2053,-9.043613707165106,107,105,0.979563862928349,0.5555821657180786,16.39274787902832,3.0084718673606403e-05,0.19408166408538818
2054,59.33333333333333,24,20,0.8333333333333334,0.9071693420410156,51.83451461791992,3.066045246669091e-05,4.215443134307861
2055,-4.9158576051780045,103,102,0.98084142394822,0.17670530080795288,11.289856910705566,3.060922972508706e-05,0.5381722450256348
2056,43.888888888888886,45,40,0.8888888888888888,-0.12268834561109543,27.52585220336914,3.0617320589954033e-05,0.6397611498832703
2057,40.95652173913043,46,40,0.8695652173913043,-0.36824238300323486,32.35811233520508,3.059357914025895e-05,1.0574264526367188
2058,40.95652173913042,46,40,0.8695652173913043,-0.5235787630081177,24.902000427246094,3.057016510865651e-05,0.34788063168525696
2059,-9.541666666666666,96,83,0.8645833333333334,-0.4843488335609436,13.961633682250977,3.056801506318152e-05,0.09335516393184662
2060,-2.81518151815183,101,100,0.9818481848184818,0.43771347403526306,9.13525104522705,3.0488497941405512e-05,1.442690372467041
2061,-9.541666666666666,96,83,0.8645833333333334,-0.6295144557952881,15.371155738830566,3.049790029763244e-05,1.1842389106750488
2062,-8.93769470404985,107,106,0.9806230529595016,-0.4173295497894287,8.904024124145508,3.063246913370676e-05,1.3134526014328003
2063,40.95652173913044,46,40,0.8695652173913043,-0.02910679392516613,27.594655990600586,3.0527753551723436e-05,1.6066397428512573
2064,-9.541666666666668,96,83,0.8645833333333334,-0.4308740794658661,14.142007827758789,2.9896293199271895e-05,0.483186811208725
2065,-7.631578947368421,95,83,0.8736842105263158,-0.24208103120326996,16.094186782836914,2.9788723622914404e-05,0.11150002479553223
2066,47.62585034013605,49,48,0.9662585034013605,-0.45426705479621887,19.05117416381836,2.9781296689179726e-05,1.0896652936935425
2067,40.95652173913044,46,40,0.8695652173913043,0.44964733719825745,31.0560359954834,3.011742956005037e-05,2.5869667530059814
2068,43.70440251572328,53,52,0.9670440251572328,-0.44568559527397156,17.368886947631836,3.0127699574222788e-05,0.542280375957489
2069,-8.937694704049848,107,106,0.9806230529595016,0.1886511743068695,15.69498062133789,3.0238155886763707e-05,1.197230577468872
2070,40.95652173913044,46,40,0.8695652173913043,0.22365131974220276,35.03367233276367,2.9793221983709373e-05,0.2318674772977829
2071,63.95652173913043,23,20,0.8695652173913043,0.28548121452331543,56.79857635498047,2.926393790403381e-05,0.992703378200531
2072,-102.70149253731344,201,198,0.9829850746268657,-0.03850461170077324,6.382999897003174,2.9111268304404803e-05,0.4999943971633911
2073,47.133333333333326,50,49,0.9713333333333334,0.15027794241905212,28.881820678710938,2.9368882678681985e-05,2.3819172382354736
2074,40.95652173913044,46,40,0.8695652173913043,-0.074129618704319,29.629934310913086,2.930659320554696e-05,0.039580654352903366
2075,-5.96153846153846,104,103,0.9803846153846154,-0.2331341654062271,11.555161476135254,2.9451752197928727e-05,1.2489678859710693
2076,63.95652173913043,23,20,0.8695652173913043,0.5885373950004578,40.96379852294922,2.9855937100364827e-05,2.929460048675537
2077,-7.051282051282064,104,101,0.9694871794871794,-0.3581940531730652,10.135849952697754,2.955989657493774e-05,0.13291709125041962
2078,40.95652173913043,46,40,0.8695652173913043,0.11998779326677322,27.722511291503906,2.966921056213323e-05,2.3706300258636475
2079,40.95652173913044,46,40,0.8695652173913043,-0.36598697304725647,34.02698516845703,2.9636328690685332e-05,0.14564470946788788
2080,-3.4224422442244298,101,99,0.9757755775577558,0.02329970709979534,10.449970245361328,2.8963142540305853e-05,0.5305931568145752
2081,48.68707482993197,49,48,0.9768707482993197,0.03468361124396324,25.37485694885254,2.8997075787629e-05,0.5167322158813477
2082,59.33333333333334,24,20,0.8333333333333334,0.49650660157203674,47.84430694580078,2.921395753219258e-05,2.3084676265716553
2083,-4.915857605178001,103,102,0.98084142394822,-0.29894930124282837,9.055590629577637,2.9316297514014877e-05,0.9574702382087708
2084,-4.5922330097087505,103,102,0.9840776699029126,0.3426224887371063,13.1793851852417,2.9313496270333417e-05,0.03913538530468941
2085,-6.480769230769237,104,102,0.9751923076923077,-0.20311413705348969,11.982706069946289,2.9377741157077253e-05,0.953505277633667
2086,-9.541666666666664,96,83,0.8645833333333334,-0.2085268199443817,16.76370620727539,2.9355036531342193e-05,0.409187912940979
2087,59.333333333333336,24,20,0.8333333333333334,0.8278347253799438,59.13579559326172,2.9547465601353906e-05,3.2220377922058105
2088,-9.541666666666664,96,83,0.8645833333333334,-0.5903294682502747,18.157936096191406,2.9026483389316127e-05,1.199487566947937
2089,-5.31715210355987,103,101,0.9768284789644013,-0.29189783334732056,8.656245231628418,2.727710671024397e-05,0.9109085202217102
2090,-9.541666666666663,96,83,0.8645833333333334,-0.5344651341438293,13.773909568786621,2.7170561224920675e-05,0.21421629190444946
2091,-11.432989690721651,97,83,0.8556701030927835,-0.8847487568855286,16.30828857421875,2.7282541850581765e-05,1.3197282552719116
2092,-109.93269230769232,208,204,0.9806730769230769,-0.4995213747024536,6.046212673187256,2.696870797080919e-05,0.26054811477661133
2093,-109.40064102564102,208,206,0.9859935897435897,-0.6207413673400879,7.272925853729248,2.6938798328046687e-05,0.34164345264434814
2094,63.95652173913044,23,20,0.8695652173913043,-0.9794727563858032,39.196990966796875,2.7322179448674433e-05,2.9117631912231445
2095,40.95652173913042,46,40,0.8695652173913043,-0.19728000462055206,30.413055419921875,2.7262740331934765e-05,0.297468364238739
2096,63.95652173913043,23,20,0.8695652173913043,-1.7454155683517456,49.85468292236328,3.06233050650917e-05,7.302774429321289
2097,63.95652173913043,23,20,0.8695652173913043,0.8192188739776611,55.559913635253906,3.0980980227468535e-05,3.038191795349121
2098,-2.815181518151829,101,100,0.9818481848184818,0.4293128550052643,9.424447059631348,3.075767381233163e-05,0.14508874714374542
2099,-4.592233009708751,103,102,0.9840776699029126,0.5537869930267334,9.292275428771973,3.0705126846442e-05,1.0722967386245728
2100,-4.25490196078432,102,100,0.9774509803921568,-0.052848976105451584,10.17105484008789,3.088203084189445e-05,1.7326021194458008
2101,-9.54166666666666,96,83,0.8645833333333334,-0.053042128682136536,16.08186912536621,2.97722544928547e-05,0.5737012624740601
2102,-100.66834170854271,199,196,0.9833165829145729,-0.167319193482399,6.744287014007568,2.9593535145977512e-05,0.10071392357349396
2103,63.95652173913043,23,20,0.8695652173913043,-0.44452357292175293,49.81281280517578,2.9267204809002578e-05,2.056572198867798
2104,46.46153846153847,52,52,0.9846153846153847,0.12854933738708496,24.296180725097656,2.9481801902875304e-05,1.8974103927612305
2105,38.1063829787234,47,40,0.851063829787234,-0.275291383266449,27.71661376953125,2.949458939838223e-05,1.3733932971954346
2106,-105.44117647058825,204,202,0.9855882352941177,0.013381714932620525,6.09727668762207,2.9404325687210076e-05,0.3308045566082001
2107,-9.541666666666673,96,83,0.8645833333333334,-0.24455824494361877,13.962133407592773,2.9407192414510064e-05,0.24754895269870758
2108,-7.631578947368414,95,83,0.8736842105263158,-0.40165576338768005,13.346051216125488,2.9394239390967414e-05,0.4764712452888489
2109,-4.2549019607843155,102,100,0.9774509803921568,-0.2181110680103302,9.295574188232422,2.2852016627439298e-05,0.5969414710998535
2110,46.75163398692809,51,51,0.977516339869281,-0.09351853281259537,16.267433166503906,2.284617949044332e-05,0.10633113235235214
2111,47.299319727891145,49,48,0.9629931972789115,0.024028468877077103,17.65005111694336,2.284657421114389e-05,0.36165982484817505
2112,-9.541666666666664,96,83,0.8645833333333334,0.2270556092262268,14.065613746643066,2.3551114281872287e-05,3.514960765838623
2113,-4.254901960784326,102,100,0.9774509803921568,-0.502933144569397,8.629500389099121,2.359613063163124e-05,1.3372572660446167
2114,43.888888888888886,45,40,0.8888888888888888,0.6277523636817932,29.58523178100586,2.454287459840998e-05,4.067368507385254
2115,46.56410256410256,52,52,0.9856410256410256,-1.187008261680603,17.18802261352539,2.411420973658096e-05,3.5681753158569336
2116,-7.631578947368414,95,83,0.8736842105263158,-0.08760078251361847,14.819381713867188,2.3697444703429937e-05,1.6089876890182495
2117,48.68707482993197,49,48,0.9768707482993197,0.032656893134117126,30.567964553833008,2.3644744942430407e-05,2.6321651935577393
2118,-5.702127659574469,94,83,0.8829787234042553,-0.18950708210468292,18.88111686706543,2.3024569600238465e-05,0.07049371302127838
2119,63.95652173913043,23,20,0.8695652173913043,0.7120033502578735,59.220672607421875,2.2806378183304332e-05,1.242287278175354
2120,40.95652173913043,46,40,0.8695652173913043,0.20942889153957367,40.323909759521484,2.2812400857219473e-05,0.2737015187740326
2121,-9.541666666666666,96,83,0.8645833333333334,-0.20985323190689087,15.649216651916504,2.264825343445409e-05,0.32455989718437195
2122,49.36879432624113,47,46,0.9636879432624114,0.06190800294280052,20.41982078552246,2.2524707674165256e-05,0.6422998309135437
2123,59.333333333333336,24,20,0.8333333333333334,-0.3551407754421234,37.88551330566406,2.2607622668147087e-05,0.9440596699714661
2124,46.733333333333334,50,49,0.9673333333333334,-0.8135130405426025,19.661659240722656,2.2793263269704767e-05,2.12626314163208
2125,40.95652173913043,46,40,0.8695652173913043,-0.05103378742933273,32.238365173339844,2.2793021344114095e-05,0.3380602300167084
2126,-8.937694704049852,107,106,0.9806230529595016,-0.33348992466926575,8.888838768005371,2.1980127712595277e-05,0.6424383521080017
2127,40.95652173913044,46,40,0.8695652173913043,0.5583351850509644,26.947561264038086,2.1951183953206055e-05,3.020838975906372
2128,-3.7647058823529513,102,101,0.9823529411764705,-0.049595851451158524,8.60556697845459,2.1930583898210898e-05,0.6458119750022888
2129,-5.702127659574474,94,83,0.8829787234042553,-0.4895114302635193,16.720109939575195,2.202204086643178e-05,1.070296287536621
2130,-7.107936507936507,105,104,0.978920634920635,-0.27223262190818787,9.046271324157715,2.200772905780468e-05,0.6077584624290466
2131,-108.53945249597425,207,204,0.9846054750402576,-0.013447754085063934,6.820832252502441,2.2049092876841314e-05,1.0431091785430908
2132,-2.9537953795379677,101,100,0.9804620462046204,-0.571621298789978,9.63593578338623,2.1420029952423647e-05,1.5323070287704468
2133,59.33333333333334,24,20,0.8333333333333334,-0.6741533279418945,45.53056335449219,2.1319878214853816e-05,2.7782061100006104
2134,-100.66834170854271,199,196,0.9833165829145729,0.10267797857522964,6.443107604980469,2.1339541490306146e-05,0.8158043026924133
2135,-6.480769230769238,104,102,0.9751923076923077,-0.38381868600845337,10.998966217041016,2.1145388018339872e-05,0.6042159199714661
2136,63.95652173913044,23,20,0.8695652173913043,0.4512571692466736,43.7957649230957,2.1515217667911202e-05,2.9005661010742188
2137,-4.25490196078432,102,100,0.9774509803921568,-0.10919579118490219,7.949777603149414,2.1047808331786655e-05,0.9077363610267639
2138,46.75163398692809,51,51,0.977516339869281,0.2061922252178192,15.77397346496582,2.0809302441193722e-05,0.4474982023239136
2139,-4.5922330097087425,103,102,0.9840776699029126,-0.05228232964873314,8.790312767028809,2.045004839601461e-05,0.8406676054000854
2140,-104.76026272577997,203,200,0.9823973727422003,-0.2964836061000824,5.994661331176758,2.0450956071726978e-05,0.3352251350879669
2141,-2.953795379537969,101,100,0.9804620462046204,-0.5751765966415405,9.274157524108887,2.0511184629867785e-05,0.8194043636322021
2142,43.888888888888886,45,40,0.8888888888888888,0.02324269711971283,28.151832580566406,2.0512117771431804e-05,0.1407790333032608
2143,-9.541666666666666,96,83,0.8645833333333334,-0.3706117570400238,13.490755081176758,2.0489855160121806e-05,0.10098464787006378
2144,46.626666666666665,50,49,0.9662666666666667,-0.40376004576683044,19.489540100097656,2.056448647635989e-05,1.0505824089050293
2145,40.95652173913043,46,40,0.8695652173913043,0.13580316305160522,27.03177261352539,2.0532253984129056e-05,0.9838197827339172
2146,-100.66834170854271,199,196,0.9833165829145729,-0.22004643082618713,5.273177146911621,2.0505314751062542e-05,0.2593943178653717
2147,-104.9376026272578,203,200,0.980623973727422,-0.5679298639297485,6.980786323547363,2.0509192836470902e-05,0.5546138882637024
2148,-9.541666666666657,96,83,0.8645833333333334,-0.4712871015071869,17.66557502746582,2.0494449927355163e-05,0.234518364071846
2149,-9.541666666666655,96,83,0.8645833333333334,-1.0755043029785156,14.624032974243164,2.0059049347764812e-05,2.437014579772949
2150,-9.541666666666666,96,83,0.8645833333333334,-0.6818740367889404,13.247547149658203,1.9599867300712503e-05,0.6312943696975708
2151,40.95652173913043,46,40,0.8695652173913043,-0.04607347026467323,27.44150733947754,1.9662002159748226e-05,1.479233980178833
2152,47.29931972789115,49,48,0.9629931972789115,-0.28315094113349915,15.692832946777344,1.707259434624575e-05,1.5258549451828003
2153,-5.317152103559868,103,101,0.9768284789644013,-0.20299410820007324,9.556374549865723,1.7147021935670637e-05,1.0519623756408691
2154,-7.631578947368411,95,83,0.8736842105263158,-0.18262186646461487,14.920960426330566,1.607338163012173e-05,0.3321214020252228
2155,-3.3594771241830133,102,101,0.9864052287581699,-0.06322574615478516,9.071353912353516,1.6100673747132532e-05,0.8498044013977051
2156,-7.63157894736842,95,83,0.8736842105263158,-0.44594985246658325,13.886454582214355,1.6177909856196493e-05,1.3088972568511963
2157,47.299319727891145,49,48,0.9629931972789115,0.37625718116760254,20.354537963867188,1.6127529306686483e-05,0.5699979662895203
2158,-7.6315789473684195,95,83,0.8736842105263158,-0.22908543050289154,14.965065956115723,1.6125673937494867e-05,0.3680943250656128
2159,-9.541666666666664,96,83,0.8645833333333334,0.03761911019682884,14.765405654907227,1.6189218513318338e-05,0.9928336143493652
2160,63.95652173913043,23,20,0.8695652173913043,-0.25488168001174927,45.12001037597656,1.60570016305428e-05,0.22032970190048218
2161,38.1063829787234,47,40,0.851063829787234,0.016999078914523125,29.455066680908203,1.599269307916984e-05,0.4947144091129303
2162,48.10204081632653,49,48,0.9710204081632653,0.5343318581581116,17.84507942199707,1.5936288036755286e-05,0.8636298775672913
2163,-7.107936507936509,105,104,0.978920634920635,-0.39470458030700684,9.447759628295898,1.581293145136442e-05,0.8097971677780151
2164,49.36879432624113,47,46,0.9636879432624114,0.5275072455406189,17.158554077148438,1.594941750227008e-05,1.5416111946105957
2165,-7.107936507936513,105,104,0.978920634920635,-0.38899439573287964,9.557991027832031,1.5967369108693674e-05,0.5645826458930969
2166,63.95652173913043,23,20,0.8695652173913043,-0.07608401030302048,46.16231918334961,1.5913532479316927e-05,0.5751698613166809
2167,63.95652173913043,23,20,0.8695652173913043,0.4326598048210144,44.66847610473633,1.5764342606416903e-05,2.0721347332000732
2168,59.333333333333336,24,20,0.8333333333333334,-0.13336427509784698,51.773990631103516,1.5793100828886963e-05,0.8435389399528503
2169,-2.9537953795379637,101,100,0.9804620462046204,-0.4076976776123047,9.815174102783203,1.577056900714524e-05,1.0316832065582275
2170,40.95652173913042,46,40,0.8695652173913043,0.5064511895179749,29.168045043945312,1.5954392438288778e-05,1.74136483669281
2171,-5.702127659574465,94,83,0.8829787234042553,-0.2731909155845642,16.13929557800293,1.5971612810972147e-05,1.1336052417755127
2172,-9.541666666666666,96,83,0.8645833333333334,-0.2952588200569153,15.948309898376465,1.5971339962561615e-05,0.5367953777313232
2173,-5.317152103559877,103,101,0.9768284789644013,0.625554621219635,9.309835433959961,1.5906774933682755e-05,2.153567314147949
2174,63.95652173913043,23,20,0.8695652173913043,0.6128152012825012,48.3234977722168,1.625490222068038e-05,2.3612990379333496
2175,63.95652173913043,23,20,0.8695652173913043,-0.39639022946357727,41.46453857421875,1.6359672372345813e-05,1.8080106973648071
2176,63.95652173913044,23,20,0.8695652173913043,0.5213726758956909,41.34113311767578,1.631472332519479e-05,2.802666425704956
2177,-2.9537953795379663,101,100,0.9804620462046204,-0.43320074677467346,8.725857734680176,1.635164335311856e-05,0.7979985475540161
2178,-110.85964912280703,209,206,0.9814035087719298,-0.11046052724123001,6.323242664337158,1.601305302756373e-05,0.5638341307640076
2179,-110.85964912280703,209,206,0.9814035087719298,0.03251846507191658,5.873337268829346,1.6016267181839794e-05,0.2033429592847824
2180,40.95652173913043,46,40,0.8695652173913043,0.1782567799091339,30.053197860717773,1.599931601958815e-05,0.19320514798164368
2181,-104.9376026272578,203,200,0.980623973727422,-0.3475132882595062,6.379302501678467,1.6070362107711844e-05,1.221517562866211
2182,-4.592233009708751,103,102,0.9840776699029126,0.22924862802028656,9.285283088684082,1.5723231626907364e-05,0.0011048531159758568
2183,-8.937694704049843,107,106,0.9806230529595016,-0.07437191158533096,7.553741931915283,1.5719291695859283e-05,0.7828304171562195
2184,46.73333333333333,50,49,0.9673333333333334,0.1704614907503128,17.327112197875977,1.5838300896575674e-05,1.339171290397644
2185,43.704402515723274,53,52,0.9670440251572328,-0.7664458155632019,13.363346099853516,1.6046620658016764e-05,2.1004316806793213
2186,-7.051282051282055,104,101,0.9694871794871794,-0.36273860931396484,7.436385154724121,1.6066023817984387e-05,0.7210731506347656
2187,-3.3594771241830106,102,101,0.9864052287581699,-0.18916575610637665,8.350994110107422,1.5396663002320565e-05,0.26526927947998047
2188,40.95652173913044,46,40,0.8695652173913043,0.32527193427085876,27.514892578125,1.5458184861927293e-05,1.414250373840332
2189,-7.631578947368412,95,83,0.8736842105263158,-0.454256534576416,16.644073486328125,1.5418843759107403e-05,0.3368381857872009
2190,63.95652173913043,23,20,0.8695652173913043,-0.27917569875717163,51.42703628540039,1.561647150083445e-05,1.8696485757827759
2191,47.13333333333333,50,49,0.9713333333333334,-0.6742389798164368,27.30246925354004,1.5965255443006754e-05,2.7675251960754395
2192,-106.9479674796748,205,202,0.980520325203252,-0.46803975105285645,5.958087921142578,1.5989760868251324e-05,0.8284310698509216
2193,-7.631578947368416,95,83,0.8736842105263158,-0.33215761184692383,14.786924362182617,1.597996561031323e-05,0.09977061301469803
2194,63.95652173913043,23,20,0.8695652173913043,0.7497057318687439,51.515140533447266,1.5635485397069715e-05,1.4574542045593262
2195,63.95652173913042,23,20,0.8695652173913043,0.010728280059993267,56.422054290771484,1.5672601875849068e-05,0.7927916049957275
2196,63.95652173913043,23,20,0.8695652173913043,-0.8202717304229736,41.25107955932617,1.3074996786599513e-05,3.2932469844818115
2197,63.95652173913043,23,20,0.8695652173913043,0.4703424274921417,41.69328689575195,1.3476043022819795e-05,3.963653326034546
2198,63.95652173913043,23,20,0.8695652173913043,-0.7396224737167358,45.31052017211914,1.3734940694121178e-05,2.0790042877197266
2199,40.95652173913043,46,40,0.8695652173913043,-1.0799076557159424,27.3935604095459,1.4390851902135182e-05,3.5087952613830566
2200,-9.541666666666671,96,83,0.8645833333333334,-0.4237860441207886,13.50695514678955,1.4232975445338525e-05,0.385640025138855
2201,40.95652173913044,46,40,0.8695652173913043,-0.6603201627731323,29.117162704467773,1.4890617421770003e-05,3.4094045162200928
2202,40.95652173913044,46,40,0.8695652173913043,-0.22261469066143036,29.48682975769043,1.4944027498131618e-05,1.0336008071899414
2203,40.95652173913043,46,40,0.8695652173913043,-0.07101337611675262,29.12061882019043,1.4708753951708786e-05,0.22884351015090942
2204,40.95652173913043,46,40,0.8695652173913043,0.4733176827430725,29.556211471557617,1.4708823073306121e-05,1.8977006673812866
2205,-3.422442244224418,101,99,0.9757755775577558,-0.30686870217323303,9.788763046264648,1.4658690815849695e-05,1.0040982961654663
2206,-4.59223300970875,103,102,0.9840776699029126,0.012046498246490955,8.018171310424805,1.4663157344330102e-05,0.58926922082901
2207,63.95652173913043,23,20,0.8695652173913043,-0.8319171071052551,57.44302749633789,1.5017521945992485e-05,2.5328292846679688
2208,47.13333333333333,50,49,0.9713333333333334,-0.8028728365898132,28.469011306762695,1.5844605513848364e-05,3.8183302879333496
2209,-7.107936507936508,105,104,0.978920634920635,-0.39408931136131287,10.173860549926758,1.585351856192574e-05,0.7384169697761536
2210,-3.3594771241830093,102,101,0.9864052287581699,0.46075892448425293,10.182668685913086,1.5944993720040657e-05,1.0934404134750366
2211,47.62585034013605,49,48,0.9662585034013605,0.16715168952941895,25.508859634399414,1.5946670828270726e-05,0.3977542817592621
2212,-7.051282051282062,104,101,0.9694871794871794,-0.19760316610336304,10.693181037902832,1.5179183719737921e-05,1.2335280179977417
2213,-103.45214521452145,202,200,0.9854785478547855,-0.36967799067497253,5.990200519561768,1.5100992641237099e-05,0.40700042247772217
2214,63.95652173913043,23,20,0.8695652173913043,-0.36474332213401794,66.27009582519531,1.4989514966146089e-05,4.305754661560059
2215,43.888888888888886,45,40,0.8888888888888888,0.5817942023277283,33.249237060546875,1.4769404515391216e-05,2.5021541118621826
2216,40.95652173913043,46,40,0.8695652173913043,-0.9063218832015991,29.275989532470703,1.4858644135529175e-05,2.425161838531494
2217,40.95652173913043,46,40,0.8695652173913043,-1.1441882848739624,30.339391708374023,1.4836917216598522e-05,2.5570168495178223
2218,59.33333333333333,24,20,0.8333333333333334,-0.45642009377479553,56.090545654296875,1.5234603779390454e-05,2.824793815612793
2219,-109.93269230769232,208,204,0.9806730769230769,-0.9443501234054565,7.0921502113342285,1.5187362805590965e-05,1.2549349069595337
2220,46.75163398692809,51,51,0.977516339869281,-0.4685461223125458,17.54084014892578,1.5226331015583128e-05,0.5085700750350952
2221,63.95652173913043,23,20,0.8695652173913043,-0.48479270935058594,51.909542083740234,1.547005922475364e-05,2.3800551891326904
2222,46.73333333333333,50,49,0.9673333333333334,-0.19672931730747223,22.485666275024414,1.546874591440428e-05,0.608489990234375
2223,47.299319727891145,49,48,0.9629931972789115,0.2154560387134552,26.42522430419922,1.5462674127775244e-05,0.8610166311264038
2224,59.33333333333334,24,20,0.8333333333333334,1.6952857971191406,65.40467071533203,1.63737731782021e-05,3.9882750511169434
2225,63.95652173913043,23,20,0.8695652173913043,-0.1845928579568863,61.37405014038086,1.6361791495000944e-05,0.645417332649231
2226,43.88888888888889,45,40,0.8888888888888888,0.32681339979171753,29.826231002807617,1.6704632798791863e-05,2.2725250720977783
2227,-7.6315789473684195,95,83,0.8736842105263158,-0.9334902763366699,15.847127914428711,1.6212334230658598e-05,1.9432036876678467
2228,63.95652173913044,23,20,0.8695652173913043,-0.684579610824585,46.35429000854492,1.616373992874287e-05,0.6139318346977234
2229,-9.54166666666666,96,83,0.8645833333333334,-0.4213719069957733,17.94362449645996,1.6208245142479427e-05,0.8574574589729309
2230,-7.631578947368425,95,83,0.8736842105263158,-0.7535746097564697,14.782177925109863,1.6180973034352064e-05,0.8968924880027771
2231,48.10204081632652,49,48,0.9710204081632653,0.02252941206097603,18.629953384399414,1.6392847101087682e-05,1.9920190572738647
2232,-9.043613707165111,107,105,0.979563862928349,-0.13747470080852509,9.40645980834961,1.630781844141893e-05,0.14878033101558685
2233,46.46153846153847,52,52,0.9846153846153847,0.06551225483417511,26.23947525024414,1.624994183657691e-05,2.0880794525146484
2234,-109.40064102564104,208,206,0.9859935897435897,-0.27166444063186646,6.220799446105957,1.6243984646280296e-05,0.9566853642463684
2235,47.266666666666666,50,49,0.9726666666666667,1.3042795658111572,41.589935302734375,1.623707066755742e-05,0.06123277172446251
2236,63.95652173913043,23,20,0.8695652173913043,1.0584129095077515,81.21588134765625,1.6130681615322828e-05,2.611238718032837
2237,-9.541666666666666,96,83,0.8645833333333334,-0.2562640309333801,23.475799560546875,1.611397965461947e-05,0.6647676229476929
2238,-9.541666666666668,96,83,0.8645833333333334,0.3884336054325104,16.526647567749023,1.655275991652161e-05,2.5333518981933594
2239,-5.317152103559881,103,101,0.9768284789644013,0.0794079601764679,9.593393325805664,1.6573851098655723e-05,0.6698298454284668
2240,-9.541666666666664,96,83,0.8645833333333334,-0.5412935614585876,14.379659652709961,1.655660707911011e-05,0.20072971284389496
2241,47.266666666666666,50,49,0.9726666666666667,0.2288161814212799,27.371883392333984,1.684483140707016e-05,2.07275652885437
2242,47.26666666666666,50,49,0.9726666666666667,0.08158788084983826,17.53203582763672,1.707370211079251e-05,1.7693672180175781
2243,-4.59223300970875,103,102,0.9840776699029126,-0.13801681995391846,7.48403787612915,1.70757484738715e-05,0.3383376896381378
2244,59.33333333333334,24,20,0.8333333333333334,-0.31803157925605774,40.21089172363281,1.7026632121996954e-05,0.002036753809079528
2245,-9.043613707165111,107,105,0.979563862928349,0.025436006486415863,7.841122627258301,1.7007214410114102e-05,0.8337290287017822
2246,-5.71844660194175,103,101,0.9728155339805825,0.10152838379144669,11.393999099731445,1.7020180166582577e-05,0.46797627210617065
2247,-99.21885521885523,198,196,0.9878114478114478,-0.10332028567790985,6.536892890930176,1.7033384210662916e-05,0.59330153465271
2248,-105.54575163398692,204,201,0.9845424836601308,-0.44237518310546875,6.274986267089844,1.711137156235054e-05,1.3275889158248901
2249,63.95652173913043,23,20,0.8695652173913043,-0.05276470631361008,58.19295883178711,1.753976903273724e-05,3.642286777496338
2250,-104.93760262725779,203,200,0.980623973727422,-0.3895571231842041,5.028458118438721,1.755417360982392e-05,0.8359145522117615
2251,-5.317152103559876,103,101,0.9768284789644013,0.04188675060868263,9.394194602966309,1.738651371852029e-05,0.11704916507005692
2252,-4.254901960784322,102,100,0.9774509803921568,-0.007023784797638655,9.396821975708008,1.728664392430801e-05,0.6270362734794617
2253,46.7516339869281,51,51,0.977516339869281,-0.49543899297714233,17.769020080566406,1.7519227185402997e-05,2.307573080062866
2254,-9.541666666666668,96,83,0.8645833333333334,-0.2711917459964752,19.619110107421875,1.7632059098104946e-05,1.2681281566619873
2255,46.73333333333333,50,49,0.9673333333333334,-0.18203355371952057,20.9152889251709,1.7699650925351307e-05,1.088296890258789
2256,63.95652173913043,23,20,0.8695652173913043,-0.2326340228319168,45.35032653808594,1.763124964782037e-05,0.3467516303062439
2257,-110.85964912280703,209,206,0.9814035087719298,-0.9296018481254578,7.317514896392822,1.761684143275488e-05,0.6686375141143799
2258,-99.21885521885523,198,196,0.9878114478114478,-0.49743619561195374,5.685495376586914,1.7618596757529303e-05,0.4257434606552124
2259,43.88888888888888,45,40,0.8888888888888888,-0.8144217133522034,38.829246520996094,1.9036926460103132e-05,5.120509624481201
2260,63.95652173913043,23,20,0.8695652173913043,0.610848605632782,68.11714172363281,1.9331671865074895e-05,1.986711025238037
2261,49.027210884353735,49,49,0.9802721088435374,0.34939247369766235,29.139484405517578,1.9493660147418268e-05,1.966607928276062
2262,59.333333333333336,24,20,0.8333333333333334,0.48049068450927734,53.32762908935547,1.988851545320358e-05,2.5423872470855713
2263,40.95652173913044,46,40,0.8695652173913043,-0.5085312128067017,28.496732711791992,1.9881257685483433e-05,0.7046824097633362
2264,63.95652173913043,23,20,0.8695652173913043,0.10307854413986206,42.252140045166016,2.0402281734277494e-05,3.195462942123413
2265,43.893081761006286,53,52,0.9689308176100629,-0.6009086966514587,19.320436477661133,2.040114668488968e-05,0.5399255752563477
2266,63.95652173913044,23,20,0.8695652173913043,-0.8506766557693481,40.70878982543945,2.0402123482199386e-05,0.9598878026008606
2267,-105.46732026143792,204,202,0.9853267973856209,-0.03984205797314644,5.332248687744141,2.016886355704628e-05,0.9736790657043457
2268,-9.541666666666659,96,83,0.8645833333333334,-0.5845367908477783,16.013639450073242,2.0122615751461126e-05,0.8210167288780212
2269,-104.9376026272578,203,200,0.980623973727422,-0.1999058723449707,6.185678005218506,2.008857518376317e-05,0.5458412766456604
2270,40.95652173913044,46,40,0.8695652173913043,0.5189611911773682,42.19410705566406,1.990815690078307e-05,0.7412770986557007
2271,47.133333333333326,50,49,0.9713333333333334,0.7319865822792053,31.115055084228516,2.014946767303627e-05,1.9709097146987915
2272,-9.541666666666664,96,83,0.8645833333333334,-0.1150675043463707,16.543132781982422,2.0142784705967642e-05,0.1009475439786911
2273,40.95652173913043,46,40,0.8695652173913043,-0.4394820034503937,42.46772384643555,2.0389452402014285e-05,3.3237874507904053
2274,-9.541666666666664,96,83,0.8645833333333334,-0.259765625,13.916152954101562,2.0053223124705255e-05,0.9221242070198059
2275,-109.93269230769232,208,204,0.9806730769230769,-0.44873854517936707,6.720171928405762,1.9904367945855483e-05,0.2366127371788025
2276,40.95652173913044,46,40,0.8695652173913043,-0.3713870942592621,27.982711791992188,1.9326771507621743e-05,0.16732849180698395
2277,-7.631578947368418,95,83,0.8736842105263158,-1.2312802076339722,13.193143844604492,1.9544848328223452e-05,2.23325514793396
2278,-7.631578947368416,95,83,0.8736842105263158,-0.5379659533500671,17.006366729736328,1.9605080524343066e-05,0.7445678114891052
2279,-110.85964912280703,209,206,0.9814035087719298,-0.34249287843704224,5.8324384689331055,1.9595563571783714e-05,0.00048428046284243464
2280,47.299319727891145,49,48,0.9629931972789115,-0.2636878788471222,18.769086837768555,1.961155612661969e-05,0.9830728769302368
2281,63.95652173913042,23,20,0.8695652173913043,-0.9026148915290833,49.57725143432617,1.9966959371231496e-05,2.8716378211975098
2282,47.266666666666666,50,49,0.9726666666666667,0.48259299993515015,17.241069793701172,1.997971958189737e-05,0.2430577278137207
2283,-105.54575163398694,204,201,0.9845424836601308,-0.011483490467071533,5.554376125335693,1.9935794625780545e-05,0.3818061947822571
2284,-9.541666666666666,96,83,0.8645833333333334,-0.20459294319152832,15.125664710998535,1.9790100850514136e-05,0.2925366759300232
2285,47.266666666666666,50,49,0.9726666666666667,0.5837940573692322,21.724788665771484,1.9596021957113408e-05,0.06445197761058807
2286,46.73333333333333,50,49,0.9673333333333334,-0.7409408092498779,24.85369873046875,2.0288232917664573e-05,3.690059185028076
2287,-106.9479674796748,205,202,0.980520325203252,0.09323805570602417,7.864378929138184,2.030177893175278e-05,0.1465526968240738
2288,-9.541666666666659,96,83,0.8645833333333334,-0.4664834439754486,13.580011367797852,2.011390279221814e-05,0.4015764594078064
2289,-3.764705882352957,102,101,0.9823529411764705,-0.5398458242416382,10.033649444580078,2.011600554396864e-05,0.1566808819770813
2290,40.95652173913044,46,40,0.8695652173913043,-0.37625715136528015,27.74135398864746,1.9973425878561102e-05,0.5441508293151855
2291,-5.702127659574467,94,83,0.8829787234042553,-0.6977792382240295,15.305377960205078,1.962522765097674e-05,0.9083388447761536
2292,-9.043613707165115,107,105,0.979563862928349,-0.5738880634307861,11.219795227050781,1.9610522940638475e-05,0.11776760965585709
2293,-103.45214521452145,202,200,0.9854785478547855,-0.14512237906455994,6.024176120758057,1.9616280042100698e-05,0.20302237570285797
2294,-9.54166666666666,96,83,0.8645833333333334,-0.4893077611923218,14.396709442138672,1.9438419258221984e-05,0.8058488965034485
2295,63.95652173913043,23,20,0.8695652173913043,0.8733082413673401,52.7403564453125,2.1083364117657766e-05,4.979502201080322
2296,59.333333333333336,24,20,0.8333333333333334,0.5615955591201782,51.951507568359375,2.079588193737436e-05,1.8803340196609497
2297,63.95652173913044,23,20,0.8695652173913043,-0.775391161441803,47.05876159667969,2.0328125174273737e-05,3.477020740509033
2298,46.626666666666665,50,49,0.9662666666666667,-0.5230836272239685,16.4097900390625,2.0136491002631374e-05,0.5556939840316772
2299,46.75163398692809,51,51,0.977516339869281,-0.7357497811317444,18.510883331298828,1.9790388250839897e-05,2.4709274768829346
2300,63.95652173913043,23,20,0.8695652173913043,-0.3321959972381592,44.48700714111328,1.9862740373355336e-05,1.564249038696289
2301,49.36879432624113,47,46,0.9636879432624114,0.2518715262413025,16.657909393310547,1.9516666725394316e-05,1.7838847637176514
2302,-7.631578947368416,95,83,0.8736842105263158,-0.7500976920127869,17.29290008544922,1.9791050362982787e-05,2.50327467918396
2303,-9.541666666666664,96,83,0.8645833333333334,-0.1408725380897522,15.483197212219238,1.9792712919297628e-05,0.09282337874174118
2304,-5.961538461538469,104,103,0.9803846153846154,-0.36506474018096924,11.824606895446777,1.996014907490462e-05,3.018350839614868
2305,-109.40064102564104,208,206,0.9859935897435897,-0.31459829211235046,6.884181022644043,1.993658224819228e-05,0.6289796829223633
2306,40.95652173913044,46,40,0.8695652173913043,-0.3401332497596741,35.244041442871094,2.0418445274117403e-05,3.127204179763794
2307,-7.631578947368412,95,83,0.8736842105263158,-0.11679447442293167,17.577735900878906,2.0121025954722427e-05,0.5806775093078613
2308,-3.422442244224427,101,99,0.9757755775577558,0.1445346176624298,11.876328468322754,1.9355782569618896e-05,0.18481704592704773
2309,43.888888888888886,45,40,0.8888888888888888,-0.3581717610359192,29.736268997192383,1.968662218132522e-05,2.6452395915985107
2310,46.62666666666667,50,49,0.9662666666666667,-0.412648469209671,19.114572525024414,1.95669836102752e-05,0.3355138599872589
2311,47.13333333333333,50,49,0.9713333333333334,-0.28542423248291016,16.051420211791992,1.963031172635965e-05,0.7267780900001526
2312,47.26666666666666,50,49,0.9726666666666667,-0.10000461339950562,24.469802856445312,1.9586304915719666e-05,0.1297098696231842
2313,63.95652173913044,23,20,0.8695652173913043,0.021107293665409088,53.92152404785156,1.9650433387141675e-05,0.7510929107666016
2314,63.95652173913042,23,20,0.8695652173913043,-0.9443949460983276,61.80976104736328,1.9071212591370568e-05,2.8971219062805176
2315,-7.631578947368412,95,83,0.8736842105263158,-0.23966039717197418,14.875367164611816,1.86232864507474e-05,0.36780330538749695
2316,-110.85964912280703,209,206,0.9814035087719298,0.038580842316150665,6.5201263427734375,1.8360258764005266e-05,0.3659488558769226
2317,40.95652173913043,46,40,0.8695652173913043,-0.5625735521316528,37.84017562866211,1.9478700778563507e-05,5.102265357971191
2318,-7.051282051282058,104,101,0.9694871794871794,-0.03064935840666294,10.670360565185547,1.907485602714587e-05,0.32596829533576965
2319,-8.93769470404985,107,106,0.9806230529595016,-0.19211362302303314,11.834150314331055,1.912096922751516e-05,1.7896828651428223
2320,63.95652173913043,23,20,0.8695652173913043,0.19551484286785126,67.09027099609375,1.9095654351986013e-05,0.7230304479598999
2321,-108.53945249597425,207,204,0.9846054750402576,-0.7911402583122253,5.318836212158203,1.88416652235901e-05,0.8376925587654114
2322,49.027210884353735,49,49,0.9802721088435374,0.0142790162935853,18.6500301361084,1.883951699710451e-05,0.03295716270804405
2323,59.33333333333334,24,20,0.8333333333333334,0.3510446846485138,44.42817687988281,2.0053905245731585e-05,4.251007080078125
2324,47.266666666666666,50,49,0.9726666666666667,0.19868090748786926,21.56645965576172,1.9090788555331528e-05,1.223525881767273
2325,-100.66834170854271,199,196,0.9833165829145729,-0.6508392691612244,7.998562812805176,1.9083434381172992e-05,0.004196064081043005
2326,-4.915857605178002,103,102,0.98084142394822,-0.4511305093765259,12.24113941192627,1.8728123905020766e-05,0.4925912320613861
2327,40.95652173913043,46,40,0.8695652173913043,-0.3577362895011902,28.584016799926758,1.861818782344926e-05,1.2948009967803955
2328,63.95652173913042,23,20,0.8695652173913043,-0.20911316573619843,54.89009094238281,1.8751468815025873e-05,1.761770248413086
2329,40.95652173913043,46,40,0.8695652173913043,0.34340205788612366,31.465295791625977,1.8715021724347025e-05,0.5479210615158081
2330,-108.53945249597425,207,204,0.9846054750402576,-0.1686430722475052,5.936462879180908,1.871514177764766e-05,0.40259450674057007
2331,-7.6315789473684115,95,83,0.8736842105263158,-0.6490817070007324,15.745772361755371,1.865533340605907e-05,2.2909939289093018
2332,40.95652173913043,46,40,0.8695652173913043,-0.03960220143198967,30.646738052368164,1.8655315216165036e-05,0.725604772567749
2333,48.68707482993197,49,48,0.9768707482993197,1.0562199354171753,25.84337043762207,1.887618600449059e-05,2.7498321533203125
2334,46.46153846153846,52,52,0.9846153846153847,-0.21607883274555206,24.105735778808594,1.888827682705596e-05,0.8070506453514099
2335,-105.54575163398694,204,201,0.9845424836601308,-0.08225526660680771,5.981445789337158,1.8891820218414068e-05,0.045278649777173996
2336,63.95652173913044,23,20,0.8695652173913043,0.5153073668479919,47.762718200683594,1.8885355530073866e-05,2.5930354595184326
2337,38.106382978723396,47,40,0.851063829787234,-0.3336823582649231,35.7119255065918,1.8877315596910194e-05,0.12862758338451385
2338,63.95652173913043,23,20,0.8695652173913043,-1.2657618522644043,45.60477828979492,1.955498919414822e-05,4.67575740814209
2339,-7.631578947368427,95,83,0.8736842105263158,-0.2534143924713135,14.756200790405273,1.9518673070706427e-05,0.3192680776119232
2340,43.888888888888886,45,40,0.8888888888888888,0.4598582684993744,27.434974670410156,1.9730403437279165e-05,1.5196465253829956
2341,40.95652173913043,46,40,0.8695652173913043,-0.5107219815254211,28.377729415893555,1.9588847862905823e-05,2.24526309967041
2342,-7.6315789473684115,95,83,0.8736842105263158,-0.4268495440483093,14.638930320739746,1.9333503587404266e-05,1.1030088663101196
2343,-7.631578947368416,95,83,0.8736842105263158,0.06473837047815323,14.677849769592285,1.9492930732667446e-05,1.2147630453109741
2344,-7.6315789473684195,95,83,0.8736842105263158,0.10624251514673233,14.338796615600586,1.9622630134108476e-05,1.1191998720169067
2345,-7.631578947368414,95,83,0.8736842105263158,-0.3101419508457184,15.036515235900879,1.9534696548362263e-05,0.6146185994148254
2346,-105.54575163398692,204,201,0.9845424836601308,0.20154964923858643,8.481364250183105,1.949006036738865e-05,0.2579273283481598
2347,-9.541666666666663,96,83,0.8645833333333334,-0.4525698125362396,15.161484718322754,1.9470942788757384e-05,0.9056727290153503
2348,48.68707482993197,49,48,0.9768707482993197,0.4592439532279968,24.711719512939453,1.956407504621893e-05,1.1481910943984985
2349,59.333333333333336,24,20,0.8333333333333334,0.0775291845202446,51.771827697753906,1.9060917111346498e-05,1.2604022026062012
2350,-4.915857605178002,103,102,0.98084142394822,-0.10257957130670547,8.301446914672852,1.904667260532733e-05,0.173753023147583
2351,-9.541666666666666,96,83,0.8645833333333334,-0.48579543828964233,15.325115203857422,1.9126855477225035e-05,1.4950441122055054
2352,47.266666666666666,50,49,0.9726666666666667,0.45257100462913513,20.510616302490234,1.9204551790608093e-05,1.5029056072235107
2353,-108.53945249597425,207,204,0.9846054750402576,-0.17077814042568207,6.493269920349121,1.896857429528609e-05,0.537562370300293
2354,-7.631578947368418,95,83,0.8736842105263158,-0.4390406906604767,15.133735656738281,1.8828613974619657e-05,0.9111163020133972
2355,-110.85964912280703,209,206,0.9814035087719298,0.19577181339263916,6.505589485168457,1.875487396318931e-05,0.586983859539032
2356,-11.432989690721655,97,83,0.8556701030927835,-0.7954787015914917,15.289731979370117,1.8858829207601957e-05,1.8529539108276367
2357,-105.46732026143792,204,202,0.9853267973856209,0.03685017675161362,5.926619529724121,1.8890452338382602e-05,0.3989274501800537
2358,-4.592233009708751,103,102,0.9840776699029126,0.04877444729208946,9.377823829650879,1.8892040316131897e-05,0.1984184831380844
2359,-4.592233009708748,103,102,0.9840776699029126,0.41454455256462097,7.794040679931641,1.7717829905450344e-05,1.6291841268539429
2360,47.13333333333333,50,49,0.9713333333333334,0.10283689945936203,17.94501304626465,1.769468144630082e-05,1.9030710458755493
2361,63.95652173913043,23,20,0.8695652173913043,-0.11619780212640762,48.00199508666992,1.7523929273011163e-05,0.10752774775028229
2362,-4.915857605178003,103,102,0.98084142394822,-0.35359302163124084,7.447551727294922,1.7033065887517296e-05,0.004642381798475981
2363,-4.592233009708744,103,102,0.9840776699029126,0.4161987602710724,9.22015380859375,1.7248587028007023e-05,1.6181436777114868
2364,40.95652173913042,46,40,0.8695652173913043,-0.6629148721694946,27.865636825561523,1.675134990364313e-05,2.370394229888916
2365,43.88888888888888,45,40,0.8888888888888888,-1.648604154586792,29.0804500579834,1.9581668311730027e-05,7.153112411499023
2366,40.95652173913043,46,40,0.8695652173913043,0.6025878190994263,29.18929100036621,2.038132333836984e-05,3.2628464698791504
2367,-8.93769470404985,107,106,0.9806230529595016,-0.3845617473125458,9.81398868560791,2.029185816354584e-05,0.22201870381832123
2368,-109.93269230769232,208,204,0.9806730769230769,-0.3054501712322235,6.004856109619141,2.031665098911617e-05,0.4154016673564911
2369,-104.1881188118812,202,198,0.9781188118811881,-0.7138912677764893,7.7101569175720215,2.031948315561749e-05,0.6436451077461243
2370,46.75163398692809,51,51,0.977516339869281,-0.20077280700206757,16.71550941467285,2.0266581486794166e-05,0.9804151654243469
2371,-5.31715210355988,103,101,0.9768284789644013,0.1199512854218483,8.5191011428833,2.0034467524965294e-05,0.9484915733337402
2372,63.95652173913043,23,20,0.8695652173913043,0.45331016182899475,43.96159744262695,2.008554838539567e-05,0.5692281126976013
2373,-110.85964912280703,209,206,0.9814035087719298,-0.2679818272590637,5.963951587677002,1.9547964257071726e-05,0.2028283327817917
2374,40.95652173913043,46,40,0.8695652173913043,-0.06494496017694473,27.589670181274414,1.9471370251267217e-05,0.2658466398715973
2375,43.893081761006286,53,52,0.9689308176100629,0.20556268095970154,17.959592819213867,1.9644365238491446e-05,1.3308128118515015
2376,-7.631578947368418,95,83,0.8736842105263158,-0.09068062901496887,13.984091758728027,1.976128805836197e-05,1.0530648231506348
2377,49.02721088435374,49,49,0.9802721088435374,-0.4156038463115692,17.0576171875,1.9654646166600287e-05,1.706868290901184
2378,43.888888888888886,45,40,0.8888888888888888,-0.49707934260368347,27.291067123413086,1.9982398953288794e-05,2.8907628059387207
2379,-5.718446601941746,103,101,0.9728155339805825,-0.20717592537403107,8.805203437805176,1.997688741539605e-05,0.5665061473846436
2380,-5.718446601941757,103,101,0.9728155339805825,0.038144662976264954,7.360396862030029,2.0015668269479647e-05,0.6534960269927979
2381,-11.432989690721651,97,83,0.8556701030927835,-0.8049566149711609,14.375849723815918,1.9860319298459217e-05,2.3100059032440186
2382,40.95652173913043,46,40,0.8695652173913043,-0.11307809501886368,30.18227767944336,1.9845298083964735e-05,0.6725669503211975
2383,-105.54575163398692,204,201,0.9845424836601308,-0.0022430955432355404,5.980113983154297,1.987747054954525e-05,0.6781763434410095
2384,63.95652173913043,23,20,0.8695652173913043,1.2360790967941284,51.665096282958984,2.1804125935886987e-05,5.301495552062988
2385,-7.631578947368414,95,83,0.8736842105263158,-0.5954326391220093,14.82995891571045,2.19458725041477e-05,1.844562292098999
2386,-2.815181518151827,101,100,0.9818481848184818,0.4735761880874634,9.34160327911377,2.127377774741035e-05,0.4839645326137543
2387,46.75163398692809,51,51,0.977516339869281,0.17509707808494568,14.738883972167969,2.1345897039282136e-05,0.8882125616073608
2388,-7.1079365079365004,105,104,0.978920634920635,-0.4359184503555298,10.421738624572754,2.135738031938672e-05,0.192970409989357
2389,-5.718446601941759,103,101,0.9728155339805825,-0.3401445746421814,7.906071186065674,2.1361096514738165e-05,0.5321903824806213
2390,63.95652173913043,23,20,0.8695652173913043,-0.3724503517150879,42.4951057434082,2.1360721802921034e-05,0.5329219698905945
2391,63.95652173913043,23,20,0.8695652173913043,-0.1945200115442276,43.2952880859375,2.1335590645321645e-05,0.35522425174713135
2392,-5.70212765957447,94,83,0.8829787234042553,-0.7355583906173706,14.001564025878906,2.1480545910890214e-05,1.8100305795669556
2393,-9.541666666666668,96,83,0.8645833333333334,-0.29432550072669983,13.593669891357422,2.1471600121003576e-05,0.015717122703790665
2394,-99.21885521885523,198,196,0.9878114478114478,0.21413554251194,7.2794694900512695,2.1529756850213744e-05,0.838204562664032
2395,49.027210884353735,49,49,0.9802721088435374,0.3300822675228119,20.9630126953125,1.9875600628438406e-05,0.6433024406433105
2396,-105.54575163398692,204,201,0.9845424836601308,-0.1679919958114624,6.113783836364746,1.9578646970330738e-05,0.4226469099521637
2397,-9.541666666666668,96,83,0.8645833333333334,-0.15355795621871948,16.85765266418457,1.9023460481548682e-05,0.7071652412414551
2398,-7.6315789473684115,95,83,0.8736842105263158,-0.3854512572288513,16.932594299316406,1.9022940250579268e-05,0.5394573211669922
2399,63.95652173913043,23,20,0.8695652173913043,-0.33537757396698,51.9412956237793,1.8788194211083464e-05,1.2737520933151245
2400,38.1063829787234,47,40,0.851063829787234,-0.7181474566459656,29.448715209960938,1.905540375446435e-05,2.727107048034668
2401,-105.54575163398692,204,201,0.9845424836601308,-0.574228823184967,6.573199272155762,1.882394280983135e-05,1.0690507888793945
2402,63.95652173913043,23,20,0.8695652173913043,0.22070230543613434,47.65443801879883,1.8630367776495405e-05,1.014965295791626
2403,46.626666666666665,50,49,0.9662666666666667,-0.5966372489929199,19.201316833496094,1.8635668311617337e-05,0.632189154624939
2404,40.95652173913043,46,40,0.8695652173913043,-1.0704110860824585,32.44853973388672,1.88971716852393e-05,3.7085866928100586
2405,46.73333333333333,50,49,0.9673333333333334,-0.2667655944824219,15.436375617980957,1.8923101379186846e-05,1.0242971181869507
2406,-7.051282051282057,104,101,0.9694871794871794,-0.20000122487545013,7.8080973625183105,1.8431224816595204e-05,0.06796326488256454
2407,-104.9376026272578,203,200,0.980623973727422,-0.16993805766105652,5.809778690338135,1.8426630049361847e-05,0.4247736632823944
2408,-9.541666666666659,96,83,0.8645833333333334,-0.26495227217674255,16.64797592163086,1.8435322999721393e-05,0.6492380499839783
2409,-9.54166666666667,96,83,0.8645833333333334,0.21389827132225037,16.231626510620117,1.8230937712360173e-05,1.3115575313568115
2410,-108.53945249597423,207,204,0.9846054750402576,-0.05665227025747299,6.51941442489624,1.8262859157403e-05,0.5047911405563354
2411,59.333333333333336,24,20,0.8333333333333334,1.4403369426727295,65.08235168457031,1.8584280041977763e-05,2.2575411796569824
2412,48.68707482993197,49,48,0.9768707482993197,0.6785398125648499,27.932077407836914,1.8683120288187638e-05,1.1093451976776123
2413,48.10204081632652,49,48,0.9710204081632653,0.3002708852291107,21.39983367919922,1.8638182154973038e-05,0.6226206421852112
2414,-105.44117647058825,204,202,0.9855882352941177,-0.29094383120536804,6.176331520080566,1.8193517462350428e-05,0.11506453901529312
2415,43.88888888888888,45,40,0.8888888888888888,-0.4101073741912842,28.21830940246582,1.8178567188442685e-05,0.42604631185531616
2416,40.95652173913043,46,40,0.8695652173913043,0.33819448947906494,30.54505729675293,1.893141416076105e-05,3.36564040184021
2417,-105.44117647058825,204,202,0.9855882352941177,-0.6205236911773682,5.82387638092041,1.740941843308974e-05,0.20970624685287476
2418,59.333333333333336,24,20,0.8333333333333334,-0.13457462191581726,48.7215690612793,1.740988409437705e-05,0.34258487820625305
2419,-106.9479674796748,205,202,0.980520325203252,-0.4255131483078003,4.553536891937256,1.7234106053365394e-05,0.17086690664291382
2420,63.95652173913044,23,20,0.8695652173913043,-0.7882968187332153,47.64264678955078,1.7590971765457653e-05,2.586242198944092
2421,-4.915857605178003,103,102,0.98084142394822,0.07358411699533463,7.827139854431152,1.7666057829046622e-05,1.2288404703140259
2422,-4.915857605178002,103,102,0.98084142394822,-0.1514464169740677,8.456836700439453,1.7682730685919523e-05,0.6268380880355835
2423,40.95652173913043,46,40,0.8695652173913043,0.7287592887878418,38.4771614074707,1.6686437447788194e-05,1.575872540473938
2424,43.88888888888888,45,40,0.8888888888888888,-0.10865733027458191,34.90902328491211,1.687827352725435e-05,2.370375633239746
2425,-8.93769470404985,107,106,0.9806230529595016,-0.19088393449783325,9.851195335388184,1.691719444352202e-05,0.9735994338989258
2426,46.62666666666667,50,49,0.9662666666666667,0.21356201171875,23.77950096130371,1.6924066585488617e-05,0.5722572803497314
2427,-110.85964912280703,209,206,0.9814035087719298,-0.06010827794671059,5.753831386566162,1.6845671780174598e-05,0.045004602521657944
2428,40.95652173913042,46,40,0.8695652173913043,0.07451801002025604,31.075180053710938,1.671638892730698e-05,0.5798953771591187
2429,-102.70149253731344,201,198,0.9829850746268657,-0.32854732871055603,5.616876125335693,1.668828190304339e-05,0.03953259065747261
2430,-100.66834170854271,199,196,0.9833165829145729,-0.4028940498828888,4.852429389953613,1.6694359146640636e-05,0.7724305987358093
2431,43.888888888888886,45,40,0.8888888888888888,-0.7913954854011536,31.54650115966797,1.680550121818669e-05,2.6775100231170654
2432,63.95652173913044,23,20,0.8695652173913043,-0.7204641103744507,41.53398132324219,1.7404025129508227e-05,3.3323965072631836
2433,-105.44117647058825,204,202,0.9855882352941177,0.18393602967262268,5.836580276489258,1.7030806702678092e-05,1.4140145778656006
2434,-3.764705882352954,102,101,0.9823529411764705,0.038467761129140854,8.485855102539062,1.7174193999380805e-05,1.6333777904510498
2435,40.95652173913042,46,40,0.8695652173913043,-0.09812967479228973,30.67374610900879,1.7172686057165265e-05,0.3558806777000427
2436,47.133333333333326,50,49,0.9713333333333334,0.27908310294151306,21.088777542114258,1.6797797798062675e-05,1.1054590940475464
2437,63.95652173913044,23,20,0.8695652173913043,-0.06395943462848663,57.96638488769531,1.7826994735514745e-05,4.311882972717285
2438,63.95652173913043,23,20,0.8695652173913043,0.6280943751335144,56.38844680786133,1.7275766367674805e-05,3.116306781768799
2439,63.95652173913044,23,20,0.8695652173913043,0.29902979731559753,55.507789611816406,1.7261965695070103e-05,0.050343140959739685
2440,-7.107936507936504,105,104,0.978920634920635,-0.7050346732139587,8.745522499084473,1.7106791347032413e-05,0.7893627285957336
2441,-100.66834170854271,199,196,0.9833165829145729,-0.4054548442363739,6.013892650604248,1.6893896827241406e-05,1.0703479051589966
2442,40.95652173913044,46,40,0.8695652173913043,-0.5590605735778809,21.830596923828125,1.6850472093210556e-05,0.5652614235877991
2443,63.95652173913044,23,20,0.8695652173913043,-0.005792999640107155,41.91653823852539,1.6822872566990554e-05,1.0432674884796143
2444,43.888888888888886,45,40,0.8888888888888888,0.9940574169158936,29.975448608398438,1.8437529433867894e-05,5.118307113647461
2445,48.68707482993198,49,48,0.9768707482993197,0.48307740688323975,23.223499298095703,1.8526783605921082e-05,1.1690016984939575
2446,48.10204081632653,49,48,0.9710204081632653,0.5461748242378235,19.003196716308594,1.8546073988545686e-05,0.46086737513542175
2447,40.95652173913043,46,40,0.8695652173913043,-1.0448639392852783,31.510358810424805,1.9928142137359828e-05,4.931755065917969
2448,63.95652173913043,23,20,0.8695652173913043,0.2407238781452179,63.55821228027344,1.995641468965914e-05,1.6464357376098633
2449,46.73333333333333,50,49,0.9673333333333334,0.04229849576950073,22.948461532592773,1.9828887161565945e-05,0.3661467730998993
2450,63.95652173913043,23,20,0.8695652173913043,-1.2288920879364014,52.72886657714844,2.273472819069866e-05,7.099686145782471
2451,43.88888888888889,45,40,0.8888888888888888,-0.3070603907108307,29.30259895324707,2.270234290335793e-05,1.2586033344268799
2452,-105.44117647058825,204,202,0.9855882352941177,-0.013081391341984272,9.153512001037598,2.2620719391852617e-05,0.7286269068717957
2453,63.95652173913043,23,20,0.8695652173913043,-0.7088169455528259,38.99922561645508,2.29697488975944e-05,2.6624600887298584
2454,-108.45893719806764,207,204,0.9854106280193237,-0.15683354437351227,5.832423210144043,2.2946685930946842e-05,0.09425612539052963
2455,63.95652173913044,23,20,0.8695652173913043,0.492218554019928,37.93949890136719,2.335362478333991e-05,2.4458072185516357
2456,40.95652173913044,46,40,0.8695652173913043,-0.20985032618045807,29.514503479003906,2.322104228369426e-05,0.43244242668151855
2457,59.33333333333333,24,20,0.8333333333333334,0.31192320585250854,55.039527893066406,2.3444543330697343e-05,1.781866192817688
2458,63.95652173913043,23,20,0.8695652173913043,-0.7628231644630432,49.746212005615234,2.3873015379649587e-05,2.864816188812256
2459,-3.7647058823529456,102,101,0.9823529411764705,-0.175883486866951,9.087823867797852,2.3668646463193e-05,0.7263643741607666
2460,43.88888888888888,45,40,0.8888888888888888,0.6354677081108093,28.99186897277832,2.36876785493223e-05,1.973171591758728
2461,49.02721088435374,49,49,0.9802721088435374,0.40911632776260376,21.345569610595703,2.3858285203459673e-05,1.4146618843078613
2462,46.46153846153847,52,52,0.9846153846153847,-0.34470605850219727,23.956464767456055,2.393279646639712e-05,1.3834222555160522
2463,38.1063829787234,47,40,0.851063829787234,0.354648619890213,29.50094985961914,2.3947213776409626e-05,1.6793659925460815
2464,47.13333333333333,50,49,0.9713333333333334,0.31397730112075806,19.79764175415039,2.443187804601621e-05,3.292790412902832
2465,59.333333333333336,24,20,0.8333333333333334,0.19956526160240173,51.813316345214844,2.1565481802099384e-05,1.369297742843628
2466,47.299319727891145,49,48,0.9629931972789115,-0.06244269758462906,15.909292221069336,2.0859730284428224e-05,0.4773663580417633
2467,46.733333333333334,50,49,0.9673333333333334,-0.9631930589675903,15.816262245178223,2.134373426088132e-05,3.0039021968841553
2468,-2.953795379537964,101,100,0.9804620462046204,-0.45959433913230896,8.501352310180664,2.1325458874343894e-05,0.07631803303956985
2469,-7.6315789473684195,95,83,0.8736842105263158,-0.25596094131469727,13.743395805358887,2.139849129889626e-05,0.9968137741088867
2470,-7.631578947368423,95,83,0.8736842105263158,-0.6903530955314636,15.526885032653809,2.1412175556179136e-05,1.108404517173767
2471,-99.21885521885523,198,196,0.9878114478114478,-0.14521026611328125,6.310283660888672,2.133447924279608e-05,0.33228546380996704
2472,-7.631578947368411,95,83,0.8736842105263158,-0.717917263507843,17.711088180541992,2.1427005776786245e-05,1.6494532823562622
2473,-6.480769230769237,104,102,0.9751923076923077,-0.2774912714958191,10.2927827835083,2.142705488950014e-05,0.2425643652677536
2474,40.95652173913042,46,40,0.8695652173913043,-0.7304859161376953,29.40788459777832,2.1755682610091753e-05,2.5890278816223145
2475,-7.631578947368411,95,83,0.8736842105263158,-0.4661184847354889,15.64870548248291,2.161847623938229e-05,0.7806101441383362
2476,63.95652173913044,23,20,0.8695652173913043,-1.2915968894958496,50.87043762207031,2.2537486074725166e-05,4.378968238830566
2477,40.95652173913043,46,40,0.8695652173913043,0.21562650799751282,29.579622268676758,2.256890365970321e-05,1.2734109163284302
2478,43.888888888888886,45,40,0.8888888888888888,0.8894503712654114,25.221954345703125,2.30796322284732e-05,3.6490111351013184
2479,63.95652173913043,23,20,0.8695652173913043,-1.8738170862197876,45.826866149902344,2.567579758760985e-05,6.7517476081848145
2480,-9.54166666666666,96,83,0.8645833333333334,-0.6149582862854004,18.460668563842773,2.5693332645460032e-05,1.381295084953308
2481,-108.45893719806764,207,204,0.9854106280193237,-0.2065245509147644,5.536987781524658,2.5456662115175277e-05,0.19074292480945587
2482,-99.21885521885523,198,196,0.9878114478114478,-0.17641443014144897,5.8431549072265625,2.5447136067668907e-05,0.31803035736083984
2483,-102.70149253731344,201,198,0.9829850746268657,-0.21406018733978271,4.89479398727417,2.539647903176956e-05,0.028362510725855827
2484,49.36879432624113,47,46,0.9636879432624114,-0.45785924792289734,18.62265968322754,2.3772847271175124e-05,2.616891860961914
2485,47.299319727891145,49,48,0.9629931972789115,-0.3628506362438202,18.96698760986328,2.3881990273366682e-05,2.3548810482025146
2486,49.36879432624113,47,46,0.9636879432624114,0.383810430765152,18.063369750976562,2.3969070753082633e-05,1.0965690612792969
2487,-106.9479674796748,205,202,0.980520325203252,0.20945516228675842,8.03511905670166,2.3884329493739642e-05,0.07549314945936203
2488,-9.541666666666663,96,83,0.8645833333333334,-0.2118731290102005,15.66726303100586,2.3866339688538574e-05,0.5124881267547607
2489,40.95652173913043,46,40,0.8695652173913043,0.7056457996368408,29.471879959106445,2.414373193460051e-05,1.7646390199661255
2490,-9.54166666666666,96,83,0.8645833333333334,-0.12036650627851486,15.699674606323242,2.414762093394529e-05,0.039098452776670456
2491,-105.44117647058825,204,202,0.9855882352941177,0.023971986025571823,7.453066825866699,2.4147726435330696e-05,0.38982266187667847
2492,49.027210884353735,49,49,0.9802721088435374,0.6022857427597046,19.96349334716797,2.433129702694714e-05,1.945978045463562
2493,40.95652173913044,46,40,0.8695652173913043,0.31233468651771545,27.64436912536621,2.474290886311792e-05,2.3049488067626953
2494,-5.702127659574469,94,83,0.8829787234042553,-0.22863195836544037,13.36378288269043,2.4711300284252502e-05,0.5812422037124634
2495,63.95652173913043,23,20,0.8695652173913043,-1.0577797889709473,53.47978973388672,2.545489951444324e-05,3.915867567062378
2496,-7.631578947368421,95,83,0.8736842105263158,-0.2720014452934265,15.020658493041992,2.557948937464971e-05,1.0972402095794678
2497,40.95652173913043,46,40,0.8695652173913043,-0.3085636794567108,28.077869415283203,2.5536308385198936e-05,0.27692273259162903
2498,46.46153846153847,52,52,0.9846153846153847,-0.6584886312484741,20.014123916625977,2.554501588747371e-05,0.7582685351371765
2499,49.36879432624113,47,46,0.9636879432624114,-0.4155934154987335,16.395191192626953,2.5703348001115955e-05,2.1909444332122803
2500,48.10204081632652,49,48,0.9710204081632653,0.33987104892730713,16.5292911529541,2.5404460757272318e-05,0.6545193195343018
2501,40.95652173913043,46,40,0.8695652173913043,-0.3682580590248108,28.62306022644043,2.5459863536525518e-05,1.522533655166626
2502,-7.631578947368413,95,83,0.8736842105263158,-0.2136460542678833,14.360434532165527,2.5412795366719365e-05,0.6852555274963379
2503,40.95652173913043,46,40,0.8695652173913043,-0.5771551728248596,27.88271141052246,2.561432120273821e-05,2.1533048152923584
2504,47.13333333333333,50,49,0.9713333333333334,-0.41528794169425964,18.741418838500977,2.4969673177110963e-05,1.3364081382751465
2505,-4.254901960784316,102,100,0.9774509803921568,-0.16399085521697998,8.154629707336426,2.493991269147955e-05,0.5076966285705566
2506,63.95652173913043,23,20,0.8695652173913043,-0.19004929065704346,45.72431182861328,2.4931727239163592e-05,0.32915812730789185
2507,-7.631578947368409,95,83,0.8736842105263158,-0.524031937122345,17.243986129760742,2.4940152798080817e-05,0.691044807434082
2508,40.95652173913042,46,40,0.8695652173913043,0.22466988861560822,27.098127365112305,2.5243551135645248e-05,1.958519697189331
2509,63.95652173913044,23,20,0.8695652173913043,1.4255621433258057,47.29328155517578,2.6794790755957365e-05,4.999420642852783
2510,-9.541666666666671,96,83,0.8645833333333334,0.010769088752567768,16.31827163696289,2.6943263947032392e-05,1.4847180843353271
2511,63.95652173913043,23,20,0.8695652173913043,-0.29456809163093567,46.3613166809082,2.6618579795467667e-05,1.2497025728225708
2512,46.75163398692809,51,51,0.977516339869281,0.6076715588569641,15.505865097045898,2.7080737709184177e-05,2.8042218685150146
2513,-4.915857605178003,103,102,0.98084142394822,-0.23094068467617035,9.25989818572998,2.7093161406810395e-05,0.3449053168296814
2514,63.95652173913043,23,20,0.8695652173913043,-0.010620340704917908,58.46530532836914,2.708661850192584e-05,0.10036231577396393
2515,-106.94796747967479,205,202,0.980520325203252,-0.2538321912288666,6.419618129730225,2.708487954805605e-05,0.3207489848136902
2516,-106.94796747967479,205,202,0.980520325203252,-0.060277100652456284,5.142970085144043,2.62936682702275e-05,0.26140475273132324
2517,59.333333333333336,24,20,0.8333333333333334,0.7104136347770691,59.07004165649414,2.630080416565761e-05,0.07645457237958908
2518,-2.9537953795379597,101,100,0.9804620462046204,-0.03822663426399231,8.533136367797852,2.6326475563109852e-05,0.38679173588752747
2519,-4.592233009708751,103,102,0.9840776699029126,0.06111530587077141,10.440537452697754,2.6416993932798505e-05,1.4827630519866943
2520,63.95652173913043,23,20,0.8695652173913043,0.28105226159095764,51.94026565551758,2.6084289856953546e-05,0.19107820093631744
2521,-100.66834170854271,199,196,0.9833165829145729,-0.3681572377681732,4.565802574157715,2.594833858893253e-05,0.23596665263175964
2522,49.027210884353735,49,49,0.9802721088435374,0.019717423245310783,15.4529447555542,2.6177787731285207e-05,1.7138785123825073
2523,40.95652173913043,46,40,0.8695652173913043,-0.025787783786654472,27.424589157104492,2.6092395273735747e-05,1.1434277296066284
2524,-9.541666666666668,96,83,0.8645833333333334,-0.7021127343177795,16.577083587646484,2.5829000151134096e-05,0.76272052526474
2525,63.95652173913043,23,20,0.8695652173913043,-0.9061342477798462,39.99134826660156,2.5870824174489826e-05,1.3399275541305542
2526,-9.541666666666659,96,83,0.8645833333333334,-0.40258970856666565,18.495405197143555,2.5844477931968868e-05,0.23767977952957153
2527,43.89308176100629,53,52,0.9689308176100629,0.22838672995567322,22.34381675720215,2.5868561351671815e-05,0.4204934537410736
2528,-9.541666666666657,96,83,0.8645833333333334,-0.3425642251968384,14.807671546936035,2.5830824597505853e-05,0.4689974784851074
2529,-9.54166666666667,96,83,0.8645833333333334,-0.0620352178812027,14.90980052947998,2.5891307814163156e-05,0.7726912498474121
2530,47.13333333333333,50,49,0.9713333333333334,-0.12511737644672394,23.1352596282959,2.588694951555226e-05,0.6809727549552917
2531,40.95652173913042,46,40,0.8695652173913043,-0.38251742720603943,31.063142776489258,2.5804698452702723e-05,2.3875248432159424
2532,59.333333333333336,24,20,0.8333333333333334,0.7119777798652649,55.054168701171875,2.5711331545608118e-05,2.6820342540740967
2533,-110.85964912280703,209,206,0.9814035087719298,-0.08976659178733826,5.681516170501709,2.5561181246303022e-05,0.12447722256183624
2534,48.10204081632652,49,48,0.9710204081632653,0.9243047833442688,13.95246696472168,2.6324778445996344e-05,3.7847812175750732
2535,-4.592233009708751,103,102,0.9840776699029126,-0.1301303207874298,7.885637283325195,2.6378724214737304e-05,1.1195166110992432
2536,63.95652173913044,23,20,0.8695652173913043,-1.1872249841690063,38.53512954711914,2.7316718842484988e-05,4.307651996612549
2537,-9.541666666666663,96,83,0.8645833333333334,-0.027956413105130196,15.594422340393066,2.658649282238912e-05,2.0758345127105713
2538,43.893081761006286,53,52,0.9689308176100629,-0.18019384145736694,17.94500160217285,2.593449426058214e-05,0.3114774525165558
2539,48.68707482993197,49,48,0.9768707482993197,0.32746127247810364,23.496959686279297,2.5954313969123177e-05,0.3985201120376587
2540,59.333333333333336,24,20,0.8333333333333334,-1.8343952894210815,55.73567581176758,2.9439712307066657e-05,7.76032829284668
2541,-7.107936507936511,105,104,0.978920634920635,-0.24946361780166626,9.510052680969238,2.9418859412544407e-05,0.4301535487174988
2542,-7.631578947368407,95,83,0.8736842105263158,-0.13334400951862335,16.60466957092285,2.9433451345539652e-05,0.3540814220905304
2543,40.95652173913043,46,40,0.8695652173913043,-0.3174916207790375,29.585371017456055,2.942736136901658e-05,1.4891947507858276
2544,63.95652173913043,23,20,0.8695652173913043,0.625520646572113,50.50589370727539,2.7774131012847647e-05,1.2256205081939697
2545,40.95652173913042,46,40,0.8695652173913043,-0.05473681539297104,27.319486618041992,2.765558565442916e-05,0.18160417675971985
2546,-2.8151815181518276,101,100,0.9818481848184818,0.1214979961514473,7.6494598388671875,2.7624184440355748e-05,0.025852346792817116
2547,47.62585034013605,49,48,0.9662585034013605,-0.5244500041007996,16.544145584106445,5.7485318393446505e-05,22.517433166503906
2548,49.027210884353735,49,49,0.9802721088435374,-0.4694276452064514,16.15702247619629,5.749060437665321e-05,1.6798211336135864
2549,-3.7647058823529465,102,101,0.9823529411764705,-0.11356040835380554,7.797906875610352,5.749228148488328e-05,0.09330099821090698
2550,63.95652173913042,23,20,0.8695652173913043,-1.4214098453521729,45.96536636352539,5.6429009418934584e-05,5.720435619354248
2551,-5.71844660194175,103,101,0.9728155339805825,0.04503219947218895,9.710394859313965,5.63565336051397e-05,0.1314619779586792
2552,40.95652173913043,46,40,0.8695652173913043,0.7582312822341919,28.88197135925293,5.692761988029815e-05,2.990004539489746
2553,63.95652173913043,23,20,0.8695652173913043,0.3401346504688263,54.980350494384766,5.656578650814481e-05,0.8147177696228027
2554,59.33333333333333,24,20,0.8333333333333334,-0.9315689206123352,53.6851921081543,5.768872506450862e-05,4.352369785308838
2555,-9.54166666666666,96,83,0.8645833333333334,-0.5977829098701477,14.057686805725098,5.7364944950677454e-05,1.282974123954773
2556,46.626666666666665,50,49,0.9662666666666667,-0.4330000877380371,15.893333435058594,5.735176455345936e-05,0.49506255984306335
2557,40.95652173913043,46,40,0.8695652173913043,-0.542616605758667,24.46484375,5.71383789065294e-05,0.7312936186790466
2558,40.95652173913043,46,40,0.8695652173913043,-0.14546391367912292,35.1720085144043,5.671703183907084e-05,0.534271240234375
2559,40.95652173913043,46,40,0.8695652173913043,-1.5597189664840698,36.171932220458984,5.793330637970939e-05,4.640117168426514
2560,49.027210884353735,49,49,0.9802721088435374,-0.4512149393558502,14.901345252990723,5.780021456303075e-05,1.8018232583999634
2561,38.10638297872341,47,40,0.851063829787234,-0.34389325976371765,28.93562889099121,5.763857552665286e-05,0.4847428500652313
2562,-5.961538461538469,104,103,0.9803846153846154,0.39488786458969116,10.830129623413086,5.782305743196048e-05,1.8613855838775635
2563,43.888888888888886,45,40,0.8888888888888888,0.46242260932922363,28.621889114379883,5.7873498008120805e-05,1.885318636894226
2564,-11.43298969072166,97,83,0.8556701030927835,-0.3592619299888611,16.510892868041992,5.71243763261009e-05,0.6539199352264404
2565,40.95652173913043,46,40,0.8695652173913043,0.20455718040466309,28.874835968017578,5.702748603653163e-05,0.7721505165100098
2566,-9.043613707165111,107,105,0.979563862928349,-0.19015803933143616,8.450207710266113,5.70696392969694e-05,1.108316421508789
2567,-2.9537953795379672,101,100,0.9804620462046204,-0.32069113850593567,8.295137405395508,5.660010356223211e-05,0.3037094175815582
2568,-99.21885521885523,198,196,0.9878114478114478,-0.016767341643571854,5.9612321853637695,5.660550232278183e-05,0.19235678017139435
2569,-7.631578947368418,95,83,0.8736842105263158,-0.7955368757247925,15.808089256286621,5.6718803534749895e-05,2.079906702041626
2570,-100.66834170854271,199,196,0.9833165829145729,-0.1848382204771042,5.6583356857299805,5.667589357472025e-05,0.4346611797809601
2571,-7.631578947368422,95,83,0.8736842105263158,-0.470427006483078,14.567298889160156,5.667850928148255e-05,0.4660758376121521
2572,63.95652173913043,23,20,0.8695652173913043,0.5703855156898499,43.04659652709961,5.728122778236866e-05,3.206965208053589
2573,-5.718446601941756,103,101,0.9728155339805825,-0.298421710729599,6.981072425842285,5.729258919018321e-05,0.6343746185302734
2574,-5.7021276595744705,94,83,0.8829787234042553,-0.4026654362678528,14.368311882019043,5.696776861441322e-05,0.861549973487854
2575,47.13333333333333,50,49,0.9713333333333334,-0.12715020775794983,26.04499053955078,5.694663559552282e-05,0.27785372734069824
2576,-102.70149253731344,201,198,0.9829850746268657,-0.1627015471458435,6.291264057159424,5.585726830759086e-05,0.42778369784355164
2577,-4.9158576051779965,103,102,0.98084142394822,0.18727582693099976,11.10738468170166,5.573204543907195e-05,0.10219500958919525
2578,63.95652173913043,23,20,0.8695652173913043,-1.142019510269165,71.98750305175781,5.757799226557836e-05,6.911604881286621
2579,63.95652173913043,23,20,0.8695652173913043,1.0506343841552734,53.53981399536133,5.5611882999073714e-05,3.0696499347686768
2580,47.299319727891145,49,48,0.9629931972789115,0.23018790781497955,24.170103073120117,5.552143193199299e-05,0.2991747558116913
2581,63.95652173913043,23,20,0.8695652173913043,-1.8116976022720337,41.62723159790039,5.811387745779939e-05,6.688688278198242
2582,40.95652173913044,46,40,0.8695652173913043,-0.8090091943740845,26.806076049804688,5.827829227200709e-05,1.8680171966552734
2583,-9.541666666666668,96,83,0.8645833333333334,-0.6518040895462036,13.081233024597168,5.8333527704235166e-05,0.7439706921577454
2584,49.027210884353735,49,49,0.9802721088435374,-0.7356325387954712,23.1624755859375,5.7981975260190666e-05,0.38573315739631653
2585,48.10204081632652,49,48,0.9710204081632653,-0.5202234983444214,17.42937469482422,5.7842436945065856e-05,1.7340741157531738
2586,47.62585034013605,49,48,0.9662585034013605,-0.3967822194099426,21.965805053710938,5.773670636699535e-05,0.132978156208992
2587,46.564102564102555,52,52,0.9856410256410256,-0.42473337054252625,16.701765060424805,5.782652442576364e-05,1.4676520824432373
2588,59.33333333333333,24,20,0.8333333333333334,0.05148490518331528,57.029701232910156,5.784655149909668e-05,0.868365466594696
2589,-9.54166666666666,96,83,0.8645833333333334,-0.5767210125923157,16.224428176879883,5.768274422734976e-05,1.4375507831573486
2590,40.95652173913043,46,40,0.8695652173913043,-0.02661314234137535,33.07743453979492,5.7680357713252306e-05,0.15096646547317505
2591,-105.46732026143792,204,202,0.9853267973856209,-0.36681637167930603,5.753438472747803,5.768809205619618e-05,0.6393203735351562
2592,46.46153846153846,52,52,0.9846153846153847,0.013481358997523785,22.329715728759766,5.7853285397868603e-05,2.4775502681732178
2593,-104.76026272577998,203,200,0.9823973727422003,-0.5885143280029297,8.180608749389648,5.744825102738105e-05,0.029324989765882492
2594,47.299319727891145,49,48,0.9629931972789115,0.11575570702552795,17.561925888061523,5.757347753387876e-05,1.3833134174346924
2595,43.888888888888886,45,40,0.8888888888888888,-1.1592906713485718,29.58673858642578,5.732820864068344e-05,3.3200631141662598
2596,-4.592233009708753,103,102,0.9840776699029126,-0.029327286407351494,8.327474594116211,5.722706191590987e-05,0.22329016029834747
2597,-8.93769470404985,107,106,0.9806230529595016,-0.42928773164749146,7.990888595581055,5.720931221731007e-05,0.4612102210521698
2598,46.7516339869281,51,51,0.977516339869281,0.1950666457414627,13.570928573608398,5.725900336983614e-05,0.7303692102432251
2599,47.62585034013605,49,48,0.9662585034013605,-0.6035487055778503,16.551918029785156,5.7098113757092506e-05,1.348467469215393
2600,-104.76026272577998,203,200,0.9823973727422003,-0.38771626353263855,6.035501003265381,5.705388684873469e-05,0.6438291668891907
2601,49.36879432624113,47,46,0.9636879432624114,0.4257379472255707,20.388761520385742,5.712691563530825e-05,1.3971099853515625
2602,-2.9537953795379663,101,100,0.9804620462046204,-0.2648746073246002,8.319271087646484,5.707753007300198e-05,0.5521515607833862
2603,63.95652173913043,23,20,0.8695652173913043,0.12477582693099976,55.25980758666992,5.713370774174109e-05,1.8922187089920044
2604,63.95652173913043,23,20,0.8695652173913043,-1.5031479597091675,45.12229919433594,5.8993780839955434e-05,5.836674213409424
2605,-107.9243156199678,207,206,0.990756843800322,-0.4474713206291199,6.261643886566162,5.899295865674503e-05,0.08289297670125961
2606,43.88888888888888,45,40,0.8888888888888888,-0.2518432140350342,30.967994689941406,5.905826037633233e-05,1.300349473953247
2607,40.95652173913043,46,40,0.8695652173913043,0.08118052780628204,34.01625442504883,5.905875514145009e-05,0.1612071394920349
2608,-5.718446601941748,103,101,0.9728155339805825,0.1065521091222763,10.870211601257324,5.8794837968889624e-05,0.5602568984031677
2609,40.95652173913044,46,40,0.8695652173913043,-0.16326504945755005,27.401655197143555,5.7062603445956483e-05,0.15354710817337036
2610,38.1063829787234,47,40,0.851063829787234,-0.5548256039619446,31.87395477294922,5.687334487447515e-05,0.8597086668014526
2611,-110.85964912280703,209,206,0.9814035087719298,-0.2656615972518921,6.908897876739502,5.6823981140041724e-05,0.2517646849155426
2612,-7.051282051282056,104,101,0.9694871794871794,-0.38817715644836426,7.81782341003418,5.621841046377085e-05,0.029644174501299858
2613,63.95652173913044,23,20,0.8695652173913043,0.22703862190246582,37.62504577636719,5.676756700268015e-05,2.7068400382995605
2614,46.626666666666665,50,49,0.9662666666666667,-0.4093908667564392,16.67032241821289,5.676373257301748e-05,0.35637959837913513
2615,-100.66834170854271,199,196,0.9833165829145729,0.15269920229911804,7.013288497924805,5.680024332832545e-05,0.4215306043624878
2616,46.626666666666665,50,49,0.9662666666666667,-0.24142344295978546,21.6538028717041,5.679752939613536e-05,0.9215190410614014
2617,-7.631578947368413,95,83,0.8736842105263158,-0.26157787442207336,15.510128021240234,5.678593151969835e-05,0.3712752163410187
2618,63.95652173913043,23,20,0.8695652173913043,2.144075632095337,45.004371643066406,6.088438385631889e-05,7.863683223724365
2619,-108.45893719806764,207,204,0.9854106280193237,-0.06006941571831703,7.035660743713379,6.079716331441887e-05,0.09694674611091614
2620,-105.54575163398692,204,201,0.9845424836601308,-0.12605568766593933,6.033160209655762,6.08027221460361e-05,0.040493194013834
2621,-9.541666666666664,96,83,0.8645833333333334,-0.1008094847202301,17.068775177001953,6.0936454246984795e-05,1.2114710807800293
2622,43.888888888888886,45,40,0.8888888888888888,0.1300702542066574,27.56842613220215,6.081836181692779e-05,1.1360639333724976
2623,-103.45214521452145,202,200,0.9854785478547855,-0.17213594913482666,5.313087463378906,6.07093061262276e-05,0.19697444140911102
2624,63.95652173913044,23,20,0.8695652173913043,0.8066651225090027,38.19147491455078,6.20667269686237e-05,4.47886848449707
2625,63.95652173913044,23,20,0.8695652173913043,0.4183245599269867,43.28974914550781,6.25406828476116e-05,2.8033597469329834
2626,-5.702127659574468,94,83,0.8829787234042553,-0.5603938698768616,17.285751342773438,6.268453580560163e-05,1.7715734243392944
2627,43.888888888888886,45,40,0.8888888888888888,0.049812864512205124,30.827714920043945,6.270748417591676e-05,1.0677361488342285
2628,49.027210884353735,49,49,0.9802721088435374,0.3903506398200989,22.25636100769043,6.270362791838124e-05,0.13694973289966583
2629,63.95652173913043,23,20,0.8695652173913043,-0.03541836887598038,53.115421295166016,6.276206113398075e-05,1.174734354019165
2630,49.027210884353735,49,49,0.9802721088435374,0.009023094549775124,22.622047424316406,6.277892680373043e-05,0.8429263234138489
2631,47.13333333333333,50,49,0.9713333333333334,-0.4817420542240143,21.30164909362793,6.270362064242363e-05,2.0871095657348633
2632,63.95652173913043,23,20,0.8695652173913043,0.9988741874694824,44.28628921508789,6.331833719741553e-05,4.077274322509766
2633,63.95652173913043,23,20,0.8695652173913043,-1.5709166526794434,52.387081146240234,6.4127154473681e-05,3.8465359210968018
2634,63.95652173913044,23,20,0.8695652173913043,0.32728391885757446,40.788516998291016,6.351320189423859e-05,2.253852128982544
2635,-8.937694704049848,107,106,0.9806230529595016,-0.3248763382434845,8.243978500366211,6.34699099464342e-05,0.033239640295505524
2636,-7.631578947368413,95,83,0.8736842105263158,-0.25224632024765015,14.286096572875977,6.248847785172984e-05,0.734754204750061
2637,43.88888888888888,45,40,0.8888888888888888,0.2708430886268616,27.49967384338379,6.237000343389809e-05,1.600327730178833
2638,-9.54166666666666,96,83,0.8645833333333334,-0.2791094481945038,14.049057006835938,6.238091737031937e-05,0.4589700996875763
2639,-4.592233009708751,103,102,0.9840776699029126,0.19990456104278564,8.922191619873047,6.237455090740696e-05,0.3019780218601227
2640,-7.107936507936506,105,104,0.978920634920635,-0.5491061806678772,8.895163536071777,5.8841433201450855e-05,0.893385648727417
2641,-3.359477124183011,102,101,0.9864052287581699,0.07892661541700363,7.775055885314941,5.885661448701285e-05,0.4661775231361389
2642,63.95652173913042,23,20,0.8695652173913043,-0.08087553083896637,54.59674072265625,5.890212923986837e-05,0.8655282855033875
2643,-105.54575163398694,204,201,0.9845424836601308,-0.1339332014322281,6.641961097717285,5.882508048671298e-05,0.7279112935066223
2644,63.95652173913042,23,20,0.8695652173913043,1.3004533052444458,56.083274841308594,6.0471182223409414e-05,5.260759353637695
2645,47.29931972789115,49,48,0.9629931972789115,0.8980218768119812,25.12822151184082,6.080301318434067e-05,2.2943711280822754
2646,-9.541666666666663,96,83,0.8645833333333334,-0.3892785310745239,15.99520492553711,6.085852510295808e-05,0.9791406989097595
2647,-110.85964912280703,209,206,0.9814035087719298,-0.21834085881710052,5.998157978057861,2.9791639462928288e-05,0.1076846644282341
2648,47.299319727891145,49,48,0.9629931972789115,0.30721646547317505,21.0355281829834,2.965397470688913e-05,0.325314462184906
2649,63.95652173913043,23,20,0.8695652173913043,-0.9204662442207336,51.58575439453125,3.0295630494947545e-05,3.361929178237915
2650,-109.93269230769232,208,204,0.9806730769230769,-0.6047594547271729,5.244632244110107,2.8386584745021537e-05,0.73924320936203
2651,-4.25490196078432,102,100,0.9774509803921568,0.00453902455046773,7.686248302459717,2.8449716410250403e-05,0.9456387758255005
2652,-9.541666666666664,96,83,0.8645833333333334,-0.5323777794837952,13.75197696685791,2.7870843041455373e-05,0.2915457785129547
2653,-100.66834170854271,199,196,0.9833165829145729,-0.47734811902046204,4.357239723205566,2.7820397008326836e-05,0.351546049118042
2654,40.95652173913042,46,40,0.8695652173913043,-0.3879270851612091,26.60276985168457,2.6708879886427894e-05,0.1750129610300064
2655,-99.21885521885523,198,196,0.9878114478114478,-0.353995680809021,5.169206619262695,2.6626254111761227e-05,0.40797895193099976
2656,-100.66834170854271,199,196,0.9833165829145729,-0.21664442121982574,4.722811222076416,2.6625366444932297e-05,0.33669430017471313
2657,-9.541666666666666,96,83,0.8645833333333334,-0.4118252992630005,12.978378295898438,2.6598203476169147e-05,0.13486571609973907
2658,63.95652173913042,23,20,0.8695652173913043,-0.6651602983474731,41.645118713378906,2.7477566618472338e-05,3.910618305206299
2659,40.95652173913043,46,40,0.8695652173913043,-0.5503760576248169,29.9569091796875,2.632383802847471e-05,1.4982036352157593
2660,-110.85964912280703,209,206,0.9814035087719298,-0.048739831894636154,6.1219305992126465,2.6170640921918675e-05,0.788280725479126
2661,47.62585034013605,49,48,0.9662585034013605,-0.2626679837703705,16.82010269165039,2.6163192160311155e-05,0.2978498637676239
2662,47.13333333333333,50,49,0.9713333333333334,-0.26276516914367676,22.712997436523438,2.5944853405235335e-05,0.518826961517334
2663,-7.631578947368415,95,83,0.8736842105263158,0.46077990531921387,14.725500106811523,2.59781281783944e-05,2.0179505348205566
2664,40.95652173913043,46,40,0.8695652173913043,0.0038746518548578024,29.274730682373047,2.5991155780502595e-05,0.8163922429084778
2665,59.33333333333334,24,20,0.8333333333333334,0.9523285627365112,45.88529968261719,2.6665518817026168e-05,3.34199595451355
2666,-7.631578947368415,95,83,0.8736842105263158,-0.4526636302471161,14.385957717895508,2.670401408977341e-05,1.3731242418289185
2667,63.95652173913044,23,20,0.8695652173913043,-0.046316880732774734,44.38478088378906,2.6705531126935966e-05,0.3502528667449951
2668,-102.70149253731343,201,198,0.9829850746268657,-0.3043140172958374,6.470437049865723,2.67215018538991e-05,0.6382054686546326
2669,63.95652173913042,23,20,0.8695652173913043,0.6717886924743652,44.99663162231445,2.7323018002789468e-05,3.6880791187286377
2670,63.95652173913044,23,20,0.8695652173913043,-0.10220995545387268,36.07944107055664,2.7330828743288293e-05,0.5468791127204895
2671,43.893081761006286,53,52,0.9689308176100629,0.28626880049705505,16.68027687072754,2.748025144683197e-05,1.6345115900039673
2672,-7.631578947368416,95,83,0.8736842105263158,-0.16732630133628845,15.05234146118164,2.6847690605791286e-05,0.1103658527135849
2673,46.564102564102555,52,52,0.9856410256410256,-0.31348860263824463,15.6884126663208,2.6825273380381986e-05,0.16099604964256287
2674,-7.051282051282058,104,101,0.9694871794871794,0.21269991993904114,9.32568073272705,2.682939884834923e-05,0.8952361345291138
2675,40.95652173913044,46,40,0.8695652173913043,-0.39187219738960266,34.362640380859375,2.702263736864552e-05,1.7934813499450684
2676,-105.46732026143792,204,202,0.9853267973856209,0.08777101337909698,10.641820907592773,2.7045258320868015e-05,0.7460626363754272
2677,43.88888888888889,45,40,0.8888888888888888,0.12258662283420563,32.56987762451172,2.704475264181383e-05,0.02197764441370964
2678,-3.4224422442244267,101,99,0.9757755775577558,0.1093611791729927,8.498494148254395,2.4189317628042772e-05,1.3900433778762817
2679,-4.59223300970875,103,102,0.9840776699029126,-0.03582894802093506,7.9671406745910645,2.3630809664609842e-05,0.14968863129615784
2680,-6.480769230769239,104,102,0.9751923076923077,-0.34431466460227966,10.736318588256836,2.367263732594438e-05,0.94356769323349
2681,-9.54166666666666,96,83,0.8645833333333334,-1.4354093074798584,15.405543327331543,2.159258110623341e-05,3.3841891288757324
2682,-6.480769230769237,104,102,0.9751923076923077,-0.4490625858306885,9.040143013000488,2.1357689547585323e-05,0.3405475914478302
2683,63.95652173913043,23,20,0.8695652173913043,0.6473428606987,44.80805969238281,2.1619398467009887e-05,2.2719924449920654
2684,-3.3594771241830115,102,101,0.9864052287581699,0.09529009461402893,7.5537543296813965,2.1638465113937855e-05,0.8920855522155762
2685,-108.53945249597423,207,204,0.9846054750402576,-0.5886260271072388,5.466492652893066,2.1511632439796813e-05,1.0666589736938477
2686,46.62666666666667,50,49,0.9662666666666667,-0.21240584552288055,16.009174346923828,2.151040462194942e-05,0.31511035561561584
2687,-110.85964912280703,209,206,0.9814035087719298,-0.1077442318201065,5.957064151763916,2.137937190127559e-05,0.5542097091674805
2688,46.46153846153847,52,52,0.9846153846153847,-0.2508317530155182,19.97997283935547,2.1358531739679165e-05,1.0240881443023682
2689,38.1063829787234,47,40,0.851063829787234,0.9038034081459045,29.225980758666992,2.245383984700311e-05,4.733449459075928
2690,63.95652173913044,23,20,0.8695652173913043,0.3814326226711273,53.854618072509766,2.2521540813613683e-05,0.8822047710418701
2691,-99.21885521885523,198,196,0.9878114478114478,0.20552656054496765,7.135021686553955,2.24757914111251e-05,0.39142248034477234
2692,-109.40064102564104,208,206,0.9859935897435897,-0.41021135449409485,6.449578285217285,2.220309579570312e-05,0.5756738781929016
2693,43.89308176100629,53,52,0.9689308176100629,0.3598330318927765,20.6937313079834,2.2398824512492865e-05,2.0133919715881348
2694,-108.53945249597423,207,204,0.9846054750402576,-0.24436292052268982,5.49036979675293,2.231873440905474e-05,0.013088034465909004
2695,40.95652173913043,46,40,0.8695652173913043,-0.41202986240386963,28.80133628845215,2.1724043108406477e-05,1.483729600906372
2696,40.95652173913043,46,40,0.8695652173913043,0.07269805669784546,28.761869430541992,2.1744494006270543e-05,0.8146054744720459
2697,40.95652173913042,46,40,0.8695652173913043,0.33105793595314026,32.31216049194336,2.1857214960618876e-05,1.7818427085876465
2698,-103.45214521452147,202,200,0.9854785478547855,0.020800979807972908,5.666978359222412,2.1849222321179695e-05,0.5608915090560913
2699,40.95652173913043,46,40,0.8695652173913043,-1.2684239149093628,29.483203887939453,2.3160308046499267e-05,4.634057998657227
2700,-5.317152103559881,103,101,0.9768284789644013,0.21554967761039734,10.099601745605469,2.312258402525913e-05,0.16075924038887024
2701,-7.107936507936513,105,104,0.978920634920635,-0.1847398579120636,9.65739917755127,2.304023837496061e-05,0.3972710371017456
2702,-7.0512820512820635,104,101,0.9694871794871794,0.021575341001152992,10.211522102355957,2.3023676476441324e-05,0.8171707391738892
2703,-9.043613707165113,107,105,0.979563862928349,-0.2457932084798813,9.830560684204102,2.2911121050128713e-05,0.7530709505081177
2704,40.95652173913044,46,40,0.8695652173913043,-0.5680206418037415,32.128814697265625,2.0746452719322406e-05,1.0802754163742065
2705,-7.631578947368416,95,83,0.8736842105263158,-0.03382372483611107,14.46328353881836,2.07941066037165e-05,1.210880994796753
2706,-105.54575163398694,204,201,0.9845424836601308,-0.3984889090061188,5.259125709533691,2.0690709789050743e-05,0.6213626265525818
2707,46.564102564102555,52,52,0.9856410256410256,-0.954628050327301,15.361186981201172,2.0952154955011792e-05,1.7941926717758179
2708,-7.0512820512820635,104,101,0.9694871794871794,-0.05439784750342369,8.10233211517334,2.094768024107907e-05,0.3947947919368744
2709,43.893081761006286,53,52,0.9689308176100629,0.053503915667533875,17.60358238220215,2.093720468110405e-05,0.24312713742256165
2710,40.95652173913043,46,40,0.8695652173913043,1.1890971660614014,26.45585823059082,2.2292393623501994e-05,5.120022296905518
2711,63.95652173913044,23,20,0.8695652173913043,0.592667281627655,50.19520950317383,2.2633317712461576e-05,2.7605650424957275
2712,-105.44117647058825,204,202,0.9855882352941177,-0.34879183769226074,5.815009117126465,2.2636473659076728e-05,0.042131077498197556
2713,-7.631578947368417,95,83,0.8736842105263158,-0.5113558173179626,18.50495719909668,2.2325775717035867e-05,0.4300171434879303
2714,43.60377358490567,53,52,0.9660377358490566,-1.5374284982681274,25.06288719177246,2.384938852628693e-05,4.718463897705078
2715,-103.45214521452145,202,200,0.9854785478547855,-0.3271275758743286,7.927123069763184,2.3856946427258663e-05,0.10793987661600113
2716,-9.54166666666666,96,83,0.8645833333333334,0.020467499271035194,15.095202445983887,2.3788175894878805e-05,0.848730742931366
2717,-104.76026272577998,203,200,0.9823973727422003,-0.12269816547632217,6.146413803100586,2.3776181478751823e-05,0.20204085111618042
2718,40.95652173913044,46,40,0.8695652173913043,-0.03127589449286461,34.40800476074219,2.0271201719879173e-05,0.8226127624511719
2719,-7.107936507936509,105,104,0.978920634920635,0.2309124618768692,11.408267974853516,2.0295632566558197e-05,0.9070200324058533
2720,46.733333333333334,50,49,0.9673333333333334,0.9621137976646423,21.786319732666016,2.0820527424803004e-05,3.1529548168182373
2721,47.266666666666666,50,49,0.9726666666666667,0.6043087840080261,20.847827911376953,2.0844870959990658e-05,0.9299770593643188
2722,47.299319727891145,49,48,0.9629931972789115,-0.39208635687828064,21.863847732543945,2.129750828316901e-05,2.663158893585205
2723,63.95652173913043,23,20,0.8695652173913043,0.07676678150892258,44.403343200683594,2.1306146663846448e-05,0.19235368072986603
2724,40.95652173913043,46,40,0.8695652173913043,-0.3591725826263428,26.991811752319336,2.0164578018011525e-05,0.5064361691474915
2725,-5.718446601941757,103,101,0.9728155339805825,-0.5270010232925415,8.110772132873535,1.9739540221053176e-05,0.4014820456504822
2726,-11.432989690721653,97,83,0.8556701030927835,-0.47883984446525574,14.522470474243164,1.955768675543368e-05,0.9185783267021179
2727,63.95652173913043,23,20,0.8695652173913043,-0.7896320819854736,58.67616653442383,2.0099361790926196e-05,3.070650100708008
2728,-9.541666666666664,96,83,0.8645833333333334,-0.24425673484802246,16.295429229736328,2.0231542293913662e-05,1.6120731830596924
2729,-2.9537953795379654,101,100,0.9804620462046204,-0.43247848749160767,8.363595008850098,2.018829036387615e-05,0.5084906816482544
2730,63.95652173913044,23,20,0.8695652173913043,-1.5498309135437012,54.4212646484375,2.5188186555169523e-05,8.979583740234375
2731,43.893081761006286,53,52,0.9689308176100629,-0.11498516798019409,20.126426696777344,2.498446701793e-05,1.063618779182434
2732,-8.937694704049848,107,106,0.9806230529595016,0.02413417212665081,11.18671989440918,2.3981643607839942e-05,0.38073134422302246
2733,40.95652173913043,46,40,0.8695652173913043,0.25034162402153015,28.362592697143555,2.3178190531325527e-05,1.4277437925338745
2734,-100.66834170854271,199,196,0.9833165829145729,-0.052665773779153824,8.03257942199707,2.2890992113389075e-05,0.45144662261009216
2735,46.733333333333334,50,49,0.9673333333333334,-0.40827178955078125,15.796049118041992,2.295134800078813e-05,0.9686868190765381
2736,-6.480769230769239,104,102,0.9751923076923077,-0.369010865688324,9.967583656311035,2.292905810463708e-05,0.3929747939109802
2737,-108.53945249597425,207,204,0.9846054750402576,-0.42269137501716614,4.747029781341553,2.2776042897021398e-05,0.308984637260437
2738,46.46153846153847,52,52,0.9846153846153847,-0.8115296363830566,19.579444885253906,2.2799224097980186e-05,0.7990738749504089
2739,-9.541666666666664,96,83,0.8645833333333334,-0.2428615391254425,13.433100700378418,2.2801958039053716e-05,0.3637523949146271
2740,-9.54166666666667,96,83,0.8645833333333334,-0.46163541078567505,14.031426429748535,2.2764068489777856e-05,0.3996715843677521
2741,59.333333333333336,24,20,0.8333333333333334,0.466430127620697,49.070438385009766,2.297492028446868e-05,1.8971372842788696
2742,-104.9376026272578,203,200,0.980623973727422,-0.11565174162387848,5.4416656494140625,2.293581928825006e-05,0.3840590715408325
2743,47.13333333333333,50,49,0.9713333333333334,-0.5392150282859802,21.793010711669922,2.3129538021748886e-05,1.9624114036560059
2744,-109.93269230769232,208,204,0.9806730769230769,-0.06402124464511871,5.560191631317139,2.138139825547114e-05,0.3783911466598511
2745,-8.93769470404985,107,106,0.9806230529595016,0.15251614153385162,8.949278831481934,2.1097615899634548e-05,0.9732220768928528
2746,40.95652173913043,46,40,0.8695652173913043,0.5865563750267029,29.512128829956055,2.1556694264290854e-05,2.7713985443115234
2747,48.68707482993197,49,48,0.9768707482993197,0.602098822593689,23.111682891845703,2.1717358322348446e-05,1.5450729131698608
2748,63.95652173913044,23,20,0.8695652173913043,1.7486485242843628,47.46601867675781,2.318026963621378e-05,4.847067356109619
2749,-109.93269230769232,208,204,0.9806730769230769,-0.13462483882904053,5.02708101272583,2.2484256987809204e-05,0.10062095522880554
2750,43.89308176100629,53,52,0.9689308176100629,-0.46921274065971375,15.346744537353516,2.2553311282536015e-05,1.2847814559936523
2751,-4.533980582524283,103,102,0.9846601941747573,-0.49333152174949646,9.783931732177734,2.2591671950067393e-05,1.2287931442260742
2752,40.95652173913043,46,40,0.8695652173913043,-0.5825590491294861,32.854393005371094,2.2721613277099095e-05,1.5031912326812744
2753,-105.44117647058825,204,202,0.9855882352941177,-0.2808329463005066,5.727566242218018,2.2718084437656216e-05,0.24629397690296173
2754,47.299319727891145,49,48,0.9629931972789115,-0.28806498646736145,19.310327529907227,2.2811975213699043e-05,1.274434208869934
2755,-2.815181518151827,101,100,0.9818481848184818,0.2751714885234833,7.944655418395996,2.2806523702456616e-05,0.19220125675201416
2756,-7.631578947368419,95,83,0.8736842105263158,-0.3595685064792633,15.505151748657227,2.279833825014066e-05,0.09717321395874023
2757,46.62666666666667,50,49,0.9662666666666667,0.014279191382229328,18.330095291137695,2.2963673472986557e-05,1.614933729171753
2758,-7.631578947368417,95,83,0.8736842105263158,-0.54876309633255,14.532588958740234,2.2087126126280054e-05,1.022518277168274
2759,63.95652173913043,23,20,0.8695652173913043,-0.470782071352005,44.69979476928711,2.2271624402492307e-05,2.2865190505981445
2760,-99.21885521885523,198,196,0.9878114478114478,-0.2016761302947998,4.3776140213012695,2.223315095761791e-05,0.10083284974098206
2761,-100.66834170854271,199,196,0.9833165829145729,-0.238915354013443,4.3579816818237305,2.222851981059648e-05,0.16003401577472687
2762,63.95652173913044,23,20,0.8695652173913043,0.36677563190460205,45.58783721923828,2.24502946366556e-05,2.0035240650177
2763,43.888888888888886,45,40,0.8888888888888888,-0.07843966037034988,26.897504806518555,2.222399962192867e-05,0.546750545501709
2764,-11.432989690721657,97,83,0.8556701030927835,0.0023776134476065636,15.532623291015625,2.2387102944776416e-05,1.8789547681808472
2765,-6.480769230769228,104,102,0.9751923076923077,-0.2975131571292877,9.289069175720215,2.1715402908739634e-05,0.12249478697776794
2766,63.95652173913043,23,20,0.8695652173913043,-1.619158148765564,35.40263748168945,2.3725551727693528e-05,5.8772969245910645
2767,63.95652173913043,23,20,0.8695652173913043,0.8525607585906982,46.58481216430664,2.4637045498820953e-05,3.8567895889282227
2768,-105.54575163398692,204,201,0.9845424836601308,0.0372115783393383,6.51819372177124,2.4626073354738764e-05,0.4841385781764984
2769,-9.541666666666664,96,83,0.8645833333333334,0.1852179765701294,15.671392440795898,2.3834869352867827e-05,0.8606374859809875
2770,-105.54575163398692,204,201,0.9845424836601308,0.3116716742515564,7.717681407928467,2.3822418370400555e-05,0.31996050477027893
2771,48.68707482993197,49,48,0.9768707482993197,0.21575354039669037,25.723365783691406,2.368002969888039e-05,0.688979983329773
2772,-4.915857605178003,103,102,0.98084142394822,0.35706546902656555,9.867799758911133,2.37735021073604e-05,1.2047412395477295
2773,49.02721088435374,49,49,0.9802721088435374,0.22256451845169067,20.91480827331543,2.377891905780416e-05,0.3073771297931671
2774,-8.93769470404985,107,106,0.9806230529595016,-0.01918673887848854,9.55927848815918,2.3758308088872582e-05,0.6891339421272278
2775,-5.317152103559874,103,101,0.9768284789644013,-0.005254959221929312,7.934550762176514,2.3563929062220268e-05,0.14702552556991577
2776,-3.4224422442244187,101,99,0.9757755775577558,-0.3781854510307312,9.821690559387207,2.3540202164440416e-05,0.4123479127883911
2777,49.36879432624113,47,46,0.9636879432624114,-0.4032416343688965,16.5278263092041,2.3614102246938273e-05,1.1012934446334839
2778,-6.480769230769226,104,102,0.9751923076923077,-0.521094024181366,8.40529727935791,2.350865543121472e-05,0.5500878691673279
2779,-9.541666666666666,96,83,0.8645833333333334,-0.5392917394638062,13.33493709564209,2.3519831302110106e-05,0.4326322674751282
2780,-9.541666666666671,96,83,0.8645833333333334,-0.5286720395088196,13.92469310760498,2.3485563360736705e-05,0.595658540725708
2781,-5.7021276595744705,94,83,0.8829787234042553,-0.9567897319793701,16.41108512878418,2.2944144802750088e-05,1.6078284978866577
2782,-99.21885521885523,198,196,0.9878114478114478,-0.277518093585968,4.890353202819824,2.2940028429729864e-05,0.22883543372154236
2783,-7.631578947368414,95,83,0.8736842105263158,-0.4830097258090973,14.727295875549316,2.261868394271005e-05,0.2972789704799652
2784,63.95652173913042,23,20,0.8695652173913043,-0.03540794178843498,48.41715621948242,2.2574302420252934e-05,0.34973570704460144
2785,-4.254901960784323,102,100,0.9774509803921568,0.09076634794473648,8.739594459533691,2.2518990590469912e-05,0.35979127883911133
2786,-100.66834170854271,199,196,0.9833165829145729,-0.12407175451517105,4.301821231842041,2.2522128347191028e-05,0.38206109404563904
2787,-9.54166666666666,96,83,0.8645833333333334,-0.0852002203464508,13.493244171142578,2.2564190658158623e-05,0.9586557745933533
2788,40.95652173913044,46,40,0.8695652173913043,-0.08064184337854385,26.207792282104492,2.2497308236779645e-05,0.10959801077842712
2789,-5.961538461538469,104,103,0.9803846153846154,-0.28131452202796936,9.761063575744629,2.1141142497071996e-05,1.0188027620315552
2790,-108.45893719806764,207,204,0.9854106280193237,-0.06902863085269928,4.497553825378418,2.1129993911017664e-05,0.6060914397239685
2791,40.95652173913044,46,40,0.8695652173913043,0.2572859525680542,27.28803062438965,2.1150508473510854e-05,0.6694148778915405
2792,46.56410256410256,52,52,0.9856410256410256,-0.10402234643697739,20.5438289642334,2.1244524759822525e-05,1.2817093133926392
2793,-4.915857605178003,103,102,0.98084142394822,-0.17020979523658752,8.402448654174805,2.10149482882116e-05,0.8268051147460938
2794,43.893081761006286,53,52,0.9689308176100629,-0.04266001656651497,20.560447692871094,2.1096593627589755e-05,1.2382978200912476
2795,-11.432989690721651,97,83,0.8556701030927835,0.1512448787689209,15.451854705810547,2.1032881704741158e-05,0.8937745094299316
2796,-4.592233009708748,103,102,0.9840776699029126,0.4673846662044525,13.110941886901855,2.0989342374377884e-05,0.3515111804008484
2797,40.95652173913043,46,40,0.8695652173913043,0.09119358658790588,30.602510452270508,2.0780757040483877e-05,0.2308606207370758
2798,40.95652173913043,46,40,0.8695652173913043,0.31846970319747925,28.4686222076416,2.0878813302260824e-05,1.330141305923462
2799,40.95652173913044,46,40,0.8695652173913043,-0.6157587766647339,29.753116607666016,1.9862738554365933e-05,2.14988374710083
2800,63.95652173913043,23,20,0.8695652173913043,-0.5390462279319763,41.45478439331055,2.027951632044278e-05,2.675177574157715
2801,63.95652173913043,23,20,0.8695652173913043,-0.11792653799057007,40.07284927368164,2.0285449863877147e-05,0.48849567770957947
2802,-6.480769230769239,104,102,0.9751923076923077,-0.430787056684494,8.714056968688965,2.023495289904531e-05,0.053494568914175034
2803,63.95652173913043,23,20,0.8695652173913043,-0.3288542330265045,37.51454162597656,2.0208732166793197e-05,0.20657166838645935
2804,-9.541666666666663,96,83,0.8645833333333334,-0.537182629108429,17.00641632080078,2.016253893089015e-05,0.5755412578582764
2805,47.299319727891145,49,48,0.9629931972789115,0.19821800291538239,16.412906646728516,2.007462171604857e-05,0.41995376348495483
2806,-99.21885521885523,198,196,0.9878114478114478,0.12381903827190399,6.732673168182373,2.005713940889109e-05,0.11314091086387634
2807,-5.718446601941755,103,101,0.9728155339805825,0.09690631926059723,10.407739639282227,1.9875767975463532e-05,0.14195546507835388
2808,63.95652173913043,23,20,0.8695652173913043,1.6193368434906006,53.84138107299805,2.2675976651953533e-05,6.718045234680176
2809,59.33333333333334,24,20,0.8333333333333334,-0.13409103453159332,53.29885482788086,2.26799602387473e-05,0.3667513430118561
2810,-5.702127659574468,94,83,0.8829787234042553,-0.17518125474452972,14.592643737792969,2.106455031025689e-05,0.5584708452224731
2811,40.95652173913043,46,40,0.8695652173913043,-0.8371737599372864,27.0306396484375,2.0855066395597532e-05,2.2465150356292725
2812,-5.961538461538465,104,103,0.9803846153846154,-0.189716175198555,10.268926620483398,2.0893443434033543e-05,0.6877732276916504
2813,-9.541666666666664,96,83,0.8645833333333334,-0.6761570572853088,15.671663284301758,2.0926223442074843e-05,0.9021154046058655
2814,48.68707482993197,49,48,0.9768707482993197,-0.26720237731933594,24.43772315979004,1.9641640392364934e-05,0.8686434030532837
2815,-109.93269230769232,208,204,0.9806730769230769,-0.1328439712524414,5.468800067901611,1.964731200132519e-05,0.37381893396377563
2816,47.13333333333333,50,49,0.9713333333333334,-0.5832688808441162,24.825529098510742,1.9708415493369102e-05,1.4426878690719604
2817,63.95652173913043,23,20,0.8695652173913043,0.3375295400619507,57.109230041503906,1.9722219803952612e-05,0.5794371366500854
2818,-9.541666666666657,96,83,0.8645833333333334,-0.38684722781181335,17.85150718688965,1.9818462533294223e-05,1.5434017181396484
2819,-3.422442244224419,101,99,0.9757755775577558,0.38010674715042114,11.931133270263672,1.9766441255342215e-05,0.32035741209983826
2820,-104.76026272577998,203,200,0.9823973727422003,-0.12848295271396637,5.638951301574707,1.9104447346762754e-05,0.09086309373378754
2821,63.95652173913044,23,20,0.8695652173913043,-2.3218038082122803,57.36843490600586,2.6762658308143727e-05,11.3666353225708
2822,-7.631578947368411,95,83,0.8736842105263158,-0.23842675983905792,15.324941635131836,2.6406933102407493e-05,0.14059999585151672
2823,43.88888888888888,45,40,0.8888888888888888,0.8494434952735901,30.912260055541992,2.7142088583786972e-05,3.253859043121338
2824,49.36879432624113,47,46,0.9636879432624114,-0.08364993333816528,16.558914184570312,2.7115862394566648e-05,0.04496835172176361
2825,47.26666666666666,50,49,0.9726666666666667,0.12446970492601395,19.241134643554688,2.7117348508909345e-05,0.08073171228170395
2826,40.95652173913044,46,40,0.8695652173913043,0.34331071376800537,28.35921859741211,2.7597952794167213e-05,2.8253841400146484
2827,-7.631578947368407,95,83,0.8736842105263158,-0.47965726256370544,14.688026428222656,2.7072988814325072e-05,0.015394197776913643
2828,-7.631578947368414,95,83,0.8736842105263158,-0.16360440850257874,13.8325777053833,2.69652246061014e-05,1.0072969198226929
2829,-9.541666666666663,96,83,0.8645833333333334,-0.6612753868103027,16.985919952392578,2.6979414542438462e-05,0.7452909350395203
2830,40.95652173913042,46,40,0.8695652173913043,-0.17632132768630981,27.867950439453125,2.2119085770100355e-05,0.15462882816791534
2831,-9.54166666666666,96,83,0.8645833333333334,-0.06307729333639145,14.204989433288574,2.2164278561831452e-05,1.2915496826171875
2832,63.95652173913043,23,20,0.8695652173913043,0.4561682939529419,52.41999435424805,2.2323205485008657e-05,1.6261740922927856
2833,-109.93269230769232,208,204,0.9806730769230769,-0.39174067974090576,4.314979553222656,2.2223468477022834e-05,0.7126387357711792
2834,-7.631578947368416,95,83,0.8736842105263158,-0.058372341096401215,14.878143310546875,2.2228578018257394e-05,0.4866303503513336
2835,40.95652173913043,46,40,0.8695652173913043,1.2379820346832275,31.148038864135742,2.375827716605272e-05,5.085983753204346
2836,59.33333333333334,24,20,0.8333333333333334,-0.48863521218299866,50.118045806884766,2.385940751992166e-05,1.3164335489273071
2837,-7.631578947368423,95,83,0.8736842105263158,0.07189100235700607,15.307500839233398,2.388516986684408e-05,0.7670978307723999
2838,-108.53945249597425,207,204,0.9846054750402576,-0.3907162547111511,6.714929103851318,2.3841825168346986e-05,0.13792620599269867
2839,-7.631578947368413,95,83,0.8736842105263158,-0.029199862852692604,13.761626243591309,2.383780520176515e-05,0.23305359482765198
2840,-9.54166666666666,96,83,0.8645833333333334,-0.5158111453056335,15.064496040344238,2.4080836737994105e-05,1.9939730167388916
2841,49.027210884353735,49,49,0.9802721088435374,-0.11447034776210785,19.22413444519043,2.399062577751465e-05,1.4251152276992798
2842,-103.45214521452145,202,200,0.9854785478547855,0.0008507919847033918,4.678834438323975,2.3983871869859286e-05,0.20049011707305908
2843,63.95652173913043,23,20,0.8695652173913043,-0.7234022617340088,48.1288948059082,2.4345141355297528e-05,3.117156505584717
2844,40.95652173913043,46,40,0.8695652173913043,0.6357364058494568,27.245880126953125,2.493381907697767e-05,3.1263158321380615
2845,-2.81518151815183,101,100,0.9818481848184818,0.46799319982528687,7.8408894538879395,2.4893355657695793e-05,0.5163129568099976
2846,48.10204081632652,49,48,0.9710204081632653,-0.02918078564107418,15.360029220581055,2.445776954118628e-05,0.7531135082244873
2847,-110.85964912280703,209,206,0.9814035087719298,0.049215883016586304,5.367164611816406,2.4312195819220506e-05,0.31918543577194214
2848,48.10204081632652,49,48,0.9710204081632653,0.4739467203617096,15.070107460021973,2.294497608090751e-05,1.2825078964233398
2849,46.56410256410256,52,52,0.9856410256410256,0.06641720235347748,12.830568313598633,2.3141854399000295e-05,1.737017273902893
2850,40.95652173913042,46,40,0.8695652173913043,-0.047023650258779526,28.04093360900879,2.3051523385220207e-05,0.23953431844711304
2851,63.95652173913043,23,20,0.8695652173913043,1.5124030113220215,44.18925094604492,2.4885694074328057e-05,5.592803955078125
2852,-7.107936507936506,105,104,0.978920634920635,-0.35206300020217896,7.500835418701172,2.475121436873451e-05,0.5041241645812988
2853,-105.54575163398694,204,201,0.9845424836601308,-0.21347682178020477,6.331625938415527,2.4753961042733863e-05,0.31310734152793884
2854,-7.107936507936504,105,104,0.978920634920635,-0.40569576621055603,7.998815059661865,2.465559919073712e-05,0.4990825355052948
2855,-11.432989690721655,97,83,0.8556701030927835,-0.6163632869720459,14.77416706085205,2.465575744281523e-05,0.2021576315164566
2856,-9.541666666666668,96,83,0.8645833333333334,-0.7927225828170776,11.965886116027832,2.4705690520931967e-05,0.847589373588562
2857,40.95652173913044,46,40,0.8695652173913043,0.019044194370508194,25.213186264038086,2.4806426154100336e-05,2.074563980102539
2858,40.95652173913043,46,40,0.8695652173913043,-0.3238624930381775,32.226905822753906,2.4746186682023108e-05,0.5556772351264954
2859,59.33333333333333,24,20,0.8333333333333334,-0.5729675889015198,41.90602493286133,2.4618044335511513e-05,1.7980583906173706
2860,-105.44117647058823,204,202,0.9855882352941177,0.07282058894634247,6.822036266326904,2.462001248204615e-05,0.09098213165998459
2861,40.95652173913043,46,40,0.8695652173913043,-0.24917887151241302,29.79007339477539,2.483751995896455e-05,1.803350567817688
2862,40.95652173913043,46,40,0.8695652173913043,-0.35603809356689453,30.58576774597168,2.515851883799769e-05,2.9664077758789062
2863,63.95652173913043,23,20,0.8695652173913043,-1.1610102653503418,55.47429656982422,2.7259955459157936e-05,5.881316661834717
2864,63.95652173913044,23,20,0.8695652173913043,-0.27078819274902344,51.288063049316406,2.7140529709868133e-05,1.4166055917739868
2865,-2.953795379537967,101,100,0.9804620462046204,-0.17943687736988068,7.648239612579346,2.7141510145156644e-05,0.055019818246364594
2866,40.95652173913043,46,40,0.8695652173913043,-0.05325363576412201,29.007047653198242,2.5087583708227612e-05,0.8230351209640503
2867,40.95652173913043,46,40,0.8695652173913043,-0.5311542749404907,30.571147918701172,2.4279261197079904e-05,1.528663158416748
2868,47.299319727891145,49,48,0.9629931972789115,0.4154156446456909,18.16571807861328,2.471978405083064e-05,2.641249895095825
2869,-105.44117647058825,204,202,0.9855882352941177,-0.16470542550086975,6.14359712600708,2.4699826099094935e-05,0.7788116335868835
2870,48.68707482993197,49,48,0.9768707482993197,0.6527036428451538,20.79776954650879,2.4784832930890843e-05,1.1732691526412964
2871,-107.9243156199678,207,206,0.990756843800322,-0.20974265038967133,5.73929500579834,2.476175723131746e-05,0.11775326728820801
2872,-5.961538461538467,104,103,0.9803846153846154,0.1994384527206421,12.161199569702148,2.4664830561960116e-05,0.06398241221904755
2873,-5.7021276595744705,94,83,0.8829787234042553,0.1495775282382965,17.882461547851562,2.4665479941177182e-05,0.32142361998558044
2874,40.95652173913044,46,40,0.8695652173913043,0.04814504086971283,36.9283561706543,2.4674889573361725e-05,0.9214962720870972
2875,-4.5922330097087425,103,102,0.9840776699029126,0.5088896155357361,14.998332977294922,2.4676437533344142e-05,0.250497043132782
2876,-110.85964912280703,209,206,0.9814035087719298,0.06651358306407928,8.083510398864746,2.4677468900335953e-05,0.28753042221069336
2877,63.95652173913043,23,20,0.8695652173913043,-2.2568700313568115,46.412017822265625,3.0337545467773452e-05,9.749479293823242
2878,-5.961538461538466,104,103,0.9803846153846154,-0.2515896260738373,10.61937427520752,3.033388748008292e-05,0.15876248478889465
2879,-9.541666666666663,96,83,0.8645833333333334,-0.7195241451263428,15.223485946655273,3.0313682145788334e-05,0.03229260817170143
2880,48.10204081632653,49,48,0.9710204081632653,-0.48931270837783813,17.759183883666992,3.0307470296975225e-05,0.8502045273780823
2881,-105.44117647058825,204,202,0.9855882352941177,-0.3932507336139679,5.635049819946289,3.0218639949453063e-05,0.6543996930122375
2882,40.95652173913044,46,40,0.8695652173913043,0.5912519693374634,28.387590408325195,3.087080403929576e-05,3.1412408351898193
2883,-102.70149253731344,201,198,0.9829850746268657,-0.4927368462085724,4.935088634490967,3.0875780794303864e-05,0.22365449368953705
2884,-105.44117647058825,204,202,0.9855882352941177,-0.1910303831100464,6.31449031829834,3.087449658778496e-05,0.3266340494155884
2885,-9.541666666666664,96,83,0.8645833333333334,-0.3416118323802948,14.938337326049805,3.0882736609783024e-05,0.4849291145801544
2886,46.62666666666667,50,49,0.9662666666666667,0.061066560447216034,23.836820602416992,3.0868926842231303e-05,0.03219406306743622
2887,40.95652173913043,46,40,0.8695652173913043,0.7592461705207825,31.265844345092773,3.120704786852002e-05,2.466383695602417
2888,59.333333333333336,24,20,0.8333333333333334,-0.8388273119926453,54.257991790771484,3.226202170480974e-05,4.258569717407227
2889,-9.043613707165111,107,105,0.979563862928349,-0.1548948585987091,9.98936939239502,3.222624945919961e-05,0.5787022709846497
2890,48.68707482993197,49,48,0.9768707482993197,0.8150252103805542,25.517858505249023,3.2378735340898857e-05,1.6057698726654053
2891,-2.815181518151828,101,100,0.9818481848184818,0.1388409286737442,9.323348999023438,3.234945688745938e-05,0.5436879992485046
2892,-7.631578947368411,95,83,0.8736842105263158,-0.20809032022953033,12.951605796813965,3.22620508086402e-05,0.6381686329841614
2893,-7.631578947368412,95,83,0.8736842105263158,-0.20182815194129944,16.50603675842285,3.230078800697811e-05,0.9143308997154236
2894,-3.764705882352956,102,101,0.9823529411764705,-0.31280776858329773,8.491129875183105,3.222570740035735e-05,0.04639461636543274
2895,-7.631578947368418,95,83,0.8736842105263158,-0.8797113299369812,15.207018852233887,3.2395524613093585e-05,2.080632209777832
2896,48.10204081632652,49,48,0.9710204081632653,-0.03778956085443497,15.47362232208252,3.2404266676167026e-05,0.5752370953559875
2897,-7.631578947368409,95,83,0.8736842105263158,-0.5629650950431824,14.43432903289795,3.243404717068188e-05,0.9473216533660889
2898,46.46153846153847,52,52,0.9846153846153847,-0.3442821800708771,23.502975463867188,3.2334231946151704e-05,0.965355634689331
2899,63.95652173913044,23,20,0.8695652173913043,-1.3946329355239868,41.19899368286133,3.4836521081160754e-05,6.868415355682373
2900,63.95652173913044,23,20,0.8695652173913043,-0.30339136719703674,38.64667510986328,3.453324825386517e-05,1.268667459487915
2901,40.95652173913043,46,40,0.8695652173913043,-0.1141289472579956,27.983295440673828,3.450565054663457e-05,0.45154842734336853
2902,38.10638297872341,47,40,0.851063829787234,0.24679897725582123,28.982595443725586,3.460064181126654e-05,1.0336272716522217
2903,-104.76026272577997,203,200,0.9823973727422003,-0.10805035382509232,6.409667491912842,3.460202060523443e-05,0.06311880052089691
2904,40.95652173913044,46,40,0.8695652173913043,0.41516217589378357,27.930530548095703,3.483596083242446e-05,1.7839837074279785
2905,40.95652173913043,46,40,0.8695652173913043,-0.041588738560676575,28.927947998046875,3.481610110611655e-05,0.03390716016292572
2906,40.95652173913043,46,40,0.8695652173913043,-0.2958163619041443,30.46763038635254,3.4815806429833174e-05,0.1536833941936493
2907,40.95652173913043,46,40,0.8695652173913043,-0.15305325388908386,25.740034103393555,3.483474574750289e-05,0.36622336506843567
2908,40.95652173913043,46,40,0.8695652173913043,-0.4014807939529419,26.305038452148438,3.205121902283281e-05,1.9965026378631592
2909,40.95652173913043,46,40,0.8695652173913043,0.27638542652130127,27.595264434814453,3.232429298805073e-05,1.8439351320266724
2910,63.95652173913043,23,20,0.8695652173913043,0.33633583784103394,40.06755447387695,3.2337007723981515e-05,0.6770640015602112
2911,46.46153846153847,52,52,0.9846153846153847,-0.26993533968925476,25.206987380981445,3.2169700716622174e-05,1.379272699356079
2912,47.266666666666666,50,49,0.9726666666666667,0.5683284401893616,17.97833824157715,3.2116211514221504e-05,0.33564096689224243
2913,46.564102564102555,52,52,0.9856410256410256,0.2419644147157669,14.53123950958252,3.2333893614122644e-05,1.7529922723770142
2914,-4.254901960784324,102,100,0.9774509803921568,0.3985513150691986,12.55878734588623,3.232038579881191e-05,0.2260390967130661
2915,47.13333333333333,50,49,0.9713333333333334,-0.17268262803554535,23.75559425354004,3.232118979212828e-05,0.017437949776649475
2916,40.95652173913043,46,40,0.8695652173913043,0.2925949990749359,27.721431732177734,3.237636337871663e-05,1.3654639720916748
2917,63.95652173913044,23,20,0.8695652173913043,0.7474455237388611,36.401519775390625,3.3194060961250216e-05,3.50305438041687
2918,40.95652173913044,46,40,0.8695652173913043,0.4938628375530243,27.347667694091797,3.3748347050277516e-05,3.200742244720459
2919,-108.53945249597425,207,204,0.9846054750402576,-0.6630366444587708,5.4191741943359375,3.373819345142692e-05,0.20112919807434082
2920,-7.051282051282058,104,101,0.9694871794871794,-0.42117229104042053,7.4296770095825195,3.374374864506535e-05,0.20085863769054413
2921,38.1063829787234,47,40,0.851063829787234,-0.22121506929397583,24.45295524597168,2.5841240130830556e-05,0.055883489549160004
2922,40.95652173913042,46,40,0.8695652173913043,-0.23581989109516144,30.861305236816406,2.591083466541022e-05,1.0904498100280762
2923,40.95652173913043,46,40,0.8695652173913043,-0.7876842617988586,23.484758377075195,2.5341760192532092e-05,1.1485217809677124
2924,63.95652173913042,23,20,0.8695652173913043,-0.7610236406326294,58.109153747558594,2.584602771094069e-05,2.8949851989746094
2925,63.95652173913043,23,20,0.8695652173913043,-0.6724905371665955,45.052833557128906,2.6097175577888265e-05,2.0823473930358887
2926,-4.254901960784325,102,100,0.9774509803921568,0.4669908881187439,13.223397254943848,2.5586728952475823e-05,0.3273199200630188
2927,-4.592233009708748,103,102,0.9840776699029126,0.45025521516799927,17.453388214111328,2.5598737920518033e-05,0.546044647693634
2928,-104.76026272577998,203,200,0.9823973727422003,0.15029868483543396,10.170205116271973,2.5530032871756703e-05,0.24103786051273346
2929,40.95652173913044,46,40,0.8695652173913043,0.271312415599823,47.00680160522461,2.562510417192243e-05,1.505855679512024
2930,43.60377358490566,53,52,0.9660377358490566,0.9402369856834412,41.12295150756836,2.5664005079306662e-05,0.6850558519363403
2931,-7.051282051282064,104,101,0.9694871794871794,-0.04249221086502075,12.119544982910156,2.5555698812240735e-05,0.5883688926696777
2932,-3.4224422442244276,101,99,0.9757755775577558,-0.04899364709854126,11.802875518798828,2.5383540560142137e-05,0.6977604031562805
2933,-5.718446601941755,103,101,0.9728155339805825,-0.14753910899162292,7.699014663696289,2.5370985895278864e-05,0.20182539522647858
2934,46.46153846153846,52,52,0.9846153846153847,-0.43564295768737793,23.121843338012695,2.5346695110783912e-05,0.1867615133523941
2935,-7.6315789473684195,95,83,0.8736842105263158,-0.8485977053642273,13.300610542297363,2.36673131439602e-05,0.8305584192276001
2936,-5.96153846153846,104,103,0.9803846153846154,-0.3982943296432495,11.87768840789795,2.360978578508366e-05,0.36842218041419983
2937,-5.702127659574467,94,83,0.8829787234042553,-0.9389687180519104,15.026106834411621,2.3573838916490786e-05,0.7833001017570496
2938,63.95652173913044,23,20,0.8695652173913043,0.749216616153717,44.10749053955078,2.4213215510826558e-05,3.0485384464263916
2939,-7.631578947368414,95,83,0.8736842105263158,-0.4740947186946869,12.158470153808594,2.4269807909149677e-05,0.8686596155166626
2940,47.26666666666666,50,49,0.9726666666666667,-0.38673752546310425,20.278635025024414,2.433259396639187e-05,2.2546637058258057
2941,-1.4466666666666659,100,99,0.9855333333333334,-0.34891387820243835,8.762171745300293,2.431721441098489e-05,1.0043779611587524
2942,-6.480769230769235,104,102,0.9751923076923077,-0.4481324553489685,8.184233665466309,2.4321874661836773e-05,0.2963027358055115
2943,63.95652173913044,23,20,0.8695652173913043,0.2694501578807831,48.20534133911133,2.37820167967584e-05,0.28029343485832214
2944,63.95652173913043,23,20,0.8695652173913043,0.11907724291086197,46.079200744628906,2.3130103727453388e-05,0.2512228190898895
2945,63.95652173913043,23,20,0.8695652173913043,0.5388891100883484,45.969608306884766,2.3413831513607875e-05,2.1056466102600098
2946,-7.107936507936509,105,104,0.978920634920635,-0.5415033102035522,9.443696022033691,2.3389948182739317e-05,0.054528769105672836
2947,-9.54166666666666,96,83,0.8645833333333334,-0.5514988899230957,16.23746109008789,2.3394390154862776e-05,0.4557673931121826
2948,47.299319727891145,49,48,0.9629931972789115,0.02054746262729168,17.74335289001465,2.3279273591469973e-05,0.22451625764369965
2949,-103.45214521452145,202,200,0.9854785478547855,-0.4687657654285431,7.258673191070557,2.3068034352036193e-05,0.18025469779968262
2950,59.333333333333336,24,20,0.8333333333333334,1.7744131088256836,43.1471061706543,2.6680023438530043e-05,7.55103874206543
2951,-7.10793650793651,105,104,0.978920634920635,-0.47003528475761414,8.794824600219727,2.4694911189726554e-05,0.6414589881896973
2952,-7.0512820512820635,104,101,0.9694871794871794,-0.12471980601549149,10.332215309143066,2.4674931410118006e-05,0.1625337302684784
2953,-7.631578947368412,95,83,0.8736842105263158,-0.11715561151504517,18.260400772094727,2.4683175070094876e-05,0.2645229399204254
2954,-4.915857605178,103,102,0.98084142394822,-0.017970139160752296,8.572833061218262,2.4662394935148768e-05,0.41266992688179016
2955,46.62666666666667,50,49,0.9662666666666667,-0.0759890154004097,19.60271453857422,2.4666025637998246e-05,0.278433620929718
2956,63.95652173913044,23,20,0.8695652173913043,-0.45988646149635315,39.58177185058594,2.471768129908014e-05,1.300219178199768
2957,-2.953795379537965,101,100,0.9804620462046204,-0.3565607964992523,7.582951068878174,2.441178003209643e-05,0.35816535353660583
2958,-9.043613707165113,107,105,0.979563862928349,0.0488320030272007,8.179763793945312,2.4466060494887643e-05,1.015625238418579
2959,63.95652173913043,23,20,0.8695652173913043,-0.5784338712692261,43.6290397644043,2.450389183650259e-05,1.9768800735473633
2960,-9.541666666666668,96,83,0.8645833333333334,-0.6706191301345825,14.061565399169922,2.460488030919805e-05,1.4616855382919312
2961,-105.54575163398692,204,201,0.9845424836601308,0.23388752341270447,6.550901412963867,2.454702371323947e-05,1.1435705423355103
2962,-105.4673202614379,204,202,0.9853267973856209,0.14704075455665588,6.883288383483887,2.4080107323243283e-05,0.5088834762573242
2963,47.13333333333333,50,49,0.9713333333333334,0.16185230016708374,21.71306800842285,2.2082667783251964e-05,0.9893129467964172
2964,-7.631578947368415,95,83,0.8736842105263158,-0.24672220647335052,23.462129592895508,2.206064891652204e-05,1.2787256240844727
2965,63.95652173913043,23,20,0.8695652173913043,-0.41284239292144775,65.35784149169922,2.3183511075330898e-05,4.34393310546875
2966,-7.631578947368419,95,83,0.8736842105263158,-0.269510954618454,21.134843826293945,2.3175543901743367e-05,0.7281191945075989
2967,-7.107936507936509,105,104,0.978920634920635,0.09786621481180191,10.769124031066895,2.328530536033213e-05,1.8951462507247925
2968,49.36879432624113,47,46,0.9636879432624114,-0.08009501546621323,19.3446102142334,2.2831332898931578e-05,0.12129822373390198
2969,40.95652173913042,46,40,0.8695652173913043,-0.16563889384269714,28.144298553466797,2.2867210645927116e-05,0.9568255543708801
2970,47.299319727891145,49,48,0.9629931972789115,-0.6158244013786316,16.948345184326172,2.2971244106884114e-05,1.894477128982544
2971,-4.2549019607843235,102,100,0.9774509803921568,-0.16478082537651062,7.298095703125,2.2987516786088236e-05,0.45877787470817566
2972,63.95652173913044,23,20,0.8695652173913043,0.06821884214878082,31.300615310668945,2.322818363609258e-05,1.8940649032592773
2973,-99.21885521885523,198,196,0.9878114478114478,-0.44192391633987427,5.014932632446289,2.3221266019390896e-05,0.3071330189704895
2974,-3.764705882352954,102,101,0.9823529411764705,-0.09826772660017014,7.156777381896973,2.3214184693642892e-05,0.6959795355796814
2975,-4.254901960784313,102,100,0.9774509803921568,-0.1188749149441719,7.826886177062988,2.323166154383216e-05,0.6330578923225403
2976,-9.043613707165107,107,105,0.979563862928349,-0.058927908539772034,7.736717224121094,2.3249533114722e-05,0.5757838487625122
2977,40.95652173913043,46,40,0.8695652173913043,-0.08360712230205536,25.755868911743164,1.7431786545785144e-05,0.49057596921920776
2978,-5.961538461538468,104,103,0.9803846153846154,-0.026407860219478607,11.259053230285645,1.7433219909435138e-05,0.23060211539268494
2979,63.95652173913044,23,20,0.8695652173913043,0.3478381335735321,54.071773529052734,1.763580075930804e-05,1.8572992086410522
2980,-5.702127659574476,94,83,0.8829787234042553,-0.3690003752708435,14.280192375183105,1.760671875672415e-05,0.5336167812347412
2981,-7.631578947368414,95,83,0.8736842105263158,0.012628857046365738,15.435107231140137,1.765189335856121e-05,1.1012074947357178
2982,-4.592233009708749,103,102,0.9840776699029126,0.04476174712181091,8.459860801696777,1.7083999409805983e-05,0.5873656868934631
2983,63.95652173913043,23,20,0.8695652173913043,0.03726961091160774,46.818336486816406,1.7094916984206066e-05,0.4492790400981903
2984,-9.54166666666666,96,83,0.8645833333333334,-0.43142613768577576,15.38510799407959,1.7092259440687485e-05,0.22244709730148315
2985,-105.54575163398694,204,201,0.9845424836601308,0.0009175186860375106,6.207769393920898,1.7121798009611666e-05,0.8504554629325867
2986,48.68707482993197,49,48,0.9768707482993197,0.15287649631500244,23.780494689941406,1.7138083421741612e-05,0.5035167932510376
2987,-7.631578947368422,95,83,0.8736842105263158,0.2029881626367569,16.29248809814453,1.6897400200832635e-05,1.4730321168899536
2988,-2.8151815181518254,101,100,0.9818481848184818,0.5740923881530762,8.138232231140137,1.5785752111696638e-05,0.5566059947013855
2989,49.02721088435374,49,49,0.9802721088435374,0.4518047571182251,23.072044372558594,1.5819803593331017e-05,1.0312798023223877
2990,-9.04361370716511,107,105,0.979563862928349,0.039591677486896515,8.703627586364746,1.5708177670603618e-05,0.7270670533180237
2991,46.75163398692809,51,51,0.977516339869281,0.10750635713338852,23.56831169128418,1.5875124518061057e-05,1.7108211517333984
2992,47.26666666666666,50,49,0.9726666666666667,0.3238668739795685,23.995622634887695,1.5899557183729485e-05,0.8620891571044922
2993,40.95652173913043,46,40,0.8695652173913043,0.08504331111907959,31.221006393432617,1.5848982002353296e-05,0.02099173702299595
2994,-2.8151815181518294,101,100,0.9818481848184818,0.18735192716121674,6.807637691497803,1.58759157784516e-05,0.6692172288894653
2995,63.95652173913043,23,20,0.8695652173913043,-0.18125618994235992,42.7105598449707,1.560996679472737e-05,0.28412744402885437
2996,-105.46732026143792,204,202,0.9853267973856209,-0.5191922187805176,5.450568675994873,1.5587440429953858e-05,0.010211149230599403
2997,-1.4466666666666672,100,99,0.9855333333333334,-0.5434561371803284,9.613123893737793,1.5530995369772427e-05,0.19393157958984375
2998,-4.533980582524281,103,102,0.9846601941747573,-0.7526171207427979,8.508156776428223,1.5485682524740696e-05,0.48786288499832153
2999,-9.541666666666659,96,83,0.8645833333333334,-0.7363069653511047,15.613566398620605,1.2512620742199942e-05,0.30844399333000183
3000,63.95652173913044,23,20,0.8695652173913043,0.41679584980010986,41.75419235229492,1.274954411201179e-05,2.5493862628936768
3001,-7.631578947368412,95,83,0.8736842105263158,-0.6301056146621704,14.085301399230957,1.2730560229101684e-05,0.093439482152462
3002,-109.40064102564104,208,206,0.9859935897435897,-0.5868216753005981,5.714519500732422,1.2691357369476464e-05,0.21944834291934967
3003,40.95652173913043,46,40,0.8695652173913043,-0.6011606454849243,28.22867774963379,1.2941762179252692e-05,1.8881778717041016
3004,40.95652173913044,46,40,0.8695652173913043,-0.5871641039848328,28.207805633544922,1.2930913726449944e-05,1.5060278177261353
3005,48.68707482993197,49,48,0.9768707482993197,-0.16516882181167603,20.276172637939453,1.3237658095022198e-05,2.146993398666382
3006,49.36879432624113,47,46,0.9636879432624114,-0.19925659894943237,15.580583572387695,1.3383500117924996e-05,1.4870209693908691
3007,-4.9158576051780045,103,102,0.98084142394822,-0.11926893889904022,7.366308689117432,1.337779303867137e-05,0.0986994057893753
3008,38.1063829787234,47,40,0.851063829787234,0.5558097958564758,28.289949417114258,1.3790083357889671e-05,3.4052348136901855
3009,63.95652173913043,23,20,0.8695652173913043,0.8197064399719238,47.5426025390625,1.4735812328581233e-05,4.403224468231201
3010,40.95652173913042,46,40,0.8695652173913043,-1.0222787857055664,31.517658233642578,1.5620094927726313e-05,3.7142179012298584
3011,-7.631578947368417,95,83,0.8736842105263158,-0.47089093923568726,14.932938575744629,1.560491364216432e-05,1.2931418418884277
3012,63.95652173913043,23,20,0.8695652173913043,-0.8347980976104736,53.83246612548828,1.605703255336266e-05,2.6581385135650635
3013,-2.953795379537966,101,100,0.9804620462046204,-0.023262662813067436,7.6267828941345215,1.590081592439674e-05,0.6239141821861267
3014,-105.54575163398694,204,201,0.9845424836601308,0.04013077914714813,6.171546459197998,1.590458123246208e-05,0.24141159653663635
3015,63.95652173913043,23,20,0.8695652173913043,2.055457830429077,38.55943298339844,1.9503570001688786e-05,7.737777233123779
3016,63.95652173913043,23,20,0.8695652173913043,0.8606177568435669,51.2234001159668,2.0191755538689904e-05,3.7026774883270264
3017,48.10204081632652,49,48,0.9710204081632653,-0.3401974141597748,15.850708961486816,1.9786051780101843e-05,2.0632596015930176
3018,63.95652173913043,23,20,0.8695652173913043,0.10015569627285004,45.36130142211914,1.9452969354460947e-05,2.153836250305176
3019,46.626666666666665,50,49,0.9662666666666667,-0.5460105538368225,18.20833396911621,1.946076372405514e-05,0.369904100894928
3020,-107.9243156199678,207,206,0.990756843800322,-0.4322241544723511,6.271801948547363,1.9479244656395167e-05,0.47472214698791504
3021,-9.043613707165111,107,105,0.979563862928349,0.10707180947065353,8.441696166992188,1.9483510186546482e-05,0.34766289591789246
3022,59.333333333333336,24,20,0.8333333333333334,0.637126088142395,52.72296905517578,1.954541221493855e-05,1.5052169561386108
3023,-102.70149253731344,201,198,0.9829850746268657,-0.2824401259422302,6.39968204498291,1.952225466084201e-05,0.9860742092132568
3024,-104.1881188118812,202,198,0.9781188118811881,-0.20552286505699158,5.953338146209717,1.8979253582074307e-05,0.3165598213672638
3025,-109.93269230769232,208,204,0.9806730769230769,0.05287254601716995,5.857693195343018,1.869363222795073e-05,0.6372528076171875
3026,46.62666666666667,50,49,0.9662666666666667,-0.2076287567615509,16.7852725982666,1.870837513706647e-05,0.6670619249343872
3027,-100.66834170854271,199,196,0.9833165829145729,-0.1918104737997055,5.0619049072265625,1.8679711502045393e-05,0.013151912949979305
3028,-102.70149253731344,201,198,0.9829850746268657,-0.41758468747138977,5.194014072418213,1.8682836525840685e-05,0.09205827862024307
3029,-7.631578947368414,95,83,0.8736842105263158,-0.39310842752456665,12.50361442565918,1.8531087334849872e-05,0.719144880771637
3030,43.888888888888886,45,40,0.8888888888888888,-0.30926191806793213,24.93653106689453,1.8535920389695093e-05,0.7564815878868103
3031,-105.54575163398692,204,201,0.9845424836601308,-0.35355836153030396,5.901677131652832,1.8501397789805196e-05,0.025210775434970856
3032,-8.937694704049854,107,106,0.9806230529595016,-0.4537288546562195,8.49572467803955,1.8454669771017507e-05,0.05809761583805084
3033,48.68707482993197,49,48,0.9768707482993197,-0.33372798562049866,20.947296142578125,1.8719016225077212e-05,1.8963587284088135
3034,46.75163398692809,51,51,0.977516339869281,-0.4106569290161133,14.553523063659668,1.8971208191942424e-05,1.895897388458252
3035,-7.6315789473684115,95,83,0.8736842105263158,-0.21900922060012817,15.233651161193848,1.8922606614069082e-05,0.2660796344280243
3036,40.95652173913043,46,40,0.8695652173913043,-0.1004408597946167,29.07339096069336,1.895377499749884e-05,0.5960841178894043
3037,40.95652173913043,46,40,0.8695652173913043,-0.11786814033985138,30.61638832092285,1.901004543469753e-05,1.1883491277694702
3038,40.95652173913044,46,40,0.8695652173913043,0.08921763300895691,29.794689178466797,1.8483546227798797e-05,0.06078694015741348
3039,48.68707482993197,49,48,0.9768707482993197,-0.26870018243789673,23.055477142333984,1.9016864825971425e-05,2.9527218341827393
3040,63.95652173913044,23,20,0.8695652173913043,0.49558335542678833,56.339805603027344,1.9262006389908493e-05,3.1835575103759766
3041,47.62585034013605,49,48,0.9662585034013605,-0.19160190224647522,15.844104766845703,1.9261520719737746e-05,0.998881995677948
3042,59.33333333333334,24,20,0.8333333333333334,-1.353320598602295,34.95872497558594,2.12797549465904e-05,5.630813121795654
3043,-103.45214521452145,202,200,0.9854785478547855,0.08491002768278122,5.83308744430542,2.127763036696706e-05,0.17321544885635376
3044,63.95652173913043,23,20,0.8695652173913043,0.4296289086341858,52.67280578613281,2.1309064322849736e-05,0.8544114828109741
3045,-108.53945249597425,207,204,0.9846054750402576,-0.3346739113330841,5.190248489379883,2.1071791707072407e-05,0.5021899938583374
3046,40.95652173913043,46,40,0.8695652173913043,0.5018833875656128,25.392498016357422,2.1353987904149108e-05,2.2048897743225098
3047,40.95652173913044,46,40,0.8695652173913043,0.165800541639328,25.98974609375,2.146317456208635e-05,1.5188417434692383
3048,-9.541666666666655,96,83,0.8645833333333334,-0.29964959621429443,14.16506576538086,2.1464469682541676e-05,0.10599588602781296
3049,48.10204081632652,49,48,0.9710204081632653,-0.113648422062397,16.339384078979492,2.146469159924891e-05,0.021387917920947075
3050,-9.541666666666664,96,83,0.8645833333333334,-0.30715879797935486,14.099180221557617,1.8006992831942625e-05,0.37636566162109375
3051,-7.631578947368416,95,83,0.8736842105263158,-0.7049030661582947,14.517172813415527,1.8329648810322396e-05,2.3770627975463867
3052,63.95652173913044,23,20,0.8695652173913043,0.7194851040840149,36.871463775634766,1.8467519112164155e-05,1.5023903846740723
3053,40.95652173913044,46,40,0.8695652173913043,-0.18296411633491516,28.134782791137695,1.8511573216528632e-05,0.8881511092185974
3054,40.95652173913042,46,40,0.8695652173913043,0.48193085193634033,28.34922981262207,1.8673807062441483e-05,1.6781412363052368
3055,-7.631578947368423,95,83,0.8736842105263158,-0.14306919276714325,15.653169631958008,1.867876017058734e-05,0.38006100058555603
3056,40.95652173913044,46,40,0.8695652173913043,0.062307026237249374,31.401060104370117,1.857412644312717e-05,0.18706992268562317
3057,49.36879432624113,47,46,0.9636879432624114,0.5488585233688354,14.515357971191406,1.874180816230364e-05,1.7274811267852783
3058,43.893081761006286,53,52,0.9689308176100629,-0.12216757982969284,17.62618637084961,1.8804579667630605e-05,1.3796451091766357
3059,40.95652173913044,46,40,0.8695652173913043,0.05866370350122452,27.70496940612793,1.8558102965471335e-05,0.1881539225578308
3060,-4.254901960784325,102,100,0.9774509803921568,0.13368479907512665,9.609076499938965,1.846770646807272e-05,0.8499586582183838
3061,63.95652173913043,23,20,0.8695652173913043,0.07780078798532486,32.89308166503906,1.8397196981823072e-05,0.23321449756622314
3062,43.888888888888886,45,40,0.8888888888888888,-0.3350171446800232,27.562026977539062,1.8626715245773084e-05,1.9706745147705078
3063,46.75163398692809,51,51,0.977516339869281,0.263995498418808,13.971226692199707,1.8775330318021588e-05,1.847082257270813
3064,-102.70149253731344,201,198,0.9829850746268657,-0.4917607605457306,4.281623363494873,1.8683482267078944e-05,0.4241008758544922
3065,-100.66834170854271,199,196,0.9833165829145729,-0.3307790160179138,4.211014747619629,1.750905539665837e-05,0.40116363763809204
3066,-5.961538461538465,104,103,0.9803846153846154,-0.14500796794891357,8.791366577148438,1.7469983504270203e-05,0.09015742689371109
3067,-11.432989690721655,97,83,0.8556701030927835,-0.827625572681427,15.228716850280762,1.73818498296896e-05,1.3401111364364624
3068,-4.9158576051780045,103,102,0.98084142394822,-0.16209757328033447,7.345402717590332,1.7380842109560035e-05,0.14238302409648895
3069,-7.631578947368421,95,83,0.8736842105263158,-0.6848686933517456,14.904431343078613,1.745929694152437e-05,1.4286643266677856
3070,-5.718446601941755,103,101,0.9728155339805825,0.017858413979411125,7.848242282867432,1.7254636986763217e-05,0.6553099751472473
3071,-7.107936507936509,105,104,0.978920634920635,-0.19102324545383453,7.491189956665039,1.7277214283240028e-05,0.7787907123565674
3072,63.95652173913042,23,20,0.8695652173913043,0.05695972591638565,42.10030746459961,1.706711009319406e-05,0.15404391288757324
3073,-5.961538461538467,104,103,0.9803846153846154,-0.03334800899028778,9.261301040649414,1.7062009646906517e-05,0.20523300766944885
3074,-9.54166666666666,96,83,0.8645833333333334,-0.4278980791568756,13.396499633789062,1.7037078578141518e-05,0.17563402652740479
3075,-3.4224422442244244,101,99,0.9757755775577558,-0.19774623215198517,8.42320442199707,1.7026290151989087e-05,0.48275139927864075
3076,-7.631578947368414,95,83,0.8736842105263158,-0.21891918778419495,14.442533493041992,1.7028991351253353e-05,0.6142509579658508
3077,40.95652173913043,46,40,0.8695652173913043,-0.09824094921350479,27.984989166259766,1.7017635400407016e-05,0.20649659633636475
3078,59.33333333333334,24,20,0.8333333333333334,0.5799323320388794,42.21204376220703,1.7360192941850983e-05,2.399725914001465
3079,63.95652173913044,23,20,0.8695652173913043,-1.1927525997161865,41.3086051940918,1.882336255221162e-05,5.202769756317139
3080,-8.937694704049852,107,106,0.9806230529595016,0.12736180424690247,10.348960876464844,1.8810484107234515e-05,0.20604419708251953
3081,-9.541666666666664,96,83,0.8645833333333334,-0.483235627412796,15.389892578125,1.903455995488912e-05,2.2557451725006104
3082,40.95652173913043,46,40,0.8695652173913043,0.3291400074958801,31.568140029907227,1.902984695334453e-05,0.5103858709335327
3083,63.95652173913044,23,20,0.8695652173913043,-0.3507280647754669,64.33180236816406,1.9904706277884543e-05,3.856008291244507
3084,-3.7647058823529553,102,101,0.9823529411764705,0.17060315608978271,9.725408554077148,1.9908959075110033e-05,0.38227781653404236
3085,-11.432989690721653,97,83,0.8556701030927835,-0.16102683544158936,15.802815437316895,1.985428752959706e-05,0.06685454398393631
3086,-105.44117647058823,204,202,0.9855882352941177,0.2052716314792633,4.88850736618042,1.9851464458042756e-05,0.2581041157245636
3087,43.888888888888886,45,40,0.8888888888888888,-0.21653272211551666,38.02259826660156,1.9746958059840836e-05,0.9852210879325867
3088,46.75163398692809,51,51,0.977516339869281,0.1065102145075798,14.66662311553955,1.981815876206383e-05,1.154718279838562
3089,-104.1881188118812,202,198,0.9781188118811881,-0.06880371272563934,5.820283889770508,1.9768574929912575e-05,0.595268726348877
3090,47.266666666666666,50,49,0.9726666666666667,0.16301533579826355,18.742965698242188,1.9748666090890765e-05,0.350300133228302
3091,40.95652173913044,46,40,0.8695652173913043,-0.36834514141082764,30.801939010620117,1.9839948436128907e-05,2.121023416519165
3092,43.888888888888886,45,40,0.8888888888888888,-0.42200636863708496,28.708200454711914,1.990021155506838e-05,1.3542909622192383
3093,40.95652173913043,46,40,0.8695652173913043,-0.4072549045085907,27.09160614013672,2.0006862541777082e-05,1.44804048538208
3094,47.13333333333333,50,49,0.9713333333333334,-0.08297988772392273,21.133684158325195,1.9984701793873683e-05,0.3998442590236664
3095,40.95652173913044,46,40,0.8695652173913043,-0.8461818099021912,27.599763870239258,2.03878189495299e-05,2.7081241607666016
3096,48.68707482993197,49,48,0.9768707482993197,0.059206489473581314,20.119009017944336,2.0390360077726655e-05,0.41336068511009216
3097,-9.54166666666666,96,83,0.8645833333333334,-1.4819443225860596,13.21971607208252,2.133085399691481e-05,4.089183330535889
3098,40.95652173913043,46,40,0.8695652173913043,-0.8105332851409912,27.942569732666016,2.164149918826297e-05,2.473930835723877
3099,43.888888888888886,45,40,0.8888888888888888,-0.9448879361152649,31.264686584472656,2.1988220396451652e-05,2.670375347137451
3100,-102.70149253731344,201,198,0.9829850746268657,-0.3002036511898041,4.366613388061523,2.151608350686729e-05,0.23287662863731384
3101,63.95652173913043,23,20,0.8695652173913043,-0.6632280349731445,37.882057189941406,2.16010394069599e-05,1.4705122709274292
3102,40.95652173913043,46,40,0.8695652173913043,0.13985085487365723,28.13241195678711,2.1674995878129266e-05,0.8144139647483826
3103,38.10638297872341,47,40,0.851063829787234,0.015348085202276707,29.691537857055664,2.1514055333682336e-05,0.1769035905599594
3104,59.333333333333336,24,20,0.8333333333333334,0.43824315071105957,43.19178009033203,2.1513193132705055e-05,1.004012107849121
3105,-6.480769230769239,104,102,0.9751923076923077,-0.28158286213874817,8.120025634765625,2.1296740669640712e-05,0.6390966773033142
3106,46.73333333333333,50,49,0.9673333333333334,-0.21545401215553284,16.31707763671875,2.1208876205491833e-05,0.650442898273468
3107,-9.541666666666664,96,83,0.8645833333333334,-0.43518421053886414,15.779027938842773,2.124224920407869e-05,1.018951416015625
3108,46.62666666666667,50,49,0.9662666666666667,0.007903862744569778,16.2413272857666,2.048692294920329e-05,0.7652233839035034
3109,43.88888888888888,45,40,0.8888888888888888,1.7968499660491943,27.754825592041016,2.3207468984765e-05,7.8697285652160645
3110,-9.541666666666664,96,83,0.8645833333333334,0.04646432772278786,12.655163764953613,2.2497612008010037e-05,0.7445613145828247
3111,-8.937694704049845,107,106,0.9806230529595016,-0.3657605051994324,9.29793643951416,2.2569623979507014e-05,1.7296870946884155
3112,-6.480769230769237,104,102,0.9751923076923077,-0.18503426015377045,8.587876319885254,2.221397153334692e-05,0.8286985158920288
3113,40.95652173913043,46,40,0.8695652173913043,1.222678303718567,29.199298858642578,2.3614740712218918e-05,4.6920857429504395
3114,-3.7647058823529553,102,101,0.9823529411764705,-0.002640747232362628,7.739679336547852,2.3618151317350566e-05,0.15357860922813416
3115,-7.631578947368412,95,83,0.8736842105263158,-0.4782774746417999,13.242280960083008,1.9821607565972954e-05,0.9835814833641052
3116,-108.53945249597425,207,204,0.9846054750402576,-0.2379043698310852,3.7522125244140625,1.889443774416577e-05,0.33879539370536804
3117,-2.9537953795379672,101,100,0.9804620462046204,-0.44288086891174316,8.384736061096191,1.8686776456888765e-05,0.33245694637298584
3118,63.95652173913044,23,20,0.8695652173913043,0.931613028049469,35.37794494628906,1.9231183614465408e-05,3.588480234146118
3119,46.626666666666665,50,49,0.9662666666666667,-0.4327181577682495,17.736549377441406,1.9235132640460506e-05,0.1067686527967453
3120,40.95652173913043,46,40,0.8695652173913043,-1.6061890125274658,28.059877395629883,2.121167017321568e-05,5.893011093139648
3121,-102.70149253731344,201,198,0.9829850746268657,-0.29683786630630493,4.225564479827881,2.1189931430853903e-05,0.162735715508461
3122,-7.631578947368412,95,83,0.8736842105263158,-0.7855240702629089,14.137832641601562,2.1078094505355693e-05,1.426876425743103
3123,-108.45893719806763,207,204,0.9854106280193237,-0.18354226648807526,4.108100891113281,2.105124258378055e-05,0.030476244166493416
3124,48.10204081632652,49,48,0.9710204081632653,-0.31579992175102234,14.18524169921875,2.130742541339714e-05,2.324849843978882
3125,40.95652173913043,46,40,0.8695652173913043,0.053084153681993484,21.696224212646484,2.1299769286997616e-05,0.5680962204933167
3126,63.95652173913043,23,20,0.8695652173913043,0.6210598349571228,37.716705322265625,2.1551848476519808e-05,1.9478123188018799
3127,-11.432989690721653,97,83,0.8556701030927835,-0.31752142310142517,14.5997896194458,2.15729287447175e-05,0.3733676075935364
3128,47.26666666666666,50,49,0.9726666666666667,-0.05926103889942169,18.997230529785156,2.168205719499383e-05,1.63267982006073
3129,49.02721088435374,49,49,0.9802721088435374,-0.0542413666844368,16.749401092529297,2.1626070520142093e-05,0.6687715649604797
3130,63.95652173913044,23,20,0.8695652173913043,0.42357274889945984,43.2114143371582,2.1645888409693725e-05,0.8981006145477295
3131,-104.9376026272578,203,200,0.980623973727422,-0.148584246635437,4.475212097167969,2.1643914806190878e-05,0.026902083307504654
3132,46.62666666666667,50,49,0.9662666666666667,-0.6616756916046143,15.857850074768066,2.1795163775095716e-05,1.9294894933700562
3133,-9.541666666666664,96,83,0.8645833333333334,-0.44291701912879944,14.883146286010742,2.165130354114808e-05,0.07618328928947449
3134,63.95652173913043,23,20,0.8695652173913043,0.22052697837352753,41.160037994384766,2.1698962882510386e-05,1.538709282875061
3135,-108.53945249597425,207,204,0.9846054750402576,-0.276578426361084,3.9372141361236572,2.170620791730471e-05,0.0706334114074707
3136,47.299319727891145,49,48,0.9629931972789115,-0.11995769292116165,18.575847625732422,2.1751662643509917e-05,1.191082239151001
3137,-105.54575163398694,204,201,0.9845424836601308,-0.1000436320900917,5.372867107391357,2.1704980099457316e-05,0.02033030241727829
3138,63.95652173913043,23,20,0.8695652173913043,-0.267471581697464,43.60416030883789,2.1798619854962453e-05,1.5496692657470703
3139,40.95652173913043,46,40,0.8695652173913043,-0.2937278151512146,26.51401138305664,2.135451177309733e-05,0.1892089992761612
3140,40.95652173913044,46,40,0.8695652173913043,-0.21565240621566772,23.922840118408203,2.0620553186745383e-05,0.4174659550189972
3141,-9.541666666666668,96,83,0.8645833333333334,-1.847996473312378,16.881824493408203,2.2390759113477543e-05,5.843480587005615
3142,-2.9537953795379677,101,100,0.9804620462046204,-0.5265364050865173,14.544835090637207,2.0663710529333912e-05,0.5492557287216187
3143,40.95652173913044,46,40,0.8695652173913043,-0.2588514983654022,33.75176239013672,2.065122862404678e-05,0.4850398302078247
3144,-7.631578947368425,95,83,0.8736842105263158,0.19096380472183228,14.25820255279541,2.087839675368741e-05,1.9367573261260986
3145,63.95652173913043,23,20,0.8695652173913043,0.32613256573677063,42.396705627441406,2.0878627765341662e-05,0.08920509368181229
3146,48.10204081632652,49,48,0.9710204081632653,0.042506489902734756,14.80824089050293,2.0570891138049774e-05,1.4841740131378174
3147,40.95652173913043,46,40,0.8695652173913043,0.9413076639175415,26.460908889770508,2.116578798450064e-05,3.2876148223876953
3148,-104.76026272577998,203,200,0.9823973727422003,-0.11975371092557907,5.945318222045898,2.116377800120972e-05,0.2118512988090515
3149,-7.107936507936513,105,104,0.978920634920635,-0.22591283917427063,10.876174926757812,2.117640178767033e-05,0.8656477332115173
3150,49.027210884353735,49,49,0.9802721088435374,0.6459185481071472,20.42938804626465,2.146249244106002e-05,1.8399595022201538
3151,-11.432989690721659,97,83,0.8556701030927835,-0.3495451509952545,16.52086639404297,2.1200678020250052e-05,0.5831772685050964
3152,47.13333333333333,50,49,0.9713333333333334,-0.19064593315124512,19.629383087158203,2.100198980770074e-05,0.21240101754665375
3153,43.888888888888886,45,40,0.8888888888888888,0.48668909072875977,28.66015625,2.1108999135321938e-05,1.1520754098892212
3154,63.95652173913044,23,20,0.8695652173913043,-0.1946689635515213,46.1147575378418,2.09541594813345e-05,1.481247901916504
3155,40.95652173913043,46,40,0.8695652173913043,0.4615447521209717,30.704622268676758,2.15021864278242e-05,2.683743476867676
3156,-109.40064102564104,208,206,0.9859935897435897,-0.4560696482658386,4.757917881011963,2.150570071535185e-05,0.24415212869644165
3157,40.95652173913043,46,40,0.8695652173913043,0.23418055474758148,24.591264724731445,2.153424429707229e-05,1.8395614624023438
3158,63.95652173913043,23,20,0.8695652173913043,-1.1727395057678223,41.53787612915039,2.21607642743038e-05,3.6626782417297363
3159,46.62666666666666,50,49,0.9662666666666667,-0.2511964440345764,20.295183181762695,2.2368854843080044e-05,1.6026345491409302
3160,63.95652173913043,23,20,0.8695652173913043,-0.37992560863494873,36.55590057373047,2.2368189092958346e-05,0.8401737809181213
3161,48.10204081632653,49,48,0.9710204081632653,0.3884114921092987,14.199440956115723,2.2477503080153838e-05,1.0480780601501465
3162,-109.93269230769232,208,204,0.9806730769230769,0.03745999187231064,5.764011383056641,2.234717976534739e-05,0.6245423555374146
3163,-104.76026272577998,203,200,0.9823973727422003,-0.3111485540866852,5.9371562004089355,2.210949605796486e-05,0.8415853381156921
3164,-9.541666666666657,96,83,0.8645833333333334,-0.12652717530727386,17.634912490844727,2.211442551924847e-05,0.04913565516471863
3165,43.893081761006286,53,52,0.9689308176100629,0.07555355131626129,22.202457427978516,2.2179001462063752e-05,1.305762767791748
3166,-4.915857605178003,103,102,0.98084142394822,0.04701618850231171,11.756692886352539,2.2171332602738403e-05,0.16801020503044128
3167,-3.764705882352954,102,101,0.9823529411764705,0.013384643942117691,11.651639938354492,2.2124764655018225e-05,0.8873807191848755
3168,-103.45214521452145,202,200,0.9854785478547855,-0.06963957846164703,6.916775703430176,2.2186062778928317e-05,1.1163703203201294
3169,-7.631578947368419,95,83,0.8736842105263158,-0.5444490909576416,15.677921295166016,2.2145395632833242e-05,1.0922945737838745
3170,40.95652173913042,46,40,0.8695652173913043,0.7950987815856934,26.986663818359375,2.2938915208214894e-05,3.4408931732177734
3171,-105.46732026143792,204,202,0.9853267973856209,-0.2511918842792511,4.205691814422607,2.287957067892421e-05,0.066438689827919
3172,40.95652173913043,46,40,0.8695652173913043,0.12346850335597992,27.37255096435547,2.327267429791391e-05,2.282862901687622
3173,-9.54166666666666,96,83,0.8645833333333334,-0.39345651865005493,15.968565940856934,2.3295782739296556e-05,0.5209686160087585
3174,-7.631578947368416,95,83,0.8736842105263158,-0.651153564453125,12.053973197937012,2.33167866099393e-05,0.8191778063774109
3175,63.95652173913044,23,20,0.8695652173913043,0.9102334380149841,37.29753112792969,2.414805203443393e-05,3.4667747020721436
3176,40.95652173913044,46,40,0.8695652173913043,-0.6722671985626221,26.96198272705078,2.4460445274598897e-05,2.611079692840576
3177,40.95652173913043,46,40,0.8695652173913043,-0.2860525846481323,27.369029998779297,2.4463965019094758e-05,0.2678542137145996
3178,-2.8151815181518263,101,100,0.9818481848184818,0.34996846318244934,9.667547225952148,2.4042859877226874e-05,0.12103251367807388
3179,47.266666666666666,50,49,0.9726666666666667,0.5437162518501282,16.342342376708984,2.2517067918670364e-05,0.27983614802360535
3180,40.95652173913043,46,40,0.8695652173913043,0.2135651856660843,28.784414291381836,2.2547941625816748e-05,0.6163619756698608
3181,49.36879432624113,47,46,0.9636879432624114,0.055859606713056564,18.791093826293945,2.2286367311608046e-05,0.009360305033624172
3182,-4.2549019607843235,102,100,0.9774509803921568,0.37965166568756104,8.270960807800293,2.241496076749172e-05,1.3196886777877808
3183,-110.85964912280703,209,206,0.9814035087719298,-0.2898957431316376,7.934886932373047,2.1570149328908883e-05,0.4575808048248291
3184,-9.541666666666668,96,83,0.8645833333333334,-0.47236576676368713,14.159441947937012,2.1594783902401105e-05,0.8073939681053162
3185,63.95652173913044,23,20,0.8695652173913043,0.39046016335487366,51.151859283447266,2.1790119717479683e-05,1.6632513999938965
3186,-9.541666666666664,96,83,0.8645833333333334,-0.8907356858253479,14.939371109008789,2.2058300601202063e-05,2.2425267696380615
3187,-2.9537953795379663,101,100,0.9804620462046204,-0.34299829602241516,7.524440288543701,2.201868119300343e-05,0.1726372390985489
3188,40.95652173913042,46,40,0.8695652173913043,-0.190616175532341,26.51839828491211,2.192356805608142e-05,0.46115022897720337
3189,63.95652173913044,23,20,0.8695652173913043,-0.8553639650344849,53.940452575683594,2.232047336292453e-05,2.8029093742370605
3190,59.333333333333336,24,20,0.8333333333333334,-1.8664264678955078,52.457237243652344,2.5051855118363164e-05,6.86531400680542
3191,59.33333333333334,24,20,0.8333333333333334,-0.2674592137336731,44.310020446777344,2.4832450435496867e-05,0.36149469017982483
3192,59.333333333333336,24,20,0.8333333333333334,0.43146026134490967,51.1832160949707,2.5001609174069017e-05,1.8120486736297607
3193,-9.541666666666659,96,83,0.8645833333333334,-0.7989560961723328,14.416872024536133,2.5080596969928592e-05,1.8827942609786987
3194,-105.44117647058823,204,202,0.9855882352941177,0.025974174961447716,4.647299766540527,2.506425153114833e-05,0.10217472165822983
3195,-3.3594771241830106,102,101,0.9864052287581699,-0.008099907077848911,8.375556945800781,2.4671555365785025e-05,0.17333802580833435
3196,46.75163398692809,51,51,0.977516339869281,0.18490038812160492,14.199366569519043,2.475364635756705e-05,1.0173025131225586
3197,46.73333333333333,50,49,0.9673333333333334,-0.20533116161823273,15.037988662719727,2.3795793822500855e-05,0.39327314496040344
3198,43.88888888888889,45,40,0.8888888888888888,0.573083221912384,30.799348831176758,2.367302840866614e-05,1.8128564357757568
3199,-7.631578947368412,95,83,0.8736842105263158,-0.06636574119329453,15.345789909362793,2.3278993467101827e-05,0.584963321685791
3200,-5.961538461538467,104,103,0.9803846153846154,0.13970553874969482,11.691873550415039,2.330231473024469e-05,0.6317744255065918
3201,-9.54166666666666,96,83,0.8645833333333334,-0.1284121721982956,15.295028686523438,2.3182956283562817e-05,0.33571192622184753
3202,-104.76026272577997,203,200,0.9823973727422003,-0.2615780234336853,6.011263847351074,2.3147373212850653e-05,0.39190900325775146
3203,63.95652173913043,23,20,0.8695652173913043,-2.2550196647644043,61.1662483215332,2.9441434890031815e-05,10.191864013671875
3204,47.299319727891145,49,48,0.9629931972789115,0.18487051129341125,18.32265281677246,2.937630415544845e-05,0.3584948778152466
3205,-8.937694704049843,107,106,0.9806230529595016,-0.4661448299884796,7.284987926483154,2.939462683571037e-05,0.8798936605453491
3206,63.95652173913043,23,20,0.8695652173913043,0.35127463936805725,48.53645706176758,2.9689428629353642e-05,2.119316816329956
3207,47.29931972789115,49,48,0.9629931972789115,-1.1942765712738037,15.504833221435547,3.075361019000411e-05,4.38179349899292
3208,-7.107936507936506,105,104,0.978920634920635,-0.596055805683136,10.096384048461914,3.070207094424404e-05,0.08785653859376907
3209,-9.54166666666666,96,83,0.8645833333333334,-0.7504165768623352,14.433321952819824,2.6808604161487892e-05,1.6220687627792358
3210,-109.40064102564104,208,206,0.9859935897435897,-0.38823720812797546,4.997184753417969,2.674734241736587e-05,0.16328734159469604
3211,63.95652173913044,23,20,0.8695652173913043,-0.4425492286682129,54.206146240234375,2.7140205929754302e-05,3.186081647872925
3212,-7.631578947368414,95,83,0.8736842105263158,-0.6298763751983643,14.927682876586914,2.7218695322517306e-05,1.5347752571105957
3213,40.95652173913044,46,40,0.8695652173913043,0.6716669797897339,29.164005279541016,2.631242932693567e-05,2.891157627105713
3214,48.10204081632652,49,48,0.9710204081632653,0.06951580196619034,15.580586433410645,2.629975824675057e-05,0.2483108937740326
3215,40.95652173913042,46,40,0.8695652173913043,-0.23700852692127228,26.936628341674805,2.6304705897928216e-05,0.4437432289123535
3216,46.46153846153847,52,52,0.9846153846153847,-0.539869487285614,19.95088768005371,2.630640119605232e-05,0.9547639489173889
3217,-2.953795379537966,101,100,0.9804620462046204,-0.40725165605545044,7.535377502441406,2.630722701724153e-05,0.18352530896663666
3218,-108.53945249597425,207,204,0.9846054750402576,-0.2930140793323517,4.229978084564209,2.539053457439877e-05,0.30433642864227295
3219,46.06666666666666,50,49,0.9606666666666667,-0.36950671672821045,15.743083953857422,2.56812618317781e-05,2.568002462387085
3220,-7.107936507936506,105,104,0.978920634920635,-0.32061219215393066,6.959009170532227,2.3786456949892454e-05,0.09936342388391495
3221,40.95652173913044,46,40,0.8695652173913043,0.14775608479976654,26.364938735961914,2.398895230726339e-05,1.5238065719604492
3222,48.68707482993197,49,48,0.9768707482993197,0.16546478867530823,20.451641082763672,2.3913238692330196e-05,0.02314760908484459
3223,48.68707482993197,49,48,0.9768707482993197,0.14682988822460175,21.17014503479004,2.3913011318654753e-05,0.038282737135887146
3224,48.10204081632652,49,48,0.9710204081632653,0.6800633668899536,14.506463050842285,2.404710539849475e-05,2.2997887134552
3225,49.027210884353735,49,49,0.9802721088435374,0.054769787937402725,19.163169860839844,2.4010905690374784e-05,0.016688397154211998
3226,63.95652173913044,23,20,0.8695652173913043,1.4325664043426514,46.8469123840332,2.5352190277772024e-05,4.927343845367432
3227,-9.043613707165113,107,105,0.979563862928349,-0.38580241799354553,8.491292953491211,2.5338704290334135e-05,0.5459195375442505
3228,-9.541666666666663,96,83,0.8645833333333334,-0.6168630719184875,16.2552547454834,2.521272654121276e-05,0.19016647338867188
3229,47.29931972789115,49,48,0.9629931972789115,-0.3568499684333801,24.37334632873535,2.5224398996215314e-05,0.8386577367782593
3230,40.95652173913043,46,40,0.8695652173913043,-0.06518122553825378,24.866127014160156,2.5160481527564116e-05,0.21145589649677277
3231,-2.815181518151827,101,100,0.9818481848184818,0.4834015667438507,11.57199764251709,2.5217586880899034e-05,0.7781237363815308
3232,63.95652173913043,23,20,0.8695652173913043,-0.8328993320465088,51.97540283203125,2.6002748199971393e-05,4.170782089233398
3233,-105.46732026143792,204,202,0.9853267973856209,-0.011670776642858982,5.843076229095459,2.6015983166871592e-05,0.33134570717811584
3234,-9.541666666666663,96,83,0.8645833333333334,-0.2558234930038452,16.573322296142578,2.5824481781455688e-05,0.27277982234954834
3235,59.333333333333336,24,20,0.8333333333333334,0.9982281923294067,54.12953567504883,2.6459398213773966e-05,3.0038864612579346
3236,-7.631578947368411,95,83,0.8736842105263158,-0.5674233436584473,16.016149520874023,2.649321686476469e-05,1.4385535717010498
3237,46.06666666666666,50,49,0.9606666666666667,0.34739255905151367,15.049886703491211,2.669567402335815e-05,1.6268730163574219
3238,40.95652173913042,46,40,0.8695652173913043,0.0262188371270895,29.951799392700195,2.6667861675377935e-05,1.0173187255859375
3239,-7.051282051282063,104,101,0.9694871794871794,-0.5642547011375427,9.740318298339844,2.6734016500995494e-05,1.2068746089935303
3240,63.95652173913043,23,20,0.8695652173913043,0.3277573883533478,39.81962203979492,2.692350244615227e-05,1.606249451637268
3241,49.02721088435374,49,49,0.9802721088435374,-0.2660024166107178,13.339937210083008,2.5023937268997543e-05,1.465179204940796
3242,63.95652173913043,23,20,0.8695652173913043,1.3929110765457153,36.95261001586914,2.6551428163656965e-05,4.916583061218262
3243,59.33333333333334,24,20,0.8333333333333334,0.1307472288608551,52.56618118286133,2.6548479581833817e-05,0.31986212730407715
3244,-107.9243156199678,207,206,0.990756843800322,-0.1388387382030487,5.484057903289795,2.6322215489926748e-05,0.4908215403556824
3245,-108.53945249597425,207,204,0.9846054750402576,-0.11222448945045471,5.8109893798828125,2.632334508234635e-05,0.07538613677024841
3246,-7.631578947368417,95,83,0.8736842105263158,-0.1657581925392151,22.06981658935547,2.6259089281666093e-05,1.052870750427246
3247,63.95652173913043,23,20,0.8695652173913043,0.3267366588115692,72.75509643554688,2.571930417616386e-05,1.6932026147842407
3248,63.95652173913042,23,20,0.8695652173913043,0.4945122301578522,56.05284118652344,2.5731033019837923e-05,0.34509897232055664
3249,-7.631578947368423,95,83,0.8736842105263158,0.0017003974644467235,14.619321823120117,2.575495273049455e-05,0.8999714255332947
3250,-3.422442244224426,101,99,0.9757755775577558,0.12727533280849457,7.931189060211182,2.5605126211303286e-05,1.045658826828003
3251,48.10204081632652,49,48,0.9710204081632653,-0.1150016039609909,18.63918685913086,2.5722642021719366e-05,1.3871090412139893
3252,-2.8151815181518294,101,100,0.9818481848184818,-0.28504496812820435,11.380806922912598,2.5742123398231342e-05,0.6533967852592468
3253,46.75163398692809,51,51,0.977516339869281,-0.45336657762527466,20.559415817260742,2.5652916519902647e-05,0.36802616715431213
3254,-8.937694704049852,107,106,0.9806230529595016,-0.01820790208876133,8.303365707397461,2.554597995185759e-05,0.38758254051208496
3255,46.564102564102555,52,52,0.9856410256410256,0.03093734011054039,13.71521282196045,2.5157060008496046e-05,1.0731408596038818
3256,-4.254901960784314,102,100,0.9774509803921568,0.5553244948387146,14.870871543884277,2.5167290004901588e-05,0.43759751319885254
3257,48.68707482993197,49,48,0.9768707482993197,0.9366580247879028,30.99003028869629,2.5308900148957036e-05,2.3650434017181396
3258,63.95652173913044,23,20,0.8695652173913043,-1.3887252807617188,59.34855270385742,2.8058890165993944e-05,7.6725311279296875
3259,46.564102564102555,52,52,0.9856410256410256,-0.2802664041519165,16.320100784301758,2.7893724109162576e-05,0.7118182182312012
3260,-9.541666666666657,96,83,0.8645833333333334,-0.18755246698856354,14.897665023803711,2.7979454898741096e-05,1.2394646406173706
3261,-99.21885521885523,198,196,0.9878114478114478,-0.4988214671611786,6.80156135559082,2.7903917725780047e-05,0.2692548334598541
3262,46.46153846153847,52,52,0.9846153846153847,-1.3879196643829346,24.694442749023438,2.8305397790973075e-05,2.816951036453247
3263,49.36879432624113,47,46,0.9636879432624114,-0.5678898096084595,31.561708450317383,2.8326991014182568e-05,1.1633758544921875
3264,63.95652173913043,23,20,0.8695652173913043,0.4877477288246155,40.87694549560547,2.874056008295156e-05,2.4364402294158936
3265,43.88888888888889,45,40,0.8888888888888888,0.3003041744232178,34.48414993286133,2.8707509045489132e-05,0.765159010887146
3266,-7.631578947368415,95,83,0.8736842105263158,-0.7660879492759705,18.43770408630371,2.9088318115100265e-05,2.628958225250244
3267,63.95652173913043,23,20,0.8695652173913043,0.2411901354789734,66.68138122558594,2.9252414606162347e-05,1.9469552040100098
3268,38.10638297872341,47,40,0.851063829787234,-0.4585219621658325,38.33602523803711,2.9803437428199686e-05,3.36051082611084
3269,-9.541666666666666,96,83,0.8645833333333334,0.06116371974349022,17.02419090270996,2.9754670322290622e-05,0.048278097063302994
3270,59.333333333333336,24,20,0.8333333333333334,0.3156948387622833,36.64131164550781,2.8957161703146994e-05,0.3661656975746155
3271,-7.631578947368418,95,83,0.8736842105263158,-0.5461713671684265,14.681546211242676,2.912105446739588e-05,1.8835108280181885
3272,-9.541666666666666,96,83,0.8645833333333334,-0.09048110991716385,15.449710845947266,2.8735554224113002e-05,0.13161048293113708
3273,-105.46732026143792,204,202,0.9853267973856209,-0.3201627731323242,9.947705268859863,2.8699789254460484e-05,0.4453369677066803
3274,43.70440251572327,53,52,0.9670440251572328,-0.3566598892211914,46.64279556274414,2.8755217499565333e-05,0.8424288630485535
3275,63.95652173913043,23,20,0.8695652173913043,0.4186197817325592,45.49129867553711,2.81135526165599e-05,1.6040452718734741
3276,63.95652173913043,23,20,0.8695652173913043,0.5391333699226379,38.78873062133789,2.7985472115688026e-05,1.6236984729766846
3277,-9.54166666666666,96,83,0.8645833333333334,0.5936455130577087,15.386052131652832,2.8338332413113676e-05,2.224531650543213
3278,-9.541666666666666,96,83,0.8645833333333334,-0.7863671183586121,16.615201950073242,2.9281223760335706e-05,4.156492233276367
3279,-105.4673202614379,204,202,0.9853267973856209,0.6011228561401367,10.34799575805664,2.9318829547264613e-05,0.5357641577720642
3280,40.95652173913042,46,40,0.8695652173913043,1.8767739534378052,40.08053207397461,3.08625130855944e-05,4.8540802001953125
3281,-4.2549019607843155,102,100,0.9774509803921568,1.0607669353485107,21.961624145507812,3.098450542893261e-05,1.2280622720718384
3282,59.333333333333336,24,20,0.8333333333333334,-0.33586305379867554,57.901588439941406,3.136533996439539e-05,3.1287882328033447
3283,-103.45214521452147,202,200,0.9854785478547855,0.2502335011959076,9.774734497070312,3.1364619644591585e-05,0.02957676537334919
3284,63.95652173913043,23,20,0.8695652173913043,-1.3617558479309082,45.92520523071289,3.2555828511249274e-05,4.679709434509277
3285,-7.631578947368417,95,83,0.8736842105263158,-0.2568071186542511,14.916775703430176,3.245615152991377e-05,1.185547113418579
3286,40.95652173913044,46,40,0.8695652173913043,-0.5244879126548767,35.8984260559082,3.221717634005472e-05,0.4679046869277954
3287,63.95652173913043,23,20,0.8695652173913043,0.23286159336566925,56.789512634277344,3.240300065954216e-05,1.5398852825164795
3288,-108.45893719806764,207,204,0.9854106280193237,-0.31077733635902405,5.345771312713623,3.244989784434438e-05,0.6673117280006409
3289,43.888888888888886,45,40,0.8888888888888888,-0.5275972485542297,26.519432067871094,3.20993312925566e-05,1.2097411155700684
3290,48.10204081632652,49,48,0.9710204081632653,0.5437328815460205,20.8463077545166,2.9408465707092546e-05,0.8750876188278198
3291,46.564102564102555,52,52,0.9856410256410256,0.0432790145277977,14.169833183288574,2.9442831873893738e-05,0.6517930626869202
3292,-7.631578947368412,95,83,0.8736842105263158,-0.02917461283504963,14.750823020935059,2.9269669539644383e-05,0.8502275347709656
3293,-7.631578947368414,95,83,0.8736842105263158,-0.4937383830547333,15.963130950927734,2.9111695766914636e-05,0.8436484932899475
3294,-7.631578947368411,95,83,0.8736842105263158,-0.34039631485939026,15.217609405517578,2.911023148044478e-05,0.29501423239707947
3295,-6.480769230769233,104,102,0.9751923076923077,0.11190918833017349,10.12584114074707,2.916728044510819e-05,0.8403264880180359
3296,-9.54166666666667,96,83,0.8645833333333334,-0.2199448049068451,15.008131980895996,2.909415343310684e-05,0.2118169069290161
3297,40.95652173913043,46,40,0.8695652173913043,1.0362204313278198,34.62575149536133,2.985467108373996e-05,3.4178123474121094
3298,63.95652173913043,23,20,0.8695652173913043,-0.4927940368652344,52.99345016479492,2.9639479180332273e-05,0.506158173084259
3299,-9.541666666666673,96,83,0.8645833333333334,0.08273974061012268,15.885293006896973,3.001092773047276e-05,2.447664976119995
3300,38.1063829787234,47,40,0.851063829787234,-0.16985604166984558,28.36972427368164,2.9980432373122312e-05,0.08841239660978317
3301,-104.76026272577998,203,200,0.9823973727422003,-0.31540825963020325,8.332304954528809,2.9970959076308645e-05,0.08925050497055054
3302,-5.961538461538467,104,103,0.9803846153846154,-0.16031593084335327,10.502403259277344,2.9967004593345337e-05,0.04994802922010422
3303,46.73333333333333,50,49,0.9673333333333334,-0.1455134153366089,23.850208282470703,2.3635151592316106e-05,0.4250127375125885
3304,-5.718446601941748,103,101,0.9728155339805825,-0.2113964557647705,9.336124420166016,2.3648664864595048e-05,0.5949910283088684
3305,-9.541666666666659,96,83,0.8645833333333334,0.06033046171069145,14.314809799194336,2.369684079894796e-05,1.2519680261611938
3306,63.95652173913044,23,20,0.8695652173913043,-2.1360127925872803,50.8031005859375,2.75099682767177e-05,8.195732116699219
3307,40.95652173913043,46,40,0.8695652173913043,0.3294243812561035,35.83089828491211,2.6377536414656788e-05,0.5252979397773743
3308,-11.43298969072165,97,83,0.8556701030927835,-0.15674345195293427,16.731658935546875,2.6380645067547448e-05,0.1795092076063156
3309,59.333333333333336,24,20,0.8333333333333334,0.5649467706680298,51.800376892089844,2.639653393998742e-05,1.6363996267318726
3310,-6.480769230769237,104,102,0.9751923076923077,-0.07091006636619568,10.45882511138916,2.6395337044959888e-05,0.03466414660215378
3311,-102.70149253731344,201,198,0.9829850746268657,-0.13123102486133575,8.40880012512207,2.5816056222538464e-05,0.8587057590484619
3312,-105.44117647058825,204,202,0.9855882352941177,0.28090700507164,6.443509578704834,2.5713577997521497e-05,0.8919210433959961
3313,63.95652173913044,23,20,0.8695652173913043,-0.025942709296941757,41.173179626464844,2.5206174541381188e-05,0.12303034961223602
3314,40.95652173913043,46,40,0.8695652173913043,0.25565555691719055,28.894378662109375,2.5317369363619946e-05,1.382616639137268
3315,-7.107936507936502,105,104,0.978920634920635,-0.8559717535972595,12.766955375671387,2.5394307158421725e-05,1.1835168600082397
3316,40.95652173913044,46,40,0.8695652173913043,0.28279566764831543,27.84574317932129,2.5474386347923428e-05,1.5168843269348145
3317,40.95652173913044,46,40,0.8695652173913043,0.2895972430706024,27.934898376464844,2.548460179241374e-05,0.4954768717288971
3318,46.56410256410256,52,52,0.9856410256410256,0.08250463008880615,12.204312324523926,2.564450551290065e-05,1.6760196685791016
3319,48.68707482993197,49,48,0.9768707482993197,0.5412687063217163,23.574748992919922,2.5249062673537992e-05,0.7952706813812256
3320,46.46153846153846,52,52,0.9846153846153847,-0.2519163489341736,24.33855628967285,2.5248884412576444e-05,0.051715150475502014
3321,47.266666666666666,50,49,0.9726666666666667,-0.1464899778366089,23.707441329956055,2.5406869099242613e-05,2.0990378856658936
3322,-9.541666666666668,96,83,0.8645833333333334,-0.9104123711585999,14.468040466308594,2.571263576101046e-05,2.1906790733337402
3323,-7.631578947368409,95,83,0.8736842105263158,-0.4929792881011963,16.74530029296875,2.572917946963571e-05,0.4981580674648285
3324,40.95652173913043,46,40,0.8695652173913043,0.07613945752382278,30.44808578491211,2.553212470957078e-05,1.4356833696365356
3325,-7.6315789473684195,95,83,0.8736842105263158,-0.8991686105728149,15.083428382873535,2.5735531380632892e-05,1.8132896423339844
3326,40.95652173913044,46,40,0.8695652173913043,-0.10757165402173996,28.69740867614746,2.4236513127107173e-05,0.44350072741508484
3327,-9.54166666666667,96,83,0.8645833333333334,-0.38869208097457886,14.053705215454102,2.425730781396851e-05,0.7242226004600525
3328,-9.541666666666663,96,83,0.8645833333333334,-0.7863251566886902,13.952873229980469,2.4278344426420517e-05,0.6430285573005676
3329,63.95652173913043,23,20,0.8695652173913043,-0.1257259100675583,38.05501174926758,2.428266998322215e-05,0.8815668225288391
3330,63.95652173913044,23,20,0.8695652173913043,-0.04054950177669525,37.36996841430664,2.42996757151559e-05,0.5420931577682495
3331,-9.54166666666666,96,83,0.8645833333333334,-0.900443434715271,14.443321228027344,2.4530185328330845e-05,2.159189224243164
3332,-4.254901960784324,102,100,0.9774509803921568,-0.048520393669605255,9.033398628234863,2.349817441427149e-05,0.5291860103607178
3333,-7.631578947368425,95,83,0.8736842105263158,0.03744085505604744,15.526163101196289,2.3497546862927265e-05,0.3170241117477417
3334,40.95652173913043,46,40,0.8695652173913043,-0.6471410989761353,39.1394157409668,2.4684211894054897e-05,4.447113990783691
3335,47.26666666666667,50,49,0.9726666666666667,1.2241159677505493,21.86643409729004,2.4240098355221562e-05,1.439005732536316
3336,63.95652173913043,23,20,0.8695652173913043,-0.2875015437602997,51.33245849609375,2.4243663574452512e-05,1.4598407745361328
3337,-4.915857605177996,103,102,0.98084142394822,-0.14181888103485107,8.620427131652832,2.4061348085524514e-05,0.025050606578588486
3338,40.95652173913043,46,40,0.8695652173913043,-0.3146859109401703,23.315357208251953,2.3982975108083338e-05,0.16135545074939728
3339,-5.961538461538467,104,103,0.9803846153846154,0.27821624279022217,10.961140632629395,2.429636697343085e-05,2.413156509399414
3340,-9.54166666666666,96,83,0.8645833333333334,-0.4888002276420593,15.697254180908203,2.4124914489220828e-05,0.40620946884155273
3341,40.95652173913043,46,40,0.8695652173913043,-0.09562917053699493,23.16218376159668,2.402071731921751e-05,0.3474700152873993
3342,46.46153846153846,52,52,0.9846153846153847,-0.49958276748657227,20.783672332763672,2.2471915144706145e-05,0.2048969268798828
3343,38.1063829787234,47,40,0.851063829787234,-0.26152676343917847,29.794511795043945,2.250411307613831e-05,0.9921501874923706
3344,-9.541666666666668,96,83,0.8645833333333334,-0.2448231279850006,14.460982322692871,2.2483294742414728e-05,0.11312688142061234
3345,46.75163398692809,51,51,0.977516339869281,0.07706804573535919,16.903257369995117,2.250113720947411e-05,0.7353530526161194
3346,49.027210884353735,49,49,0.9802721088435374,0.3551321029663086,19.412729263305664,2.24646591959754e-05,0.32674604654312134
3347,-109.93269230769232,208,204,0.9806730769230769,-0.33153122663497925,5.476230144500732,2.236921136500314e-05,1.0701223611831665
3348,47.266666666666666,50,49,0.9726666666666667,0.7445893287658691,21.910757064819336,2.2565227482118644e-05,1.7169382572174072
3349,-9.541666666666657,96,83,0.8645833333333334,-0.2462882399559021,14.373161315917969,2.251938531117048e-05,0.42780622839927673
3350,-99.21885521885523,198,196,0.9878114478114478,-0.257076621055603,4.465035915374756,2.243528069811873e-05,0.012759758159518242
3351,-7.631578947368414,95,83,0.8736842105263158,0.02651696652173996,14.828261375427246,2.256565130664967e-05,1.9707499742507935
3352,40.95652173913043,46,40,0.8695652173913043,-0.06390237808227539,29.185016632080078,2.2564692699234e-05,0.38702288269996643
3353,-6.480769230769237,104,102,0.9751923076923077,-0.4417005181312561,7.292947769165039,2.2566182451555505e-05,0.41290339827537537
3354,43.888888888888886,45,40,0.8888888888888888,0.06828669458627701,25.316652297973633,2.2734242520527914e-05,1.6114661693572998
3355,43.888888888888886,45,40,0.8888888888888888,-0.08248091489076614,31.383811950683594,2.2768997951061465e-05,1.291775107383728
3356,-4.592233009708744,103,102,0.9840776699029126,-0.21552316844463348,10.948732376098633,2.2794796677771956e-05,0.9634681344032288
3357,63.95652173913043,23,20,0.8695652173913043,-1.394868016242981,47.1498908996582,2.3727059669909067e-05,4.791867733001709
3358,-5.961538461538465,104,103,0.9803846153846154,-0.048961471766233444,8.30126667022705,2.0272911569918506e-05,0.5647521615028381
3359,63.95652173913043,23,20,0.8695652173913043,-0.380239874124527,42.54210662841797,2.0321193005656824e-05,1.1813323497772217
3360,-3.4224422442244298,101,99,0.9757755775577558,0.04338601976633072,10.296813011169434,2.0211091396049596e-05,0.12730731070041656
3361,48.68707482993197,49,48,0.9768707482993197,0.3974253237247467,23.910755157470703,2.0205903638270684e-05,0.14245210587978363
3362,-9.541666666666666,96,83,0.8645833333333334,-0.290208637714386,13.921629905700684,1.975812847376801e-05,0.3063908517360687
3363,59.333333333333336,24,20,0.8333333333333334,0.890933632850647,50.011085510253906,2.006023350986652e-05,2.3794212341308594
3364,-5.961538461538467,104,103,0.9803846153846154,-0.020751096308231354,9.566375732421875,1.9673809219966643e-05,0.3272587060928345
3365,38.1063829787234,47,40,0.851063829787234,0.2851092219352722,28.909990310668945,1.968586366274394e-05,0.8724143505096436
3366,43.88888888888888,45,40,0.8888888888888888,0.041198909282684326,27.84330177307129,1.933846579049714e-05,0.9983966946601868
3367,-9.541666666666668,96,83,0.8645833333333334,-0.021243397146463394,15.676165580749512,1.9181550669600256e-05,0.940828263759613
3368,-7.631578947368415,95,83,0.8736842105263158,0.07599279284477234,14.996447563171387,1.8569333406048827e-05,1.0632516145706177
3369,40.95652173913043,46,40,0.8695652173913043,-0.18163332343101501,29.367782592773438,1.8598844690131955e-05,0.6999765634536743
3370,40.95652173913044,46,40,0.8695652173913043,0.6538861989974976,32.76416778564453,1.890344537969213e-05,2.2530059814453125
3371,48.68707482993197,49,48,0.9768707482993197,0.11379315704107285,21.50657844543457,1.8705362890614197e-05,0.6096190214157104
3372,40.95652173913044,46,40,0.8695652173913043,-0.6209661364555359,28.444231033325195,1.904089549498167e-05,2.327458381652832
3373,-9.54166666666666,96,83,0.8645833333333334,-0.05147526413202286,14.498753547668457,1.903814700199291e-05,0.3947901427745819
3374,-103.45214521452145,202,200,0.9854785478547855,-0.18664386868476868,6.620599746704102,1.8999911844730377e-05,0.2994716167449951
3375,-9.541666666666663,96,83,0.8645833333333334,0.003551444737240672,16.635358810424805,1.8839837139239535e-05,0.16469651460647583
3376,49.36879432624113,47,46,0.9636879432624114,1.5520823001861572,22.862361907958984,2.020076681219507e-05,4.967779636383057
3377,-7.107936507936504,105,104,0.978920634920635,-0.1070370152592659,12.533365249633789,1.9911974959541112e-05,0.5321714878082275
3378,-7.0512820512820635,104,101,0.9694871794871794,0.047011665999889374,11.825326919555664,1.886729478428606e-05,0.568326473236084
3379,-5.718446601941748,103,101,0.9728155339805825,0.17569321393966675,12.791227340698242,1.8851082131732255e-05,0.09936061501502991
3380,40.95652173913043,46,40,0.8695652173913043,-0.029464472085237503,34.57394027709961,1.74941942532314e-05,1.3225224018096924
3381,63.95652173913044,23,20,0.8695652173913043,0.6893206834793091,54.892330169677734,1.749944749462884e-05,1.261046051979065
3382,-100.66834170854271,199,196,0.9833165829145729,-0.4076971709728241,3.86576771736145,1.690860153757967e-05,0.030703997239470482
3383,-7.63157894736841,95,83,0.8736842105263158,-0.784386396408081,15.306290626525879,1.691976467554923e-05,0.4444432854652405
3384,46.46153846153847,52,52,0.9846153846153847,-1.367311716079712,20.084707260131836,1.6069101548055187e-05,2.8373615741729736
3385,-9.043613707165111,107,105,0.979563862928349,-0.8606227040290833,13.598532676696777,1.5989342500688508e-05,0.377581387758255
3386,-9.043613707165111,107,105,0.979563862928349,-0.6073862910270691,11.176685333251953,1.5977853763615713e-05,0.1217665895819664
3387,40.95652173913043,46,40,0.8695652173913043,-0.9590646028518677,28.254674911499023,1.638472531340085e-05,3.0489141941070557
3388,-7.631578947368421,95,83,0.8736842105263158,-0.005494669079780579,14.745083808898926,1.6498259356012568e-05,1.4833002090454102
3389,-9.54166666666666,96,83,0.8645833333333334,-0.32763704657554626,16.27973175048828,1.6427251466666348e-05,0.4949145019054413
3390,40.95652173913044,46,40,0.8695652173913043,-1.3094449043273926,35.54426193237305,1.9269511540187523e-05,6.940749168395996
3391,-9.043613707165111,107,105,0.979563862928349,0.1855013370513916,11.98338508605957,1.924906246131286e-05,0.6516174674034119
3392,40.95652173913044,46,40,0.8695652173913043,0.4103682339191437,36.67475891113281,1.921523653436452e-05,0.5146070718765259
3393,-108.53945249597425,207,204,0.9846054750402576,-0.22317664325237274,4.522954940795898,1.9185397832188755e-05,0.012097273021936417
3394,-4.592233009708751,103,102,0.9840776699029126,0.3367098867893219,10.087007522583008,1.918395355460234e-05,0.05911087244749069
3395,-109.93269230769232,208,204,0.9806730769230769,-0.19987455010414124,4.976007461547852,1.9132185116177425e-05,0.4592357873916626
3396,-5.702127659574465,94,83,0.8829787234042553,-0.36489546298980713,13.367995262145996,1.912451261887327e-05,0.14228905737400055
3397,48.10204081632652,49,48,0.9710204081632653,-0.2186504304409027,19.9137020111084,1.834714930737391e-05,0.6154898405075073
3398,-9.541666666666659,96,83,0.8645833333333334,-0.48382195830345154,13.625069618225098,1.8364788047620095e-05,0.8088633418083191
3399,-11.43298969072165,97,83,0.8556701030927835,0.253145307302475,15.518016815185547,1.831237386795692e-05,2.2809438705444336
3400,-4.254901960784313,102,100,0.9774509803921568,0.10035579651594162,7.8497633934021,1.830762812460307e-05,0.18652436137199402
3401,40.95652173913043,46,40,0.8695652173913043,1.1534901857376099,26.61919403076172,1.9626539142336696e-05,4.465235710144043
3402,63.95652173913042,23,20,0.8695652173913043,-1.5654940605163574,49.410850524902344,2.1520094378502108e-05,5.724018573760986
3403,47.13333333333333,50,49,0.9713333333333334,0.5234411358833313,21.038002014160156,2.2006350263836794e-05,2.629952907562256
3404,46.46153846153846,52,52,0.9846153846153847,0.47271406650543213,25.209169387817383,2.241519723611418e-05,2.4539480209350586
3405,-9.541666666666657,96,83,0.8645833333333334,-0.2670642137527466,15.294950485229492,2.2343281671055593e-05,1.0563676357269287
3406,63.95652173913044,23,20,0.8695652173913043,-0.008918635547161102,47.979698181152344,1.835813782236073e-05,0.7503253817558289
3407,49.36879432624113,47,46,0.9636879432624114,-0.29044076800346375,22.576324462890625,1.8518603610573336e-05,1.7676926851272583
3408,-102.70149253731344,201,198,0.9829850746268657,-0.3541243076324463,4.529050350189209,1.851941124186851e-05,0.41653916239738464
3409,-9.541666666666664,96,83,0.8645833333333334,-0.4969305396080017,14.503578186035156,1.835267357819248e-05,0.7446775436401367
3410,47.13333333333333,50,49,0.9713333333333334,-0.5037628412246704,26.262887954711914,1.8430931959301233e-05,1.28153657913208
3411,-3.7647058823529544,102,101,0.9823529411764705,-0.0689888596534729,8.979141235351562,1.839947435655631e-05,0.12083341181278229
3412,48.10204081632652,49,48,0.9710204081632653,0.3837326169013977,14.713533401489258,1.8400929548079148e-05,0.9033216834068298
3413,-2.953795379537963,101,100,0.9804620462046204,-0.28391140699386597,8.337697982788086,1.8453749362379313e-05,0.8251085877418518
3414,63.95652173913044,23,20,0.8695652173913043,0.7295631766319275,48.607276916503906,1.881353819044307e-05,2.7226409912109375
3415,-7.107936507936503,105,104,0.978920634920635,-0.27542316913604736,7.633823871612549,1.8873377484851517e-05,1.3544529676437378
3416,-9.541666666666671,96,83,0.8645833333333334,-0.6686467528343201,16.104406356811523,1.8712702512857504e-05,0.23218588531017303
3417,-110.85964912280703,209,206,0.9814035087719298,-0.41712403297424316,5.0995306968688965,1.8698861822485924e-05,0.5046573281288147
3418,48.10204081632652,49,48,0.9710204081632653,-0.061333660036325455,12.941718101501465,1.851195702329278e-05,0.6235344409942627
3419,-3.4224422442244276,101,99,0.9757755775577558,0.055346615612506866,9.543251037597656,1.85351545951562e-05,0.9779801964759827
3420,-7.10793650793651,105,104,0.978920634920635,-0.3807429075241089,9.38347053527832,1.8534870832809247e-05,0.18085141479969025
3421,46.73333333333333,50,49,0.9673333333333334,-0.1072971299290657,14.597573280334473,1.8300463125342503e-05,0.11242854595184326
3422,-9.541666666666671,96,83,0.8645833333333334,-0.5008881092071533,15.110186576843262,1.8051914594252594e-05,0.6408055424690247
3423,-2.9537953795379654,101,100,0.9804620462046204,-0.2974245548248291,7.639220714569092,1.805050123948604e-05,0.46772539615631104
3424,63.95652173913043,23,20,0.8695652173913043,-1.3090920448303223,45.20998001098633,1.9278293621027842e-05,4.871046543121338
3425,63.95652173913044,23,20,0.8695652173913043,0.602688729763031,45.434776306152344,1.9273980797152035e-05,1.4863946437835693
3426,46.46153846153846,52,52,0.9846153846153847,-0.04457070305943489,22.679595947265625,1.9274886653875e-05,0.4560295343399048
3427,-9.541666666666664,96,83,0.8645833333333334,-0.40312206745147705,16.583892822265625,1.9243412680225447e-05,0.6341820359230042
3428,48.10204081632652,49,48,0.9710204081632653,-0.03036397509276867,15.030901908874512,1.9279737898614258e-05,1.0634114742279053
3429,40.95652173913044,46,40,0.8695652173913043,-0.26395493745803833,29.384057998657227,1.92623174370965e-05,0.6511462926864624
3430,-9.54166666666666,96,83,0.8645833333333334,-0.6772844791412354,13.939088821411133,1.9314975361339748e-05,1.3224955797195435
3431,43.893081761006286,53,52,0.9689308176100629,-0.4950454831123352,16.334789276123047,1.9233191778766923e-05,1.791915774345398
3432,63.95652173913042,23,20,0.8695652173913043,-0.9134578704833984,39.35546112060547,1.9621889805421233e-05,2.7138097286224365
3433,43.888888888888886,45,40,0.8888888888888888,-0.9473848342895508,29.80855369567871,2.0565099475788884e-05,4.158995151519775
3434,-8.937694704049843,107,106,0.9806230529595016,0.06607845425605774,7.744889259338379,1.9480243281577714e-05,0.3852398991584778
3435,-108.53945249597423,207,204,0.9846054750402576,-0.28706127405166626,3.955495834350586,1.932209124788642e-05,0.11206891387701035
3436,40.95652173913044,46,40,0.8695652173913043,0.30295488238334656,29.18807601928711,1.9331404473632574e-05,1.1474249362945557
3437,47.299319727891145,49,48,0.9629931972789115,0.3329951763153076,20.744152069091797,1.9358054487383924e-05,0.5162211060523987
3438,46.564102564102555,52,52,0.9856410256410256,-0.22478389739990234,11.767326354980469,1.9384924598853104e-05,0.4972537159919739
3439,48.10204081632652,49,48,0.9710204081632653,1.1517271995544434,14.713733673095703,1.9815857740468346e-05,3.531393051147461
3440,-9.541666666666664,96,83,0.8645833333333334,-0.992972195148468,14.362325668334961,2.0030580344609916e-05,2.040980339050293
3441,-9.541666666666657,96,83,0.8645833333333334,-0.7067650556564331,14.57986831665039,2.0019357179990038e-05,0.4622829854488373
3442,47.62585034013605,49,48,0.9662585034013605,-0.6670423746109009,14.31423282623291,6.08246264164336e-05,25.803598403930664
3443,-110.85964912280703,209,206,0.9814035087719298,-0.46132513880729675,4.439750671386719,6.078052319935523e-05,0.43526023626327515
3444,40.95652173913043,46,40,0.8695652173913043,-0.17445728182792664,26.56812286376953,6.077967555029318e-05,0.21161392331123352
3445,63.95652173913043,23,20,0.8695652173913043,-0.20977988839149475,35.03168487548828,6.0754045989597216e-05,0.22190169990062714
3446,-7.107936507936509,105,104,0.978920634920635,-0.3699265122413635,8.88338565826416,6.074502016417682e-05,0.15443603694438934
3447,-105.44117647058825,204,202,0.9855882352941177,-0.07954050600528717,5.681164264678955,6.0682996263494715e-05,0.05074155330657959
3448,-9.54166666666667,96,83,0.8645833333333334,-0.22919602692127228,16.55909538269043,6.048662544344552e-05,0.1614837497472763
3449,-107.9243156199678,207,206,0.990756843800322,-0.09058507531881332,5.186387062072754,6.048847717465833e-05,0.456647127866745
3450,-4.915857605178003,103,102,0.98084142394822,0.33249109983444214,11.843401908874512,6.052055687177926e-05,0.6499762535095215
3451,-2.815181518151828,101,100,0.9818481848184818,0.6858246326446533,13.476874351501465,6.026835035299882e-05,0.2648168206214905
3452,-104.76026272577998,203,200,0.9823973727422003,-0.17947709560394287,6.275157451629639,6.0264283092692494e-05,0.5027634501457214
3453,46.46153846153847,52,52,0.9846153846153847,0.22245153784751892,28.121152877807617,6.029627184034325e-05,0.8858481049537659
3454,-102.70149253731344,201,198,0.9829850746268657,-0.3420916199684143,4.9882097244262695,6.0125719755887985e-05,0.576349675655365
3455,-3.764705882352956,102,101,0.9823529411764705,-0.15437345206737518,7.264560699462891,6.0008158470736817e-05,0.4917103052139282
3456,63.95652173913044,23,20,0.8695652173913043,0.1109643504023552,48.24897766113281,5.997117477818392e-05,0.41642165184020996
3457,40.95652173913043,46,40,0.8695652173913043,0.09140725433826447,24.777496337890625,5.8794259530259296e-05,1.5820037126541138
3458,-109.40064102564102,208,206,0.9859935897435897,-0.6915451288223267,7.473413467407227,5.8773595810635015e-05,0.19876091182231903
3459,49.36879432624113,47,46,0.9636879432624114,-1.4423935413360596,19.654691696166992,6.018408021191135e-05,5.003178596496582
3460,-7.631578947368416,95,83,0.8736842105263158,-0.9486479163169861,16.498106002807617,6.024178583174944e-05,1.120849370956421
3461,63.95652173913043,23,20,0.8695652173913043,-0.6483646035194397,37.960716247558594,6.0597609262913465e-05,2.5623912811279297
3462,40.95652173913043,46,40,0.8695652173913043,-0.8735678195953369,29.157182693481445,6.089689122745767e-05,2.374699831008911
3463,-9.541666666666673,96,83,0.8645833333333334,-0.038824595510959625,14.280539512634277,6.0624977777479216e-05,1.283691644668579
3464,46.626666666666665,50,49,0.9662666666666667,0.26880547404289246,23.76922607421875,6.077042780816555e-05,1.364446759223938
3465,46.73333333333333,50,49,0.9673333333333334,0.2510760426521301,21.636627197265625,6.070383096812293e-05,0.04531343653798103
3466,47.62585034013605,49,48,0.9662585034013605,0.2980542778968811,21.18397331237793,6.092592593631707e-05,1.9094347953796387
3467,-9.541666666666663,96,83,0.8645833333333334,-0.7004830837249756,14.996502876281738,6.1015736719127744e-05,1.8014217615127563
3468,-109.93269230769232,208,204,0.9806730769230769,0.003582870587706566,5.884057521820068,6.093566844356246e-05,0.3190331757068634
3469,47.13333333333333,50,49,0.9713333333333334,-0.3534190058708191,19.108901977539062,6.103743362473324e-05,1.5726509094238281
3470,43.888888888888886,45,40,0.8888888888888888,0.1564711332321167,31.5078182220459,6.071349707781337e-05,0.6758460402488708
3471,-105.54575163398694,204,201,0.9845424836601308,-0.13052012026309967,5.258077144622803,6.071592724765651e-05,0.2440759539604187
3472,-104.76026272577997,203,200,0.9823973727422003,-0.33091896772384644,6.554900646209717,6.0461763496277854e-05,0.4860442578792572
3473,-3.422442244224427,101,99,0.9757755775577558,-0.6097863912582397,8.414362907409668,6.046916314517148e-05,0.8506377339363098
3474,63.95652173913043,23,20,0.8695652173913043,-0.04055112600326538,36.81413269042969,6.0470367316156626e-05,0.004517865367233753
3475,-3.3594771241830106,102,101,0.9864052287581699,-0.38159215450286865,9.829511642456055,6.048186696716584e-05,0.617755651473999
3476,-9.541666666666668,96,83,0.8645833333333334,-0.4637097418308258,17.562002182006836,5.886600411031395e-05,0.5507807731628418
3477,40.95652173913042,46,40,0.8695652173913043,-0.061458781361579895,29.25876235961914,5.88634648011066e-05,0.21863482892513275
3478,63.95652173913043,23,20,0.8695652173913043,-0.23496809601783752,46.8320426940918,5.8938214351655915e-05,1.3838688135147095
3479,-5.702127659574467,94,83,0.8829787234042553,-0.04796775430440903,14.344903945922852,5.898023664485663e-05,0.6560012698173523
3480,-9.541666666666659,96,83,0.8645833333333334,-0.36728405952453613,15.323826789855957,5.89088631386403e-05,0.4315989911556244
3481,40.95652173913042,46,40,0.8695652173913043,-0.15167081356048584,29.797832489013672,5.87767171964515e-05,0.04365634173154831
3482,63.95652173913044,23,20,0.8695652173913043,-1.0095046758651733,46.851436614990234,5.964929732726887e-05,4.024412155151367
3483,40.95652173913044,46,40,0.8695652173913043,-0.13221916556358337,28.971818923950195,5.9651414630934596e-05,0.01964702643454075
3484,-9.541666666666671,96,83,0.8645833333333334,0.13925182819366455,14.902461051940918,5.9435024013509974e-05,1.537869930267334
3485,-5.702127659574467,94,83,0.8829787234042553,-0.43021151423454285,18.299423217773438,5.9494916058611125e-05,1.2274818420410156
3486,-9.54166666666666,96,83,0.8645833333333334,-0.925996720790863,15.128867149353027,5.988996053929441e-05,2.808845043182373
3487,-104.9376026272578,203,200,0.980623973727422,0.0379275381565094,6.117346286773682,5.940877599641681e-05,0.08542101085186005
3488,63.95652173913044,23,20,0.8695652173913043,-0.1436229795217514,35.4493408203125,5.924440119997598e-05,0.8146050572395325
3489,-108.45893719806764,207,204,0.9854106280193237,-0.033712342381477356,5.110776424407959,5.9258796682115644e-05,0.7969644069671631
3490,-11.432989690721655,97,83,0.8556701030927835,0.08822435140609741,16.78302764892578,5.6514032621635124e-05,0.5350998640060425
3491,-4.254901960784322,102,100,0.9774509803921568,0.21683599054813385,9.578104972839355,5.6534721807111055e-05,0.5669288635253906
3492,59.333333333333336,24,20,0.8333333333333334,-0.4681212604045868,48.35734558105469,5.6780412705847993e-05,2.30472993850708
3493,-7.107936507936511,105,104,0.978920634920635,0.12174186110496521,9.891898155212402,5.683647032128647e-05,0.7777154445648193
3494,-8.93769470404985,107,106,0.9806230529595016,0.15503142774105072,11.089271545410156,5.6850160035537556e-05,0.29690200090408325
3495,63.95652173913044,23,20,0.8695652173913043,0.3296229839324951,53.69285202026367,5.685458381776698e-05,0.19361315667629242
3496,-9.043613707165111,107,105,0.979563862928349,0.33650726079940796,11.605422973632812,5.685455835191533e-05,0.14854007959365845
3497,-5.961538461538456,104,103,0.9803846153846154,1.09987473487854,13.583334922790527,5.7703175116330385e-05,3.5753679275512695
3498,-7.6315789473684195,95,83,0.8736842105263158,-0.3142186403274536,19.05597686767578,5.772032818640582e-05,0.9925857186317444
3499,-105.54575163398694,204,201,0.9845424836601308,0.18076884746551514,12.461722373962402,5.7357865443918854e-05,0.07366743683815002
3500,48.68707482993197,49,48,0.9768707482993197,0.17344342172145844,24.654254913330078,5.7389763242099434e-05,0.8883790969848633
3501,40.95652173913043,46,40,0.8695652173913043,0.4379735589027405,27.91812515258789,5.641745883622207e-05,2.231956958770752
3502,47.62585034013605,49,48,0.9662585034013605,-0.5818468928337097,18.83434295654297,5.451518518384546e-05,0.13117177784442902
3503,-7.0512820512820635,104,101,0.9694871794871794,-0.2985668480396271,7.048642158508301,5.406790296547115e-05,0.525640606880188
3504,40.95652173913043,46,40,0.8695652173913043,0.9527547955513,29.433948516845703,5.5057545978343114e-05,4.62946081161499
3505,-7.631578947368414,95,83,0.8736842105263158,-0.5073278546333313,13.774909973144531,5.501451960299164e-05,0.2615625858306885
3506,40.95652173913044,46,40,0.8695652173913043,-0.8439170122146606,27.378299713134766,5.524003427126445e-05,2.143094301223755
3507,-100.66834170854271,199,196,0.9833165829145729,-0.22018830478191376,4.887599468231201,5.507537571247667e-05,0.0629042461514473
3508,38.1063829787234,47,40,0.851063829787234,-1.0384728908538818,38.1085319519043,5.559818237088621e-05,3.062187433242798
3509,46.75163398692809,51,51,0.977516339869281,-0.4236101508140564,25.76922607421875,5.557661279453896e-05,0.23366498947143555
3510,-99.21885521885523,198,196,0.9878114478114478,0.09789936989545822,7.071139335632324,5.549726483877748e-05,0.09777913242578506
3511,-105.46732026143792,204,202,0.9853267973856209,0.11793361604213715,7.602190971374512,5.5497574066976085e-05,0.07678559422492981
3512,-103.45214521452145,202,200,0.9854785478547855,0.27756622433662415,11.688486099243164,5.543502265936695e-05,0.11589701473712921
3513,-3.422442244224425,101,99,0.9757755775577558,0.4433101415634155,17.3142032623291,5.538108598557301e-05,0.10370193421840668
3514,-6.480769230769237,104,102,0.9751923076923077,0.17723236978054047,18.150676727294922,5.4871459724381566e-05,0.3916436731815338
3515,-2.953795379537965,101,100,0.9804620462046204,-0.20541834831237793,12.937910079956055,5.477496961248107e-05,1.0288028717041016
3516,40.95652173913044,46,40,0.8695652173913043,-0.210524320602417,42.12055206298828,5.4900083341635764e-05,1.6338622570037842
3517,-103.45214521452145,202,200,0.9854785478547855,-0.1306343823671341,6.733152389526367,5.489498653332703e-05,0.2439180314540863
3518,47.299319727891145,49,48,0.9629931972789115,0.05067523568868637,22.03155517578125,5.495289951795712e-05,1.2673118114471436
3519,40.95652173913043,46,40,0.8695652173913043,-0.18150222301483154,28.701290130615234,5.486423833644949e-05,0.30839842557907104
3520,63.95652173913043,23,20,0.8695652173913043,-0.09631737321615219,38.69656753540039,5.4947129683569074e-05,0.9215741753578186
3521,40.95652173913043,46,40,0.8695652173913043,-0.45581167936325073,26.69662857055664,5.4963406000752e-05,0.8419705033302307
3522,-9.541666666666664,96,83,0.8645833333333334,-1.336063027381897,18.506423950195312,5.528907058760524e-05,2.5751965045928955
3523,47.299319727891145,49,48,0.9629931972789115,-0.3260188698768616,16.218719482421875,5.529733971343376e-05,0.6759406924247742
3524,-3.764705882352952,102,101,0.9823529411764705,-0.9892433881759644,15.020532608032227,5.400148802436888e-05,0.9207390546798706
3525,49.36879432624113,47,46,0.9636879432624114,0.15122847259044647,19.501941680908203,5.386640987126157e-05,0.6264028549194336
3526,-8.937694704049846,107,106,0.9806230529595016,-0.3516294062137604,10.503297805786133,5.385439362726174e-05,0.2925526797771454
3527,-9.541666666666671,96,83,0.8645833333333334,-0.4618508517742157,14.972673416137695,5.384644100558944e-05,0.4226394295692444
3528,-4.9158576051780045,103,102,0.98084142394822,-0.003355175256729126,9.529215812683105,5.380592847359367e-05,0.02454886958003044
3529,46.733333333333334,50,49,0.9673333333333334,0.5024206638336182,29.681652069091797,5.379429421736859e-05,0.28849974274635315
3530,-105.54575163398694,204,201,0.9845424836601308,-0.14279299974441528,4.59398078918457,5.376879926188849e-05,0.7256070375442505
3531,-9.54166666666666,96,83,0.8645833333333334,-0.24059456586837769,16.91242027282715,5.3609728638548404e-05,0.03398657590150833
3532,-11.432989690721655,97,83,0.8556701030927835,-0.11085014790296555,15.286383628845215,5.325192614691332e-05,0.7153684496879578
3533,63.95652173913043,23,20,0.8695652173913043,1.4417378902435303,63.16654968261719,5.30934521520976e-05,3.636286735534668
3534,40.95652173913044,46,40,0.8695652173913043,0.16297613084316254,33.35299301147461,5.3100848163012415e-05,0.49803426861763
3535,40.95652173913043,46,40,0.8695652173913043,0.3633767366409302,27.38956642150879,5.33520505996421e-05,1.9774725437164307
3536,40.95652173913044,46,40,0.8695652173913043,-0.3480908274650574,27.68178939819336,5.3268795454641804e-05,0.21131132543087006
3537,40.95652173913043,46,40,0.8695652173913043,0.02763298526406288,30.314125061035156,5.339077688404359e-05,1.4713644981384277
3538,-99.21885521885523,198,196,0.9878114478114478,-0.543660044670105,20.851591110229492,5.340433563105762e-05,0.6602279543876648
3539,-108.53945249597425,207,204,0.9846054750402576,-0.6871821880340576,23.067502975463867,5.2617986511904746e-05,0.2280571162700653
3540,-9.54166666666666,96,83,0.8645833333333334,-0.022185804322361946,14.997322082519531,5.2495539421215653e-05,1.3514312505722046
3541,63.95652173913042,23,20,0.8695652173913043,1.1487035751342773,45.2778434753418,5.303868601913564e-05,2.984619379043579
3542,-7.63157894736842,95,83,0.8736842105263158,0.20105308294296265,14.120622634887695,1.237885226146318e-05,1.0512192249298096
3543,40.95652173913044,46,40,0.8695652173913043,-0.19537119567394257,34.35736846923828,1.2627845535462257e-05,2.13816499710083
3544,-108.53945249597425,207,204,0.9846054750402576,0.05340203642845154,12.502239227294922,1.2652986697503366e-05,0.7579851150512695
3545,-108.45893719806764,207,204,0.9854106280193237,0.339139848947525,13.251072883605957,1.2652268196688965e-05,0.12095381319522858
3546,-105.54575163398694,204,201,0.9845424836601308,0.41190752387046814,12.59514331817627,1.265693936147727e-05,0.16731856763362885
3547,63.95652173913043,23,20,0.8695652173913043,0.5623621344566345,58.98582077026367,1.265759601665195e-05,0.23015029728412628
3548,49.02721088435374,49,49,0.9802721088435374,0.46336424350738525,23.646495819091797,1.267206698685186e-05,0.37847578525543213
3549,40.95652173913043,46,40,0.8695652173913043,0.09330601245164871,28.42734718322754,1.2653423254960217e-05,0.24491801857948303
3550,-4.915857605178003,103,102,0.98084142394822,-0.16177064180374146,8.658234596252441,1.2625614544958808e-05,0.4931306838989258
3551,-9.541666666666664,96,83,0.8645833333333334,-0.9318586587905884,13.958818435668945,1.2784803402610123e-05,1.791364312171936
3552,-9.541666666666663,96,83,0.8645833333333334,-0.22507408261299133,12.084284782409668,1.2921429515699856e-05,1.397914171218872
3553,-2.815181518151829,101,100,0.9818481848184818,0.08039791882038116,9.737076759338379,1.2897698070446495e-05,0.3281731605529785
3554,48.10204081632652,49,48,0.9710204081632653,-0.21646663546562195,20.880191802978516,1.298881761613302e-05,1.1989014148712158
3555,40.95652173913043,46,40,0.8695652173913043,0.0833706259727478,31.800512313842773,1.333745603915304e-05,2.331496000289917
3556,43.88888888888888,45,40,0.8888888888888888,1.035543441772461,27.26630210876465,1.4253498193284031e-05,3.8266115188598633
3557,43.893081761006286,53,52,0.9689308176100629,-0.13742491602897644,21.423290252685547,1.4143982298264746e-05,0.9594510197639465
3558,-107.9243156199678,207,206,0.990756843800322,0.09744428098201752,13.083768844604492,1.4200528312358074e-05,0.9416996836662292
3559,59.33333333333334,24,20,0.8333333333333334,1.2371631860733032,57.93244171142578,1.3607907021651044e-05,3.9281389713287354
3560,47.133333333333326,50,49,0.9713333333333334,0.7847240567207336,27.026622772216797,1.4116942111286335e-05,3.1772592067718506
3561,47.26666666666666,50,49,0.9726666666666667,0.5535479784011841,25.92481231689453,1.3682865755981766e-05,0.11695321649312973
3562,63.95652173913044,23,20,0.8695652173913043,-0.5967501401901245,46.82423400878906,1.3613910596177448e-05,2.1386730670928955
3563,-3.359477124183011,102,101,0.9864052287581699,0.019038178026676178,11.46294116973877,1.353552670479985e-05,0.22434158623218536
3564,63.95652173913044,23,20,0.8695652173913043,-1.6613510847091675,37.9017448425293,1.4207332242222037e-05,3.4683330059051514
3565,63.95652173913043,23,20,0.8695652173913043,0.6538825035095215,39.00496292114258,1.5672183508286253e-05,4.954518795013428
3566,-108.53945249597425,207,204,0.9846054750402576,-0.339470773935318,13.819787979125977,1.5488338249269873e-05,0.48119527101516724
3567,63.95652173913044,23,20,0.8695652173913043,-1.6358673572540283,36.06882858276367,1.795077150745783e-05,6.5342535972595215
3568,-9.541666666666671,96,83,0.8645833333333334,-0.2837868630886078,16.469430923461914,1.7945978470379487e-05,0.10663601011037827
3569,-106.9479674796748,205,202,0.980520325203252,0.09341797232627869,13.50878620147705,1.780150159902405e-05,0.5423901677131653
3570,40.95652173913043,46,40,0.8695652173913043,0.5172720551490784,32.713558197021484,1.7869948351290077e-05,1.2771801948547363
3571,63.95652173913044,23,20,0.8695652173913043,-0.7353797554969788,55.9185791015625,1.8423459550831467e-05,2.964487314224243
3572,40.95652173913043,46,40,0.8695652173913043,0.382462739944458,29.95961570739746,1.8475320757715963e-05,1.0526493787765503
3573,40.95652173913044,46,40,0.8695652173913043,0.6578112840652466,27.314945220947266,1.9066303138970397e-05,3.2753942012786865
3574,-4.915857605177994,103,102,0.98084142394822,-0.11617150157690048,9.636245727539062,1.9085446183453314e-05,0.49392685294151306
3575,-102.70149253731344,201,198,0.9829850746268657,-0.0875469520688057,12.520207405090332,1.9082266589975916e-05,0.5789021849632263
3576,63.95652173913043,23,20,0.8695652173913043,-1.4652748107910156,39.558494567871094,2.0173218217678368e-05,4.196136474609375
3577,-105.44117647058825,204,202,0.9855882352941177,0.23224051296710968,12.994148254394531,2.0169933122815564e-05,0.03854246437549591
3578,-4.915857605178004,103,102,0.98084142394822,-0.13568109273910522,9.118048667907715,2.0047340512974188e-05,0.013858703896403313
3579,-3.7647058823529544,102,101,0.9823529411764705,-0.11586470156908035,9.349780082702637,2.0029498045914806e-05,0.29155027866363525
3580,47.266666666666666,50,49,0.9726666666666667,0.2449696660041809,19.938493728637695,2.0049492377438582e-05,0.7643004655838013
3581,-9.541666666666663,96,83,0.8645833333333334,-0.126083642244339,14.463494300842285,2.00522717932472e-05,0.17701950669288635
3582,-4.254901960784321,102,100,0.9774509803921568,0.18709997832775116,10.166735649108887,1.905770659504924e-05,0.6341004371643066
3583,63.95652173913043,23,20,0.8695652173913043,-0.8853888511657715,46.17203140258789,2.015166865021456e-05,4.166658878326416
3584,40.95652173913044,46,40,0.8695652173913043,0.08187850564718246,28.290420532226562,2.0011424567201175e-05,0.16222749650478363
3585,-7.631578947368411,95,83,0.8736842105263158,0.12090732902288437,19.613475799560547,1.9935661839554086e-05,0.5881019234657288
3586,-9.541666666666659,96,83,0.8645833333333334,0.03030490316450596,15.66933822631836,1.945135045389179e-05,0.5775237083435059
3587,-7.631578947368418,95,83,0.8736842105263158,-0.5808423757553101,16.362810134887695,1.9726438040379435e-05,2.0654819011688232
3588,-4.254901960784325,102,100,0.9774509803921568,0.005079048220068216,8.462824821472168,1.9702516510733403e-05,0.5464467406272888
3589,43.888888888888886,45,40,0.8888888888888888,-0.5605301856994629,26.784481048583984,1.9728402548935264e-05,1.0178444385528564
3590,-99.21885521885523,198,196,0.9878114478114478,0.169088676571846,13.671403884887695,1.9722929209819995e-05,0.3596189022064209
3591,46.75163398692809,51,51,0.977516339869281,-0.29818129539489746,16.439584732055664,1.9706558305188082e-05,0.11950770020484924
3592,40.95652173913044,46,40,0.8695652173913043,-0.320652037858963,26.153789520263672,1.9418832380324602e-05,0.8602181077003479
3593,63.95652173913042,23,20,0.8695652173913043,0.5735973715782166,39.629642486572266,2.0054838387295604e-05,3.3474388122558594
3594,-4.2549019607843235,102,100,0.9774509803921568,0.13205014169216156,10.110577583312988,2.0057264919159934e-05,0.2416345775127411
3595,38.1063829787234,47,40,0.851063829787234,0.5366828441619873,29.9307861328125,2.0182522348477505e-05,1.499394416809082
3596,46.73333333333333,50,49,0.9673333333333334,0.21147845685482025,18.789234161376953,2.018272061832249e-05,0.155562624335289
3597,-102.70149253731344,201,198,0.9829850746268657,-0.154673770070076,12.187958717346191,1.943189636222087e-05,0.4031035006046295
3598,40.95652173913043,46,40,0.8695652173913043,-0.111526720225811,35.30267333984375,1.938219793373719e-05,0.46678704023361206
3599,-9.54166666666666,96,83,0.8645833333333334,-0.3964992165565491,17.43913459777832,1.9448936654953286e-05,1.0069160461425781
3600,-5.961538461538465,104,103,0.9803846153846154,-0.16089323163032532,13.10183048248291,1.9456796508166008e-05,0.9554831981658936
3601,46.626666666666665,50,49,0.9662666666666667,-0.3170606195926666,19.056869506835938,1.9167406207998283e-05,0.4513208270072937
3602,-6.4807692307692335,104,102,0.9751923076923077,-0.4455949366092682,11.917060852050781,1.9197315850760788e-05,0.7100078463554382
3603,40.95652173913043,46,40,0.8695652173913043,-0.05699310451745987,25.52680778503418,1.92584193428047e-05,1.1254767179489136
3604,40.95652173913043,46,40,0.8695652173913043,-0.5956739187240601,37.680084228515625,1.7933256458491087e-05,0.3970720171928406
3605,-7.6315789473684115,95,83,0.8736842105263158,-1.156644344329834,12.870936393737793,1.811335823731497e-05,1.7981489896774292
3606,-3.7647058823529527,102,101,0.9823529411764705,-0.4499799907207489,11.650403022766113,1.786256871127989e-05,0.47892850637435913
3607,-105.46732026143792,204,202,0.9853267973856209,-0.22430197894573212,13.589466094970703,1.7904465494211763e-05,0.8715956807136536
3608,40.95652173913042,46,40,0.8695652173913043,-0.6552059650421143,24.307565689086914,1.7428325008950196e-05,1.2230069637298584
3609,-99.21885521885523,198,196,0.9878114478114478,0.03894845023751259,12.785904884338379,1.7427288184990175e-05,0.1864214390516281
3610,-7.107936507936504,105,104,0.978920634920635,-0.38650572299957275,8.822452545166016,1.743046050250996e-05,0.20619721710681915
3611,-104.76026272577998,203,200,0.9823973727422003,-0.24754473567008972,13.369412422180176,1.746468296914827e-05,0.7790697813034058
3612,63.95652173913043,23,20,0.8695652173913043,0.397480845451355,46.18242645263672,1.7824715541792102e-05,2.3968393802642822
3613,-108.45893719806764,207,204,0.9854106280193237,-0.04853326082229614,12.493728637695312,1.784621963452082e-05,0.6197220683097839
3614,40.95652173913043,46,40,0.8695652173913043,0.22113752365112305,28.4090633392334,1.78482605406316e-05,0.4005785286426544
3615,63.95652173913044,23,20,0.8695652173913043,-2.3823421001434326,52.21803665161133,2.2516411263495684e-05,8.8104829788208
3616,43.88888888888888,45,40,0.8888888888888888,-0.8145392537117004,29.418838500976562,2.3380909624393098e-05,4.149491786956787
3617,46.626666666666665,50,49,0.9662666666666667,0.003073064610362053,17.031307220458984,2.353025229240302e-05,1.4559626579284668
3618,-2.8151815181518285,101,100,0.9818481848184818,0.23532961308956146,8.001017570495605,2.344986205571331e-05,0.3622781038284302
3619,-7.631578947368418,95,83,0.8736842105263158,-0.38275671005249023,12.697992324829102,2.3450675143976696e-05,0.33684083819389343
3620,-7.631578947368418,95,83,0.8736842105263158,-0.239565908908844,13.310319900512695,2.3424398023053072e-05,0.6827977895736694
3621,40.95652173913043,46,40,0.8695652173913043,-0.011264260858297348,28.894079208374023,2.3504138880525716e-05,1.2870171070098877
3622,-5.961538461538469,104,103,0.9803846153846154,-0.12098671495914459,9.39351749420166,2.3115113435778767e-05,0.19231772422790527
3623,63.95652173913044,23,20,0.8695652173913043,-2.3005707263946533,42.06352996826172,2.709582076931838e-05,8.144004821777344
3624,46.73333333333333,50,49,0.9673333333333334,-0.15971842408180237,20.748544692993164,2.7056081307819113e-05,0.10760454833507538
3625,-9.541666666666657,96,83,0.8645833333333334,0.13070517778396606,16.69142723083496,2.70379659923492e-05,0.39046090841293335
3626,63.95652173913044,23,20,0.8695652173913043,0.44295427203178406,52.734676361083984,2.7108570066047832e-05,1.272238850593567
3627,-110.85964912280703,209,206,0.9814035087719298,0.21058553457260132,13.151495933532715,2.7107847927254625e-05,0.14460407197475433
3628,-108.45893719806764,207,204,0.9854106280193237,-0.07114255428314209,12.241717338562012,2.715624032134656e-05,1.0309652090072632
3629,-102.70149253731344,201,198,0.9829850746268657,0.012920422479510307,11.322267532348633,2.7166150175617076e-05,0.2964616119861603
3630,-5.961538461538467,104,103,0.9803846153846154,-0.019731512293219566,21.844146728515625,2.716763992793858e-05,1.0180004835128784
3631,40.95652173913043,46,40,0.8695652173913043,0.33917686343193054,39.765316009521484,2.71875542239286e-05,0.7319654822349548
3632,63.95652173913043,23,20,0.8695652173913043,-1.347636103630066,64.66732788085938,2.8954988010809757e-05,5.618005752563477
3633,-7.631578947368423,95,83,0.8736842105263158,-0.3533761501312256,17.06853485107422,2.803939969453495e-05,0.6431103944778442
3634,63.95652173913044,23,20,0.8695652173913043,-1.60663640499115,40.803123474121094,2.9516320864786394e-05,5.248839378356934
3635,49.027210884353735,49,49,0.9802721088435374,-0.2059853971004486,16.208112716674805,2.9236931368359365e-05,0.5517381429672241
3636,-2.9537953795379663,101,100,0.9804620462046204,-0.34340956807136536,13.997319221496582,2.93210796371568e-05,0.9584848284721375
3637,-108.53945249597425,207,204,0.9846054750402576,-0.36508819460868835,13.894155502319336,2.9121712941559963e-05,0.5020655393600464
3638,-5.317152103559872,103,101,0.9768284789644013,-0.4268445074558258,12.829977035522461,2.9061795430607162e-05,0.5761774182319641
3639,63.95652173913043,23,20,0.8695652173913043,-0.41517746448516846,47.746578216552734,2.9055932827759534e-05,0.8670030236244202
3640,40.95652173913044,46,40,0.8695652173913043,0.47365066409111023,22.48050308227539,2.943012623290997e-05,2.6395585536956787
3641,-9.54166666666667,96,83,0.8645833333333334,-0.011342243291437626,15.753353118896484,2.878528721339535e-05,0.5114322900772095
3642,-9.541666666666659,96,83,0.8645833333333334,-0.29250669479370117,21.916484832763672,2.8706857847282663e-05,1.291837215423584
3643,63.95652173913043,23,20,0.8695652173913043,2.346388339996338,60.018795013427734,3.216151526430622e-05,7.340877056121826
3644,-110.85964912280703,209,206,0.9814035087719298,0.3276406228542328,12.215963363647461,3.217154517187737e-05,0.30413901805877686
3645,-6.480769230769235,104,102,0.9751923076923077,1.7132035493850708,22.80544090270996,3.373607978574e-05,4.76767635345459
3646,-4.254901960784322,102,100,0.9774509803921568,0.5739432573318481,20.875289916992188,3.374309017090127e-05,0.794044017791748
3647,47.62585034013605,49,48,0.9662585034013605,0.12837690114974976,21.37303924560547,3.374769585207105e-05,0.07809027284383774
3648,46.73333333333333,50,49,0.9673333333333334,0.4815899431705475,19.625598907470703,3.376132372068241e-05,0.5338500142097473
3649,40.95652173913044,46,40,0.8695652173913043,-0.509865939617157,30.626550674438477,3.406173345865682e-05,2.474423885345459
3650,-2.815181518151829,101,100,0.9818481848184818,0.036248017102479935,12.007946968078613,3.4155178582295775e-05,1.531962513923645
3651,40.95652173913044,46,40,0.8695652173913043,-0.6064520478248596,29.38247299194336,3.405811730772257e-05,1.118358850479126
3652,-9.541666666666659,96,83,0.8645833333333334,-0.8553153872489929,13.906058311462402,3.389353514648974e-05,0.7197582125663757
3653,46.733333333333334,50,49,0.9673333333333334,-0.6290766000747681,25.489097595214844,3.386884418432601e-05,0.2833603620529175
3654,-2.8151815181518285,101,100,0.9818481848184818,-0.37683019042015076,9.770374298095703,3.373461004230194e-05,0.665807843208313
3655,63.95652173913044,23,20,0.8695652173913043,-0.27525919675827026,54.324363708496094,3.344841752550565e-05,1.233302116394043
3656,48.68707482993197,49,48,0.9768707482993197,-0.49459007382392883,22.721813201904297,3.2492971513420343e-05,1.8053895235061646
3657,40.95652173913043,46,40,0.8695652173913043,0.03367670625448227,27.806007385253906,3.2716754503780976e-05,1.6101304292678833
3658,59.33333333333334,24,20,0.8333333333333334,-0.13623571395874023,53.163082122802734,3.260995799791999e-05,0.4099792242050171
3659,48.10204081632652,49,48,0.9710204081632653,0.1994430273771286,25.779682159423828,3.1538369512418285e-05,1.6034072637557983
3660,-100.66834170854271,199,196,0.9833165829145729,-0.07555613666772842,12.490240097045898,3.072937033721246e-05,0.21315476298332214
3661,-9.54166666666666,96,83,0.8645833333333334,-0.5021223425865173,23.401775360107422,3.088208904955536e-05,2.0971553325653076
3662,-105.44117647058825,204,202,0.9855882352941177,-0.030642183497548103,12.925662994384766,3.071320315939374e-05,0.44691523909568787
3663,40.95652173913043,46,40,0.8695652173913043,0.5172828435897827,41.48350524902344,3.080111127928831e-05,0.7500196099281311
3664,-9.541666666666663,96,83,0.8645833333333334,-0.4479960799217224,21.904422760009766,3.051920430152677e-05,2.5753204822540283
3665,-6.480769230769235,104,102,0.9751923076923077,0.2144359052181244,16.973630905151367,2.86977974610636e-05,0.46788233518600464
3666,-6.480769230769235,104,102,0.9751923076923077,0.10599881410598755,12.780159950256348,2.8702026611426845e-05,0.2452511489391327
3667,-109.93269230769232,208,204,0.9806730769230769,-0.09634465724229813,12.685778617858887,2.6447203708812594e-05,0.753391444683075
3668,40.95652173913043,46,40,0.8695652173913043,-0.19826410710811615,30.68425941467285,2.6442423404660076e-05,0.9422226548194885
3669,40.95652173913043,46,40,0.8695652173913043,-0.7673709988594055,30.31399154663086,2.659373785718344e-05,2.342604875564575
3670,49.36879432624113,47,46,0.9636879432624114,-0.14204874634742737,19.356494903564453,2.643984953465406e-05,0.30534934997558594
3671,59.33333333333334,24,20,0.8333333333333334,-0.28489813208580017,51.92655944824219,2.606779344205279e-05,0.7965604662895203
3672,47.299319727891145,49,48,0.9629931972789115,0.8980801105499268,18.715410232543945,2.6831567083718255e-05,3.3688204288482666
3673,-100.66834170854273,199,196,0.9833165829145729,0.0017885742709040642,12.40633773803711,2.5973386073019356e-05,0.14545968174934387
3674,-7.631578947368413,95,83,0.8736842105263158,0.08950591087341309,14.55352783203125,2.615163248265162e-05,1.2215458154678345
3675,48.68707482993197,49,48,0.9768707482993197,0.3962019085884094,26.06475830078125,2.616890378703829e-05,0.07350141555070877
3676,-8.937694704049848,107,106,0.9806230529595016,0.1743524819612503,9.56302547454834,2.541254616517108e-05,0.9184443354606628
3677,46.564102564102555,52,52,0.9856410256410256,-0.32757553458213806,14.262578964233398,2.5411060050828382e-05,0.7616703510284424
3678,40.95652173913043,46,40,0.8695652173913043,0.36593762040138245,36.687110900878906,2.561624933150597e-05,1.4550082683563232
3679,48.68707482993197,49,48,0.9768707482993197,0.03752254322171211,26.125572204589844,2.565689828770701e-05,1.2313270568847656
3680,40.95652173913043,46,40,0.8695652173913043,0.3333536684513092,28.72321891784668,2.582608794909902e-05,1.6206773519515991
3681,-7.631578947368413,95,83,0.8736842105263158,-0.5499998331069946,14.595577239990234,2.5827295758062974e-05,0.13771280646324158
3682,43.893081761006286,53,52,0.9689308176100629,-0.17121079564094543,15.79551887512207,2.5879277018248104e-05,0.547581136226654
3683,-104.76026272577997,203,200,0.9823973727422003,-0.05078282579779625,13.369940757751465,2.5159366487059742e-05,1.292046308517456
3684,40.95652173913044,46,40,0.8695652173913043,-0.14175789058208466,29.451589584350586,2.5229990569641814e-05,0.7493306398391724
3685,48.10204081632652,49,48,0.9710204081632653,0.36343154311180115,14.327345848083496,2.566998045949731e-05,2.501685619354248
3686,-3.359477124183015,102,101,0.9864052287581699,-0.07082396000623703,9.111992835998535,2.566804141679313e-05,0.5596556663513184
3687,-7.631578947368414,95,83,0.8736842105263158,-0.5781244039535522,14.251738548278809,2.5485147489234805e-05,0.6678051948547363
3688,-5.70212765957447,94,83,0.8829787234042553,-0.015421289950609207,16.03177261352539,2.5556195396347903e-05,0.8129421472549438
3689,-105.54575163398694,204,201,0.9845424836601308,-0.035496875643730164,12.046082496643066,2.5523637305013835e-05,0.4012005031108856
3690,40.95652173913042,46,40,0.8695652173913043,0.611967146396637,36.925376892089844,2.561335713835433e-05,0.938499927520752
3691,63.95652173913043,23,20,0.8695652173913043,1.169706106185913,66.81383514404297,2.5743951482581906e-05,1.204145908355713
3692,47.26666666666667,50,49,0.9726666666666667,0.8243176341056824,24.015745162963867,2.5727938918862492e-05,0.0938909575343132
3693,-7.631578947368414,95,83,0.8736842105263158,-0.7244486808776855,15.820631980895996,2.5202891265507787e-05,2.408992052078247
3694,-2.953795379537968,101,100,0.9804620462046204,-0.12160752713680267,8.27184009552002,2.521844726288691e-05,0.20803800225257874
3695,59.33333333333333,24,20,0.8333333333333334,-0.46447592973709106,53.7309684753418,2.5030489268829115e-05,0.7658299803733826
3696,-4.2549019607843235,102,100,0.9774509803921568,-0.3761058747768402,8.749563217163086,2.5057093807845376e-05,1.0000367164611816
3697,-9.541666666666659,96,83,0.8645833333333334,-0.45641028881073,15.903474807739258,2.5076631573028862e-05,0.24567027390003204
3698,-7.63157894736842,95,83,0.8736842105263158,-0.4392293095588684,15.29723072052002,2.507529097783845e-05,0.32187655568122864
3699,-7.6315789473684195,95,83,0.8736842105263158,-0.27198848128318787,13.805140495300293,2.505477095837705e-05,0.07223215699195862
3700,-9.541666666666668,96,83,0.8645833333333334,-0.2295888215303421,14.52115249633789,2.5052633645827882e-05,0.325998455286026
3701,-105.44117647058825,204,202,0.9855882352941177,0.3133612871170044,11.721148490905762,2.5137678676401265e-05,0.8980904221534729
3702,63.95652173913043,23,20,0.8695652173913043,0.5522658228874207,46.612552642822266,2.543212758610025e-05,1.962406039237976
3703,-9.541666666666657,96,83,0.8645833333333334,0.23606888949871063,14.162672996520996,2.5531953724566847e-05,1.6235400438308716
3704,48.68707482993197,49,48,0.9768707482993197,0.40377068519592285,23.65696144104004,2.5538400223013014e-05,0.10944046825170517
3705,63.95652173913043,23,20,0.8695652173913043,0.27861881256103516,47.56509780883789,2.5458888558205217e-05,0.8477606773376465
3706,-108.53945249597425,207,204,0.9846054750402576,0.027991224080324173,11.757203102111816,2.5440209356020205e-05,0.2102024257183075
3707,-7.631578947368416,95,83,0.8736842105263158,-0.1581663191318512,14.623395919799805,2.5413892217329703e-05,0.24023263156414032
3708,-7.631578947368412,95,83,0.8736842105263158,0.12128458172082901,14.300718307495117,2.5398347133887e-05,0.6805696487426758
3709,-9.541666666666659,96,83,0.8645833333333334,0.04123475402593613,14.15549087524414,2.542119000281673e-05,0.4164920747280121
3710,-4.254901960784322,102,100,0.9774509803921568,-0.007852173410356045,6.966088771820068,2.542556649132166e-05,0.6745025515556335
3711,-9.541666666666666,96,83,0.8645833333333334,0.2871442437171936,14.407161712646484,2.5622712200856768e-05,1.698789358139038
3712,-102.70149253731344,201,198,0.9829850746268657,0.008869492448866367,11.801371574401855,2.521360875107348e-05,0.016622202470898628
3713,-9.043613707165104,107,105,0.979563862928349,-0.13809560239315033,9.89089584350586,2.5203316909028217e-05,0.30765900015830994
3714,49.027210884353735,49,49,0.9802721088435374,-0.029124634340405464,16.337642669677734,2.5195686248480342e-05,0.2855291962623596
3715,40.95652173913043,46,40,0.8695652173913043,-0.5992404818534851,26.989294052124023,2.066676643153187e-05,1.3226611614227295
3716,48.10204081632652,49,48,0.9710204081632653,0.3463926911354065,13.638861656188965,1.9667078959173523e-05,0.33380356431007385
3717,-5.317152103559879,103,101,0.9768284789644013,0.20480871200561523,10.100408554077148,1.9521421563695185e-05,0.17022475600242615
3718,49.027210884353735,49,49,0.9802721088435374,-0.375823050737381,19.26809310913086,1.9848741430905648e-05,2.4219369888305664
3719,-106.94796747967479,205,202,0.980520325203252,0.19261692464351654,12.229100227355957,1.995284401345998e-05,1.215395450592041
3720,-105.54575163398694,204,201,0.9845424836601308,-0.17496387660503387,12.367487907409668,1.9915018128813244e-05,0.07930006086826324
3721,-1.4466666666666654,100,99,0.9855333333333334,0.233165442943573,13.575128555297852,1.9845692804665305e-05,0.7976534366607666
3722,-4.915857605178003,103,102,0.98084142394822,-0.12450619041919708,11.938637733459473,1.989308475458529e-05,0.994278609752655
3723,-99.21885521885523,198,196,0.9878114478114478,-0.12825332581996918,13.30898666381836,1.5886256733210757e-05,0.16082634031772614
3724,-3.3594771241830133,102,101,0.9864052287581699,0.1574944406747818,11.261728286743164,1.5888996131252497e-05,0.1903763860464096
3725,48.10204081632652,49,48,0.9710204081632653,0.1432875394821167,15.384627342224121,1.5879882994340733e-05,0.14422999322414398
3726,47.266666666666666,50,49,0.9726666666666667,0.15066072344779968,20.834699630737305,1.579228410264477e-05,0.3356853425502777
3727,49.027210884353735,49,49,0.9802721088435374,-0.11069579422473907,16.879600524902344,1.579873242008034e-05,0.3446241319179535
3728,40.95652173913044,46,40,0.8695652173913043,0.4604628384113312,37.016258239746094,1.6152744137798436e-05,2.6122896671295166
3729,-2.953795379537966,101,100,0.9804620462046204,-0.47341328859329224,9.930251121520996,1.61480056704022e-05,0.026203440502285957
3730,-3.4224422442244298,101,99,0.9757755775577558,-0.15424390137195587,9.762331008911133,1.609407081559766e-05,0.4864116609096527
3731,40.95652173913044,46,40,0.8695652173913043,-0.24383333325386047,31.016536712646484,1.6058460460044444e-05,0.15316279232501984
3732,40.95652173913042,46,40,0.8695652173913043,-0.13963547348976135,23.349496841430664,1.4075641047384124e-05,0.5150039196014404
3733,47.266666666666666,50,49,0.9726666666666667,-0.14159879088401794,17.789941787719727,1.4141605788609013e-05,1.173844814300537
3734,47.13333333333333,50,49,0.9713333333333334,0.47429051995277405,27.668275833129883,1.275357590202475e-05,2.682992696762085
3735,-2.8151815181518294,101,100,0.9818481848184818,0.5243719220161438,11.5734224319458,1.2747315849992447e-05,0.02868879772722721
3736,40.95652173913043,46,40,0.8695652173913043,-0.2595592141151428,29.172115325927734,1.3008010682824533e-05,2.0519826412200928
3737,-8.937694704049845,107,106,0.9806230529595016,0.6207056641578674,12.861501693725586,1.3146963283361401e-05,1.7905851602554321
3738,-105.54575163398694,204,201,0.9845424836601308,0.14114896953105927,11.490804672241211,1.3121158190187998e-05,0.19711598753929138
3739,-6.480769230769237,104,102,0.9751923076923077,0.06701867282390594,13.097799301147461,1.3081518773105927e-05,0.4870188236236572
3740,63.95652173913044,23,20,0.8695652173913043,-0.24543486535549164,54.605228424072266,1.3148801372153684e-05,2.55867600440979
3741,-7.631578947368409,95,83,0.8736842105263158,0.15197527408599854,16.107990264892578,1.3163731637177989e-05,0.7491769790649414
3742,59.333333333333336,24,20,0.8333333333333334,0.26083576679229736,47.32413101196289,1.308683022216428e-05,1.0184028148651123
3743,-2.9537953795379654,101,100,0.9804620462046204,-0.148217111825943,8.401309967041016,9.868741472018883e-06,0.3437750041484833
3744,49.36879432624113,47,46,0.9636879432624114,-0.22303327918052673,18.722150802612305,9.929480256687384e-06,0.9517044425010681
3745,47.62585034013605,49,48,0.9662585034013605,-0.6269031763076782,17.0976619720459,8.610629265604075e-06,0.9685331583023071
3746,-9.541666666666671,96,83,0.8645833333333334,-0.8418374061584473,13.682777404785156,8.692201845406089e-06,1.3971195220947266
3747,63.95652173913043,23,20,0.8695652173913043,-0.8483375310897827,41.694984436035156,8.968885595095344e-06,2.1322078704833984
3748,-6.480769230769238,104,102,0.9751923076923077,-0.12512356042861938,8.691367149353027,8.952337338996585e-06,0.18250249326229095
3749,-103.45214521452147,202,200,0.9854785478547855,0.00882731657475233,12.916391372680664,8.58338171383366e-06,0.260838121175766
3750,40.95652173913043,46,40,0.8695652173913043,0.18567658960819244,30.806612014770508,8.448120752291288e-06,0.4434081017971039
3751,-9.54166666666666,96,83,0.8645833333333334,-0.4366209805011749,15.276689529418945,8.497744602209423e-06,1.429641842842102
3752,40.95652173913042,46,40,0.8695652173913043,0.0745844691991806,31.06241226196289,8.503738172294106e-06,0.8342463374137878
3753,59.333333333333336,24,20,0.8333333333333334,1.122564673423767,38.26325225830078,8.886291652743239e-06,2.561663866043091
3754,63.95652173913044,23,20,0.8695652173913043,-1.9573975801467896,38.382591247558594,1.3755875443166588e-05,8.895682334899902
3755,63.95652173913042,23,20,0.8695652173913043,0.34991562366485596,40.1613655090332,1.3811320059176069e-05,1.5521330833435059
3756,-2.815181518151829,101,100,0.9818481848184818,0.19918999075889587,7.696176052093506,1.3618137927551288e-05,0.30933669209480286
3757,-3.3594771241830115,102,101,0.9864052287581699,0.11568161845207214,8.41309928894043,1.3457089153234847e-05,0.12485245615243912
3758,63.95652173913043,23,20,0.8695652173913043,-0.7090620398521423,51.92953109741211,1.364426043437561e-05,1.8110072612762451
3759,-9.54166666666667,96,83,0.8645833333333334,-0.5144838094711304,16.566024780273438,1.3590489288617391e-05,1.2956104278564453
3760,46.75163398692809,51,51,0.977516339869281,0.23365329205989838,16.803129196166992,1.3595765267382376e-05,0.31889739632606506
3761,-3.7647058823529544,102,101,0.9823529411764705,0.04905238747596741,8.940072059631348,1.3339866200112738e-05,0.4271831512451172
3762,47.299319727891145,49,48,0.9629931972789115,0.13848064839839935,19.273279190063477,1.3357448551687412e-05,0.6968320608139038
3763,-2.815181518151827,101,100,0.9818481848184818,0.23983623087406158,9.528020858764648,1.333309046458453e-05,0.431680291891098
3764,43.89308176100629,53,52,0.9689308176100629,0.0051223598420619965,15.713568687438965,1.2933575817442033e-05,0.3908618986606598
3765,63.95652173913044,23,20,0.8695652173913043,1.126636028289795,41.61833572387695,1.390984562021913e-05,4.050908088684082
3766,-4.5922330097087505,103,102,0.9840776699029126,0.37545546889305115,7.596970081329346,1.3984732504468411e-05,1.2142771482467651
3767,63.95652173913043,23,20,0.8695652173913043,-0.9139330387115479,44.928321838378906,1.4417129932553507e-05,2.7072203159332275
3768,-9.54166666666666,96,83,0.8645833333333334,-0.6216970682144165,18.55292510986328,1.4369379641721025e-05,0.4173721671104431
3769,47.299319727891145,49,48,0.9629931972789115,-0.16621965169906616,18.31476402282715,1.4059549357625656e-05,0.8177893757820129
3770,63.95652173913044,23,20,0.8695652173913043,-0.21822771430015564,33.332942962646484,1.4186038242769428e-05,1.3844307661056519
3771,-110.85964912280703,209,206,0.9814035087719298,-0.07116812467575073,13.764424324035645,1.4149517483019736e-05,0.4540761113166809
3772,63.95652173913044,23,20,0.8695652173913043,0.07706944644451141,31.480937957763672,1.3491037861967925e-05,0.5038438439369202
3773,46.06666666666666,50,49,0.9606666666666667,0.21818046271800995,18.572214126586914,1.3515378668671474e-05,0.6920722126960754
3774,-7.631578947368416,95,83,0.8736842105263158,-0.3013894855976105,16.352149963378906,1.3432335435936693e-05,0.21309372782707214
3775,40.95652173913043,46,40,0.8695652173913043,0.24958954751491547,28.654706954956055,1.3520969332603272e-05,1.2331911325454712
3776,46.75163398692809,51,51,0.977516339869281,-0.08335824310779572,14.009007453918457,1.351131413684925e-05,0.7643540501594543
3777,-7.631578947368416,95,83,0.8736842105263158,-0.7615252137184143,16.516382217407227,1.3690354535356164e-05,1.8573342561721802
3778,-5.702127659574462,94,83,0.8829787234042553,-0.001236436772160232,12.342240333557129,1.362184229947161e-05,0.9985083937644958
3779,-109.93269230769232,208,204,0.9806730769230769,-0.10405682772397995,11.622024536132812,1.3544491594075225e-05,0.5243871212005615
3780,40.95652173913043,46,40,0.8695652173913043,0.17327770590782166,24.67817497253418,1.3526792827178724e-05,1.5286999940872192
3781,-100.66834170854273,199,196,0.9833165829145729,0.10118710249662399,11.587908744812012,1.3526971997634973e-05,0.1754848062992096
3782,40.95652173913044,46,40,0.8695652173913043,-0.7707711458206177,31.37990951538086,1.3810240488965064e-05,2.2104735374450684
3783,-6.480769230769228,104,102,0.9751923076923077,-0.260113000869751,10.719165802001953,1.3704518096346874e-05,0.05885791406035423
3784,49.36879432624113,47,46,0.9636879432624114,0.16275601089000702,17.312171936035156,1.3682956705451943e-05,0.47554391622543335
3785,48.10204081632652,49,48,0.9710204081632653,0.11668812483549118,14.030647277832031,1.3314002899278421e-05,0.7466954588890076
3786,-109.93269230769232,208,204,0.9806730769230769,-0.08452556282281876,11.136617660522461,1.3306384971656371e-05,0.5839401483535767
3787,46.46153846153846,52,52,0.9846153846153847,-0.10569670796394348,24.02630615234375,1.3330740330275148e-05,0.9385890364646912
3788,-9.043613707165111,107,105,0.979563862928349,0.6346707344055176,12.668396949768066,1.3330102774489205e-05,0.8071175217628479
3789,47.62585034013605,49,48,0.9662585034013605,0.36147889494895935,22.50088119506836,1.3445177501125727e-05,1.3422765731811523
3790,47.266666666666666,50,49,0.9726666666666667,0.44277873635292053,28.711395263671875,1.3456464330374729e-05,1.1616164445877075
3791,40.95652173913044,46,40,0.8695652173913043,0.6667741537094116,40.02556228637695,1.3506406503438484e-05,1.488852858543396
3792,-2.953795379537968,101,100,0.9804620462046204,-0.37380144000053406,12.684328079223633,1.3507854419003706e-05,0.15302294492721558
3793,47.29931972789115,49,48,0.9629931972789115,0.1682896763086319,25.787841796875,1.3226328519522212e-05,0.9194562435150146
3794,-105.44117647058825,204,202,0.9855882352941177,-0.5216185450553894,14.083795547485352,1.3223148016550113e-05,0.15153709053993225
3795,43.88888888888888,45,40,0.8888888888888888,0.15328840911388397,41.199745178222656,1.3191292055125814e-05,0.047925401479005814
3796,63.95652173913044,23,20,0.8695652173913043,1.9064651727676392,66.00960540771484,1.5093315596459433e-05,5.640746593475342
3797,47.62585034013605,49,48,0.9662585034013605,-0.647179365158081,61.136959075927734,1.5092536159500014e-05,0.16075852513313293
3798,46.75163398692809,51,51,0.977516339869281,-0.2561904191970825,23.30824089050293,1.516746669949498e-05,1.1911448240280151
3799,-9.541666666666657,96,83,0.8645833333333334,-0.390510618686676,17.205835342407227,1.5192521459539421e-05,0.6816949248313904
3800,-9.043613707165111,107,105,0.979563862928349,-0.053456127643585205,8.357385635375977,1.5189772057055961e-05,0.22981955111026764
3801,-2.953795379537967,101,100,0.9804620462046204,-0.07006727904081345,9.881781578063965,1.5152288142417092e-05,0.39356833696365356
3802,-108.45893719806764,207,204,0.9854106280193237,0.18691611289978027,11.611478805541992,1.492239607614465e-05,0.01073949784040451
3803,-3.764705882352955,102,101,0.9823529411764705,0.6883211135864258,16.676956176757812,1.4843903954897542e-05,1.1596219539642334
3804,-7.631578947368414,95,83,0.8736842105263158,0.41031184792518616,20.765716552734375,1.4843594726698939e-05,0.04637940973043442
3805,49.027210884353735,49,49,0.9802721088435374,0.6190994381904602,33.15217208862305,1.4802652003709227e-05,0.19839464128017426
3806,-2.9537953795379663,101,100,0.9804620462046204,0.052226368337869644,12.43234920501709,1.4806319086346775e-05,0.31284576654434204
3807,59.333333333333336,24,20,0.8333333333333334,-0.6491637229919434,56.63020706176758,1.5640254787285812e-05,3.700305700302124
3808,-11.432989690721644,97,83,0.8556701030927835,-0.11440704017877579,17.565528869628906,1.5613191862939857e-05,0.3107081651687622
3809,59.33333333333334,24,20,0.8333333333333334,-0.10415026545524597,37.056907653808594,1.5604331565555185e-05,0.21611246466636658
3810,40.95652173913044,46,40,0.8695652173913043,-0.22526752948760986,30.20417594909668,1.5583098502247594e-05,0.2781219482421875
3811,43.888888888888886,45,40,0.8888888888888888,-0.5781365036964417,31.07493782043457,1.5445713870576583e-05,0.968798816204071
3812,-1.4466666666666739,100,99,0.9855333333333334,-0.5409793257713318,13.0424165725708,1.5447591067641042e-05,0.24927112460136414
3813,63.95652173913043,23,20,0.8695652173913043,-0.04247397184371948,43.41831970214844,1.5543022527708672e-05,1.207715630531311
3814,59.33333333333334,24,20,0.8333333333333334,-0.3214455246925354,52.95624542236328,1.5542018445557915e-05,0.3743210732936859
3815,47.13333333333333,50,49,0.9713333333333334,-0.1297016143798828,19.17040252685547,1.5469209756702185e-05,0.6106299161911011
3816,40.95652173913043,46,40,0.8695652173913043,0.6910536885261536,37.89183807373047,1.565737693454139e-05,1.7521575689315796
3817,-107.9243156199678,207,206,0.990756843800322,-0.09166748821735382,12.594423294067383,1.5679623174946755e-05,0.596038281917572
3818,-105.54575163398692,204,201,0.9845424836601308,0.22922049462795258,11.863213539123535,1.5389327018056065e-05,1.0696643590927124
3819,-9.541666666666666,96,83,0.8645833333333334,0.25509941577911377,26.179161071777344,1.530271583760623e-05,0.22241219878196716
3820,40.95652173913042,46,40,0.8695652173913043,0.6835263967514038,57.93958282470703,1.5333685951191e-05,0.7107826471328735
3821,46.75163398692809,51,51,0.977516339869281,0.6396501660346985,52.043182373046875,1.5311336028389633e-05,0.5403329133987427
3822,-7.631578947368419,95,83,0.8736842105263158,0.19204391539096832,29.35321807861328,1.528039138065651e-05,0.6921443939208984
3823,-7.631578947368415,95,83,0.8736842105263158,0.7078624367713928,29.82232666015625,1.5558658560621552e-05,2.1305959224700928
3824,-2.815181518151828,101,100,0.9818481848184818,0.642982006072998,25.75363540649414,1.555661583552137e-05,0.008641816675662994
3825,40.95652173913044,46,40,0.8695652173913043,1.1175674200057983,62.98420333862305,1.571721804793924e-05,1.6344695091247559
3826,-7.631578947368415,95,83,0.8736842105263158,0.08739384263753891,29.883838653564453,1.5717219866928644e-05,0.3357200026512146
3827,-104.76026272577998,203,200,0.9823973727422003,-0.523435652256012,12.772832870483398,1.571433494973462e-05,0.2234131246805191
3828,-110.85964912280703,209,206,0.9814035087719298,-0.32028865814208984,12.257802963256836,1.5299041479011066e-05,0.24766455590724945
3829,40.95652173913044,46,40,0.8695652173913043,0.36425766348838806,60.22394943237305,1.530332701804582e-05,0.2597945034503937
3830,43.893081761006286,53,52,0.9689308176100629,0.5948979258537292,53.94392776489258,1.5332827388192527e-05,0.8445417881011963
3831,40.95652173913043,46,40,0.8695652173913043,0.14343275129795074,57.41666793823242,1.54436711454764e-05,1.3597943782806396
3832,63.95652173913044,23,20,0.8695652173913043,0.14807754755020142,96.3743896484375,1.54998942889506e-05,1.1215901374816895
3833,40.95652173913044,46,40,0.8695652173913043,-0.2597116529941559,50.596527099609375,1.5441893992829137e-05,0.6357951164245605
3834,63.95652173913043,23,20,0.8695652173913043,0.11514368653297424,76.9479751586914,1.50398445839528e-05,1.0052266120910645
3835,63.95652173913043,23,20,0.8695652173913043,0.057027820497751236,64.66807556152344,1.504039391875267e-05,0.03688226267695427
3836,-9.541666666666666,96,83,0.8645833333333334,-1.7436950206756592,23.369525909423828,1.5280846128007397e-05,2.8676822185516357
3837,-9.541666666666666,96,83,0.8645833333333334,-1.2954931259155273,27.69085693359375,1.5067237654875498e-05,0.10046461224555969
3838,63.95652173913043,23,20,0.8695652173913043,0.44485464692115784,87.67251586914062,1.715959115244914e-05,5.77040433883667
3839,40.95652173913042,46,40,0.8695652173913043,-0.7342579960823059,37.77812576293945,1.720372893032618e-05,0.9440791010856628
3840,47.13333333333333,50,49,0.9713333333333334,-0.6170822381973267,26.67508888244629,1.6801053789095022e-05,0.05633106455206871
3841,-7.107936507936501,105,104,0.978920634920635,-0.1392728090286255,14.769407272338867,1.6813330148579553e-05,0.8738092184066772
3842,63.95652173913043,23,20,0.8695652173913043,-1.368327021598816,89.20576477050781,2.271500852657482e-05,9.886076927185059
3843,-4.25490196078432,102,100,0.9774509803921568,0.2950228452682495,29.82758140563965,2.2990729121374898e-05,2.2727646827697754
3844,-108.45893719806764,207,204,0.9854106280193237,0.8672487139701843,13.902291297912598,2.2964806703384966e-05,0.4119574725627899
3845,46.56410256410256,52,52,0.9856410256410256,2.1156444549560547,65.44273376464844,2.5567200282239355e-05,6.489190578460693
3846,-9.541666666666664,96,83,0.8645833333333334,0.7039071321487427,28.843210220336914,2.549688724684529e-05,0.8820866942405701
3847,63.95652173913044,23,20,0.8695652173913043,0.7104997634887695,118.82035064697266,2.536196006985847e-05,1.5247035026550293
3848,-3.764705882352953,102,101,0.9823529411764705,0.5813968181610107,28.967283248901367,2.536339707148727e-05,0.28335198760032654
3849,-103.45214521452145,202,200,0.9854785478547855,0.32233986258506775,12.630049705505371,2.5358553102705628e-05,0.10451415181159973
3850,46.73333333333333,50,49,0.9673333333333334,0.5427154898643494,48.269020080566406,2.540029163355939e-05,0.9922861456871033
3851,63.95652173913043,23,20,0.8695652173913043,2.0392324924468994,108.95343017578125,2.6470201191841625e-05,4.3835883140563965
3852,46.626666666666665,50,49,0.9662666666666667,-0.19961589574813843,52.712738037109375,2.6467610950930975e-05,0.7999565601348877
3853,-8.937694704049843,107,106,0.9806230529595016,-0.16125229001045227,25.87643814086914,2.605975532787852e-05,0.20049962401390076
3854,-5.961538461538466,104,103,0.9803846153846154,-0.6185351610183716,27.416366577148438,2.118309203069657e-05,0.4096374809741974
3855,46.46153846153847,52,52,0.9846153846153847,0.9173003435134888,57.83247756958008,2.1413497961475514e-05,2.5018110275268555
3856,46.73333333333333,50,49,0.9673333333333334,0.631526529788971,59.07401657104492,2.1449797714012675e-05,0.9247643351554871
3857,46.733333333333334,50,49,0.9673333333333334,1.5834800004959106,60.805572509765625,2.2646547222393565e-05,4.511265754699707
3858,63.95652173913043,23,20,0.8695652173913043,-0.4382827877998352,122.92705535888672,2.4539480364182964e-05,5.761828899383545
3859,-7.631578947368413,95,83,0.8736842105263158,-0.6231134533882141,32.574440002441406,2.442203367536422e-05,0.20059648156166077
3860,63.95652173913042,23,20,0.8695652173913043,0.7613029479980469,131.93246459960938,2.4423678041785024e-05,0.18312707543373108
3861,-5.718446601941755,103,101,0.9728155339805825,-0.17342431843280792,31.31228256225586,2.4431476049358025e-05,0.5810185670852661
3862,-9.541666666666668,96,83,0.8645833333333334,-0.7685679197311401,32.46238708496094,2.4403399947914295e-05,0.31923913955688477
3863,63.95652173913043,23,20,0.8695652173913043,4.585981845855713,120.43470764160156,4.00693534174934e-05,16.137603759765625
3864,-109.93269230769232,208,204,0.9806730769230769,-0.819583535194397,14.801788330078125,4.010445991298184e-05,0.5078642964363098
3865,-7.631578947368406,95,83,0.8736842105263158,-0.47263237833976746,31.17650032043457,3.9209870010381564e-05,0.008537095971405506
3866,48.10204081632652,49,48,0.9710204081632653,0.28021419048309326,50.67566680908203,3.923265103367157e-05,0.9777466058731079
3867,-9.541666666666663,96,83,0.8645833333333334,-0.9168667793273926,31.070024490356445,3.907971768057905e-05,2.242152452468872
3868,59.33333333333334,24,20,0.8333333333333334,0.7411513924598694,112.34635925292969,3.9076421671779826e-05,0.37214064598083496
3869,-109.93269230769232,208,204,0.9806730769230769,-0.14347803592681885,13.415302276611328,3.901445961673744e-05,0.3924538195133209
3870,-8.937694704049848,107,106,0.9806230529595016,-0.24367131292819977,22.855712890625,3.886810372932814e-05,0.21172359585762024
3871,-109.9326923076923,208,204,0.9806730769230769,-0.03778073191642761,12.650205612182617,3.886569902533665e-05,0.3457085192203522
3872,63.95652173913044,23,20,0.8695652173913043,-0.8026885986328125,98.5094223022461,4.142735997447744e-05,6.29475736618042
3873,-7.631578947368416,95,83,0.8736842105263158,0.04673314839601517,26.20332145690918,4.14104106312152e-05,0.06021922081708908
3874,40.95652173913042,46,40,0.8695652173913043,0.10046692192554474,51.150001525878906,4.1452396544627845e-05,0.7502865791320801
3875,43.888888888888886,45,40,0.8888888888888888,0.5034726858139038,50.97990036010742,4.1387498640688136e-05,0.5041859149932861
3876,-108.53945249597425,207,204,0.9846054750402576,0.21352075040340424,12.687670707702637,4.1346622310811654e-05,0.5630540251731873
3877,-100.66834170854271,199,196,0.9833165829145729,0.3402864634990692,11.459405899047852,4.11089276894927e-05,0.6645954251289368
3878,49.027210884353735,49,49,0.9802721088435374,-0.16858263313770294,47.25592803955078,4.118094511795789e-05,1.1918420791625977
3879,-7.631578947368421,95,83,0.8736842105263158,0.009621930308640003,26.770193099975586,4.115404954063706e-05,0.023065926507115364
3880,-9.043613707165113,107,105,0.979563862928349,0.018262239173054695,28.616016387939453,4.1048293496714905e-05,0.25677359104156494
3881,-9.043613707165111,107,105,0.979563862928349,-0.10600007325410843,28.000600814819336,4.1079416405409575e-05,0.5688799023628235
3882,49.36879432624113,47,46,0.9636879432624114,-0.8651191592216492,56.997684478759766,4.145072671235539e-05,3.260674238204956
3883,-105.44117647058823,204,202,0.9855882352941177,0.49380773305892944,13.75899887084961,4.151052053202875e-05,1.1383373737335205
3884,43.888888888888886,45,40,0.8888888888888888,0.33941221237182617,48.06987380981445,4.157157309236936e-05,1.1931865215301514
3885,47.62585034013605,49,48,0.9662585034013605,-0.2803434431552887,54.842185974121094,4.162363984505646e-05,1.1357617378234863
3886,-102.70149253731344,201,198,0.9829850746268657,-0.10107578337192535,11.717297554016113,4.169689418631606e-05,1.1684660911560059
3887,-105.44117647058825,204,202,0.9855882352941177,-0.004268737975507975,11.901060104370117,4.171758337179199e-05,1.0847448110580444
3888,-7.6315789473684195,95,83,0.8736842105263158,0.5283586382865906,23.555923461914062,4.198589158477262e-05,2.3336377143859863
3889,49.36879432624113,47,46,0.9636879432624114,-0.055884506553411484,47.03425979614258,4.19536154367961e-05,0.8203476071357727
3890,-100.66834170854271,199,196,0.9833165829145729,0.419109582901001,13.195210456848145,4.185691068414599e-05,0.48564425110816956
3891,46.564102564102555,52,52,0.9856410256410256,0.11972694844007492,46.776634216308594,4.180616815574467e-05,1.1362028121948242
3892,63.95652173913043,23,20,0.8695652173913043,-0.7674717307090759,84.14176940917969,4.210525003145449e-05,2.071277618408203
3893,-7.631578947368421,95,83,0.8736842105263158,0.06897891312837601,23.855817794799805,4.2065712477779016e-05,0.16307811439037323
3894,47.62585034013605,49,48,0.9662585034013605,-0.16728849709033966,40.650062561035156,4.2063998989760876e-05,0.3196120262145996
3895,-105.44117647058825,204,202,0.9855882352941177,0.04713611304759979,10.306571006774902,4.207721212878823e-05,0.3521677255630493
3896,-2.953795379537959,101,100,0.9804620462046204,-0.049119919538497925,23.579145431518555,4.02063706133049e-05,0.760959267616272
3897,63.95652173913043,23,20,0.8695652173913043,3.494450569152832,82.94940948486328,4.85064483655151e-05,11.734784126281738
3898,46.73333333333333,50,49,0.9673333333333334,0.4492202699184418,29.580604553222656,4.853247810387984e-05,1.3828459978103638
3899,47.62585034013605,49,48,0.9662585034013605,-0.10061170905828476,34.96136474609375,4.852888378081843e-05,0.2576846182346344
3900,-100.66834170854271,199,196,0.9833165829145729,0.30456775426864624,9.98281192779541,4.8529869673075154e-05,0.038253702223300934
3901,40.95652173913043,46,40,0.8695652173913043,0.2578367590904236,42.566558837890625,4.8527992476010695e-05,0.3073854446411133
3902,46.73333333333333,50,49,0.9673333333333334,-0.18119914829730988,33.87974548339844,4.8751317081041634e-05,1.7451138496398926
3903,-7.107936507936505,105,104,0.978920634920635,-0.2605289816856384,19.616350173950195,4.8704456276027486e-05,0.6549147367477417
3904,-5.702127659574469,94,83,0.8829787234042553,0.6476026773452759,24.81378936767578,4.89144804305397e-05,2.019582986831665
3905,47.625850340136054,49,48,0.9662585034013605,0.5210807919502258,28.389759063720703,4.9252626922680065e-05,2.526348114013672
3906,46.733333333333334,50,49,0.9673333333333334,0.24318858981132507,42.98643493652344,4.9241119995713234e-05,0.07303494215011597
3907,-9.541666666666664,96,83,0.8645833333333334,0.4970250725746155,23.595935821533203,4.8368576244683936e-05,1.3313220739364624
3908,-7.0512820512820635,104,101,0.9694871794871794,-0.1370084583759308,20.48011589050293,4.83936419186648e-05,0.600441575050354
3909,63.95652173913044,23,20,0.8695652173913043,0.3708142936229706,70.35716247558594,4.848347089136951e-05,0.9685753583908081
3910,-7.1079365079365076,105,104,0.978920634920635,-0.1931726187467575,19.48488998413086,4.846758383791894e-05,0.15901271998882294
3911,63.95652173913043,23,20,0.8695652173913043,0.1843898892402649,75.99832916259766,4.843663555220701e-05,0.7389400601387024
3912,-6.480769230769237,104,102,0.9751923076923077,-0.008831245824694633,19.96491813659668,4.84341180708725e-05,0.6951600909233093
3913,-4.59223300970875,103,102,0.9840776699029126,0.13258486986160278,20.57577896118164,4.837735468754545e-05,0.15833260118961334
3914,-105.54575163398694,204,201,0.9845424836601308,0.1336904913187027,11.736308097839355,4.8359797801822424e-05,0.5543767213821411
3915,-7.631578947368417,95,83,0.8736842105263158,0.5589271783828735,18.517742156982422,4.854871076531708e-05,2.042006015777588
3916,-9.54166666666666,96,83,0.8645833333333334,0.5351905822753906,21.560365676879883,4.8597728891763836e-05,1.9989204406738281
3917,-109.93269230769232,208,204,0.9806730769230769,0.24418382346630096,12.903511047363281,4.860352419200353e-05,0.7163877487182617
3918,-7.631578947368423,95,83,0.8736842105263158,0.05503637716174126,22.415700912475586,4.856520172324963e-05,0.08304789662361145
3919,40.95652173913043,46,40,0.8695652173913043,0.3128602206707001,36.210205078125,4.856846135226078e-05,0.023052910342812538
3920,40.95652173913043,46,40,0.8695652173913043,0.631501317024231,37.80439758300781,4.8536421672906727e-05,0.9158492684364319
3921,-105.44117647058823,204,202,0.9855882352941177,0.24503548443317413,11.41862678527832,4.8576162953395396e-05,0.8712326884269714
3922,-9.541666666666659,96,83,0.8645833333333334,0.4019855856895447,18.40326499938965,4.852523488807492e-05,0.5995345711708069
3923,63.95652173913044,23,20,0.8695652173913043,-0.06381114572286606,58.494808197021484,4.868672476732172e-05,2.216766595840454
3924,40.95652173913043,46,40,0.8695652173913043,-0.3063885569572449,37.04753875732422,4.9026602937374264e-05,2.132817029953003
3925,40.95652173913044,46,40,0.8695652173913043,1.0709751844406128,36.6463508605957,4.9375041271559894e-05,2.987917900085449
3926,-99.21885521885523,198,196,0.9878114478114478,0.6041757464408875,13.233146667480469,4.937619814882055e-05,0.4026713967323303
3927,63.95652173913044,23,20,0.8695652173913043,-0.26751118898391724,49.93825912475586,5.006205174140632e-05,3.150301694869995
3928,63.95652173913042,23,20,0.8695652173913043,0.2506497800350189,63.7592887878418,5.011173925595358e-05,0.7041273713111877
3929,43.888888888888886,45,40,0.8888888888888888,0.794718861579895,39.790035247802734,5.036564834881574e-05,2.2314319610595703
3930,59.33333333333334,24,20,0.8333333333333334,1.0000003576278687,63.961631774902344,5.053325730841607e-05,1.98104989528656
3931,48.10204081632652,49,48,0.9710204081632653,-0.31650301814079285,24.148975372314453,5.064950528321788e-05,1.8736616373062134
3932,-103.45214521452147,202,200,0.9854785478547855,0.39245426654815674,14.025282859802246,5.054942812421359e-05,0.20157131552696228
3933,48.68707482993197,49,48,0.9768707482993197,-0.22662930190563202,34.17522430419922,5.0636361265787855e-05,1.242876410484314
3934,-11.432989690721657,97,83,0.8556701030927835,-0.6124895811080933,18.17681121826172,5.1422626711428165e-05,3.5654709339141846
3935,-110.85964912280703,209,206,0.9814035087719298,0.745671272277832,15.352778434753418,5.1478957175277174e-05,1.1697087287902832
3936,-2.8151815181518294,101,100,0.9818481848184818,0.6324410438537598,19.58255958557129,5.090404374641366e-05,0.22227847576141357
3937,47.625850340136054,49,48,0.9662585034013605,0.17200909554958344,33.42312240600586,5.0904603995149955e-05,0.3962286412715912
3938,-9.541666666666663,96,83,0.8645833333333334,-0.028623158112168312,19.63190269470215,4.906810136162676e-05,0.8963519930839539
3939,-7.631578947368417,95,83,0.8736842105263158,0.21116238832473755,19.250099182128906,4.903957960777916e-05,0.543164074420929
3940,40.95652173913043,46,40,0.8695652173913043,-0.734220564365387,46.67402648925781,4.9559235776541755e-05,2.7555997371673584
3941,59.33333333333333,24,20,0.8333333333333334,-0.10297016054391861,81.28130340576172,5.04277522850316e-05,3.717737913131714
3942,46.626666666666665,50,49,0.9662666666666667,-0.45581820607185364,35.520076751708984,4.428544343682006e-05,0.7287735939025879
3943,-4.915857605178002,103,102,0.98084142394822,0.10520775616168976,31.231563568115234,4.391858237795532e-05,0.5702763199806213
3944,-6.480769230769235,104,102,0.9751923076923077,0.036778658628463745,24.0328311920166,4.391607944853604e-05,0.18611417710781097
3945,-100.66834170854271,199,196,0.9833165829145729,-0.027135498821735382,14.992785453796387,4.14854112023022e-05,0.4931226074695587
3946,-5.702127659574465,94,83,0.8829787234042553,0.2794727385044098,14.843733787536621,4.1432005673414096e-05,0.2832612991333008
3947,-7.6315789473684195,95,83,0.8736842105263158,-0.3231792747974396,18.646188735961914,4.1847830289043486e-05,2.9469058513641357
3948,-105.44117647058825,204,202,0.9855882352941177,0.6436312198638916,13.095657348632812,4.1896517359418795e-05,1.120103359222412
3949,47.13333333333333,50,49,0.9713333333333334,0.012199466116726398,29.091773986816406,4.191102198092267e-05,0.4020371735095978
3950,-9.54166666666666,96,83,0.8645833333333334,0.27230826020240784,18.26044273376465,4.1834235162241384e-05,0.07399476319551468
3951,46.56410256410256,52,52,0.9856410256410256,-0.7320160269737244,21.536035537719727,4.10223838116508e-05,2.123584270477295
3952,49.36879432624113,47,46,0.9636879432624114,0.07693150639533997,23.048372268676758,4.0977392927743495e-05,0.34162235260009766
3953,-11.432989690721653,97,83,0.8556701030927835,0.29984036087989807,20.076705932617188,4.1082330426434055e-05,1.4449018239974976
3954,-2.815181518151828,101,100,0.9818481848184818,0.0008387451525777578,28.591562271118164,4.111977250431664e-05,0.8265466690063477
3955,40.95652173913043,46,40,0.8695652173913043,-0.09927856922149658,32.0404167175293,4.087822890141979e-05,1.2878036499023438
3956,47.299319727891145,49,48,0.9629931972789115,0.45750677585601807,31.67340850830078,4.0943694330053404e-05,1.4102429151535034
3957,47.299319727891145,49,48,0.9629931972789115,-0.3277701139450073,29.26644515991211,3.9918319089338183e-05,1.7757248878479004
3958,40.956521739130444,46,40,0.8695652173913043,0.19990278780460358,32.737117767333984,3.7861485907342285e-05,0.4789324700832367
3959,43.888888888888886,45,40,0.8888888888888888,0.46462297439575195,29.43288230895996,3.7864661862840876e-05,0.2016373872756958
3960,49.36879432624113,47,46,0.9636879432624114,0.3349078595638275,29.773662567138672,3.7861736927879974e-05,0.1786062866449356
3961,-3.76470588235295,102,101,0.9823529411764705,-0.034468065947294235,22.614526748657227,3.7865462218178436e-05,0.5166826248168945
3962,-3.422442244224428,101,99,0.9757755775577558,0.08201242238283157,22.698945999145508,3.786855813814327e-05,0.3813910484313965
3963,-7.107936507936511,105,104,0.978920634920635,-0.07954870909452438,27.928647994995117,2.180122464778833e-05,0.620777428150177
3964,-6.480769230769237,104,102,0.9751923076923077,0.057545099407434464,24.018388748168945,2.179265175072942e-05,0.06957869976758957
3965,46.46153846153847,52,52,0.9846153846153847,0.42909955978393555,26.56320571899414,2.2141079170978628e-05,2.295518398284912
3966,-6.480769230769238,104,102,0.9751923076923077,-0.08953560143709183,26.609760284423828,2.2118418200989254e-05,0.6172688603401184
3967,-6.480769230769237,104,102,0.9751923076923077,0.0036716118920594454,26.144065856933594,2.1839981855009682e-05,0.5193368792533875
3968,-9.54166666666666,96,83,0.8645833333333334,-0.475693017244339,18.20038414001465,2.202431278419681e-05,1.798426866531372
3969,40.95652173913044,46,40,0.8695652173913043,0.35197800397872925,30.616662979125977,2.2014153728378005e-05,0.21372608840465546
3970,-2.9537953795379654,101,100,0.9804620462046204,-0.2878991365432739,22.806886672973633,2.203619987994898e-05,0.6711389422416687
3971,40.95652173913044,46,40,0.8695652173913043,1.2174746990203857,25.973188400268555,2.2342857846524566e-05,2.2200050354003906
3972,40.95652173913043,46,40,0.8695652173913043,-0.11268436908721924,23.47627830505371,2.0152234355919063e-05,1.9870936870574951
3973,63.95652173913042,23,20,0.8695652173913043,0.46707722544670105,65.83477783203125,2.0156770915491506e-05,0.2848733365535736
3974,-2.9537953795379672,101,100,0.9804620462046204,0.01691417023539543,24.394655227661133,2.015766040130984e-05,0.7946640253067017
3975,-5.7021276595744705,94,83,0.8829787234042553,-0.7250153422355652,17.918537139892578,2.0725892682094127e-05,3.0698859691619873
3976,-9.541666666666659,96,83,0.8645833333333334,0.5015349388122559,17.032669067382812,2.09163517865818e-05,1.8433116674423218
3977,63.95652173913044,23,20,0.8695652173913043,0.7416835427284241,48.16920471191406,2.1015375750721432e-05,1.4347037076950073
3978,-7.107936507936504,105,104,0.978920634920635,-0.1677447259426117,21.2419490814209,2.0942434275639243e-05,0.5493392944335938
3979,-11.432989690721651,97,83,0.8556701030927835,-0.5246079564094543,21.458269119262695,2.1390338588389568e-05,2.682372808456421
3980,-104.1881188118812,202,198,0.9781188118811881,-0.24610573053359985,14.570908546447754,2.1503134121303447e-05,1.3810982704162598
3981,63.95652173913044,23,20,0.8695652173913043,0.41638803482055664,48.560298919677734,2.1496065528481267e-05,0.4546058475971222
3982,40.95652173913043,46,40,0.8695652173913043,0.5650324821472168,31.04300308227539,2.087606117129326e-05,0.8120005130767822
3983,-104.76026272577997,203,200,0.9823973727422003,0.18399448692798615,12.887528419494629,2.079990917991381e-05,0.019806595519185066
3984,-7.631578947368411,95,83,0.8736842105263158,-0.16079741716384888,16.297517776489258,2.0904284610878676e-05,1.7571369409561157
3985,40.95652173913043,46,40,0.8695652173913043,-0.04267754778265953,33.04882049560547,2.0899273295071907e-05,1.0990376472473145
3986,-99.21885521885523,198,196,0.9878114478114478,0.4004144072532654,13.220527648925781,2.085040250676684e-05,0.7572697401046753
3987,-7.0512820512820635,104,101,0.9694871794871794,-0.06098773330450058,19.043405532836914,2.0799818230443634e-05,0.6062346696853638
3988,40.95652173913043,46,40,0.8695652173913043,-0.6934374570846558,25.96048355102539,2.1549229131778702e-05,4.224401473999023
3989,-5.702127659574469,94,83,0.8829787234042553,-0.08394107967615128,18.159870147705078,2.1558264052146114e-05,0.910422146320343
3990,-4.915857605177996,103,102,0.98084142394822,0.10652390122413635,21.18891716003418,2.1577530787908472e-05,0.7241788506507874
3991,-104.76026272577998,203,200,0.9823973727422003,0.03359489515423775,13.3651762008667,2.1490212020580657e-05,0.011233101598918438
3992,40.95652173913044,46,40,0.8695652173913043,0.25929731130599976,34.29481887817383,2.124175261997152e-05,0.1847158521413803
3993,59.33333333333333,24,20,0.8333333333333334,0.29128992557525635,54.68096160888672,2.1300755179254338e-05,1.0445901155471802
3994,-9.54166666666666,96,83,0.8645833333333334,0.021412523463368416,17.165359497070312,2.1311803720891476e-05,0.6194645166397095
3995,46.62666666666667,50,49,0.9662666666666667,0.5635271072387695,26.369983673095703,2.1489942810148932e-05,1.6776353120803833
3996,46.75163398692809,51,51,0.977516339869281,-0.12703672051429749,28.713003158569336,2.1513678802875802e-05,1.0684926509857178
3997,48.68707482993198,49,48,0.9768707482993197,0.4528562128543854,27.688045501708984,1.2868351404904388e-05,0.20917963981628418
3998,59.333333333333336,24,20,0.8333333333333334,0.46776652336120605,56.72277069091797,1.2800297554349527e-05,1.3520803451538086
3999,63.95652173913043,23,20,0.8695652173913043,0.271291583776474,56.33832931518555,1.2841817806474864e-05,1.0272613763809204
4000,-105.4673202614379,204,202,0.9853267973856209,-0.15534524619579315,19.651447296142578,1.284044083149638e-05,0.4086102247238159
4001,-7.631578947368415,95,83,0.8736842105263158,0.005361196584999561,20.605623245239258,1.2823689758079126e-05,0.24968525767326355
4002,-4.592233009708749,103,102,0.9840776699029126,0.08216860145330429,25.522449493408203,1.2691424672084395e-05,0.6619940400123596
4003,-102.70149253731344,201,198,0.9829850746268657,-0.15738649666309357,19.585548400878906,1.2652700206672307e-05,0.13540019094944
4004,-9.541666666666664,96,83,0.8645833333333334,-0.044233158230781555,19.587608337402344,1.234452793141827e-05,0.060679398477077484
4005,49.027210884353735,49,49,0.9802721088435374,0.15779408812522888,43.47132110595703,1.202938801725395e-05,1.3523269891738892
4006,-99.21885521885523,198,196,0.9878114478114478,0.1996392160654068,11.402082443237305,1.2028232958982699e-05,0.140774205327034
4007,-5.961538461538467,104,103,0.9803846153846154,0.21319623291492462,18.062808990478516,1.1897343028977048e-05,0.3639433681964874
4008,-104.76026272577997,203,200,0.9823973727422003,0.4061225950717926,11.015889167785645,1.1945332516916096e-05,0.7013292908668518
4009,-4.254901960784325,102,100,0.9774509803921568,0.11948484927415848,17.842737197875977,1.191314458992565e-05,0.337813138961792
4010,-104.1881188118812,202,198,0.9781188118811881,0.19319583475589752,10.825852394104004,1.1929294487345032e-05,0.41117677092552185
4011,46.626666666666665,50,49,0.9662666666666667,0.062399137765169144,27.485994338989258,1.202702787850285e-05,1.1366571187973022
4012,-7.631578947368421,95,83,0.8736842105263158,-0.50762540102005,19.259315490722656,1.2158709978393745e-05,1.9568508863449097
4013,47.13333333333333,50,49,0.9713333333333334,-0.08939040452241898,23.49341583251953,1.2170019545010291e-05,0.3449169993400574
4014,40.95652173913044,46,40,0.8695652173913043,0.04074886813759804,34.46511459350586,1.2131004041293636e-05,0.19177007675170898
4015,40.95652173913043,46,40,0.8695652173913043,1.008018136024475,32.48638153076172,1.2547526239359286e-05,3.219174861907959
4016,63.95652173913042,23,20,0.8695652173913043,-0.45031046867370605,56.410736083984375,1.2443742889445275e-05,2.0987846851348877
4017,-7.107936507936504,105,104,0.978920634920635,-0.42917829751968384,14.751238822937012,1.2383256034809165e-05,0.17186735570430756
4018,40.95652173913044,46,40,0.8695652173913043,0.4151591956615448,31.043519973754883,1.2509347470768262e-05,1.1964834928512573
4019,-5.702127659574467,94,83,0.8829787234042553,-0.19615626335144043,14.836207389831543,1.2503974176070187e-05,0.31839773058891296
4020,-107.9243156199678,207,206,0.990756843800322,-0.5933588147163391,10.802301406860352,1.2442090337572154e-05,0.9506000280380249
4021,40.95652173913042,46,40,0.8695652173913043,-0.28717291355133057,38.37992477416992,1.2520056770881638e-05,1.561225414276123
4022,-2.9537953795379686,101,100,0.9804620462046204,-0.06728296726942062,15.654729843139648,1.2492024325183593e-05,0.29726171493530273
4023,38.10638297872341,47,40,0.851063829787234,0.34961533546447754,30.297374725341797,1.2403230357449502e-05,1.2204416990280151
4024,-6.480769230769234,104,102,0.9751923076923077,-0.09172502905130386,14.943582534790039,1.2195268936920911e-05,0.10253254324197769
4025,40.95652173913044,46,40,0.8695652173913043,0.5338923335075378,25.45746421813965,1.181731295218924e-05,1.838202714920044
4026,63.95652173913043,23,20,0.8695652173913043,-0.10255852341651917,45.1358528137207,1.1937864655919839e-05,1.8244279623031616
4027,-100.66834170854271,199,196,0.9833165829145729,0.3661058843135834,9.638930320739746,1.1548799193406012e-05,1.1644296646118164
4028,47.13333333333333,50,49,0.9713333333333334,-0.5873304605484009,23.618534088134766,1.1712443665601313e-05,1.9387352466583252
4029,49.027210884353735,49,49,0.9802721088435374,-0.577125608921051,28.291696548461914,1.1348376574460417e-05,0.8459804058074951
4030,-4.592233009708751,103,102,0.9840776699029126,0.23565343022346497,14.596877098083496,1.104066086554667e-05,0.12325010448694229
4031,-100.66834170854271,199,196,0.9833165829145729,0.015896782279014587,9.30916690826416,1.0886814379773568e-05,0.30220484733581543
4032,40.95652173913043,46,40,0.8695652173913043,0.22310897707939148,27.11737823486328,1.0888167707889806e-05,0.11505158245563507
4033,-108.53945249597425,207,204,0.9846054750402576,0.11125174164772034,12.832740783691406,1.0890526027651504e-05,0.712570309638977
4034,63.95652173913043,23,20,0.8695652173913043,0.8137349486351013,46.61190414428711,1.0213000678049866e-05,0.15752995014190674
4035,-9.54166666666666,96,83,0.8645833333333334,0.2991679906845093,16.468849182128906,1.019242154143285e-05,1.0449923276901245
4036,46.626666666666665,50,49,0.9662666666666667,-0.49797144532203674,35.66893768310547,1.0217775525234174e-05,0.8772211670875549
4037,63.95652173913043,23,20,0.8695652173913043,1.2977242469787598,58.093177795410156,1.0526390724407975e-05,2.093714714050293
4038,59.33333333333334,24,20,0.8333333333333334,-0.47638648748397827,61.46306610107422,1.1487133633636404e-05,4.24186897277832
4039,-108.45893719806764,207,204,0.9854106280193237,0.0244153905659914,12.5653657913208,1.1470329809526447e-05,0.3490237295627594
4040,63.95652173913044,23,20,0.8695652173913043,1.0484062433242798,48.258872985839844,1.1236466889386065e-05,1.3598501682281494
4041,49.36879432624113,47,46,0.9636879432624114,0.10448845475912094,24.220571517944336,1.0474961527506821e-05,0.34078913927078247
4042,-102.70149253731344,201,198,0.9829850746268657,0.3624267280101776,9.886287689208984,1.0475380804564338e-05,0.3812556266784668
4043,-4.592233009708751,103,102,0.9840776699029126,0.41245409846305847,18.12605094909668,1.0464663318998646e-05,0.7995415925979614
4044,40.95652173913044,46,40,0.8695652173913043,0.24683408439159393,29.418771743774414,1.0464051229064353e-05,0.5499316453933716
4045,-105.54575163398692,204,201,0.9845424836601308,0.14039640128612518,12.13263988494873,1.0460626072017476e-05,0.0008898294763639569
4046,48.10204081632653,49,48,0.9710204081632653,0.2591955065727234,21.18512725830078,1.046237775881309e-05,0.008913359604775906
4047,-104.76026272577998,203,200,0.9823973727422003,0.06810734421014786,11.44560432434082,1.00071038104943e-05,0.4108842611312866
4048,46.73333333333333,50,49,0.9673333333333334,0.10736624896526337,26.2061824798584,9.95772370515624e-06,0.7520567178726196
4049,-108.45893719806764,207,204,0.9854106280193237,-0.0027941076550632715,11.811327934265137,9.970952305593528e-06,0.3767480254173279
4050,-7.631578947368419,95,83,0.8736842105263158,0.28924810886383057,17.438804626464844,9.994081665354315e-06,0.47262102365493774
4051,59.333333333333336,24,20,0.8333333333333334,1.0487475395202637,57.0628547668457,9.756568033481017e-06,0.2180706411600113
4052,43.88888888888888,45,40,0.8888888888888888,1.411130666732788,37.79206466674805,1.0367813956690952e-05,3.0768980979919434
4053,63.95652173913043,23,20,0.8695652173913043,1.6265695095062256,49.682472229003906,1.1011654351023026e-05,3.494055986404419
4054,-7.63157894736842,95,83,0.8736842105263158,0.3921166658401489,18.753597259521484,1.1284850188530982e-05,2.187626361846924
4055,46.62666666666667,50,49,0.9662666666666667,0.16386821866035461,48.97465133666992,1.1247952897974756e-05,0.9645711183547974
4056,-110.85964912280703,209,206,0.9814035087719298,-0.1226310208439827,15.693462371826172,1.1135331078548916e-05,0.45109042525291443
4057,47.26666666666666,50,49,0.9726666666666667,0.8457009792327881,30.196107864379883,1.1468685443105642e-05,2.920731544494629
4058,-109.40064102564104,208,206,0.9859935897435897,-0.44251352548599243,11.124393463134766,1.1480950888653751e-05,0.649558961391449
4059,47.26666666666666,50,49,0.9726666666666667,0.24557165801525116,21.872699737548828,1.1509642718010582e-05,0.7004374861717224
4060,-105.44117647058823,204,202,0.9855882352941177,0.1996592879295349,10.559375762939453,1.151111428043805e-05,0.21643491089344025
4061,-11.432989690721655,97,83,0.8556701030927835,0.09236549586057663,17.00495147705078,1.1500280379550532e-05,0.30894604325294495
4062,40.95652173913042,46,40,0.8695652173913043,-0.19328337907791138,30.931032180786133,1.1863899089803454e-05,2.458244800567627
4063,40.95652173913044,46,40,0.8695652173913043,0.6692468523979187,31.907411575317383,1.187065845442703e-05,0.7025670409202576
4064,-106.94796747967479,205,202,0.980520325203252,0.1636659950017929,9.540284156799316,1.1881571481353603e-05,0.4209250509738922
4065,46.75163398692809,51,51,0.977516339869281,-0.05368781462311745,25.895505905151367,1.155237896455219e-05,0.08396723121404648
4066,40.95652173913043,46,40,0.8695652173913043,-0.6633253693580627,32.4971809387207,1.1831633855763357e-05,2.2723636627197266
4067,-9.54166666666666,96,83,0.8645833333333334,-0.1362888514995575,14.112099647521973,1.1841362720588222e-05,0.6430290341377258
4068,-105.54575163398694,204,201,0.9845424836601308,-0.5323837995529175,10.748549461364746,1.1658273251669016e-05,0.34594452381134033
4069,-9.54166666666667,96,83,0.8645833333333334,-0.38653185963630676,16.53921890258789,1.1659823030640837e-05,0.1953599900007248
4070,-3.422442244224425,101,99,0.9757755775577558,-0.17480680346488953,15.63319206237793,1.1636175258900039e-05,0.17804746329784393
4071,63.95652173913043,23,20,0.8695652173913043,-0.07465432584285736,44.58119583129883,1.1408325008233078e-05,1.257108211517334
4072,63.95652173913043,23,20,0.8695652173913043,0.616696298122406,45.349979400634766,1.1653515684884042e-05,2.7406723499298096
4073,-7.631578947368416,95,83,0.8736842105263158,-0.35843029618263245,17.9515380859375,1.1743968570954166e-05,1.2797294855117798
4074,63.95652173913043,23,20,0.8695652173913043,1.7564122676849365,53.666908264160156,1.2957852050021756e-05,4.4948039054870605
4075,46.46153846153847,52,52,0.9846153846153847,0.05509042739868164,30.34975242614746,1.2523378245532513e-05,1.612535834312439
4076,-9.54166666666666,96,83,0.8645833333333334,0.25660812854766846,16.44893455505371,1.2331163816270418e-05,0.40152642130851746
4077,43.89308176100629,53,52,0.9689308176100629,0.1490432620048523,23.012195587158203,1.2308534678595606e-05,1.2969541549682617
4078,-4.254901960784325,102,100,0.9774509803921568,-0.08031774312257767,12.760882377624512,1.2292713108763564e-05,0.09051252156496048
4079,40.95652173913043,46,40,0.8695652173913043,0.4542359709739685,31.99749755859375,1.1836429621325806e-05,0.08728133141994476
4080,-9.541666666666659,96,83,0.8645833333333334,-0.13923175632953644,16.518430709838867,1.1710345461324323e-05,0.24668966233730316
4081,-104.76026272577998,203,200,0.9823973727422003,-0.0008402710082009435,10.036896705627441,1.1695758985297289e-05,0.2776757776737213
4082,49.36879432624113,47,46,0.9636879432624114,-0.3570808172225952,29.3132266998291,1.1739824913092889e-05,1.0592437982559204
4083,-2.953795379537967,101,100,0.9804620462046204,-0.34906238317489624,15.632448196411133,1.1764557712012902e-05,0.5827016830444336
4084,47.13333333333333,50,49,0.9713333333333334,-0.22609339654445648,18.554588317871094,1.1575526514207013e-05,0.4213557839393616
4085,46.75163398692809,51,51,0.977516339869281,0.23947104811668396,26.266456604003906,1.1506713235576171e-05,0.5839791297912598
4086,-7.631578947368427,95,83,0.8736842105263158,0.46241500973701477,16.39440155029297,1.1573968549782876e-05,1.3276368379592896
4087,-100.66834170854271,199,196,0.9833165829145729,0.27564388513565063,8.87608528137207,1.159908151748823e-05,1.0461925268173218
4088,-106.9479674796748,205,202,0.980520325203252,0.05166186764836311,9.529467582702637,1.0432992894493509e-05,0.22728224098682404
4089,-105.54575163398692,204,201,0.9845424836601308,-0.010786972939968109,7.536761283874512,1.0363242836319841e-05,0.2108774483203888
4090,40.95652173913044,46,40,0.8695652173913043,0.30304768681526184,34.5255126953125,1.0409012247691862e-05,0.8815796971321106
4091,-5.961538461538465,104,103,0.9803846153846154,-0.0919303148984909,13.764200210571289,1.040937513607787e-05,0.029100077226758003
4092,48.68707482993197,49,48,0.9768707482993197,0.49463531374931335,26.476133346557617,1.0434507203171961e-05,0.7871822118759155
4093,40.95652173913043,46,40,0.8695652173913043,1.0578685998916626,33.77993392944336,1.1050116881961003e-05,3.5609805583953857
4094,46.46153846153846,52,52,0.9846153846153847,-0.03099610097706318,24.399255752563477,1.1042188816645648e-05,0.945902407169342
4095,-7.107936507936502,105,104,0.978920634920635,-0.3146616220474243,15.926674842834473,1.0922063665930182e-05,0.6683700084686279
4096,46.626666666666665,50,49,0.9662666666666667,-0.393792986869812,27.29661750793457,1.0922219189524185e-05,1.069494605064392
4097,-7.631578947368407,95,83,0.8736842105263158,0.050016969442367554,16.906055450439453,1.0927128641924355e-05,0.4857499897480011
4098,-108.53945249597425,207,204,0.9846054750402576,-0.5228484272956848,8.646957397460938,1.0807551007019356e-05,0.4955079257488251
4099,40.95652173913043,46,40,0.8695652173913043,-0.1382741630077362,33.40488815307617,1.0764377293526195e-05,0.7028596997261047
4100,-100.66834170854271,199,196,0.9833165829145729,-0.03270035609602928,8.419543266296387,1.074187002814142e-05,0.3956635892391205
4101,-9.541666666666659,96,83,0.8645833333333334,0.41707494854927063,14.675293922424316,1.0964105968014337e-05,2.1974427700042725
4102,46.62666666666667,50,49,0.9662666666666667,-0.20873002707958221,22.619802474975586,1.091431659006048e-05,0.4336565136909485
4103,63.95652173913044,23,20,0.8695652173913043,0.3939908444881439,59.52901077270508,1.0968266906274948e-05,0.687516450881958
4104,46.75163398692809,51,51,0.977516339869281,-0.013250287622213364,23.891742706298828,1.0969696631946135e-05,0.09585511684417725
4105,-104.76026272577998,203,200,0.9823973727422003,-0.17570243775844574,10.966238975524902,1.0894397746596951e-05,0.28424981236457825
4106,-9.54166666666667,96,83,0.8645833333333334,0.27210116386413574,16.059919357299805,1.105916999222245e-05,1.9328489303588867
4107,-9.54166666666666,96,83,0.8645833333333334,-0.433719664812088,17.41023826599121,1.1174224709975533e-05,1.1167762279510498
4108,-4.254901960784316,102,100,0.9774509803921568,-0.15354563295841217,16.301820755004883,1.117370538850082e-05,0.2076544463634491
4109,63.95652173913044,23,20,0.8695652173913043,1.7878061532974243,52.50804138183594,1.1892468137375545e-05,3.7250795364379883
4110,-2.81518151815183,101,100,0.9818481848184818,0.024669304490089417,11.452210426330566,1.1944730431423523e-05,0.6583783626556396
4111,-110.85964912280703,209,206,0.9814035087719298,-0.09515358507633209,8.093109130859375,1.1954885849263519e-05,0.7092275619506836
4112,46.46153846153846,52,52,0.9846153846153847,0.0928247943520546,24.3458309173584,1.183385120384628e-05,1.9979383945465088
4113,40.95652173913043,46,40,0.8695652173913043,0.6701239347457886,27.857656478881836,1.2059881555614993e-05,2.2139530181884766
4114,40.95652173913043,46,40,0.8695652173913043,-0.008405495434999466,35.62492752075195,1.230130328622181e-05,1.7399405241012573
4115,-7.107936507936512,105,104,0.978920634920635,-0.595216691493988,14.50522232055664,1.1790230928454548e-05,0.34120315313339233
4116,40.95652173913043,46,40,0.8695652173913043,0.06980514526367188,26.764848709106445,1.1468421689642128e-05,0.33887746930122375
4117,-100.66834170854271,199,196,0.9833165829145729,0.1140466034412384,7.409340858459473,1.1456421816546936e-05,0.20084646344184875
4118,-9.541666666666668,96,83,0.8645833333333334,-0.24138808250427246,15.245597839355469,1.1476729014248122e-05,0.8245536088943481
4119,-9.541666666666664,96,83,0.8645833333333334,-0.2651413083076477,14.458587646484375,1.1521789929247461e-05,0.7745733857154846
4120,-7.6315789473684195,95,83,0.8736842105263158,-0.13230104744434357,16.710895538330078,1.1466238902357873e-05,0.4879688620567322
4121,-7.051282051282053,104,101,0.9694871794871794,0.2578206956386566,14.75071907043457,1.1407119927753229e-05,1.8268290758132935
4122,63.95652173913042,23,20,0.8695652173913043,-0.5263555645942688,47.852237701416016,1.3286175089888275e-05,5.259037971496582
4123,49.027210884353735,49,49,0.9802721088435374,0.01338550727814436,28.632097244262695,1.3291069080878515e-05,1.2599958181381226
4124,40.95652173913042,46,40,0.8695652173913043,-0.30502453446388245,29.35371971130371,1.3340937584871426e-05,0.6766752004623413
4125,63.95652173913043,23,20,0.8695652173913043,-0.8230287432670593,47.96998977661133,1.4787047803110909e-05,4.921323299407959
4126,-9.043613707165111,107,105,0.979563862928349,0.4928107261657715,16.50472068786621,1.4678393199574202e-05,1.6774461269378662
4127,-5.961538461538465,104,103,0.9803846153846154,-0.44111472368240356,12.395662307739258,1.4988519069447648e-05,2.271939992904663
4128,-7.107936507936509,105,104,0.978920634920635,-0.21551573276519775,17.207000732421875,1.474453165428713e-05,0.8899940848350525
4129,-5.702127659574473,94,83,0.8829787234042553,0.22431956231594086,16.060684204101562,1.4685993846796919e-05,0.5673232078552246
4130,-7.631578947368418,95,83,0.8736842105263158,0.2215966284275055,14.543091773986816,1.4700622159580234e-05,0.7011182308197021
4131,-9.541666666666668,96,83,0.8645833333333334,-0.6561853885650635,15.688102722167969,1.5137634363782126e-05,2.51133131980896
4132,47.29931972789115,49,48,0.9629931972789115,-0.5858131647109985,24.959205627441406,1.5195356354524847e-05,0.8290669918060303
4133,-9.54166666666666,96,83,0.8645833333333334,0.5076545476913452,15.459196090698242,1.528434040665161e-05,1.4970784187316895
4134,59.333333333333336,24,20,0.8333333333333334,-1.8117234706878662,60.84134292602539,2.1729387299274094e-05,10.093428611755371
4135,-107.9243156199678,207,206,0.990756843800322,0.3301529586315155,12.229157447814941,2.1719719370594248e-05,0.9590938687324524
4136,46.75163398692809,51,51,0.977516339869281,0.4563092291355133,31.259014129638672,2.1917505364399403e-05,2.1455352306365967
4137,40.95652173913043,46,40,0.8695652173913043,0.643333911895752,27.166399002075195,2.1826579541084357e-05,1.6765931844711304
4138,-7.107936507936511,105,104,0.978920634920635,-0.9302502870559692,14.621100425720215,2.1205409211688675e-05,2.8710906505584717
4139,63.95652173913042,23,20,0.8695652173913043,0.7345827221870422,48.438297271728516,2.1202362404437736e-05,0.12677551805973053
4140,47.29931972789115,49,48,0.9629931972789115,-0.26319295167922974,23.727052688598633,2.1107931388542056e-05,0.034389350563287735
4141,63.95652173913043,23,20,0.8695652173913043,0.7516525387763977,46.949562072753906,2.1122577891219407e-05,0.787392795085907
4142,-110.85964912280703,209,206,0.9814035087719298,0.061919040977954865,9.669711112976074,2.1127556465216912e-05,0.26552271842956543
4143,40.95652173913044,46,40,0.8695652173913043,-0.18898345530033112,28.48599624633789,2.109766319335904e-05,0.47963082790374756
4144,63.95652173913042,23,20,0.8695652173913043,-0.606846272945404,54.747535705566406,2.2422560505219735e-05,4.58238410949707
4145,40.95652173913043,46,40,0.8695652173913043,-0.22232705354690552,38.420982360839844,2.2621645257459022e-05,1.7275594472885132
4146,40.95652173913043,46,40,0.8695652173913043,0.02899600751698017,29.1528263092041,2.2678013920085505e-05,1.0261600017547607
4147,-9.54166666666666,96,83,0.8645833333333334,-0.4427952170372009,17.730304718017578,2.28636108658975e-05,1.707939624786377
4148,-7.0512820512820635,104,101,0.9694871794871794,-0.0069814687594771385,13.46864128112793,2.2837219148641452e-05,0.21562260389328003
4149,-9.54166666666666,96,83,0.8645833333333334,0.24375131726264954,16.6152286529541,2.2864711354486644e-05,0.79038006067276
4150,63.95652173913043,23,20,0.8695652173913043,0.3823952376842499,49.7392578125,2.285398295498453e-05,0.05634652078151703
4151,40.95652173913043,46,40,0.8695652173913043,-0.13601262867450714,29.198484420776367,2.2855925635667518e-05,0.2918685972690582
4152,63.95652173913043,23,20,0.8695652173913043,0.644909143447876,48.1121711730957,2.2282620193436742e-05,0.016701070591807365
4153,-9.54166666666666,96,83,0.8645833333333334,-0.08297306299209595,16.740520477294922,2.153120658476837e-05,0.22254396975040436
4154,40.95652173913043,46,40,0.8695652173913043,0.5388686656951904,29.45808982849121,2.1921041479799896e-05,3.328024387359619
4155,-9.541666666666663,96,83,0.8645833333333334,0.05428922176361084,14.757462501525879,2.187148311350029e-05,0.3767133355140686
4156,-105.46732026143792,204,202,0.9853267973856209,0.3063048720359802,11.731637001037598,2.1887250113650225e-05,0.6727434396743774
4157,-9.541666666666666,96,83,0.8645833333333334,-0.27653738856315613,14.787084579467773,2.1423866201075725e-05,1.13579261302948
4158,63.95652173913043,23,20,0.8695652173913043,0.7024750113487244,44.525455474853516,2.150324871763587e-05,1.240477204322815
4159,-104.76026272577998,203,200,0.9823973727422003,0.02197321504354477,10.040443420410156,2.147910709027201e-05,0.2632526755332947
4160,-9.541666666666666,96,83,0.8645833333333334,-0.2786509096622467,16.24483299255371,2.1533933249884285e-05,0.9959688782691956
4161,43.88888888888888,45,40,0.8888888888888888,0.5547370910644531,35.50593185424805,2.1742323951912113e-05,1.8316898345947266
4162,63.95652173913043,23,20,0.8695652173913043,1.5686943531036377,50.65803146362305,2.2982554582995363e-05,5.145663261413574
4163,38.10638297872341,47,40,0.851063829787234,0.4308358132839203,34.0629768371582,2.3190532374428585e-05,2.009500026702881
4164,-7.631578947368417,95,83,0.8736842105263158,0.011831574141979218,14.670461654663086,2.3197584596346132e-05,0.42270976305007935
4165,43.888888888888886,45,40,0.8888888888888888,-0.21220341324806213,26.562156677246094,2.3474884073948488e-05,2.073103666305542
4166,-7.631578947368421,95,83,0.8736842105263158,-0.18991906940937042,17.03453826904297,2.33292012126185e-05,1.6889456510543823
4167,-2.8151815181518285,101,100,0.9818481848184818,0.3676536977291107,14.40870189666748,2.3328741008299403e-05,0.5513933300971985
4168,40.95652173913043,46,40,0.8695652173913043,0.2058214247226715,29.48226547241211,2.3319627871387638e-05,0.03803994506597519
4169,40.95652173913043,46,40,0.8695652173913043,-0.19573836028575897,28.129480361938477,2.3532984414487146e-05,1.8377748727798462
4170,-9.54166666666666,96,83,0.8645833333333334,-0.014768454246222973,13.255608558654785,2.3534652427770197e-05,0.23750101029872894
4171,40.95652173913043,46,40,0.8695652173913043,-0.21837057173252106,25.62201499938965,2.353823947487399e-05,1.279714584350586
4172,40.95652173913043,46,40,0.8695652173913043,0.16155749559402466,22.576156616210938,2.3119704565033317e-05,0.8249543905258179
4173,-6.480769230769235,104,102,0.9751923076923077,-0.3173028826713562,18.462135314941406,2.306775058968924e-05,0.8922940492630005
4174,38.1063829787234,47,40,0.851063829787234,-0.2524269223213196,26.685165405273438,2.189670158259105e-05,1.2146425247192383
4175,-6.480769230769239,104,102,0.9751923076923077,0.18933328986167908,21.50084114074707,2.1741607270087115e-05,0.46644675731658936
4176,-9.541666666666664,96,83,0.8645833333333334,-0.01839042454957962,15.753786087036133,2.178127942897845e-05,1.0029096603393555
4177,63.95652173913044,23,20,0.8695652173913043,-0.6489140391349792,49.39017868041992,2.2709691620548256e-05,4.233732223510742
4178,47.26666666666666,50,49,0.9726666666666667,-0.23232759535312653,40.65077590942383,2.2728951080353e-05,0.4293988347053528
4179,-7.631578947368414,95,83,0.8736842105263158,0.14510414004325867,14.940840721130371,2.2728605472366326e-05,0.33547404408454895
4180,63.95652173913044,23,20,0.8695652173913043,0.5037336945533752,42.35948181152344,2.2726737370248884e-05,0.4776957929134369
4181,40.95652173913044,46,40,0.8695652173913043,-0.1042269766330719,21.466386795043945,2.271618359372951e-05,0.21508316695690155
4182,63.95652173913043,23,20,0.8695652173913043,1.3485380411148071,49.448917388916016,2.3745122234686278e-05,4.073978424072266
4183,38.10638297872341,47,40,0.851063829787234,-0.3235171437263489,35.86318588256836,2.3750184482196346e-05,0.6605647802352905
4184,-5.702127659574464,94,83,0.8829787234042553,0.17232470214366913,17.680978775024414,2.3747661543893628e-05,0.35124483704566956
4185,43.888888888888886,45,40,0.8888888888888888,0.6547120213508606,27.693052291870117,2.394151124462951e-05,1.8090598583221436
4186,46.75163398692809,51,51,0.977516339869281,-0.15235622227191925,31.73701286315918,2.385351763223298e-05,0.8594340682029724
4187,40.95652173913042,46,40,0.8695652173913043,0.3704755902290344,30.496105194091797,2.3885033442638814e-05,1.2506736516952515
4188,63.95652173913043,23,20,0.8695652173913043,0.5431673526763916,47.7598991394043,2.395501905994024e-05,1.0167914628982544
4189,59.33333333333334,24,20,0.8333333333333334,-0.6582260131835938,47.438629150390625,2.4566237698309124e-05,3.27689528465271
4190,46.626666666666665,50,49,0.9662666666666667,-0.3592113256454468,40.2503776550293,2.4561652026022784e-05,0.5890908241271973
4191,-9.54166666666667,96,83,0.8645833333333334,-0.16822190582752228,18.956022262573242,2.462797419866547e-05,1.1606515645980835
4192,-5.702127659574467,94,83,0.8829787234042553,0.29965516924858093,19.5687198638916,2.4578632292104885e-05,0.06544879823923111
4193,-7.631578947368416,95,83,0.8736842105263158,0.5759955644607544,17.565977096557617,2.3834258172428235e-05,1.1391195058822632
4194,40.95652173913043,46,40,0.8695652173913043,0.4931507706642151,28.233863830566406,2.3969498215592466e-05,1.6917834281921387
4195,63.95652173913043,23,20,0.8695652173913043,0.93300461769104,41.15011215209961,2.404557199042756e-05,1.231627345085144
4196,-108.45893719806764,207,204,0.9854106280193237,0.02472664788365364,13.692631721496582,2.3992994101718068e-05,0.24955405294895172
4197,59.33333333333334,24,20,0.8333333333333334,0.5631124377250671,45.567344665527344,2.396964919171296e-05,0.24363191425800323
4198,43.89308176100629,53,52,0.9689308176100629,-0.35666805505752563,31.610210418701172,2.3961885744938627e-05,0.1370367407798767
4199,-110.85964912280703,209,206,0.9814035087719298,0.26883089542388916,11.059771537780762,2.3965547370607965e-05,0.48722076416015625
4200,-4.254901960784324,102,100,0.9774509803921568,0.04788261651992798,14.911609649658203,2.3952487026690505e-05,0.38587793707847595
4201,-102.70149253731344,201,198,0.9829850746268657,0.24361348152160645,9.314517974853516,2.361616316193249e-05,0.029720863327383995
4202,-9.541666666666664,96,83,0.8645833333333334,0.32337257266044617,16.147794723510742,2.3624528694199398e-05,0.5393660068511963
4203,-1.446666666666672,100,99,0.9855333333333334,0.015144959092140198,16.31475257873535,2.3621838408871554e-05,0.6447448134422302
4204,49.36879432624113,47,46,0.9636879432624114,0.12639032304286957,30.30030632019043,2.3662099920329638e-05,0.6591898798942566
4205,38.10638297872341,47,40,0.851063829787234,0.6740614175796509,30.844669342041016,2.4077184207271785e-05,2.4931650161743164
4206,40.95652173913044,46,40,0.8695652173913043,-0.1088147982954979,29.789459228515625,2.3828251869417727e-05,0.6364434361457825
4207,59.333333333333336,24,20,0.8333333333333334,1.0606821775436401,56.853973388671875,2.3812051949789748e-05,0.6872700452804565
4208,46.75163398692809,51,51,0.977516339869281,-0.07333062589168549,28.682720184326172,2.3820140995667316e-05,0.23979595303535461
4209,-3.42244224422443,101,99,0.9757755775577558,-0.05471579357981682,17.290908813476562,2.2899283067090437e-05,0.06457110494375229
4210,63.95652173913044,23,20,0.8695652173913043,1.003402590751648,51.693763732910156,2.333452175662387e-05,2.5573244094848633
4211,40.95652173913043,46,40,0.8695652173913043,-0.766819417476654,31.817157745361328,2.3580410925205797e-05,2.2174973487854004
4212,48.68707482993197,49,48,0.9768707482993197,0.6401907801628113,30.193866729736328,2.3473383407690562e-05,1.5460991859436035
4213,47.26666666666667,50,49,0.9726666666666667,-0.24180392920970917,20.363990783691406,2.3198417693492956e-05,1.2743401527404785
4214,46.75163398692809,51,51,0.977516339869281,-0.1436975598335266,26.183298110961914,2.3048476577969268e-05,0.20831431448459625
4215,40.95652173913043,46,40,0.8695652173913043,0.8762934803962708,32.960166931152344,2.3573398721055128e-05,2.7682511806488037
4216,-108.45893719806764,207,204,0.9854106280193237,0.07271382212638855,8.646111488342285,2.366882108617574e-05,1.1277287006378174
4217,46.626666666666665,50,49,0.9662666666666667,-0.21087634563446045,25.443286895751953,2.3665941625949927e-05,0.3783707916736603
4218,48.10204081632652,49,48,0.9710204081632653,-0.05286989361047745,21.035234451293945,2.3696647986071184e-05,1.1214286088943481
4219,-7.6315789473684195,95,83,0.8736842105263158,0.07699104398488998,17.124895095825195,2.3717404474155046e-05,0.741851270198822
4220,46.75163398692809,51,51,0.977516339869281,0.16292089223861694,17.507659912109375,2.375063741055783e-05,0.7103928923606873
4221,47.13333333333333,50,49,0.9713333333333334,-0.033397238701581955,16.401098251342773,2.360373218834866e-05,1.0602794885635376
4222,-108.45893719806764,207,204,0.9854106280193237,-0.42897242307662964,9.409441947937012,2.1958438082947396e-05,0.07485790550708771
4223,-9.54166666666666,96,83,0.8645833333333334,-0.07986781001091003,17.03993034362793,2.190592022088822e-05,0.8850218653678894
4224,-108.53945249597425,207,204,0.9846054750402576,-0.5185949206352234,8.805709838867188,2.188292273785919e-05,0.0002932774368673563
4225,47.62585034013605,49,48,0.9662585034013605,0.013539553619921207,19.273357391357422,2.0778488760697655e-05,2.4422762393951416
4226,-102.70149253731344,201,198,0.9829850746268657,-0.03866106644272804,7.52354621887207,2.0623781892936677e-05,0.5318145751953125
4227,-110.85964912280703,209,206,0.9814035087719298,-0.10643687844276428,7.681790828704834,2.0304254576331005e-05,0.178949773311615
4228,63.95652173913043,23,20,0.8695652173913043,0.3521825671195984,68.26871490478516,2.0259531083866023e-05,0.19425490498542786
4229,63.95652173913043,23,20,0.8695652173913043,-1.5147935152053833,59.145790100097656,2.2488968170364387e-05,6.059770584106445
4230,-7.631578947368424,95,83,0.8736842105263158,-0.26332277059555054,15.820327758789062,2.2458376406575553e-05,0.32707133889198303
4231,-7.631578947368421,95,83,0.8736842105263158,-0.6659345030784607,16.214401245117188,2.2188734874362126e-05,1.3434607982635498
4232,-105.54575163398694,204,201,0.9845424836601308,-0.7664282321929932,12.037956237792969,2.2156797058414668e-05,0.3546438217163086
4233,-7.631578947368421,95,83,0.8736842105263158,-0.6704423427581787,18.435258865356445,2.2010761313140392e-05,0.2208961397409439
4234,-110.85964912280701,209,206,0.9814035087719298,-0.5069488883018494,10.284992218017578,1.5756191714899614e-05,0.36733514070510864
4235,63.95652173913043,23,20,0.8695652173913043,-0.3025273084640503,55.0210075378418,1.6009682440198958e-05,2.2136991024017334
4236,48.10204081632652,49,48,0.9710204081632653,-0.46156734228134155,21.504579544067383,1.5799707398400642e-05,1.126178503036499
4237,63.95652173913042,23,20,0.8695652173913043,-0.5536502599716187,59.074432373046875,1.6170799426618032e-05,3.05251407623291
4238,-107.9243156199678,207,206,0.990756843800322,0.43668264150619507,12.101247787475586,1.5702536984463222e-05,0.5021674633026123
4239,-108.45893719806764,207,204,0.9854106280193237,0.56490558385849,13.508044242858887,1.5702011296525598e-05,0.1845189332962036
4240,40.95652173913043,46,40,0.8695652173913043,-0.0669655054807663,38.17048263549805,1.5701634765719064e-05,0.05562354251742363
4241,-7.631578947368423,95,83,0.8736842105263158,0.38097506761550903,19.89222526550293,1.5676518160034902e-05,0.4899481534957886
4242,-4.9158576051780045,103,102,0.98084142394822,0.4156892001628876,16.908109664916992,1.5795365470694378e-05,1.3671869039535522
4243,63.95652173913043,23,20,0.8695652173913043,-0.6294466853141785,51.509803771972656,1.615044311620295e-05,2.4819929599761963
4244,59.33333333333334,24,20,0.8333333333333334,0.29706010222435,58.07258605957031,1.4891983482812066e-05,0.5522635579109192
4245,40.95652173913044,46,40,0.8695652173913043,-0.6246706247329712,29.33822250366211,1.4710108189319726e-05,0.23166120052337646
4246,-7.051282051282057,104,101,0.9694871794871794,-0.4938279688358307,11.711630821228027,1.464692013541935e-05,0.0863041952252388
4247,-106.9479674796748,205,202,0.980520325203252,-0.3678666651248932,8.778399467468262,1.4492374248220585e-05,0.6534818410873413
4248,-7.6315789473684195,95,83,0.8736842105263158,-0.44708380103111267,17.25491714477539,1.4499479220830835e-05,0.396347314119339
4249,-7.631578947368413,95,83,0.8736842105263158,-0.48763155937194824,15.818343162536621,1.4487964108411688e-05,0.650798499584198
4250,-9.541666666666668,96,83,0.8645833333333334,-0.22443793714046478,15.812726974487305,1.4503089005302172e-05,0.4992259442806244
4251,40.95652173913043,46,40,0.8695652173913043,-0.5727174878120422,26.91065788269043,1.4505012586596422e-05,0.3408936560153961
4252,40.95652173913043,46,40,0.8695652173913043,-0.24962525069713593,31.412721633911133,1.4505551007459871e-05,0.09782113879919052
4253,-110.85964912280703,209,206,0.9814035087719298,0.051481325179338455,8.176334381103516,1.4507266314467415e-05,0.2896670401096344
4254,48.10204081632652,49,48,0.9710204081632653,-0.20692041516304016,20.653305053710938,1.3850724826625083e-05,0.8158963918685913
4255,63.95652173913043,23,20,0.8695652173913043,-0.20434042811393738,50.867950439453125,1.4093991012487095e-05,2.0978288650512695
4256,49.36879432624113,47,46,0.9636879432624114,0.002532831858843565,30.596656799316406,1.4175172509567346e-05,1.2962971925735474
4257,47.13333333333333,50,49,0.9713333333333334,-0.364892840385437,28.295717239379883,1.4105606169323437e-05,0.08626575767993927
4258,40.95652173913042,46,40,0.8695652173913043,-1.2711559534072876,28.938018798828125,1.4890224520058837e-05,3.888185501098633
4259,40.95652173913043,46,40,0.8695652173913043,-0.29263994097709656,30.855199813842773,1.4904756426403765e-05,0.40629106760025024
4260,-104.76026272577997,203,200,0.9823973727422003,-0.018110131844878197,9.639824867248535,1.4873979125695769e-05,0.6509246230125427
4261,-3.3594771241830124,102,101,0.9864052287581699,0.2786916494369507,15.901294708251953,1.4729228496435098e-05,1.076637625694275
4262,-110.85964912280701,209,206,0.9814035087719298,-0.011339438147842884,8.729866027832031,1.3015336662647314e-05,0.028450898826122284
4263,43.888888888888886,45,40,0.8888888888888888,-0.07011604309082031,28.91865348815918,1.2734642950817943e-05,0.25191789865493774
4264,40.95652173913044,46,40,0.8695652173913043,-1.0294349193572998,28.13226318359375,1.3169210433261469e-05,2.8525686264038086
4265,40.95652173913043,46,40,0.8695652173913043,-0.3021509349346161,24.99875831604004,1.2951222743140534e-05,0.06983910501003265
4266,59.33333333333333,24,20,0.8333333333333334,-0.17494049668312073,58.44361114501953,1.2858952686656266e-05,1.066104769706726
4267,-9.541666666666664,96,83,0.8645833333333334,-0.0903811901807785,16.94584083557129,1.2851123756263405e-05,0.03270186111330986
4268,47.26666666666666,50,49,0.9726666666666667,-0.42144590616226196,31.28360366821289,1.3004821994400118e-05,1.769882082939148
4269,63.95652173913044,23,20,0.8695652173913043,0.5776113271713257,54.035186767578125,1.2944734407938085e-05,1.1739776134490967
4270,63.95652173913043,23,20,0.8695652173913043,-0.08852966874837875,48.2576789855957,1.3138938811607659e-05,1.9403855800628662
4271,-9.541666666666664,96,83,0.8645833333333334,0.0508122555911541,15.010965347290039,1.3081426004646346e-05,0.39524611830711365
4272,40.95652173913044,46,40,0.8695652173913043,-0.009860865771770477,24.438425064086914,1.3083431440463755e-05,0.8414158225059509
4273,-9.541666666666664,96,83,0.8645833333333334,0.11539897322654724,15.162619590759277,1.31623519337154e-05,1.211966633796692
4274,38.1063829787234,47,40,0.851063829787234,-0.15953455865383148,31.846067428588867,1.3268544535094406e-05,1.5893590450286865
4275,43.89308176100629,53,52,0.9689308176100629,-0.6475726962089539,32.30559539794922,1.337012872681953e-05,1.5258556604385376
4276,-4.59223300970875,103,102,0.9840776699029126,0.10778051614761353,15.114176750183105,1.3334171853784937e-05,0.558950662612915
4277,-99.21885521885523,198,196,0.9878114478114478,0.3653557300567627,9.50554084777832,1.2282281204534229e-05,0.015419644303619862
4278,-8.93769470404985,107,106,0.9806230529595016,0.20820793509483337,19.98868179321289,1.2269334547454491e-05,0.1426411122083664
4279,-2.815181518151828,101,100,0.9818481848184818,0.5566021800041199,16.332693099975586,1.226555832545273e-05,0.14042958617210388
4280,59.333333333333336,24,20,0.8333333333333334,1.841734528541565,57.9843864440918,1.3061767276667524e-05,3.559372901916504
4281,40.95652173913043,46,40,0.8695652173913043,-0.18852432072162628,28.19624137878418,1.3135562767274678e-05,1.1518620252609253
4282,-6.480769230769238,104,102,0.9751923076923077,-0.3519815504550934,16.448997497558594,1.2102965229132678e-05,0.7340607643127441
4283,63.95652173913043,23,20,0.8695652173913043,-0.9403610229492188,55.1745719909668,1.3567420865001623e-05,5.024108409881592
4284,47.62585034013605,49,48,0.9662585034013605,-0.48847323656082153,35.54181671142578,1.3570387636718806e-05,0.4056854248046875
4285,40.95652173913044,46,40,0.8695652173913043,-0.6944907307624817,28.587825775146484,1.3727715668210294e-05,2.7009811401367188
4286,59.33333333333334,24,20,0.8333333333333334,-0.09111503511667252,53.360958099365234,1.3734797903453e-05,0.939954400062561
4287,-105.54575163398694,204,201,0.9845424836601308,0.11357758939266205,7.842350006103516,1.3609281268145423e-05,0.020194537937641144
4288,63.95652173913043,23,20,0.8695652173913043,0.5535261034965515,59.57448959350586,1.3519722415367141e-05,0.01412488054484129
4289,63.95652173913042,23,20,0.8695652173913043,0.6310869455337524,53.413673400878906,1.2968386727152392e-05,0.5739964246749878
4290,40.95652173913044,46,40,0.8695652173913043,0.23798218369483948,30.771888732910156,1.2937802239321172e-05,0.11698761582374573
4291,-8.93769470404985,107,106,0.9806230529595016,-0.29853010177612305,16.548721313476562,1.2877379958808888e-05,0.14245012402534485
4292,-108.53945249597425,207,204,0.9846054750402576,-0.8151007294654846,9.751428604125977,1.2958530533069279e-05,1.343871831893921
4293,63.95652173913044,23,20,0.8695652173913043,0.5174992084503174,66.53512573242188,1.2944446098117623e-05,1.0493810176849365
4294,-105.54575163398694,204,201,0.9845424836601308,-0.3526080548763275,8.822404861450195,1.2728173715004232e-05,0.3675401508808136
4295,-4.2549019607843235,102,100,0.9774509803921568,0.15941794216632843,12.099230766296387,1.2667062037508003e-05,0.8293987512588501
4296,-9.541666666666655,96,83,0.8645833333333334,0.37718668580055237,17.074214935302734,1.2801666343875695e-05,1.2822022438049316
4297,-9.043613707165111,107,105,0.979563862928349,0.5316003561019897,13.224817276000977,2.627363573992625e-05,14.843384742736816
4298,63.95652173913043,23,20,0.8695652173913043,2.369044542312622,51.77464294433594,2.9337032174225897e-05,6.91495418548584
4299,-108.53945249597423,207,204,0.9846054750402576,-0.05771655589342117,8.523833274841309,2.943359322671313e-05,1.4199718236923218
4300,-3.3594771241830124,102,101,0.9864052287581699,0.09776238352060318,13.669425964355469,3.199991988367401e-05,6.447861194610596
4301,-104.76026272577997,203,200,0.9823973727422003,0.1002630963921547,7.892215251922607,3.4018830774584785e-05,5.731069087982178
4302,-110.85964912280703,209,206,0.9814035087719298,-0.0639806017279625,7.658183574676514,3.404668314033188e-05,0.8620312213897705
4303,46.564102564102555,52,52,0.9856410256410256,0.2215145081281662,21.91904067993164,4.818186062038876e-05,15.203460693359375
4304,-4.592233009708751,103,102,0.9840776699029126,0.2382647842168808,12.045511245727539,4.8155598051380366e-05,0.3124634623527527
4305,-100.66834170854271,199,196,0.9833165829145729,-0.31520602107048035,7.882404804229736,4.8234294808935374e-05,2.8599226474761963
4306,-5.702127659574469,94,83,0.8829787234042553,0.4091866612434387,18.487747192382812,5.223744301474653e-05,8.108824729919434
4307,63.95652173913044,23,20,0.8695652173913043,1.8305085897445679,54.251564025878906,6.166802631923929e-05,12.39242935180664
4308,-5.961538461538469,104,103,0.9803846153846154,-0.1202254369854927,14.768795013427734,6.167089304653928e-05,0.3968888223171234
4309,-102.70149253731344,201,198,0.9829850746268657,0.17546343803405762,5.5736846923828125,6.1889695643913e-05,1.8994159698486328
4310,59.333333333333336,24,20,0.8333333333333334,1.1306285858154297,56.227508544921875,0.005356851499527693,294.68218994140625
4311,40.95652173913044,46,40,0.8695652173913043,-0.19146455824375153,31.508995056152344,0.005357640795409679,4.216519355773926
4312,40.95652173913042,46,40,0.8695652173913043,0.3363626003265381,28.82491111755371,0.005357761401683092,2.108562707901001
4313,63.95652173913043,23,20,0.8695652173913043,1.3227312564849854,50.16837692260742,0.0053584882989525795,3.715336561203003
4314,-102.70149253731344,201,198,0.9829850746268657,-0.41231629252433777,7.136355876922607,0.005360267125070095,5.4194512367248535
4315,47.26666666666666,50,49,0.9726666666666667,0.2368364781141281,27.703693389892578,0.005360027309507132,1.9496997594833374
4316,-99.21885521885523,198,196,0.9878114478114478,-0.061938006430864334,8.61064338684082,0.005360803101211786,3.691348075866699
4317,-4.2549019607843235,102,100,0.9774509803921568,-0.015305787324905396,11.699346542358398,0.0053609744645655155,1.7509698867797852
4318,40.95652173913044,46,40,0.8695652173913043,-0.8175156712532043,31.162708282470703,0.005362165626138449,4.501353740692139
4319,46.46153846153846,52,52,0.9846153846153847,-0.23184223473072052,27.712509155273438,0.005362282041460276,1.5807360410690308
4320,-7.631578947368414,95,83,0.8736842105263158,-0.2889476716518402,18.89342498779297,0.005369945894926786,11.22290325164795
4321,40.95652173913043,46,40,0.8695652173913043,-1.2675825357437134,29.26436996459961,0.005371376872062683,4.969916820526123
4322,-100.66834170854271,199,196,0.9833165829145729,-0.1206221953034401,6.664255619049072,0.00537137920036912,0.23671811819076538
4323,-5.9615384615384555,104,103,0.9803846153846154,-0.24327760934829712,14.545257568359375,0.0053713624365627766,0.8847721219062805
4324,-7.6315789473684195,95,83,0.8736842105263158,-0.5455558896064758,16.05019760131836,0.005371519364416599,1.681999683380127
4325,47.29931972789115,49,48,0.9629931972789115,-0.6103694438934326,25.646873474121094,0.00537113007158041,0.6225816011428833
4326,48.68707482993197,49,48,0.9768707482993197,-0.43426522612571716,33.500030517578125,0.005371228326112032,1.5487267971038818
4327,40.95652173913044,46,40,0.8695652173913043,-0.05552562326192856,29.975866317749023,0.005371237173676491,0.23901069164276123
4328,47.26666666666667,50,49,0.9726666666666667,0.6471214890480042,22.7314510345459,0.005371400620788336,1.5399349927902222
4329,-104.76026272577997,203,200,0.9823973727422003,0.21624557673931122,8.938445091247559,0.005369465798139572,1.9950547218322754
4330,-9.043613707165107,107,105,0.979563862928349,0.10899370163679123,16.916444778442383,0.005372312851250172,6.820189476013184
4331,-105.54575163398694,204,201,0.9845424836601308,0.16441628336906433,6.931591510772705,0.005372822284698486,3.11245059967041
4332,63.95652173913043,23,20,0.8695652173913043,1.326648235321045,59.60943603515625,0.005374202039092779,4.712034702301025
4333,63.95652173913044,23,20,0.8695652173913043,0.6177317500114441,50.62256622314453,0.005374349653720856,1.568476676940918
4334,-7.631578947368412,95,83,0.8736842105263158,-0.02575053833425045,15.307111740112305,0.005374525208026171,1.7614760398864746
4335,-7.631578947368423,95,83,0.8736842105263158,-0.785365641117096,16.795915603637695,0.005374472122639418,1.9932538270950317
4336,-9.541666666666663,96,83,0.8645833333333334,-0.5663112998008728,16.383569717407227,0.00537439901381731,0.27651986479759216
4337,49.027210884353735,49,49,0.9802721088435374,-0.2607628107070923,36.00321960449219,0.00537383696064353,0.7045494318008423
4338,-5.961538461538466,104,103,0.9803846153846154,-0.19073398411273956,12.648643493652344,0.005374049302190542,1.967042088508606
4339,63.95652173913044,23,20,0.8695652173913043,0.297586590051651,44.40597152709961,0.005440831650048494,33.12690734863281
4340,-105.44117647058825,204,202,0.9855882352941177,-0.5085285902023315,9.1746244430542,0.0054421196691691875,4.526994705200195
4341,-4.592233009708744,103,102,0.9840776699029126,0.48434337973594666,16.698301315307617,0.005443203262984753,4.24474573135376
4342,-110.85964912280703,209,206,0.9814035087719298,0.146133154630661,6.700287818908691,0.0054683075286448,20.32910919189453
4343,63.95652173913043,23,20,0.8695652173913043,-0.12929882109165192,67.13907623291016,0.005554907489567995,37.685386657714844
4344,63.95652173913044,23,20,0.8695652173913043,0.1717940717935562,67.47277069091797,0.00612115440890193,96.38626861572266
4345,43.888888888888886,45,40,0.8888888888888888,0.1949228048324585,34.45811462402344,0.006121157202869654,0.33347177505493164
4346,40.95652173913043,46,40,0.8695652173913043,-0.35513630509376526,27.76787567138672,0.006121159065514803,0.18365511298179626
4347,-7.051282051282062,104,101,0.9694871794871794,-0.521081805229187,13.185447692871094,0.006121187005192041,0.9367537498474121
4348,40.95652173913044,46,40,0.8695652173913043,-1.2742141485214233,28.117639541625977,0.0061213914304971695,1.8412021398544312
4349,-105.44117647058823,204,202,0.9855882352941177,-0.964606761932373,14.79719352722168,0.006121440324932337,1.2125365734100342
4350,63.95652173913043,23,20,0.8695652173913043,0.010554695501923561,57.806461334228516,0.006121456157416105,0.6825808882713318
4351,-4.592233009708744,103,102,0.9840776699029126,0.08754108101129532,13.692827224731445,0.00612145010381937,0.11464665830135345
4352,-99.21885521885523,198,196,0.9878114478114478,0.03193260356783867,8.788797378540039,0.00612145708873868,0.3911760747432709
4353,63.95652173913043,23,20,0.8695652173913043,-1.6162233352661133,66.55696105957031,0.006127205677330494,9.658397674560547
4354,40.95652173913044,46,40,0.8695652173913043,0.27067896723747253,40.18362045288086,0.0061272126622498035,0.8287673592567444
4355,40.95652173913043,46,40,0.8695652173913043,0.5706611275672913,40.84376907348633,0.0061269523575901985,0.033133551478385925
4356,59.33333333333334,24,20,0.8333333333333334,0.7087408304214478,61.617759704589844,0.006126843858510256,0.07843773066997528
4357,40.95652173913043,46,40,0.8695652173913043,0.48363256454467773,38.45142364501953,0.006126950494945049,1.2831330299377441
4358,40.95652173913043,46,40,0.8695652173913043,0.8050261735916138,33.164268493652344,0.006126889493316412,3.7630906105041504
4359,63.95652173913043,23,20,0.8695652173913043,0.8614110350608826,48.057777404785156,0.006128112785518169,4.528454303741455
4360,-6.480769230769237,104,102,0.9751923076923077,-0.27888405323028564,15.243874549865723,0.006128082983195782,0.12553538382053375
4361,59.33333333333334,24,20,0.8333333333333334,1.4497358798980713,57.008235931396484,0.006129636894911528,5.221723556518555
4362,-2.953795379537966,101,100,0.9804620462046204,-0.584434986114502,12.35207462310791,0.006129642017185688,0.18961168825626373
4363,63.95652173913043,23,20,0.8695652173913043,0.7858396172523499,49.23649978637695,0.0061310031451284885,4.8493523597717285
4364,-103.45214521452145,202,200,0.9854785478547855,0.20585131645202637,7.34199857711792,0.0061334590427577496,7.024871826171875
4365,-7.631578947368415,95,83,0.8736842105263158,-0.08867211639881134,17.84820556640625,0.006133540067821741,0.9892236590385437
4366,-3.359477124183014,102,101,0.9864052287581699,0.20617468655109406,16.01598358154297,0.0061334543861448765,0.21940326690673828
4367,43.888888888888886,45,40,0.8888888888888888,0.22221171855926514,35.80093765258789,0.006133470218628645,0.7511781454086304
4368,48.687074829931966,49,48,0.9768707482993197,0.49674177169799805,33.183570861816406,0.006134678144007921,4.885499477386475
4369,46.626666666666665,50,49,0.9662666666666667,-0.1290946751832962,28.053274154663086,0.006190855987370014,30.401485443115234
4370,40.95652173913043,46,40,0.8695652173913043,-0.6196388602256775,29.62317657470703,0.006191099528223276,2.7104122638702393
4371,-109.9326923076923,208,204,0.9806730769230769,0.008767589926719666,6.703732967376709,0.006194263696670532,7.175602436065674
4372,-104.76026272577998,203,200,0.9823973727422003,-0.2438584566116333,6.807468891143799,0.00621046032756567,16.263031005859375
4373,63.95652173913043,23,20,0.8695652173913043,0.1123967170715332,43.471168518066406,0.0062400889582931995,21.979795455932617
4374,-3.422442244224422,101,99,0.9757755775577558,-0.21566520631313324,12.302074432373047,0.006239970680326223,0.09506332129240036
4375,43.888888888888886,45,40,0.8888888888888888,-0.2942395508289337,26.966327667236328,0.006240340881049633,3.1192080974578857
4376,-5.961538461538466,104,103,0.9803846153846154,-0.5394890308380127,13.679508209228516,0.006240373943001032,0.8402847051620483
4377,-99.21885521885523,198,196,0.9878114478114478,-0.02255195379257202,7.528825759887695,0.006240626331418753,1.9323790073394775
4378,-4.915857605177996,103,102,0.98084142394822,-0.3900752365589142,12.617562294006348,0.006240651942789555,0.42377009987831116
4379,-7.05128205128206,104,101,0.9694871794871794,-0.0975378006696701,11.858500480651855,0.006240663584321737,0.789018988609314
4380,40.95652173913043,46,40,0.8695652173913043,-1.2872767448425293,30.085668563842773,0.006241152063012123,4.203150272369385
4381,-7.05128205128206,104,101,0.9694871794871794,0.02682739682495594,12.05710506439209,0.006241120398044586,1.1319698095321655
4382,-3.359477124183017,102,101,0.9864052287581699,0.2199384868144989,11.945355415344238,0.006241121795028448,1.1019245386123657
4383,40.95652173913043,46,40,0.8695652173913043,-0.4694283604621887,29.599687576293945,0.006239434238523245,0.17524708807468414
4384,-99.21885521885523,198,196,0.9878114478114478,-0.14893409609794617,6.5739569664001465,0.006240165326744318,3.375089645385742
4385,-7.0512820512820635,104,101,0.9694871794871794,-0.44482338428497314,14.346694946289062,0.006239972077310085,2.1131982803344727
4386,-105.54575163398694,204,201,0.9845424836601308,-0.2403576523065567,6.438488483428955,0.006239898037165403,0.19720256328582764
4387,-5.718446601941756,103,101,0.9728155339805825,-1.0350821018218994,16.905895233154297,0.006240513175725937,2.959617853164673
4388,-9.541666666666659,96,83,0.8645833333333334,-0.41787189245224,16.38984489440918,0.0062419394962489605,4.836088180541992
4389,-99.21885521885523,198,196,0.9878114478114478,-0.08061107993125916,7.102625370025635,0.006242022383958101,1.155547857284546
4390,63.95652173913044,23,20,0.8695652173913043,0.14592717587947845,49.337886810302734,0.006242051254957914,0.8939011096954346
4391,-9.54166666666666,96,83,0.8645833333333334,-0.10601929575204849,16.16375160217285,0.006242097821086645,1.036203145980835
4392,40.95652173913044,46,40,0.8695652173913043,0.8092107772827148,29.739532470703125,0.006243858486413956,5.828298568725586
4393,43.888888888888886,45,40,0.8888888888888888,0.07876981794834137,27.952943801879883,0.006249459460377693,9.665961265563965
4394,-9.541666666666668,96,83,0.8645833333333334,0.024065867066383362,16.385618209838867,0.006249638274312019,2.0126662254333496
4395,47.13333333333333,50,49,0.9713333333333334,-0.48975223302841187,31.4698543548584,0.006249623838812113,0.4975317120552063
4396,40.95652173913044,46,40,0.8695652173913043,-0.657604455947876,30.66752815246582,0.00624994607642293,2.2086241245269775
4397,-105.44117647058823,204,202,0.9855882352941177,-0.04502834379673004,7.34119987487793,0.006237276829779148,0.8951495885848999
4398,43.888888888888886,45,40,0.8888888888888888,-0.13470558822155,32.48563766479492,0.006234579719603062,0.8482749462127686
4399,-100.66834170854271,199,196,0.9833165829145729,0.22620612382888794,7.2881693840026855,0.0062345596961677074,0.17590516805648804
4400,-9.54166666666667,96,83,0.8645833333333334,0.2901349365711212,17.33787727355957,0.006231782957911491,0.9066042304039001
4401,-7.051282051282062,104,101,0.9694871794871794,-0.013195084407925606,13.865867614746094,0.006229985971003771,0.6036949157714844
4402,-104.9376026272578,203,200,0.980623973727422,-0.17959436774253845,10.795270919799805,0.006230461411178112,2.9293670654296875
4403,-9.043613707165111,107,105,0.979563862928349,0.15432538092136383,14.128057479858398,0.006217281334102154,0.9261733293533325
4404,-7.631578947368413,95,83,0.8736842105263158,-0.3889775276184082,14.754375457763672,0.006217957939952612,3.2012717723846436
4405,59.33333333333334,24,20,0.8333333333333334,-2.453895092010498,48.72401809692383,0.0062257470563054085,11.5607271194458
4406,-9.541666666666668,96,83,0.8645833333333334,0.20786820352077484,16.22429847717285,0.00622183084487915,1.6032545566558838
4407,49.027210884353735,49,49,0.9802721088435374,-0.139276921749115,23.483963012695312,0.006212601903825998,0.9744772911071777
4408,-7.631578947368418,95,83,0.8736842105263158,0.17386740446090698,16.93088722229004,0.006212689448148012,0.6673120856285095
4409,-7.631578947368418,95,83,0.8736842105263158,0.14467638731002808,17.188480377197266,0.006212458945810795,0.1873103529214859
4410,46.62666666666667,50,49,0.9662666666666667,-0.512395441532135,28.652469635009766,0.0009156743763014674,0.24427683651447296
4411,-99.21885521885523,198,196,0.9878114478114478,0.14171560108661652,7.881381988525391,0.0009145100484602153,0.641554594039917
4412,40.95652173913043,46,40,0.8695652173913043,-0.43636634945869446,31.514265060424805,0.0009142616181634367,0.9086840152740479
4413,-4.592233009708752,103,102,0.9840776699029126,0.15964414179325104,13.702311515808105,0.0009133648709394038,0.15500280261039734
4414,-107.9243156199678,207,206,0.990756843800322,-0.5441009998321533,10.97373104095459,0.000911591574549675,0.5948476195335388
4415,-11.432989690721651,97,83,0.8556701030927835,-0.005112452432513237,15.618095397949219,0.0009114366257563233,1.2944666147232056
4416,38.1063829787234,47,40,0.851063829787234,-0.014380105771124363,26.037309646606445,0.0009110786486417055,2.4446771144866943
4417,-110.85964912280703,209,206,0.9814035087719298,-0.18593119084835052,9.166626930236816,0.0009121372131630778,4.5868964195251465
4418,-5.961538461538467,104,103,0.9803846153846154,-0.25316527485847473,13.50241470336914,0.0009109336533583701,0.4470018446445465
4419,40.95652173913043,46,40,0.8695652173913043,-0.24520668387413025,28.95015525817871,0.0009106454090215266,0.22865135967731476
4420,-5.961538461538461,104,103,0.9803846153846154,-0.11287488788366318,13.090270042419434,0.0009030214278027415,0.052782632410526276
4421,-4.59223300970875,103,102,0.9840776699029126,0.09215275943279266,12.525320053100586,0.0009015325340442359,0.3781529366970062
4422,-105.4673202614379,204,202,0.9853267973856209,0.163321390748024,9.494893074035645,0.0009015360265038908,0.32035499811172485
4423,47.13333333333333,50,49,0.9713333333333334,-0.7063241600990295,24.441875457763672,0.0009018953423947096,2.5843441486358643
4424,-9.541666666666668,96,83,0.8645833333333334,0.20364627242088318,19.249380111694336,0.0009018095443025231,1.1762871742248535
4425,63.95652173913044,23,20,0.8695652173913043,-0.07457393407821655,49.94401550292969,0.0009018161799758673,0.7088408470153809
4426,48.68707482993197,49,48,0.9768707482993197,0.513088583946228,29.105323791503906,0.0009018387645483017,1.7328675985336304
4427,-105.54575163398692,204,201,0.9845424836601308,-0.07095261663198471,7.186206340789795,0.0009018598939292133,0.6077640056610107
4428,-5.961538461538467,104,103,0.9803846153846154,-0.5089625716209412,11.049492835998535,0.0009020649595186114,2.379570245742798
4429,63.95652173913043,23,20,0.8695652173913043,-0.25092047452926636,50.594486236572266,0.0009018453420139849,0.6609452366828918
4430,47.62585034013605,49,48,0.9662585034013605,-0.4319245219230652,19.6829891204834,0.000899121689144522,1.3154261112213135
4431,-8.937694704049843,107,106,0.9806230529595016,-0.16974589228630066,13.258419036865234,0.0008985273307189345,0.016051387414336205
4432,46.626666666666665,50,49,0.9662666666666667,-0.7873131632804871,21.52657127380371,0.0008971814531832933,0.8027235865592957
4433,-110.85964912280701,209,206,0.9814035087719298,0.040474001318216324,7.562778472900391,0.0008970518829301,0.6948270201683044
4434,-7.631578947368416,95,83,0.8736842105263158,-0.7403525114059448,16.738447189331055,0.000897448044270277,3.1896562576293945
4435,-6.480769230769235,104,102,0.9751923076923077,-0.08773480355739594,13.822980880737305,0.0008972716750577092,0.7753854990005493
4436,-105.44117647058825,204,202,0.9855882352941177,-0.19735708832740784,9.51070785522461,0.0008981570135802031,3.8319907188415527
4437,-9.541666666666664,96,83,0.8645833333333334,-0.25494423508644104,17.229074478149414,0.000898858648724854,3.530613899230957
4438,-7.631578947368409,95,83,0.8736842105263158,0.14504146575927734,18.217601776123047,0.0008987394976429641,0.8045320510864258
4439,-9.541666666666664,96,83,0.8645833333333334,-0.4553259313106537,16.841814041137695,0.0008321324130520225,1.6136773824691772
4440,-110.85964912280703,209,206,0.9814035087719298,-0.1184384897351265,6.7278008460998535,0.0008311551646329463,1.942284107208252
4441,48.68707482993197,49,48,0.9768707482993197,0.6812511682510376,25.706327438354492,0.0008303686045110226,2.816958427429199
4442,-103.45214521452145,202,200,0.9854785478547855,-0.170484721660614,8.483406066894531,0.0008051454205997288,1.7851252555847168
4443,40.95652173913043,46,40,0.8695652173913043,0.6910011172294617,28.69074821472168,0.0007192141492851079,3.1320948600769043
4444,46.73333333333333,50,49,0.9673333333333334,-0.49603015184402466,21.24089241027832,0.00015257185441441834,0.7265762090682983
4445,-110.85964912280703,209,206,0.9814035087719298,-0.39809277653694153,8.904762268066406,0.00015270171570591629,1.4995747804641724
4446,-2.8151815181518294,101,100,0.9818481848184818,0.5224674344062805,13.641197204589844,0.00015277955390047282,1.1273300647735596
4447,40.95652173913044,46,40,0.8695652173913043,-0.011011863127350807,30.239330291748047,0.0001527253189124167,0.12976022064685822
4448,59.333333333333336,24,20,0.8333333333333334,1.5262805223464966,48.28133010864258,0.00015430059283971786,5.411727428436279
4449,59.33333333333334,24,20,0.8333333333333334,0.7339757680892944,46.627281188964844,0.00015438831178471446,1.8770612478256226
4450,-7.631578947368414,95,83,0.8736842105263158,-0.05576060712337494,15.86191463470459,0.00015435897512361407,0.25144073367118835
4451,40.95652173913043,46,40,0.8695652173913043,0.25048011541366577,25.08702850341797,0.00015454669483006,1.8383930921554565
4452,48.68707482993197,49,48,0.9768707482993197,0.5128920078277588,25.642681121826172,0.00015459863061551005,1.1608314514160156
4453,-5.961538461538456,104,103,0.9803846153846154,-0.06594276428222656,12.299306869506836,0.0001487547706346959,0.35959547758102417
4454,-105.44117647058823,204,202,0.9855882352941177,-0.05374431610107422,8.815962791442871,0.00014871114399284124,0.027663620188832283
4455,63.95652173913044,23,20,0.8695652173913043,0.4994669258594513,53.15258026123047,0.00014906197611708194,2.5929789543151855
4456,-4.59223300970875,103,102,0.9840776699029126,-0.12997660040855408,12.802013397216797,0.00014939080574549735,2.1105663776397705
4457,47.133333333333326,50,49,0.9713333333333334,0.30655497312545776,22.225610733032227,0.0001496447075624019,2.497905969619751
4458,-108.45893719806764,207,204,0.9854106280193237,-0.1323879212141037,6.9449944496154785,0.00014887716679368168,0.38994452357292175
4459,59.33333333333333,24,20,0.8333333333333334,0.5385565757751465,53.55872344970703,0.00014786054089199752,1.779226541519165
4460,-108.53945249597425,207,204,0.9846054750402576,-0.1517399102449417,7.473987102508545,0.00014787704276386648,0.4436742961406708
4461,63.95652173913044,23,20,0.8695652173913043,-0.5229823589324951,47.90644073486328,0.0001466986577725038,2.575927257537842
4462,40.95652173913044,46,40,0.8695652173913043,0.5754749774932861,30.214662551879883,0.00014692566765006632,2.006114959716797
4463,-5.718446601941758,103,101,0.9728155339805825,-0.145279660820961,13.818808555603027,0.00014551362255588174,0.22448882460594177
4464,-106.9479674796748,205,202,0.980520325203252,0.2008536159992218,8.742547988891602,0.0001426407543476671,0.4140200912952423
4465,46.46153846153846,52,52,0.9846153846153847,-0.7763696312904358,25.741323471069336,0.00014259606541600078,0.5204291939735413
4466,47.13333333333333,50,49,0.9713333333333334,0.09826473146677017,22.22531509399414,0.00014265744539443403,1.0802855491638184
4467,-11.432989690721651,97,83,0.8556701030927835,-0.26174095273017883,16.452880859375,0.0001426890812581405,0.9618080854415894
4468,-9.541666666666666,96,83,0.8645833333333334,0.1568862348794937,17.636579513549805,0.0001411491830367595,1.1570369005203247
4469,46.626666666666665,50,49,0.9662666666666667,-0.3949284851551056,24.22007179260254,8.47950141178444e-05,0.5590806603431702
4470,40.95652173913043,46,40,0.8695652173913043,0.6251832842826843,28.443571090698242,8.487169543514028e-05,3.018172264099121
4471,-4.59223300970875,103,102,0.9840776699029126,0.320277601480484,13.11184310913086,8.172442176146433e-05,0.5598834156990051
4472,-6.480769230769238,104,102,0.9751923076923077,-0.30050721764564514,11.340988159179688,6.559429311892018e-05,0.6512864232063293
4473,40.95652173913044,46,40,0.8695652173913043,-0.5375189781188965,29.05953025817871,3.6544210161082447e-05,2.784754991531372
4474,40.95652173913043,46,40,0.8695652173913043,-0.3622443974018097,28.266216278076172,3.677189306472428e-05,1.8943232297897339
4475,63.95652173913043,23,20,0.8695652173913043,0.13548743724822998,47.842262268066406,3.6210807593306527e-05,0.6751376986503601
4476,63.95652173913043,23,20,0.8695652173913043,-1.1600947380065918,40.393951416015625,4.0990365960169584e-05,8.887166976928711
4477,-7.051282051282063,104,101,0.9694871794871794,-0.18565750122070312,14.599481582641602,4.076472032465972e-05,0.005846485495567322
4478,-5.718446601941755,103,101,0.9728155339805825,-0.20612017810344696,14.65411376953125,4.0778450056677684e-05,0.5051966309547424
4479,63.95652173913044,23,20,0.8695652173913043,0.6181032657623291,41.42217254638672,4.0913135308073834e-05,1.6417977809906006
4480,63.95652173913044,23,20,0.8695652173913043,0.008360513485968113,48.43159866333008,3.9850994653534144e-05,0.1630321443080902
4481,47.299319727891145,49,48,0.9629931972789115,-0.10663416236639023,17.57108497619629,3.979683970101178e-05,0.6272620558738708
4482,-110.85964912280701,209,206,0.9814035087719298,-0.06654881685972214,5.570935249328613,3.971624391851947e-05,0.09686180204153061
4483,40.95652173913043,46,40,0.8695652173913043,-0.01838485524058342,27.752246856689453,3.9721962821204215e-05,0.33248865604400635
4484,40.95652173913044,46,40,0.8695652173913043,-0.07770058512687683,24.595441818237305,3.898978320648894e-05,0.15196309983730316
4485,38.1063829787234,47,40,0.851063829787234,-0.40437427163124084,27.04357147216797,3.886341073666699e-05,1.5387771129608154
4486,-4.254901960784324,102,100,0.9774509803921568,-0.25572362542152405,13.874040603637695,3.886178456014022e-05,0.009976238943636417
4487,59.33333333333334,24,20,0.8333333333333334,1.7625453472137451,50.85048294067383,4.2019466491183266e-05,7.805713653564453
4488,-4.592233009708741,103,102,0.9840776699029126,0.26488709449768066,11.733735084533691,4.06347680836916e-05,0.21299873292446136
4489,-104.76026272577998,203,200,0.9823973727422003,-0.13913494348526,7.536883354187012,4.058227932546288e-05,0.5627123117446899
4490,49.36879432624113,47,46,0.9636879432624114,-0.44432100653648376,22.38850212097168,4.096065822523087e-05,2.552952766418457
4491,-5.702127659574466,94,83,0.8829787234042553,0.11312660574913025,15.882463455200195,4.088671994395554e-05,0.10020609200000763
4492,-104.76026272577997,203,200,0.9823973727422003,0.07598764449357986,7.316418170928955,3.8999995013000444e-05,1.8137054443359375
4493,63.95652173913043,23,20,0.8695652173913043,0.028526006266474724,45.3406867980957,3.3460215490777045e-05,1.5789028406143188
4494,-102.70149253731343,201,198,0.9829850746268657,-0.06347428262233734,6.976142883300781,3.338018723297864e-05,1.6899664402008057
4495,63.95652173913044,23,20,0.8695652173913043,0.9868741035461426,46.090118408203125,3.404184099053964e-05,3.2690539360046387
4496,-9.541666666666657,96,83,0.8645833333333334,-0.29778143763542175,16.300151824951172,3.378705878276378e-05,0.8076236844062805
4497,-5.702127659574471,94,83,0.8829787234042553,0.0013786874478682876,14.235857009887695,3.3740205253707245e-05,0.0642378032207489
4498,-102.70149253731344,201,198,0.9829850746268657,0.0031554147135466337,7.307721138000488,3.3713709854055196e-05,0.5321376323699951
4499,63.95652173913043,23,20,0.8695652173913043,-0.5277900695800781,45.891334533691406,3.426941475481726e-05,3.0188817977905273
4500,46.46153846153847,52,52,0.9846153846153847,-0.23763486742973328,24.66153335571289,3.4354423405602574e-05,1.4770711660385132
4501,-100.66834170854271,199,196,0.9833165829145729,-0.05475470796227455,7.117796897888184,3.432614539633505e-05,0.08667914569377899
4502,47.299319727891145,49,48,0.9629931972789115,0.303680956363678,22.52402114868164,3.4026863431790844e-05,1.9010964632034302
4503,59.33333333333333,24,20,0.8333333333333334,1.4360466003417969,51.270484924316406,3.566052328096703e-05,5.258946895599365
4504,-99.21885521885523,198,196,0.9878114478114478,0.12639759480953217,8.629528045654297,3.5043543903157115e-05,0.08751460909843445
4505,-9.541666666666664,96,83,0.8645833333333334,-0.06263285130262375,14.206783294677734,2.6812705982592888e-05,1.725777268409729
4506,-9.541666666666659,96,83,0.8645833333333334,0.21471989154815674,14.883260726928711,2.673516246431973e-05,1.0610207319259644
4507,-9.541666666666668,96,83,0.8645833333333334,0.14027465879917145,14.9654541015625,2.6704625270213e-05,0.5614441633224487
4508,-9.54166666666666,96,83,0.8645833333333334,-0.22998468577861786,16.14784812927246,2.6810055715031922e-05,1.23971426486969
4509,-109.40064102564104,208,206,0.9859935897435897,-0.23257942497730255,9.615406036376953,2.6809944756678306e-05,0.14952339231967926
4510,-100.66834170854271,199,196,0.9833165829145729,-0.03456790745258331,6.8760504722595215,2.6841033104574308e-05,0.6607846617698669
4511,-9.541666666666663,96,83,0.8645833333333334,0.05569644644856453,16.20957374572754,2.680402758414857e-05,0.007573643699288368
4512,-104.9376026272578,203,200,0.980623973727422,0.22200751304626465,8.48442268371582,2.878674422390759e-05,5.771544933319092
4513,63.95652173913043,23,20,0.8695652173913043,-0.9804697632789612,45.76402282714844,3.2007468689698726e-05,7.102448463439941
4514,-100.66834170854271,199,196,0.9833165829145729,0.06699027121067047,6.956480503082275,3.198424747097306e-05,0.22090129554271698
4515,-104.9376026272578,203,200,0.980623973727422,0.30830708146095276,7.968993663787842,4.424931466928683e-05,14.219161987304688
4516,43.88888888888888,45,40,0.8888888888888888,0.6350577473640442,27.455331802368164,4.425193037604913e-05,2.4562532901763916
4517,-9.541666666666657,96,83,0.8645833333333334,0.03562547266483307,14.163753509521484,4.298883868614212e-05,0.5829665064811707
4518,46.62666666666667,50,49,0.9662666666666667,-0.47096508741378784,24.380046844482422,4.302501474739984e-05,0.8004889488220215
4519,40.95652173913042,46,40,0.8695652173913043,0.7655335068702698,26.59850311279297,8.553169755032286e-05,26.414295196533203
4520,-9.541666666666666,96,83,0.8645833333333334,0.38136300444602966,16.147258758544922,9.390621562488377e-05,11.988987922668457
4521,63.95652173913043,23,20,0.8695652173913043,1.0645976066589355,44.62623977661133,9.423460141988471e-05,2.483380079269409
4522,40.95652173913042,46,40,0.8695652173913043,0.4630131125450134,27.53572654724121,9.446586045669392e-05,2.126864194869995
4523,-9.54166666666666,96,83,0.8645833333333334,0.11175012588500977,15.11159610748291,9.400671115145087e-05,0.7857839465141296
4524,59.333333333333336,24,20,0.8333333333333334,-1.0339558124542236,54.48221206665039,9.537726145936176e-05,4.620565414428711
4525,-3.4224422442244293,101,99,0.9757755775577558,0.1449384242296219,12.366186141967773,9.534521086607128e-05,0.6822803616523743
4526,-11.432989690721651,97,83,0.8556701030927835,-0.4518985450267792,15.708717346191406,9.545242210151628e-05,1.8879773616790771
4527,-7.6315789473684115,95,83,0.8736842105263158,-0.05388020724058151,15.884820938110352,9.543129272060469e-05,0.32562056183815
4528,40.95652173913044,46,40,0.8695652173913043,0.694580078125,27.247926712036133,9.574135765433311e-05,3.578833818435669
4529,40.95652173913044,46,40,0.8695652173913043,-0.6671268343925476,27.864116668701172,9.660155046731234e-05,3.639327049255371
4530,59.333333333333336,24,20,0.8333333333333334,-2.356743574142456,46.06537628173828,0.00010481547360541299,11.494534492492676
4531,43.70440251572328,53,52,0.9670440251572328,-0.7767451405525208,16.38422393798828,0.00010495819878997281,1.480085849761963
4532,-104.9376026272578,203,200,0.980623973727422,0.03374020382761955,8.62509822845459,0.00010499751806491986,1.1233183145523071
4533,-104.76026272577998,203,200,0.9823973727422003,0.0956968143582344,6.875733852386475,0.00010496931645320728,0.03183018043637276
4534,63.95652173913042,23,20,0.8695652173913043,0.62119060754776,47.99409484863281,0.00010455460142111406,1.996170997619629
4535,-9.541666666666664,96,83,0.8645833333333334,-0.013170739635825157,14.98376178741455,0.00010452591232024133,0.08901119232177734
4536,-9.541666666666668,96,83,0.8645833333333334,-0.21062521636486053,14.906843185424805,0.00010368333460064605,0.7885079979896545
4537,43.88888888888889,45,40,0.8888888888888888,0.8291899561882019,26.308393478393555,0.00010334286344004795,2.7123966217041016
4538,63.95652173913044,23,20,0.8695652173913043,0.031123990193009377,48.27344512939453,0.0001033201624522917,0.2855190634727478
4539,-7.631578947368415,95,83,0.8736842105263158,0.07874058932065964,14.878369331359863,0.0001031400533975102,0.14666809141635895
4540,-4.592233009708748,103,102,0.9840776699029126,-0.18322403728961945,14.78225040435791,0.00010299386485712603,1.0861271619796753
4541,48.68707482993197,49,48,0.9768707482993197,0.5017054080963135,33.39895248413086,0.00010253374057356268,0.20946858823299408
4542,47.13333333333333,50,49,0.9713333333333334,-0.2968323826789856,26.917465209960938,0.00010244593431707472,1.2693020105361938
4543,63.95652173913043,23,20,0.8695652173913043,0.8826912641525269,44.72568893432617,0.00010218052193522453,2.32517671585083
4544,-2.95379537953796,101,100,0.9804620462046204,-0.42873287200927734,14.209781646728516,0.00010217837552772835,0.7053008675575256
4545,-7.631578947368414,95,83,0.8736842105263158,-0.20780791342258453,15.383854866027832,0.00010214227950200438,1.2991700172424316
4546,47.13333333333333,50,49,0.9713333333333334,0.32525771856307983,26.30291748046875,0.00010231619671685621,2.046999216079712
4547,40.95652173913042,46,40,0.8695652173913043,-0.39169231057167053,28.87813949584961,0.00010279622802045196,2.7504208087921143
4548,43.88888888888888,45,40,0.8888888888888888,-0.1964423507452011,29.64036750793457,0.00010134244075743482,2.3989431858062744
4549,-3.764705882352954,102,101,0.9823529411764705,-0.3412013649940491,15.162077903747559,0.00010113362804986537,0.6431407332420349
4550,38.1063829787234,47,40,0.851063829787234,-0.6215619444847107,31.434532165527344,0.00010205883154412732,3.966230869293213
4551,63.95652173913043,23,20,0.8695652173913043,0.4118402600288391,45.34735107421875,0.00010182631376665086,0.0707421824336052
4552,-7.631578947368412,95,83,0.8736842105263158,-0.1924321949481964,15.466705322265625,0.00010177394142374396,1.0421310663223267
4553,-109.40064102564104,208,206,0.9859935897435897,-0.19600944221019745,10.641465187072754,0.00010178276716032997,0.2956644296646118
4554,-6.480769230769226,104,102,0.9751923076923077,-0.1279793083667755,12.534551620483398,0.00010178202501265332,0.2672770023345947
4555,-7.1079365079365076,105,104,0.978920634920635,-0.45078352093696594,12.876656532287598,0.0001013236033031717,0.49504926800727844
4556,-9.541666666666668,96,83,0.8645833333333334,0.054180875420570374,15.755453109741211,0.0001010911219054833,0.31940048933029175
4557,63.95652173913043,23,20,0.8695652173913043,0.510615348815918,47.464134216308594,0.00010065376409329474,0.17893508076667786
4558,-108.53945249597425,207,204,0.9846054750402576,-0.11949431151151657,7.313469886779785,0.00010070596181321889,1.0693718194961548
4559,46.564102564102555,52,52,0.9856410256410256,-0.5344046354293823,14.428065299987793,0.00010046960233012214,0.43801212310791016
4560,-4.915857605178003,103,102,0.98084142394822,-0.29896557331085205,13.150233268737793,0.00010046846000477672,0.3976363241672516
4561,-9.54166666666667,96,83,0.8645833333333334,-0.30451634526252747,16.92160415649414,0.0001001684577204287,1.0882949829101562
4562,49.36879432624114,47,46,0.9636879432624114,-0.2895282804965973,29.631540298461914,0.00010023081995313987,2.6512093544006348
4563,-9.541666666666668,96,83,0.8645833333333334,0.22848907113075256,17.239015579223633,0.00010042791109299287,1.5953238010406494
4564,63.95652173913044,23,20,0.8695652173913043,-0.8555654287338257,46.02639389038086,0.0001013181172311306,4.103316783905029
4565,63.95652173913043,23,20,0.8695652173913043,-0.8755068778991699,48.79165267944336,0.00010289994679624215,5.36478328704834
4566,-11.432989690721657,97,83,0.8556701030927835,0.11032606661319733,16.18535804748535,0.00010315024701412767,2.2907426357269287
4567,-9.54166666666666,96,83,0.8645833333333334,-0.3327551484107971,16.72613525390625,0.00010315782128600404,1.0552371740341187
4568,40.95652173913043,46,40,0.8695652173913043,-0.12978287041187286,29.236486434936523,0.00010304112947778776,0.878108561038971
4569,46.46153846153846,52,52,0.9846153846153847,-0.45235636830329895,30.582542419433594,0.00010308898345101625,0.9187313914299011
4570,-9.541666666666668,96,83,0.8645833333333334,-0.1222071573138237,15.269692420959473,0.0001023954464471899,0.08894418925046921
4571,-9.541666666666659,96,83,0.8645833333333334,0.020339421927928925,14.834096908569336,0.00010243223368888721,0.8393940925598145
4572,49.027210884353735,49,49,0.9802721088435374,-0.06899084895849228,25.04712677001953,0.0001024816810968332,0.5892632007598877
4573,-105.44117647058825,204,202,0.9855882352941177,0.029331551864743233,8.270354270935059,0.00010211236076429486,0.22845327854156494
4574,-2.815181518151827,101,100,0.9818481848184818,0.25570738315582275,13.152551651000977,0.00010195840150117874,0.3429820239543915
4575,43.888888888888886,45,40,0.8888888888888888,-1.0133298635482788,30.70823860168457,0.00010411573748569936,6.264538288116455
4576,40.95652173913043,46,40,0.8695652173913043,-0.1670248955488205,32.043785095214844,9.969813982024789e-05,1.6026921272277832
4577,59.33333333333333,24,20,0.8333333333333334,0.10932380706071854,43.63235092163086,9.973095438908786e-05,1.0850709676742554
4578,-2.953795379537966,101,100,0.9804620462046204,-0.11079534143209457,12.876933097839355,9.979109017876908e-05,0.971720278263092
4579,40.95652173913043,46,40,0.8695652173913043,0.9922422170639038,28.631723403930664,0.00010057383042294532,3.7627365589141846
4580,-99.21885521885523,198,196,0.9878114478114478,0.2087777704000473,5.643588066101074,0.0001005913145490922,0.41288140416145325
4581,-9.0436137071651,107,105,0.979563862928349,-0.5189298987388611,12.096646308898926,0.00010065994138130918,1.393304705619812
4582,63.95652173913043,23,20,0.8695652173913043,-0.6653180718421936,45.40616226196289,0.00010087665577884763,2.179804801940918
4583,-7.631578947368414,95,83,0.8736842105263158,-0.25344106554985046,16.19536018371582,0.00010088839189847931,1.0867705345153809
4584,40.95652173913043,46,40,0.8695652173913043,0.8002505898475647,26.153636932373047,0.00010172036127187312,3.3772189617156982
4585,-8.937694704049848,107,106,0.9806230529595016,-0.7571199536323547,13.364497184753418,0.00010188054875470698,2.332198143005371
4586,-104.9376026272578,203,200,0.980623973727422,0.015156525187194347,7.880491256713867,0.00010188324085902423,0.0751408189535141
4587,-100.66834170854271,199,196,0.9833165829145729,0.002490303246304393,6.674233913421631,9.780910477275029e-05,0.32730069756507874
4588,-9.54166666666666,96,83,0.8645833333333334,-0.5576983690261841,14.33645248413086,9.79760370682925e-05,2.1324031352996826
4589,40.95652173913044,46,40,0.8695652173913043,-0.1626908779144287,27.788135528564453,9.801688429433852e-05,1.2315995693206787
4590,46.73333333333333,50,49,0.9673333333333334,-0.46930131316185,19.341842651367188,9.775989019544795e-05,1.112190842628479
4591,63.95652173913044,23,20,0.8695652173913043,-0.5903275012969971,47.96274948120117,9.8140248155687e-05,2.9038941860198975
4592,-9.541666666666663,96,83,0.8645833333333334,0.02011829987168312,15.381725311279297,9.795006189960986e-05,0.07699061185121536
4593,-7.631578947368416,95,83,0.8736842105263158,0.25923505425453186,16.108306884765625,9.794130164664239e-05,0.7101550698280334
4594,40.95652173913043,46,40,0.8695652173913043,-0.21678760647773743,28.146692276000977,9.797248640097678e-05,2.226022720336914
4595,43.888888888888886,45,40,0.8888888888888888,0.5112473964691162,31.601289749145508,9.722167305881158e-05,0.8092596530914307
4596,-9.541666666666663,96,83,0.8645833333333334,-0.09403691440820694,13.863085746765137,9.721695096231997e-05,0.17407377064228058
4597,-9.54166666666667,96,83,0.8645833333333334,-0.38233682513237,15.262666702270508,9.725570998853073e-05,1.3811386823654175
4598,40.95652173913044,46,40,0.8695652173913043,-0.9323806166648865,30.173267364501953,9.792180935619399e-05,3.894899845123291
4599,47.62585034013605,49,48,0.9662585034013605,-0.051112089306116104,34.545955657958984,9.787544695427641e-05,1.9373115301132202
4600,-6.480769230769237,104,102,0.9751923076923077,-0.3849998414516449,13.223066329956055,9.764848073245957e-05,0.6343614459037781
4601,43.893081761006286,53,52,0.9689308176100629,0.1397111862897873,22.49210548400879,9.776712249731645e-05,0.9776219725608826
4602,-105.54575163398694,204,201,0.9845424836601308,-0.06019965186715126,7.095521450042725,9.742297697812319e-05,0.47501346468925476
4603,40.95652173913043,46,40,0.8695652173913043,0.1008862629532814,29.36789321899414,9.539027087157592e-05,0.08308883011341095
4604,63.95652173913043,23,20,0.8695652173913043,0.8477461934089661,42.73310089111328,9.602849604561925e-05,2.7302820682525635
4605,59.333333333333336,24,20,0.8333333333333334,-0.3856841027736664,45.317298889160156,9.615862654754892e-05,2.7383975982666016
4606,47.26666666666666,50,49,0.9726666666666667,0.6620362401008606,26.165321350097656,9.634413436288014e-05,1.8235050439834595
4607,48.68707482993197,49,48,0.9768707482993197,0.49753203988075256,26.51577377319336,9.64643550105393e-05,1.245754361152649
4608,63.95652173913043,23,20,0.8695652173913043,-0.24503886699676514,52.78852081298828,9.648035484133288e-05,1.4067515134811401
4609,-4.254901960784325,102,100,0.9774509803921568,-0.0985286608338356,12.035097122192383,9.646237595006824e-05,0.13026896119117737
4610,49.36879432624113,47,46,0.9636879432624114,0.3610982894897461,28.15401840209961,9.654259338276461e-05,0.6398581862449646
4611,63.95652173913043,23,20,0.8695652173913043,-2.067812919616699,51.173439025878906,0.00010201469558523968,9.997215270996094
4612,-9.541666666666668,96,83,0.8645833333333334,0.38394543528556824,15.471243858337402,0.00010019453475251794,1.8771166801452637
4613,46.56410256410256,52,52,0.9856410256410256,-0.8583217859268188,21.413410186767578,9.763070556800812e-05,1.6620287895202637
4614,59.33333333333334,24,20,0.8333333333333334,-0.4140253961086273,55.16952896118164,9.809024777496234e-05,3.305039644241333
4615,47.62585034013605,49,48,0.9662585034013605,-0.2634674906730652,22.84288787841797,8.578304550610483e-05,0.17331065237522125
4616,-7.6315789473684115,95,83,0.8736842105263158,-0.4701487123966217,16.733896255493164,8.538273687008768e-05,2.2662127017974854
4617,-8.937694704049846,107,106,0.9806230529595016,-0.08929450809955597,14.477801322937012,8.535057713743299e-05,0.3384891748428345
4618,-7.107936507936503,105,104,0.978920634920635,-0.44674959778785706,12.693123817443848,8.528026228304952e-05,0.20129407942295074
4619,-3.359477124183016,102,101,0.9864052287581699,0.025404907763004303,11.133039474487305,4.290771175874397e-05,0.8291661143302917
4620,63.95652173913044,23,20,0.8695652173913043,-1.1390221118927002,48.459842681884766,3.486151035758667e-05,4.576415061950684
4621,40.95652173913043,46,40,0.8695652173913043,0.7820689678192139,28.60166358947754,3.50241462001577e-05,2.872591018676758
4622,40.95652173913043,46,40,0.8695652173913043,-0.19963352382183075,29.316911697387695,3.4533564758021384e-05,1.1595945358276367
4623,43.88888888888887,45,40,0.8888888888888888,-0.18972104787826538,31.271406173706055,3.4399854484945536e-05,1.202589750289917
4624,-9.043613707165111,107,105,0.979563862928349,0.022389039397239685,12.117791175842285,3.3629625249886885e-05,0.8708210587501526
4625,46.7516339869281,51,51,0.977516339869281,-0.005491988267749548,26.173192977905273,3.37178171321284e-05,1.1264630556106567
4626,47.62585034013605,49,48,0.9662585034013605,-0.3057519197463989,24.116180419921875,3.364859367138706e-05,0.1970498114824295
4627,43.888888888888886,45,40,0.8888888888888888,-0.7120844721794128,30.818918228149414,3.416425533941947e-05,3.621549367904663
4628,47.62585034013605,49,48,0.9662585034013605,-0.23138344287872314,22.537805557250977,3.3068732591345906e-05,0.22279757261276245
4629,40.95652173913043,46,40,0.8695652173913043,-0.24699415266513824,28.931949615478516,3.2707899663364515e-05,2.3302175998687744
4630,63.95652173913043,23,20,0.8695652173913043,0.8860275745391846,47.859092712402344,2.7575888452702202e-05,5.184640884399414
4631,-7.107936507936512,105,104,0.978920634920635,-0.25111693143844604,12.397208213806152,2.7672584110405296e-05,0.9907994270324707
4632,63.95652173913043,23,20,0.8695652173913043,-0.07776833325624466,46.9811897277832,2.7699386919266544e-05,0.3361845314502716
4633,-3.422442244224426,101,99,0.9757755775577558,0.07396401464939117,12.448439598083496,2.7704636522685178e-05,0.10253935307264328
4634,-9.541666666666663,96,83,0.8645833333333334,0.28359198570251465,14.604510307312012,2.770751052594278e-05,2.0053675174713135
4635,-7.631578947368414,95,83,0.8736842105263158,-0.09467288851737976,15.867057800292969,2.7723237508325838e-05,0.13948185741901398
4636,46.62666666666667,50,49,0.9662666666666667,-0.691421389579773,23.22409439086914,2.7719446734408848e-05,0.4598016142845154
4637,43.888888888888886,45,40,0.8888888888888888,0.45610493421554565,26.97698211669922,2.7416581360739656e-05,1.8371416330337524
4638,47.62585034013604,49,48,0.9662585034013605,-0.6821502447128296,24.76959800720215,2.742347351158969e-05,0.24503150582313538
4639,-100.66834170854271,199,196,0.9833165829145729,0.28994882106781006,5.957555770874023,2.754768865997903e-05,1.0417710542678833
4640,40.95652173913043,46,40,0.8695652173913043,-0.9724993109703064,29.613737106323242,2.823288377840072e-05,3.9206366539001465
4641,-7.631578947368407,95,83,0.8736842105263158,0.2708716094493866,15.062047958374023,2.8383501557982527e-05,1.187690019607544
4642,63.95652173913043,23,20,0.8695652173913043,0.6026413440704346,47.230464935302734,2.9073778932797723e-05,2.9036972522735596
4643,40.95652173913043,46,40,0.8695652173913043,-0.575649082660675,28.35976219177246,2.9039760192972608e-05,3.2916829586029053
4644,47.26666666666667,50,49,0.9726666666666667,-0.09753742814064026,20.237184524536133,2.905174915213138e-05,1.0258325338363647
4645,40.95652173913043,46,40,0.8695652173913043,0.1906391829252243,27.68018913269043,2.9384549634414725e-05,1.894869327545166
4646,-9.541666666666664,96,83,0.8645833333333334,0.06156133487820625,14.802742004394531,2.917019992310088e-05,1.2507439851760864
4647,47.299319727891145,49,48,0.9629931972789115,-0.48055094480514526,26.394489288330078,2.886622132791672e-05,0.5708171129226685
4648,59.333333333333336,24,20,0.8333333333333334,0.41644448041915894,41.17585372924805,2.8989325073780492e-05,1.8734724521636963
4649,-110.85964912280701,209,206,0.9814035087719298,-0.17557984590530396,6.060509204864502,2.8996129913139157e-05,0.8574970364570618
4650,-7.631578947368411,95,83,0.8736842105263158,0.15924470126628876,16.0162296295166,2.828916876751464e-05,0.4682545065879822
4651,-109.40064102564104,208,206,0.9859935897435897,0.08852570503950119,9.471349716186523,2.8414258849807084e-05,1.0816597938537598
4652,46.75163398692809,51,51,0.977516339869281,0.1834946721792221,28.824329376220703,2.8418318834155798e-05,0.2598833739757538
4653,48.10204081632652,49,48,0.9710204081632653,0.03438882902264595,25.943851470947266,2.842388130375184e-05,1.1910696029663086
4654,63.95652173913043,23,20,0.8695652173913043,-0.23724325001239777,54.966102600097656,2.848447002179455e-05,1.4356719255447388
4655,40.95652173913044,46,40,0.8695652173913043,0.5935433506965637,28.458770751953125,2.906237386923749e-05,2.6427395343780518
4656,63.95652173913043,23,20,0.8695652173913043,0.46815332770347595,37.61623764038086,2.951852547994349e-05,2.3300509452819824
4657,63.95652173913044,23,20,0.8695652173913043,-0.17417417466640472,53.3075065612793,2.958175537060015e-05,0.6573086977005005
4658,40.95652173913043,46,40,0.8695652173913043,0.06837667524814606,27.652267456054688,2.961183236038778e-05,0.7627780437469482
4659,63.95652173913043,23,20,0.8695652173913043,-0.8908871412277222,46.4524040222168,2.9955492209410295e-05,2.7295243740081787
4660,49.36879432624113,47,46,0.9636879432624114,-0.44733697175979614,20.81072998046875,3.018631468876265e-05,2.323275566101074
4661,40.95652173913043,46,40,0.8695652173913043,-0.2530675530433655,27.74762725830078,3.020375152118504e-05,1.2771122455596924
4662,40.95652173913043,46,40,0.8695652173913043,-0.050072576850652695,27.715721130371094,2.989897802763153e-05,0.04387759417295456
4663,-7.107936507936509,105,104,0.978920634920635,-0.7039903998374939,11.051338195800781,2.968063927255571e-05,0.1365641951560974
4664,63.95652173913043,23,20,0.8695652173913043,-2.3174490928649902,51.446388244628906,3.5213091905461624e-05,10.586008071899414
4665,63.95652173913044,23,20,0.8695652173913043,-0.822150707244873,44.63283920288086,3.4351945942034945e-05,3.6442935466766357
4666,-5.718446601941757,103,101,0.9728155339805825,-0.30993783473968506,12.74990463256836,3.396966712898575e-05,0.05848411098122597
4667,46.73333333333333,50,49,0.9673333333333334,-0.1569148153066635,23.993743896484375,3.403640948818065e-05,0.7745246291160583
4668,40.95652173913043,46,40,0.8695652173913043,-0.2976977229118347,30.149682998657227,3.403387381695211e-05,0.8300754427909851
4669,-7.051282051282057,104,101,0.9694871794871794,-0.21318435668945312,18.09981346130371,3.396787724341266e-05,0.43430575728416443
4670,63.95652173913043,23,20,0.8695652173913043,-2.5108141899108887,50.49768829345703,3.988576645497233e-05,10.291044235229492
4671,40.95652173913044,46,40,0.8695652173913043,-0.01785612665116787,27.223039627075195,3.9769533032085747e-05,0.41415971517562866
4672,-9.541666666666664,96,83,0.8645833333333334,-0.8629531860351562,15.049505233764648,3.998832471552305e-05,2.7717299461364746
4673,-106.94796747967479,205,202,0.980520325203252,-0.35160309076309204,9.482796669006348,3.99873752030544e-05,0.25108012557029724
4674,46.46153846153847,52,52,0.9846153846153847,-1.4938418865203857,30.148303985595703,4.033575896755792e-05,2.98423171043396
4675,59.333333333333336,24,20,0.8333333333333334,-0.11257867515087128,48.5746955871582,3.8432772271335125e-05,0.661730945110321
4676,46.626666666666665,50,49,0.9662666666666667,0.19731977581977844,23.904518127441406,3.9168466173578054e-05,3.109534740447998
4677,63.95652173913042,23,20,0.8695652173913043,-1.0320162773132324,59.51924133300781,4.00996177631896e-05,4.437122344970703
4678,43.888888888888886,45,40,0.8888888888888888,-0.22347822785377502,37.60963821411133,4.0199895011028275e-05,2.519831895828247
4679,46.626666666666665,50,49,0.9662666666666667,0.6566067337989807,25.5223445892334,4.033315053675324e-05,4.006198406219482
4680,40.95652173913043,46,40,0.8695652173913043,-0.5155472755432129,30.520854949951172,4.049146446050145e-05,2.4507758617401123
4681,-102.70149253731343,201,198,0.9829850746268657,0.001190116978250444,7.599409580230713,4.04636884923093e-05,0.11608973145484924
4682,43.88888888888889,45,40,0.8888888888888888,0.4016806483268738,32.5730094909668,4.068971975357272e-05,1.963018536567688
4683,46.73333333333333,50,49,0.9673333333333334,-0.6770702004432678,54.905948638916016,4.071581133757718e-05,1.387133240699768
4684,40.95652173913043,46,40,0.8695652173913043,-0.5596969723701477,31.36396026611328,3.98365555156488e-05,1.6632859706878662
4685,46.73333333333333,50,49,0.9673333333333334,-0.3901130259037018,23.16948699951172,3.970627221860923e-05,1.5576189756393433
4686,63.95652173913043,23,20,0.8695652173913043,0.5539453029632568,49.514854431152344,4.034172889078036e-05,2.71134614944458
4687,-8.93769470404985,107,106,0.9806230529595016,0.48649466037750244,17.118013381958008,4.0511455154046416e-05,1.1312087774276733
4688,-7.107936507936511,105,104,0.978920634920635,0.48385581374168396,14.850907325744629,4.0816714317770675e-05,2.239182472229004
4689,40.95652173913042,46,40,0.8695652173913043,0.8004335165023804,39.27597427368164,4.102956154383719e-05,1.528111219406128
4690,-105.54575163398694,204,201,0.9845424836601308,0.42082294821739197,7.257823467254639,4.106528649572283e-05,0.5499747395515442
4691,63.95652173913043,23,20,0.8695652173913043,0.7667853236198425,52.94466781616211,4.096306292922236e-05,1.694582223892212
4692,-108.45893719806764,207,204,0.9854106280193237,-0.15253041684627533,5.866534233093262,4.095713666174561e-05,0.3035580515861511
4693,47.62585034013605,49,48,0.9662585034013605,0.2445962280035019,25.587696075439453,4.208649988868274e-05,4.049499988555908
4694,63.95652173913043,23,20,0.8695652173913043,-0.2522490918636322,48.29426193237305,4.189858736936003e-05,0.30079203844070435
4695,40.95652173913042,46,40,0.8695652173913043,-1.2282896041870117,31.611513137817383,4.2922594730043784e-05,4.6185407638549805
4696,-109.40064102564104,208,206,0.9859935897435897,-0.3572089374065399,5.956645965576172,4.2961833969457075e-05,0.43110036849975586
4697,40.95652173913043,46,40,0.8695652173913043,-0.3913460075855255,32.94767379760742,4.2915624362649396e-05,0.8698530793190002
4698,-9.54166666666666,96,83,0.8645833333333334,-0.659089207649231,17.049623489379883,4.2302548536099494e-05,1.9308422803878784
4699,-104.76026272577997,203,200,0.9823973727422003,-0.14829756319522858,6.943238258361816,4.203729622531682e-05,0.6413745284080505
4700,40.95652173913043,46,40,0.8695652173913043,-0.05263678357005119,31.747379302978516,4.2033378122141585e-05,0.40020325779914856
4701,-5.961538461538467,104,103,0.9803846153846154,-0.2549464702606201,10.500760078430176,4.1925050027202815e-05,0.06879263371229172
4702,-8.937694704049848,107,106,0.9806230529595016,-0.592018723487854,11.877551078796387,4.2009996832348406e-05,1.5733022689819336
4703,47.62585034013605,49,48,0.9662585034013605,-0.45216748118400574,16.346227645874023,4.20202522946056e-05,0.8530101776123047
4704,63.95652173913044,23,20,0.8695652173913043,1.5967655181884766,49.53129196166992,4.4920609070686623e-05,7.149307727813721
4705,-7.107936507936509,105,104,0.978920634920635,-0.7021477222442627,11.811925888061523,4.458977855392732e-05,0.23211047053337097
4706,63.95652173913043,23,20,0.8695652173913043,-0.24408820271492004,42.881874084472656,4.430004992173053e-05,0.40605372190475464
4707,-6.48076923076923,104,102,0.9751923076923077,-0.6048137545585632,10.808332443237305,4.419879041961394e-05,1.3534278869628906
4708,59.33333333333334,24,20,0.8333333333333334,-0.8356856107711792,47.183204650878906,4.463171717361547e-05,3.230456590652466
4709,63.95652173913043,23,20,0.8695652173913043,-0.09892896562814713,45.599700927734375,4.467464896151796e-05,0.47850301861763
4710,-9.541666666666664,96,83,0.8645833333333334,-0.4247710108757019,15.076892852783203,4.462432116270065e-05,0.9231349229812622
4711,40.95652173913042,46,40,0.8695652173913043,-0.38189205527305603,30.75603675842285,3.904346885974519e-05,1.8210340738296509
4712,40.95652173913043,46,40,0.8695652173913043,0.15488234162330627,27.978652954101562,3.878314237226732e-05,0.4840690493583679
4713,47.299319727891145,49,48,0.9629931972789115,0.0792880430817604,21.48339080810547,3.870697764796205e-05,0.39602476358413696
4714,46.75163398692809,51,51,0.977516339869281,-0.37995296716690063,23.623035430908203,3.818096229224466e-05,0.9656538367271423
4715,63.95652173913044,23,20,0.8695652173913043,0.34939420223236084,44.740875244140625,3.853191446978599e-05,2.14078688621521
4716,40.95652173913044,46,40,0.8695652173913043,-0.09525144100189209,24.815471649169922,3.836760515696369e-05,0.8960564732551575
4717,46.564102564102555,52,52,0.9856410256410256,-0.8460429906845093,25.74988555908203,3.837165058939718e-05,0.8992279767990112
4718,63.95652173913043,23,20,0.8695652173913043,-0.9523073434829712,46.07817459106445,3.885217665811069e-05,3.0679516792297363
4719,46.564102564102555,52,52,0.9856410256410256,-0.4330441951751709,20.915273666381836,3.88313019357156e-05,0.6658501029014587
4720,43.888888888888886,45,40,0.8888888888888888,0.6089037656784058,27.90911102294922,3.7764279113616794e-05,0.8713720440864563
4721,63.95652173913043,23,20,0.8695652173913043,0.2861882150173187,51.064674377441406,3.791525887208991e-05,3.244685411453247
4722,46.73333333333333,50,49,0.9673333333333334,-0.13948558270931244,26.22420310974121,3.7866502680117264e-05,0.05730721727013588
4723,59.333333333333336,24,20,0.8333333333333334,0.06655604392290115,42.26435852050781,3.7862813769606873e-05,0.7516730427742004
4724,-104.76026272577998,203,200,0.9823973727422003,-0.061011988669633865,7.687597274780273,3.783656575251371e-05,0.6492666006088257
4725,43.70440251572327,53,52,0.9670440251572328,-0.6777680516242981,19.141942977905273,3.7742385757155716e-05,0.7243116497993469
4726,38.1063829787234,47,40,0.851063829787234,-0.21564258635044098,31.193458557128906,3.776724770432338e-05,0.869182288646698
4727,-104.1881188118812,202,198,0.9781188118811881,-0.45683470368385315,7.420260906219482,3.7142279325053096e-05,1.419793725013733
4728,40.95652173913044,46,40,0.8695652173913043,-0.18977020680904388,28.70906639099121,3.724643465830013e-05,1.5772144794464111
4729,-9.541666666666663,96,83,0.8645833333333334,0.6165609359741211,13.940447807312012,3.760617255466059e-05,3.0264384746551514
4730,47.26666666666666,50,49,0.9726666666666667,-0.2339514195919037,26.410261154174805,3.595787347876467e-05,1.718321681022644
4731,46.564102564102555,52,52,0.9856410256410256,-0.9840672612190247,16.54075050354004,3.630463470472023e-05,2.9401023387908936
4732,63.95652173913043,23,20,0.8695652173913043,-1.1328063011169434,46.99041748046875,3.790148184634745e-05,5.438766956329346
4733,46.564102564102555,52,52,0.9856410256410256,-0.5148383378982544,15.353221893310547,3.7938592868158594e-05,1.2378071546554565
4734,40.95652173913043,46,40,0.8695652173913043,-0.00272360653616488,30.61001205444336,3.7604677345370874e-05,0.8023579120635986
4735,48.687074829931966,49,48,0.9768707482993197,0.10700927674770355,29.15311622619629,3.764812936424278e-05,1.3754881620407104
4736,47.299319727891145,49,48,0.9629931972789115,0.21806134283542633,26.365480422973633,3.7651810998795554e-05,0.1371937394142151
4737,-104.76026272577997,203,200,0.9823973727422003,-0.13859282433986664,8.013044357299805,3.7373196391854435e-05,0.2887933552265167
4738,63.95652173913043,23,20,0.8695652173913043,0.27425888180732727,51.43976974487305,3.771643605432473e-05,1.9834637641906738
4739,40.95652173913043,46,40,0.8695652173913043,1.172515630722046,28.480594635009766,3.903059405274689e-05,4.461788177490234
4740,40.95652173913042,46,40,0.8695652173913043,-0.2636605203151703,30.352724075317383,3.8426303945016116e-05,2.075577735900879
4741,63.95652173913043,23,20,0.8695652173913043,1.045912742614746,43.431114196777344,3.952167389797978e-05,4.160460948944092
4742,63.95652173913043,23,20,0.8695652173913043,-1.2123936414718628,46.62589645385742,3.967986776842736e-05,3.949411392211914
4743,-105.44117647058825,204,202,0.9855882352941177,0.11365728825330734,7.587586402893066,3.918716902262531e-05,0.45551425218582153
4744,-106.9479674796748,205,202,0.980520325203252,0.3467653691768646,9.003172874450684,3.94237031287048e-05,1.7647960186004639
4745,-9.541666666666666,96,83,0.8645833333333334,-0.4203129708766937,16.554405212402344,3.9233196730492637e-05,1.672664761543274
4746,40.95652173913042,46,40,0.8695652173913043,1.6600065231323242,28.166217803955078,4.141464160056785e-05,5.836226940155029
4747,46.56410256410256,52,52,0.9856410256410256,-0.29796460270881653,19.513607025146484,4.1413157305214554e-05,0.5235812664031982
4748,48.10204081632652,49,48,0.9710204081632653,0.15357686579227448,15.442753791809082,4.1122246329905465e-05,0.1641242504119873
4749,63.95652173913043,23,20,0.8695652173913043,0.5501894950866699,51.066104888916016,4.1765495552681386e-05,2.984809160232544
4750,63.95652173913044,23,20,0.8695652173913043,0.5813735127449036,40.973567962646484,4.225829252391122e-05,2.6568126678466797
4751,46.62666666666667,50,49,0.9662666666666667,-0.9786250591278076,21.862831115722656,4.3162726797163486e-05,4.3474555015563965
4752,40.95652173913042,46,40,0.8695652173913043,-0.22982166707515717,33.550682067871094,4.314665056881495e-05,0.5698305368423462
4753,40.95652173913043,46,40,0.8695652173913043,0.14639171957969666,33.155128479003906,4.312993769417517e-05,0.4041529893875122
4754,63.95652173913043,23,20,0.8695652173913043,-0.5589962005615234,48.83872604370117,4.33646455348935e-05,2.561173439025879
4755,-9.541666666666663,96,83,0.8645833333333334,-0.2512262165546417,15.86207103729248,4.282675945432857e-05,0.637795090675354
4756,43.888888888888886,45,40,0.8888888888888888,-0.12034782767295837,29.738018035888672,4.244472074788064e-05,1.38900625705719
4757,-9.54166666666666,96,83,0.8645833333333334,-0.8554548025131226,16.967571258544922,4.2671810660976917e-05,2.58870267868042
4758,46.75163398692809,51,51,0.977516339869281,-0.09278851747512817,24.263639450073242,4.2646093788789585e-05,0.5697982907295227
4759,59.333333333333336,24,20,0.8333333333333334,-0.9525696039199829,49.53781509399414,4.253103179507889e-05,2.2832820415496826
4760,-5.7021276595744705,94,83,0.8829787234042553,0.02808033861219883,14.525139808654785,4.2326562834205106e-05,0.22125987708568573
4761,63.95652173913043,23,20,0.8695652173913043,-0.7272685170173645,56.05549240112305,4.238767360220663e-05,1.7231981754302979
4762,-5.317152103559874,103,101,0.9768284789644013,0.23999784886837006,15.363151550292969,4.238783003529534e-05,0.04692618176341057
4763,47.26666666666666,50,49,0.9726666666666667,0.5276961922645569,29.28177261352539,4.245158561388962e-05,0.660836398601532
4764,-110.85964912280701,209,206,0.9814035087719298,0.1769838184118271,7.648509979248047,3.599376213969663e-05,0.3120015561580658
4765,-7.631578947368421,95,83,0.8736842105263158,0.24330675601959229,17.287925720214844,3.533934795996174e-05,0.6893191933631897
4766,-7.631578947368409,95,83,0.8736842105263158,0.14263765513896942,17.45656394958496,3.5379071050556377e-05,0.5934237241744995
4767,59.33333333333334,24,20,0.8333333333333334,1.034000277519226,44.80344772338867,3.757892773137428e-05,5.855601787567139
4768,-109.40064102564104,208,206,0.9859935897435897,-0.526473879814148,7.731970310211182,3.756263686227612e-05,0.25012990832328796
4769,-109.93269230769232,208,204,0.9806730769230769,-0.29707586765289307,6.948876857757568,3.7552974390564486e-05,0.2841457426548004
4770,-7.631578947368421,95,83,0.8736842105263158,-0.24198313057422638,16.225971221923828,3.117182495770976e-05,0.11131305247545242
4771,40.95652173913043,46,40,0.8695652173913043,0.7171082496643066,29.33439826965332,3.1921172194415703e-05,3.4671263694763184
4772,-2.8151815181518285,101,100,0.9818481848184818,-0.12197447568178177,11.253406524658203,3.146833842038177e-05,0.5379292368888855
4773,46.75163398692809,51,51,0.977516339869281,-0.5932689905166626,22.3138427734375,3.187598485965282e-05,2.5937552452087402
4774,-7.631578947368416,95,83,0.8736842105263158,-0.2390708327293396,14.468450546264648,3.133821519440971e-05,0.36172619462013245
4775,-5.96153846153846,104,103,0.9803846153846154,-0.1993122696876526,15.83378791809082,3.13251257466618e-05,0.4783528745174408
4776,63.95652173913044,23,20,0.8695652173913043,0.1383419781923294,49.19680404663086,3.0722807423444465e-05,0.1518099159002304
4777,-3.42244224422443,101,99,0.9757755775577558,0.0013463592622429132,12.739599227905273,2.9524740966735408e-05,0.33141425251960754
4778,63.95652173913042,23,20,0.8695652173913043,-0.8155300617218018,47.32472229003906,2.960297751997132e-05,2.7600576877593994
4779,48.68707482993197,49,48,0.9768707482993197,0.19491294026374817,25.096405029296875,2.869448871933855e-05,1.2491374015808105
4780,63.95652173913043,23,20,0.8695652173913043,0.922083854675293,45.4520149230957,3.075753556913696e-05,6.274409770965576
4781,-104.76026272577998,203,200,0.9823973727422003,-0.0016626511933282018,7.049903392791748,3.076271968893707e-05,0.3680378198623657
4782,40.95652173913042,46,40,0.8695652173913043,-0.25028055906295776,29.120643615722656,3.058128277189098e-05,0.8683508634567261
4783,40.95652173913043,46,40,0.8695652173913043,-0.3609592914581299,27.075809478759766,3.0528743081958964e-05,1.0400261878967285
4784,-105.54575163398694,204,201,0.9845424836601308,-0.06883785128593445,6.195629596710205,3.0359313313965686e-05,0.28534427285194397
4785,-2.9537953795379543,101,100,0.9804620462046204,-0.37096816301345825,11.19762134552002,3.0205888833734207e-05,0.19359546899795532
4786,63.95652173913044,23,20,0.8695652173913043,-0.4404855966567993,43.18690490722656,2.9782049750792794e-05,0.5400873422622681
4787,-3.4224422442244227,101,99,0.9757755775577558,0.01689995639026165,12.213187217712402,2.9728791560046375e-05,0.636864960193634
4788,46.7516339869281,51,51,0.977516339869281,0.904851496219635,21.784225463867188,3.035893132619094e-05,3.9049072265625
4789,63.95652173913043,23,20,0.8695652173913043,0.16723453998565674,43.97301483154297,3.0285791581263766e-05,1.0679253339767456
4790,-8.937694704049846,107,106,0.9806230529595016,-0.29892295598983765,16.41115379333496,3.031288542842958e-05,0.8634780049324036
4791,-7.631578947368419,95,83,0.8736842105263158,-0.2817547023296356,14.951920509338379,3.0240074920584448e-05,1.3538835048675537
4792,43.888888888888886,45,40,0.8888888888888888,0.7565853595733643,31.068952560424805,3.060541712329723e-05,2.4258854389190674
4793,63.95652173913044,23,20,0.8695652173913043,-0.09599606692790985,46.458465576171875,2.9643568268511444e-05,0.9573979377746582
4794,63.95652173913043,23,20,0.8695652173913043,-0.3297889828681946,41.286476135253906,2.9987219022586942e-05,2.4427011013031006
4795,40.95652173913043,46,40,0.8695652173913043,1.2851110696792603,26.691255569458008,3.046455094590783e-05,5.3585076332092285
4796,40.95652173913043,46,40,0.8695652173913043,-0.3368063271045685,28.314449310302734,3.078475856455043e-05,2.298877477645874
4797,-2.8151815181518267,101,100,0.9818481848184818,0.5631417632102966,12.31882381439209,3.075865242863074e-05,0.6061676144599915
4798,-11.43298969072166,97,83,0.8556701030927835,-0.3980633318424225,16.631072998046875,3.070140155614354e-05,1.6761157512664795
4799,46.733333333333334,50,49,0.9673333333333334,-0.0458047017455101,21.779212951660156,3.068241858272813e-05,0.29940885305404663
4800,49.027210884353735,49,49,0.9802721088435374,-0.24628344178199768,19.7603816986084,3.090574318775907e-05,1.937138319015503
4801,-100.66834170854271,199,196,0.9833165829145729,-0.22190633416175842,6.791133403778076,3.1083516660146415e-05,1.7051732540130615
4802,46.46153846153847,52,52,0.9846153846153847,-0.7870072722434998,26.296985626220703,3.103824928984977e-05,1.31691312789917
4803,59.333333333333336,24,20,0.8333333333333334,-0.6625581979751587,46.814483642578125,3.11184448946733e-05,1.43065345287323
4804,-105.54575163398694,204,201,0.9845424836601308,0.06460903584957123,6.278008460998535,2.7928679628530517e-05,0.2501126527786255
4805,-99.21885521885523,198,196,0.9878114478114478,0.3688373267650604,7.709007740020752,2.7960053557762876e-05,0.6960994601249695
4806,47.299319727891145,49,48,0.9629931972789115,0.26832398772239685,19.98256492614746,2.796407716232352e-05,0.3371923267841339
4807,43.89308176100629,53,52,0.9689308176100629,-0.14650489389896393,22.864574432373047,2.7863701689057052e-05,0.21232573688030243
4808,47.299319727891145,49,48,0.9629931972789115,-0.20614281296730042,22.053728103637695,2.734408190008253e-05,1.341168999671936
4809,-8.937694704049848,107,106,0.9806230529595016,-0.16382865607738495,12.120660781860352,2.7328705982654355e-05,0.11427523195743561
4810,-3.422442244224428,101,99,0.9757755775577558,-0.20418494939804077,12.9017333984375,2.73373989330139e-05,1.0003960132598877
4811,-9.541666666666664,96,83,0.8645833333333334,-0.26964056491851807,16.802352905273438,2.71449243882671e-05,0.19040635228157043
4812,40.95652173913043,46,40,0.8695652173913043,0.10832992196083069,30.009355545043945,2.7132467948831618e-05,0.2192392200231552
4813,-109.40064102564102,208,206,0.9859935897435897,-0.6185256838798523,6.51738166809082,2.7123982363264076e-05,0.18172481656074524
4814,-9.541666666666657,96,83,0.8645833333333334,-0.6613375544548035,17.257963180541992,2.7178137315786444e-05,1.3561311960220337
4815,-11.432989690721651,97,83,0.8556701030927835,-0.3212967813014984,16.945724487304688,2.691318150027655e-05,0.6456092596054077
4816,-4.592233009708748,103,102,0.9840776699029126,0.198927640914917,11.5211820602417,2.691586450964678e-05,0.9187358617782593
4817,-5.702127659574465,94,83,0.8829787234042553,-0.708467423915863,16.73053550720215,2.7074676836491562e-05,1.8699754476547241
4818,-8.937694704049846,107,106,0.9806230529595016,-0.40467336773872375,13.306238174438477,2.651592694746796e-05,0.2762199342250824
4819,-7.63157894736842,95,83,0.8736842105263158,-0.16081760823726654,17.36406707763672,2.6514082492212765e-05,0.644102931022644
4820,-5.961538461538467,104,103,0.9803846153846154,-0.13516221940517426,12.182610511779785,2.6514575438341126e-05,0.87578946352005
4821,-5.702127659574476,94,83,0.8829787234042553,0.0025950358249247074,17.6959171295166,2.592177588667255e-05,1.050827980041504
4822,59.33333333333333,24,20,0.8333333333333334,0.5759549736976624,52.98847961425781,2.690942164917942e-05,3.968374729156494
4823,63.95652173913043,23,20,0.8695652173913043,-0.08851795643568039,56.87189483642578,2.6910649467026815e-05,0.813893735408783
4824,40.95652173913042,46,40,0.8695652173913043,0.5814191699028015,30.53071403503418,2.7660538762575015e-05,3.533829927444458
4825,48.68707482993197,49,48,0.9768707482993197,1.1184499263763428,26.239748001098633,2.890590076276567e-05,4.580323219299316
4826,-4.9158576051780045,103,102,0.98084142394822,-0.5911926627159119,12.05530071258545,2.887450682464987e-05,0.5297030210494995
4827,47.62585034013605,49,48,0.9662585034013605,-0.3368493914604187,22.85184669494629,2.8910171749885194e-05,1.7350374460220337
4828,-4.254901960784324,102,100,0.9774509803921568,-0.4983469545841217,10.138138771057129,2.8858799851150252e-05,1.3038215637207031
4829,-110.85964912280703,209,206,0.9814035087719298,-0.17991496622562408,6.4262614250183105,2.8320695491856895e-05,0.0931408703327179
4830,47.26666666666666,50,49,0.9726666666666667,0.44530779123306274,29.270383834838867,2.8197917345096357e-05,1.1701130867004395
4831,40.95652173913044,46,40,0.8695652173913043,0.5186379551887512,31.467960357666016,2.777225017780438e-05,1.6521698236465454
4832,40.95652173913043,46,40,0.8695652173913043,0.5997785925865173,29.709999084472656,2.5967898181988858e-05,1.6273844242095947
4833,63.95652173913044,23,20,0.8695652173913043,1.3672244548797607,47.77811050415039,2.8086782549507916e-05,6.287055492401123
4834,-7.6315789473684115,95,83,0.8736842105263158,-0.04394067823886871,15.156197547912598,2.8036074581905268e-05,0.8860293030738831
4835,40.95652173913044,46,40,0.8695652173913043,0.07143955677747726,31.405061721801758,2.8042648409609683e-05,2.0289008617401123
4836,43.888888888888886,45,40,0.8888888888888888,-0.21670138835906982,27.661161422729492,2.8030815883539617e-05,0.1688416749238968
4837,-105.54575163398694,204,201,0.9845424836601308,-0.2523130476474762,8.458252906799316,2.8032354748575017e-05,0.4960317015647888
4838,-9.541666666666666,96,83,0.8645833333333334,-0.698851466178894,15.82032299041748,2.8094209483242594e-05,1.6309996843338013
4839,-100.66834170854271,199,196,0.9833165829145729,0.17895756661891937,6.5366644859313965,2.7021826099371538e-05,0.595736026763916
4840,-5.702127659574467,94,83,0.8829787234042553,0.15572959184646606,15.101799011230469,2.6697527573560365e-05,0.7731937766075134
4841,63.95652173913044,23,20,0.8695652173913043,-0.3611922264099121,48.28742599487305,2.59234948316589e-05,1.3707561492919922
4842,43.88888888888888,45,40,0.8888888888888888,0.40266281366348267,28.413806915283203,2.4870620109140873e-05,1.0314570665359497
4843,63.95652173913043,23,20,0.8695652173913043,0.09438516944646835,46.856563568115234,2.4868773834896274e-05,0.3066142499446869
4844,47.133333333333326,50,49,0.9713333333333334,-1.0747312307357788,33.183319091796875,2.613601100165397e-05,4.533600330352783
4845,-9.54166666666667,96,83,0.8645833333333334,0.4253157377243042,15.069564819335938,2.599348226794973e-05,1.3789008855819702
4846,46.75163398692809,51,51,0.977516339869281,0.011409674771130085,25.01483917236328,2.4091856175800785e-05,1.0234062671661377
4847,-11.432989690721653,97,83,0.8556701030927835,0.06006656587123871,15.089945793151855,2.4069131541182287e-05,0.6072444915771484
4848,40.95652173913043,46,40,0.8695652173913043,0.49970394372940063,28.313512802124023,2.449485873512458e-05,2.883237361907959
4849,40.95652173913044,46,40,0.8695652173913043,-0.6538575887680054,36.34867477416992,2.4290049623232335e-05,1.8659005165100098
4850,43.893081761006286,53,52,0.9689308176100629,-0.13426616787910461,28.989282608032227,2.391223461017944e-05,0.1247987151145935
4851,49.02721088435374,49,49,0.9802721088435374,-0.37066414952278137,26.822250366210938,2.286233939230442e-05,1.680251121520996
4852,-9.54166666666667,96,83,0.8645833333333334,0.0689963772892952,16.410564422607422,2.2892068955115974e-05,0.8388265371322632
4853,-7.6315789473684195,95,83,0.8736842105263158,0.3400322496891022,16.4229679107666,2.289036820002366e-05,0.05358051881194115
4854,48.10204081632652,49,48,0.9710204081632653,0.13892517983913422,19.768482208251953,2.2550741050508805e-05,1.248014211654663
4855,-108.53945249597425,207,204,0.9846054750402576,0.4245922267436981,8.867697715759277,2.253200000268407e-05,0.4312995374202728
4856,40.95652173913043,46,40,0.8695652173913043,0.7469102144241333,28.46494483947754,2.272147685289383e-05,2.6047821044921875
4857,-7.631578947368419,95,83,0.8736842105263158,-0.06565027683973312,15.080979347229004,2.2269134205998853e-05,0.6029310822486877
4858,38.1063829787234,47,40,0.851063829787234,0.1244882345199585,29.62788963317871,2.2290194465313107e-05,0.9240676164627075
4859,38.1063829787234,47,40,0.851063829787234,-0.9680800437927246,30.646488189697266,2.2914256987860426e-05,3.8144867420196533
4860,-9.54166666666666,96,83,0.8645833333333334,-0.11813308298587799,12.98479175567627,2.2915011868462898e-05,0.13592855632305145
4861,-4.592233009708751,103,102,0.9840776699029126,0.3186601996421814,12.675769805908203,2.2689111574436538e-05,0.7889747619628906
4862,-105.44117647058823,204,202,0.9855882352941177,0.24620214104652405,6.651977062225342,2.268635216751136e-05,0.36667028069496155
4863,59.33333333333333,24,20,0.8333333333333334,-1.3129150867462158,57.240230560302734,2.4706254407647066e-05,5.49299430847168
4864,47.29931972789115,49,48,0.9629931972789115,-0.5749669075012207,24.300703048706055,2.563246562203858e-05,3.682037353515625
4865,-7.631578947368425,95,83,0.8736842105263158,-0.45855116844177246,16.193147659301758,2.5891637051245198e-05,1.9535415172576904
4866,-9.54166666666666,96,83,0.8645833333333334,-0.3607729971408844,14.801071166992188,2.603809116408229e-05,1.4668095111846924
4867,40.95652173913044,46,40,0.8695652173913043,-0.6661301255226135,29.74378204345703,2.5062458007596433e-05,4.105789661407471
4868,48.68707482993197,49,48,0.9768707482993197,0.9050845503807068,24.43170738220215,2.5551600629114546e-05,2.868572235107422
4869,-9.54166666666666,96,83,0.8645833333333334,0.11145932227373123,15.360795021057129,2.562333429523278e-05,1.1627341508865356
4870,40.95652173913043,46,40,0.8695652173913043,-0.3063940107822418,31.09298324584961,2.5891657060128637e-05,2.0331053733825684
4871,63.95652173913043,23,20,0.8695652173913043,-1.1741317510604858,49.31460952758789,2.5519837436149828e-05,2.4117915630340576
4872,-4.915857605177999,103,102,0.98084142394822,-0.3980049192905426,10.90270709991455,2.5504385121166706e-05,0.16978947818279266
4873,-9.541666666666657,96,83,0.8645833333333334,-0.29622316360473633,15.97581958770752,2.509531259420328e-05,0.2982228696346283
4874,-7.631578947368414,95,83,0.8736842105263158,-0.6348414421081543,16.140932083129883,2.541379762988072e-05,2.300523281097412
4875,-9.541666666666657,96,83,0.8645833333333334,-0.3832154870033264,17.336318969726562,2.5518218535580672e-05,1.3950656652450562
4876,63.95652173913043,23,20,0.8695652173913043,-1.2783366441726685,56.46209716796875,2.7184632926946506e-05,5.248225212097168
4877,-6.480769230769235,104,102,0.9751923076923077,-0.16778399050235748,12.286587715148926,2.7181307814316824e-05,0.1895555853843689
4878,-3.4224422442244276,101,99,0.9757755775577558,-0.26089462637901306,12.113351821899414,2.6861334845307283e-05,1.505326271057129
4879,-8.937694704049843,107,106,0.9806230529595016,-0.5939450860023499,12.507078170776367,2.6947205697069876e-05,1.7354795932769775
4880,46.73333333333333,50,49,0.9673333333333334,0.22509990632534027,24.573301315307617,2.45657120103715e-05,1.2596044540405273
4881,63.95652173913044,23,20,0.8695652173913043,-1.444075584411621,41.6886100769043,2.5467141313129105e-05,3.9915177822113037
4882,-7.631578947368412,95,83,0.8736842105263158,0.10300512611865997,14.144024848937988,2.5593813916202635e-05,1.4626238346099854
4883,48.10204081632652,49,48,0.9710204081632653,0.179221510887146,16.66037940979004,2.5600096705602482e-05,0.8484167456626892
4884,47.13333333333333,50,49,0.9713333333333334,-0.49477681517601013,22.84360122680664,2.5900782929966226e-05,2.3386807441711426
4885,-4.592233009708751,103,102,0.9840776699029126,-0.2231665551662445,11.45278263092041,2.6049472580780275e-05,1.6957378387451172
4886,-8.93769470404985,107,106,0.9806230529595016,-0.1250549703836441,11.87310791015625,2.6113119020010345e-05,0.9503300189971924
4887,-109.40064102564102,208,206,0.9859935897435897,-0.3561110496520996,7.0295729637146,2.610344199638348e-05,0.18642112612724304
4888,43.893081761006286,53,52,0.9689308176100629,-0.36481648683547974,22.220476150512695,2.528217009967193e-05,1.9305434226989746
4889,-7.631578947368418,95,83,0.8736842105263158,-0.6200004816055298,15.629863739013672,2.5359495339216664e-05,1.8900405168533325
4890,40.95652173913044,46,40,0.8695652173913043,0.7581729888916016,27.494171142578125,2.5923924113158137e-05,2.9048101902008057
4891,-9.541666666666671,96,83,0.8645833333333334,-0.02729371376335621,17.56703758239746,2.5935725716408342e-05,1.1043587923049927
4892,-5.317152103559877,103,101,0.9768284789644013,-0.18375547230243683,11.601664543151855,2.5523857402731664e-05,0.01903672330081463
4893,43.88888888888887,45,40,0.8888888888888888,0.44217029213905334,33.829532623291016,2.554453931224998e-05,1.0969923734664917
4894,46.564102564102555,52,52,0.9856410256410256,-0.6734220385551453,15.623658180236816,2.5429420929867774e-05,1.9851608276367188
4895,40.95652173913043,46,40,0.8695652173913043,0.10910139977931976,30.401227951049805,2.352746741962619e-05,0.1757989227771759
4896,40.95652173913044,46,40,0.8695652173913043,0.13819760084152222,29.608871459960938,2.32624097407097e-05,0.00048120779683813453
4897,40.95652173913043,46,40,0.8695652173913043,0.08527038991451263,32.51862335205078,2.323282569705043e-05,0.21594104170799255
4898,40.95652173913044,46,40,0.8695652173913043,0.04401203989982605,30.863468170166016,2.3098426026990637e-05,0.22618037462234497
4899,-9.541666666666666,96,83,0.8645833333333334,-0.15965762734413147,16.493188858032227,2.310749187017791e-05,0.43161171674728394
4900,40.95652173913043,46,40,0.8695652173913043,0.42528480291366577,26.624662399291992,2.3138483811635524e-05,1.7302721738815308
4901,40.95652173913043,46,40,0.8695652173913043,0.09244925528764725,30.727066040039062,2.2993626771494746e-05,0.14688892662525177
4902,40.95652173913044,46,40,0.8695652173913043,-0.8037005066871643,28.17751121520996,2.340335413464345e-05,2.9766643047332764
4903,-104.76026272577997,203,200,0.9823973727422003,-0.3309665620326996,6.2256598472595215,2.3301845430978574e-05,0.2067672312259674
4904,40.95652173913043,46,40,0.8695652173913043,0.06337528675794601,26.491985321044922,2.3312870325753465e-05,0.43589016795158386
4905,40.95652173913043,46,40,0.8695652173913043,0.30188459157943726,26.495973587036133,2.3402813894790597e-05,1.3316986560821533
4906,63.95652173913043,23,20,0.8695652173913043,0.49220290780067444,43.31104278564453,2.376535121584311e-05,2.347430467605591
4907,40.95652173913043,46,40,0.8695652173913043,-0.6060186624526978,29.293498992919922,2.4430701159872115e-05,3.4144787788391113
4908,-4.915857605178005,103,102,0.98084142394822,-0.0682767778635025,13.12331485748291,2.4349370505660772e-05,0.23056748509407043
4909,40.95652173913043,46,40,0.8695652173913043,0.6393359303474426,28.567636489868164,2.468901038810145e-05,2.242356300354004
4910,40.95652173913044,46,40,0.8695652173913043,0.5212400555610657,27.748918533325195,2.489599137334153e-05,1.9544426202774048
4911,46.73333333333333,50,49,0.9673333333333334,-0.11982094496488571,18.997299194335938,2.4891602151910774e-05,0.05063857138156891
4912,46.62666666666667,50,49,0.9662666666666667,-0.5127952098846436,21.981618881225586,2.491849045327399e-05,0.8111922740936279
4913,-4.59223300970875,103,102,0.9840776699029126,0.1750483214855194,12.207754135131836,2.4914001187426038e-05,0.05448783189058304
4914,40.95652173913043,46,40,0.8695652173913043,0.35636648535728455,31.187936782836914,2.5173409085255116e-05,2.346705198287964
4915,40.95652173913043,46,40,0.8695652173913043,-0.08296850323677063,33.29914855957031,2.5142904632957652e-05,0.04312482476234436
4916,-7.631578947368427,95,83,0.8736842105263158,-0.4485190212726593,14.289572715759277,2.5192446628352627e-05,1.4104670286178589
4917,-3.764705882352955,102,101,0.9823529411764705,-0.4932783544063568,13.444279670715332,2.5060769985429943e-05,1.1120421886444092
4918,49.027210884353735,49,49,0.9802721088435374,-0.8097216486930847,30.54507064819336,2.5601746528991498e-05,3.0601775646209717
4919,43.88888888888889,45,40,0.8888888888888888,0.41653972864151,29.831228256225586,2.562203553679865e-05,0.8388020992279053
4920,40.95652173913042,46,40,0.8695652173913043,-0.1796686053276062,27.62019157409668,2.5673429263406433e-05,1.4623476266860962
4921,-6.480769230769239,104,102,0.9751923076923077,0.038443148136138916,11.62014102935791,2.5627179638831876e-05,0.6716268658638
4922,46.73333333333333,50,49,0.9673333333333334,-0.5911807417869568,26.836654663085938,2.5028863092302345e-05,2.879530429840088
4923,-109.40064102564104,208,206,0.9859935897435897,-0.17226579785346985,7.989645481109619,2.501490234863013e-05,0.2037385255098343
4924,-4.915857605178003,103,102,0.98084142394822,-0.11856704950332642,10.900693893432617,2.41559355345089e-05,0.010840765200555325
4925,46.564102564102555,52,52,0.9856410256410256,-0.012688510119915009,17.848737716674805,2.2966252799960785e-05,1.7388356924057007
4926,-9.541666666666657,96,83,0.8645833333333334,0.006620223168283701,14.282477378845215,2.3025604605209082e-05,0.7759179472923279
4927,46.73333333333333,50,49,0.9673333333333334,0.26819083094596863,19.14065933227539,2.2986081603448838e-05,1.5472980737686157
4928,-105.44117647058825,204,202,0.9855882352941177,-0.027011597529053688,6.560857772827148,2.292462158948183e-05,0.6129168272018433
4929,38.1063829787234,47,40,0.851063829787234,-0.37689846754074097,31.509050369262695,2.3123600840335712e-05,2.072216510772705
4930,43.888888888888886,45,40,0.8888888888888888,-0.04375648871064186,32.54926681518555,2.3102096747606993e-05,1.5799686908721924
4931,63.95652173913043,23,20,0.8695652173913043,0.5387483239173889,44.934303283691406,2.331718678760808e-05,2.408276081085205
4932,-9.541666666666659,96,83,0.8645833333333334,0.14067544043064117,17.144277572631836,2.3161963326856494e-05,0.7767762541770935
4933,63.95652173913044,23,20,0.8695652173913043,0.9101939797401428,47.421836853027344,2.1257250409689732e-05,3.230581521987915
4934,-4.915857605178001,103,102,0.98084142394822,0.1624552458524704,11.77754020690918,2.1334555640351027e-05,1.3282917737960815
4935,47.625850340136054,49,48,0.9662585034013605,-0.7006646990776062,22.870498657226562,2.59377047768794e-05,9.213600158691406
4936,63.95652173913044,23,20,0.8695652173913043,0.9973260760307312,46.213260650634766,2.6544368665781803e-05,2.8091061115264893
4937,40.95652173913043,46,40,0.8695652173913043,0.004398934077471495,32.15742111206055,2.6503426852286793e-05,0.6557164788246155
4938,-4.915857605177996,103,102,0.98084142394822,0.01111916359513998,13.573175430297852,2.640549064381048e-05,0.4379754960536957
4939,47.13333333333334,50,49,0.9713333333333334,-0.3701464533805847,23.754762649536133,2.6387928301119246e-05,1.1711399555206299
4940,63.95652173913044,23,20,0.8695652173913043,-0.3209030032157898,53.032291412353516,2.649391899467446e-05,2.1504063606262207
4941,-9.0436137071651,107,105,0.979563862928349,-0.021264443174004555,12.11607837677002,2.6461379093234427e-05,0.24063414335250854
4942,-105.54575163398692,204,201,0.9845424836601308,-0.16591447591781616,6.389100074768066,2.653614865266718e-05,1.819349765777588
4943,40.95652173913043,46,40,0.8695652173913043,0.48760661482810974,31.264169692993164,2.7019434128305875e-05,2.492675542831421
4944,-9.54166666666666,96,83,0.8645833333333334,-0.4676310122013092,15.81536865234375,2.6007995984400623e-05,1.3363741636276245
4945,-1.446666666666669,100,99,0.9855333333333334,-0.07042398303747177,11.767861366271973,2.582697015895974e-05,0.6601138114929199
4946,-8.93769470404985,107,106,0.9806230529595016,-0.14323633909225464,12.25562858581543,2.5727818865561858e-05,0.212810680270195
4947,43.888888888888886,45,40,0.8888888888888888,0.6459839344024658,31.63735580444336,2.618701364553999e-05,2.5293753147125244
4948,63.95652173913043,23,20,0.8695652173913043,0.4843785762786865,41.49724197387695,2.6067244107252918e-05,2.5686941146850586
4949,49.707482993197274,49,49,0.9870748299319728,-0.35598164796829224,16.216054916381836,2.594465149741154e-05,0.8846950531005859
4950,-4.915857605178001,103,102,0.98084142394822,-0.15635284781455994,9.551277160644531,2.5951610950869508e-05,0.23007218539714813
4951,-7.6315789473684195,95,83,0.8736842105263158,-0.06684769690036774,16.34132194519043,2.587047674751375e-05,0.3431495428085327
4952,-105.44117647058825,204,202,0.9855882352941177,0.012486740946769714,7.445400714874268,2.58586023846874e-05,0.07479764521121979
4953,63.95652173913043,23,20,0.8695652173913043,1.4851027727127075,48.47431182861328,2.8419482987374067e-05,6.1617279052734375
4954,48.10204081632653,49,48,0.9710204081632653,-0.09996761381626129,20.492521286010742,2.8421774914022535e-05,1.2648437023162842
4955,-99.21885521885523,198,196,0.9878114478114478,-0.2808687090873718,6.001258850097656,2.8484222639235668e-05,1.2870663404464722
4956,40.95652173913042,46,40,0.8695652173913043,0.23046298325061798,30.07475471496582,2.7989031877950765e-05,0.27400293946266174
4957,-108.53945249597425,207,204,0.9846054750402576,-0.3547808527946472,5.782214641571045,2.7993983167107217e-05,0.12514975666999817
4958,-2.8151815181518307,101,100,0.9818481848184818,0.1305019110441208,11.699576377868652,2.7903368390980177e-05,0.1824631541967392
4959,-105.4673202614379,204,202,0.9853267973856209,-0.22867920994758606,7.686942100524902,2.7146275897393934e-05,0.16906824707984924
4960,-105.54575163398692,204,201,0.9845424836601308,-0.37862923741340637,6.499322891235352,2.7154119379702024e-05,0.7993610501289368
4961,63.95652173913044,23,20,0.8695652173913043,1.2413831949234009,39.74436569213867,2.9741950129391626e-05,6.320473670959473
4962,-2.815181518151825,101,100,0.9818481848184818,0.47146105766296387,13.424617767333984,2.985940227517858e-05,1.2859177589416504
4963,-6.4807692307692335,104,102,0.9751923076923077,0.020752815529704094,11.642308235168457,2.8125687094870955e-05,0.16870881617069244
4964,-106.9479674796748,205,202,0.980520325203252,0.2516539990901947,6.657626152038574,2.7393736672820523e-05,0.7462098002433777
4965,40.95652173913043,46,40,0.8695652173913043,-0.33290037512779236,29.301557540893555,2.751469219219871e-05,2.424739122390747
4966,47.625850340136054,49,48,0.9662585034013605,-0.7183891534805298,19.467830657958984,3.407735493965447e-05,10.377644538879395
4967,63.95652173913043,23,20,0.8695652173913043,0.904577910900116,46.14830017089844,3.3707117836456746e-05,3.20981764793396
4968,-7.051282051282055,104,101,0.9694871794871794,-0.15339472889900208,11.005414962768555,3.320277755847201e-05,0.33333688974380493
4969,40.95652173913042,46,40,0.8695652173913043,0.5260933637619019,24.94337272644043,3.334373832331039e-05,1.8991559743881226
4970,-100.66834170854271,199,196,0.9833165829145729,-0.10705430805683136,6.191176414489746,3.309547537355684e-05,0.2631523311138153
4971,-8.93769470404985,107,106,0.9806230529595016,-0.5934006571769714,13.87199878692627,3.2777399610495195e-05,0.8229192495346069
4972,-7.631578947368411,95,83,0.8736842105263158,-0.11879140883684158,15.980916023254395,3.281651879660785e-05,0.839019238948822
4973,-3.7647058823529425,102,101,0.9823529411764705,-0.3848283290863037,14.668264389038086,3.2812262361403555e-05,0.16414456069469452
4974,63.95652173913043,23,20,0.8695652173913043,-1.1360620260238647,47.371463775634766,3.336390000185929e-05,3.7669765949249268
4975,-3.4224422442244298,101,99,0.9757755775577558,-0.04040788486599922,11.96953296661377,3.325046782265417e-05,0.3735164403915405
4976,-7.107936507936506,105,104,0.978920634920635,-0.5704367160797119,12.104358673095703,3.1553168810205534e-05,0.6416459679603577
4977,-9.541666666666664,96,83,0.8645833333333334,-0.06935897469520569,19.097658157348633,3.155078593408689e-05,0.0985206812620163
4978,47.266666666666666,50,49,0.9726666666666667,0.3854970932006836,23.204214096069336,3.144471702398732e-05,0.9732123613357544
4979,-102.70149253731344,201,198,0.9829850746268657,0.11136432737112045,7.021973133087158,3.125118018942885e-05,0.37851682305336
4980,-4.9158576051780045,103,102,0.98084142394822,-0.0294103492051363,11.145577430725098,3.117313826805912e-05,0.17915087938308716
4981,47.266666666666666,50,49,0.9726666666666667,0.08831954747438431,21.64333152770996,3.013527748407796e-05,0.060640934854745865
4982,59.333333333333336,24,20,0.8333333333333334,-0.11376082897186279,48.4863166809082,3.0054716262384318e-05,0.8142347931861877
4983,46.73333333333333,50,49,0.9673333333333334,-0.2167593389749527,16.913307189941406,3.0041075660847127e-05,0.43507900834083557
4984,-108.53945249597425,207,204,0.9846054750402576,-0.38179677724838257,6.10115909576416,2.9682212698389776e-05,0.365402489900589
4985,38.1063829787234,47,40,0.851063829787234,-0.6601847410202026,31.368804931640625,3.010017280757893e-05,3.0520074367523193
4986,-9.541666666666663,96,83,0.8645833333333334,0.29172760248184204,16.153079986572266,3.0369448722922243e-05,2.374042510986328
4987,40.95652173913043,46,40,0.8695652173913043,0.14509233832359314,29.396713256835938,3.0381941542145796e-05,0.5899711847305298
4988,49.36879432624113,47,46,0.9636879432624114,-0.05695413425564766,21.205766677856445,3.0228491596062668e-05,1.2014665603637695
4989,-9.541666666666666,96,83,0.8645833333333334,0.010919700376689434,15.726296424865723,3.0041983336559497e-05,1.2484134435653687
4990,38.1063829787234,47,40,0.851063829787234,-0.383090615272522,29.669536590576172,2.9718234145548195e-05,1.361570119857788
4991,43.893081761006286,53,52,0.9689308176100629,-0.26781997084617615,19.205080032348633,2.9724631531280465e-05,0.9071544408798218
4992,38.1063829787234,47,40,0.851063829787234,-0.38469719886779785,27.900590896606445,2.9842922231182456e-05,1.2833789587020874
4993,-7.631578947368421,95,83,0.8736842105263158,-0.22585469484329224,16.452322006225586,2.9781311241094954e-05,0.06578178703784943
4994,-5.718446601941759,103,101,0.9728155339805825,-0.3983994722366333,10.896245002746582,2.9529044695664197e-05,0.4009776711463928
4995,59.333333333333336,24,20,0.8333333333333334,0.343671590089798,48.594234466552734,3.0255621823016554e-05,3.5732898712158203
4996,-5.702127659574474,94,83,0.8829787234042553,-0.5351166725158691,14.206192970275879,3.0420080292969942e-05,1.5022870302200317
4997,-9.541666666666659,96,83,0.8645833333333334,-0.23785005509853363,14.28443431854248,3.0423876523855142e-05,0.1353866308927536
4998,-108.45893719806764,207,204,0.9854106280193237,-0.20849406719207764,7.952295303344727,3.0416291338042356e-05,0.1783674657344818
4999,-104.9376026272578,203,200,0.980623973727422,-0.22368387877941132,7.788791656494141,3.0455970772891305e-05,0.734870970249176
