episode,reward,bins,optimal_bins,utilization,actor_loss,critic_loss,gradient_variance,gradient_norm
0,-33.08474576271186,118,101,0.8491525423728814,-152.5863170700073,883.3697265625,0.0,120.84559631347656
1,59.33333333333334,24,20,0.8333333333333334,363.1040305455526,7657.29619140625,0.5011287927627563,548.5970458984375
2,55.0,25,20,0.8,260.5207028706869,4093.216357421875,0.7088459134101868,371.0271911621094
3,20.726775956284143,61,51,0.8172677595628415,72.61497841676076,249.83887723286946,0.573830246925354,103.46880340576172
4,28.54761904761905,56,48,0.8454761904761905,56.041451223691304,142.54184716542562,0.48497799038887024,74.7373046875
5,-37.693766937669366,123,106,0.8530623306233063,-347.2625642547607,4192.465016601563,0.4848957061767578,275.09710693359375
6,-7.631578947368411,95,83,0.8736842105263158,-138.21726271234843,586.1179072981379,0.4257655739784241,46.3179817199707
7,-147.40915593705293,233,200,0.8559084406294707,-1059.2239001312255,28452.80166796875,0.43710461258888245,307.2938232421875
8,29.476190476190467,56,48,0.8547619047619047,72.56912265618642,233.303657913208,0.39994725584983826,73.80551147460938
9,-149.63841807909606,236,204,0.8636158192090395,-951.5380610198974,23859.0693671875,0.4149942994117737,300.5045471191406
10,43.888888888888886,45,40,0.8888888888888888,233.35889873504638,2065.093682861328,0.3848228454589844,102.25949096679688
11,-5.702127659574472,94,83,0.8829787234042553,8.90648891983262,2.4955999898503585,0.35536783933639526,3.2619917392730713
12,-7.631578947368411,95,83,0.8736842105263158,21.594715763766125,13.972507593622169,0.3300590515136719,8.922347068786621
13,-30.632183908045988,116,100,0.8536781609195402,-46.12065283966064,80.91866415405273,0.30840644240379333,28.84137725830078
14,-35.53333333333333,120,102,0.8446666666666667,-45.39275372314453,76.74573873901367,0.2893106937408447,18.784664154052734
15,55.0,25,20,0.8,300.8852000554403,5723.388940429688,0.34384238719940186,446.2584228515625
16,38.1063829787234,47,40,0.851063829787234,284.06789881388346,3482.30981648763,0.3292630612850189,124.22640991210938
17,-7.631578947368411,95,83,0.8736842105263158,74.08425483550413,168.35578869432808,0.3121495246887207,22.953086853027344
18,43.888888888888886,45,40,0.8888888888888888,300.41610730489094,3850.1596476236978,0.3048083186149597,174.34046936035156
19,-146.19540229885058,232,200,0.8580459770114942,-714.9864823455811,14004.90604296875,0.2994920313358307,173.45077514648438
20,-29.301449275362316,115,99,0.8569855072463768,-4.888915384739637,9.836660249139939,0.2859784960746765,8.128327369689941
21,40.95652173913044,46,40,0.8695652173913043,290.1162909825643,3489.836728922526,0.27565300464630127,87.1947250366211
22,40.95652173913044,46,40,0.8695652173913043,289.3935513496399,3516.793204752604,0.26570066809654236,79.92469024658203
23,-3.7526881720430083,93,83,0.8924731182795699,87.22809969660747,247.78536595110913,0.2550840675830841,28.952295303344727
24,59.33333333333334,24,20,0.8333333333333334,293.7032592137655,5418.715193684896,0.2556983530521393,208.4171600341797
25,-44.38057742782152,127,106,0.8261942257217848,-99.17465600585938,388.35369500732423,0.24649763107299805,31.02922821044922
26,43.888888888888886,45,40,0.8888888888888888,271.8558350245158,2992.2715189615888,0.2419544756412506,132.95443725585938
27,-34.450980392156865,119,101,0.8454901960784313,-81.39412787628174,253.02368646240234,0.23383742570877075,33.551334381103516
28,-150.93248945147678,237,204,0.8606751054852321,-751.7218475341797,15511.2928125,0.23618440330028534,221.23924255371094
29,32.45911949685535,53,46,0.8545911949685535,214.76797808011372,2090.711032104492,0.23204922676086426,128.44158935546875
30,-142.58260869565217,230,202,0.8741739130434782,-642.5695863189698,11857.39240234375,0.2291339486837387,145.8374786376953
31,-37.74863387978142,122,104,0.8425136612021857,-42.79904405593872,92.60665902519226,0.2222389429807663,16.216670989990234
32,25.49717514124295,59,51,0.8449717514124294,248.98511644999186,2759.0260782877604,0.21960578858852386,144.1614532470703
33,20.66666666666667,62,52,0.8266666666666667,222.50053141911823,2397.258026123047,0.21966540813446045,189.3595428466797
34,40.95652173913044,46,40,0.8695652173913043,276.23853225708007,3306.0600077311196,0.24967893958091736,455.2149353027344
35,-41.05866666666667,125,106,0.8394133333333333,-23.698199975073337,49.903743716355876,0.24291573464870453,15.697037696838379
36,59.33333333333334,24,20,0.8333333333333334,291.22413139343263,4754.154956054687,0.23822948336601257,99.69304656982422
37,40.95652173913044,46,40,0.8695652173913043,238.28106053670248,2530.0987202962237,0.23276393115520477,60.95798110961914
38,-5.702127659574472,94,83,0.8829787234042553,38.45844844833435,47.35896046190377,0.22707460820674896,25.40846061706543
39,-35.03333333333333,120,103,0.8496666666666667,-88.70450402069092,305.41095458984375,0.22215725481510162,62.53945541381836
40,-142.17543859649123,228,196,0.8582456140350877,-630.0753320159912,11350.054158203126,0.22082604467868805,163.97872924804688
41,43.888888888888886,45,40,0.8888888888888888,229.89963722229004,2244.3982747395835,0.21584822237491608,34.056541442871094
42,-41.05866666666667,125,106,0.8394133333333333,-106.96599981689454,445.5532476196289,0.2111733853816986,40.70787811279297
43,40.95652173913044,46,40,0.8695652173913043,213.80752429962158,1980.164800008138,0.20667701959609985,39.85452651977539
44,-5.702127659574472,94,83,0.8829787234042553,39.181249713323204,48.61395306568069,0.20220457017421722,14.374473571777344
45,25.783625730994146,57,48,0.8278362573099415,141.53782742818197,1036.6989725748697,0.19848144054412842,70.86522674560547
46,43.888888888888886,45,40,0.8888888888888888,225.46443858146668,2124.7780924479166,0.19439750909805298,19.3856201171875
47,-36.087431693989075,122,105,0.8591256830601093,-64.87358169174195,199.42485632324218,0.1911044865846634,76.34245300292969
48,-7.631578947368411,95,83,0.8736842105263158,10.439796015889529,5.133137711669216,0.18726742267608643,3.669581174850464
49,55.0,25,20,0.8,212.7816125233968,2641.156876627604,0.1848868876695633,102.84524536132812
50,-151.81792717086836,238,206,0.8618207282913165,-572.2831286773682,10326.241068359375,0.18311426043510437,121.66251373291016
51,-5.702127659574472,94,83,0.8829787234042553,25.47628946668173,21.828487120478986,0.17964674532413483,4.264862537384033
52,30.36904761904762,56,49,0.8636904761904762,147.9622496763865,1073.9133743286134,0.17661330103874207,55.20380783081055
53,-7.631578947368411,95,83,0.8736842105263158,36.22982062872155,43.531709942951736,0.1733943670988083,6.7795915603637695
54,55.0,25,20,0.8,214.10086924235026,2584.161442057292,0.17051470279693604,40.72689437866211
55,-37.693766937669366,123,106,0.8530623306233063,-26.506740198016168,66.29519605232053,0.16756387054920197,20.787504196166992
56,40.95652173913044,46,40,0.8695652173913043,184.63208327293395,1522.3214803059896,0.16514912247657776,68.27169799804688
57,29.876543209876544,54,46,0.8387654320987654,124.06448074976603,691.7631312052409,0.16279470920562744,65.13984680175781
58,-3.7526881720430083,93,83,0.8924731182795699,37.633249079845996,46.81665464194424,0.16008111834526062,5.473795413970947
59,63.95652173913044,23,20,0.8695652173913043,209.46527964274088,2661.9622599283853,0.157766655087471,59.012229919433594
60,-32.734463276836166,118,101,0.8526553672316384,-86.83251852416993,315.1686764526367,0.1553811877965927,43.94409942626953
61,63.95652173913044,23,20,0.8695652173913043,198.4239160855611,2246.193290201823,0.1533466875553131,66.74983215332031
62,-139.96035242290748,227,198,0.8703964757709252,-421.88292942810057,6439.47316796875,0.15518894791603088,210.69102478027344
63,40.95652173913044,46,40,0.8695652173913043,123.34279823303223,678.8945048014323,0.15286190807819366,23.770263671875
64,-32.361823361823355,117,100,0.8463817663817664,-88.82876299667359,319.30189654541016,0.15067198872566223,35.941287994384766
65,63.95652173913044,23,20,0.8695652173913043,189.82119394938152,2020.483799235026,0.14867933094501495,52.616092681884766
66,40.95652173913044,46,40,0.8695652173913043,131.9877758026123,797.0938557942708,0.14660190045833588,34.895362854003906
67,-149.5677966101695,236,204,0.8643220338983051,-314.9564027709961,4357.02780090332,0.14550478756427765,105.04027557373047
68,40.95652173913044,46,40,0.8695652173913043,132.93667929967245,870.0175160725911,0.14354924857616425,40.630287170410156
69,-156.3609958506224,241,204,0.846390041493776,-248.30945831298828,3396.7630752563477,0.14252600073814392,107.37639617919922
70,-35.977777777777774,120,101,0.8402222222222222,60.96756092175841,141.89708238695982,0.14072084426879883,42.98402404785156
71,-1.782608695652172,92,83,0.9021739130434783,139.9964986479426,642.518888542451,0.13899385929107666,51.670352935791016
72,-3.7526881720430083,93,83,0.8924731182795699,145.14882561863666,664.9891678530529,0.1372278779745102,36.6267204284668
73,59.33333333333334,24,20,0.8333333333333334,177.0979736963908,1949.9802144368489,0.13544929027557373,23.885055541992188
74,63.95652173913044,23,20,0.8695652173913043,183.9135316848755,2029.9345377604166,0.13380566239356995,39.7581901550293
75,59.33333333333334,24,20,0.8333333333333334,144.38798863093058,1199.6640157063803,0.1330508589744568,110.15699768066406
76,40.95652173913044,46,40,0.8695652173913043,99.00068407058716,461.64785181681316,0.13145124912261963,37.58774948120117
77,-11.432989690721655,97,83,0.8556701030927835,-29.458457393339838,29.102362196129487,0.12978795170783997,9.144474983215332
78,-146.70815450643778,233,202,0.8629184549356224,-118.73393092713877,2176.1675601614147,0.12857253849506378,73.98331451416016
79,-32.38418079096046,118,102,0.8561581920903955,-106.57577773666382,430.77877160644533,0.12733370065689087,70.20685577392578
80,-5.702127659574472,94,83,0.8829787234042553,-56.93739997335227,105.44447319000122,0.12578347325325012,9.341521263122559
81,63.95652173913044,23,20,0.8695652173913043,85.71242569287618,501.8464991251628,0.12429701536893845,22.263107299804688
82,-5.702127659574472,94,83,0.8829787234042553,-50.4292908423397,85.70770574669282,0.12282362580299377,10.05787467956543
83,-140.83847283406755,227,196,0.8616152716593245,-14.786783264398576,1526.8150626017302,0.12150377035140991,40.82493591308594
84,59.33333333333334,24,20,0.8333333333333334,58.796105750401814,233.35555979410807,0.12009640783071518,12.466096878051758
85,-149.46524822695034,235,202,0.8553475177304964,9.71910072183609,1647.004569191344,0.1189831793308258,64.377685546875
86,59.33333333333334,24,20,0.8333333333333334,53.33316637674967,186.17778600056965,0.1176377609372139,12.166045188903809
87,-5.702127659574472,94,83,0.8829787234042553,-17.21998599563617,14.385984130950838,0.11631883680820465,7.162396430969238
88,59.33333333333334,24,20,0.8333333333333334,46.52367563247681,133.41114565531413,0.11503248661756516,9.335737228393555
89,43.888888888888886,45,40,0.8888888888888888,25.346085047721864,56.62500886917114,0.1138019934296608,21.625150680541992
90,63.95652173913044,23,20,0.8695652173913043,55.216282749176024,187.2247657775879,0.11256352812051773,3.4939990043640137
91,-148.77492877492878,234,200,0.8522507122507123,72.92195541048049,1372.159938980475,0.11154957860708237,52.914833068847656
92,-32.10169491525424,118,102,0.8589830508474576,-33.383608222305774,58.63554293592134,0.110392726957798,23.355539321899414
93,20.66666666666667,62,52,0.8266666666666667,-155.9210326910019,1206.2046577453614,0.11125791072845459,176.80523681640625
94,63.95652173913044,23,20,0.8695652173913043,36.47362691561381,99.08658440907796,0.11010760813951492,14.188446044921875
95,43.888888888888886,45,40,0.8888888888888888,35.44623835881551,81.42671693166098,0.10897623002529144,7.1427412033081055
96,63.95652173913044,23,20,0.8695652173913043,54.17252861658732,178.64918886820476,0.10787522792816162,12.655402183532715
97,59.33333333333334,24,20,0.8333333333333334,34.81022213300069,79.56672528584798,0.10678723454475403,5.935962200164795
98,-39.4731182795699,124,105,0.845268817204301,28.9773920443058,76.24990465021878,0.10574104636907578,21.86076545715332
99,43.888888888888886,45,40,0.8888888888888888,37.337103470166525,97.31369109153748,0.10470706969499588,14.102076530456543
100,38.1063829787234,47,40,0.851063829787234,1.9708899781107903,20.7805525318409,0.1037912592291832,0.985048770904541
101,-31.358974358974365,117,101,0.8564102564102564,-11.606952201604843,50.31097027490102,0.08554080873727798,20.810855865478516
102,-30.65242165242165,117,102,0.8634757834757835,-13.296932933539152,62.34954063599772,0.07702603936195374,12.44808292388916
103,59.33333333333334,24,20,0.8333333333333334,-1.5674715040872493,3.7651876260196633,0.07634179294109344,0.7054793834686279
104,-5.702127659574472,94,83,0.8829787234042553,-30.25829418835391,53.20786349926271,0.07599081844091415,3.010396718978882
105,55.0,25,20,0.8,-24.084390491247177,35.745807102819285,0.07137934863567352,2.0755717754364014
106,-5.702127659574472,94,83,0.8829787234042553,-27.55595926509564,49.30143605244868,0.07128678262233734,13.074586868286133
107,-1.782608695652172,92,83,0.9021739130434783,1.9024231070016762,34.33371525303457,0.06561705470085144,7.792593479156494
108,-35.03333333333333,120,103,0.8496666666666667,-30.399079851686956,78.01551928319618,0.06529363989830017,24.481361389160156
109,-25.78466076696165,113,99,0.8721533923303835,14.167129498481751,64.40773579645158,0.05981052294373512,19.942907333374023
110,-149.46524822695034,235,202,0.8553475177304964,55.079433510936795,886.8461204555687,0.05956864729523659,83.34883880615234
111,-5.702127659574472,94,83,0.8829787234042553,-5.056410823002397,24.874740585684776,0.059571851044893265,5.254815101623535
112,-7.631578947368411,95,83,0.8736842105263158,-17.717808150420765,30.192450558629595,0.05958227813243866,14.252931594848633
113,63.95652173913044,23,20,0.8695652173913043,21.455751530329387,35.667548433939615,0.05952950194478035,5.081328392028809
114,-152.29411764705884,238,204,0.8570588235294118,14.069208821017295,837.7511182211489,0.059598132967948914,39.10443115234375
115,-31.358974358974365,117,101,0.8564102564102564,-22.710769305221735,51.14422573828902,0.047523729503154755,31.120874404907227
116,-32.734463276836166,118,101,0.8526553672316384,-26.182317937374116,62.77238024323602,0.04660956561565399,12.015965461730957
117,-5.702127659574472,94,83,0.8829787234042553,-7.87418152577427,21.803451546553866,0.04658138006925583,3.597702741622925
118,-23.458333333333343,112,100,0.8854166666666666,31.3200368591547,79.41154146206193,0.04478532820940018,15.023918151855469
119,-19.848484848484844,110,100,0.9015151515151515,48.88789424860477,132.09995268982382,0.042968954890966415,19.832874298095703
120,43.888888888888886,45,40,0.8888888888888888,9.435968515463173,19.799694218493094,0.04296550527215004,3.695465326309204
121,63.95652173913044,23,20,0.8695652173913043,12.2171750942866,16.808496673901875,0.04247013106942177,5.031413555145264
122,43.888888888888886,45,40,0.8888888888888888,-12.48959185158213,15.184399500712365,0.04211141914129257,11.899736404418945
123,27.26900584795321,57,49,0.8426900584795322,-168.57846446832022,1304.7462010701497,0.04217665269970894,44.445674896240234
124,35.33333333333334,48,40,0.8333333333333334,-36.54076632335782,58.44568288231191,0.0395851694047451,4.362340450286865
125,-9.541666666666657,96,83,0.8645833333333334,-32.48207772301368,40.352096915668696,0.0395364835858345,9.495532035827637
126,-150.29078014184398,235,200,0.8470921985815603,-0.7529547365903855,618.593829377533,0.03850541263818741,40.52446365356445
127,-46.02604166666667,128,106,0.8197395833333333,15.274329787492752,18.44201927862689,0.038446713238954544,6.720149517059326
128,-150.45428973277075,237,206,0.8654571026722926,99.66395339484512,889.6572784365136,0.03557007759809494,47.23722457885742
129,-141.9141193595342,229,200,0.870858806404658,103.84690271961689,758.6374086545854,0.034667763859033585,36.61316680908203
130,-31.786324786324784,117,100,0.8521367521367521,50.0032766418457,118.52271483135223,0.03335850313305855,15.408075332641602
131,40.95652173913044,46,40,0.8695652173913043,77.3459952990214,267.48045908610027,0.03335535526275635,17.421533584594727
132,28.26190476190476,56,48,0.8426190476190476,-42.45928954879443,91.27946817306801,0.0321759432554245,44.55115509033203
133,59.33333333333334,24,20,0.8333333333333334,53.42293202082316,177.0635014851888,0.029892394319176674,12.874837875366211
134,-3.7526881720430083,93,83,0.8924731182795699,-51.49863622178993,89.4044241139209,0.017292749136686325,12.040267944335938
135,40.95652173913044,46,40,0.8695652173913043,10.024260781829556,12.360568713679216,0.017282960936427116,9.552838325500488
136,-34.079096045197744,118,100,0.8392090395480226,-185.70368463897705,1356.284395263672,0.01702260971069336,74.02778625488281
137,40.95652173913044,46,40,0.8695652173913043,18.071933035055796,24.40552763938904,0.016781117767095566,1.338753581047058
138,40.95652173913044,46,40,0.8695652173913043,31.026539349555968,55.20510530471802,0.016749322414398193,14.730948448181152
139,-26.860869565217385,115,102,0.8813913043478261,-75.16193300437928,220.10189318847657,0.01657414436340332,34.798797607421875
140,-3.7526881720430083,93,83,0.8924731182795699,-15.889603590839599,15.7281965923856,0.01494982372969389,2.9026384353637695
141,-9.541666666666657,96,83,0.8645833333333334,-26.71675450872465,26.829802656658444,0.014889019541442394,8.493378639221191
142,63.95652173913044,23,20,0.8695652173913043,117.38533573150634,922.1173207600912,0.014848396182060242,31.405649185180664
143,59.33333333333334,24,20,0.8333333333333334,105.06161346435547,667.9199452718099,0.01494269073009491,55.76173400878906
144,-5.702127659574472,94,83,0.8829787234042553,8.464429536826879,10.625659203897055,0.014928133226931095,1.731967568397522
145,40.95652173913044,46,40,0.8695652173913043,71.94384400049846,259.7355202992757,0.014663126319646835,24.2802791595459
146,43.888888888888886,45,40,0.8888888888888888,69.25904273986816,226.10457140604655,0.014692259952425957,29.544492721557617
147,59.33333333333334,24,20,0.8333333333333334,43.79318758646647,124.17423973083496,0.014350809156894684,8.504804611206055
148,18.202185792349724,61,49,0.7920218579234972,-156.46233644485474,1214.11802927653,0.014632516540586948,68.43299865722656
149,40.95652173913044,46,40,0.8695652173913043,4.844985604899315,7.304551258145269,0.013987911865115166,4.559494495391846
150,-44.38057742782152,127,106,0.8261942257217848,-180.12364270019532,1265.9354318847656,0.013417881913483143,74.83038330078125
151,-144.82395382395384,231,200,0.8617604617604617,-264.89413638305666,2570.1723048095705,0.013930908404290676,92.07502746582031
152,-135.25112107623318,223,196,0.8774887892376682,-100.4582812416628,618.8878445564136,0.013759179040789604,21.051137924194336
153,59.33333333333334,24,20,0.8333333333333334,134.88140494028727,1178.0951802571615,0.014673789031803608,120.75546264648438
154,-31.005698005698008,117,101,0.8599430199430199,209.62327520751953,1787.6830668945313,0.015179659239947796,100.58891296386719
155,-30.51149425287356,116,100,0.8548850574712644,227.05799815368653,1897.9780043945314,0.015493351966142654,75.78021240234375
156,40.95652173913044,46,40,0.8695652173913043,163.21250788370767,1182.2776733398437,0.015445646829903126,60.51253128051758
157,28.964285714285708,56,48,0.8496428571428571,50.734464724858604,159.65778522491456,0.01541674230247736,60.08770751953125
158,-7.631578947368411,95,83,0.8736842105263158,8.529049201423385,7.616846718553414,0.015414578840136528,2.019969940185547
159,-147.40915593705293,233,200,0.8559084406294707,-110.50668723937869,816.4406236293437,0.015295758843421936,38.369834899902344
160,-5.702127659574472,94,83,0.8829787234042553,-65.57852761908228,148.6849566540086,0.01518324390053749,6.648049831390381
161,-157.71074380165288,242,204,0.8428925619834711,-178.9760738143921,1608.8815347747802,0.015121601521968842,58.87448501586914
162,-46.02604166666667,128,106,0.8197395833333333,-160.9134774017334,1002.7205029296875,0.013189844787120819,113.97430419921875
163,-44.46981627296587,127,105,0.8253018372703412,-87.64633600997925,308.7422136230469,0.013377372175455093,60.25538635253906
164,59.33333333333334,24,20,0.8333333333333334,33.76224212646484,77.55730063120524,0.013295105658471584,5.8804473876953125
165,59.33333333333334,24,20,0.8333333333333334,51.79942638079326,186.6398178100586,0.013126228004693985,5.114021301269531
166,38.1063829787234,47,40,0.851063829787234,75.498446114858,271.5655104319255,0.01308821327984333,21.96439552307129
167,-41.14933333333333,125,105,0.8385066666666666,183.51385088348388,1338.2459326171875,0.01326221413910389,119.78955841064453
168,31.509090909090915,55,48,0.8650909090909091,32.08424859841664,82.6991073846817,0.013173355720937252,15.530790328979492
169,26.473684210526315,57,48,0.8347368421052631,-27.42881801761687,47.607728326516614,0.01260603591799736,47.31380081176758
170,22.88700564971751,59,49,0.8188700564971751,-63.405174404382706,210.01496550440788,0.012952868826687336,87.09381866455078
171,-30.051724137931032,116,100,0.8594827586206897,103.20835945892334,432.5259167480469,0.012934415601193905,49.07951354980469
172,59.33333333333334,24,20,0.8333333333333334,22.97706860701243,36.27496862411499,0.012866372242569923,14.251724243164062
173,-9.541666666666657,96,83,0.8645833333333334,-9.93914137774682,6.955835502979955,0.012829268351197243,2.585160255432129
174,-3.7526881720430083,93,83,0.8924731182795699,-0.8031737107828439,4.197034528116176,0.012726768851280212,3.3736424446105957
175,25.850574712643677,58,49,0.8385057471264368,-153.40727071762086,1216.286986287435,0.014030177146196365,182.4475860595703
176,59.33333333333334,24,20,0.8333333333333334,8.304063173135122,6.89865952928861,0.013950579799711704,6.849762916564941
177,63.95652173913044,23,20,0.8695652173913043,34.135891103744505,77.71863555908203,0.01397719606757164,22.540790557861328
178,-152.3641456582633,238,204,0.856358543417367,205.60085523724555,1880.8692101630425,0.013991598039865494,76.46012878417969
179,43.888888888888886,45,40,0.8888888888888888,7.411424223038678,8.963277376657667,0.013698884285986423,4.377963542938232
180,43.888888888888886,45,40,0.8888888888888888,0.32103647108500205,4.2005225918548,0.013694164343178272,2.7902491092681885
181,43.888888888888886,45,40,0.8888888888888888,-3.220314493154486,4.593108138317985,0.013669364154338837,2.0539495944976807
182,32.45911949685535,53,46,0.8545911949685535,-145.26208401521046,1019.3556762695313,0.014114837162196636,87.64655303955078
183,20.827956989247312,62,52,0.8282795698924731,-142.82212239901224,1138.8163630167644,0.014174053445458412,51.13239288330078
184,-30.367521367521363,117,102,0.8663247863247864,-35.069384527206424,55.62546656227112,0.014209195040166378,25.91851043701172
185,-5.702127659574472,94,83,0.8829787234042553,-11.02717853934003,9.855098256313298,0.013960665091872215,3.328690767288208
186,-139.81578947368422,228,202,0.8818421052631579,96.17722672986984,645.354985305965,0.014502288773655891,95.05619049072266
187,63.95652173913044,23,20,0.8695652173913043,119.40605834325154,847.7026357014973,0.014807897619903088,69.18228912353516
188,59.33333333333334,24,20,0.8333333333333334,101.6765555381775,677.7760345458985,0.014833882451057434,23.347917556762695
189,16.23958333333333,64,52,0.8023958333333333,-27.193817029272516,46.75288065839559,0.014838858507573605,22.675922393798828
190,34.95061728395062,54,49,0.8895061728395062,40.99801877339681,106.27099301020304,0.01486017182469368,17.779088973999023
191,-138.0311111111111,225,196,0.8696888888888888,-36.08497957082093,353.49941329154,0.01476326584815979,36.48847961425781
192,-5.702127659574472,94,83,0.8829787234042553,12.602285341924453,13.585077109554012,0.014727898873388767,2.2083029747009277
193,27.760233918128662,57,49,0.8476023391812866,-0.9240064238508542,6.213152316131163,0.012829451821744442,2.3964881896972656
194,55.0,25,20,0.8,80.22430610656738,408.4584126790365,0.012917435728013515,38.76295471191406
195,-144.9217391304348,230,196,0.8507826086956521,-113.92454855346679,742.5280905914307,0.013003168627619743,38.35912322998047
196,-144.9623188405797,230,196,0.8503768115942029,-99.36950285339356,619.051851600647,0.013086611405014992,39.695579528808594
197,43.888888888888886,45,40,0.8888888888888888,97.24449762503306,436.6133021036784,0.013093861751258373,11.987683296203613
198,40.95652173913044,46,40,0.8695652173913043,76.94228483835856,320.81547787984215,0.01314128004014492,35.55117416381836
199,31.084848484848493,55,48,0.8608484848484849,-0.7739929472406705,9.903595102143784,0.013126922771334648,5.091783046722412
200,-157.77961432506885,242,204,0.8422038567493113,-42.62170219485462,435.1641516585671,0.01333613134920597,58.88006591796875
201,59.33333333333334,24,20,0.8333333333333334,78.53551912307739,403.98059438069663,0.013318904675543308,11.327486991882324
202,40.95652173913044,46,40,0.8695652173913043,56.50855768521627,165.00604082743328,0.013307233341038227,4.930574417114258
203,43.888888888888886,45,40,0.8888888888888888,59.45564120610555,175.6314833323161,0.01330816000699997,3.7023684978485107
204,-33.08474576271186,118,101,0.8491525423728814,-5.179656217575073,39.846199125990275,0.013312241062521935,8.745218276977539
205,59.33333333333334,24,20,0.8333333333333334,35.456951379776,86.14224230448404,0.013317757286131382,8.641406059265137
206,28.26190476190476,56,48,0.8426190476190476,-106.5919503768285,626.3143609364828,0.013315077871084213,12.33763599395752
207,40.95652173913044,46,40,0.8695652173913043,4.2862249922880435,5.640950689565822,0.013313103467226028,4.079708576202393
208,38.1063829787234,47,40,0.851063829787234,-9.561791240423918,6.848433533512677,0.013282001949846745,1.0096707344055176
209,59.33333333333334,24,20,0.8333333333333334,18.804717183113098,26.4833945274353,0.013258066959679127,5.497935771942139
210,29.77380952380952,56,49,0.8577380952380952,-89.79060925642649,468.10401446024576,0.013073514215648174,60.86784362792969
211,-33.5084745762712,118,100,0.8449152542372881,1.886234206199646,53.083829757679254,0.013087306171655655,16.687780380249023
212,20.944444444444443,60,49,0.8094444444444444,-88.11393003861109,435.75084857940675,0.013089854270219803,16.406240463256836
213,-28.620689655172413,116,102,0.8737931034482759,120.21813291168213,657.329228515625,0.013324178755283356,61.88457107543945
214,38.1063829787234,47,40,0.851063829787234,44.279068819681804,100.38588886260986,0.013237523846328259,11.011765480041504
215,63.95652173913044,23,20,0.8695652173913043,72.83555526733399,333.71208140055336,0.013218598440289497,22.46968650817871
216,59.33333333333334,24,20,0.8333333333333334,45.755606492360435,145.12218894958497,0.013218380510807037,12.082108497619629
217,-142.17543859649123,228,196,0.8582456140350877,151.63668927615882,902.515580837356,0.014054810628294945,117.5085678100586
218,-3.7526881720430083,93,83,0.8924731182795699,-14.792807670661723,18.20313776812977,0.014042716473340988,1.7473691701889038
219,40.95652173913044,46,40,0.8695652173913043,-9.370802109936873,5.887316533414802,0.014019585214555264,4.549478054046631
220,63.95652173913044,23,20,0.8695652173913043,18.97745152314504,28.757239055633544,0.014025735668838024,11.588150978088379
221,40.95652173913044,46,40,0.8695652173913043,-38.615603880087534,62.762097064654036,0.014049915596842766,21.81199073791504
222,-138.0311111111111,225,196,0.8696888888888888,-86.90060735106468,539.4497911412838,0.014274664223194122,60.70778274536133
223,-160.4016393442623,244,204,0.835983606557377,-162.82854501342774,1321.3604964294434,0.014537249691784382,79.81355285644531
224,20.827956989247312,62,52,0.8282795698924731,-173.7530573050181,1592.9785334269206,0.015603777021169662,132.6663055419922
225,-152.85372714486638,237,200,0.8414627285513362,-15.435667912781238,349.1912675622818,0.015638059005141258,24.78059959411621
226,-7.631578947368411,95,83,0.8736842105263158,-0.5150499093724064,9.534245032588503,0.01554684154689312,2.447213888168335
227,63.95652173913044,23,20,0.8695652173913043,84.62862785657246,503.9848571777344,0.015550457872450352,11.762879371643066
228,63.95652173913044,23,20,0.8695652173913043,102.40413551330566,725.4607503255208,0.015485339798033237,34.76563262939453
229,-39.868852459016395,122,101,0.8213114754098361,124.10707594299316,653.6035385742188,0.015661882236599922,64.83055114746094
230,40.95652173913044,46,40,0.8695652173913043,102.02900694211324,463.017062886556,0.015776360407471657,44.93513107299805
231,59.33333333333334,24,20,0.8333333333333334,72.71305613517761,360.6535247802734,0.015763958916068077,9.57046127319336
232,59.33333333333334,24,20,0.8333333333333334,57.03996337254842,215.87915954589843,0.015960626304149628,72.4579849243164
233,-7.631578947368411,95,83,0.8736842105263158,1.7887113121858083,10.575595742574029,0.015948930755257607,2.765305280685425
234,30.793939393939382,55,48,0.8579393939393939,-77.10116695562998,342.3820473988851,0.01599622331559658,29.397069931030273
235,-5.702127659574472,94,83,0.8829787234042553,-32.021494963801054,44.23914019649766,0.015994012355804443,4.562117576599121
236,-3.7526881720430083,93,83,0.8924731182795699,-29.33338619283883,39.88802502720232,0.015643339604139328,3.5839083194732666
237,-159.0576131687243,243,204,0.8394238683127572,45.911002412498,424.0586149857272,0.0157078355550766,32.56166076660156
238,59.33333333333334,24,20,0.8333333333333334,4.309821277856827,2.8740340752527116,0.015690751373767853,4.282886505126953
239,20.827956989247312,62,52,0.8282795698924731,-130.03447995185851,1055.4973983764648,0.01570669375360012,38.831871032714844
240,29.476190476190467,56,48,0.8547619047619047,-99.57776831785837,531.9598218282064,0.015792451798915863,39.29277420043945
241,-5.702127659574472,94,83,0.8829787234042553,-3.7421285889474265,10.747055971628685,0.0157890934497118,6.006743431091309
242,59.33333333333334,24,20,0.8333333333333334,47.13029244740804,153.33571116129556,0.015747014433145523,12.078553199768066
243,33.38271604938271,54,48,0.8738271604938271,12.677621368567149,14.531991466879845,0.015567184425890446,9.208582878112793
244,63.95652173913044,23,20,0.8695652173913043,86.44280983606974,565.4745178222656,0.015715342015028,51.07292556762695
245,-7.631578947368411,95,83,0.8736842105263158,64.71847606375515,156.7726170949668,0.015698270872235298,17.9022216796875
246,27.853801169590653,57,49,0.8485380116959065,16.582119735081992,21.38035529454549,0.01563490927219391,4.543286323547363
247,-153.65271966527195,239,204,0.8534728033472804,143.7354889626503,948.1916402595341,0.015878697857260704,63.77787780761719
248,-167.96533333333332,250,206,0.8203466666666667,30.700121542930603,397.4203812691942,0.015613086521625519,18.002164840698242
249,-32.38418079096046,118,102,0.8561581920903955,29.152439838409425,74.84061174525694,0.01563122682273388,18.623672485351562
250,68.9090909090909,22,20,0.9090909090909091,71.2523532072703,384.52117207845055,0.015397551469504833,46.36497116088867
251,63.95652173913044,23,20,0.8695652173913043,44.947420175870256,132.14055061340332,0.014888545498251915,12.171326637268066
252,-34.079096045197744,118,100,0.8392090395480226,-116.1325500869751,623.7270436401367,0.014916733838617802,31.44866371154785
253,-139.45722713864308,226,196,0.8654277286135693,-68.45693690681458,331.69292165517805,0.01445379015058279,78.96510314941406
254,-163.0813008130081,246,204,0.8291869918699187,-158.9970149230957,1216.5332752685547,0.014931398443877697,134.71456909179688
255,-34.34444444444445,120,104,0.8565555555555555,-67.70654773330689,248.67268679046632,0.014581006951630116,22.010623931884766
256,-150.29078014184398,235,200,0.8470921985815603,-30.923781531950226,246.595195558839,0.014413573779165745,25.992530822753906
257,40.95652173913044,46,40,0.8695652173913043,40.635909938812254,93.45511678059896,0.014225495979189873,14.663959503173828
258,-154.5361111111111,240,206,0.8546388888888888,55.02432733000815,304.5989974277168,0.014348122291266918,45.99286651611328
259,-9.541666666666657,96,83,0.8645833333333334,30.992463959149088,50.3094561831459,0.01426415704190731,6.700247287750244
260,40.95652173913044,46,40,0.8695652173913043,73.15329871177673,293.9690813700358,0.014312327839434147,27.906238555908203
261,40.95652173913044,46,40,0.8695652173913043,73.51521692276,295.1533240000407,0.01413317397236824,22.716615676879883
262,63.95652173913044,23,20,0.8695652173913043,76.90006438891093,410.6828104654948,0.01340548601001501,25.23128890991211
263,43.888888888888886,45,40,0.8888888888888888,64.75486178795497,239.10473696390787,0.01320012379437685,13.693136215209961
264,40.95652173913044,46,40,0.8695652173913043,35.668357173601784,74.28772341410318,0.013196906074881554,4.312751293182373
265,-38.91803278688525,122,102,0.8308196721311475,-13.17422565215826,41.91192574486346,0.013198725879192352,7.3060503005981445
266,63.95652173913044,23,20,0.8695652173913043,20.981401379903158,36.18345998128255,0.013166368007659912,8.849221229553223
267,-158.5912208504801,243,206,0.8440877914951989,13.619475962877274,228.29197531498968,0.012272397987544537,14.77942943572998
268,-150.92340425531916,235,198,0.8407659574468085,7.917877820715308,163.7281644431674,0.012314697727560997,30.887662887573242
269,-5.702127659574472,94,83,0.8829787234042553,-79.35055284998025,245.27489940229668,0.01219129003584385,9.8580961227417
270,-5.702127659574472,94,83,0.8829787234042553,-81.36001976426826,273.0193177801538,0.011785194277763367,27.745031356811523
271,43.888888888888886,45,40,0.8888888888888888,-36.263182147343954,67.44613768259684,0.01164294220507145,4.277955055236816
272,43.888888888888886,45,40,0.8888888888888888,-31.33028914183378,51.82460985183716,0.011632357724010944,5.53401517868042
273,-163.0813008130081,246,204,0.8291869918699187,-13.27194936901331,221.59906243114034,0.011648760177195072,17.170867919921875
274,63.95652173913044,23,20,0.8695652173913043,3.5473824319740137,2.711778411497168,0.011648104526102543,3.5159406661987305
275,20.66666666666667,62,52,0.8266666666666667,-122.72609012126922,1049.8951080322265,0.009666068479418755,25.237796783447266
276,-37.74863387978142,122,104,0.8425136612021857,28.91265707743168,103.47775444304757,0.009665483608841896,6.637950420379639
277,-5.702127659574472,94,83,0.8829787234042553,40.0950037541399,82.25900768050101,0.009636904112994671,4.065868377685547
278,-164.48448043184885,247,204,0.8251551956815115,82.08958736979962,416.14968290061506,0.00944775715470314,52.184261322021484
279,-5.702127659574472,94,83,0.8829787234042553,66.53975494415405,199.5471225263603,0.009451487101614475,9.39698600769043
280,-44.42328042328042,126,104,0.8157671957671958,67.33792950057983,285.91351761436465,0.009471611119806767,17.45946502685547
281,-5.702127659574472,94,83,0.8829787234042553,47.39694364386869,104.7534182119561,0.009472096338868141,4.375613212585449
282,-143.59097525473072,229,196,0.8540902474526929,77.42002305805683,291.2675445171152,0.0091470405459404,48.37568283081055
283,63.95652173913044,23,20,0.8695652173913043,31.14754579861959,81.02119655609131,0.008990372531116009,6.4754838943481445
284,63.95652173913044,23,20,0.8695652173913043,24.96120536327362,48.20948549906413,0.008953271433711052,8.23066520690918
285,-157.57261410788382,241,202,0.8342738589211618,-94.62958200073243,496.7563719787598,0.009037078358232975,36.81565856933594
286,-7.631578947368411,95,83,0.8736842105263158,-80.94116690838672,261.5647271704004,0.008490319363772869,9.225786209106445
287,-3.7526881720430083,93,83,0.8924731182795699,-62.493106487764415,156.43137166586266,0.008187806233763695,5.5448174476623535
288,-154.98319327731093,238,198,0.8301680672268907,-109.8592032585144,609.8756229553222,0.008409906178712845,65.39433288574219
289,59.33333333333334,24,20,0.8333333333333334,1.9021878621230524,1.2785354444446664,0.00837674643844366,4.681252479553223
290,-7.631578947368411,95,83,0.8736842105263158,-43.869720715595534,80.62024890179615,0.008356266655027866,3.1824951171875
291,43.888888888888886,45,40,0.8888888888888888,17.242935758829116,20.310914079348247,0.008284981362521648,8.43252182006836
292,20.944444444444443,60,49,0.8094444444444444,-92.82829335530599,585.2039530436198,0.008377086371183395,38.29069900512695
293,68.9090909090909,22,20,0.9090909090909091,65.5497960249583,359.76354319254557,0.008388648740947247,15.4031343460083
294,20.66666666666667,62,52,0.8266666666666667,-18.16657721052567,22.008440917730333,0.008298669010400772,14.315422058105469
295,-32.10169491525424,118,102,0.8589830508474576,129.21974759674072,876.5448034667969,0.008775562979280949,95.50582885742188
296,23.185792349726768,61,52,0.8418579234972677,12.302859159310659,14.378297078609467,0.008686313405632973,5.558248519897461
297,-40.54471544715447,123,102,0.8245528455284553,67.15681266403199,262.6357469329834,0.0091783432289958,91.68597412109375
298,-7.631578947368411,95,83,0.8736842105263158,30.831518902836077,46.351685755583176,0.009146591648459435,23.6436710357666
299,-5.702127659574472,94,83,0.8829787234042553,15.764412485092999,18.33390467689208,0.009148592129349709,5.273845195770264
300,63.95652173913044,23,20,0.8695652173913043,29.413422520955404,73.75928859710693,0.009358156472444534,82.01705169677734
301,63.95652173913044,23,20,0.8695652173913043,20.486461194356284,33.54076970418294,0.00940216425806284,29.300622940063477
302,-36.5,120,101,0.835,-89.50770909118653,406.3585301513672,0.009805391542613506,81.55963897705078
303,-5.702127659574472,94,83,0.8829787234042553,-64.13174567069395,157.84718019416533,0.00982014648616314,17.74922752380371
304,40.95652173913044,46,40,0.8695652173913043,-25.26429785490036,31.039409883817036,0.009820738807320595,8.804389953613281
305,63.95652173913044,23,20,0.8695652173913043,11.84263072013855,13.085422333081564,0.0098371347412467,18.819656372070312
306,43.888888888888886,45,40,0.8888888888888888,-2.9507632086674374,1.904182215485101,0.00982753187417984,2.9060869216918945
307,-160.46994535519127,244,204,0.8353005464480874,-30.113372358471157,201.99076263985597,0.009941190481185913,43.371238708496094
308,43.888888888888886,45,40,0.8888888888888888,6.134086680536469,4.4798871329102745,0.009941313415765762,4.282651901245117
309,-3.7526881720430083,93,83,0.8924731182795699,-16.53760344493268,15.207977852420452,0.009942072443664074,7.471954822540283
310,-3.7526881720430083,93,83,0.8924731182795699,-10.098844389411076,8.402030627744079,0.009700427763164043,4.339783191680908
311,30.845238095238102,56,49,0.868452380952381,-57.140472916762036,250.00264714558918,0.009793841280043125,40.04812240600586
312,-140.7973568281938,227,196,0.8620264317180617,104.12942786285281,451.97315602050907,0.009931880049407482,49.742515563964844
313,-1.782608695652172,92,83,0.9021739130434783,38.70860105633257,66.40249658684175,0.009694487787783146,10.234513282775879
314,43.888888888888886,45,40,0.8888888888888888,47.84290095965068,129.84082126617432,0.009700781665742397,16.16565704345703
315,40.95652173913044,46,40,0.8695652173913043,32.804135366280875,63.73923835754395,0.009666112251579762,9.784343719482422
316,-3.7526881720430083,93,83,0.8924731182795699,18.721297088217543,18.40708448613438,0.009668855927884579,9.52899169921875
317,18.269841269841265,63,52,0.8126984126984127,-76.20408467451732,412.504071299235,0.009051408618688583,60.07990264892578
318,68.9090909090909,22,20,0.9090909090909091,56.153527895609535,263.100865427653,0.009148075245320797,41.405792236328125
319,35.33333333333334,48,40,0.8333333333333334,5.747193605701129,2.9096373971551657,0.009148471057415009,0.7434155344963074
320,59.33333333333334,24,20,0.8333333333333334,26.065559498469035,49.240780131022134,0.009160700254142284,14.43733024597168
321,-41.53658536585367,123,101,0.8146341463414634,-26.273796020030975,48.41591312272754,0.009143318980932236,9.990396499633789
322,59.33333333333334,24,20,0.8333333333333334,24.260307987531025,46.59204235076904,0.00893584918230772,22.295467376708984
323,-5.702127659574472,94,83,0.8829787234042553,6.857198390017552,6.886530404061408,0.008557924069464207,6.337993621826172
324,59.33333333333334,24,20,0.8333333333333334,20.357595038414,38.26353880564372,0.007506595924496651,12.950258255004883
325,63.95652173913044,23,20,0.8695652173913043,36.28498601913452,97.66483154296876,0.007473123259842396,8.85342025756836
326,-161.29115646258504,245,206,0.8370884353741497,-43.129817892074584,209.20500214648246,0.007482174318283796,13.185263633728027
327,43.888888888888886,45,40,0.8888888888888888,25.494465816020966,38.896966743469235,0.007476128172129393,3.833120584487915
328,59.33333333333334,24,20,0.8333333333333334,5.10861032406489,2.839267322421074,0.007405849173665047,1.729209065437317
329,-40.54471544715447,123,102,0.8245528455284553,-42.96761540222168,108.86692639541626,0.007166620343923569,18.764083862304688
330,-39.43360433604336,123,104,0.8356639566395664,-25.150226495087146,45.644569090366595,0.007050334010273218,15.22640609741211
331,-3.7526881720430083,93,83,0.8924731182795699,2.832953166530793,4.930058001326472,0.007046130485832691,3.1843202114105225
332,-162.62059620596204,246,206,0.8337940379403794,-11.582101158164441,133.57088798710052,0.006740198936313391,12.96828556060791
333,63.95652173913044,23,20,0.8695652173913043,27.20051288207372,60.178150749206544,0.006749647203832865,13.867149353027344
334,40.95652173913044,46,40,0.8695652173913043,21.789670223991077,29.40293706258138,0.006699335761368275,10.94118595123291
335,30.793939393939382,55,48,0.8579393939393939,-46.34827646811803,151.18688844045002,0.006769458297640085,34.93589782714844
336,28.964285714285708,56,48,0.8496428571428571,-39.51260595520338,120.81668345133464,0.006785071920603514,14.553035736083984
337,63.95652173913044,23,20,0.8695652173913043,44.773444267114,164.08209966023762,0.00673156650736928,11.253120422363281
338,11.575757575757578,66,52,0.7757575757575758,-45.8032324274381,178.57827320098878,0.006778455805033445,26.958946228027344
339,-39.53005464480874,122,101,0.8246994535519125,96.50302570724487,540.9183453979492,0.006950287614017725,66.15303039550781
340,-158.93939393939394,242,202,0.8306060606060606,90.33911316072941,408.79623631709813,0.006890908814966679,22.631818771362305
341,40.95652173913044,46,40,0.8695652173913043,63.3186857064565,221.5068593343099,0.006908807437866926,17.533876419067383
342,40.95652173913044,46,40,0.8695652173913043,45.21743514537811,121.6733325322469,0.006914440076798201,16.076446533203125
343,40.95652173913044,46,40,0.8695652173913043,26.404382304350534,43.351669041315716,0.006908840499818325,5.277713298797607
344,-3.7526881720430083,93,83,0.8924731182795699,4.593766838192461,7.03298107230471,0.006754008587449789,1.2000031471252441
345,59.33333333333334,24,20,0.8333333333333334,-13.137070135275524,11.618926060199737,0.00673976493999362,10.774688720703125
346,-165.6207827260459,247,202,0.8137921727395412,-104.05756878852844,598.3711530456543,0.0067960843443870544,30.74671173095703
347,68.9090909090909,22,20,0.9090909090909091,10.738079818089803,10.832043115297953,0.006541569717228413,0.9073157906532288
348,63.95652173913044,23,20,0.8695652173913043,-10.367039979497592,7.863635447621346,0.006522955372929573,5.625520706176758
349,24.034482758620683,58,48,0.8203448275862069,-146.55847601890565,1795.22978515625,0.007130972109735012,102.11839294433594
350,-7.631578947368411,95,83,0.8736842105263158,-40.084733388988845,72.66287941530527,0.007009423803538084,13.471379280090332
351,43.888888888888886,45,40,0.8888888888888888,27.16293069322904,44.4452417532603,0.007013876456767321,16.349712371826172
352,24.528735632183896,58,48,0.825287356321839,-39.29814821680387,127.77797005971273,0.007150944322347641,55.52742004394531
353,43.888888888888886,45,40,0.8888888888888888,77.82407560745875,369.01130828857424,0.0070684514939785,72.6331787109375
354,-167.96533333333332,250,206,0.8203466666666667,33.28828928759694,161.41729762312957,0.005988990422338247,12.136154174804688
355,-161.62021857923497,244,202,0.8237978142076503,57.78976439395547,226.0574662378449,0.006022081710398197,30.767440795898438
356,22.129943502824858,59,48,0.8112994350282486,38.674256445964176,119.87713057200114,0.006656624376773834,104.42344665527344
357,43.888888888888886,45,40,0.8888888888888888,113.93985004425049,764.232541402181,0.006815032102167606,53.59476852416992
358,32.45911949685535,53,46,0.8545911949685535,34.3821289340655,107.88825810750326,0.009783216752111912,225.11814880371094
359,-37.361111111111114,120,100,0.8263888888888888,61.02230563831329,234.7065108795166,0.010139734484255314,75.17619323730469
360,-36.91666666666667,120,100,0.8308333333333333,18.19130935189128,34.26888898853329,0.010091456584632397,4.790548324584961
361,38.1063829787234,47,40,0.851063829787234,-3.5205533342435955,0.9903108821274752,0.01005996111780405,0.5792035460472107
362,43.888888888888886,45,40,0.8888888888888888,-3.7701663565201065,1.4452400681874376,0.010021607391536236,3.3655736446380615
363,11.575757575757578,66,52,0.7757575757575758,-166.29366590976716,2320.4395965576173,0.010158016346395016,48.504459381103516
364,-159.7410468319559,242,200,0.8225895316804408,-147.9730572872162,1015.5139672851562,0.010318474844098091,51.523380279541016
365,11.808080808080803,66,52,0.778080808080808,-119.29775700569152,1302.4271067301431,0.010688340291380882,78.31771850585938
366,-46.14814814814815,126,101,0.7985185185185185,-32.1532699546814,75.6089811258316,0.010693651624023914,14.96707534790039
367,-163.02459016393442,244,198,0.8097540983606557,-48.94928291130066,185.52082431030274,0.010696718469262123,16.5612735748291
368,43.888888888888886,45,40,0.8888888888888888,130.91786788304645,997.8288111368815,0.010947227478027344,68.92481231689453
369,63.95652173913044,23,20,0.8695652173913043,134.2020838737488,1417.3508931477866,0.011739466339349747,115.12430572509766
370,-39.55096418732782,121,99,0.8144903581267218,177.15602436828613,1730.71507421875,0.01384891290217638,189.5380096435547
371,-42.52688172043011,124,102,0.8147311827956989,137.56785660552978,1100.795490966797,0.014283092692494392,88.31593322753906
372,18.644444444444446,60,48,0.7864444444444444,-4.7890216114620365,3.328371475636959,0.014284316450357437,5.790101528167725
373,63.95652173913044,23,20,0.8695652173913043,63.245545069376625,279.2220194498698,0.014419306069612503,54.917640686035156
374,21.248587570621467,59,48,0.8024858757062147,-90.98570264180502,662.2278025309245,0.014766324311494827,78.74185943603516
375,63.95652173913044,23,20,0.8695652173913043,23.335758892695107,43.71425170898438,0.014736022800207138,7.392899036407471
376,-40.59349593495935,123,102,0.8240650406504065,-128.75754733657837,853.1623256835937,0.015321217477321625,95.42705535888672
377,-3.7526881720430083,93,83,0.8924731182795699,-65.21870430023316,172.08050720950206,0.01537445466965437,34.53982925415039
378,18.91111111111111,60,48,0.7891111111111111,-143.4219089269638,1438.3716440836588,0.015434886328876019,55.30826950073242
379,63.95652173913044,23,20,0.8695652173913043,36.34475350379944,93.45339965820312,0.015457498840987682,25.07789421081543
380,-32.55367231638418,118,101,0.8544632768361582,-12.064226651966571,20.412041288720676,0.015455826185643673,8.04882526397705
381,38.1063829787234,47,40,0.851063829787234,44.76569255987803,91.89731140136719,0.015485779382288456,26.61323356628418
382,21.644067796610173,59,48,0.8064406779661017,-23.32849657535553,36.967609866460165,0.015398255549371243,35.78626251220703
383,59.33333333333334,24,20,0.8333333333333334,76.23684918085733,421.26537272135414,0.015446732752025127,24.331336975097656
384,-160.34705075445817,243,201,0.8265294924554184,-22.83673779642582,117.53186350650061,0.0154487369582057,12.3941011428833
385,-169.73306772908364,251,204,0.8126693227091634,-52.653862421989444,257.936655192852,0.015648311004042625,70.41887664794922
386,40.95652173913044,46,40,0.8695652173913043,113.70498828887939,669.3673553466797,0.015906939283013344,60.16728210449219
387,38.1063829787234,47,40,0.851063829787234,102.97619355519613,535.6125330607097,0.01630416512489319,76.51396179199219
388,43.888888888888886,45,40,0.8888888888888888,123.01178658803305,720.0488810221354,0.017821041867136955,171.96517944335938
389,-9.541666666666657,96,83,0.8645833333333334,39.468014320695254,58.39204824210171,0.017842570319771767,18.603700637817383
390,24.81609195402298,58,49,0.8281609195402299,-11.96652684410413,9.82203252116839,0.0178510881960392,12.171586990356445
391,63.95652173913044,23,20,0.8695652173913043,62.17348210016886,265.77093505859375,0.01796952821314335,42.240413665771484
392,23.08888888888889,60,51,0.8308888888888889,-61.454277229309085,225.70017585754394,0.01919059455394745,142.9208221435547
393,59.33333333333334,24,20,0.8333333333333334,19.363819519678753,25.54536377588908,0.01917777583003044,8.930777549743652
394,59.33333333333334,24,20,0.8333333333333334,11.048718810081482,9.282912254333496,0.01916796900331974,7.960697174072266
395,68.9090909090909,22,20,0.9090909090909091,40.77581272125244,114.69058532714844,0.01862875185906887,4.799346923828125
396,-157.59474412171508,241,202,0.8340525587828492,-40.62090157365799,166.92086125612258,0.018650023266673088,18.446657180786133
397,-5.702127659574472,94,83,0.8829787234042553,-66.90083355501474,166.81191970641353,0.018146269023418427,17.726146697998047
398,-5.702127659574472,94,83,0.8829787234042553,-66.4422468028394,161.69802314114858,0.018153874203562737,24.08804702758789
399,-36.15555555555555,120,101,0.8384444444444444,-78.3255987625122,287.1103056335449,0.018333692103624344,53.575775146484375
400,-163.14905149051492,246,204,0.8285094850948509,5.162435529619455,108.96220069707977,0.01792769879102707,14.516064643859863
401,-159.5922865013774,242,200,0.8240771349862259,29.78319956177473,118.48639602312446,0.017976611852645874,40.6541633605957
402,-3.7526881720430083,93,83,0.8924731182795699,0.3714134298773655,5.873784108608367,0.01757509633898735,4.678617000579834
403,-3.7526881720430083,93,83,0.8924731182795699,5.005810871540782,6.410172516665231,0.01755448803305626,4.203815937042236
404,16.0,64,52,0.8,-80.72231823603312,484.81788330078126,0.01804346777498722,90.10840606689453
405,-43.19354838709677,124,101,0.8080645161290323,19.11141397166252,37.785409088526386,0.01803766004741192,17.3630428314209
406,-7.631578947368411,95,83,0.8736842105263158,54.61066538071537,121.32383205612979,0.01807858794927597,25.427066802978516
407,63.95652173913044,23,20,0.8695652173913043,80.76510718663533,496.3606602986654,0.01797412894666195,10.251087188720703
408,22.412429378531073,59,49,0.8141242937853107,8.80296293279777,6.0077233795796925,0.017973145470023155,3.5844666957855225
409,-163.95816464237515,247,206,0.8304183535762483,101.19851349413395,451.62970279554696,0.018107593059539795,48.89299011230469
410,40.95652173913044,46,40,0.8695652173913043,68.1683963060379,258.7401123046875,0.01811751164495945,12.389585494995117
411,18.617486338797818,61,49,0.7961748633879782,-46.686483732859294,170.38602930704752,0.018047528341412544,18.827320098876953
412,18.269841269841265,63,52,0.8126984126984127,-37.96299155553182,124.52276681264242,0.017986897379159927,38.57902526855469
413,-5.702127659574472,94,83,0.8829787234042553,22.13542971218446,21.799206605158655,0.017986483871936798,12.979660987854004
414,-171.1216931216931,252,204,0.8087830687830688,-111.60016853332519,608.8217898864746,0.018100282177329063,45.51633834838867
415,63.95652173913044,23,20,0.8695652173913043,70.87073113918305,389.2997182210286,0.01894429326057434,117.98661804199219
416,13.769230769230774,65,52,0.7876923076923077,-20.662653036912282,36.89982106685638,0.0189792662858963,25.72150993347168
417,18.617486338797818,61,49,0.7961748633879782,-8.474071502685547,7.227916743854681,0.018750876188278198,11.996740341186523
418,-7.631578947368411,95,83,0.8736842105263158,61.195564944102586,149.1477328993709,0.018656427040696144,18.157955169677734
419,-165.2930107526882,248,206,0.8270698924731182,66.65669384753704,224.91260755268485,0.01875092275440693,38.75769805908203
420,38.1063829787234,47,40,0.851063829787234,68.92784193356832,256.79255701700845,0.018768934532999992,22.472883224487305
421,38.1063829787234,47,40,0.851063829787234,60.39784277280172,175.38660265604656,0.01885862834751606,40.96445083618164
422,40.95652173913044,46,40,0.8695652173913043,53.08687951962153,149.38429361979166,0.019134709611535072,70.55817413330078
423,-7.631578947368411,95,83,0.8736842105263158,2.999420426621375,4.389556290601517,0.019130630418658257,2.7764244079589844
424,59.33333333333334,24,20,0.8333333333333334,4.4293307344118755,1.967254603902499,0.019119195640087128,5.4939656257629395
425,20.66666666666667,62,52,0.8266666666666667,-88.63715597788493,585.392744954427,0.019713059067726135,96.31050109863281
426,9.646766169154219,67,52,0.7664676616915422,-128.08853673934937,1217.1667083740235,0.02066560462117195,123.8709487915039
427,-47.14173228346456,127,102,0.7985826771653544,-29.704331205002962,59.9371158684679,0.020688636228442192,19.38797378540039
428,18.51322751322752,63,52,0.8151322751322752,-28.69810040394465,69.89984588623047,0.0209001787006855,59.616432189941406
429,-3.7526881720430083,93,83,0.8924731182795699,84.45656558883238,287.4781469015711,0.020880581811070442,1.2773791551589966
430,-34.079096045197744,118,100,0.8392090395480226,128.96891558074952,856.4879530029297,0.021836813539266586,127.50284576416016
431,18.51322751322752,63,52,0.8151322751322752,25.807134024302165,50.660630559921266,0.021856825798749924,17.577171325683594
432,63.95652173913044,23,20,0.8695652173913043,79.52304172515869,495.1908981323242,0.021916573867201805,31.428659439086914
433,46.90909090909091,44,40,0.9090909090909091,97.62762688398361,512.713729095459,0.022419018670916557,89.88850402832031
434,-7.631578947368411,95,83,0.8736842105263158,17.267963754783672,16.194183889177793,0.0224132277071476,9.271428108215332
435,-7.631578947368411,95,83,0.8736842105263158,-10.115430144780133,9.728071643256518,0.02233324758708477,5.017288684844971
436,-32.24216524216524,117,100,0.8475783475783476,-27.361723651263862,61.39642196525447,0.022336065769195557,15.06791877746582
437,-5.702127659574472,94,83,0.8829787234042553,-39.75610182467235,71.02324974489021,0.02232973463833332,6.184691905975342
438,-33.823529411764696,119,102,0.851764705882353,-52.28962995910644,171.8281095352173,0.022328069433569908,25.17757225036621
439,24.528735632183896,58,48,0.825287356321839,-111.57240118185679,899.028825378418,0.02439350076019764,194.3248748779297
440,-169.2815405046481,251,206,0.8171845949535192,-107.16578584671021,598.8111399536133,0.0244554802775383,39.636112213134766
441,63.95652173913044,23,20,0.8695652173913043,37.145515282948814,110.67537167867025,0.024436723440885544,2.9877266883850098
442,59.33333333333334,24,20,0.8333333333333334,32.50949994723002,80.83039766947428,0.024696681648492813,67.18328094482422
443,43.888888888888886,45,40,0.8888888888888888,67.63564722537994,288.70358047485354,0.02491636760532856,59.4461669921875
444,21.248587570621467,59,48,0.8024858757062147,-19.708329615493614,39.476055749257405,0.0249435193836689,20.944211959838867
445,-46.06561679790026,127,104,0.8093438320209974,55.75854972648621,204.23438150024415,0.025057334452867508,44.86040496826172
446,43.888888888888886,45,40,0.8888888888888888,78.18944654464721,385.24362970987954,0.02506662718951702,32.31523132324219
447,-44.42328042328042,126,104,0.8157671957671958,44.98198145675659,146.79420179748536,0.025126047432422638,31.231386184692383
448,-173.75853018372703,254,204,0.8024146981627297,-19.066702447315677,129.26345041339798,0.025155125185847282,22.42349624633789
449,-50.903307888040715,131,106,0.8009669211195929,-8.820939518034459,18.77076949233061,0.024508070200681686,10.75564956665039
450,-43.596774193548384,124,100,0.8040322580645162,-27.079211477144156,58.82664810582716,0.024506712332367897,11.756979942321777
451,-5.702127659574472,94,83,0.8829787234042553,-2.66976341822121,4.93131411172931,0.024489527568221092,1.5551066398620605
452,18.408602150537632,62,51,0.8040860215053763,-75.65877563655377,537.4708679199218,0.024415239691734314,42.32482147216797
453,-5.702127659574472,94,83,0.8829787234042553,7.131701099521753,5.970954605862676,0.0240737684071064,4.790966510772705
454,63.95652173913044,23,20,0.8695652173913043,32.28125948905945,93.05844154357911,0.024078164249658585,14.480862617492676
455,43.888888888888886,45,40,0.8888888888888888,49.19806908567747,150.0607629140218,0.02402777411043644,5.237054824829102
456,40.95652173913044,46,40,0.8695652173913043,34.86491570870081,78.43208831151327,0.023380234837532043,9.026910781860352
457,-168.40800000000002,250,204,0.81592,41.931207240223884,155.0714825499654,0.02324727550148964,28.83043098449707
458,40.95652173913044,46,40,0.8695652173913043,22.14299449821313,32.271052249272664,0.02013534866273403,9.046929359436035
459,-7.631578947368411,95,83,0.8736842105263158,-8.907564901443848,6.988314241148442,0.0197904072701931,3.936537504196167
460,40.95652173913044,46,40,0.8695652173913043,6.774652004987002,3.1187907685060052,0.019788924604654312,1.544447898864746
461,18.354497354497354,63,52,0.8135449735449736,-80.42336983184019,646.1814229329427,0.01987730897963047,36.021690368652344
462,43.888888888888886,45,40,0.8888888888888888,20.811141034960748,29.63875186443329,0.019877593964338303,3.659499168395996
463,63.95652173913044,23,20,0.8695652173913043,18.743239883581797,31.346907075246175,0.019739476963877678,4.570915699005127
464,-159.12620027434843,243,204,0.8387379972565158,60.519022404193876,212.54864144681395,0.0196990929543972,47.026180267333984
465,-5.702127659574472,94,83,0.8829787234042553,4.09452717155536,4.125113315125203,0.01932661049067974,4.885983943939209
466,40.95652173913044,46,40,0.8695652173913043,18.062796715895335,22.84108029206594,0.01932123862206936,14.46770191192627
467,-3.7526881720430083,93,83,0.8924731182795699,6.3964235632751425,6.045249501904995,0.019307604059576988,3.7775440216064453
468,27.35151515151516,55,46,0.8235151515151515,-66.38994434475899,430.11197560628256,0.0193139910697937,67.46041107177734
469,28.26190476190476,56,48,0.8426190476190476,-41.18478859315316,162.08568159739175,0.01856612041592598,34.00901794433594
470,18.408602150537632,62,51,0.8040860215053763,-39.973253014187016,151.22174377441405,0.016462471336126328,53.96658706665039
471,63.95652173913044,23,20,0.8695652173913043,60.650970256328584,312.49388682047527,0.016134953126311302,52.17057800292969
472,43.888888888888886,45,40,0.8888888888888888,83.54416155815125,488.9619598388672,0.01686396822333336,113.64445495605469
473,-40.10569105691057,123,103,0.8289430894308943,81.23445889186858,412.92401849365234,0.016836125403642654,52.433624267578125
474,-42.77066666666667,125,104,0.8222933333333333,57.547071352005005,224.16376473999023,0.01641811430454254,10.111644744873047
475,-5.702127659574472,94,83,0.8829787234042553,32.5202464597771,48.95529209466344,0.01643008552491665,8.40645694732666
476,-5.702127659574472,94,83,0.8829787234042553,7.470887291263864,6.435238870744534,0.015914835035800934,1.3012020587921143
477,63.95652173913044,23,20,0.8695652173913043,32.17961931725343,83.65452766418457,0.01593005657196045,37.214111328125
478,63.95652173913044,23,20,0.8695652173913043,21.405958779652913,40.83564249674479,0.015801792964339256,20.650882720947266
479,-160.93141289437585,243,200,0.8206858710562415,-123.39006491041184,785.2138713989258,0.016289932653307915,93.1468505859375
480,43.888888888888886,45,40,0.8888888888888888,-8.855111719295383,4.897507421175638,0.016289545223116875,0.722590446472168
481,-5.702127659574472,94,83,0.8829787234042553,-70.41834804427671,228.50972845851177,0.016235211864113808,9.869266510009766
482,18.51322751322752,63,52,0.8151322751322752,-115.55576252341271,1272.175326538086,0.01680395007133484,101.28009033203125
483,63.95652173913044,23,20,0.8695652173913043,12.662544217705726,14.231755383809407,0.01678031124174595,2.2198305130004883
484,43.888888888888886,45,40,0.8888888888888888,25.691120368738968,42.03369897206624,0.016775505617260933,12.312540054321289
485,26.06432748538012,57,48,0.8306432748538012,-46.60570805470149,195.30756352742512,0.01650630123913288,26.485729217529297
486,-7.631578947368411,95,83,0.8736842105263158,9.876313455047526,8.630887265680359,0.016315003857016563,8.432764053344727
487,-34.27170868347338,119,101,0.8472829131652662,62.74951706409454,252.85167807006835,0.016234634444117546,67.81060028076172
488,-1.782608695652172,92,83,0.9021739130434783,67.6092635069985,204.2120235397155,0.014418859034776688,14.132619857788086
489,63.95652173913044,23,20,0.8695652173913043,70.74021803538004,440.1880360921224,0.014407903887331486,6.104544162750244
490,43.888888888888886,45,40,0.8888888888888888,78.86088795860609,378.34457346598305,0.014458443969488144,33.16006851196289
491,63.95652173913044,23,20,0.8695652173913043,53.64624252319336,237.7043805440267,0.014472030103206635,36.38685989379883
492,-33.773109243697476,119,102,0.8522689075630252,7.720652901330963,18.517196005045438,0.013252215459942818,8.880387306213379
493,0.2087912087912116,91,83,0.9120879120879121,3.830619922005029,4.974345759010825,0.013251671567559242,4.285746097564697
494,43.888888888888886,45,40,0.8888888888888888,7.8953672587871555,4.3927661136579745,0.01324944756925106,2.5075621604919434
495,-3.7526881720430083,93,83,0.8924731182795699,-52.74970603707325,129.3622409253714,0.01326680090278387,14.710667610168457
496,43.888888888888886,45,40,0.8888888888888888,-18.144750537474952,20.924192221959434,0.013262717984616756,10.945808410644531
497,27.954022988505756,58,51,0.8595402298850575,-110.2328906138738,1062.15338083903,0.01391860842704773,107.55718994140625
498,59.33333333333334,24,20,0.8333333333333334,-16.696149253845213,22.54720803896586,0.013889960944652557,8.908557891845703
499,-3.7526881720430083,93,83,0.8924731182795699,-43.51785916353325,87.81690008477514,0.013729533180594444,14.828737258911133
500,-5.702127659574472,94,83,0.8829787234042553,-37.09938021788157,68.02967093747304,0.01373062003403902,13.30945873260498
501,43.888888888888886,45,40,0.8888888888888888,31.09817444284757,63.26124563217163,0.013635114766657352,11.768214225769043
502,-7.631578947368411,95,83,0.8736842105263158,-14.41948111003721,13.506596495568623,0.01363361719995737,2.5463006496429443
503,33.42424242424242,55,49,0.8842424242424243,5.8643130766732305,3.9050846320616985,0.013632696121931076,4.017141342163086
504,-25.380116959064324,114,102,0.8861988304093568,68.94573465251922,295.3675020751953,0.013222034089267254,32.890323638916016
505,-3.7526881720430083,93,83,0.8924731182795699,26.24937775527617,33.684299199935424,0.013200675137341022,1.7125712633132935
506,-3.7526881720430083,93,83,0.8924731182795699,21.256214333107195,22.88435562577353,0.013160979375243187,5.818419933319092
507,-27.319088319088323,117,106,0.8968091168091168,63.92082004356384,251.1437147216797,0.013171465136110783,21.553977966308594
508,-130.0467571644042,221,202,0.9095324283559578,118.88677536827326,603.5594589602649,0.014369218610227108,141.45668029785156
509,63.95652173913044,23,20,0.8695652173913043,29.765827387571335,77.09119784037271,0.014255424961447716,24.736328125
510,-3.7526881720430083,93,83,0.8924731182795699,-46.537248727786974,97.76855340061418,0.01425145287066698,11.811182022094727
511,43.888888888888886,45,40,0.8888888888888888,-3.778931477665901,1.2320441786432639,0.014231306500732899,1.9269095659255981
512,-125.2642089093702,217,200,0.917357910906298,-5.918217070374638,21.221853788100066,0.014135402627289295,7.346332550048828
513,43.888888888888886,45,40,0.8888888888888888,-20.4447062437733,26.28695885340373,0.01412202138453722,1.6928304433822632
514,63.95652173913044,23,20,0.8695652173913043,8.48240345219771,7.890914416313171,0.013999497517943382,5.500118255615234
515,43.888888888888886,45,40,0.8888888888888888,-30.27946179807186,54.763588682810465,0.013166457414627075,22.464887619018555
516,-3.7526881720430083,93,83,0.8924731182795699,-112.19786750456416,538.0445435305676,0.013482275418937206,78.55709075927734
517,32.842424242424244,55,49,0.8784242424242424,-113.02161515156428,1162.5611170450845,0.013538517989218235,36.03868865966797
518,50.02325581395348,43,40,0.9302325581395349,13.57285657574733,14.15056759317716,0.013515088707208633,7.813771724700928
519,-121.13145539906104,213,196,0.9186854460093896,-55.928025268554684,154.11901184082032,0.013451703824102879,22.055002212524414
520,40.95652173913044,46,40,0.8695652173913043,9.722853344678878,6.582289152553615,0.0134171387180686,0.8479837775230408
521,37.62893081761007,53,49,0.9062893081761006,-17.649513754496972,27.929968309402465,0.013314229436218739,19.90068817138672
522,68.9090909090909,22,20,0.9090909090909091,70.54017694393794,489.92785593668617,0.013039138168096542,27.103984832763672
523,43.888888888888886,45,40,0.8888888888888888,56.35465089579423,205.52052841186523,0.013051136396825314,15.09338665008545
524,-1.782608695652172,92,83,0.9021739130434783,3.2113826930313465,4.024309245178798,0.013050738722085953,5.17974328994751
525,43.888888888888886,45,40,0.8888888888888888,61.14188904762268,247.54435145060222,0.01251405943185091,6.718050956726074
526,40.051282051282044,52,48,0.9205128205128205,23.093149249131482,45.22285120487213,0.011687650345265865,29.082950592041016
527,63.95652173913044,23,20,0.8695652173913043,56.86501859823863,341.6113515218099,0.012130528688430786,86.61608123779297
528,-12.44654088050315,106,100,0.9355345911949685,24.661756769418716,47.48742405177653,0.011903206817805767,16.550539016723633
529,-121.58294573643411,215,201,0.9341705426356589,-13.993028345122934,23.6286233794858,0.011934918351471424,21.116464614868164
530,-24.56140350877193,114,103,0.8943859649122807,-39.04559394168854,100.41109680175781,0.011034246534109116,52.77448654174805
531,68.9090909090909,22,20,0.9090909090909091,52.765329241752625,262.45041885375974,0.011069378815591335,23.79754638671875
532,-20.165165165165163,111,101,0.9083483483483483,-38.53198855000734,109.99077685546875,0.011048488318920135,18.085817337036133
533,-1.782608695652172,92,83,0.9021739130434783,-44.444549140202476,97.30180312926511,0.010584262199699879,3.398136615753174
534,-132.44345238095238,224,206,0.9155654761904762,-49.491876796722416,148.16107021331788,0.011089161969721317,89.87060546875
535,-3.7526881720430083,93,83,0.8924731182795699,-46.925116351330615,109.17387187911804,0.011090012267231941,4.151997089385986
536,-118.260663507109,211,196,0.92739336492891,22.813532926261423,29.63284430625569,0.011082506738603115,10.059507369995117
537,68.9090909090909,22,20,0.9090909090909091,43.02082747220993,204.94366633097331,0.011115568690001965,29.373842239379883
538,43.888888888888886,45,40,0.8888888888888888,24.733427677551905,41.477081934611,0.011061343364417553,2.801988363265991
539,-130.0467571644042,221,202,0.9095324283559578,7.589262189477682,15.782155497080646,0.008804934099316597,4.93821382522583
540,-132.9375,224,204,0.910625,4.48182997599151,17.42102381529007,0.008715481497347355,4.476407527923584
541,30.461988304093566,57,51,0.8746198830409356,-44.9880147917817,201.69553184509277,0.008726726286113262,14.463727951049805
542,-3.7526881720430083,93,83,0.8924731182795699,-25.56653905968111,35.55099732808799,0.008424123749136925,5.696691989898682
543,-19.630630630630634,111,102,0.9136936936936937,21.444758742882872,39.521738853577524,0.00826019886881113,27.350759506225586
544,59.33333333333334,24,20,0.8333333333333334,18.476142422358194,30.392135524749754,0.008249717764556408,11.594574928283691
545,63.95652173913044,23,20,0.8695652173913043,32.457720122734706,104.41272773742676,0.008150877431035042,13.81209659576416
546,43.888888888888886,45,40,0.8888888888888888,33.733795302112895,78.62266244888306,0.00807903055101633,8.720647811889648
547,-133.85037037037037,225,206,0.9114962962962962,36.607120466977356,72.01691727091372,0.008035936392843723,13.986197471618652
548,43.888888888888886,45,40,0.8888888888888888,21.5456644034634,31.983626079559325,0.008005743846297264,2.9103472232818604
549,-3.7526881720430083,93,83,0.8924731182795699,-33.45074138488157,57.243166686061876,0.008004182949662209,8.666927337646484
550,63.95652173913044,23,20,0.8695652173913043,10.536952806512515,11.630183545748393,0.0080006904900074,3.934221029281616
551,59.33333333333334,24,20,0.8333333333333334,-6.951248453060786,4.51992874443531,0.008003676310181618,4.6608381271362305
552,-5.702127659574472,94,83,0.8829787234042553,-56.87232577848626,160.0669638392437,0.007916546426713467,11.284831047058105
553,63.95652173913044,23,20,0.8695652173913043,5.169761365652084,3.208942490816116,0.007913321256637573,0.526911199092865
554,-122.24341085271318,215,200,0.9275658914728682,41.495041377931834,86.76315867546201,0.007957709021866322,30.290807723999023
555,-125.86850152905198,218,201,0.9213149847094801,21.635995530441402,31.34178353729844,0.007965173572301865,13.502367973327637
556,43.888888888888886,45,40,0.8888888888888888,-3.9978176490587125,1.5139048353740994,0.007962827570736408,1.9178820848464966
557,-15.68518518518519,108,100,0.9231481481481482,-22.210722443402744,45.27599154581339,0.007938249967992306,18.371444702148438
558,-127.35757575757576,220,204,0.9264242424242424,-2.389374068072066,13.339989794365131,0.00793629139661789,1.5394132137298584
559,63.95652173913044,23,20,0.8695652173913043,5.81155792872111,4.381563377380371,0.007934792898595333,6.204507827758789
560,-1.782608695652172,92,83,0.9021739130434783,-42.325833260773656,94.78987748172867,0.007949397899210453,16.4788875579834
561,-5.702127659574472,94,83,0.8829787234042553,-57.337922383503745,164.53419908270777,0.007867405191063881,11.904580116271973
562,-133.85037037037037,225,206,0.9114962962962962,-33.85685071054101,72.4168106956482,0.007920211181044579,30.60593605041504
563,40.95652173913044,46,40,0.8695652173913043,4.781201838701963,1.7558815244740495,0.00792150292545557,5.241506576538086
564,63.95652173913044,23,20,0.8695652173913043,21.145428111155827,39.51088040669759,0.007824675180017948,19.60762596130371
565,33.02380952380953,56,51,0.8902380952380953,-23.19744707988575,55.01342120170593,0.007839102298021317,13.310774803161621
566,-23.24778761061947,113,102,0.8975221238938053,27.27449966425821,59.40006217836612,0.007971017621457577,48.12299728393555
567,-21.976190476190467,112,101,0.9002380952380953,34.76823672819883,88.67220931534096,0.007974667474627495,9.507659912109375
568,43.888888888888886,45,40,0.8888888888888888,37.27257456133763,98.57326587041219,0.007691411301493645,15.21243667602539
569,-126.51987767584099,218,200,0.9148012232415902,16.554849449142814,18.618162451537327,0.007632582914084196,11.892731666564941
570,-24.327433628318587,113,101,0.8867256637168142,4.242506259053946,15.346533559458097,0.007475109770894051,3.321974754333496
571,63.95652173913044,23,20,0.8695652173913043,18.80028287569682,39.21037251154582,0.007315652910619974,23.871192932128906
572,-22.535714285714278,112,101,0.8946428571428572,-7.884156190425157,17.92649521619419,0.006560130976140499,9.22741413116455
573,-7.631578947368411,95,83,0.8736842105263158,-49.81080743395181,121.56037219556939,0.006395692937076092,13.495101928710938
574,46.90909090909091,44,40,0.9090909090909091,23.377290936000644,37.13392522335052,0.0063933501951396465,7.672580242156982
575,63.95652173913044,23,20,0.8695652173913043,10.94327619150281,12.597768878936767,0.006387519184499979,2.4072108268737793
576,63.95652173913044,23,20,0.8695652173913043,8.368491578102113,7.969166342417399,0.006389864254742861,4.564144134521484
577,-126.51987767584099,218,200,0.9148012232415902,-15.373888720467686,19.747833063901517,0.006292097270488739,3.2037899494171143
578,-119.69811320754718,212,196,0.9230188679245283,8.475679649792612,8.26806999480538,0.006269965786486864,4.216729640960693
579,30.461988304093566,57,51,0.8746198830409356,-70.27875521394114,490.26724802652996,0.005784382112324238,24.100276947021484
580,43.888888888888886,45,40,0.8888888888888888,5.12462447732687,2.216882896935567,0.005784184671938419,1.3210598230361938
581,43.888888888888886,45,40,0.8888888888888888,14.778791546821594,15.252518769105276,0.005782509688287973,2.4260082244873047
582,68.9090909090909,22,20,0.9090909090909091,30.95933507159352,101.99261004130045,0.005151932593435049,18.589487075805664
583,68.9090909090909,22,20,0.9090909090909091,32.480149801075456,112.86672375996908,0.005171753466129303,20.18905258178711
584,-127.28919330289193,219,201,0.9171080669710807,12.252552789524197,12.799124025799333,0.00516344141215086,5.147868633270264
585,-21.797619047619037,112,102,0.9020238095238096,12.246468230344355,20.116241331530734,0.005140101537108421,8.73313045501709
586,-19.36363636363636,110,100,0.9063636363636364,6.371813712656498,11.981283643674105,0.005139691289514303,4.476009368896484
587,43.888888888888886,45,40,0.8888888888888888,10.952676282512645,8.952588710188866,0.004881895612925291,4.176214694976807
588,-24.327433628318587,113,101,0.8867256637168142,-21.946606509685516,45.47824343184941,0.004872877150774002,6.1845622062683105
589,-129.61861861861863,222,206,0.9238138138138138,0.7123298096437939,10.761236655004323,0.004870005417615175,2.8219470977783203
590,-3.7526881720430083,93,83,0.8924731182795699,-34.33128916738502,63.46548448126,0.0048099178820848465,8.43923568725586
591,63.95652173913044,23,20,0.8695652173913043,3.5340690068900584,1.4753411335249742,0.004721104633063078,5.295668125152588
592,30.275862068965523,58,52,0.8827586206896552,-47.76890737935901,236.48607940673827,0.004738697316497564,16.07628059387207
593,46.90909090909091,44,40,0.9090909090909091,29.62872279410561,59.94300843874613,0.004738457500934601,4.321159839630127
594,-133.01190476190476,224,204,0.9098809523809523,0.5771667997278274,10.59071248563705,0.004739056807011366,3.684296131134033
595,-5.702127659574472,94,83,0.8829787234042553,-15.46235817551134,15.53683473935807,0.004721442703157663,5.279613018035889
596,-23.961651917404126,113,101,0.8903834808259588,29.38458239677176,63.33257714228846,0.004734517075121403,19.61820411682129
597,38.15723270440252,53,49,0.9115723270440251,1.0153862162726,1.1426616126399798,0.004021371714770794,1.732395052909851
598,-18.53333333333333,110,101,0.9146666666666666,56.59129411350191,201.91126900482178,0.004026846960186958,12.121418952941895
599,43.888888888888886,45,40,0.8888888888888888,32.93356379084289,70.32182194391886,0.004044124856591225,19.454477310180664
600,43.888888888888886,45,40,0.8888888888888888,23.81324524084727,38.9405180533727,0.0040303864516317844,1.8449937105178833
601,-7.631578947368411,95,83,0.8736842105263158,-43.73284570088827,96.21401510276948,0.00402560131624341,3.952260971069336
602,-3.7526881720430083,93,83,0.8924731182795699,-32.76421307129075,56.080275217692055,0.0040320646949112415,13.442805290222168
603,-1.782608695652172,92,83,0.9021739130434783,-27.120338526535704,39.61483939297228,0.0040325988084077835,2.477116107940674
604,-119.74213836477988,212,196,0.9225786163522013,14.661608759596945,14.910541398525238,0.003975915256887674,10.908431053161621
605,-128.10197869101978,219,200,0.9089802130898021,-17.610578688256442,20.905219020230696,0.00398216163739562,9.742132186889648
606,-19.36363636363636,110,100,0.9063636363636364,-13.1556897296831,23.94922595126182,0.003980383276939392,8.666186332702637
607,30.461988304093566,57,51,0.8746198830409356,-60.220832430322965,355.4856877644857,0.004292943049222231,73.35917663574219
608,35.46913580246914,54,49,0.8946913580246914,-37.337987469881774,129.22842102050782,0.0030783063266426325,18.335906982421875
609,38.761006289308185,53,49,0.9176100628930818,-0.35943361709360033,1.2501639643224431,0.003033004468306899,1.4933996200561523
610,-1.782608695652172,92,83,0.9021739130434783,23.980224334705905,30.01062301651062,0.0030308524146676064,4.529898166656494
611,32.93939393939394,55,49,0.8793939393939394,16.185266466423247,23.670259603857993,0.0030450373888015747,16.02098274230957
612,-17.073394495412842,109,101,0.9192660550458716,101.80040237474442,655.1077202758789,0.003232130780816078,55.95439529418945
613,-7.631578947368411,95,83,0.8736842105263158,13.524777963353568,10.9515118106043,0.0032319296151399612,4.231719017028809
614,63.95652173913044,23,20,0.8695652173913043,50.76187855601311,233.85939915974936,0.0032939554657787085,29.67896270751953
615,-17.85454545454546,110,102,0.9214545454545454,60.01958999735117,226.06283349609376,0.0032720649614930153,9.547837257385254
616,-16.557575757575762,110,104,0.9344242424242424,42.96192867639661,123.68994704818725,0.002913862932473421,12.373504638671875
617,43.888888888888886,45,40,0.8888888888888888,9.902130678792794,7.445501194397608,0.0028365442994982004,3.8800947666168213
618,-3.7526881720430083,93,83,0.8924731182795699,-61.01721295534846,188.38094415626372,0.002845417708158493,11.950579643249512
619,-5.702127659574472,94,83,0.8829787234042553,-87.69903632830903,367.45859022025604,0.0028371759690344334,18.201534271240234
620,33.09356725146199,57,52,0.9009356725146199,-93.11921498278777,766.123057047526,0.0030848148744553328,64.2583236694336
621,40.051282051282044,52,48,0.9205128205128205,-72.48171398031215,465.6884035746256,0.0031180756632238626,29.311485290527344
622,-118.6056338028169,213,202,0.943943661971831,-22.006925586936063,29.359982773628552,0.0031406006310135126,31.217926025390625
623,40.95652173913044,46,40,0.8695652173913043,11.27326066394647,9.11302190447847,0.0031283660791814327,5.624675273895264
624,63.95652173913044,23,20,0.8695652173913043,36.09313844045003,133.44795684814454,0.0031572170555591583,23.105411529541016
625,63.95652173913044,23,20,0.8695652173913043,46.42988441785177,204.66339645385742,0.0032468559220433235,38.32904815673828
626,63.95652173913044,23,20,0.8695652173913043,47.61067145864169,249.82451909383138,0.0032666369806975126,35.391849517822266
627,-123.91131498470948,218,206,0.9408868501529052,0.014599062964785844,6.407892628235393,0.0027998625300824642,2.5795414447784424
628,-121.04012345679013,216,206,0.9495987654320988,15.359521412819625,16.53389052043855,0.002780848415568471,3.755460023880005
629,68.9090909090909,22,20,0.9090909090909091,58.32738844553629,369.3406000773112,0.0027922452427446842,25.67562484741211
630,-121.64197530864197,216,204,0.9435802469135802,-0.5279793277531862,6.23734457622678,0.0026171482168138027,3.2315926551818848
631,35.42857142857143,56,52,0.9142857142857143,-2.0406121294673842,2.1855507929916107,0.002584931906312704,2.951444149017334
632,-112.46859903381642,207,196,0.9453140096618358,11.980284596085548,10.111792151898145,0.0025716458912938833,5.676239490509033
633,-10.688888888888883,105,100,0.9431111111111111,14.686342433728976,24.958472580177244,0.002577578416094184,9.07646656036377
634,-16.557575757575762,110,104,0.9344242424242424,1.0841353294216096,9.208255230148323,0.0020804342348128557,0.3957149386405945
635,-3.7526881720430083,93,83,0.8924731182795699,-47.15350750697605,109.8874716088475,0.002083251951262355,9.064483642578125
636,-123.91131498470948,218,206,0.9408868501529052,-44.90547000694275,109.31476275253296,0.0021126889623701572,22.064857482910156
637,43.888888888888886,45,40,0.8888888888888888,6.011628689275434,3.5177191165586312,0.0020615539979189634,1.6266651153564453
638,-14.839506172839506,108,101,0.931604938271605,-14.672347681306302,24.455405003180843,0.00206137727946043,2.9040207862854004
639,63.95652173913044,23,20,0.8695652173913043,12.563976136595011,16.870233901341756,0.002063031541183591,5.938623428344727
640,59.33333333333334,24,20,0.8333333333333334,-2.645254788051049,0.7090870781219565,0.0020616580732166767,1.7719241380691528
641,40.95652173913044,46,40,0.8695652173913043,-4.870542029043039,2.0761484698625283,0.002051115734502673,1.4091681241989136
642,41.01282051282051,52,49,0.9301282051282052,-30.916911126797398,91.51051438649496,0.00206004292704165,12.468144416809082
643,63.95652173913044,23,20,0.8695652173913043,13.683375457922617,21.70267046292623,0.0020229187794029713,9.301507949829102
644,-1.782608695652172,92,83,0.9021739130434783,-24.402941650894274,32.376699968514195,0.0020177727565169334,8.68053150177002
645,41.3974358974359,52,49,0.933974358974359,-9.416651194387425,9.91630011399587,0.0020077768713235855,5.492302417755127
646,68.9090909090909,22,20,0.9090909090909091,37.62532164355119,147.65989837646484,0.0020416597835719585,25.9657039642334
647,-3.7526881720430083,93,83,0.8924731182795699,-17.581740765207744,18.99947822620591,0.002031046897172928,1.5021241903305054
648,-1.782608695652172,92,83,0.9021739130434783,-4.321541077520953,5.155698674675788,0.0020321349147707224,3.752216100692749
649,-123.91131498470948,218,206,0.9408868501529052,33.087215447679164,58.07999254538305,0.0020300461910665035,6.446488857269287
650,59.33333333333334,24,20,0.8333333333333334,12.339695731798807,15.688888533910115,0.0020361412316560745,8.912294387817383
651,68.9090909090909,22,20,0.9090909090909091,40.7542060462137,176.87700220743815,0.002049993723630905,15.758614540100098
652,43.888888888888886,45,40,0.8888888888888888,30.12090454498927,67.30379606882731,0.0020543010905385017,15.32028865814209
653,68.9090909090909,22,20,0.9090909090909091,29.13729799663027,91.23668657938639,0.002062716754153371,13.35245418548584
654,40.371794871794876,52,49,0.9237179487179488,-28.981207795937856,78.32488253911336,0.0020651232916861773,32.44444274902344
655,63.95652173913044,23,20,0.8695652173913043,2.140943223113815,0.857571329564477,0.002055794233456254,1.4609500169754028
656,-3.7526881720430083,93,83,0.8924731182795699,-43.331571616232395,96.28850517119749,0.0020577367395162582,8.093910217285156
657,43.888888888888886,45,40,0.8888888888888888,-0.67721492179359,0.6537304465498892,0.0020326126832515,1.1262996196746826
658,63.95652173913044,23,20,0.8695652173913043,-2.548069195903372,0.7954528915407233,0.0020343621727079153,3.5220799446105957
659,-10.688888888888883,105,100,0.9431111111111111,8.994307237311267,21.757055147292558,0.002036954974755645,7.230807304382324
660,-13.35514018691589,107,101,0.9364485981308411,2.4901126964241267,13.06398628208926,0.002022969303652644,2.5224807262420654
661,68.9090909090909,22,20,0.9090909090909091,9.361393002606928,10.922260109583537,0.00201410916633904,8.131682395935059
662,46.90909090909091,44,40,0.9090909090909091,4.837929112557322,3.0843478153422135,0.0019564563408493996,2.1501731872558594
663,-118.6056338028169,213,202,0.943943661971831,10.434047013930977,10.48068175729469,0.001954942476004362,3.5682640075683594
664,-10.688888888888883,105,100,0.9431111111111111,-4.832058052390813,15.594761242704466,0.0019386699423193932,9.981954574584961
665,-3.7526881720430083,93,83,0.8924731182795699,-54.040654161368984,152.5202389452831,0.0019318432314321399,8.964092254638672
666,-16.557575757575762,110,104,0.9344242424242424,-4.857917996592819,13.366835095768911,0.0017920240061357617,2.6898982524871826
667,40.95652173913044,46,40,0.8695652173913043,-20.184163105984528,24.896457346280418,0.001805656822398305,18.43694496154785
668,63.95652173913044,23,20,0.8695652173913043,-7.331899946182967,4.852244223157565,0.0017893564654514194,4.463892459869385
669,-5.702127659574472,94,83,0.8829787234042553,-45.785442886402805,107.43698506182935,0.0018111795652657747,21.09166717529297
670,43.888888888888886,45,40,0.8888888888888888,10.608503835648298,8.993448717636056,0.0018115268321707845,3.6794888973236084
671,38.74358974358975,52,48,0.9074358974358975,-27.288215364391604,70.13305676778158,0.001837334712035954,32.11201858520508
672,68.9090909090909,22,20,0.9090909090909091,29.694139695167543,96.97057291666667,0.0018386682495474815,6.527794361114502
673,43.888888888888886,45,40,0.8888888888888888,33.0805060779055,79.68293393452963,0.00185479992069304,24.192584991455078
674,-3.7526881720430083,93,83,0.8924731182795699,0.14300252971460062,4.110690177118604,0.001851421664468944,2.1277506351470947
675,-112.46859903381642,207,196,0.9453140096618358,59.66811505845189,171.07363973999023,0.0018797378288581967,22.668550491333008
676,-117.93081761006289,212,200,0.9406918238993711,34.07433180442173,58.05038866641745,0.0018949416698887944,16.900964736938477
677,-3.7526881720430083,93,83,0.8924731182795699,-6.340216561309651,6.475445316350484,0.0018940643640235066,1.5188761949539185
678,-3.7526881720430083,93,83,0.8924731182795699,-10.398721719257923,9.663815111996188,0.00189326168037951,2.568570375442505
679,-5.702127659574472,94,83,0.8829787234042553,-20.966725818214407,26.789533665860034,0.001861482160165906,1.0682902336120605
680,63.95652173913044,23,20,0.8695652173913043,14.480277228355408,23.44567896525065,0.0018662260845303535,8.1209077835083
681,-14.148148148148152,108,102,0.9385185185185185,41.319225062035954,116.29251287841797,0.0018685950199142098,9.89503002166748
682,63.95652173913044,23,20,0.8695652173913043,10.247391260663669,12.62883415222168,0.0018518110737204552,2.8673322200775146
683,68.9090909090909,22,20,0.9090909090909091,21.515388761771224,54.592490895589194,0.0018381718546152115,17.997081756591797
684,35.70238095238096,56,52,0.9170238095238096,-36.08484755211878,134.59905468622844,0.0018466174369677901,15.851225852966309
685,68.9090909090909,22,20,0.9090909090909091,18.708690257743,34.69377358754476,0.001860884134657681,16.863502502441406
686,-14.148148148148152,108,102,0.9385185185185185,5.640029432973824,13.22279138080706,0.0018582273041829467,1.836890459060669
687,63.95652173913044,23,20,0.8695652173913043,-0.21869192738085985,0.3488746669553317,0.001856346265412867,0.5006974339485168
688,43.888888888888886,45,40,0.8888888888888888,-4.767850372707471,2.015037021385918,0.0018530278466641903,3.8643455505371094
689,-1.782608695652172,92,83,0.9021739130434783,-38.63718611148586,81.64568547934414,0.0018584666540846229,7.54889440536499
690,-1.782608695652172,92,83,0.9021739130434783,-36.814974742002754,72.42491679976743,0.0018566803773865104,7.30205774307251
691,41.52564102564102,52,49,0.9352564102564103,-31.6130499060809,106.95153376261393,0.0018635108135640621,10.506327629089355
692,43.73202614379085,51,49,0.9473202614379085,-13.31652692068213,19.92989064057668,0.0018424908630549908,4.097477436065674
693,44.69333333333333,50,48,0.9469333333333333,-0.9999306904176289,1.8802625302604914,0.0018396655796095729,2.2221484184265137
694,-120.12558139534883,215,204,0.9487441860465117,-58.89237856718898,198.17979122924805,0.001853123540058732,16.11912727355957
695,41.836601307189554,51,48,0.9283660130718955,19.00146146910265,38.86819736758868,0.0018632605206221342,12.181610107421875
696,-3.7526881720430083,93,83,0.8924731182795699,14.045833935678738,13.024709924148901,0.0018459012499079108,0.5144216418266296
697,63.95652173913044,23,20,0.8695652173913043,42.31003084977468,187.4921724955241,0.0018765133572742343,23.958585739135742
698,-14.092592592592595,108,102,0.9390740740740741,88.17007851940393,532.507230834961,0.001878323731943965,10.372260093688965
699,43.888888888888886,45,40,0.8888888888888888,47.829720704754195,161.97657019297282,0.0018703562673181295,15.967192649841309
700,63.95652173913044,23,20,0.8695652173913043,18.279675232370696,36.27263390223185,0.0018776647048071027,13.621153831481934
701,-113.00961538461539,208,198,0.9499038461538462,-24.81314542210102,37.54645325660706,0.00188529456499964,9.233628273010254
702,-111.00970873786409,206,196,0.9499029126213592,-25.027951042696834,35.89052279853821,0.001872499007731676,3.338348627090454
703,-13.592592592592595,108,103,0.9440740740740741,-1.7704557907963172,11.364696262835587,0.001872597960755229,1.5648895502090454
704,43.888888888888886,45,40,0.8888888888888888,-22.947922008422513,36.96786896387736,0.0018745833076536655,10.753308296203613
705,43.18300653594771,51,49,0.9418300653594771,-66.20340248193436,447.4120585123698,0.0018784533021971583,9.848959922790527
706,63.95652173913044,23,20,0.8695652173913043,-21.326089480457206,42.37076495488485,0.0018849270418286324,14.907963752746582
707,43.888888888888886,45,40,0.8888888888888888,-11.935768973082304,10.427615523338318,0.0015752692706882954,7.444931983947754
708,-113.00961538461539,208,198,0.9499038461538462,-0.2936307488104794,3.7354788315801417,0.0015503490576520562,1.1527602672576904
709,63.95652173913044,23,20,0.8695652173913043,-3.331387596639494,1.2480346506580342,0.0015511009842157364,1.6423677206039429
710,-10.688888888888883,105,100,0.9431111111111111,27.819639685400528,63.316112369328735,0.001562735065817833,14.375743865966797
711,-8.782051282051285,104,100,0.9521794871794872,37.7191399798179,103.67496357345581,0.0015589281683787704,14.1061429977417
712,68.9090909090909,22,20,0.9090909090909091,18.98908570619921,43.54835770924886,0.0013868180103600025,11.431540489196777
713,-5.702127659574472,94,83,0.8829787234042553,-41.54850568876688,90.19131584627083,0.0013894973089918494,6.699760913848877
714,-3.7526881720430083,93,83,0.8924731182795699,-33.787182331085205,61.34637794341428,0.001335603417828679,6.089022636413574
715,68.9090909090909,22,20,0.9090909090909091,18.00524922609329,36.71822296778361,0.0013365757185965776,9.572306632995605
716,-10.555555555555557,105,100,0.9444444444444444,20.164632137520442,35.59612067007343,0.00132989592384547,2.7581188678741455
717,0.2087912087912116,91,83,0.9120879120879121,-16.285664921244944,18.12631654371339,0.0013293850934132934,0.762705385684967
718,63.95652173913044,23,20,0.8695652173913043,-1.8791910318036875,0.5170460212277248,0.0013189768651500344,2.230314016342163
719,-5.702127659574472,94,83,0.8829787234042553,-48.868803491554104,126.1726116655342,0.0013099364005029202,13.209940910339355
720,-12.214953271028037,107,102,0.9478504672897197,19.845013213299215,35.248005873932506,0.0010550976730883121,4.3483805656433105
721,46.90909090909091,44,40,0.9090909090909091,19.904482910650163,30.338739959398904,0.0010061109205707908,1.3018059730529785
722,46.3611111111111,48,46,0.9436111111111111,-25.97618940374814,68.94639991124471,0.0009576507145538926,13.244720458984375
723,41.3974358974359,52,49,0.933974358974359,-21.443173396870648,48.27608273824056,0.0009593772701919079,7.661858558654785
724,68.9090909090909,22,20,0.9090909090909091,21.4481162900726,48.56895116170247,0.0009463910828344524,14.829524993896484
725,-115.2063492063492,210,200,0.947936507936508,22.78111824513972,33.40469937470835,0.0008554699015803635,3.895535945892334
726,-117.93081761006289,212,200,0.9406918238993711,9.388289762431755,11.505956056165509,0.0007839984609745443,4.848142147064209
727,-16.573573573573583,111,105,0.9442642642642642,33.85564719555341,87.66717420578003,0.0007857405580580235,7.200448036193848
728,-12.214953271028037,107,102,0.9478504672897197,26.68698045308472,54.36406523887813,0.0007976492634043097,15.480566024780273
729,-111.00970873786409,206,196,0.9499029126213592,9.859611837223172,9.640160360836541,0.0007592194597236812,1.0540661811828613
730,-3.7526881720430083,93,83,0.8924731182795699,-44.795419022141694,103.39128114324976,0.0007607233710587025,7.017681121826172
731,43.888888888888886,45,40,0.8888888888888888,3.416308724693954,1.756605454753541,0.0007606165017932653,1.666234016418457
732,63.95652173913044,23,20,0.8695652173913043,-3.475369764228041,1.2179085021809442,0.0007583163096569479,0.36998334527015686
733,-5.702127659574472,94,83,0.8829787234042553,-63.16901196246166,203.1007477787125,0.0007532617310062051,5.362644195556641
734,-115.03492063492064,210,200,0.9496507936507936,-33.764917869627475,63.928580978393555,0.0007704843883402646,15.669954299926758
735,41.52564102564102,52,49,0.9352564102564103,-24.4687776119293,67.52824452718099,0.0008022573892958462,23.459957122802734
736,43.888888888888886,45,40,0.8888888888888888,15.851173163888355,19.400837349891663,0.0007764882175251842,9.6807279586792
737,-3.7526881720430083,93,83,0.8924731182795699,-30.379945749618923,48.472455361760765,0.0007786182104609907,7.020576477050781
738,63.95652173913044,23,20,0.8695652173913043,19.7447288274765,42.101860745747885,0.0007846097578294575,10.166293144226074
739,-18.31547619047619,112,106,0.9368452380952381,34.95337090730667,89.17985558521748,0.0008161935256794095,22.789033889770508
740,45.16,50,48,0.9516,12.752177513189963,18.26744675040245,0.0008247471414506435,12.827254295349121
741,68.9090909090909,22,20,0.9090909090909091,35.142119849597414,138.4284585316976,0.0008637036080472171,26.449846267700195
742,46.90909090909091,44,40,0.9090909090909091,34.554546045263606,91.73200556437175,0.0008560802671127021,7.765255451202393
743,-5.702127659574472,94,83,0.8829787234042553,-47.711520325227916,120.27518809368333,0.0008540049311704934,6.178701400756836
744,41.01282051282051,52,49,0.9301282051282052,-29.192011582843648,86.83046757380167,0.0008653863333165646,17.621726989746094
745,46.90909090909091,44,40,0.9090909090909091,17.85673599054571,25.585527511437736,0.0008659891318529844,5.8895487785339355
746,-3.7526881720430083,93,83,0.8924731182795699,-42.74009163887146,98.12218152088334,0.0008285987423732877,5.425716400146484
747,68.9090909090909,22,20,0.9090909090909091,13.995053251584372,22.69404754638672,0.0008391186129301786,14.498001098632812
748,-5.702127659574472,94,83,0.8829787234042553,-49.50210712449139,123.94688657584439,0.0008486995939165354,12.740159034729004
749,59.33333333333334,24,20,0.8333333333333334,-12.924149004618327,17.35370356241862,0.0008622342720627785,14.660581588745117
750,-1.782608695652172,92,83,0.9021739130434783,-22.26778870461935,28.339353264575024,0.0008559937705285847,2.0493557453155518
751,-1.782608695652172,92,83,0.9021739130434783,-13.521194162587804,13.087887996113878,0.0008402225212194026,1.9725292921066284
752,-10.688888888888883,105,100,0.9431111111111111,37.372927337596195,103.84652853775025,0.0008294674917124212,4.2597808837890625
753,-3.7526881720430083,93,83,0.8924731182795699,-12.754784814325202,12.22567789619377,0.0008211929234676063,3.197406768798828
754,38.09090909090909,55,52,0.9309090909090909,8.096109239455396,8.436816647914748,0.0007601354154758155,1.1698347330093384
755,46.3611111111111,48,46,0.9436111111111111,6.813842563431778,6.2899931220027305,0.0007609707536175847,3.315514087677002
756,38.09090909090909,55,52,0.9309090909090909,6.833665064303204,6.485108296880208,0.0007578913355246186,2.8085062503814697
757,-1.782608695652172,92,83,0.9021739130434783,-3.899761644667052,4.194163777914005,0.0007581217214465141,1.1948246955871582
758,-3.7526881720430083,93,83,0.8924731182795699,-13.508837076076063,13.062544460486935,0.000757384579628706,2.4034981727600098
759,-12.968847352024923,107,101,0.9403115264797508,37.633712518462914,103.5845802268982,0.000767091813031584,15.813547134399414
760,-3.7526881720430083,93,83,0.8924731182795699,-20.103824352643574,23.734259969259362,0.0007670867489650846,1.6587610244750977
761,-1.782608695652172,92,83,0.9021739130434783,-16.16759291847786,17.11278148994867,0.0007640656549483538,3.387083053588867
762,43.888888888888886,45,40,0.8888888888888888,16.662181446949642,21.46143262585004,0.0007642493583261967,3.6868419647216797
763,43.888888888888886,45,40,0.8888888888888888,13.695517210755497,14.196211244165898,0.0007662468124181032,5.786233425140381
764,-16.573573573573583,111,105,0.9442642642642642,20.109775392900918,34.237693959903204,0.0007635776419192553,9.136481285095215
765,68.9090909090909,22,20,0.9090909090909091,9.369604207016527,11.27719477812449,0.0007604509009979665,7.385292053222656
766,38.18787878787879,55,52,0.9318787878787879,-35.68496090217183,150.3068473815918,0.0007632015040144324,7.865227699279785
767,68.9090909090909,22,20,0.9090909090909091,6.641123696509749,5.383909781773885,0.0007431823760271072,1.6775777339935303
768,-1.782608695652172,92,83,0.9021739130434783,-36.54423182655171,72.51560372808372,0.0007424502400681376,2.166210174560547
769,-1.782608695652172,92,83,0.9021739130434783,-33.61457627763351,61.30697211300034,0.0007131284801289439,3.468981981277466
770,42.85620915032679,51,48,0.938562091503268,-23.969619190692903,61.8206590016683,0.0007153492770157754,6.521260738372803
771,-12.582554517133957,107,102,0.9441744548286605,27.32625083603477,57.29903167814016,0.0006775477668270469,19.639469146728516
772,43.888888888888886,45,40,0.8888888888888888,22.537495364621282,40.55316365559896,0.0006803132710047066,9.550318717956543
773,41.01282051282051,52,49,0.9301282051282052,-2.8341068043586954,2.323193831937776,0.0006477123242802918,3.0375239849090576
774,-10.377358490566039,106,102,0.9562264150943396,48.873094257488845,170.70924607849122,0.0006566981901414692,13.165426254272461
775,43.888888888888886,45,40,0.8888888888888888,25.636497638731573,46.37476156552633,0.0006307580042630434,7.487837314605713
776,-121.04012345679013,216,206,0.9495987654320988,-14.995841078933328,22.2251745698452,0.000612964213360101,1.9169957637786865
777,-118.7601246105919,214,204,0.952398753894081,-11.033045922338962,13.417306668047793,0.0006143121863715351,4.648634433746338
778,63.95652173913044,23,20,0.8695652173913043,0.5888015299172064,0.21701593868638155,0.0006135422154329717,0.6685419678688049
779,46.90909090909091,44,40,0.9090909090909091,16.211455255622663,21.394529740015667,0.0006151304114609957,4.839622497558594
780,38.369696969696975,55,52,0.9336969696969697,-29.135205654551587,92.88467957178752,0.0006128025124780834,6.697702407836914
781,-7.631578947368411,95,83,0.8736842105263158,-62.54237829920757,204.35254739661772,0.0006321713444776833,18.912578582763672
782,-1.782608695652172,92,83,0.9021739130434783,-28.814808146541857,45.78461699121927,0.0006323049310594797,3.5248351097106934
783,-16.47147147147146,111,106,0.9452852852852853,24.197092292114277,48.00222556442022,0.0006201974465511739,10.92146110534668
784,43.888888888888886,45,40,0.8888888888888888,20.376372215741625,31.126083493232727,0.000606818008236587,4.175046443939209
785,44.69333333333333,50,48,0.9469333333333333,-1.3790343714036075,1.7888644823581368,0.0005886570434086025,1.4393364191055298
786,44.373333333333335,50,48,0.9437333333333333,-1.2334347226846147,1.4808454106194404,0.0005886364961043,0.3047298192977905
787,-5.702127659574472,94,83,0.8829787234042553,-31.46268367767334,51.724950629544544,0.0005952066276222467,10.877324104309082
788,63.95652173913044,23,20,0.8695652173913043,16.179878193885088,30.356444454193117,0.0005978600238449872,7.619835376739502
789,-1.782608695652172,92,83,0.9021739130434783,-7.364360419128195,5.509687160623586,0.0005935803055763245,0.6095215082168579
790,63.95652173913044,23,20,0.8695652173913043,18.683963442469636,39.99421733220418,0.0005958355613984168,9.77101993560791
791,68.9090909090909,22,20,0.9090909090909091,32.156652408714095,114.07645276387532,0.0005942517891526222,11.299241065979004
792,-115.81200631911533,211,201,0.9518799368088467,30.128648677517425,52.173202370613815,0.0005975887761451304,9.08781909942627
793,46.90909090909091,44,40,0.9090909090909091,24.968598787486552,48.21891606648763,0.0005986854084767401,5.39743185043335
794,68.9090909090909,22,20,0.9090909090909091,9.550894269223015,11.557784406344096,0.0005846028798259795,3.938812255859375
795,43.888888888888886,45,40,0.8888888888888888,-7.61796026499942,4.205033206194639,0.0005741652566939592,2.3684310913085938
796,-9.541666666666657,96,83,0.8645833333333334,-83.7723457803688,357.02954849181884,0.0005932620260864496,18.80851173400879
797,43.888888888888886,45,40,0.8888888888888888,-17.773879861334958,23.513604474067687,0.0005619667354039848,5.276425361633301
798,63.95652173913044,23,20,0.8695652173913043,-18.113516403237977,34.89716946283976,0.0005638901493512094,11.169240951538086
799,40.95652173913044,46,40,0.8695652173913043,-24.498192139466603,43.40660886764526,0.0005478586535900831,3.5619003772735596
800,-117.3129890453834,213,204,0.9568701095461659,-3.8613497515972703,5.227765276783263,0.0005378764471970499,1.8186575174331665
801,-1.782608695652172,92,83,0.9021739130434783,-33.36958537642735,57.98116145459524,0.0005346707184799016,7.626851558685303
802,43.888888888888886,45,40,0.8888888888888888,5.242157249395192,2.899482370548261,0.0005347950500436127,3.1595447063446045
803,-3.7526881720430083,93,83,0.8924731182795699,-25.844195721379247,36.761391421398486,0.000538890075404197,9.403554916381836
804,-3.7526881720430083,93,83,0.8924731182795699,-18.478425845563653,20.515414073285328,0.0005318394396454096,5.385446548461914
805,43.888888888888886,45,40,0.8888888888888888,27.130702137947083,58.121025482813515,0.0005271701375022531,8.066757202148438
806,-119.61085271317829,215,206,0.9538914728682171,13.913103843094781,14.722166450552642,0.0005335579626262188,16.93925666809082
807,43.888888888888886,45,40,0.8888888888888888,33.61917505149419,88.56491349538167,0.0005340318311937153,9.498072624206543
808,-9.237179487179489,104,99,0.9476282051282051,58.37344297352247,244.20286810302736,0.0005683999042958021,23.10663414001465
809,40.814814814814824,54,52,0.9481481481481482,7.769653776116441,8.437002148866789,0.0005719987093470991,8.369858741760254
810,-5.702127659574472,94,83,0.8829787234042553,-32.74227400142026,58.947484724971666,0.0005573079106397927,2.3101465702056885
811,-113.5805422647528,209,200,0.954194577352472,-3.6016882723439485,3.1957094556227092,0.0005431718891486526,1.550581932067871
812,-117.23474178403755,213,204,0.9576525821596245,-15.347831798553466,16.920343665108085,0.0005383449024520814,3.9563114643096924
813,-11.943396226415103,106,100,0.940566037735849,4.379424273908604,8.197966993071372,0.0005373746971599758,3.3651838302612305
814,-113.00961538461539,208,198,0.9499038461538462,-15.368872332960366,14.883582692366094,0.0005371078732423484,4.980195045471191
815,-118.6822429906542,214,204,0.9531775700934579,-25.082270027309654,38.6986660425663,0.0005372739979065955,8.677284240722656
816,-1.782608695652172,92,83,0.9021739130434783,-39.517741584454676,85.48163701252766,0.000539531116373837,5.502222061157227
817,-3.7526881720430083,93,83,0.8924731182795699,-44.71091032794202,104.90374075648296,0.00054090132471174,6.660462379455566
818,-10.688888888888883,105,100,0.9431111111111111,9.120749551747766,13.748318097677169,0.0005431332974694669,7.984585285186768
819,-10.555555555555557,105,100,0.9444444444444444,16.413782129314264,24.14335589998192,0.0005322812357917428,7.244263648986816
820,38.09090909090909,55,52,0.9309090909090909,-29.112635483173655,103.71198123296102,0.0005313681322149932,2.3850345611572266
821,40.95652173913044,46,40,0.8695652173913043,-4.952744594713052,1.9906856120564043,0.0005313907749950886,0.9809852838516235
822,44.69333333333333,50,48,0.9469333333333333,-8.903437486614955,9.497504739436165,0.0005233523552305996,6.283123970031738
823,46.90909090909091,44,40,0.9090909090909091,34.79035876626149,95.17003542582194,0.0005221634637564421,4.551426887512207
824,40.95652173913044,46,40,0.8695652173913043,16.950858626763026,21.669987710316978,0.0005111381760798395,9.894434928894043
825,-14.715151515151518,110,105,0.9528484848484848,70.84442630510405,378.02094250488284,0.0005146301700733602,9.86463451385498
826,41.09876543209876,54,52,0.9509876543209876,6.478725149179748,5.925199788808823,0.0005129355704411864,0.35035720467567444
827,-121.04012345679013,216,206,0.9495987654320988,25.839636648929094,40.59079568209127,0.0005350623396225274,18.874996185302734
828,-113.75279106858054,209,200,0.9524720893141946,30.87673176721856,58.0042869553566,0.0005253814160823822,6.225983619689941
829,43.888888888888886,45,40,0.8888888888888888,-13.643364964673916,13.876354320844014,0.0005272675771266222,4.973584175109863
830,46.90909090909091,44,40,0.9090909090909091,-11.734738841621827,9.52683530251185,0.0005279657780192792,7.579970359802246
831,41.01282051282051,52,49,0.9301282051282052,-68.4631432058833,504.150813293457,0.0005528883775696158,20.992523193359375
832,-10.688888888888883,105,100,0.9431111111111111,-14.036294602083043,22.419877574574667,0.0005535313975997269,3.1528420448303223
833,68.9090909090909,22,20,0.9090909090909091,11.269414385408163,15.476888593037923,0.0005544100422412157,4.835079193115234
834,-9.237179487179489,104,99,0.9476282051282051,10.367601860743365,12.875295358190021,0.0005373041494749486,3.4838948249816895
835,-117.3129890453834,213,204,0.9568701095461659,-23.30893059348315,37.96051542186737,0.0005119235720485449,13.63319206237793
836,63.95652173913044,23,20,0.8695652173913043,10.319646771748861,12.895439211527506,0.0005062156706117094,5.365075588226318
837,-3.7526881720430083,93,83,0.8924731182795699,-20.244003031806773,23.738452162608564,0.0005061612464487553,5.2668585777282715
838,-113.75279106858054,209,200,0.9524720893141946,-9.025652173398063,8.802095606535906,0.0005012379842810333,3.877520799636841
839,63.95652173913044,23,20,0.8695652173913043,25.187114771207174,69.81426486968994,0.0005018996307626367,23.130033493041992
840,46.90909090909091,44,40,0.9090909090909091,50.35677129169926,191.9903465270996,0.0005100495181977749,16.94234275817871
841,43.888888888888886,45,40,0.8888888888888888,35.65871045499419,91.31001488367717,0.00048058744869194925,11.376569747924805
842,-1.782608695652172,92,83,0.9021739130434783,-9.36085830511802,7.063053310902548,0.00047667062608525157,0.3061196208000183
843,41.3974358974359,52,49,0.933974358974359,-9.14525772491276,10.680195654928685,0.0004763582837767899,7.229608058929443
844,41.09876543209876,54,52,0.9509876543209876,-1.4885484461750214,2.0479951507752654,0.0004596261715050787,2.485236406326294
845,-11.081761006289312,106,101,0.9491823899371069,18.897678677096962,30.736169096369995,0.00045880675315856934,1.532252550125122
846,43.888888888888886,45,40,0.8888888888888888,4.725401981671651,2.5190108180046082,0.00045691896229982376,1.4362189769744873
847,63.95652173913044,23,20,0.8695652173913043,-2.3839063060469927,0.7058436776183953,0.0004462705401238054,1.1207932233810425
848,-111.55072463768116,207,198,0.9544927536231884,-16.480436267346143,17.4078099694252,0.00044478088966570795,11.8009614944458
849,63.95652173913044,23,20,0.8695652173913043,-7.0788718620936075,4.816607270638148,0.0004304378235246986,5.6707963943481445
850,40.95652173913044,46,40,0.8695652173913043,-21.414856108774742,32.603302764892575,0.00043108881800435483,2.434422254562378
851,40.95652173913044,46,40,0.8695652173913043,-21.43445921341578,32.43921445210775,0.0004538145149126649,19.03473663330078
852,40.91358024691358,54,52,0.9491358024691358,-28.58569553771716,101.40484975179037,0.0004754902911372483,18.28180503845215
853,-119.61085271317829,215,206,0.9538914728682171,-22.496580695576966,33.12816838073731,0.0004798333684448153,9.813323020935059
854,68.9090909090909,22,20,0.9090909090909091,18.859487369439254,39.51337038675944,0.00048392516328021884,7.139241695404053
855,40.95652173913044,46,40,0.8695652173913043,8.016552572449049,5.434748937888071,0.0004829808895010501,1.8701777458190918
856,-5.702127659574472,94,83,0.8829787234042553,-26.66685910971768,40.57356274080085,0.00048470080946572125,4.6024885177612305
857,59.33333333333334,24,20,0.8333333333333334,3.562253131469091,1.6947964674482743,0.0004843731294386089,0.9970129728317261
858,-111.55072463768116,207,198,0.9544927536231884,43.61867474278807,103.91806321334839,0.0004977917415089905,14.97937297821045
859,-7.631578947368411,95,83,0.8736842105263158,-20.118978320041215,24.205322146894463,0.00048492164933122694,3.62213397026062
860,0.2087912087912116,91,83,0.9120879120879121,16.916819971548506,16.84132041342287,0.00048500989214517176,1.6766443252563477
861,63.95652173913044,23,20,0.8695652173913043,28.529727538426716,91.16631469726562,0.0005050204345025122,17.97981071472168
862,46.3611111111111,48,46,0.9436111111111111,17.155119127205882,34.27350554267566,0.0005069862236268818,6.945029258728027
863,-118.6822429906542,214,204,0.9531775700934579,9.058589340923644,7.501868067558971,0.0005076987436041236,6.985301971435547
864,63.95652173913044,23,20,0.8695652173913043,14.39024490515391,24.497708002726238,0.0005175069090910256,16.48626708984375
865,-3.7526881720430083,93,83,0.8924731182795699,-22.092342834396057,29.114083692251917,0.0005153466481715441,1.7093440294265747
866,40.91358024691358,54,52,0.9491358024691358,-3.32251065316644,3.2472752329375605,0.0005112396902404726,0.17034968733787537
867,-10.047619047619051,105,100,0.9495238095238095,19.063630551793427,31.963498432663094,0.0005109208868816495,1.0918446779251099
868,-10.047619047619051,105,100,0.9495238095238095,12.621159201046451,19.673071550876834,0.0005231204559095204,15.263021469116211
869,-111.55072463768116,207,198,0.9544927536231884,-13.820054303228854,12.21264816572424,0.0005241885082796216,6.697638511657715
870,43.83660130718954,51,49,0.9483660130718954,-38.7043629881208,164.3693619410197,0.0005668578087352216,28.38783073425293
871,-14.61212121212121,110,106,0.9538787878787879,8.535271544871735,12.71310125451909,0.0005489650066010654,7.819900989532471
872,43.888888888888886,45,40,0.8888888888888888,-5.695714438240975,2.5484151180523136,0.0005436840583570302,1.809360146522522
873,-9.57142857142857,105,101,0.9542857142857143,7.98763963576455,11.773004829107434,0.0005434512277133763,1.0707664489746094
874,-10.691823899371073,106,102,0.9530817610062893,10.52510024830955,14.218875557584688,0.000535911472979933,3.7505524158477783
875,46.06666666666666,50,49,0.9606666666666667,-22.217357152746505,54.52686349550883,0.000559784471988678,22.215200424194336
876,43.18300653594771,51,49,0.9418300653594771,-23.94321027174592,67.68544082641601,0.0005604375037364662,2.8708691596984863
877,42.294117647058826,51,48,0.9329411764705883,-16.18232161452761,32.49925216039022,0.0005621815798804164,5.825706958770752
878,-10.320754716981128,106,102,0.9567924528301887,39.10536070031122,120.81140453338622,0.0008763945079408586,72.31948852539062
879,-1.782608695652172,92,83,0.9021739130434783,-5.062466587863833,4.066987864360242,0.0008755322196520865,1.2034670114517212
880,40.91025641025641,52,49,0.9291025641025641,11.369220466865226,16.164478438595932,0.0008740894845686853,3.267709493637085
881,-1.782608695652172,92,83,0.9021739130434783,0.7463383013345152,2.7004967596092384,0.0008492431370541453,1.083983063697815
882,41.3974358974359,52,49,0.933974358974359,17.499812860564635,39.29600586891174,0.0010792944813147187,62.8538932800293
883,-7.317152103559877,103,99,0.9568284789644013,47.10763410741731,173.641658203125,0.0010990941664204001,18.658254623413086
884,-10.880503144654085,106,101,0.9511949685534591,31.6851102082273,83.72054017639161,0.0011015643831342459,6.426661968231201
885,41.062893081761004,53,51,0.94062893081761,-0.3697504916150744,1.5361586927222863,0.0011013173498213291,4.007085800170898
886,-10.880503144654085,106,101,0.9511949685534591,1.1521380269117654,6.13535756707401,0.0011074809590354562,9.018096923828125
887,-3.7526881720430083,93,83,0.8924731182795699,-52.81702751663315,150.20886466397818,0.001149941934272647,26.203754425048828
888,-1.782608695652172,92,83,0.9021739130434783,-49.46000346218247,130.81405743824908,0.001157752820290625,15.076748847961426
889,-118.15264797507788,214,206,0.9584735202492212,-63.863524068824944,240.568509765625,0.0011627572821453214,7.911294460296631
890,-5.702127659574472,94,83,0.8829787234042553,-64.85517254100746,216.82875900574956,0.0014300370821729302,66.28604125976562
891,-115.81200631911533,211,201,0.9518799368088467,-38.985809286296366,88.93398009872436,0.0015597317833453417,46.27568817138672
892,43.73202614379085,51,49,0.9473202614379085,0.13581581628726175,0.7938992460563895,0.001556503470055759,1.7733274698257446
893,-5.702127659574472,94,83,0.8829787234042553,-32.07370297853128,56.41271379003563,0.0017763137584552169,60.54716873168945
894,-111.55072463768116,207,198,0.9544927536231884,31.334432958357038,66.59608626556397,0.0018182857893407345,27.65079116821289
895,40.95652173913044,46,40,0.8695652173913043,41.589070693651834,124.35242004394532,0.0031858282163739204,148.390869140625
896,44.69333333333333,50,48,0.9469333333333333,29.293274225129306,110.33010114034018,0.003325264435261488,51.17655563354492
897,63.95652173913044,23,20,0.8695652173913043,37.429206387201944,167.73340504964193,0.0033264022786170244,8.529261589050293
898,40.95652173913044,46,40,0.8695652173913043,32.007060982038574,75.43317359288534,0.003317341674119234,1.8238475322723389
899,40.95652173913044,46,40,0.8695652173913043,19.13022871762514,29.655160117149354,0.003318360075354576,7.762760639190674
900,40.95652173913044,46,40,0.8695652173913043,5.366198947032292,2.6627304112616303,0.0033183852210640907,3.5165023803710938
901,-118.6822429906542,214,204,0.9531775700934579,12.233555086817127,14.81569064734038,0.0033162913750857115,1.3049978017807007
902,-117.3129890453834,213,204,0.9568701095461659,11.849037446707312,15.57898381070816,0.0033181547187268734,6.912045955657959
903,-7.631578947368411,95,83,0.8736842105263158,-87.98988493235714,417.1771725574172,0.0033171712420880795,5.827601432800293
904,-5.702127659574472,94,83,0.8829787234042553,-81.6677477528831,355.9567473997553,0.003324186895042658,12.248516082763672
905,-10.320754716981128,106,102,0.9567924528301887,-18.304251870803537,32.90327146625519,0.0033231403212994337,4.718194961547852
906,-5.702127659574472,94,83,0.8829787234042553,-68.05194633840078,249.18665782514825,0.0033061206340789795,6.157796859741211
907,43.888888888888886,45,40,0.8888888888888888,-1.641350399182799,0.5733721276628785,0.003301566932350397,1.1331729888916016
908,63.95652173913044,23,20,0.8695652173913043,1.63527935706079,0.4605879759474192,0.0032664069440215826,2.002643585205078
909,-118.7601246105919,214,204,0.952398753894081,27.65907738184929,47.39973567326367,0.0032642600126564503,6.23821496963501
910,68.9090909090909,22,20,0.9090909090909091,29.278173625469208,95.26176821390787,0.003277568845078349,13.673959732055664
911,-10.320754716981128,106,102,0.9567924528301887,50.51121790593862,205.84084259033204,0.0032806748058646917,6.697014808654785
912,43.18300653594771,51,49,0.9418300653594771,-0.7348032298434798,0.8430585409607981,0.0032792375423014164,1.8293850421905518
913,63.95652173913044,23,20,0.8695652173913043,5.764622841278712,4.5637550791104635,0.003278131131082773,2.504657030105591
914,41.062893081761004,53,51,0.94062893081761,-12.343816177050273,21.18071338335673,0.0032773115672171116,2.6266849040985107
915,68.9090909090909,22,20,0.9090909090909091,17.21852440467725,35.850911935170494,0.003277419600635767,7.292154788970947
916,0.2087912087912116,91,83,0.9120879120879121,-16.6223337283343,17.317148615557507,0.0032750489190220833,2.414443016052246
917,-7.317152103559877,103,99,0.9568284789644013,18.141756788713323,30.28887762673106,0.003280794247984886,12.246736526489258
918,43.888888888888886,45,40,0.8888888888888888,-1.898330156924203,0.7085654390264001,0.0032778969034552574,0.35240811109542847
919,44.228758169934636,51,49,0.9522875816993464,-26.700222390548635,91.81414759953817,0.0033072370570153,22.322864532470703
920,63.95652173913044,23,20,0.8695652173913043,-2.8306514880930385,0.9756295666496347,0.0033069539349526167,1.269836664199829
921,-1.782608695652172,92,83,0.9021739130434783,-28.468436079810424,47.02675254852417,0.003307612845674157,2.6517391204833984
922,63.95652173913044,23,20,0.8695652173913043,1.1626024786305302,0.4359934849072791,0.0033058563712984324,0.5155805945396423
923,-12.827160493827165,108,104,0.9517283950617283,26.155009655251167,58.04010138082504,0.0033048063050955534,1.0693506002426147
924,41.01282051282051,52,49,0.9301282051282052,-16.035994148378965,31.554981080691018,0.003299836767837405,4.312437534332275
925,46.90909090909091,44,40,0.9090909090909091,28.309152340920022,64.27348454793294,0.0032994889188557863,8.258224487304688
926,-5.702127659574472,94,83,0.8829787234042553,-32.956211859921375,59.27273009579823,0.0033058435656130314,10.90186595916748
927,-119.61085271317829,215,206,0.9538914728682171,-17.456514039665112,32.29538539862633,0.0032850930001586676,2.0628890991210938
928,40.95652173913044,46,40,0.8695652173913043,14.511905533323686,17.563884242375693,0.003285564249381423,7.815976619720459
929,-8.974603174603175,105,101,0.9602539682539682,45.64622176379338,166.73731993103027,0.0032864923123270273,6.2371063232421875
930,43.888888888888886,45,40,0.8888888888888888,21.289050670464835,36.96090869903564,0.0032845158129930496,3.9177277088165283
931,45.16,50,48,0.9516,-8.032178357060669,8.705239335641576,0.0032586143352091312,1.846762776374817
932,41.52287581699346,51,48,0.9252287581699347,-26.518750173401592,81.62199153900147,0.003259672550484538,6.0012407302856445
933,44.69333333333333,50,48,0.9469333333333333,-13.48440852970754,24.46059775352478,0.003260972909629345,6.308554649353027
934,-115.71090047393365,211,202,0.9528909952606635,-9.699025930573232,10.777764817563002,0.0032607882749289274,2.7132015228271484
935,40.95652173913044,46,40,0.8695652173913043,9.948033585151036,8.02591211348772,0.003247644053772092,0.5403851270675659
936,-3.7526881720430083,93,83,0.8924731182795699,-21.053188512363587,26.72310873590799,0.0032472312450408936,3.0271406173706055
937,59.33333333333334,24,20,0.8333333333333334,2.5779920541215686,1.0324438166814314,0.00324650970287621,2.979879379272461
938,-10.320754716981128,106,102,0.9567924528301887,45.83731711932551,167.16590762329102,0.0032460582442581654,1.3416640758514404
939,63.95652173913044,23,20,0.8695652173913043,16.542267135872194,32.15546525319417,0.0032125499565154314,3.8313863277435303
940,40.91358024691358,54,52,0.9491358024691358,6.668341268374216,6.132882434661345,0.0032005244866013527,8.508964538574219
941,-1.782608695652172,92,83,0.9021739130434783,-21.474541333066412,26.49967421489547,0.0031940187327563763,6.554858207702637
942,-5.702127659574472,94,83,0.8829787234042553,-43.668641582415646,101.82137130063222,0.003197556361556053,8.32788372039795
943,-8.134615384615387,104,100,0.9586538461538462,17.923536344894643,30.223958745896816,0.0031961919739842415,4.764368534088135
944,41.09876543209876,54,52,0.9509876543209876,-6.260852780427862,6.435993844429807,0.0031965661328285933,2.567586898803711
945,-3.7526881720430083,93,83,0.8924731182795699,-37.99194091941458,79.94964303932036,0.003197356592863798,3.4405202865600586
946,-115.86163522012578,212,204,0.9613836477987422,1.9399520073775203,3.155187283706968,0.0031992164440453053,4.794495582580566
947,59.33333333333334,24,20,0.8333333333333334,-9.396410965647858,8.916480791568755,0.003200339851900935,5.536444664001465
948,-119.5984496124031,215,206,0.954015503875969,-9.719895329521183,9.217229086325037,0.0031927977688610554,7.361799716949463
949,63.95652173913044,23,20,0.8695652173913043,11.42236642340819,14.960482756296793,0.0031924904324114323,3.4295785427093506
950,-119.5984496124031,215,206,0.954015503875969,-2.547765415967675,3.747343499035691,0.003192070871591568,2.8590097427368164
951,45.733333333333334,50,48,0.9573333333333334,7.192759091817675,7.1985226452350615,0.0031714236829429865,4.507870197296143
952,-117.23474178403755,213,204,0.9576525821596245,8.478545103851706,7.303054198689177,0.0031498135067522526,2.9292232990264893
953,-3.7526881720430083,93,83,0.8924731182795699,-25.963762533660216,40.17741480218359,0.0031460225582122803,4.117108345031738
954,63.95652173913044,23,20,0.8695652173913043,13.13562581539154,20.663238843282063,0.0031422872561961412,2.661487340927124
955,46.90909090909091,44,40,0.9090909090909091,35.40081520229578,100.09208552042644,0.003144362010061741,5.098522186279297
956,-112.2948717948718,208,200,0.9570512820512821,17.816011853576406,21.57513106119074,0.0031427727080881596,2.0632357597351074
957,43.888888888888886,45,40,0.8888888888888888,11.758497617517909,12.12779878973961,0.0031428528018295765,2.091205596923828
958,-115.03492063492064,210,200,0.9496507936507936,-7.970655638987198,6.499589460758725,0.003129956778138876,5.658726215362549
959,-12.214953271028037,107,102,0.9478504672897197,-2.1234944718927147,6.5219590812341774,0.0031294538639485836,1.1093765497207642
960,68.9090909090909,22,20,0.9090909090909091,4.908930611951898,3.368965144952138,0.0031295791268348694,1.454325795173645
961,-9.237179487179489,104,99,0.9476282051282051,-15.393838207667693,25.750503806114196,0.003110248129814863,4.719377040863037
962,63.95652173913044,23,20,0.8695652173913043,-12.743814389159281,19.189152415593465,0.0031156486365944147,10.221278190612793
963,-5.702127659574472,94,83,0.8829787234042553,-67.7834031438253,245.70057813039267,0.0031194507610052824,9.67745304107666
964,-3.7526881720430083,93,83,0.8924731182795699,-53.08967156391067,152.0696232500804,0.0031058911699801683,6.140444278717041
965,0.2087912087912116,91,83,0.9120879120879121,-24.533782585677372,35.00787190356886,0.0031065205112099648,3.9671404361724854
966,-118.15264797507788,214,206,0.9584735202492212,-1.3881030357647688,3.453592577029951,0.0031079088803380728,3.798980712890625
967,41.09876543209876,54,52,0.9509876543209876,5.888851264005603,5.047052472659076,0.0031085244845598936,2.8832626342773438
968,-8.134615384615387,104,100,0.9586538461538462,47.9117190318862,180.73458111572265,0.003181406296789646,37.38301086425781
969,-12.271028037383175,107,102,0.9472897196261683,39.485474868245426,125.46203014373779,0.003190533956512809,14.33292293548584
970,-119.5984496124031,215,206,0.954015503875969,-2.709233006253111,5.061040114121744,0.0031409170478582382,1.0431634187698364
971,68.9090909090909,22,20,0.9090909090909091,17.596311032554755,38.56641165415446,0.003136593848466873,3.388232707977295
972,-3.7526881720430083,93,83,0.8924731182795699,-33.46833851634259,63.498015583758374,0.0031402448657900095,7.9356608390808105
973,-118.6822429906542,214,204,0.9531775700934579,-16.24508448908152,18.741297079086305,0.0031421249732375145,4.743720054626465
974,-12.827160493827165,108,104,0.9517283950617283,10.174076094165601,12.507066411856561,0.003141618799418211,3.004638910293579
975,43.888888888888886,45,40,0.8888888888888888,-5.069111860745276,2.2400955761632457,0.0031125114765018225,0.6089285612106323
976,68.9090909090909,22,20,0.9090909090909091,5.8367608983224875,4.698651051521301,0.0031122497748583555,2.1434237957000732
977,-11.471698113207552,106,101,0.9452830188679245,-5.778993676070124,8.019668194581987,0.003110653255134821,2.8484256267547607
978,63.95652173913044,23,20,0.8695652173913043,-11.071747469428617,14.042696396509806,0.0027817822992801666,10.733360290527344
979,40.95652173913044,46,40,0.8695652173913043,-23.422955602407455,40.515283759435015,0.0027853702194988728,8.103750228881836
980,-3.7526881720430083,93,83,0.8924731182795699,-47.541510279638224,121.58894198007852,0.0027861481066793203,4.435799598693848
981,44.69333333333333,50,48,0.9469333333333333,-30.766095068771392,111.56855971018473,0.002800830639898777,15.196147918701172
982,-5.702127659574472,94,83,0.8829787234042553,-36.698116493093444,73.50243506374129,0.002541062654927373,1.7224326133728027
983,-109.54634146341463,205,196,0.9545365853658536,40.52333396346494,94.29517790985108,0.002571056131273508,25.69607925415039
984,63.95652173913044,23,20,0.8695652173913043,24.546422173827885,69.02951532999674,0.002581280656158924,13.403443336486816
985,59.33333333333334,24,20,0.8333333333333334,16.52122966895501,30.84341195424398,0.0025811106897890568,5.107880592346191
986,59.33333333333334,24,20,0.8333333333333334,19.150987363606692,38.64039789835612,0.0025919300969690084,14.641071319580078
987,-117.23474178403755,213,204,0.9576525821596245,19.85867201910168,23.298798583898808,0.0025582201778888702,6.82058048248291
988,68.9090909090909,22,20,0.9090909090909091,41.84078682344407,223.376065826416,0.00259221438318491,28.32586097717285
989,-3.7526881720430083,93,83,0.8924731182795699,-4.944512255280372,3.4843312656739727,0.0025882883928716183,1.0682801008224487
990,45.16,50,48,0.9516,9.402604045773236,12.807842790211241,0.002333207055926323,9.660808563232422
991,-5.702127659574472,94,83,0.8829787234042553,-30.542454905299298,51.39677754750692,0.0022120093926787376,8.838591575622559
992,40.814814814814824,54,52,0.9481481481481482,-5.252733363572043,4.5377446122157075,0.0022120382636785507,2.5820367336273193
993,-5.702127659574472,94,83,0.8829787234042553,-38.522288356238164,82.01306209028006,0.0019796486012637615,5.55424165725708
994,46.3611111111111,48,46,0.9436111111111111,-23.388711481688247,64.50581817626953,0.0019292666111141443,4.062434196472168
995,43.888888888888886,45,40,0.8888888888888888,11.31469368338585,10.900484722852706,0.0005908941966481507,3.4282355308532715
996,41.09876543209876,54,52,0.9509876543209876,2.181912155195702,1.847762970539649,0.0004301927983760834,1.3903254270553589
997,-112.2948717948718,208,200,0.9570512820512821,-22.194124419696628,32.54909990119934,0.00043525497312657535,12.213541030883789
998,43.888888888888886,45,40,0.8888888888888888,20.708303805068134,36.28552776972453,0.00043669581646099687,5.4482927322387695
999,-3.7526881720430083,93,83,0.8924731182795699,-11.863507213407612,10.241881030630395,0.0004334542027208954,1.9287787675857544
1000,-113.75279106858054,209,200,0.9524720893141946,-18.054645501162597,24.60693180847168,0.0004337755963206291,4.176987171173096
1001,63.95652173913044,23,20,0.8695652173913043,12.284157331784566,16.600412575403848,0.00043937331065535545,9.492072105407715
1002,63.95652173913044,23,20,0.8695652173913043,10.882070809602737,15.012221272786459,0.0004383660852909088,5.969346523284912
1003,-3.7526881720430083,93,83,0.8924731182795699,-4.685794609568894,3.583618793135659,0.0004363164771348238,1.6286276578903198
1004,-7.631578947368411,95,83,0.8736842105263158,-20.68450460855262,26.041260363107703,0.0004274184175301343,3.0192582607269287
1005,43.888888888888886,45,40,0.8888888888888888,24.730478096955146,53.071753613154094,0.0004348177171777934,12.091970443725586
1006,-7.631578947368411,95,83,0.8736842105263158,-19.674159735680583,23.90278273701189,0.0004327436035964638,1.2751723527908325
1007,63.95652173913044,23,20,0.8695652173913043,5.341233207968374,4.087561306357384,0.000432717555668205,1.1524200439453125
1008,44.359477124183016,51,49,0.9535947712418301,8.487217219455488,11.216249540715095,0.0004368731752038002,8.716211318969727
1009,45.16,50,48,0.9516,1.4998821977163364,1.5483760991077966,0.0004345084016676992,0.26051560044288635
1010,-8.782051282051285,104,100,0.9521794871794872,51.10436080318251,222.1508846435547,0.00043106175144203007,12.392271041870117
1011,-5.702127659574472,94,83,0.8829787234042553,-26.333098922388622,41.02424217898204,0.00042814185144379735,1.4622691869735718
1012,40.95652173913044,46,40,0.8695652173913043,-19.7022233551989,30.02141046524048,0.0004336176789365709,8.962063789367676
1013,-118.16510903426791,214,206,0.9583489096573209,3.263986570837238,3.4772251009522006,0.00043639144860208035,7.259169578552246
1014,63.95652173913044,23,20,0.8695652173913043,-15.699694037546093,30.56658674875895,0.0004693254013545811,22.972442626953125
1015,44.228758169934636,51,49,0.9522875816993464,-37.55274279440152,189.39010264078777,0.0004849961551371962,17.416622161865234
1016,40.95652173913044,46,40,0.8695652173913043,-20.018577704423418,30.22219561735789,0.00048553559463471174,3.605799436569214
1017,43.83660130718954,51,49,0.9483660130718954,-15.490902145827537,31.397856624921165,0.0004816908040083945,9.440672874450684
1018,-109.59186991869919,205,196,0.9540813008130081,33.925257073245945,67.54322235870362,0.0005069358157925308,20.73328399658203
1019,63.95652173913044,23,20,0.8695652173913043,10.808011734485627,14.887937386830648,0.0004770791856572032,1.865085244178772
1020,-118.6822429906542,214,204,0.9531775700934579,12.995883354506862,12.50577958548814,0.00047923310194164515,6.333012104034424
1021,46.90909090909091,44,40,0.9090909090909091,56.81099912424882,249.8815673828125,0.0004891902208328247,13.127389907836914
1022,63.95652173913044,23,20,0.8695652173913043,22.52815846328934,59.81076634724935,0.0005075193475931883,17.120149612426758
1023,68.9090909090909,22,20,0.9090909090909091,30.53795021381229,113.43482704162598,0.000513165257871151,9.708470344543457
1024,-3.7526881720430083,93,83,0.8924731182795699,-3.756369357079597,3.4535038844542836,0.0005121391732245684,1.2547752857208252
1025,63.95652173913044,23,20,0.8695652173913043,5.284474762280782,3.6596815923849744,0.0005098885740153491,5.626893520355225
1026,46.90909090909091,44,40,0.9090909090909091,15.02972814043363,19.356443659464517,0.0005038926610723138,4.367344856262207
1027,-10.377358490566039,106,102,0.9562264150943396,24.25075001093564,50.58781432551145,0.0005042959819547832,3.520268678665161
1028,41.062893081761004,53,51,0.94062893081761,-47.48784233388336,244.53513005574544,0.0008088094764389098,71.02120971679688
1029,-118.16510903426791,214,206,0.9583489096573209,-59.89389981157763,214.25684844970704,0.0013121436350047588,90.60456848144531
1030,-12.827160493827165,108,104,0.9517283950617283,11.188816278921731,17.133025260012133,0.0013116782065480947,1.1933215856552124
1031,-8.647435897435898,104,100,0.9535256410256411,12.402320380381392,17.783573500541504,0.0013118407223373652,2.7494101524353027
1032,68.9090909090909,22,20,0.9090909090909091,6.067193134361878,5.055387032032013,0.0013121566735208035,5.175970554351807
1033,46.90909090909091,44,40,0.9090909090909091,-3.7197637471113314,1.6472993354876961,0.001309238956309855,0.5165873169898987
1034,-1.782608695652172,92,83,0.9021739130434783,-29.587348487916362,51.55546189886499,0.0013095480389893055,2.755850315093994
1035,43.888888888888886,45,40,0.8888888888888888,-12.162421922882398,10.909487223625183,0.001310346880927682,4.370771884918213
1036,43.888888888888886,45,40,0.8888888888888888,-8.216315508385499,5.269575128083428,0.0013103687670081854,4.378937244415283
1037,43.888888888888886,45,40,0.8888888888888888,-1.7354163020318083,0.7875470866956069,0.0013096538605168462,0.7968550324440002
1038,-112.2948717948718,208,200,0.9570512820512821,7.514939637898467,6.081400515961228,0.001311157364398241,4.610807418823242
1039,63.95652173913044,23,20,0.8695652173913043,-5.116251170635223,3.0910203138987224,0.001311204512603581,3.069958209991455
1040,68.9090909090909,22,20,0.9090909090909091,11.059180507793402,16.262496503194175,0.0013061660574749112,2.2085776329040527
1041,43.888888888888886,45,40,0.8888888888888888,14.113812760294726,16.88289102713267,0.00130457931663841,2.30250883102417
1042,-11.710280373831779,107,103,0.9528971962616822,43.17993556296499,150.95866297149658,0.001311696832999587,12.606531143188477
1043,-108.12418300653596,204,196,0.9587581699346405,22.42493544222531,33.96370806026459,0.0013267813483253121,16.240875244140625
1044,-9.57142857142857,105,101,0.9542857142857143,22.12870083154738,46.36751572987437,0.0013310472713783383,8.446518898010254
1045,40.95652173913044,46,40,0.8695652173913043,-24.47807766199112,44.935773356755575,0.0013325021136552095,6.084650993347168
1046,-7.631578947368411,95,83,0.8736842105263158,-66.8578156582323,248.93437115159858,0.0013496509054675698,17.188013076782227
1047,63.95652173913044,23,20,0.8695652173913043,-16.751747834682465,31.624744828542074,0.0013483279617503285,2.5959532260894775
1048,-110.83252818035427,207,200,0.9616747181964573,-20.348789891048277,26.329608889341355,0.0013457328313961625,2.6542723178863525
1049,40.95652173913044,46,40,0.8695652173913043,-24.28215284347534,44.42957164446513,0.0013451798586174846,2.1094260215759277
1050,40.95652173913044,46,40,0.8695652173913043,-17.83291257812331,24.326048827171327,0.0013459431938827038,4.192992210388184
1051,43.888888888888886,45,40,0.8888888888888888,1.9334989795150856,1.010290056696734,0.0013448951067402959,2.0118281841278076
1052,44.69333333333333,50,48,0.9469333333333333,-12.032807559674712,18.712980874379475,0.001346185221336782,5.529186725616455
1053,-10.047619047619051,105,100,0.9495238095238095,28.937230282744334,74.29893605041504,0.0013680040137842298,19.571056365966797
1054,41.52564102564102,52,49,0.9352564102564103,2.3066308106763853,1.8208468325126888,0.0013692842330783606,5.589138031005859
1055,43.888888888888886,45,40,0.8888888888888888,28.40980911453565,64.07943312327068,0.0013678589602932334,2.48549747467041
1056,-5.702127659574472,94,83,0.8829787234042553,-24.011121340066076,34.26710649283535,0.0013683207798749208,3.71646785736084
1057,-14.715151515151518,110,105,0.9528484848484848,39.74649482678523,132.88027634429932,0.0013755864929407835,10.616175651550293
1058,-10.691823899371073,106,102,0.9530817610062893,28.695398689128282,73.86323166275024,0.0013955647591501474,19.496591567993164
1059,-112.2948717948718,208,200,0.9570512820512821,-26.481057703405618,41.422382137298584,0.0014159886632114649,18.782194137573242
1060,-10.880503144654085,106,101,0.9511949685534591,4.8444524168052014,8.3543752477956,0.0014169106725603342,3.7120401859283447
1061,43.73202614379085,51,49,0.9473202614379085,-24.824082991167234,78.96080032984416,0.0014153423253446817,2.3429954051971436
1062,41.062893081761004,53,51,0.94062893081761,-24.280587550454463,75.8006204287211,0.0014292721170932055,19.460683822631836
1063,-10.937694704049846,107,104,0.9606230529595016,9.289396540764967,11.944545978556683,0.001424115733243525,4.253152847290039
1064,-113.5805422647528,209,200,0.954194577352472,-30.66256503408917,58.30695169639587,0.0014270995743572712,8.807175636291504
1065,59.33333333333334,24,20,0.8333333333333334,-5.376697737971941,3.26796676615874,0.001425916445441544,2.108097553253174
1066,44.69333333333333,50,48,0.9469333333333333,4.00504287717243,3.0044036861965044,0.0014246804639697075,1.8742613792419434
1067,-8.134615384615387,104,100,0.9586538461538462,28.118502285784487,69.97161228561401,0.0014240990858525038,1.4576778411865234
1068,-3.7526881720430083,93,83,0.8924731182795699,-23.219931435872272,32.29375905109696,0.0013328446075320244,3.967003107070923
1069,41.09876543209876,54,52,0.9509876543209876,15.443833878520854,30.738639036814373,0.001322685508057475,0.9465082287788391
1070,40.814814814814824,54,52,0.9481481481481482,11.736013277371724,20.587927317619325,0.0013248655013740063,7.251018524169922
1071,38.1063829787234,47,40,0.851063829787234,9.130546432733535,7.2002478078007695,0.0013238629326224327,1.6858724355697632
1072,43.888888888888886,45,40,0.8888888888888888,24.525562965318873,49.494748465220134,0.0013196050422266126,4.712472438812256
1073,-113.5805422647528,209,200,0.954194577352472,-2.071187723338604,8.431723873298616,0.0013371602399274707,18.050561904907227
1074,-5.702127659574472,94,83,0.8829787234042553,-55.350972045616935,169.9606478894092,0.0013590315356850624,20.351655960083008
1075,63.95652173913044,23,20,0.8695652173913043,2.346431731681029,0.8947717670040826,0.0013589609880000353,1.0101478099822998
1076,-8.409523809523805,105,102,0.9659047619047619,5.226131986857876,5.710457464003295,0.0013582651736214757,0.16067156195640564
1077,-117.23474178403755,213,204,0.9576525821596245,-9.08535532131791,11.324647755377576,0.0013581742532551289,1.4299952983856201
1078,43.73202614379085,51,49,0.9473202614379085,-20.5109823706133,53.79434293111165,0.001362011069431901,16.468687057495117
1079,-3.7526881720430083,93,83,0.8924731182795699,-46.91390146153519,122.76262134720523,0.0013595420168712735,9.38038444519043
1080,40.95652173913044,46,40,0.8695652173913043,6.211266055144369,3.502241310228904,0.0013591173337772489,1.6450155973434448
1081,44.373333333333335,50,48,0.9437333333333333,-1.6286198633632618,0.8082757080683223,0.0013487715041264892,1.0424697399139404
1082,43.888888888888886,45,40,0.8888888888888888,29.771529361217592,73.16700016657511,0.0013572771567851305,13.805703163146973
1083,-112.90111642743221,209,201,0.9609888357256778,38.86417391100805,96.18960684204102,0.0013154109474271536,5.957494735717773
1084,41.09876543209876,54,52,0.9509876543209876,9.566689221157965,11.05395331569016,0.0013201639521867037,12.708784103393555
1085,-7.631578947368411,95,83,0.8736842105263158,-46.726419199901414,125.5744252645347,0.001332248910330236,12.85761547088623
1086,-109.36569579288026,206,200,0.9663430420711974,30.614456236072698,60.513122367858884,0.0013232158962637186,8.454161643981934
1087,-5.702127659574472,94,83,0.8829787234042553,-38.616730544222406,88.05625950763503,0.0013327435590326786,13.543200492858887
1088,-12.827160493827165,108,104,0.9517283950617283,15.159254239097237,24.038471873620264,0.001288282684981823,3.8358452320098877
1089,40.95652173913044,46,40,0.8695652173913043,17.274896933635077,23.860552604993185,0.0012964066118001938,10.302715301513672
1090,-115.86163522012578,212,204,0.9613836477987422,-19.45335570335036,33.31799592494965,0.0012932483805343509,3.8445932865142822
1091,-9.57142857142857,105,101,0.9542857142857143,11.031613969972357,15.548585544371047,0.0012894130777567625,1.7310484647750854
1092,-3.7526881720430083,93,83,0.8924731182795699,-35.96093710682478,72.12704195076203,0.0012970662210136652,11.576285362243652
1093,63.95652173913044,23,20,0.8695652173913043,14.479741700987022,25.546538575490317,0.0012969719246029854,5.440614223480225
1094,43.888888888888886,45,40,0.8888888888888888,21.860128871599834,39.125451739629106,0.0013015924487262964,9.60116195678711
1095,63.95652173913044,23,20,0.8695652173913043,10.608739444008098,14.028906313578288,0.0013017962919548154,3.967146635055542
1096,-5.702127659574472,94,83,0.8829787234042553,-52.02441741017453,154.282795488595,0.001331237144768238,22.029773712158203
1097,-110.08737864077669,206,198,0.959126213592233,-25.915901632451103,48.87110380744934,0.0013241084525361657,5.349611282348633
1098,46.06666666666666,50,49,0.9606666666666667,-4.476120942629253,3.64839811771332,0.001327279955148697,7.95347785949707
1099,-108.12418300653596,204,196,0.9587581699346405,-9.445148071926894,9.775716384389904,0.0013273757649585605,2.213256597518921
1100,-7.631578947368411,95,83,0.8736842105263158,-51.374047131902245,145.17813959083404,0.0013285864843055606,6.056836128234863
1101,43.73202614379085,51,49,0.9473202614379085,4.195250539193269,2.9057603187238175,0.0013222962152212858,1.9627678394317627
1102,-10.691823899371073,106,102,0.9530817610062893,30.13094064738415,80.20091048812866,0.001320821582339704,0.6119692325592041
1103,63.95652173913044,23,20,0.8695652173913043,17.38297450269262,36.10452178319295,0.0013262057909741998,8.874425888061523
1104,-5.702127659574472,94,83,0.8829787234042553,-28.476761148150366,47.246732803712405,0.0013268322218209505,4.71760368347168
1105,-119.61085271317829,215,206,0.9538914728682171,0.7110508935246617,7.052192805399769,0.0013191152829676867,1.3868767023086548
1106,43.888888888888886,45,40,0.8888888888888888,27.62279836361607,62.3939471244812,0.001320033217780292,3.7850255966186523
1107,46.90909090909091,44,40,0.9090909090909091,34.81903314051839,96.96771729787191,0.001322592026554048,5.867502689361572
1108,59.33333333333334,24,20,0.8333333333333334,-12.008877042929331,17.811916240056355,0.0013226971495896578,7.653800010681152
1109,44.69333333333333,50,48,0.9469333333333333,-15.139041035498183,33.22494462331136,0.001326154568232596,7.057148456573486
1110,-3.7526881720430083,93,83,0.8924731182795699,-36.04778232368599,73.29285155146955,0.0013173635816201568,1.1150720119476318
1111,63.95652173913044,23,20,0.8695652173913043,-2.7539668085674447,1.0035383481842777,0.001317303627729416,1.7156742811203003
1112,43.888888888888886,45,40,0.8888888888888888,11.160658888619704,10.920658439397812,0.0013119676150381565,0.7331576347351074
1113,63.95652173913044,23,20,0.8695652173913043,-0.8793613698333502,0.2878101128114698,0.001307738828472793,1.4402755498886108
1114,-112.2948717948718,208,200,0.9570512820512821,29.912577256000777,55.492464210510256,0.0012766540748998523,7.705629348754883
1115,-5.702127659574472,94,83,0.8829787234042553,-36.96167679917232,78.75581272538886,0.0012574056163430214,4.646615505218506
1116,-10.937694704049846,107,104,0.9606230529595016,30.6275956939999,84.35835069274903,0.0012599654728546739,7.338013172149658
1117,43.888888888888886,45,40,0.8888888888888888,8.151076317454377,6.164682183911403,0.0012533211847767234,1.7691712379455566
1118,40.95652173913044,46,40,0.8695652173913043,-6.971004029611747,4.033697992314895,0.0012237450573593378,2.9263951778411865
1119,-118.16510903426791,214,206,0.9583489096573209,-7.463042936925572,7.06081605751731,0.0012245031539350748,3.7011358737945557
1120,63.95652173913044,23,20,0.8695652173913043,-4.685917224540026,2.5185878187417985,0.0012212680885568261,1.328245759010315
1121,-9.57142857142857,105,101,0.9542857142857143,6.481175611419603,8.984610851542094,0.0012094402918592095,4.934619903564453
1122,-5.702127659574472,94,83,0.8829787234042553,-52.14666718890868,152.06070451851352,0.0011992277577519417,8.191444396972656
1123,38.369696969696975,55,52,0.9336969696969697,-27.311355447078675,90.53637062708536,0.0012059834552928805,14.06852912902832
1124,-115.78301886792453,212,204,0.9621698113207547,-3.0795926800420275,3.1241692451289853,0.0012059498112648726,0.6078909635543823
1125,-5.702127659574472,94,83,0.8829787234042553,-31.27231436111332,56.529166631430506,0.0012086426140740514,7.347408294677734
1126,68.9090909090909,22,20,0.9090909090909091,26.746667261825255,94.47679138183594,0.0012096930295228958,7.464726448059082
1127,63.95652173913044,23,20,0.8695652173913043,16.884140729904175,35.82618344624837,0.001209805952385068,3.3811540603637695
1128,-8.782051282051285,104,100,0.9521794871794872,44.282014418520035,172.23581398010253,0.000905191816855222,2.6074814796447754
1129,40.95652173913044,46,40,0.8695652173913043,18.62829197247823,28.746780514717102,0.00041170010808855295,5.5894551277160645
1130,40.91358024691358,54,52,0.9491358024691358,6.1730628062715365,5.83728067278862,0.0004133964248467237,5.270052433013916
1131,43.888888888888886,45,40,0.8888888888888888,10.230429201386869,9.281578854719799,0.0004135758790653199,3.1218409538269043
1132,43.888888888888886,45,40,0.8888888888888888,0.24713201799119514,0.6763688726146938,0.0004118838405702263,0.1232914999127388
1133,-11.710280373831779,107,103,0.9528971962616822,2.2925757488533853,5.268434302812442,0.0004119846853427589,1.5948481559753418
1134,40.95652173913044,46,40,0.8695652173913043,-27.980759015927713,59.77607692082723,0.0004123784601688385,3.731797218322754
1135,-117.23474178403755,213,204,0.9576525821596245,-28.050316658043677,49.58516117858887,0.0004137718060519546,6.464169979095459
1136,43.888888888888886,45,40,0.8888888888888888,-21.364935049818207,36.12574610710144,0.0004167518927715719,8.166522026062012
1137,43.83660130718954,51,49,0.9483660130718954,-40.59441987934212,230.99821891784669,0.00048413564218208194,33.25859069824219
1138,42.85620915032679,51,48,0.938562091503268,-29.32354816595713,108.6008898417155,0.00048386212438344955,3.4086530208587646
1139,-14.715151515151518,110,105,0.9528484848484848,33.37935082918664,97.02493301391601,0.00048751660506241024,8.064586639404297
1140,63.95652173913044,23,20,0.8695652173913043,16.96927704811096,38.20842123031616,0.0004950324073433876,11.105770111083984
1141,-113.75279106858054,209,200,0.9524720893141946,33.720748831272125,66.16383606147767,0.0005068480968475342,14.200752258300781
1142,40.814814814814824,54,52,0.9481481481481482,34.52576205458802,167.10963643391926,0.0006506700883619487,50.0036735534668
1143,44.373333333333335,50,48,0.9437333333333333,29.120897317212076,108.86485061645507,0.0006395263480953872,9.033535957336426
1144,-115.78301886792453,212,204,0.9621698113207547,11.168574962815793,9.118327855763956,0.0006345499423332512,0.6769580841064453
1145,-5.702127659574472,94,83,0.8829787234042553,-29.828195728930126,50.789452242564,0.0006444713217206299,14.765892028808594
1146,43.888888888888886,45,40,0.8888888888888888,25.054799513953427,47.199128198623654,0.0006341221742331982,11.716229438781738
1147,45.733333333333334,50,48,0.9573333333333334,-2.43066289278972,1.5523810102353308,0.0006341543630696833,1.8304336071014404
1148,43.888888888888886,45,40,0.8888888888888888,7.582238254944484,5.379214912404617,0.0006337620434351265,0.4412381052970886
1149,38.1063829787234,47,40,0.851063829787234,-20.700020511075856,34.41490434010824,0.0006661173538304865,22.31880760192871
1150,-12.271028037383175,107,102,0.9472897196261683,-18.505758113782473,35.27267970085144,0.000665182713419199,2.940563678741455
1151,-3.7526881720430083,93,83,0.8924731182795699,-55.92536810507257,174.40834759325386,0.0006650306168012321,2.688525676727295
1152,-119.5984496124031,215,206,0.954015503875969,-63.35217488479614,244.23467669677734,0.0006712856702506542,11.87003231048584
1153,68.9090909090909,22,20,0.9090909090909091,16.504391820915043,34.19691569010417,0.0006515857530757785,5.881658554077148
1154,43.888888888888886,45,40,0.8888888888888888,13.989799668205281,15.84311370452245,0.0006508983788080513,3.8965072631835938
1155,43.73202614379085,51,49,0.9473202614379085,-4.663073631624381,3.2073018764766554,0.0006505635683424771,1.2748162746429443
1156,-7.653846153846146,104,101,0.9634615384615385,26.815384285132485,68.0446008758545,0.0006499178125523031,0.7250486016273499
1157,40.95652173913044,46,40,0.8695652173913043,10.424471618731816,9.21171768506368,0.0006446105544455349,5.506834030151367
1158,-111.55072463768116,207,198,0.9544927536231884,12.75918313364363,12.322172066661645,0.0006235341425053775,5.359862327575684
1159,46.90909090909091,44,40,0.9090909090909091,25.38183077205904,54.6603710492452,0.0006227873964235187,18.389816284179688
1160,-8.647435897435898,104,100,0.9535256410256411,7.741162813432049,9.370136824225309,0.0006219412898644805,2.2023890018463135
1161,63.95652173913044,23,20,0.8695652173913043,-9.28346732960393,9.488773814837138,0.000621956423856318,2.122795581817627
1162,-8.782051282051285,104,100,0.9521794871794872,-7.918041768620228,10.574265498413704,0.0005998596316203475,2.358445882797241
1163,-10.691823899371073,106,102,0.9530817610062893,-9.108316530689597,11.370870476000185,0.0006000858265906572,5.0916523933410645
1164,43.888888888888886,45,40,0.8888888888888888,-13.392539993819081,13.609056027730306,0.0005985181778669357,7.526555061340332
1165,43.73202614379085,51,49,0.9473202614379085,-34.839088898897174,167.10230089823406,0.0006068009533919394,11.476804733276367
1166,41.09876543209876,54,52,0.9509876543209876,-17.319469825963825,38.3211722056071,0.0006122302729636431,9.849635124206543
1167,43.73202614379085,51,49,0.9473202614379085,-6.008514269352115,5.771323842803637,0.000614000775385648,5.3205156326293945
1168,-3.7526881720430083,93,83,0.8924731182795699,-16.09307933320482,16.564117051511406,0.0006142986821942031,4.558503150939941
1169,43.888888888888886,45,40,0.8888888888888888,44.90787098258734,163.49361216227214,0.0006151424022391438,4.325580596923828
1170,-119.61085271317829,215,206,0.9538914728682171,38.24994218710065,87.17704483687878,0.0006275380146689713,15.5526704788208
1171,-110.83252818035427,207,200,0.9616747181964573,55.46003501948109,191.82927221679688,0.0006402448052540421,14.608176231384277
1172,42.85620915032679,51,48,0.938562091503268,28.82887245280047,120.6289660135905,0.0007707919576205313,46.73615264892578
1173,40.95652173913044,46,40,0.8695652173913043,36.9865198969841,103.1210812886556,0.0007942566880956292,26.00151824951172
1174,40.95652173913044,46,40,0.8695652173913043,25.156791750590006,54.484129110972084,0.0007750457152724266,9.439374923706055
1175,43.888888888888886,45,40,0.8888888888888888,22.212521250289864,41.23188440004984,0.0007762494497001171,4.561235427856445
1176,-112.2948717948718,208,200,0.9570512820512821,-54.82541806817055,183.3638611755371,0.0007817533914931118,9.839692115783691
1177,45.16,50,48,0.9516,-28.04450735935146,106.67736072540283,0.0007863004575483501,8.407958030700684
1178,63.95652173913044,23,20,0.8695652173913043,-1.6698186530886838,0.43133011129903026,0.0007703076116740704,0.5901867747306824
1179,-118.16510903426791,214,206,0.9583489096573209,-79.45399143505097,387.3931053466797,0.0007954108295962214,22.448152542114258
1180,63.95652173913044,23,20,0.8695652173913043,-2.3780110464741786,0.7715644600141484,0.000795364729128778,0.6891078948974609
1181,-5.702127659574472,94,83,0.8829787234042553,-58.94353614107193,200.35977681477866,0.0008022234542295337,10.312054634094238
1182,-9.541666666666657,96,83,0.8645833333333334,-69.16524067844253,265.6870469549095,0.0007963352254591882,9.580864906311035
1183,63.95652173913044,23,20,0.8695652173913043,7.4947681126844445,7.040827775001526,0.0007958415662869811,5.184677600860596
1184,-11.710280373831779,107,103,0.9528971962616822,35.721094840049744,110.91103383636475,0.0007897056057117879,8.005285263061523
1185,63.95652173913044,23,20,0.8695652173913043,18.059832618571818,39.90042359034221,0.0007811894174665213,5.779867172241211
1186,-7.631578947368411,95,83,0.8736842105263158,-26.191242051411823,40.867277126235656,0.0007786148344166577,4.750288009643555
1187,-8.974603174603175,105,101,0.9602539682539682,51.54120571597111,238.0953560180664,0.0007697061519138515,6.592268466949463
1188,44.373333333333335,50,48,0.9437333333333333,7.183434882697651,7.834910955885425,0.000768830650486052,0.8423343896865845
1189,-14.715151515151518,110,105,0.9528484848484848,31.379746242794763,93.28881237792969,0.0007655789377167821,8.145207405090332
1190,-10.320754716981128,106,102,0.9567924528301887,18.012980671405792,29.99532323527336,0.0007860707119107246,18.908241271972656
1191,-108.12418300653596,204,196,0.9587581699346405,21.727624663198696,32.21897180747986,0.0007862554048188031,2.494166374206543
1192,59.33333333333334,24,20,0.8333333333333334,-29.436487332979837,106.14903958638509,0.0007964965770952404,16.936542510986328
1193,-8.134615384615387,104,100,0.9586538461538462,-33.350842535043135,102.19020623779296,0.0007992094033397734,8.732414245605469
1194,68.9090909090909,22,20,0.9090909090909091,-4.75143378211069,2.795427083969116,0.0007934613386169076,1.1074751615524292
1195,43.83660130718954,51,49,0.9483660130718954,-67.79801997041116,638.1178263346354,0.000801422109361738,11.792189598083496
1196,-3.7526881720430083,93,83,0.8924731182795699,-68.44201341809996,258.703193266229,0.0007754673133604228,7.638906955718994
1197,44.69333333333333,50,48,0.9469333333333333,-23.590941907123973,82.02395836512248,0.0007781041203998029,8.038298606872559
1198,-3.7526881720430083,93,83,0.8924731182795699,-24.43502921841096,36.245570581122095,0.0007755135302431881,4.604177474975586
1199,-3.7526881720430083,93,83,0.8924731182795699,-0.9061025322029689,1.659765338004671,0.0007751608500257134,0.6134850382804871
1200,40.95652173913044,46,40,0.8695652173913043,63.003955078125,315.0971918741862,0.0007755697588436306,7.171926975250244
1201,40.95652173913044,46,40,0.8695652173913043,71.74840658505758,432.1582229614258,0.0008313865982927382,30.432342529296875
1202,-5.702127659574472,94,83,0.8829787234042553,25.901138891656714,37.21555169614922,0.0008343784720636904,6.468440532684326
1203,40.95652173913044,46,40,0.8695652173913043,75.40619565645854,461.87604497273765,0.0008433336042799056,14.877274513244629
1204,68.9090909090909,22,20,0.9090909090909091,77.93389798949163,775.9252217610677,0.0010036345338448882,51.91163635253906
1205,63.95652173913044,23,20,0.8695652173913043,48.4575164159139,296.5063435872396,0.001022282405756414,18.313390731811523
1206,-9.57142857142857,105,101,0.9542857142857143,31.35292727309761,98.63452251434326,0.0010275538079440594,11.358397483825684
1207,46.90909090909091,44,40,0.9090909090909091,21.8023437778155,40.99886525472005,0.0010258349357172847,5.582295894622803
1208,-7.631578947368411,95,83,0.8736842105263158,-82.15862077307031,392.14548746744794,0.00105232372879982,21.446674346923828
1209,40.95652173913044,46,40,0.8695652173913043,-43.65719639460246,153.1351874669393,0.0010547307319939137,9.158600807189941
1210,47.625850340136054,49,48,0.9662585034013605,-68.54044454634474,699.8622360229492,0.0010691654169932008,16.572797775268555
1211,-112.79904306220095,209,202,0.9620095693779904,-73.15379188336085,334.8529270019531,0.0010778619907796383,11.82468032836914
1212,-106.65188834154353,203,196,0.9634811165845648,-44.57000836542249,130.4530495529175,0.0010816340800374746,6.545668125152588
1213,63.95652173913044,23,20,0.8695652173913043,9.045527503639459,10.59385577837626,0.001084551913663745,5.655106544494629
1214,-9.541666666666657,96,83,0.8645833333333334,-78.14789658107132,348.4174013559119,0.00108841503970325,9.276871681213379
1215,-7.631578947368411,95,83,0.8736842105263158,-50.8657909492891,156.91701982490508,0.00111392664257437,19.976242065429688
1216,-9.811320754716988,106,103,0.9618867924528302,42.90189713041716,171.9809201965332,0.0011151699582114816,9.712967872619629
1217,63.95652173913044,23,20,0.8695652173913043,33.53277595665616,142.1934757232666,0.0011159005807712674,3.991990089416504
1218,40.95652173913044,46,40,0.8695652173913043,33.597495978077255,90.9656860669454,0.0011213702382519841,9.354117393493652
1219,-112.2948717948718,208,200,0.9570512820512821,74.28153946538845,347.0099256591797,0.0011205906048417091,2.478719472885132
1220,-8.784126984126985,105,102,0.9621587301587302,62.242604060154,371.4179906616211,0.0011258405866101384,10.29750919342041
1221,-5.702127659574472,94,83,0.8829787234042553,-23.917585553474215,36.01308532316522,0.0011260478058829904,3.5812273025512695
1222,-116.70266040688576,213,206,0.9629733959311424,15.67075869949162,17.35683246147679,0.001121806213632226,2.980308771133423
1223,44.359477124183016,51,49,0.9535947712418301,-15.828956870769797,37.75605650742849,0.0011133361840620637,6.321044445037842
1224,59.33333333333334,24,20,0.8333333333333334,3.4133819699287415,2.043024455010891,0.001113327220082283,0.7540138959884644
1225,-8.782051282051285,104,100,0.9521794871794872,-10.921556387111545,17.05036721723259,0.001113279489800334,7.578254222869873
1226,43.87179487179486,52,51,0.9587179487179487,-23.997583116668586,95.92074867884318,0.0011591830989345908,27.42839813232422
1227,-114.28253968253969,210,202,0.9571746031746031,-46.761806728363034,153.11397984313965,0.0011652273824438453,9.884363174438477
1228,-111.43910256410257,208,201,0.9656089743589743,-30.2023868309635,67.29081506729126,0.0011652809334918857,2.706291437149048
1229,59.33333333333334,24,20,0.8333333333333334,1.9133744771281878,0.8375428838655352,0.001162995700724423,1.4959096908569336
1230,-8.466666666666669,105,102,0.9653333333333334,9.393425098950445,15.93549382652255,0.0011611018562689424,1.4633172750473022
1231,45.733333333333334,50,48,0.9573333333333334,-17.260452843579937,37.7553288936615,0.0011633181711658835,7.764173984527588
1232,-12.827160493827165,108,104,0.9517283950617283,-4.849532645612955,9.168219049156644,0.0011633672984316945,1.8493263721466064
1233,68.9090909090909,22,20,0.9090909090909091,44.335843470327866,256.1781842549642,0.0011677687289193273,8.319260597229004
1234,43.888888888888886,45,40,0.8888888888888888,25.84050482312838,57.845304266611734,0.0011685772333294153,5.831197738647461
1235,40.95652173913044,46,40,0.8695652173913043,15.009888928880294,19.28596444527308,0.0011672807158902287,4.681788444519043
1236,-112.79904306220095,209,202,0.9620095693779904,22.707022194979537,34.41738198720105,0.0011629456421360373,2.3909599781036377
1237,40.95652173913044,46,40,0.8695652173913043,9.674160329500834,9.141057866811753,0.0010908626718446612,0.08219436556100845
1238,-5.702127659574472,94,83,0.8829787234042553,-40.82855609909119,96.21797763870423,0.0010907921241596341,2.993272304534912
1239,47.625850340136054,49,48,0.9662585034013605,-5.489270905960207,6.140183502717991,0.0010881238849833608,5.183688640594482
1240,42.294117647058826,51,48,0.9329411764705883,-21.0653944894361,52.37369906107585,0.001113009755499661,23.253623962402344
1241,-114.28253968253969,210,202,0.9571746031746031,10.378067349022905,9.598927731005592,0.0010982378153130412,2.279761791229248
1242,63.95652173913044,23,20,0.8695652173913043,19.231230808359882,45.477654457092285,0.000951889727730304,3.7060341835021973
1243,63.95652173913044,23,20,0.8695652173913043,18.59519031047821,44.4768430074056,0.0009482511086389422,2.901014566421509
1244,63.95652173913044,23,20,0.8695652173913043,16.532924262682595,34.35604953765869,0.0009535716963000596,8.59192943572998
1245,63.95652173913044,23,20,0.8695652173913043,12.950244413223118,22.98309259414673,0.0009463501628488302,8.608325958251953
1246,-5.702127659574472,94,83,0.8829787234042553,-40.987654629122304,98.64456003641028,0.0009371532360091805,2.2108287811279297
1247,-14.715151515151518,110,105,0.9528484848484848,17.95632916033268,37.88478940339258,0.0009402362047694623,6.911461353302002
1248,40.814814814814824,54,52,0.9481481481481482,-11.203845661302573,18.837347920735677,0.000956006464548409,15.82888412475586
1249,43.888888888888886,45,40,0.8888888888888888,4.845173465708892,3.668485350968937,0.0009236937039531767,0.9305439591407776
1250,-7.317152103559877,103,99,0.9568284789644013,16.060807105283253,28.655011751476863,0.0009281633538194001,8.064315795898438
1251,43.888888888888886,45,40,0.8888888888888888,1.633526042367642,1.7209671489797378,0.0009278289508074522,0.5112156867980957
1252,63.95652173913044,23,20,0.8695652173913043,-6.304782750705878,4.380476376414299,0.0009222180815413594,6.728255748748779
1253,42.85620915032679,51,48,0.938562091503268,-30.838307575136422,123.49713865915935,0.0009209476411342621,4.71828031539917
1254,-114.40600315955766,211,204,0.9659399684044234,-10.66819847879848,52.58354349510104,0.0009283116087317467,11.246950149536133
1255,43.888888888888886,45,40,0.8888888888888888,10.671972687045733,11.394405951102575,0.0009288183646276593,2.53830623626709
1256,-7.631578947368411,95,83,0.8736842105263158,-44.177804423742984,111.51878174624768,0.0009291821625083685,2.799696922302246
1257,-3.7526881720430083,93,83,0.8924731182795699,-19.630006726965846,25.666387608731128,0.0009274295880459249,3.32897686958313
1258,59.33333333333334,24,20,0.8333333333333334,0.7849420171851913,0.5265607311700781,0.0009261461091227829,0.954466700553894
1259,68.9090909090909,22,20,0.9090909090909091,35.459962198138236,146.50188522338868,0.0009437897242605686,24.324228286743164
1260,-10.880503144654085,106,101,0.9511949685534591,52.12647733755037,252.56161233520507,0.0009437583503313363,1.9700335264205933
1261,68.9090909090909,22,20,0.9090909090909091,25.544960244496664,81.60989125569661,0.000956754491198808,14.479540824890137
1262,-10.937694704049846,107,104,0.9606230529595016,34.88595344723665,111.14308159637451,0.0009731523459777236,16.558109283447266
1263,-3.7526881720430083,93,83,0.8924731182795699,-41.28326912346225,96.89407959903579,0.000982244499027729,13.106898307800293
1264,43.888888888888886,45,40,0.8888888888888888,-13.1601180250446,13.53430342078209,0.0009787087328732014,1.2094305753707886
1265,43.83660130718954,51,49,0.9483660130718954,-43.101825755083944,270.87950223286947,0.0010689531918615103,40.14413070678711
1266,44.359477124183016,51,49,0.9535947712418301,-35.78201023492293,175.66205196380616,0.001068153535015881,10.17502212524414
1267,-5.702127659574472,94,83,0.8829787234042553,-51.05747180659488,152.8768692323003,0.0010874238796532154,18.977813720703125
1268,44.69333333333333,50,48,0.9469333333333333,-3.8062736479652814,3.891899797148047,0.0010860427282750607,1.6803574562072754
1269,-5.702127659574472,94,83,0.8829787234042553,-21.459388825668388,28.869343324837434,0.0010856302687898278,4.52562141418457
1270,-112.79904306220095,209,202,0.9620095693779904,48.347582722943336,144.86591904902457,0.001074674422852695,5.912929058074951
1271,-5.702127659574472,94,83,0.8829787234042553,4.435068240804395,4.047276235514648,0.0010606031864881516,1.2808829545974731
1272,-9.177777777777777,105,101,0.9582222222222222,83.67973757845652,589.1348489379883,0.0009261773084290326,8.532419204711914
1273,59.33333333333334,24,20,0.8333333333333334,33.002475173274675,136.61603724161785,0.0009095167042687535,18.070938110351562
1274,63.95652173913044,23,20,0.8695652173913043,37.05610156059265,173.73503977457682,0.0009064701152965426,7.262683868408203
1275,43.83660130718954,51,49,0.9483660130718954,20.245541548338846,55.05304670333862,0.0009066550410352647,5.967113971710205
1276,-117.3129890453834,213,204,0.9568701095461659,-46.611611085891724,151.76383624267578,0.0009044352918863297,9.787836074829102
1277,43.888888888888886,45,40,0.8888888888888888,8.600062096491456,8.649344318670531,0.000902214553207159,4.0155534744262695
1278,63.95652173913044,23,20,0.8695652173913043,-7.04323214913408,5.777892530957858,0.0009024061146192253,2.8228766918182373
1279,63.95652173913044,23,20,0.8695652173913043,-12.943708068008224,19.27578264872233,0.0008807675330899656,12.17900562286377
1280,-108.07843137254902,204,196,0.9592156862745098,-57.520258315139245,210.45034327697755,0.0008857733337208629,10.040948867797852
1281,43.888888888888886,45,40,0.8888888888888888,-27.95422727536255,58.29130104382833,0.0008828144636936486,5.858922958374023
1282,-10.880503144654085,106,101,0.9511949685534591,-28.167290878534317,76.45899782943725,0.0008939675171859562,16.14653968811035
1283,-9.811320754716988,106,103,0.9618867924528302,14.551501209449064,27.085417601648718,0.0009063362376764417,14.079970359802246
1284,63.95652173913044,23,20,0.8695652173913043,42.68192949295044,217.35160013834636,0.0009082668111659586,9.826935768127441
1285,-8.784126984126985,105,102,0.9621587301587302,12.95398188840583,21.24981806417182,0.0009062611497938633,0.9715967774391174
1286,43.888888888888886,45,40,0.8888888888888888,3.1488386645913122,1.6391859160915676,0.0009052662062458694,0.796103298664093
1287,63.95652173913044,23,20,0.8695652173913043,-10.432286496336262,12.316612497965496,0.0009044413454830647,4.703104496002197
1288,40.95652173913044,46,40,0.8695652173913043,-36.79230780601502,108.16796340942383,0.000939163553994149,24.383455276489258
1289,63.95652173913044,23,20,0.8695652173913043,-18.02855492035548,35.657974847157796,0.0009372520726174116,6.190943241119385
1290,68.9090909090909,22,20,0.9090909090909091,2.0409187142931233,1.1284726734234332,0.0009138114401139319,0.8029412627220154
1291,-5.702127659574472,94,83,0.8829787234042553,-82.5945696696699,372.5349641363305,0.0009240750223398209,12.433448791503906
1292,68.9090909090909,22,20,0.9090909090909091,17.345525816331307,38.609348678588866,0.0009171996498480439,12.990599632263184
1293,43.888888888888886,45,40,0.8888888888888888,9.199109050631524,8.405812259018422,0.0009122919873334467,3.9995949268341064
1294,-10.320754716981128,106,102,0.9567924528301887,3.1045487418694537,6.289613594038892,0.0009124383796006441,0.9733965992927551
1295,-117.3129890453834,213,204,0.9568701095461659,3.9806789623945953,23.399784939977806,0.0009054691763594747,2.6311826705932617
1296,59.33333333333334,24,20,0.8333333333333334,-0.9152306921780109,0.5443868211645168,0.0009011051733978093,0.11745622009038925
1297,-14.61212121212121,110,106,0.9538787878787879,17.635070564623863,32.90331322205067,0.0008981986902654171,3.7773258686065674
1298,-11.710280373831779,107,103,0.9528971962616822,12.339856939335824,17.24397812492307,0.0008972699870355427,0.498341828584671
1299,63.95652173913044,23,20,0.8695652173913043,6.769630165894826,5.852510464191437,0.0008982325089164078,3.5761878490448
1300,40.95652173913044,46,40,0.8695652173913043,-5.562377990151098,2.464347286186724,0.0008948690956458449,2.0815951824188232
1301,63.95652173913044,23,20,0.8695652173913043,-3.2504259892273693,1.4050706173836565,0.0008353784796781838,1.0438215732574463
1302,68.9090909090909,22,20,0.9090909090909091,8.543149323761464,9.137277173995972,0.0008351876167580485,4.650905609130859
1303,-12.271028037383175,107,102,0.9472897196261683,-23.47083571936935,52.5059827580452,0.000823706213850528,3.0624752044677734
1304,-108.07843137254902,204,196,0.9592156862745098,3.0429540376507758,15.503979153077468,0.000650838715955615,1.137097954750061
1305,-7.631578947368411,95,83,0.8736842105263158,-73.42540462907539,300.4181988574415,0.0006295819766819477,7.133640289306641
1306,40.91358024691358,54,52,0.9491358024691358,-18.81691768557842,48.68511420885722,0.0006209135754033923,3.5799856185913086
1307,-109.54634146341463,205,196,0.9545365853658536,20.85543456413153,30.456454968854786,0.0006263472605496645,13.320735931396484
1308,-10.377358490566039,106,102,0.9562264150943396,27.73216884647546,72.08710245513916,0.0006064564222469926,7.25473690032959
1309,43.888888888888886,45,40,0.8888888888888888,31.95624811714903,84.76535285313925,0.0006096363067626953,9.385720252990723
1310,-7.631578947368411,95,83,0.8736842105263158,-38.79911050834809,85.12932359932896,0.0005901785916648805,3.884268283843994
1311,-9.177777777777777,105,101,0.9582222222222222,32.58117918626376,91.50449631881713,0.000581607164349407,1.37288498878479
1312,43.888888888888886,45,40,0.8888888888888888,26.13898851374785,53.32534468968709,0.0005841539823450148,7.895275115966797
1313,63.95652173913044,23,20,0.8695652173913043,3.8347882966200513,2.432911476989587,0.0005832375027239323,0.6503171920776367
1314,44.228758169934636,51,49,0.9522875816993464,-13.224035514805182,23.432254536946616,0.0005820178776048124,5.290813446044922
1315,59.33333333333334,24,20,0.8333333333333334,-19.832706563919782,46.03076229095459,0.0005625463090837002,7.215753078460693
1316,43.888888888888886,45,40,0.8888888888888888,1.1979584791697562,0.7359683738783739,0.0005553906667046249,0.2602485716342926
1317,-108.12418300653596,204,196,0.9587581699346405,-27.847195289582015,49.309581081390384,0.0005548105109483004,2.5053882598876953
1318,43.87179487179486,52,51,0.9587179487179487,-8.140499517073476,10.437136731940942,0.0005505086737684906,1.877910852432251
1319,63.95652173913044,23,20,0.8695652173913043,1.7625734920613467,0.7431152548255341,0.0005506551242433488,2.7011749744415283
1320,-9.177777777777777,105,101,0.9582222222222222,14.199739964889856,21.97059485042468,0.0005428014555945992,2.1391096115112305
1321,40.95652173913044,46,40,0.8695652173913043,5.340399988880381,2.7400739526182103,0.0005424634437076747,0.41231557726860046
1322,40.95652173913044,46,40,0.8695652173913043,5.180541001756986,2.727137544223418,0.0005423491238616407,2.278399705886841
1323,43.888888888888886,45,40,0.8888888888888888,14.837388159831365,18.812435094515482,0.0005440915119834244,6.147116661071777
1324,-10.047619047619051,105,100,0.9495238095238095,4.69271675811708,10.795543357854825,0.0005440625827759504,2.0834689140319824
1325,63.95652173913044,23,20,0.8695652173913043,0.27840341473929586,0.24515629328695165,0.0005414318293333054,0.956954300403595
1326,-112.2948717948718,208,200,0.9570512820512821,-6.790735027386123,12.236413310541073,0.000499709858559072,4.042934894561768
1327,-10.047619047619051,105,100,0.9495238095238095,-5.978947987397434,11.784351690670853,0.0004949660506099463,1.8373478651046753
1328,-1.782608695652172,92,83,0.9021739130434783,-37.61806762912666,83.55842418747255,0.000495017331559211,1.6962594985961914
1329,41.09876543209876,54,52,0.9509876543209876,-13.360253285139576,24.358455606301625,0.0004968621069565415,5.231975078582764
1330,63.95652173913044,23,20,0.8695652173913043,0.9841976712302615,0.3954732266829524,0.0004969462170265615,1.0088392496109009
1331,-108.12418300653596,204,196,0.9587581699346405,23.5681437537592,35.365896133304105,0.0004937523626722395,3.8225646018981934
1332,63.95652173913044,23,20,0.8695652173913043,7.519112392344201,7.658284147580464,0.00049349304754287,1.9556416273117065
1333,-11.432989690721655,97,83,0.8556701030927835,-57.735714464302525,187.95845534236557,0.0005049227620474994,15.36231517791748
1334,-14.715151515151518,110,105,0.9528484848484848,32.06397709178925,92.11263636398316,0.0005024918355047703,1.4442039728164673
1335,43.83660130718954,51,49,0.9483660130718954,16.076898579184974,36.72066005865733,0.0005029680323787034,4.596273899078369
1336,-8.974603174603175,105,101,0.9602539682539682,32.317323832426,92.0175150604248,0.0005135071114636958,13.1582612991333
1337,68.9090909090909,22,20,0.9090909090909091,25.910638443489248,76.04550673166911,0.0005315094022080302,17.686723709106445
1338,-5.702127659574472,94,83,0.8829787234042553,-47.937529609864015,128.46357368561158,0.0005309905391186476,2.7186741828918457
1339,43.888888888888886,45,40,0.8888888888888888,1.5159674817419728,0.8355138794830661,0.0005288722459226847,0.9914237260818481
1340,-9.57142857142857,105,101,0.9542857142857143,-9.02021903054393,12.944915745023522,0.0004939705831930041,2.1687517166137695
1341,43.888888888888886,45,40,0.8888888888888888,-11.063833406598617,9.217266823848089,0.0004947915440425277,3.9160585403442383
1342,63.95652173913044,23,20,0.8695652173913043,-13.227769167356504,18.341855144500734,0.0004961580852977931,4.865968227386475
1343,43.73202614379085,51,49,0.9473202614379085,-34.45855949575392,157.40188128153483,0.0005003892001695931,8.144148826599121
1344,-6.857605177993534,103,100,0.9614239482200647,1.5340198888146843,6.591401053116657,0.0004970948211848736,2.3908636569976807
1345,43.888888888888886,45,40,0.8888888888888888,12.658613427352005,13.6278205315272,0.0004935304750688374,2.3641200065612793
1346,40.95652173913044,46,40,0.8695652173913043,9.601367382208506,8.360480717817943,0.0004935429897159338,2.2736406326293945
1347,63.95652173913044,23,20,0.8695652173913043,11.13213713740309,17.122528092066446,0.0004947897978127003,7.2860565185546875
1348,63.95652173913044,23,20,0.8695652173913043,12.653253430624803,21.133127800623576,0.0004873938742093742,10.894753456115723
1349,-9.57142857142857,105,101,0.9542857142857143,18.620870139863342,36.16071176981926,0.0004874494334217161,1.0362446308135986
1350,-9.57142857142857,105,101,0.9542857142857143,14.563552385102026,24.03683171642176,0.00048391029122285545,1.6275161504745483
1351,44.228758169934636,51,49,0.9522875816993464,1.566899108248011,1.3479035805736204,0.0004843524075113237,2.5951898097991943
1352,40.814814814814824,54,52,0.9481481481481482,-3.0525312058239553,2.0973633044822537,0.0004814493586309254,0.25905612111091614
1353,68.9090909090909,22,20,0.9090909090909091,13.092684454175954,22.38827590942383,0.00048255646834149957,6.310783386230469
1354,40.95652173913044,46,40,0.8695652173913043,-9.643425930089627,7.240765095750491,0.0004753248067572713,2.7245237827301025
1355,-5.702127659574472,94,83,0.8829787234042553,-61.704641277052794,208.34372983878876,0.00047774516860954463,6.494349002838135
1356,-112.2948717948718,208,200,0.9570512820512821,-42.414865609645844,116.8256593093872,0.00048699788749217987,12.67886734008789
1357,-3.7526881720430083,93,83,0.8924731182795699,-41.126047988493276,98.41857271309358,0.00048714614240452647,3.6143581867218018
1358,63.95652173913044,23,20,0.8695652173913043,-2.5333462017277877,0.8278261805945173,0.00048742713988758624,2.0778629779815674
1359,-114.35873015873017,210,201,0.9564126984126984,7.716576795447618,7.479392742200522,0.0004511843144427985,0.6308743357658386
1360,-9.237179487179489,104,99,0.9476282051282051,24.710062801713132,54.32903116071224,0.00046499562449753284,15.118854522705078
1361,41.52564102564102,52,49,0.9352564102564103,9.203628814368615,12.951793126265208,0.00045258886530064046,2.6880874633789062
1362,43.18300653594771,51,49,0.9418300653594771,11.530898904924591,19.41148391018311,0.00043822795851156116,6.559903144836426
1363,-7.631578947368411,95,83,0.8736842105263158,-35.33152588495768,77.11942170231218,0.0004441299824975431,16.3557186126709
1364,-10.880503144654085,106,101,0.9511949685534591,27.00684486533329,67.02825799369812,0.00044565220014192164,5.305694103240967
1365,59.33333333333334,24,20,0.8333333333333334,-14.715116930007934,25.685083850224814,0.0003614095621742308,15.509263038635254
1366,40.95652173913044,46,40,0.8695652173913043,8.519291005531947,7.049678805470466,0.0003548953391145915,0.3647390604019165
1367,43.888888888888886,45,40,0.8888888888888888,15.672819531957309,21.577845482031503,0.000332547293510288,2.7229700088500977
1368,-12.827160493827165,108,104,0.9517283950617283,13.980773751838948,21.985139528214173,0.0003331378393340856,3.7392780780792236
1369,63.95652173913044,23,20,0.8695652173913043,-11.984592382113139,18.056544399261476,0.00033386307768523693,5.365450859069824
1370,43.888888888888886,45,40,0.8888888888888888,-3.354709868784994,1.3358480274174023,0.0003321528492961079,2.263375997543335
1371,-10.880503144654085,106,101,0.9511949685534591,-5.132638083845144,7.342440589527658,0.0003325965371914208,2.6158180236816406
1372,41.09876543209876,54,52,0.9509876543209876,-19.28265999251489,51.59114592870076,0.00033583049662411213,10.919569969177246
1373,43.888888888888886,45,40,0.8888888888888888,-2.842629098162676,1.199425266441176,0.000315745739499107,1.0849359035491943
1374,63.95652173913044,23,20,0.8695652173913043,-8.220504995342344,8.851212390263875,0.00031340564601123333,4.071711540222168
1375,-5.702127659574472,94,83,0.8829787234042553,-45.527152615214085,117.88388608449912,0.00031361941364593804,6.227381229400635
1376,-114.28253968253969,210,202,0.9571746031746031,29.8395385132581,56.44145877310633,0.00030960774165578187,5.631050109863281
1377,68.9090909090909,22,20,0.9090909090909091,22.55454420366635,63.16815630594889,0.0003142495115753263,9.523675918579102
1378,-10.377358490566039,106,102,0.9562264150943396,25.4596911154604,55.35121042251587,0.00031587047851644456,5.814495086669922
1379,-8.134615384615387,104,100,0.9586538461538462,21.736481869844138,44.08552207946777,0.0003077367437072098,3.966536045074463
1380,43.888888888888886,45,40,0.8888888888888888,17.971299469470978,27.667906626065573,0.00030180421890690923,1.9730358123779297
1381,-10.320754716981128,106,102,0.9567924528301887,3.132637856388814,6.060871512095385,0.00030033275834284723,3.192701578140259
1382,63.95652173913044,23,20,0.8695652173913043,-5.395302669226657,3.3995546912153563,0.00028414407279342413,0.08674690127372742
1383,41.52287581699346,51,48,0.9252287581699347,-39.30670935995877,182.60378023783366,0.00029927518335171044,21.01677131652832
1384,-14.715151515151518,110,105,0.9528484848484848,-13.478794387951494,22.680831377737224,0.0002940722624771297,3.546004056930542
1385,-9.237179487179489,104,99,0.9476282051282051,-11.14966164457798,16.83674373014271,0.0002943284634966403,2.321629524230957
1386,63.95652173913044,23,20,0.8695652173913043,7.951578625043234,7.628936322530111,0.00029664416797459126,6.141036033630371
1387,-7.631578947368411,95,83,0.8736842105263158,-51.00554368725742,144.0880777443269,0.0003122765920124948,16.659555435180664
1388,40.95652173913044,46,40,0.8695652173913043,28.29479946891467,62.772915840148926,0.0002837104839272797,11.320060729980469
1389,63.95652173913044,23,20,0.8695652173913043,23.169983021418254,64.00324172973633,0.0003317529335618019,28.85590934753418
1390,68.9090909090909,22,20,0.9090909090909091,38.28408919038872,162.84861450195314,0.00040156274917535484,34.2044792175293
1391,49.36879432624113,47,46,0.9636879432624114,20.70186581247179,60.18751312891642,0.0003920946619473398,3.692659616470337
1392,-9.177777777777777,105,101,0.9582222222222222,13.142423112650336,17.960905072625728,0.00038461817894130945,4.775021076202393
1393,63.95652173913044,23,20,0.8695652173913043,-0.7295022976216085,0.29491594529051024,0.00038392149144783616,0.9566953778266907
1394,43.888888888888886,45,40,0.8888888888888888,0.31977983039493363,0.9429180605871806,0.0003838743141386658,0.7500340342521667
1395,43.888888888888886,45,40,0.8888888888888888,-11.185898085031658,9.778701016306877,0.0003833854862023145,1.9272781610488892
1396,-111.55072463768116,207,198,0.9544927536231884,-35.66607023209333,76.69030206298828,0.00038341296021826565,0.3371678292751312
1397,44.69333333333333,50,48,0.9469333333333333,-46.8004605698425,267.86562156677246,0.00041803851490840316,23.445959091186523
1398,-109.54634146341463,205,196,0.9545365853658536,-12.332014346457436,11.86934420462919,0.0004186868609394878,3.5883471965789795
1399,63.95652173913044,23,20,0.8695652173913043,-10.875027994314829,14.880466000239055,0.0004229507176205516,9.52499008178711
1400,-11.710280373831779,107,103,0.9528971962616822,11.359450444372472,12.12863947180557,0.0004230319173075259,3.330116033554077
1401,-10.047619047619051,105,100,0.9495238095238095,17.82092281602323,29.962946714401244,0.0004264337185304612,6.953092575073242
1402,46.90909090909091,44,40,0.9090909090909091,48.45507985927785,186.33660265604655,0.0004514601896516979,21.277191162109375
1403,63.95652173913044,23,20,0.8695652173913043,10.042448811908253,11.750877340634664,0.00045604672050103545,10.153057098388672
1404,-8.647435897435898,104,100,0.9535256410256411,19.187015838414432,31.99432318687439,0.00045880640391260386,6.078157424926758
1405,43.73202614379085,51,49,0.9473202614379085,-1.5869702077500734,1.0474467108677346,0.0004561928508337587,0.37475040555000305
1406,42.85620915032679,51,48,0.938562091503268,-12.04370745435684,17.5301794052124,0.00045869220048189163,8.44821548461914
1407,-117.23474178403755,213,204,0.9576525821596245,18.167409273905395,23.23030989492312,0.00044935636105947196,1.9017314910888672
1408,63.95652173913044,23,20,0.8695652173913043,-11.004845413565636,14.375361720720926,0.00044611236080527306,2.7775957584381104
1409,43.888888888888886,45,40,0.8888888888888888,7.090065529779531,5.272077485563932,0.0004400411853566766,1.2332810163497925
1410,43.888888888888886,45,40,0.8888888888888888,4.937403552482525,2.9871224119948843,0.0004395539581310004,0.8906523585319519
1411,-10.377358490566039,106,102,0.9562264150943396,-14.372918904705074,19.7328046323061,0.0004397394077386707,2.6807215213775635
1412,-5.702127659574472,94,83,0.8829787234042553,-64.80899826494087,229.6900916042098,0.0004382374754641205,5.482118606567383
1413,43.888888888888886,45,40,0.8888888888888888,6.657287150621414,4.946202292727928,0.0004382276092655957,0.7809202075004578
1414,43.888888888888886,45,40,0.8888888888888888,10.645470933360048,10.162591761847336,0.00043619086500257254,1.1403815746307373
1415,-121.04012345679013,216,206,0.9495987654320988,-9.716198927044868,10.946564957805444,0.0004334815894253552,0.8329082727432251
1416,-16.573573573573583,111,105,0.9442642642642642,-5.682969215809358,6.722061743948609,0.00043345047743059695,0.9319204688072205
1417,-112.2948717948718,208,200,0.9570512820512821,22.785185749094836,34.66372254319908,0.0004338224825914949,3.650052309036255
1418,43.888888888888886,45,40,0.8888888888888888,17.617748510465027,26.24395071665446,0.00043459449079819024,4.352954864501953
1419,-14.715151515151518,110,105,0.9528484848484848,5.738044386415546,6.306018897245638,0.0004338846483733505,0.2118774950504303
1420,40.91358024691358,54,52,0.9491358024691358,-6.673991187226542,5.530743313332398,0.00043658571667037904,6.036564350128174
1421,44.228758169934636,51,49,0.9522875816993464,-6.766643499148389,6.04796327551206,0.00043760088738054037,4.912582874298096
1422,68.9090909090909,22,20,0.9090909090909091,10.711628568676922,13.991734965642292,0.0004376940487418324,1.3361306190490723
1423,43.73202614379085,51,49,0.9473202614379085,-9.778880987862431,11.185310262441636,0.00043728138552978635,5.639396667480469
1424,-3.7526881720430083,93,83,0.8924731182795699,-42.10805616034082,97.79997706892021,0.00043985957745462656,5.984147548675537
1425,-3.7526881720430083,93,83,0.8924731182795699,-37.16595921219592,78.37120296677432,0.0004417926538735628,6.4953389167785645
1426,68.9090909090909,22,20,0.9090909090909091,19.332395454744496,45.18704115549723,0.00044125691056251526,4.243957042694092
1427,43.18300653594771,51,49,0.9418300653594771,5.873098662591413,5.148421655595302,0.00044088822323828936,1.7755814790725708
1428,-3.7526881720430083,93,83,0.8924731182795699,-22.11692795892392,30.18303193050216,0.00044100303784944117,3.316802501678467
1429,-12.769470404984418,107,101,0.9423052959501558,22.07928508362174,41.399596097946166,0.00044847969547845423,11.759187698364258
1430,-1.782608695652172,92,83,0.9021739130434783,-9.541007884224525,8.400429182359575,0.0004484395612962544,1.1040165424346924
1431,68.9090909090909,22,20,0.9090909090909091,23.451995629553373,67.3266871770223,0.00044847364188171923,4.720664978027344
1432,43.888888888888886,45,40,0.8888888888888888,30.470389242454743,74.80006694793701,0.00046175799798220396,14.0350923538208
1433,-10.880503144654085,106,101,0.9511949685534591,19.99320489884354,34.858497056961056,0.00044614486978389323,3.408480405807495
1434,-5.702127659574472,94,83,0.8829787234042553,-44.763698650651186,112.29668696146892,0.00045971060171723366,15.801436424255371
1435,40.95652173913044,46,40,0.8695652173913043,-11.712985660135747,9.944093241294224,0.00045843629050068557,4.247199058532715
1436,63.95652173913044,23,20,0.8695652173913043,-18.810271983096996,38.53477436701457,0.00044702106970362365,2.380415916442871
1437,-115.2063492063492,210,200,0.947936507936508,-13.158614660013468,13.183601897120475,0.00043441043817438185,7.7394866943359375
1438,-1.782608695652172,92,83,0.9021739130434783,-34.331727513602104,67.52272572957847,0.0004355364362709224,4.53542423248291
1439,44.228758169934636,51,49,0.9522875816993464,-15.61541380615713,31.890344500541687,0.0004441400524228811,12.71802806854248
1440,43.888888888888886,45,40,0.8888888888888888,6.9900727691439295,4.997097953129559,0.00044375774450600147,0.8391541838645935
1441,-112.2948717948718,208,200,0.9570512820512821,20.538745917245745,24.55354632974835,0.00044355998397804797,3.3695640563964844
1442,43.83660130718954,51,49,0.9483660130718954,5.415820115126917,4.743427363519246,0.0004437804454937577,4.774323463439941
1443,44.373333333333335,50,48,0.9437333333333333,4.3639296856333205,3.2507640689883073,0.00043893736437894404,2.173583745956421
1444,63.95652173913044,23,20,0.8695652173913043,-0.841027446401616,0.358375614072429,0.0004381943726912141,0.6689239740371704
1445,63.95652173913044,23,20,0.8695652173913043,-0.2940521334608396,0.31062146375964705,0.0004375712596811354,0.6299131512641907
1446,43.73202614379085,51,49,0.9473202614379085,7.850660781645062,8.702354804426431,0.0004370405513327569,0.4893447756767273
1447,-118.15264797507788,214,206,0.9584735202492212,-0.4338159607564803,3.6294021011330186,0.0004331182863097638,1.1859016418457031
1448,-7.631578947368411,95,83,0.8736842105263158,-37.707129124881156,80.8580268338981,0.00042837078217417,9.620233535766602
1449,-9.177777777777777,105,101,0.9582222222222222,36.40565929104574,104.28321199798584,0.00043081247713416815,5.2885541915893555
1450,-1.782608695652172,92,83,0.9021739130434783,-13.858426534484728,13.562656217071426,0.0004314633260946721,3.0070407390594482
1451,44.228758169934636,51,49,0.9522875816993464,2.02991536808586,1.359156084440959,0.0004305214970372617,0.7684375047683716
1452,40.95652173913044,46,40,0.8695652173913043,-1.1542534394810597,0.37732366773222265,0.00043043660116381943,0.5782092809677124
1453,-13.592592592592595,108,103,0.9440740740740741,13.164603450648487,17.291229383266096,0.0004286867624614388,6.324092864990234
1454,-9.177777777777777,105,101,0.9582222222222222,18.15641075998492,29.90414896084834,0.00043170840945094824,5.706333637237549
1455,40.91358024691358,54,52,0.9491358024691358,-13.656440303350488,24.976443020502725,0.0004311701050028205,8.238188743591309
1456,-5.702127659574472,94,83,0.8829787234042553,-50.05422004761855,133.18230790594018,0.0004399188619572669,15.082651138305664
1457,-14.61212121212121,110,106,0.9538787878787879,9.17714730835486,12.05921627137391,0.0004405059735290706,4.641133785247803
1458,43.87179487179486,52,51,0.9587179487179487,-7.71049415274717,8.104566144446531,0.0004400016041472554,2.6241774559020996
1459,-3.7526881720430083,93,83,0.8924731182795699,-34.89274232167317,66.31442733366326,0.00044952891767024994,11.301864624023438
1460,-7.631578947368411,95,83,0.8736842105263158,-45.51048795343283,113.43558157495706,0.00043833203380927444,4.832185745239258
1461,68.9090909090909,22,20,0.9090909090909091,21.025539701028418,51.2542672475179,0.0005089608603157103,35.34489059448242
1462,-14.715151515151518,110,105,0.9528484848484848,36.154952235931425,103.50668058395385,0.0005092508508823812,6.999668598175049
1463,41.062893081761004,53,51,0.94062893081761,14.822641370336836,30.58624081214269,0.0004998738295398653,7.434451580047607
1464,-12.214953271028037,107,102,0.9478504672897197,25.77209674631432,54.25296245789528,0.0005010637105442584,5.511574745178223
1465,43.888888888888886,45,40,0.8888888888888888,16.44751893351786,20.621798825263976,0.0004969260189682245,11.205859184265137
1466,63.95652173913044,23,20,0.8695652173913043,-5.7087850314565,3.1543952750662965,0.0004981016390956938,4.3107123374938965
1467,-3.7526881720430083,93,83,0.8924731182795699,-43.027964179295616,98.50918217547927,0.0005062523414380848,11.237953186035156
1468,63.95652173913044,23,20,0.8695652173913043,-11.438896598170201,15.679703982671102,0.0005094456719234586,9.448244094848633
1469,-108.12418300653596,204,196,0.9587581699346405,-26.85498242374498,42.48969317531586,0.0005132211372256279,9.85944938659668
1470,63.95652173913044,23,20,0.8695652173913043,-12.070802080631257,16.058107646306357,0.0005134701495990157,4.286785125732422
1471,-109.54634146341463,205,196,0.9545365853658536,-25.12775696450472,36.41361456680298,0.0005142706795595586,4.289967060089111
1472,43.888888888888886,45,40,0.8888888888888888,-5.461304067292561,2.55874315275117,0.0005082567222416401,1.045156717300415
1473,-1.782608695652172,92,83,0.9021739130434783,-30.86027732355348,54.15900636389552,0.0005091176135465503,4.797181129455566
1474,-114.28253968253969,210,202,0.9571746031746031,-5.9494101651208515,4.356332309861551,0.0005087438621558249,1.0779213905334473
1475,43.888888888888886,45,40,0.8888888888888888,12.101036425710966,12.677098514636358,0.0005075063090771437,6.04688024520874
1476,-7.631578947368411,95,83,0.8736842105263158,-41.873051742952036,95.73780340171722,0.0005076090455986559,5.667303562164307
1477,46.90909090909091,44,40,0.9090909090909091,34.07920777320396,88.915234597524,0.0005262037157081068,21.42778968811035
1478,-119.61085271317829,215,206,0.9538914728682171,18.414094185322522,21.173945360030977,0.0005250067333690822,2.27311372756958
1479,41.062893081761004,53,51,0.94062893081761,5.600160738250512,5.149372984596024,0.000526776653714478,4.782015800476074
1480,-118.7601246105919,214,204,0.952398753894081,18.762445552414285,21.98869285920076,0.0005263962084427476,3.1396892070770264
1481,-10.047619047619051,105,100,0.9495238095238095,23.814759399106844,46.115398918151854,0.0005253517883829772,0.6621326208114624
1482,46.90909090909091,44,40,0.9090909090909091,13.187161020503845,16.10075847307841,0.0005256825825199485,3.536423683166504
1483,59.33333333333334,24,20,0.8333333333333334,-22.00082527001699,47.946373017628986,0.0005116377724334598,15.90803050994873
1484,-3.7526881720430083,93,83,0.8924731182795699,-44.13452772754263,106.86577171111203,0.0005111328209750354,3.6170103549957275
1485,63.95652173913044,23,20,0.8695652173913043,-7.906736774245898,6.403781062364578,0.0005110074416734278,2.7187697887420654
1486,-119.5984496124031,215,206,0.954015503875969,-27.025900293975138,42.606204545974734,0.0005144327878952026,10.281007766723633
1487,-113.5805422647528,209,200,0.954194577352472,-11.326606116604758,8.89707020037726,0.0004997223149985075,2.096792221069336
1488,-113.75279106858054,209,200,0.9524720893141946,-6.360725891492388,4.437070896341814,0.000493902713060379,3.5247275829315186
1489,68.9090909090909,22,20,0.9090909090909091,14.517786145225788,25.48550319671631,0.0004493878223001957,5.609413146972656
1490,-109.54634146341463,205,196,0.9545365853658536,16.89344699514908,18.940083726644517,0.000381069490686059,1.9568573236465454
1491,-3.7526881720430083,93,83,0.8924731182795699,-34.23827310703156,64.68464630004392,0.0003802007413469255,1.8022372722625732
1492,44.359477124183016,51,49,0.9535947712418301,-20.491963040506576,49.134974416097,0.00044439651537686586,33.633941650390625
1493,-10.691823899371073,106,102,0.9530817610062893,28.37986382239219,60.447506587982176,0.0004449166008271277,4.031641483306885
1494,-11.471698113207552,106,101,0.9452830188679245,24.83812372779846,48.96789426517486,0.00044900650391355157,7.274896621704102
1495,63.95652173913044,23,20,0.8695652173913043,7.2465166012446085,6.42668156226476,0.0004489466082304716,2.012002468109131
1496,-1.782608695652172,92,83,0.9021739130434783,-13.561322128448829,12.174118639001799,0.0004501422226894647,3.7524073123931885
1497,40.95652173913044,46,40,0.8695652173913043,-1.4501162085682153,0.8225152609569099,0.00041342194890603423,1.648941993713379
1498,63.95652173913044,23,20,0.8695652173913043,6.745088160037994,5.957119806607564,0.00041705742478370667,6.988925457000732
1499,-115.81200631911533,211,201,0.9518799368088467,11.851912800093459,8.666115264016437,0.0004127469437662512,2.1132001876831055
1500,-5.702127659574472,94,83,0.8829787234042553,-34.77904190500099,66.89088865839334,0.00041423848597332835,6.493311405181885
1501,-1.782608695652172,92,83,0.9021739130434783,-15.645411443159762,15.228973365093331,0.0004104137187823653,1.0527167320251465
1502,42.85620915032679,51,48,0.938562091503268,-8.309915569915029,8.074627105394999,0.0003857442643493414,3.9959545135498047
1503,46.3611111111111,48,46,0.9436111111111111,-4.273331527248219,2.892173180466246,0.00038059160578995943,2.5814285278320312
1504,-5.702127659574472,94,83,0.8829787234042553,-21.392369948237775,26.7774210569849,0.00037770229391753674,1.4749813079833984
1505,-7.317152103559877,103,99,0.9568284789644013,48.94103045736267,177.68093603515624,0.000378141034161672,3.8151297569274902
1506,-10.688888888888883,105,100,0.9431111111111111,32.49355343921157,81.30747297668456,0.0003771480987779796,5.572473049163818
1507,43.888888888888886,45,40,0.8888888888888888,27.319545628339984,57.93278725941976,0.00038039995706640184,8.691919326782227
1508,41.062893081761004,53,51,0.94062893081761,-1.0464928588361415,0.8018433387188755,0.0003800439299084246,1.698771595954895
1509,63.95652173913044,23,20,0.8695652173913043,4.263235615193844,2.341925489902496,0.00038037297781556845,3.5360145568847656
1510,-109.59186991869919,205,196,0.9540813008130081,-10.483743664860405,7.8276588299074215,0.00038050106377340853,1.7150965929031372
1511,-115.71090047393365,211,202,0.9528909952606635,-29.025151774059225,47.67440023422241,0.0003814726369455457,3.3245763778686523
1512,43.888888888888886,45,40,0.8888888888888888,-15.623878767170632,16.571588204304376,0.00038187846075743437,6.326510906219482
1513,-10.320754716981128,106,102,0.9567924528301887,-8.283296308985067,10.954866911121645,0.00038637121906504035,9.559803009033203
1514,-121.04012345679013,216,206,0.9495987654320988,-30.37645902971226,52.2759919090271,0.0003935208369512111,9.989110946655273
1515,41.52564102564102,52,49,0.9352564102564103,-41.86815225458947,181.8507126490275,0.0004882573848590255,38.47422790527344
1516,-3.7526881720430083,93,83,0.8924731182795699,-34.785757989529145,66.77415699173648,0.0004900627536699176,6.019236087799072
1517,-1.782608695652172,92,83,0.9021739130434783,-11.123018604669586,8.861624117940197,0.0004893117002211511,1.2487620115280151
1518,43.888888888888886,45,40,0.8888888888888888,44.426828282078105,155.75749588012695,0.0004991069436073303,12.845601081848145
1519,68.9090909090909,22,20,0.9090909090909091,39.71939163605372,187.58436864217123,0.0005122246802784503,14.447269439697266
1520,-10.555555555555557,105,100,0.9444444444444444,51.259426998411186,200.76959375,0.0005169918877072632,10.7047758102417
1521,-109.59186991869919,205,196,0.9540813008130081,85.05709645791451,401.22043530273436,0.000548643060028553,23.04195213317871
1522,-118.7601246105919,214,204,0.952398753894081,35.94668771457204,69.8604163607359,0.0005527253379113972,8.290270805358887
1523,-3.7526881720430083,93,83,0.8924731182795699,-42.17307363265011,97.0080107263772,0.0005512484931387007,3.4972221851348877
1524,-114.28253968253969,210,202,0.9571746031746031,-21.01392801595149,28.51432432460785,0.0005488966125994921,1.5082800388336182
1525,-1.782608695652172,92,83,0.9021739130434783,-53.54684944950927,154.43621384953877,0.0005471771582961082,3.062549114227295
1526,43.18300653594771,51,49,0.9418300653594771,-60.6756046903854,431.3688107808431,0.0006678109057247639,44.760372161865234
1527,43.888888888888886,45,40,0.8888888888888888,-12.957116312099,12.00108634630839,0.0006724704289808869,8.172677993774414
1528,46.90909090909091,44,40,0.9090909090909091,15.942845595911301,21.198567589124043,0.000675456365570426,8.237998008728027
1529,40.95652173913044,46,40,0.8695652173913043,9.42834576567014,7.950150333841642,0.0006677410565316677,4.489818572998047
1530,46.3611111111111,48,46,0.9436111111111111,5.021029057119608,4.647462939959951,0.0006675601471215487,0.6288886070251465
1531,38.369696969696975,55,52,0.9336969696969697,17.548917359113695,37.280826568603516,0.0006741528632119298,10.626638412475586
1532,-14.700305810397552,109,104,0.9429969418960245,9.726085212722722,12.682141324253287,0.0006674620672129095,9.848095893859863
1533,-117.3129890453834,213,204,0.9568701095461659,-75.84451026106521,379.1363042602539,0.0006925233756192029,20.778127670288086
1534,-114.35873015873017,210,201,0.9564126984126984,-60.462839592431,245.98963078308105,0.0006803656578995287,5.9848504066467285
1535,41.062893081761004,53,51,0.94062893081761,35.58603681723277,156.18240509033203,0.0006957812001928687,15.78552532196045
1536,-5.702127659574472,94,83,0.8829787234042553,-15.43827838208302,15.678731595656,0.0006974838906899095,5.83331298828125
1537,-14.715151515151518,110,105,0.9528484848484848,44.69354481995017,154.27437366485594,0.0007005240768194199,11.296274185180664
1538,44.69333333333333,50,48,0.9469333333333333,24.82595381512503,78.96389052073161,0.0006991818663664162,0.6116406917572021
1539,-5.702127659574472,94,83,0.8829787234042553,-29.0466693912644,47.548598423540355,0.0006913712131790817,5.35292911529541
1540,44.69333333333333,50,48,0.9469333333333333,-1.9423833944478852,1.8980736952357498,0.0006923693581484258,4.782105445861816
1541,-1.782608695652172,92,83,0.9021739130434783,-26.14035411481839,38.93173578944072,0.0006919988081790507,2.750471591949463
1542,-16.47147147147146,111,106,0.9452852852852853,-0.7136416382081807,6.219906629421006,0.0006917959544807673,4.428084373474121
1543,43.888888888888886,45,40,0.8888888888888888,-3.3270075167684507,1.3421333535672602,0.0006917049176990986,0.40151020884513855
1544,43.888888888888886,45,40,0.8888888888888888,-6.173638346760224,3.1440972089287245,0.0006918400176800787,1.9547548294067383
1545,-115.71090047393365,211,202,0.9528909952606635,19.79442778760666,26.0906157645114,0.0006936262361705303,5.964478015899658
1546,-12.827160493827165,108,104,0.9517283950617283,-6.042555659814119,8.101578450695378,0.0006986901862546802,8.468646049499512
1547,-8.782051282051285,104,100,0.9521794871794872,-8.264868132927688,10.761984834751114,0.0007006973610259593,5.436205863952637
1548,-113.75279106858054,209,200,0.9524720893141946,23.599894937350413,32.49981782282563,0.000695456808898598,0.4790569841861725
1549,-118.6822429906542,214,204,0.9531775700934579,10.680389856304144,11.376582680273568,0.000693721987772733,1.5036563873291016
1550,-12.271028037383175,107,102,0.9472897196261683,-15.732281951371943,25.270215339032234,0.0006931709358468652,2.3334109783172607
1551,41.52287581699346,51,48,0.9252287581699347,-58.85315290720955,382.8246910095215,0.0007148500299081206,18.336435317993164
1552,-3.7526881720430083,93,83,0.8924731182795699,-37.026478588102336,74.74855623666541,0.0007154786726459861,3.075756311416626
1553,-5.702127659574472,94,83,0.8829787234042553,-28.2120838097061,44.73957725892584,0.0007137641659937799,3.2606592178344727
1554,68.9090909090909,22,20,0.9090909090909091,44.39915554290637,201.55531361897786,0.0009239453938789666,59.23857498168945
1555,40.91358024691358,54,52,0.9491358024691358,44.53941023818679,240.7283420562744,0.0009465596522204578,19.888858795166016
1556,46.90909090909091,44,40,0.9090909090909091,63.98504972754357,318.79869283040364,0.0009387293248437345,11.651298522949219
1557,40.95652173913044,46,40,0.8695652173913043,31.59663186868032,73.13376531600952,0.0009449816425330937,12.076157569885254
1558,-3.7526881720430083,93,83,0.8924731182795699,-14.60977987113248,13.46004007116379,0.0009452153462916613,3.616334915161133
1559,-3.7526881720430083,93,83,0.8924731182795699,-25.94382867251474,37.070394121499426,0.0009376360103487968,3.8583877086639404
1560,-1.782608695652172,92,83,0.9021739130434783,-24.856801873396513,33.86063984407478,0.0009399550617672503,6.432311534881592
1561,-112.46859903381642,207,196,0.9453140096618358,7.990066606815206,5.74992640612449,0.0008663309854455292,0.5253248810768127
1562,40.95652173913044,46,40,0.8695652173913043,-25.801279087861378,47.79856306711833,0.0008656214340589941,5.710281848907471
1563,-12.271028037383175,107,102,0.9472897196261683,-1.6994591332728741,4.42145905249659,0.0008619368891231716,2.629635810852051
1564,-113.75279106858054,209,200,0.9524720893141946,0.6228983143828809,2.6760803832899547,0.0008602775633335114,2.387456178665161
1565,44.373333333333335,50,48,0.9437333333333333,-43.48006112010535,208.01815172831218,0.0008527314057573676,3.70592999458313
1566,63.95652173913044,23,20,0.8695652173913043,0.31778115514510624,0.3151477685617768,0.0008517128881067038,0.3778816759586334
1567,-121.05246913580247,216,206,0.9494753086419753,-0.15012347105471419,3.7841649637966186,0.0008436712669208646,1.057132601737976
1568,40.91358024691358,54,52,0.9491358024691358,9.494565030769445,11.24625123143196,0.0008429473964497447,8.861285209655762
1569,63.95652173913044,23,20,0.8695652173913043,17.91803634464741,35.77768071492513,0.0008391047012992203,4.062176704406738
1570,43.888888888888886,45,40,0.8888888888888888,35.71440625033962,95.72412916819255,0.0008409125730395317,6.105803966522217
1571,-114.28253968253969,210,202,0.9571746031746031,32.77906346942425,58.85407145404816,0.0008444918203167617,8.192427635192871
1572,-1.782608695652172,92,83,0.9021739130434783,1.4429408270476693,2.1508512219912794,0.000844510446768254,0.8243692517280579
1573,43.888888888888886,45,40,0.8888888888888888,25.06460224428835,50.10956392288208,0.0008483657147735357,8.601480484008789
1574,-113.00961538461539,208,198,0.9499038461538462,-0.38272407498149186,1.4900598468345125,0.0008483690326102078,1.029110312461853
1575,-3.7526881720430083,93,83,0.8924731182795699,-24.382732191345614,34.01459972733954,0.0008470227476209402,2.9782156944274902
1576,-10.880503144654085,106,101,0.9511949685534591,18.971854840693208,29.359402214404195,0.000849124975502491,8.725724220275879
1577,-14.700305810397552,109,104,0.9429969418960245,6.148105361317634,7.54902119775489,0.0008215350680984557,1.645424246788025
1578,41.52564102564102,52,49,0.9352564102564103,-36.44541650782388,155.66144987742106,0.0009313034825026989,42.60475540161133
1579,46.3611111111111,48,46,0.9436111111111111,-33.70582302119874,120.49425977071127,0.0009503913461230695,17.86198616027832
1580,43.888888888888886,45,40,0.8888888888888888,12.29971702095742,13.252145584424337,0.0009499696898274124,0.7141463160514832
1581,-1.782608695652172,92,83,0.9021739130434783,-8.266094802343941,5.869914021949615,0.0009499707375653088,0.5374048948287964
1582,63.95652173913044,23,20,0.8695652173913043,21.603786404927572,53.540493202209475,0.0009510632371529937,4.791713237762451
1583,63.95652173913044,23,20,0.8695652173913043,24.103211739628264,67.99445692698161,0.0009477033163420856,13.825118064880371
1584,-10.320754716981128,106,102,0.9567924528301887,47.64688154934149,177.44425640869142,0.0010062912479043007,30.95454978942871
1585,-1.782608695652172,92,83,0.9021739130434783,-0.8564233562692132,1.916752716925333,0.0010059515479952097,0.9345086216926575
1586,43.888888888888886,45,40,0.8888888888888888,29.44503542284171,69.57453711827596,0.001011905842460692,14.473396301269531
1587,68.9090909090909,22,20,0.9090909090909091,23.567827778837334,60.82143681844075,0.0010319043649360538,18.441537857055664
1588,46.90909090909091,44,40,0.9090909090909091,20.056409971268536,34.68423744837443,0.001034087617881596,7.683237552642822
1589,43.888888888888886,45,40,0.8888888888888888,-3.472353962964068,1.4414029623459403,0.0010324936592951417,0.5125893950462341
1590,-119.61085271317829,215,206,0.9538914728682171,-77.29333048515534,328.9619378967285,0.0010622607078403234,22.63837432861328
1591,43.888888888888886,45,40,0.8888888888888888,-23.01526807559033,37.80714373588562,0.0010706487810239196,12.515800476074219
1592,46.90909090909091,44,40,0.9090909090909091,-12.619275120987247,11.262301649649938,0.0009978795424103737,5.498686790466309
1593,-10.047619047619051,105,100,0.9495238095238095,-22.283208850860596,45.593251989364624,0.00099622190464288,1.7229970693588257
1594,63.95652173913044,23,20,0.8695652173913043,-22.78126423538973,63.07786235809326,0.0010048261610791087,12.147858619689941
1595,-12.827160493827165,108,104,0.9517283950617283,-2.9006792611756826,4.929930194125511,0.0010048539843410254,4.029116630554199
1596,-3.7526881720430083,93,83,0.8924731182795699,-36.12342665640705,74.44130532138318,0.0010081976652145386,6.8826904296875
1597,-118.6822429906542,214,204,0.9531775700934579,23.275411604127846,32.19331087749265,0.001010959967970848,5.753879070281982
1598,43.888888888888886,45,40,0.8888888888888888,17.969363095859688,26.214124727249146,0.0010094977915287018,2.756277084350586
1599,-112.2948717948718,208,200,0.9570512820512821,52.437914269566534,153.3367139816284,0.001011980464681983,6.0097432136535645
1600,63.95652173913044,23,20,0.8695652173913043,5.682088337225529,4.9173760632673895,0.001009878353215754,5.339715480804443
1601,-3.7526881720430083,93,83,0.8924731182795699,-19.791958251631403,23.98287948547118,0.0010127872228622437,6.092449188232422
1602,43.888888888888886,45,40,0.8888888888888888,18.930788485209145,30.163202222188314,0.0010138131910935044,7.332505702972412
1603,-1.782608695652172,92,83,0.9021739130434783,-15.438785250753119,15.084398757262402,0.0010141535894945264,5.320561408996582
1604,43.888888888888886,45,40,0.8888888888888888,14.873521185169617,19.36028358141581,0.001014342182315886,3.4033195972442627
1605,-10.320754716981128,106,102,0.9567924528301887,20.873621617874015,38.29359580278397,0.001014237874187529,3.614234685897827
1606,-3.7526881720430083,93,83,0.8924731182795699,-33.578278246773294,63.77377018296575,0.0010129638249054551,1.6214890480041504
1607,-109.59186991869919,205,196,0.9540813008130081,-11.146137848962796,9.451241528181475,0.0010074484162032604,3.352445363998413
1608,-10.320754716981128,106,102,0.9567924528301887,7.794039603073965,9.257894591873512,0.001007519313134253,2.3547964096069336
1609,-3.7526881720430083,93,83,0.8924731182795699,-39.262685207478015,85.75390473331314,0.0010104726534336805,9.609103202819824
1610,-9.57142857142857,105,101,0.9542857142857143,5.631342346066793,7.905471414926695,0.001010939828120172,2.2134342193603516
1611,40.91358024691358,54,52,0.9491358024691358,-18.22940354935092,46.039682467778526,0.0010375690180808306,19.73825454711914
1612,63.95652173913044,23,20,0.8695652173913043,-3.27874969424059,1.5143199429071197,0.0010356521233916283,1.6905146837234497
1613,63.95652173913044,23,20,0.8695652173913043,1.029229603956143,0.6584194818327281,0.0010287078330293298,1.4646251201629639
1614,-1.782608695652172,92,83,0.9021739130434783,-13.886678911775471,12.561584565055417,0.0010243995347991586,4.069896221160889
1615,-1.782608695652172,92,83,0.9021739130434783,-7.5548210329260215,5.196048985474185,0.0009376821108162403,1.7439701557159424
1616,59.33333333333334,24,20,0.8333333333333334,1.0141314851896217,0.7462657090531138,0.0009350153268314898,1.9893766641616821
1617,46.90909090909091,44,40,0.9090909090909091,45.0677319124341,160.02552375793456,0.0009368886821903288,6.178849220275879
1618,42.85620915032679,51,48,0.938562091503268,10.080162048091491,12.532032363613446,0.00093295075930655,8.782257080078125
1619,-14.715151515151518,110,105,0.9528484848484848,36.325254853320715,101.37244016265869,0.0009640690986998379,26.236223220825195
1620,-9.57142857142857,105,101,0.9542857142857143,24.525439441985117,50.08501848506928,0.0009605627856217325,7.289804458618164
1621,44.228758169934636,51,49,0.9522875816993464,-16.907084054418373,36.558079687754315,0.0009328476735390723,9.488277435302734
1622,43.888888888888886,45,40,0.8888888888888888,-2.4371015833690763,1.0041962550925139,0.0009289380977861583,0.2020067721605301
1623,-5.702127659574472,94,83,0.8829787234042553,-52.94974300277281,155.00484871002564,0.0009304779814556241,6.452911376953125
1624,68.9090909090909,22,20,0.9090909090909091,4.9721314770402385,3.2173897167046865,0.0009311867179349065,3.9741506576538086
1625,43.888888888888886,45,40,0.8888888888888888,-9.012061054880421,6.3449455368022125,0.0009306860156357288,1.345862865447998
1626,46.90909090909091,44,40,0.9090909090909091,2.097654561911865,1.2849680690810297,0.0008077862439677119,1.1857298612594604
1627,-114.28253968253969,210,202,0.9571746031746031,-51.66002655922237,152.7163466644287,0.0008103506406769156,10.433558464050293
1628,63.95652173913044,23,20,0.8695652173913043,-8.509365725889802,7.856678863366445,0.0008061574189923704,2.611196756362915
1629,-114.28253968253969,210,202,0.9571746031746031,-29.134884388923645,49.54284650611878,0.0008057569502852857,3.5771539211273193
1630,-11.081761006289312,106,101,0.9491823899371069,8.809480424046516,9.281179447246716,0.0008068589959293604,4.62040376663208
1631,-108.07843137254902,204,196,0.9592156862745098,17.58700160725285,18.835531629800798,0.0008003877592273057,1.7226207256317139
1632,-7.317152103559877,103,99,0.9568284789644013,25.959882669820978,51.95392335891724,0.0007962051313370466,4.9214301109313965
1633,43.888888888888886,45,40,0.8888888888888888,10.942877813180287,10.632618216673533,0.0007697963155806065,1.7764718532562256
1634,-5.702127659574472,94,83,0.8829787234042553,-37.007960702520776,72.8778398965736,0.0007749357027933002,10.6182279586792
1635,-109.54634146341463,205,196,0.9545365853658536,29.606853515402296,52.155991170883176,0.000766115146689117,10.205863952636719
1636,43.888888888888886,45,40,0.8888888888888888,5.668417758742968,3.5494716043273606,0.0007642284617759287,2.4449830055236816
1637,63.95652173913044,23,20,0.8695652173913043,-4.046743814150492,2.1515399819550414,0.0007562870159745216,1.9787813425064087
1638,46.90909090909091,44,40,0.9090909090909091,12.190459193006003,13.442342551549276,0.0007568218279629946,2.671633243560791
1639,40.95652173913044,46,40,0.8695652173913043,-12.519678552945456,11.62157773176829,0.0007592060719616711,8.150843620300293
1640,-115.03492063492064,210,200,0.9496507936507936,-4.100143099317487,3.452014939605375,0.0007576937787234783,0.6924439072608948
1641,-111.05501618122977,206,196,0.9494498381877022,1.6158549901992083,2.5081423031357115,0.0007573194452561438,0.5069993734359741
1642,68.9090909090909,22,20,0.9090909090909091,6.070529230784936,4.31885247627894,0.0007565662963315845,2.36002779006958
1643,43.888888888888886,45,40,0.8888888888888888,-6.998473083445181,3.865694225681364,0.0007567612919956446,2.1080410480499268
1644,-12.827160493827165,108,104,0.9517283950617283,-2.5016979077577997,3.327747945427287,0.0007565241539850831,0.7482157349586487
1645,43.73202614379085,51,49,0.9473202614379085,-33.38589227531993,138.57038447062175,0.0007743258611299098,17.889488220214844
1646,63.95652173913044,23,20,0.8695652173913043,-3.3912124053885537,1.6031304444399817,0.0007700306596234441,0.5913159251213074
1647,63.95652173913044,23,20,0.8695652173913043,4.195194527755181,2.4417423980931443,0.0007687672623433173,3.0533640384674072
1648,-10.691823899371073,106,102,0.9530817610062893,26.97294688958768,56.13557889175415,0.0007698999834246933,4.329408168792725
1649,-119.61085271317829,215,206,0.9538914728682171,2.4386779486573795,3.676788609410287,0.0007697780965827405,0.8626988530158997
1650,68.9090909090909,22,20,0.9090909090909091,28.392548751831054,98.8944310506185,0.0007754918769933283,9.803765296936035
1651,43.888888888888886,45,40,0.8888888888888888,23.107303329386436,44.61107056935628,0.0007633227505721152,11.790946960449219
1652,-10.377358490566039,106,102,0.9562264150943396,20.449836724007998,33.001555141448975,0.0007635715301148593,4.153428077697754
1653,-3.7526881720430083,93,83,0.8924731182795699,-34.70545596674264,65.00125357233377,0.0007686957833357155,9.41105842590332
1654,45.16,50,48,0.9516,-22.258759620772114,55.44997466405233,0.0005567401531152427,8.63586139678955
1655,46.90909090909091,44,40,0.9090909090909091,14.789268528483808,18.937919203440348,0.0005336689646355808,3.5235252380371094
1656,63.95652173913044,23,20,0.8695652173913043,-6.837842197498928,5.396257295211156,0.0005279645556584001,6.683020114898682
1657,-5.702127659574472,94,83,0.8829787234042553,-47.45446420769136,120.04800084125564,0.0005195527337491512,3.454040765762329
1658,43.888888888888886,45,40,0.8888888888888888,7.886613782246908,5.943548224369684,0.0005189326475374401,1.9552195072174072
1659,-1.782608695652172,92,83,0.9021739130434783,-24.05854793700827,33.491922022348426,0.0005184794426895678,2.1885035037994385
1660,-115.73617693522907,211,202,0.9526382306477094,-10.421666268822678,8.097261253506877,0.0005161011358723044,0.695221483707428
1661,-3.7526881720430083,93,83,0.8924731182795699,-22.814136935405465,30.02318373071142,0.0005191222880966961,6.887561798095703
1662,43.18300653594771,51,49,0.9418300653594771,5.284461809298713,4.212621106083194,0.0005170602235011756,0.27860358357429504
1663,-11.943396226415103,106,100,0.940566037735849,22.608981052564456,42.643632326126095,0.0005290046683512628,14.454980850219727
1664,-14.700305810397552,109,104,0.9429969418960245,27.137978423186635,56.47749782562256,0.0005295499577187002,3.3586201667785645
1665,59.33333333333334,24,20,0.8333333333333334,-3.4764585432906947,1.8219992911775382,0.0005288786487653852,0.816149890422821
1666,63.95652173913044,23,20,0.8695652173913043,8.101609476407369,8.102994934717815,0.0005299746990203857,4.5150465965271
1667,-3.7526881720430083,93,83,0.8924731182795699,-22.630613348689902,28.910293906568043,0.0005314759910106659,5.290726661682129
1668,68.9090909090909,22,20,0.9090909090909091,17.19289090503783,35.43563995361328,0.0005265010986477137,2.0511226654052734
1669,-113.00961538461539,208,198,0.9499038461538462,-1.6077257591077305,1.649200113246101,0.0005258767632767558,1.5137073993682861
1670,43.888888888888886,45,40,0.8888888888888888,9.394413823013505,8.080306929349899,0.0005237905425019562,1.607884407043457
1671,-5.702127659574472,94,83,0.8829787234042553,-44.54194195945579,108.4784892438406,0.0005216853460296988,5.196740627288818
1672,-14.715151515151518,110,105,0.9528484848484848,4.046891459144186,5.123931975940242,0.0005237304721958935,6.061522960662842
1673,-111.55072463768116,207,198,0.9544927536231884,1.3980351525179122,2.081894824967487,0.0005197300924919546,2.035496473312378
1674,63.95652173913044,23,20,0.8695652173913043,-13.44084246357282,19.486024872461954,0.000527101568877697,11.195775985717773
1675,68.9090909090909,22,20,0.9090909090909091,1.769212530448567,0.7406967281674345,0.0005266575608402491,0.35280701518058777
1676,43.73202614379085,51,49,0.9473202614379085,-24.41998749052485,69.00392897923787,0.0005261451588012278,8.250767707824707
1677,-1.782608695652172,92,83,0.9021739130434783,-20.959104479556103,24.554222250559246,0.0005268223467282951,3.577695846557617
1678,38.369696969696975,55,52,0.9336969696969697,-7.4958177093220915,6.3600005872547625,0.00041416435851715505,5.815819263458252
1679,59.33333333333334,24,20,0.8333333333333334,-7.779069208105406,7.137671667337417,0.00039625909994356334,1.9816257953643799
1680,-10.377358490566039,106,102,0.9562264150943396,45.91651678832497,156.90478578186034,0.00040350027848035097,11.512807846069336
1681,43.888888888888886,45,40,0.8888888888888888,39.135755623690784,121.03862469991049,0.00040359131526201963,1.341603398323059
1682,43.888888888888886,45,40,0.8888888888888888,35.131735789775846,95.59445616404216,0.0004091627197340131,9.841747283935547
1683,63.95652173913044,23,20,0.8695652173913043,5.810322095950444,5.082731298605601,0.00040102904313243926,7.287395000457764
1684,-3.7526881720430083,93,83,0.8924731182795699,-24.838847112464137,35.34502782783355,0.0003452625824138522,5.748998165130615
1685,-119.61085271317829,215,206,0.9538914728682171,-19.95405211941153,26.349832901954652,0.0003486974164843559,7.4783616065979
1686,43.888888888888886,45,40,0.8888888888888888,3.437642903191348,1.886978267552331,0.0003357303503435105,0.5396947860717773
1687,43.888888888888886,45,40,0.8888888888888888,-2.0801483624071504,0.7411891826835927,0.000314354314468801,0.2163149118423462
1688,-3.7526881720430083,93,83,0.8924731182795699,-40.312639166911445,86.79917072771065,0.00031240665703080595,5.3229804039001465
1689,-10.688888888888883,105,100,0.9431111111111111,-8.450215686079348,9.689673067897878,0.0003153985599055886,6.73887825012207
1690,-118.7601246105919,214,204,0.952398753894081,-8.961944886714628,7.0978270968217405,0.00028394730179570615,3.806137800216675
1691,-114.25714285714285,210,202,0.9574285714285714,8.663096296701296,6.7539557040691145,0.00027503285673446953,4.422689914703369
1692,63.95652173913044,23,20,0.8695652173913043,-10.994485156362256,13.548615113894146,0.0002732497814577073,2.2810325622558594
1693,68.9090909090909,22,20,0.9090909090909091,5.4366691316167515,4.061317133903503,0.00027354343910701573,2.5820627212524414
1694,-12.214953271028037,107,102,0.9478504672897197,11.005799524537986,11.046507235440659,0.00026613075169734657,4.507331848144531
1695,-109.59186991869919,205,196,0.9540813008130081,26.553333566308023,43.034467613220215,0.0002695854054763913,8.276622772216797
1696,63.95652173913044,23,20,0.8695652173913043,-9.18839823404948,8.669633440176646,0.00026951238396577537,6.742474555969238
1697,-111.55072463768116,207,198,0.9544927536231884,11.481963420717323,9.215604652294074,0.0002682987251318991,2.7307918071746826
1698,40.95652173913044,46,40,0.8695652173913043,-13.880568322539329,14.445056700706482,0.00027072036755271256,7.060876846313477
1699,40.95652173913044,46,40,0.8695652173913043,-12.886626666287581,11.706634390354157,0.00026971977786161005,3.715470790863037
1700,-8.782051282051285,104,100,0.9521794871794872,5.835462304728833,6.526952434876264,0.00026791004347614944,1.092799425125122
1701,-8.647435897435898,104,100,0.9535256410256411,8.309511791190973,8.192707067661743,0.00026667979545891285,3.59293532371521
1702,-5.702127659574472,94,83,0.8829787234042553,-40.896656665098234,92.80923719291228,0.0002738191979005933,13.438034057617188
1703,40.91025641025641,52,49,0.9291025641025641,-23.305992110570273,61.24066104888916,0.0002744920493569225,6.209336757659912
1704,-1.782608695652172,92,83,0.9021739130434783,-12.923356499332172,10.451869108830111,0.00027498352574184537,4.238533020019531
1705,40.95652173913044,46,40,0.8695652173913043,19.458595136801403,31.20252366065979,0.00027661194326356053,5.837497234344482
1706,63.95652173913044,23,20,0.8695652173913043,22.140474398930866,54.88381258646647,0.00029347502277232707,17.036392211914062
1707,-14.715151515151518,110,105,0.9528484848484848,34.85217063560884,97.38947003173828,0.00030201897607184947,11.94936466217041
1708,-14.715151515151518,110,105,0.9528484848484848,29.716081687347963,73.01917799377442,0.0003110145917162299,12.060040473937988
1709,-12.840978593272169,109,105,0.9615902140672783,25.994347807243724,57.0498921585083,0.0003230340371374041,16.875886917114258
1710,-14.715151515151518,110,105,0.9528484848484848,6.067580008445569,7.052139214064926,0.000323296437272802,2.6773464679718018
1711,-115.71090047393365,211,202,0.9528909952606635,-63.77010296465494,229.3077120361328,0.0003028024220839143,7.615176677703857
1712,-16.47147147147146,111,106,0.9452852852852853,-17.030677323467245,29.56338272190094,0.0003031652304343879,3.120955228805542
1713,43.888888888888886,45,40,0.8888888888888888,-2.1411091055876263,0.8011257579084485,0.00030304008396342397,0.13333448767662048
1714,-115.71090047393365,211,202,0.9528909952606635,-47.459580645725715,129.29464373779297,0.00030258524930104613,3.0905914306640625
1715,-16.47147147147146,111,106,0.9452852852852853,-14.067508023063652,19.957904664993286,0.00030330201843753457,3.840106725692749
1716,43.888888888888886,45,40,0.8888888888888888,5.4460450723553855,3.568679161707405,0.0003030623774975538,0.7506052255630493
1717,68.9090909090909,22,20,0.9090909090909091,10.429001274704934,13.886014874776205,0.0003007985360454768,2.5679218769073486
1718,63.95652173913044,23,20,0.8695652173913043,-4.543185814702883,2.3924732957035304,0.000296234677080065,0.7208238840103149
1719,63.95652173913044,23,20,0.8695652173913043,-5.215718973676363,3.0370030269026755,0.00025394829572178423,2.4138500690460205
1720,-3.7526881720430083,93,83,0.8924731182795699,-24.519203186035156,33.66869884322446,0.00025125639513134956,3.456723928451538
1721,63.95652173913044,23,20,0.8695652173913043,-1.35824956818639,0.6463226533902343,0.00024546842905692756,1.1956640481948853
1722,-5.702127659574472,94,83,0.8829787234042553,-22.720216573002826,28.455107263771886,0.000246331823291257,3.883939027786255
1723,43.83660130718954,51,49,0.9483660130718954,10.71152887326122,15.581600924332937,0.0002447976148687303,5.095346927642822
1724,63.95652173913044,23,20,0.8695652173913043,8.93594404856364,9.898465100924174,0.00024398931418545544,2.1665380001068115
1725,-7.631578947368411,95,83,0.8736842105263158,-19.411204005819727,20.879068901261174,0.0002451556792948395,4.0719428062438965
1726,-10.047619047619051,105,100,0.9495238095238095,55.14167576835048,261.3853369140625,0.00026979984249919653,19.72191047668457
1727,-5.702127659574472,94,83,0.8829787234042553,-16.349831221513,14.54825165472835,0.0002634010452311486,1.404951810836792
1728,43.888888888888886,45,40,0.8888888888888888,15.142323636760315,20.081402683258055,0.0002641672908794135,4.524298667907715
1729,41.52564102564102,52,49,0.9352564102564103,-20.93915279013066,48.20390378634135,0.00028722151182591915,19.900501251220703
1730,63.95652173913044,23,20,0.8695652173913043,-12.49518933693568,19.548426071802776,0.0002868043666239828,2.9779508113861084
1731,-10.937694704049846,107,104,0.9606230529595016,33.77114256431149,98.72711936950684,0.0002992516092490405,14.63345718383789
1732,-1.782608695652172,92,83,0.9021739130434783,-17.443488957891503,18.32623871454752,0.0002984709572046995,3.582430601119995
1733,-11.710280373831779,107,103,0.9528971962616822,15.678061407095054,21.45222142791748,0.0002982573350891471,0.9216309785842896
1734,-7.317152103559877,103,99,0.9568284789644013,12.09584314327687,13.134950992107392,0.00029193516820669174,3.878598928451538
1735,41.52564102564102,52,49,0.9352564102564103,-41.83732191807746,204.59917449951172,0.00030745696858502924,18.24220848083496
1736,-112.2948717948718,208,200,0.9570512820512821,73.09152928775549,301.724358291626,0.00030853317002765834,5.193437099456787
1737,63.95652173913044,23,20,0.8695652173913043,-13.02754342953364,20.84788899421692,0.00031211497844196856,7.635386943817139
1738,-9.177777777777777,105,101,0.9582222222222222,-1.886322842220331,3.1607066361469913,0.0003117395972367376,0.9598524570465088
1739,40.95652173913044,46,40,0.8695652173913043,-7.066969785590967,3.831602908919255,0.0003074398555327207,0.8015919923782349
1740,38.369696969696975,55,52,0.9336969696969697,-21.583322273458666,55.87425807317098,0.00030740792863070965,0.5519627332687378
1741,-5.702127659574472,94,83,0.8829787234042553,-47.900399238708985,125.15679407694253,0.0003083868359681219,3.64528489112854
1742,-1.782608695652172,92,83,0.9021739130434783,-21.510064934864715,26.502176909082866,0.000308976013911888,3.787976026535034
1743,-12.827160493827165,108,104,0.9517283950617283,12.456716903488617,15.597284008696676,0.00030987884383648634,4.061893463134766
1744,-3.7526881720430083,93,83,0.8924731182795699,-15.215982780698313,13.489914417266846,0.00031067681265994906,4.051098346710205
1745,63.95652173913044,23,20,0.8695652173913043,49.13509092132251,258.46812006632484,0.00031512105488218367,19.750213623046875
1746,-111.00970873786409,206,196,0.9499029126213592,-21.39751081560459,65.86552120974939,0.0003294020425528288,15.646732330322266
1747,-114.35873015873017,210,201,0.9564126984126984,-22.51836354445247,73.62872509191418,0.00033633268321864307,10.76339054107666
1748,63.95652173913044,23,20,0.8695652173913043,49.72448609670003,264.4934669494629,0.00035344032221473753,17.10187339782715
1749,38.1063829787234,47,40,0.851063829787234,37.48562805652618,103.20548350016276,0.00036224728683009744,11.733928680419922
1750,-114.28253968253969,210,202,0.9571746031746031,-17.68027041167437,41.920037904225985,0.00036414232454262674,11.70101261138916
1751,43.888888888888886,45,40,0.8888888888888888,34.82791948566834,98.34351361592611,0.00035776474396698177,5.420348644256592
1752,43.888888888888886,45,40,0.8888888888888888,18.18970876489766,27.75294382572174,0.0003598001494538039,7.722261905670166
1753,-3.7526881720430083,93,83,0.8924731182795699,-45.0205506972041,109.40031066955811,0.0003556482552085072,3.8438305854797363
1754,63.95652173913044,23,20,0.8695652173913043,-12.309629508356254,16.829599340756733,0.00035157043021172285,4.379722595214844
1755,-14.61212121212121,110,106,0.9538787878787879,-23.39905532956496,51.88069906616211,0.000365868880180642,15.30400562286377
1756,44.373333333333335,50,48,0.9437333333333333,-60.58748820200538,421.5412923177083,0.0003888459468726069,20.944822311401367
1757,-9.177777777777777,105,101,0.9582222222222222,-3.466929510832764,4.407929341494222,0.0003887152997776866,3.1768832206726074
1758,42.85620915032679,51,48,0.938562091503268,-16.306778237949764,31.669710437456768,0.00039320538053289056,8.468765258789062
1759,63.95652173913044,23,20,0.8695652173913043,12.30190138667822,18.13760496775309,0.00039492620271630585,5.259850025177002
1760,-3.7526881720430083,93,83,0.8924731182795699,1.094609515793831,1.7277974269223582,0.0003949162783101201,1.403566598892212
1761,-115.73617693522907,211,202,0.9526382306477094,54.49337927232124,164.1766444091797,0.0003927965008188039,4.699761867523193
1762,44.228758169934636,51,49,0.9522875816993464,58.1337629643614,397.5363077799479,0.0005126261967234313,43.799354553222656
1763,40.95652173913044,46,40,0.8695652173913043,49.04066751797994,178.00032641092938,0.0005449079326353967,27.270580291748047
1764,46.3611111111111,48,46,0.9436111111111111,16.832171360651653,38.154776533444725,0.0005521205603145063,10.946629524230957
1765,43.888888888888886,45,40,0.8888888888888888,19.669953001942485,31.50087947845459,0.0005535238888114691,4.963202953338623
1766,-5.702127659574472,94,83,0.8829787234042553,-46.28525428695372,110.21870189498227,0.0005635226843878627,13.263928413391113
1767,43.18300653594771,51,49,0.9418300653594771,-49.71532801655897,280.954639561971,0.0005696440930478275,11.606718063354492
1768,-11.471698113207552,106,101,0.9452830188679245,-17.24621398337913,28.400111324071883,0.0005701350746676326,4.017173767089844
1769,-3.7526881720430083,93,83,0.8924731182795699,-43.22238392427743,99.35212143740979,0.0005705064977519214,2.700870990753174
1770,-118.7601246105919,214,204,0.952398753894081,-55.18765230565444,170.65623663330078,0.0005783648230135441,11.641283988952637
1771,68.9090909090909,22,20,0.9090909090909091,27.771963984829686,89.51070569356283,0.0005791979492641985,5.986658096313477
1772,43.888888888888886,45,40,0.8888888888888888,17.952383120342468,27.195026071866355,0.0005771402502432466,2.943023920059204
1773,-115.73617693522907,211,202,0.9526382306477094,-5.4271701652109625,3.4660897467383185,0.0005774168530479074,2.8665568828582764
1774,-11.471698113207552,106,101,0.9452830188679245,35.05002365339641,91.50241694641113,0.0005856932839378715,17.148466110229492
1775,40.95652173913044,46,40,0.8695652173913043,14.40968166292878,16.492933424313865,0.0005923222634010017,11.223477363586426
1776,40.95652173913044,46,40,0.8695652173913043,9.138520836705963,7.780440676212311,0.0005893862689845264,2.090416193008423
1777,68.9090909090909,22,20,0.9090909090909091,21.606719655015816,54.46193631490072,0.0005920548574067652,6.899115085601807
1778,-5.702127659574472,94,83,0.8829787234042553,-29.517965297622375,48.23412815538276,0.0005900393007323146,3.974905490875244
1779,40.91358024691358,54,52,0.9491358024691358,-17.275793132391602,34.32349517345428,0.0005910301697440445,5.083552837371826
1780,43.888888888888886,45,40,0.8888888888888888,1.8326327859967326,1.3174380403534693,0.0005816349876113236,0.5169552564620972
1781,41.01282051282051,52,49,0.9301282051282052,-29.18457691338663,91.70912920633951,0.0005831291200593114,6.289334774017334
1782,-11.471698113207552,106,101,0.9452830188679245,34.18157987258892,81.90664004516601,0.0006353662465699017,31.5266170501709
1783,-11.943396226415103,106,100,0.940566037735849,31.621331012248994,72.51051887321472,0.0006438017007894814,15.907583236694336
1784,-11.471698113207552,106,101,0.9452830188679245,32.486419152674294,76.53963095474244,0.0006626026006415486,19.510602951049805
1785,43.888888888888886,45,40,0.8888888888888888,6.522414065400759,4.506708056169251,0.0006605688249692321,2.927948236465454
1786,-3.7526881720430083,93,83,0.8924731182795699,-27.0482301293128,41.68245161585061,0.000662276113871485,6.889345169067383
1787,43.18300653594771,51,49,0.9418300653594771,-32.88605446782506,114.74606831868489,0.0006712877075187862,13.88219928741455
1788,63.95652173913044,23,20,0.8695652173913043,-12.847972821940978,16.882509764035543,0.0006781866541132331,10.983504295349121
1789,-3.7526881720430083,93,83,0.8924731182795699,-23.004911859037286,29.94785706585191,0.0006754293572157621,3.4597954750061035
1790,46.3611111111111,48,46,0.9436111111111111,-9.290511097095441,8.235239252696434,0.0006739194504916668,1.5773578882217407
1791,-14.839506172839506,108,101,0.931604938271605,24.110993251076753,39.80319280284643,0.0007355103734880686,34.22349548339844
1792,63.95652173913044,23,20,0.8695652173913043,13.074542077382405,19.84576458930969,0.0007564000552520156,16.761545181274414
1793,35.70238095238096,56,52,0.9170238095238096,11.241564470109491,13.465629809101422,0.0007577736396342516,4.575700283050537
1794,40.051282051282044,52,48,0.9205128205128205,7.5338088912050205,6.2838012302449595,0.0007635927177034318,8.130809783935547
1795,-122.47772657450076,217,206,0.9452227342549924,20.52849532659154,25.440704374255613,0.0007580756791867316,5.2273359298706055
1796,63.95652173913044,23,20,0.8695652173913043,8.26745729240744,8.140201318264008,0.000756209425162524,4.216057777404785
1797,-122.47772657450076,217,206,0.9452227342549924,-0.5965197830226098,4.565111796251615,0.0007548708817921579,1.510910153388977
1798,2.2222222222222285,90,83,0.9222222222222223,1.73737923182635,2.4256332969857777,0.0007539498037658632,1.7832138538360596
1799,-1.782608695652172,92,83,0.9021739130434783,-20.70714252923866,25.03296592915393,0.0007519537466578186,1.806909203529358
1800,-114.46411483253588,209,198,0.9453588516746412,-9.514597004709255,9.26619128978625,0.00075169513002038,0.3618815839290619
1801,43.18300653594771,51,49,0.9418300653594771,-15.520117424641164,22.421992897987366,0.0007541170925833285,6.4112935066223145
1802,-3.7526881720430083,93,83,0.8924731182795699,-30.97533336317683,51.42544262284735,0.0007460787892341614,0.26655954122543335
1803,41.01282051282051,52,49,0.9301282051282052,-10.31295131787471,9.901633375883103,0.0007420697947964072,1.283085823059082
1804,46.3611111111111,48,46,0.9436111111111111,0.6432622462120586,1.0984564339636562,0.0007412558770738542,7.035796642303467
1805,42.85620915032679,51,48,0.938562091503268,11.756708609512316,14.057032314439615,0.0007391612161882222,3.040955066680908
1806,-1.782608695652172,92,83,0.9021739130434783,-4.029078001197592,2.7687506910328703,0.0007253338699229062,1.1217252016067505
1807,38.369696969696975,55,52,0.9336969696969697,20.834643394347708,43.68418445587158,0.0007572394679300487,24.772687911987305
1808,63.95652173913044,23,20,0.8695652173913043,13.888770961761475,20.92394626935323,0.0007607744773849845,14.297091484069824
1809,41.062893081761004,53,51,0.94062893081761,10.07086020756736,11.243922451138497,0.0007433461723849177,10.288248062133789
1810,-11.13968253968254,105,99,0.9386031746031746,9.066156357243656,9.42033293575971,0.0007431622361764312,6.527825355529785
1811,-12.769470404984418,107,101,0.9423052959501558,0.7345637675938197,5.261995768683239,0.0007404105272144079,1.421411156654358
1812,-11.13968253968254,105,99,0.9386031746031746,-8.458833265447115,10.508546721460299,0.0007403623894788325,3.594449281692505
1813,43.888888888888886,45,40,0.8888888888888888,-2.4183407393594583,0.7894717255684858,0.0007400767062790692,1.8295344114303589
1814,-113.75279106858054,209,200,0.9524720893141946,-20.874304823156564,24.8018584959507,0.0007390444516204298,0.9677606821060181
1815,-5.702127659574472,94,83,0.8829787234042553,-53.985161341173225,147.77666415172408,0.0007564921979792416,19.003955841064453
1816,38.761006289308185,53,49,0.9176100628930818,-46.54857388293603,201.0287156422933,0.0008059900719672441,26.296571731567383
1817,38.369696969696975,55,52,0.9336969696969697,-13.02303408053073,17.289991279443104,0.0008101112325675786,10.44843864440918
1818,-11.471698113207552,106,101,0.9452830188679245,26.748732831905304,51.037729363441464,0.0008144279709085822,6.66044282913208
1819,43.888888888888886,45,40,0.8888888888888888,41.09962701002757,129.29153162638346,0.0008171253721229732,8.993159294128418
1820,43.888888888888886,45,40,0.8888888888888888,46.26476208368937,153.61621958414713,0.0008401562226936221,21.59538459777832
1821,-11.081761006289312,106,101,0.9491823899371069,42.43436905067519,121.53183882141113,0.0008409277070313692,1.5016955137252808
1822,-1.782608695652172,92,83,0.9021739130434783,-4.13008548040317,2.778782184147622,0.0008389931754209101,0.8124106526374817
1823,43.888888888888886,45,40,0.8888888888888888,21.90413904984792,36.52682447433472,0.0008385691908188164,4.392529487609863
1824,68.9090909090909,22,20,0.9090909090909091,6.709436778227488,5.282456382115682,0.0008392086601816118,2.6438944339752197
1825,46.3611111111111,48,46,0.9436111111111111,-39.802602510846434,146.65258057912192,0.0011587139451876283,70.1180419921875
1826,46.90909090909091,44,40,0.9090909090909091,6.665107787714805,4.3292274220536155,0.0011384618701413274,0.6575102210044861
1827,-123.92354740061161,218,206,0.9407645259938838,-31.735199045343556,57.54563282585144,0.0011436090571805835,8.00973129272461
1828,-3.7526881720430083,93,83,0.8924731182795699,-36.738989058268594,72.27037858771511,0.001142139546573162,1.9157720804214478
1829,-3.7526881720430083,93,83,0.8924731182795699,-30.94767031946545,50.49377285907546,0.001115487888455391,4.959456920623779
1830,-12.271028037383175,107,102,0.9472897196261683,15.509036075465701,19.452229840351503,0.0011156180407851934,3.808192491531372
1831,-14.148148148148152,108,102,0.9385185185185185,13.288263636445125,15.510269468846266,0.0010993400355800986,0.899708092212677
1832,-117.26100628930818,212,201,0.9473899371069182,36.9232521237005,69.11709005519748,0.0010997895151376724,4.9481520652771
1833,46.90909090909091,44,40,0.9090909090909091,37.120770030468705,105.97664318084716,0.0011007642606273293,3.131882429122925
1834,-117.18553459119498,212,202,0.9481446540880503,20.239330368509446,23.261405451465397,0.0010989838046953082,2.691098690032959
1835,-11.13968253968254,105,99,0.9386031746031746,-2.6643869669758713,4.925759821172425,0.0010831498075276613,2.5413217544555664
1836,-119.5984496124031,215,206,0.954015503875969,-7.102188523939309,5.969486694304971,0.0010803634067997336,0.879090428352356
1837,40.051282051282044,52,48,0.9205128205128205,-41.44551001841804,162.9240493774414,0.0010993590112775564,17.122896194458008
1838,-111.00970873786409,206,196,0.9499029126213592,-5.772283143322449,5.109788988418295,0.00109956378582865,3.4094109535217285
1839,-11.943396226415103,106,100,0.940566037735849,-6.3619811650812625,7.760221446072682,0.0011002252576872706,5.002101421356201
1840,43.888888888888886,45,40,0.8888888888888888,21.13031934564545,35.550236797332765,0.0011009818408638239,3.989362955093384
1841,-12.582554517133957,107,102,0.9441744548286605,5.560228155535268,5.724221036826784,0.0011027287691831589,4.712170600891113
1842,-8.782051282051285,104,100,0.9521794871794872,12.602873039351653,14.471574783376884,0.0011043241247534752,4.285120010375977
1843,-115.2063492063492,210,200,0.947936507936508,-13.745704538680933,12.069708136871457,0.0011039776727557182,2.696366786956787
1844,63.95652173913044,23,20,0.8695652173913043,4.5458508163690565,2.923319963614146,0.001102339243516326,0.946756899356842
1845,63.95652173913044,23,20,0.8695652173913043,4.056983142097791,2.3921855092048645,0.0010807616636157036,1.926052212715149
1846,63.95652173913044,23,20,0.8695652173913043,2.9656746476888656,1.5234762058593332,0.0010634227655828,0.9781553745269775
1847,41.062893081761004,53,51,0.94062893081761,-1.163274051518143,0.7025411939118688,0.0010579419322311878,0.5853803157806396
1848,68.9090909090909,22,20,0.9090909090909091,15.277244841617842,25.025250975290934,0.0010461200727149844,10.355567932128906
1849,43.888888888888886,45,40,0.8888888888888888,16.676648502672712,21.86672960917155,0.0010405326029285789,3.775893449783325
1850,40.95652173913044,46,40,0.8695652173913043,-1.5412032485784342,0.5044346337878475,0.0010314902756363153,0.14467060565948486
1851,-12.968847352024923,107,101,0.9403115264797508,-15.965026718139649,23.508166291952133,0.0010293069062754512,1.4906808137893677
1852,-115.03492063492064,210,200,0.9496507936507936,-21.99936434770607,27.034488211631775,0.0010308930650353432,9.061137199401855
1853,-1.782608695652172,92,83,0.9021739130434783,-32.29507688286314,57.30363370137042,0.0010334945982322097,6.366715908050537
1854,-115.81200631911533,211,201,0.9518799368088467,-5.065083800831016,4.229684673211188,0.0010316423140466213,1.2301963567733765
1855,41.52564102564102,52,49,0.9352564102564103,-25.497440268240705,62.635570748647055,0.0010678558610379696,27.228200912475586
1856,-109.59186991869919,205,196,0.9540813008130081,30.163798834531104,48.50355502891541,0.001039189868606627,2.283407688140869
1857,43.18300653594771,51,49,0.9418300653594771,-2.022059263271103,0.6525110677584356,0.0010393637930974364,1.8927432298660278
1858,-121.05246913580247,216,206,0.9494753086419753,12.726527323006128,11.571061102113221,0.0010393785778433084,8.488018035888672
1859,46.90909090909091,44,40,0.9090909090909091,41.67621079380624,131.23486105600992,0.0010402422631159425,5.485177040100098
1860,43.888888888888886,45,40,0.8888888888888888,24.197969369093578,46.87605013847351,0.0010435597505420446,7.052254676818848
1861,68.9090909090909,22,20,0.9090909090909091,5.726956189547976,4.270005651315054,0.001041924930177629,2.5198540687561035
1862,-118.6056338028169,213,202,0.943943661971831,-15.099524468334101,14.45551091003418,0.0009313837508670986,7.882651329040527
1863,63.95652173913044,23,20,0.8695652173913043,-19.63866049448649,41.9194621404012,0.0008874139748513699,4.199213981628418
1864,-3.7526881720430083,93,83,0.8924731182795699,-36.1404401395455,67.46941657621697,0.0008850051672197878,9.31738567352295
1865,68.9090909090909,22,20,0.9090909090909091,-4.927105266717263,2.6634680228928724,0.000883412198163569,1.3054543733596802
1866,-5.702127659574472,94,83,0.8829787234042553,-42.360191307034356,95.4847885805919,0.0008723586215637624,0.9365752339363098
1867,-3.7526881720430083,93,83,0.8924731182795699,-28.742277386676836,45.632978508271364,0.0008653610129840672,4.117082118988037
1868,44.373333333333335,50,48,0.9437333333333333,-23.27383393779989,57.497118123372395,0.0008869103621691465,18.924596786499023
1869,40.91025641025641,52,49,0.9291025641025641,-8.124949133213764,7.211168445150057,0.0008881693356670439,5.166683197021484
1870,0.2087912087912116,91,83,0.9120879120879121,18.96680535465838,20.414274156332972,0.0008807017002254725,3.789492607116699
1871,43.888888888888886,45,40,0.8888888888888888,47.70703428164124,168.65682525634764,0.0009441564907319844,32.674095153808594
1872,46.90909090909091,44,40,0.9090909090909091,58.53372607378599,270.63000068664553,0.0009877041447907686,26.687423706054688
1873,-109.59186991869919,205,196,0.9540813008130081,41.86515855436306,93.99247885894775,0.00098826689645648,4.289637565612793
1874,43.888888888888886,45,40,0.8888888888888888,20.865015451113383,34.519861380259194,0.0009745019488036633,8.573540687561035
1875,-14.700305810397552,109,104,0.9429969418960245,21.215271336036736,34.3224238645155,0.0009800315601751208,14.642273902893066
1876,46.3611111111111,48,46,0.9436111111111111,-48.96752409671856,236.86521008809407,0.0010036220774054527,19.924196243286133
1877,46.90909090909091,44,40,0.9090909090909091,-0.8123100813167791,0.674403351059785,0.001000886899419129,0.05772038549184799
1878,40.814814814814824,54,52,0.9481481481481482,-25.85061357194239,78.3856097539266,0.001005732105113566,9.562298774719238
1879,-115.73617693522907,211,202,0.9526382306477094,-49.49541262845625,129.45999491882324,0.0010101336520165205,9.764312744140625
1880,-10.688888888888883,105,100,0.9431111111111111,18.905325872699787,28.93790148949623,0.0010105713736265898,2.5141193866729736
1881,45.733333333333334,50,48,0.9573333333333334,12.218111366737322,18.114275556306044,0.0010098062921315432,5.7151336669921875
1882,-11.13968253968254,105,99,0.9386031746031746,27.227966357816012,54.238464321136476,0.0009514671983197331,9.38847541809082
1883,-3.7526881720430083,93,83,0.8924731182795699,-7.526674068647897,4.530087505260416,0.0009344127029180527,0.5707729458808899
1884,46.90909090909091,44,40,0.9090909090909091,39.423963503279566,122.60122845967611,0.0009140772162936628,10.304037094116211
1885,43.888888888888886,45,40,0.8888888888888888,22.17526120742162,37.79967107772827,0.0009197211475111544,11.526273727416992
1886,-121.05246913580247,216,206,0.9494753086419753,-36.83000746393856,81.44473822021484,0.0009332534391433001,15.595464706420898
1887,-117.16037735849056,212,202,0.9483962264150944,-22.993320293584837,31.212713914871216,0.0009211470605805516,4.409185886383057
1888,-11.710280373831779,107,103,0.9528971962616822,10.876560966080923,12.237235890671146,0.0009155208826996386,3.1614248752593994
1889,38.369696969696975,55,52,0.9336969696969697,-32.3516136687443,111.49098962148031,0.0009481257875449955,24.403810501098633
1890,-109.59186991869919,205,196,0.9540813008130081,45.34764711007103,106.98468642425537,0.0009507630602456629,5.529012203216553
1891,43.73202614379085,51,49,0.9473202614379085,-21.061835351566213,47.557708485921225,0.0008772241417318583,9.49858570098877
1892,-5.702127659574472,94,83,0.8829787234042553,-29.619376815541322,47.10827113538382,0.0008632271201349795,0.6018815636634827
1893,43.888888888888886,45,40,0.8888888888888888,20.192934610446294,32.1471981048584,0.0008651604293845594,7.827365875244141
1894,-12.271028037383175,107,102,0.9472897196261683,30.042256667670443,64.64022915649414,0.0008677642908878624,7.783057689666748
1895,-8.782051282051285,104,100,0.9521794871794872,30.865695826889432,72.60307929992676,0.0008769592386670411,15.370954513549805
1896,43.83660130718954,51,49,0.9483660130718954,4.675617245219155,2.943441605203164,0.0008749729604460299,0.30403417348861694
1897,63.95652173913044,23,20,0.8695652173913043,8.192640030384064,8.49023678302765,0.0008761477074585855,7.038061141967773
1898,40.814814814814824,54,52,0.9481481481481482,-5.578205290182768,4.306009745287398,0.0008771435241214931,2.7384910583496094
1899,41.01282051282051,52,49,0.9301282051282052,-26.445682638613896,70.69341411590577,0.0009115003631450236,25.74143409729004
1900,63.95652173913044,23,20,0.8695652173913043,5.2051234424114226,3.44899297952652,0.00091153773246333,0.8910585045814514
1901,-12.214953271028037,107,102,0.9478504672897197,4.4390448024670475,4.538214744187892,0.0009119847672991455,3.302725315093994
1902,43.888888888888886,45,40,0.8888888888888888,16.493294228737554,21.207926273345947,0.000912401475943625,4.494470119476318
1903,-115.71090047393365,211,202,0.9528909952606635,0.8129230144812273,3.1165937706767584,0.0009117979207076132,2.608940839767456
1904,63.95652173913044,23,20,0.8695652173913043,7.312633117785056,6.3981386661529545,0.00090696633560583,3.5886335372924805
1905,68.9090909090909,22,20,0.9090909090909091,19.56039056220713,47.35899035135905,0.0009075110428966582,3.465562105178833
1906,46.90909090909091,44,40,0.9090909090909091,18.51030359535944,27.70748665332794,0.0009098746231757104,4.812345027923584
1907,43.888888888888886,45,40,0.8888888888888888,-0.7871251524513354,0.3584010450237353,0.0008777339244261384,0.5152420401573181
1908,63.95652173913044,23,20,0.8695652173913043,-9.313940682013829,10.0232612768809,0.000867702707182616,2.7015745639801025
1909,59.33333333333334,24,20,0.8333333333333334,-25.83706101576487,75.60013872782389,0.0008841696544550359,18.646333694458008
1910,43.18300653594771,51,49,0.9418300653594771,-42.63088684232701,212.7015485127767,0.000907863664906472,19.845001220703125
1911,43.83660130718954,51,49,0.9483660130718954,-23.198519080800178,62.491356150309244,0.0009201022330671549,12.758424758911133
1912,-11.13968253968254,105,99,0.9386031746031746,-4.717589777402988,6.659434045309434,0.0009186574025079608,0.36983224749565125
1913,41.3974358974359,52,49,0.933974358974359,16.4604925014001,32.83822130362193,0.0009180267807096243,1.777084469795227
1914,-1.782608695652172,92,83,0.9021739130434783,-0.045585817616268336,1.399151073064575,0.0009180281194858253,0.8625823855400085
1915,-10.320754716981128,106,102,0.9567924528301887,44.73270209965482,151.24741023254396,0.0009227845584973693,20.775325775146484
1916,46.90909090909091,44,40,0.9090909090909091,75.07407675620634,434.3122932434082,0.0009320821845903993,26.978429794311523
1917,-118.7601246105919,214,204,0.952398753894081,-12.4986870907186,10.375374681146349,0.000924233696423471,0.5879551768302917
1918,43.888888888888886,45,40,0.8888888888888888,43.32459547917048,147.8121737798055,0.0009265674743801355,7.966886520385742
1919,43.888888888888886,45,40,0.8888888888888888,27.25282653827841,57.59456723531087,0.0009270808077417314,9.15900707244873
1920,-3.7526881720430083,93,83,0.8924731182795699,-42.55203449642323,98.4034156033313,0.0009039191645570099,10.557348251342773
1921,-3.7526881720430083,93,83,0.8924731182795699,-52.47779289367478,144.18210224932935,0.0009344668360427022,23.353130340576172
1922,42.85620915032679,51,48,0.938562091503268,-47.50261777874742,236.32744636535645,0.0009533375850878656,16.49486541748047
1923,59.33333333333334,24,20,0.8333333333333334,-11.13237488468488,12.830621266365052,0.0009629235719330609,12.140950202941895
1924,-10.880503144654085,106,101,0.9511949685534591,-19.655157159943133,33.100240728378296,0.0009628859697841108,3.831603527069092
1925,-109.59186991869919,205,196,0.9540813008130081,-21.15786399485078,26.411208836989594,0.0006646615802310407,0.9908432364463806
1926,43.888888888888886,45,40,0.8888888888888888,23.69875983968377,41.100176922480266,0.000669435947202146,8.471619606018066
1927,-3.7526881720430083,93,83,0.8924731182795699,-24.846734010139443,34.27965138140453,0.0006673639873042703,5.361362457275391
1928,-117.18553459119498,212,202,0.9481446540880503,-8.130124594730383,5.750060713726678,0.0006672280142083764,1.1107935905456543
1929,-114.28253968253969,210,202,0.9571746031746031,16.66318078781438,17.973640892505646,0.0006658190977759659,0.24977855384349823
1930,63.95652173913044,23,20,0.8695652173913043,32.74150908788045,123.58041674296061,0.0006892450619488955,19.919368743896484
1931,63.95652173913044,23,20,0.8695652173913043,31.299003178874653,114.11395022074382,0.000703982193954289,15.609663009643555
1932,-10.047619047619051,105,100,0.9495238095238095,23.444335914428265,42.32328263664245,0.0007088087149895728,10.453522682189941
1933,-111.55072463768116,207,198,0.9544927536231884,22.49597680432396,27.60420611166954,0.0007088775164447725,3.220341920852661
1934,-9.237179487179489,104,99,0.9476282051282051,8.331510967850685,8.036436299638822,0.0007084361277520657,1.508425235748291
1935,68.9090909090909,22,20,0.9090909090909091,25.10059572805961,77.0422876993815,0.0007139285444281995,10.13071060180664
1936,41.01282051282051,52,49,0.9301282051282052,-32.15639064082207,113.52899411519368,0.0007909621926955879,35.172523498535156
1937,46.3611111111111,48,46,0.9436111111111111,-33.11303168093436,109.96739393870035,0.0007738840649835765,4.342337608337402
1938,63.95652173913044,23,20,0.8695652173913043,4.840782668193182,3.115757042169571,0.0007736257393844426,2.4829108715057373
1939,-16.573573573573583,111,105,0.9442642642642642,-4.84418439863158,7.215108560519351,0.0007722614682279527,1.201095700263977
1940,-120.12558139534883,215,204,0.9487441860465117,-24.31204520303919,39.196003427505495,0.0007791249081492424,11.287604331970215
1941,41.52564102564102,52,49,0.9352564102564103,15.527485870180135,23.973514866828918,0.0007855978910811245,11.610062599182129
1942,-10.688888888888883,105,100,0.9431111111111111,16.502840983535453,22.718655537212502,0.0007842662162147462,0.24680694937705994
1943,68.9090909090909,22,20,0.9090909090909091,36.491624173816916,152.57460606892903,0.000785411917604506,5.2970781326293945
1944,63.95652173913044,23,20,0.8695652173913043,15.74204673729837,27.933470884958904,0.0007865524967201054,4.257880210876465
1945,40.95652173913044,46,40,0.8695652173913043,13.47331338711083,14.217363121112188,0.0007862310740165412,1.208143711090088
1946,38.369696969696975,55,52,0.9336969696969697,-8.359255084490602,8.868091971675556,0.000790093035902828,8.448720932006836
1947,43.73202614379085,51,49,0.9473202614379085,-16.54085227090067,29.935947012901305,0.0008154292008839548,20.880464553833008
1948,68.9090909090909,22,20,0.9090909090909091,4.605735680722864,2.7895843038956323,0.0008093414944596589,0.7803261280059814
1949,40.91025641025641,52,49,0.9291025641025641,-29.63229587376512,92.40043169657389,0.0009025682229548693,39.97314453125
1950,-14.700305810397552,109,104,0.9429969418960245,-6.204812269629678,7.57728793742304,0.0009039518772624433,3.836588144302368
1951,-114.46411483253588,209,198,0.9453588516746412,20.188891994641423,21.269118665751535,0.0009046248160302639,4.260035514831543
1952,41.01282051282051,52,49,0.9301282051282052,0.8492329017835156,0.48592215534457256,0.0008983202278614044,1.3859108686447144
1953,-3.7526881720430083,93,83,0.8924731182795699,-20.18910141971456,24.028944361161994,0.0008951702038757503,2.1388192176818848
1954,63.95652173913044,23,20,0.8695652173913043,12.772880339622498,18.35627099672953,0.0009013082599267364,10.496251106262207
1955,-3.7526881720430083,93,83,0.8924731182795699,-13.362026466303561,12.04579097674374,0.0008511104388162494,2.4820363521575928
1956,-117.18553459119498,212,202,0.9481446540880503,25.257756530207118,32.11100564582087,0.0008551988867111504,10.596972465515137
1957,42.294117647058826,51,48,0.9329411764705883,24.245269602114544,56.90167048772176,0.0008560995338484645,3.6550581455230713
1958,68.9090909090909,22,20,0.9090909090909091,28.370158588249858,91.71610005696614,0.0008609317010268569,9.971217155456543
1959,63.95652173913044,23,20,0.8695652173913043,2.7510957952588795,1.4758754166696841,0.0008588091586716473,0.6448793411254883
1960,-3.7526881720430083,93,83,0.8924731182795699,-30.334871715450863,52.00433394803579,0.0008587117772549391,9.401969909667969
1961,68.9090909090909,22,20,0.9090909090909091,0.5168224923438781,0.48314779219508636,0.0008591933292336762,1.4466474056243896
1962,-117.18553459119498,212,202,0.9481446540880503,-39.7398790015158,78.17419082641601,0.0008559103007428348,4.442038536071777
1963,41.52564102564102,52,49,0.9352564102564103,-35.88154869432037,119.45048948923747,0.0008594280807301402,7.749180793762207
1964,42.294117647058826,51,48,0.9329411764705883,-26.52546028337771,66.38237504959106,0.0008597708074375987,6.832771301269531
1965,68.9090909090909,22,20,0.9090909090909091,10.037916913550967,12.347328559557598,0.0008631283999420702,6.0982561111450195
1966,46.90909090909091,44,40,0.9090909090909091,45.5424973398447,158.51086648305258,0.0008749761036597192,15.362836837768555
1967,-11.13968253968254,105,99,0.9386031746031746,27.45908143793745,53.889285806655884,0.0009048777283169329,23.754262924194336
1968,-18.41666666666667,112,105,0.9358333333333333,22.041269555695415,39.19303058263009,0.0008789132116362453,4.6473469734191895
1969,-12.968847352024923,107,101,0.9403115264797508,19.777633446352556,32.24326500166728,0.0008758442709222436,3.0174665451049805
1970,-14.456790123456784,108,102,0.9354320987654321,5.426296178361692,7.492212779053152,0.0008762893849052489,4.172508239746094
1971,43.888888888888886,45,40,0.8888888888888888,9.140830205217934,7.74153923066333,0.000817631371319294,1.365882396697998
1972,-125.34094368340944,219,206,0.9365905631659056,-32.72972113062616,55.8181370048523,0.000768794387113303,0.48086339235305786
1973,-115.91428571428571,210,198,0.9408571428571428,-8.690958670737972,6.664846718971617,0.000771859718952328,7.479062557220459
1974,38.09090909090909,55,52,0.9309090909090909,-35.368260789327906,125.80418211619059,0.0008125221938826144,28.475330352783203
1975,-18.41666666666667,112,105,0.9358333333333333,-18.185884227652366,27.65559676109627,0.000804129580501467,4.551382064819336
1976,-3.7526881720430083,93,83,0.8924731182795699,-31.943986862731432,56.254109091548074,0.0007772815879434347,5.068549633026123
1977,40.95652173913044,46,40,0.8695652173913043,6.535787826186667,3.811352220301827,0.0007775311241857708,1.0723259449005127
1978,-3.7526881720430083,93,83,0.8924731182795699,-15.284219508878438,15.799786268131262,0.0007740498404018581,2.8067641258239746
1979,-18.31547619047619,112,106,0.9368452380952381,35.1513234673799,87.33238497161865,0.000771552266087383,2.8099422454833984
1980,-3.7526881720430083,93,83,0.8924731182795699,-4.991305129217773,4.1014850614195035,0.0007716201362200081,2.5808327198028564
1981,-125.85844748858447,219,204,0.9314155251141553,63.71308294683509,195.59085235595703,0.0007687255856581032,4.187710762023926
1982,36.33333333333333,53,48,0.8933333333333333,-3.257066034601591,1.3596714136578762,0.0007606990402564406,1.8474246263504028
1983,-120.80996884735202,214,200,0.9319003115264798,31.877047917374004,50.23619341683388,0.0007632889901287854,4.6241841316223145
1984,-19.144144144144136,111,103,0.9185585585585586,-2.318379017447936,5.583607234366238,0.0007545871194452047,1.1774413585662842
1985,-15.222222222222214,108,101,0.9277777777777778,0.8560811850911705,6.879320952451904,0.0007430757395923138,2.58777117729187
1986,41.52287581699346,51,48,0.9252287581699347,-2.559095883524007,1.047529203571806,0.0007321432931348681,0.45424166321754456
1987,-119.5414710485133,213,200,0.934585289514867,-49.40620082341833,115.52063150024414,0.000744965102057904,12.608654022216797
1988,35.46913580246914,54,49,0.8946913580246914,-19.527778777937296,37.410026439030965,0.000764879398047924,16.787342071533203
1989,-118.80188679245283,212,198,0.9319811320754717,-48.541281087365,112.93147802734374,0.0007253527292050421,9.408788681030273
1990,-11.943396226415103,106,100,0.940566037735849,18.898255218245964,28.89880068143102,0.0007248978945426643,4.71358585357666
1991,-127.28181818181818,220,204,0.9271818181818182,-39.32578002917557,78.17247808074951,0.0007209009490907192,3.7576093673706055
1992,-124.50764525993884,218,204,0.9349235474006116,0.7620707418477396,2.0400771081174027,0.0007214706856757402,1.8441063165664673
1993,43.888888888888886,45,40,0.8888888888888888,66.87248523235321,326.0586626688639,0.0007477348553948104,20.853492736816406
1994,-1.782608695652172,92,83,0.9021739130434783,14.09472539521888,11.895658321450483,0.000746189325582236,1.4886083602905273
1995,68.9090909090909,22,20,0.9090909090909091,38.54198176180944,170.32280654907225,0.000729415740352124,5.941750526428223
1996,32.91812865497076,57,52,0.8991812865497076,11.261445007912455,12.46281508165072,0.0007313957903534174,4.085232257843018
1997,-112.51368760064412,207,196,0.9448631239935588,74.28623926584307,265.07398123168946,0.0007629513856954873,22.362464904785156
1998,40.95652173913044,46,40,0.8695652173913043,-14.458898871360967,14.444341929753621,0.000763900054153055,5.855828285217285
1999,-3.7526881720430083,93,83,0.8924731182795699,-48.60174088042424,123.44354402779575,0.0007364121847786009,15.97695255279541
2000,38.761006289308185,53,49,0.9176100628930818,-77.44611268838247,541.2598861694336,0.0008525295997969806,41.659908294677734
2001,-112.46859903381642,207,196,0.9453140096618358,13.317928128078929,13.677526372844353,0.0008527254685759544,0.9206149578094482
2002,68.9090909090909,22,20,0.9090909090909091,-4.994264085466663,2.7211055268067867,0.0008508294122293591,0.8638468384742737
2003,-1.782608695652172,92,83,0.9021739130434783,-15.70412894153227,16.125200004597385,0.0008501757401973009,1.7917306423187256
2004,-3.7526881720430083,93,83,0.8924731182795699,-14.753962498331203,14.274223952468141,0.0008539301925338805,7.7619452476501465
2005,46.90909090909091,44,40,0.9090909090909091,64.59440540958506,303.28904050191244,0.0008533012587577105,4.328981399536133
2006,38.09090909090909,55,52,0.9309090909090909,39.04376675507422,149.61393000284832,0.0008660160237923265,13.280332565307617
2007,-15.45871559633028,109,103,0.9354128440366972,15.39147909931885,19.78276334819291,0.0008671627729199827,6.249885082244873
2008,-123.91131498470948,218,206,0.9408868501529052,-35.302208131753375,70.79439965438843,0.0008882831898517907,17.506689071655273
2009,-1.782608695652172,92,83,0.9021739130434783,-13.676572608899878,12.918835343336724,0.0008694676216691732,0.4307605028152466
2010,42.294117647058826,51,48,0.9329411764705883,-1.407428223220783,0.8799791276916948,0.0008481136173941195,0.9212985038757324
2011,46.90909090909091,44,40,0.9090909090909091,33.75307451208743,86.19102023442586,0.0008424251573160291,6.156274795532227
2012,-3.7526881720430083,93,83,0.8924731182795699,-34.76766379674276,64.9999648251208,0.0008453899645246565,7.497738838195801
2013,41.52287581699346,51,48,0.9252287581699347,-28.71359648543051,84.6566785812378,0.0008633805555291474,16.46738052368164
2014,-1.782608695652172,92,83,0.9021739130434783,-25.517204229731156,38.26718413494677,0.0008641539025120437,4.263261795043945
2015,63.95652173913044,23,20,0.8695652173913043,-7.553088775758321,6.380573722223441,0.0008394256583414972,1.7931450605392456
2016,-120.2031007751938,215,204,0.947968992248062,-6.4928948391302255,7.539565950006363,0.0007964487303979695,2.370955228805542
2017,43.888888888888886,45,40,0.8888888888888888,27.577108895530305,58.09696677525838,0.0008102739229798317,14.711747169494629
2018,-3.7526881720430083,93,83,0.8924731182795699,-17.22033754601536,18.598631391084815,0.0008066245936788619,1.3217164278030396
2019,-3.7526881720430083,93,83,0.8924731182795699,-15.196629368388711,14.732409604342587,0.0008017760701477528,1.7884889841079712
2020,-117.26100628930818,212,201,0.9473899371069182,23.180863195069048,27.618916294222696,0.0007984319236129522,7.551851749420166
2021,68.9090909090909,22,20,0.9090909090909091,26.037224724764624,73.60454158782959,0.0008085333392955363,26.941123962402344
2022,-123.07680491551459,217,204,0.9392319508448541,-0.46170482984863337,4.672263380215154,0.0007924909587018192,0.6186308860778809
2023,43.888888888888886,45,40,0.8888888888888888,26.320086320357706,52.157074546813966,0.0007870464469306171,7.3488359451293945
2024,42.294117647058826,51,48,0.9329411764705883,-10.711668946655118,11.940240212281545,0.0007866086671128869,2.98173451423645
2025,-16.0091743119266,109,102,0.929908256880734,-3.3591579052992167,6.362808549462352,0.0007866504020057619,1.328204870223999
2026,63.95652173913044,23,20,0.8695652173913043,-13.132535632451376,17.380642938613892,0.0007871443522162735,8.797412872314453
2027,-10.047619047619051,105,100,0.9495238095238095,9.763416938636167,10.33334562786961,0.0007890707347542048,7.848316669464111
2028,-3.7526881720430083,93,83,0.8924731182795699,-28.567741748188663,46.6695207113243,0.0007896698080003262,3.243758201599121
2029,-7.317152103559877,103,99,0.9568284789644013,15.433245559693605,20.656659874864154,0.000794660416431725,9.158456802368164
2030,-121.05246913580247,216,206,0.9494753086419753,-8.60024774742,5.621938042639871,0.0007705370080657303,1.2751208543777466
2031,-3.7526881720430083,93,83,0.8924731182795699,-30.71618730419813,52.50043825356357,0.0007604453130625188,9.039478302001953
2032,-13.592592592592595,108,103,0.9440740740740741,4.825363235756609,5.255590365583543,0.0007547417189925909,4.21570348739624
2033,-5.702127659574472,94,83,0.8829787234042553,-35.34629202846543,67.46518387085942,0.0007630116888321936,11.960624694824219
2034,44.69333333333333,50,48,0.9469333333333333,-12.581271915441691,16.50163910786311,0.0007643193239346147,4.84934663772583
2035,-11.13968253968254,105,99,0.9386031746031746,16.193943342279642,20.740802432835103,0.0007588666048832238,4.116000652313232
2036,-115.2063492063492,210,200,0.947936507936508,19.890225905396395,24.350104784965517,0.0006826684111729264,1.6244103908538818
2037,63.95652173913044,23,20,0.8695652173913043,1.997433381646018,0.8212048972435393,0.0006819544360041618,3.2505300045013428
2038,40.95652173913044,46,40,0.8695652173913043,13.711711072921753,14.896886825561523,0.0006853066734038293,8.015107154846191
2039,46.90909090909091,44,40,0.9090909090909091,32.35098825599998,83.81120716730753,0.0006861305446363986,3.91772198677063
2040,-3.7526881720430083,93,83,0.8924731182795699,-16.96987382906029,17.95189481231582,0.000677917618304491,2.3784499168395996
2041,59.33333333333334,24,20,0.8333333333333334,-20.124246660868327,43.3953283627828,0.0006700984085910022,3.941810131072998
2042,43.73202614379085,51,49,0.9473202614379085,-10.316681054031749,11.576480400562286,0.0006702685495838523,1.2942588329315186
2043,-5.702127659574472,94,83,0.8829787234042553,-28.53088926522428,45.77926524671685,0.0006685222615487874,2.0985474586486816
2044,68.9090909090909,22,20,0.9090909090909091,16.274304938075755,31.58801374435425,0.0006686613196507096,3.8396427631378174
2045,63.95652173913044,23,20,0.8695652173913043,2.20842028928746,0.9475992188490636,0.0006686983397230506,1.5021215677261353
2046,-5.702127659574472,94,83,0.8829787234042553,-23.672007758705224,31.657371846547566,0.0006662000087089837,5.766708850860596
2047,63.95652173913044,23,20,0.8695652173913043,3.831294302952786,2.0174716209371883,0.0006376962992362678,0.14678658545017242
2048,-121.05246913580247,216,206,0.9494753086419753,-19.818699701169272,22.823425265312196,0.0006379194092005491,1.4255043268203735
2049,-1.782608695652172,92,83,0.9021739130434783,0.9862937138801119,1.9619682510964336,0.0005348303820937872,0.6705777049064636
2050,59.33333333333334,24,20,0.8333333333333334,-6.849044380585353,5.166893720626831,0.0005354337044991553,3.067173719406128
2051,-117.16037735849056,212,202,0.9483962264150944,5.11165870624301,2.418443961531506,0.000533699057996273,0.9888160228729248
2052,40.91025641025641,52,49,0.9291025641025641,11.57465591530005,14.69944250981013,0.0005336792091839015,3.579246759414673
2053,-11.081761006289312,106,101,0.9491823899371069,45.82604639050364,139.9002776489258,0.0005965324817225337,31.01490020751953
2054,-11.081761006289312,106,101,0.9491823899371069,36.787292109864474,99.12872831726074,0.0006531424587592483,33.38587951660156
2055,40.95652173913044,46,40,0.8695652173913043,-2.145085698987047,0.7379542930628911,0.0006524783675558865,1.1323370933532715
2056,-13.592592592592595,108,103,0.9440740740740741,7.679416213476623,7.163654865382239,0.000643705076072365,2.187556743621826
2057,-3.7526881720430083,93,83,0.8924731182795699,-32.93708058650115,61.45637077883065,0.0006437576957978308,3.9283885955810547
2058,40.95652173913044,46,40,0.8695652173913043,-30.31423873032133,63.63507531483968,0.0006638289196416736,18.821348190307617
2059,46.90909090909091,44,40,0.9090909090909091,-7.576393636036665,4.743028054679841,0.0006640606443397701,1.2965939044952393
2060,63.95652173913044,23,20,0.8695652173913043,-13.859594917297363,22.136832920710244,0.0006877811974845827,21.13128662109375
2061,40.95652173913044,46,40,0.8695652173913043,-22.990945784250894,36.294621292750044,0.0006897580460645258,5.1510443687438965
2062,46.3611111111111,48,46,0.9436111111111111,-35.69013288065277,130.64258823394775,0.0008305046358145773,49.11542892456055
2063,-16.47147147147146,111,106,0.9452852852852853,9.416877694460556,10.43573739006184,0.0008280850597657263,0.42529627680778503
2064,-121.05246913580247,216,206,0.9494753086419753,-28.64387661431823,43.619253509521485,0.0008262275368906558,1.1926043033599854
2065,-109.54634146341463,205,196,0.9545365853658536,9.730283079254308,8.406664301444893,0.0008265128708444536,4.041747093200684
2066,-12.271028037383175,107,102,0.9472897196261683,46.78771718198003,150.63740727233886,0.0008130811038427055,6.256805419921875
2067,68.9090909090909,22,20,0.9090909090909091,64.26015899280706,413.1575424194336,0.0008821302326396108,41.4717903137207
2068,46.90909090909091,44,40,0.9090909090909091,69.56306711013119,359.92661209106444,0.0009742429829202592,40.79084396362305
2069,-1.782608695652172,92,83,0.9021739130434783,-0.4689102722369284,1.8806647488149117,0.0009728358127176762,1.6326884031295776
2070,40.95652173913044,46,40,0.8695652173913043,14.87175685254236,16.670066793759663,0.0009733688784763217,5.374631404876709
2071,-11.943396226415103,106,100,0.940566037735849,-11.56941335831955,15.493178635327146,0.0009767821757122874,9.929841995239258
2072,-8.782051282051285,104,100,0.9521794871794872,-14.897146982715144,21.545466989040374,0.0009766059229150414,3.2422702312469482
2073,-112.46859903381642,207,196,0.9453140096618358,-49.5473473577057,126.15111040496826,0.0009760170360095799,2.8484914302825928
2074,-10.880503144654085,106,101,0.9511949685534591,-26.804257433377206,57.863094619750974,0.0009369690087623894,15.076860427856445
2075,63.95652173913044,23,20,0.8695652173913043,-16.25008483727773,29.878785673777262,0.000937550445087254,4.5030364990234375
2076,-117.16037735849056,212,202,0.9483962264150944,-20.499620218005383,24.533678438980832,0.0009381918353028595,6.484015464782715
2077,-117.26100628930818,212,201,0.9473899371069182,-4.676338934239548,5.664839776926674,0.0009381485870108008,0.9738984107971191
2078,68.9090909090909,22,20,0.9090909090909091,0.6975727157337436,0.26248000029008833,0.0009370883926749229,0.513237714767456
2079,-5.702127659574472,94,83,0.8829787234042553,-47.890101895218784,123.03100135527461,0.0009480791632086039,15.544147491455078
2080,43.18300653594771,51,49,0.9418300653594771,-30.74246371817741,103.51452369689942,0.0009602451464161277,17.055076599121094
2081,-113.00961538461539,208,198,0.9499038461538462,77.79679616476223,310.15443841552735,0.000998363713733852,23.504322052001953
2082,-3.7526881720430083,93,83,0.8924731182795699,-9.552795468534093,6.794710845621742,0.0009974868735298514,3.6096713542938232
2083,-7.631578947368411,95,83,0.8736842105263158,-20.973028348257625,24.673268299026184,0.0009984459029510617,6.937161445617676
2084,43.888888888888886,45,40,0.8888888888888888,44.58876792043448,151.44756991068522,0.0010208362946286798,21.72432518005371
2085,43.888888888888886,45,40,0.8888888888888888,45.594321695963544,159.8348846435547,0.0010217566741630435,8.579617500305176
2086,43.888888888888886,45,40,0.8888888888888888,37.23529141098261,105.80263989766439,0.00102714030072093,12.058880805969238
2087,-1.782608695652172,92,83,0.9021739130434783,-0.8000441759256235,1.869690993412164,0.001021109172143042,1.2406355142593384
2088,43.888888888888886,45,40,0.8888888888888888,8.603755159924427,6.459360619386037,0.0010092697339132428,1.1476423740386963
2089,63.95652173913044,23,20,0.8695652173913043,0.8610186496012223,0.3025325616055246,0.0010007912060245872,0.6846161484718323
2090,-5.702127659574472,94,83,0.8829787234042553,-44.56883299198136,108.14550844062285,0.0010390201350674033,28.699695587158203
2091,-5.702127659574472,94,83,0.8829787234042553,-47.75899039119123,125.71447082887212,0.0010401353938505054,7.011305809020996
2092,43.888888888888886,45,40,0.8888888888888888,-21.52275460002323,34.371627473831175,0.0010556227061897516,13.079514503479004
2093,68.9090909090909,22,20,0.9090909090909091,11.465390280246114,15.61920493443807,0.0010401582112535834,6.407760143280029
2094,-3.7526881720430083,93,83,0.8924731182795699,-29.96476884635098,52.752807824008435,0.0010441283229738474,6.295143127441406
2095,63.95652173913044,23,20,0.8695652173913043,0.038049143723522624,0.24645690199322418,0.0010407804511487484,0.7955595850944519
2096,-119.61085271317829,215,206,0.9538914728682171,-24.49349336864507,56.46970217990875,0.0010590174933895469,15.01303768157959
2097,-113.5805422647528,209,200,0.954194577352472,-5.758868981167005,12.64964455386449,0.0010338384890928864,3.4069607257843018
2098,-10.047619047619051,105,100,0.9495238095238095,32.41855224277452,78.64304917907715,0.0010309629142284393,2.0538902282714844
2099,42.294117647058826,51,48,0.9329411764705883,-16.747408415796237,30.395969072977703,0.0010272181825712323,13.581092834472656
2100,68.9090909090909,22,20,0.9090909090909091,23.569624742896607,64.95421384175619,0.0009346164297312498,10.866687774658203
2101,-14.715151515151518,110,105,0.9528484848484848,45.02809215111006,158.04265356445313,0.0009364646975882351,3.7775492668151855
2102,43.888888888888886,45,40,0.8888888888888888,11.116498732566834,10.0384663383166,0.0009372250642627478,2.091240644454956
2103,-109.54634146341463,205,196,0.9545365853658536,26.779567022744857,38.98715532541275,0.0009371703490614891,0.13486714661121368
2104,40.95652173913044,46,40,0.8695652173913043,-15.90586410164833,18.501203862826028,0.0009351967601105571,3.1308798789978027
2105,40.95652173913044,46,40,0.8695652173913043,-20.157474583387376,29.178600358963013,0.0009332010522484779,3.204254627227783
2106,46.06666666666666,50,49,0.9606666666666667,-20.776551454874728,48.62192676862081,0.0009410103084519506,17.902772903442383
2107,-3.7526881720430083,93,83,0.8924731182795699,-20.4710789033208,25.163137332502618,0.0009372570784762502,3.4606990814208984
2108,43.73202614379085,51,49,0.9473202614379085,-3.042285053102948,1.4766535957654316,0.0009218981140293181,1.3064494132995605
2109,68.9090909090909,22,20,0.9090909090909091,19.794644273662318,45.43497085571289,0.0009316407376900315,11.134859085083008
2110,43.888888888888886,45,40,0.8888888888888888,25.057963347435,49.94638965924581,0.0009333314374089241,4.571879863739014
2111,-14.61212121212121,110,106,0.9538787878787879,30.618031356180087,75.14449443435669,0.0009362074197269976,9.607949256896973
2112,43.888888888888886,45,40,0.8888888888888888,17.966510466237864,26.010027050971985,0.0009327829466201365,3.9187934398651123
2113,41.062893081761004,53,51,0.94062893081761,-5.883016591248816,5.132395223714411,0.0009190047858282924,0.7744759321212769
2114,-118.6822429906542,214,204,0.9531775700934579,-37.083338083390146,83.63336096954346,0.0009205059031955898,5.903051376342773
2115,-8.647435897435898,104,100,0.9535256410256411,9.431432862117072,11.014372601079755,0.0009243334643542767,6.949118614196777
2116,-109.59186991869919,205,196,0.9540813008130081,-12.558099061012268,9.497723725914955,0.0009234680910594761,1.3956114053726196
2117,44.228758169934636,51,49,0.9522875816993464,-21.47592146023708,59.12741028467814,0.0009174498845823109,8.005534172058105
2118,-9.237179487179489,104,99,0.9476282051282051,6.670624392230064,9.074364350069315,0.0009172420250251889,2.5472068786621094
2119,-14.715151515151518,110,105,0.9528484848484848,11.363172285408695,13.581839751710184,0.0009170343982987106,2.5959408283233643
2120,43.83660130718954,51,49,0.9483660130718954,-6.02659092417695,4.576615607490142,0.0009146382799372077,0.3153039515018463
2121,38.369696969696975,55,52,0.9336969696969697,-2.840290944633731,2.1328813523286954,0.0008659531595185399,0.447966605424881
2122,41.01282051282051,52,49,0.9301282051282052,-3.837642911278908,1.977615592808676,0.0008660489111207426,2.472454071044922
2123,-3.7526881720430083,93,83,0.8924731182795699,-12.232022684561201,10.139302989804602,0.000863894703797996,0.962904691696167
2124,-10.320754716981128,106,102,0.9567924528301887,34.36023074922909,97.23840802001953,0.000876055215485394,16.056686401367188
2125,63.95652173913044,23,20,0.8695652173913043,2.434392181582128,1.1229027805156269,0.0008758814656175673,3.613619565963745
2126,40.95652173913044,46,40,0.8695652173913043,22.678127495447793,39.529482793807986,0.0008764861850067973,6.572977066040039
2127,63.95652173913044,23,20,0.8695652173913043,-1.4062358997451763,0.5703239578268646,0.0008711572154425085,0.5341989994049072
2128,43.888888888888886,45,40,0.8888888888888888,23.462562909101447,40.47339868545532,0.0008992488728836179,20.088077545166016
2129,63.95652173913044,23,20,0.8695652173913043,-11.0407006641229,12.721725026766459,0.0008986237808130682,10.296460151672363
2130,46.90909090909091,44,40,0.9090909090909091,17.79844553299869,26.511962231000265,0.0008990091737359762,3.4811322689056396
2131,63.95652173913044,23,20,0.8695652173913043,-19.3975692987442,41.07201674779256,0.0009117945446632802,17.820436477661133
2132,68.9090909090909,22,20,0.9090909090909091,-4.646297449797081,2.774995906154315,0.0009124141070060432,2.866258382797241
2133,-5.702127659574472,94,83,0.8829787234042553,-51.209680343248756,139.75901052942237,0.0009091868996620178,6.683955669403076
2134,-8.134615384615387,104,100,0.9586538461538462,-5.845670951041578,5.4544712792807255,0.000909150461666286,2.148170232772827
2135,-5.702127659574472,94,83,0.8829787234042553,-47.5141991626202,123.56235332565615,0.0009147640666924417,9.961296081542969
2136,68.9090909090909,22,20,0.9090909090909091,6.6774124869145455,5.233028801282247,0.0009157651802524924,3.8649704456329346
2137,-115.71090047393365,211,202,0.9528909952606635,28.461165167449042,55.241310773849484,0.000915885902941227,3.2675817012786865
2138,46.90909090909091,44,40,0.9090909090909091,18.405083256959916,28.27314713001251,0.00091472890926525,4.2830491065979
2139,-10.691823899371073,106,102,0.9530817610062893,1.7858032897785305,2.6761700636947063,0.0009136290173046291,0.6207705140113831
2140,41.062893081761004,53,51,0.94062893081761,-12.048046979308129,20.19059844215711,0.0009167160606011748,6.13976526260376
2141,-3.7526881720430083,93,83,0.8924731182795699,-29.675285306800323,49.22202895444081,0.000915264303330332,1.6533892154693604
2142,-3.7526881720430083,93,83,0.8924731182795699,-26.085626685715106,38.583008900224925,0.0009156083106063306,2.607567310333252
2143,68.9090909090909,22,20,0.9090909090909091,20.769840020872653,48.7896416982015,0.0009174562874250114,4.653748989105225
2144,42.85620915032679,51,48,0.938562091503268,1.3702475816418882,1.2695871250665125,0.0009161685011349618,1.9843525886535645
2145,43.888888888888886,45,40,0.8888888888888888,20.294076108932494,30.852397028605143,0.0009222792577929795,9.371936798095703
2146,-12.214953271028037,107,102,0.9478504672897197,10.117199062556029,11.782172496657818,0.0009227550472132862,8.523573875427246
2147,-10.377358490566039,106,102,0.9562264150943396,14.201418947486642,17.997268727652145,0.0009229387505911291,0.9622551798820496
2148,-108.07843137254902,204,196,0.9592156862745098,7.946380518433625,4.6759478808944115,0.0009228825219906867,1.2865995168685913
2149,-1.782608695652172,92,83,0.9021739130434783,-18.28899585362898,20.109582353308497,0.0009238609345629811,2.854283332824707
2150,-9.57142857142857,105,101,0.9542857142857143,2.051800240233744,4.510418610779569,0.0009247551788575947,4.5236496925354
2151,-112.12179487179488,208,200,0.9587820512820513,-18.21698338912241,19.319162567138672,0.0009259795187972486,4.852429389953613
2152,-118.7601246105919,214,204,0.952398753894081,-32.92218444965663,64.81486098480225,0.0009268337162211537,5.732012748718262
2153,43.83660130718954,51,49,0.9483660130718954,-27.137357755979245,85.43865718841553,0.0008744689403101802,12.661885261535645
2154,-3.7526881720430083,93,83,0.8924731182795699,-21.910405690957564,27.823464025934058,0.0008110656053759158,1.853858232498169
2155,-3.7526881720430083,93,83,0.8924731182795699,-13.273644482754321,11.54563388743075,0.0008111634524539113,1.0898100137710571
2156,-111.55072463768116,207,198,0.9544927536231884,39.95688967637718,88.27680316162109,0.0008114671218208969,3.502490997314453
2157,63.95652173913044,23,20,0.8695652173913043,9.88252639050285,12.113239216804505,0.0008128026383928955,6.205442428588867
2158,-8.134615384615387,104,100,0.9586538461538462,46.82909056032822,174.4283762664795,0.0007885478553362191,2.659900426864624
2159,63.95652173913044,23,20,0.8695652173913043,11.191129144032796,14.37986348470052,0.0007883490179665387,1.4844555854797363
2160,-14.715151515151518,110,105,0.9528484848484848,31.98341225796938,81.22091582489014,0.0007602569530718029,5.541596412658691
2161,42.85620915032679,51,48,0.938562091503268,10.23792287614017,12.688208058414359,0.0007657409296371043,9.946175575256348
2162,43.888888888888886,45,40,0.8888888888888888,12.463014192382495,12.910266933838527,0.0006264727562665939,6.106316089630127
2163,-9.237179487179489,104,99,0.9476282051282051,-0.9652148187027778,4.246306995025021,0.0006270823650993407,3.3507282733917236
2164,68.9090909090909,22,20,0.9090909090909091,-3.9480692936417956,1.897587523361047,0.0006272399332374334,0.7968693971633911
2165,42.294117647058826,51,48,0.9329411764705883,-54.894198739528655,344.2975715637207,0.0006571747362613678,21.939273834228516
2166,40.95652173913044,46,40,0.8695652173913043,-22.116094096253317,35.78648419380188,0.0006551668629981577,4.310214042663574
2167,-3.7526881720430083,93,83,0.8924731182795699,-29.37995792614917,48.00827894249116,0.000549883465282619,3.2968270778656006
2168,44.373333333333335,50,48,0.9437333333333333,7.361631904410509,7.339755318814423,0.00045278421021066606,6.357591152191162
2169,42.85620915032679,51,48,0.938562091503268,18.207424753158072,37.31740921338399,0.00045952797518111765,10.10870361328125
2170,-3.7526881720430083,93,83,0.8924731182795699,-11.055797997330984,8.130991547641505,0.00045808369759470224,1.5509542226791382
2171,43.888888888888886,45,40,0.8888888888888888,49.097007934252424,185.7463040669759,0.0004531745216809213,3.5757803916931152
2172,-114.35873015873017,210,201,0.9564126984126984,-28.324571384714336,44.55792704772949,0.0004526975972112268,0.9244558811187744
2173,-18.31547619047619,112,106,0.9368452380952381,1.6226209142021835,5.700928101249767,0.00045225874055176973,1.687820315361023
2174,-11.081761006289312,106,101,0.9491823899371069,13.630679018936338,16.542796270297842,0.00043823319720104337,3.5201005935668945
2175,43.888888888888886,45,40,0.8888888888888888,36.95661185036103,105.96456336975098,0.0004395466821733862,7.177648067474365
2176,-113.5805422647528,209,200,0.954194577352472,-23.82985844567418,30.90226679134369,0.0004421832272782922,8.43417739868164
2177,43.888888888888886,45,40,0.8888888888888888,17.253475785255432,24.26871568361918,0.0004436888266354799,5.252358436584473
2178,63.95652173913044,23,20,0.8695652173913043,-9.977017565568287,11.070785252253215,0.00044428312685340643,3.0072972774505615
2179,-12.214953271028037,107,102,0.9478504672897197,-13.20140709124961,17.334343319416046,0.00043024623300880194,2.168781280517578
2180,-1.782608695652172,92,83,0.9021739130434783,-29.242916364103078,46.61912614753447,0.00041291507659479976,1.7355879545211792
2181,63.95652173913044,23,20,0.8695652173913043,-18.059873542686304,35.926589012145996,0.00037955798325128853,4.965831279754639
2182,-14.715151515151518,110,105,0.9528484848484848,-11.569700729959644,12.50660525496304,0.0003802680585067719,4.351889610290527
2183,59.33333333333334,24,20,0.8333333333333334,-30.110665087960662,92.43147214253743,0.00046663079410791397,38.46222686767578
2184,46.90909090909091,44,40,0.9090909090909091,6.416954526037443,4.453119814923654,0.0004390568064991385,1.2829396724700928
2185,68.9090909090909,22,20,0.9090909090909091,9.454154840329041,9.692920994758605,0.000439556926721707,8.4817476272583
2186,41.52564102564102,52,49,0.9352564102564103,-21.668315569350185,51.27592080434163,0.00043411055230535567,7.4925127029418945
2187,42.85620915032679,51,48,0.938562091503268,-9.433348328744371,9.247322399417559,0.00043629982974380255,6.280259132385254
2188,38.1063829787234,47,40,0.851063829787234,3.034022661546866,1.1214463976745417,0.0004361991595942527,0.6318256855010986
2189,49.36879432624113,47,46,0.9636879432624114,21.58393200293164,59.078952089945474,0.0004363663902040571,1.6801599264144897
2190,63.95652173913044,23,20,0.8695652173913043,16.230638474225998,31.011494700113932,0.00039212897536344826,9.938426971435547
2191,-12.271028037383175,107,102,0.9472897196261683,31.431103593198817,81.18682472229004,0.00039816240314394236,12.06607437133789
2192,-115.03492063492064,210,200,0.9496507936507936,44.94206410735293,121.2012168121338,0.0003880619187839329,2.787480354309082
2193,-119.61085271317829,215,206,0.9538914728682171,21.549190454432313,28.70246902537346,0.00038604289875365794,3.1935436725616455
2194,43.888888888888886,45,40,0.8888888888888888,10.726325596372286,10.606495422124862,0.0003845341270789504,4.201199531555176
2195,63.95652173913044,23,20,0.8695652173913043,6.1297600368658705,4.903844702243805,0.0003849533386528492,2.9123032093048096
2196,-114.25714285714285,210,202,0.9574285714285714,-38.34785112021648,83.70308039855956,0.00037781003629788756,10.589664459228516
2197,43.888888888888886,45,40,0.8888888888888888,-16.318720291058224,19.78003404935201,0.00037786841858178377,3.226426362991333
2198,-108.12418300653596,204,196,0.9587581699346405,-40.3399074190362,90.09185610961914,0.0003789728507399559,5.137450218200684
2199,-7.631578947368411,95,83,0.8736842105263158,-62.43619969379471,208.502027580537,0.00037110171979293227,6.896273136138916
2200,-10.880503144654085,106,101,0.9511949685534591,-14.972410735156155,22.30612517738342,0.00036494608502835035,4.116457462310791
2201,41.3974358974359,52,49,0.933974358974359,-27.748858194736144,95.7017292658488,0.00036450999323278666,2.944835901260376
2202,44.359477124183016,51,49,0.9535947712418301,2.596909041899956,1.2451242936362783,0.000364561565220356,2.2706031799316406
2203,63.95652173913044,23,20,0.8695652173913043,17.426924765110016,34.878968969980875,0.0003668054414447397,6.161093235015869
2204,-117.23474178403755,213,204,0.9576525821596245,18.966184511492465,28.673270277534613,0.00036716065369546413,4.009617805480957
2205,44.373333333333335,50,48,0.9437333333333333,38.19286627637678,158.33462498982746,0.00047872200957499444,42.724884033203125
2206,43.18300653594771,51,49,0.9418300653594771,32.7114431112539,125.36271413167317,0.0004634205251932144,8.821087837219238
2207,-114.35873015873017,210,201,0.9564126984126984,19.688088669655844,27.258795475228805,0.00046447207569144666,5.170473098754883
2208,-14.715151515151518,110,105,0.9528484848484848,15.760702738184582,22.306447496775338,0.0004651459457818419,3.360266923904419
2209,-118.7601246105919,214,204,0.952398753894081,-16.820370152264832,25.713495809316637,0.0004593876947183162,4.7710089683532715
2210,63.95652173913044,23,20,0.8695652173913043,-1.0757890621510644,0.19560402339775465,0.00045817348291166127,0.19659721851348877
2211,-1.782608695652172,92,83,0.9021739130434783,-28.267959105980445,44.4109954527583,0.00045613039401359856,7.758563041687012
2212,46.90909090909091,44,40,0.9090909090909091,-10.129722677198394,7.666459209720293,0.00045541676809079945,1.8591772317886353
2213,-108.12418300653596,204,196,0.9587581699346405,-14.061839653340867,11.31757955467701,0.0004576766223181039,5.988882541656494
2214,-16.573573573573583,111,105,0.9442642642642642,-25.916245720267295,58.79532666015625,0.0004559609806165099,2.5192291736602783
2215,44.228758169934636,51,49,0.9522875816993464,-43.156124871984744,230.54594395955402,0.0004627263406291604,12.618355751037598
2216,-7.631578947368411,95,83,0.8736842105263158,-46.173885747610804,118.90256828093625,0.00047389543033204973,13.744290351867676
2217,43.888888888888886,45,40,0.8888888888888888,17.24051063855489,23.748161204655965,0.0004711363581009209,3.849897623062134
2218,44.359477124183016,51,49,0.9535947712418301,17.41612337969773,34.558982308705644,0.0004707759653683752,1.0999765396118164
2219,-3.7526881720430083,93,83,0.8924731182795699,2.5677908629657753,1.66575815646909,0.00047056382754817605,1.9539200067520142
2220,-115.71090047393365,211,202,0.9528909952606635,39.54436934798956,86.85453086853028,0.0004708836495410651,2.3993637561798096
2221,43.888888888888886,45,40,0.8888888888888888,49.124050460755825,181.54806264241537,0.0005047863814979792,23.798900604248047
2222,63.95652173913044,23,20,0.8695652173913043,22.215576412280402,56.88897171020508,0.0005076250527054071,7.077226638793945
2223,-109.59186991869919,205,196,0.9540813008130081,21.395595134264266,27.172480053901673,0.0005088680773042142,5.134736061096191
2224,43.888888888888886,45,40,0.8888888888888888,26.639004156490167,54.112539831797285,0.0004936425830237567,4.899482727050781
2225,38.18787878787879,55,52,0.9318787878787879,-9.737948024335006,12.812251176436742,0.0004926025867462158,1.6218302249908447
2226,41.01282051282051,52,49,0.9301282051282052,-23.99830514192581,70.47983423868816,0.0006341118132695556,49.184810638427734
2227,-16.47147147147146,111,106,0.9452852852852853,-1.9532472862787544,5.449110709293978,0.0006339831743389368,0.4219609498977661
2228,-12.271028037383175,107,102,0.9472897196261683,2.1279302046883384,4.52377272916038,0.0006115706055425107,1.431360125541687
2229,43.888888888888886,45,40,0.8888888888888888,2.6524593320985637,1.0273807616671546,0.0006041827145963907,0.42239800095558167
2230,-10.047619047619051,105,100,0.9495238095238095,3.558864334308659,4.5339607328102,0.000604328524786979,3.7559680938720703
2231,-11.081761006289312,106,101,0.9491823899371069,1.2674236672949046,3.919724251581734,0.0005862118559889495,6.585551738739014
2232,46.90909090909091,44,40,0.9090909090909091,11.33109116391667,10.276376463969548,0.0005868083098903298,4.6809000968933105
2233,-8.647435897435898,104,100,0.9535256410256411,2.397105516718584,3.5195341806159703,0.0005841997917741537,1.0563868284225464
2234,44.69333333333333,50,48,0.9469333333333333,-28.162371432418393,92.66285104751587,0.0006082726176828146,20.973546981811523
2235,-9.237179487179489,104,99,0.9476282051282051,0.09090282260370441,3.463317913199211,0.0006037081475369632,0.3244454860687256
2236,43.888888888888886,45,40,0.8888888888888888,6.989321507140994,4.666632447950542,0.0006037307903170586,1.7969536781311035
2237,46.3611111111111,48,46,0.9436111111111111,-16.161927602784512,27.199367690086365,0.0006175264134071767,14.53384780883789
2238,-3.7526881720430083,93,83,0.8924731182795699,-16.903454796377435,16.369215144689782,0.0006165022496134043,1.2037804126739502
2239,40.814814814814824,54,52,0.9481481481481482,13.958516233695233,19.6479163646698,0.0006437326082959771,20.906152725219727
2240,42.294117647058826,51,48,0.9329411764705883,4.5678815913675255,3.0667593609231214,0.0006461914163082838,7.3747992515563965
2241,-12.214953271028037,107,102,0.9478504672897197,17.296463309984073,23.192082411474082,0.0006467167986556888,4.128901958465576
2242,38.1063829787234,47,40,0.851063829787234,13.034893347819645,12.732369335492452,0.0006468928186222911,3.2778122425079346
2243,40.91358024691358,54,52,0.9491358024691358,16.215613621020747,30.439642969767252,0.0006532800616696477,10.495973587036133
2244,-12.769470404984418,107,101,0.9423052959501558,4.460096282654442,4.952202338385163,0.0006529747624881566,2.394050121307373
2245,63.95652173913044,23,20,0.8695652173913043,12.968028620878856,18.563335625330605,0.0006616283790208399,15.182795524597168
2246,-117.16037735849056,212,202,0.9483962264150944,-120.67212435242674,732.2057990722657,0.001191224087961018,92.73939514160156
2247,-9.237179487179489,104,99,0.9476282051282051,4.242158934520558,4.726417406045599,0.001191305578686297,1.6706196069717407
2248,43.18300653594771,51,49,0.9418300653594771,-14.682900696723845,23.26524610519409,0.0011912581976503134,1.266099452972412
2249,-109.59186991869919,205,196,0.9540813008130081,-27.630597587694588,41.01641256523132,0.0011907677398994565,1.4381181001663208
2250,38.09090909090909,55,52,0.9309090909090909,-1.9836708860937506,0.8898145851509374,0.001189420698210597,0.4504126012325287
2251,40.91358024691358,54,52,0.9491358024691358,14.121318194258492,22.41555776198705,0.0011910300236195326,7.563015460968018
2252,43.888888888888886,45,40,0.8888888888888888,27.180515480041503,59.478593508402504,0.0011934813810512424,7.993278503417969
2253,45.16,50,48,0.9516,5.42709850708161,4.45113567551598,0.0011834742035716772,0.9876179099082947
2254,44.69333333333333,50,48,0.9469333333333333,-3.6912320748126755,2.0348207210482845,0.0011832474265247583,0.4979916214942932
2255,68.9090909090909,22,20,0.9090909090909091,3.6080180312817296,1.6610862443844476,0.0011839306680485606,3.226630210876465
2256,-111.00970873786409,206,196,0.9499029126213592,99.58570250576734,536.3080172729492,0.0012106677750125527,21.40431022644043
2257,-3.7526881720430083,93,83,0.8924731182795699,-18.088655674792676,19.233935165596776,0.0012087946524843574,1.9607868194580078
2258,-12.271028037383175,107,102,0.9472897196261683,11.969350198981498,12.027596309922636,0.0012107110815122724,6.0336103439331055
2259,-3.7526881720430083,93,83,0.8924731182795699,-36.96045764670315,77.49160541396543,0.0012166147353127599,9.839620590209961
2260,-7.631578947368411,95,83,0.8736842105263158,-60.38876843356703,192.44375815640493,0.0012227402767166495,11.17037582397461
2261,43.73202614379085,51,49,0.9473202614379085,-45.595740134269,244.84922892252604,0.0012187403626739979,6.594839572906494
2262,43.73202614379085,51,49,0.9473202614379085,-23.57299564778223,60.47567710876465,0.00122445251327008,11.582918167114258
2263,-12.769470404984418,107,101,0.9423052959501558,24.349635466741397,45.97724532747269,0.0012272356543689966,7.045572280883789
2264,59.33333333333334,24,20,0.8333333333333334,-0.9460669519069295,0.5441465464704379,0.0012271994492039084,0.7402215600013733
2265,-3.7526881720430083,93,83,0.8924731182795699,14.435119919854321,11.040296642895205,0.0011964978184551,0.023074066266417503
2266,-9.177777777777777,105,101,0.9582222222222222,70.72841966861672,391.7577809448242,0.0012919355649501085,40.27507019042969
2267,46.90909090909091,44,40,0.9090909090909091,86.82999749879042,547.8989013671875,0.0013464250368997455,29.42332649230957
2268,-9.541666666666657,96,83,0.8645833333333334,-18.08972732704806,18.8105936701518,0.0013451314298436046,3.8143060207366943
2269,63.95652173913044,23,20,0.8695652173913043,23.81613668600718,68.34852123260498,0.001375551801174879,25.496572494506836
2270,-11.081761006289312,106,101,0.9491823899371069,14.706684361232561,17.74928395469475,0.0013803724432364106,8.07472038269043
2271,42.294117647058826,51,48,0.9329411764705883,-3.0629565954319333,1.5701693482265304,0.0013797724386677146,1.2047550678253174
2272,68.9090909090909,22,20,0.9090909090909091,12.446399129849548,17.709559027353922,0.0013934493763372302,14.093745231628418
2273,63.95652173913044,23,20,0.8695652173913043,-8.453264564275742,7.926488701502482,0.0013937579933553934,2.6009554862976074
2274,43.18300653594771,51,49,0.9418300653594771,-41.39107128599426,203.66431109110513,0.0014081653207540512,16.438262939453125
2275,-113.5805422647528,209,200,0.954194577352472,-111.55457236073912,725.2088513183594,0.0014657750725746155,30.5009708404541
2276,44.373333333333335,50,48,0.9437333333333333,-18.94956450421596,46.785828034083046,0.001502770115621388,25.66843605041504
2277,-9.177777777777777,105,101,0.9582222222222222,1.1633716959577287,3.031172431527695,0.0015011243522167206,1.0139012336730957
2278,44.228758169934636,51,49,0.9522875816993464,19.68287491825225,48.19326917330424,0.0015026702312752604,5.367767333984375
2279,-114.35873015873017,210,201,0.9564126984126984,-17.764638130426405,21.638524181842804,0.0015040043508633971,5.343133926391602
2280,41.836601307189554,51,48,0.9283660130718955,24.440766649258634,74.1510596593221,0.0015137157170102,12.29404067993164
2281,-10.047619047619051,105,100,0.9495238095238095,28.536827243849636,62.285043571472166,0.0015140736941248178,5.563074111938477
2282,68.9090909090909,22,20,0.9090909090909091,32.031321681415044,119.59192581176758,0.001517399330623448,8.387364387512207
2283,40.814814814814824,54,52,0.9481481481481482,22.471900159524132,62.4252733707428,0.0014295770088210702,6.997444152832031
2284,-10.555555555555557,105,100,0.9444444444444444,4.877450228835456,2.8966606660128926,0.0014295410364866257,0.9825705289840698
2285,-10.688888888888883,105,100,0.9431111111111111,-8.659479795431718,7.410343747985858,0.0014273750130087137,5.673302173614502
2286,40.814814814814824,54,52,0.9481481481481482,-31.96513726869404,121.49242998758952,0.0014305429067462683,10.399197578430176
2287,42.85620915032679,51,48,0.938562091503268,-45.14534564812978,227.63028500874836,0.0015191896818578243,38.770912170410156
2288,43.73202614379085,51,49,0.9473202614379085,-24.59119361431949,69.52807763417562,0.0015206397511065006,5.545378684997559
2289,-111.55072463768116,207,198,0.9544927536231884,75.68120084776858,312.3426152648926,0.0015217035543173552,4.84916353225708
2290,-9.57142857142857,105,101,0.9542857142857143,24.103475257170068,47.14935559463501,0.0015165099175646901,1.8039876222610474
2291,-8.647435897435898,104,100,0.9535256410256411,25.115074251693674,45.968929702758786,0.0015180149348452687,14.249422073364258
2292,-118.7601246105919,214,204,0.952398753894081,21.748263300725725,26.31037660337426,0.0015186843229457736,3.5650923252105713
2293,-12.827160493827165,108,104,0.9517283950617283,10.390134998794819,9.857931652076543,0.0015180461341515183,2.7324864864349365
2294,-3.7526881720430083,93,83,0.8924731182795699,-20.4001264667894,23.166870735735298,0.0015174240106716752,3.1047677993774414
2295,-7.631578947368411,95,83,0.8736842105263158,-39.75604406226591,81.22302086765029,0.0015179385663941503,3.970139980316162
2296,-9.57142857142857,105,101,0.9542857142857143,4.285514844678808,4.379566331979124,0.0015132046537473798,3.9369513988494873
2297,-121.05246913580247,216,206,0.9494753086419753,-70.48284945479035,278.8606759338379,0.0015192404389381409,9.76443862915039
2298,43.888888888888886,45,40,0.8888888888888888,54.92643950780233,214.92726084391276,0.0015305103734135628,14.751302719116211
2299,63.95652173913044,23,20,0.8695652173913043,27.37974867920081,75.94187399546306,0.0015574501594528556,22.312522888183594
2300,46.3611111111111,48,46,0.9436111111111111,22.291115620080383,57.002657079696654,0.001564927981235087,12.089651107788086
2301,63.95652173913044,23,20,0.8695652173913043,8.521119705835979,8.654478446642559,0.0015654136659577489,3.3064534664154053
2302,-10.377358490566039,106,102,0.9562264150943396,-11.328947289317846,14.056103845715523,0.001569276791997254,8.419683456420898
2303,-14.715151515151518,110,105,0.9528484848484848,-23.71656853585626,48.6672094039917,0.0015669791027903557,2.9010398387908936
2304,-10.880503144654085,106,101,0.9511949685534591,-22.258736187026372,42.581412864685056,0.0015663676895201206,2.9526875019073486
2305,43.18300653594771,51,49,0.9418300653594771,-25.477769488220414,73.01041723887126,0.0014555685920640826,3.936340093612671
2306,40.95652173913044,46,40,0.8695652173913043,-10.846449349323908,8.056844490766526,0.0014508151216432452,1.5583600997924805
2307,-8.782051282051285,104,100,0.9521794871794872,-5.704573765940964,6.906344457148112,0.0014516976661980152,6.661655426025391
2308,63.95652173913044,23,20,0.8695652173913043,-11.59088553506881,12.737041020393372,0.0014543079305440187,6.861955642700195
2309,-3.7526881720430083,93,83,0.8924731182795699,-18.96070025153608,20.43560567151112,0.0014544730074703693,5.420958518981934
2310,40.814814814814824,54,52,0.9481481481481482,21.869081838917918,54.68749532699585,0.001454790006391704,2.117671012878418
2311,-10.688888888888883,105,100,0.9431111111111111,15.800304433122276,20.38919470608514,0.0014548086328431964,9.064144134521484
2312,-3.7526881720430083,93,83,0.8924731182795699,-10.189617317125022,6.7893265697162555,0.0014546634629368782,1.2231218814849854
2313,-3.7526881720430083,93,83,0.8924731182795699,-8.798492378648744,5.8202918918106015,0.0014522741548717022,2.432359218597412
2314,-1.782608695652172,92,83,0.9021739130434783,1.1051012301690368,1.2712495541164976,0.001452168682590127,0.27567657828330994
2315,63.95652173913044,23,20,0.8695652173913043,1.704224235067765,0.7567629026113233,0.0014431667514145374,1.5784087181091309
2316,63.95652173913044,23,20,0.8695652173913043,1.5905412518108883,0.7826089797097666,0.0014328124234452844,1.309942603111267
2317,43.18300653594771,51,49,0.9418300653594771,16.548452746216206,30.779484530289967,0.0014332081191241741,4.7577104568481445
2318,45.16,50,48,0.9516,12.412546488196433,20.587863848606744,0.001446135574951768,14.341293334960938
2319,43.87179487179486,52,51,0.9587179487179487,10.528558398146803,13.76192304751409,0.0014460672391578555,2.2778542041778564
2320,43.888888888888886,45,40,0.8888888888888888,3.5230857433130343,1.6907441026114005,0.0014459037920460105,1.8395124673843384
2321,46.90909090909091,44,40,0.9090909090909091,2.173724297216783,1.106431148743286,0.0014107527676969767,0.6809857487678528
2322,43.888888888888886,45,40,0.8888888888888888,-21.142982587963342,31.8297580798467,0.0014101966517046094,5.372574806213379
2323,-3.7526881720430083,93,83,0.8924731182795699,-38.98333976354944,83.52221406990266,0.0014170801732689142,12.047578811645508
2324,43.888888888888886,45,40,0.8888888888888888,-28.251984177033105,54.49811662038167,0.0014203439932316542,8.072258949279785
2325,-1.782608695652172,92,83,0.9021739130434783,-23.900492284431994,32.67904297127781,0.0014202806632965803,1.6802295446395874
2326,-113.5805422647528,209,200,0.954194577352472,11.3057273068286,9.02177919274266,0.0012700422666966915,2.880751371383667
2327,-12.968847352024923,107,101,0.9403115264797508,0.5080050037773326,4.245965237620985,0.001270956709049642,4.498654365539551
2328,-5.702127659574472,94,83,0.8829787234042553,-27.150444374984527,39.6635855096411,0.0012715492630377412,3.556631088256836
2329,-3.7526881720430083,93,83,0.8924731182795699,-13.08316818983799,10.785539644310273,0.0012717671925202012,1.7445164918899536
2330,-3.7526881720430083,93,83,0.8924731182795699,-6.996869596753673,4.009757734655119,0.0012716706842184067,2.5096211433410645
2331,-3.7526881720430083,93,83,0.8924731182795699,-1.185246631858429,1.3852289248740879,0.001269567059352994,0.728019654750824
2332,41.01282051282051,52,49,0.9301282051282052,13.933330624814456,21.07732494274775,0.0012703805696219206,6.386605262756348
2333,63.95652173913044,23,20,0.8695652173913043,9.432827134430408,10.971969159444173,0.0012723096879199147,5.017128944396973
2334,38.369696969696975,55,52,0.9336969696969697,21.690273068721094,51.96294668515523,0.0012493750546127558,10.45093059539795
2335,68.9090909090909,22,20,0.9090909090909091,18.937394410433868,37.57158527374268,0.0012573390267789364,12.37824535369873
2336,-14.61212121212121,110,106,0.9538787878787879,29.59152785043232,67.09219415283204,0.0012622382491827011,9.039447784423828
2337,-3.7526881720430083,93,83,0.8924731182795699,-13.349086814137348,11.202337527849588,0.0012510723900049925,1.1638370752334595
2338,59.33333333333334,24,20,0.8333333333333334,-32.39658226966858,105.85324834187826,0.001250936184078455,2.441412925720215
2339,40.95652173913044,46,40,0.8695652173913043,-23.2844455798467,37.98699320157369,0.001227735891006887,4.487905979156494
2340,-9.237179487179489,104,99,0.9476282051282051,6.024976221386693,6.05558452251181,0.0012249507708474994,0.24957804381847382
2341,-3.7526881720430083,93,83,0.8924731182795699,-26.72504899779477,39.645034357247106,0.0012267003767192364,7.721524238586426
2342,-12.214953271028037,107,102,0.9478504672897197,4.382861872315407,5.488015821499052,0.0012257624184712768,1.1801822185516357
2343,-11.471698113207552,106,101,0.9452830188679245,2.3587580644190314,4.498177209048532,0.0012198396725580096,0.24101051688194275
2344,38.1063829787234,47,40,0.851063829787234,-28.19777785142263,53.77149152755737,0.001223043305799365,7.252833366394043
2345,-9.237179487179489,104,99,0.9476282051282051,11.080131706131185,11.564515969433385,0.0012073982506990433,2.0584123134613037
2346,43.888888888888886,45,40,0.8888888888888888,6.713067289891963,3.9127459093928336,0.0006815576343797147,2.4793901443481445
2347,43.888888888888886,45,40,0.8888888888888888,9.772574468453724,8.156376487016678,0.0006823582807555795,3.6305437088012695
2348,-3.7526881720430083,93,83,0.8924731182795699,-15.44685944471972,14.170039609732877,0.0006824364536441863,1.5597800016403198
2349,68.9090909090909,22,20,0.9090909090909091,18.20052944899847,38.69099864959717,0.0006854346138425171,6.899202823638916
2350,-3.7526881720430083,93,83,0.8924731182795699,-14.365648677909231,12.46831698302763,0.000685445498675108,0.37998655438423157
2351,-16.47147147147146,111,106,0.9452852852852853,7.649991325974464,8.024015984154772,0.0006838429835624993,5.225625991821289
2352,-8.782051282051285,104,100,0.9521794871794872,16.629149597000023,21.681845786676277,0.0006828946643508971,7.726589679718018
2353,-8.782051282051285,104,100,0.9521794871794872,13.272212977499235,15.111351414111384,0.0006880548316985369,9.365653038024902
2354,63.95652173913044,23,20,0.8695652173913043,-1.56161867522945,0.29473590819106904,0.0006884390022605658,2.4826223850250244
2355,-10.691823899371073,106,102,0.9530817610062893,6.2320500730574135,5.594603890589467,0.0006884997128508985,3.166956663131714
2356,41.3974358974359,52,49,0.933974358974359,-25.787812520936132,79.15216569900512,0.0006828103214502335,19.65265655517578
2357,46.90909090909091,44,40,0.9090909090909091,14.588632075799008,16.664001047611237,0.0006854425882920623,7.208730220794678
2358,-111.05501618122977,206,196,0.9494498381877022,-18.92466606598039,20.53585411643982,0.0006836394313722849,1.437318205833435
2359,-121.05246913580247,216,206,0.9494753086419753,-30.027886707037688,53.78609873199463,0.0006817916291765869,6.951863765716553
2360,-5.702127659574472,94,83,0.8829787234042553,-27.275576583831665,39.107375079848204,0.0006765194702893496,5.896880149841309
2361,63.95652173913044,23,20,0.8695652173913043,1.1318997841328382,0.3952303572014595,0.0006739397649653256,0.9218289256095886
2362,-119.61085271317829,215,206,0.9538914728682171,17.032351128578913,16.7043250868232,0.0006653954624198377,2.5135602951049805
2363,-3.7526881720430083,93,83,0.8924731182795699,-6.628638465840175,3.5533045082157626,0.0006629046401940286,2.6242597103118896
2364,-10.047619047619051,105,100,0.9495238095238095,26.961727121151984,56.24792288970947,0.0006660339422523975,6.848052978515625
2365,-3.7526881720430083,93,83,0.8924731182795699,-4.70006664660591,2.2062600547525477,0.0006660905783064663,1.3703707456588745
2366,63.95652173913044,23,20,0.8695652173913043,6.2464302976926165,4.533443874120712,0.0005638919537886977,3.879929304122925
2367,41.01282051282051,52,49,0.9301282051282052,8.222561401128768,7.947029518087705,0.000513467937707901,2.4961585998535156
2368,-1.782608695652172,92,83,0.9021739130434783,0.9060352144942406,0.936627114465475,0.0005122794536873698,1.0442880392074585
2369,-5.702127659574472,94,83,0.8829787234042553,-19.206455834613866,20.467313906275123,0.0004711916553787887,4.051860809326172
2370,43.888888888888886,45,40,0.8888888888888888,25.739380021890003,48.84887998898824,0.0004745790211018175,10.295252799987793
2371,38.1063829787234,47,40,0.851063829787234,-2.7671247685172906,0.6487445507164618,0.0004745922051370144,0.40749824047088623
2372,-113.00961538461539,208,198,0.9499038461538462,37.53116233483516,79.08045018005372,0.0004652486531995237,6.176774501800537
2373,43.888888888888886,45,40,0.8888888888888888,2.924474073946476,1.2649778355844319,0.00046516756992787123,1.2804549932479858
2374,-3.7526881720430083,93,83,0.8924731182795699,-28.624698883229232,44.45724664251488,0.0004488561244215816,5.248056888580322
2375,46.3611111111111,48,46,0.9436111111111111,-38.73783614321922,162.18242619832355,0.00040811527287587523,15.150062561035156
2376,-12.214953271028037,107,102,0.9478504672897197,-2.4258332148231565,3.545519970070629,0.000369728310033679,4.143500804901123
2377,43.83660130718954,51,49,0.9483660130718954,-6.150941351720758,4.3620404049754145,0.00036968078347854316,1.1063047647476196
2378,-115.73617693522907,211,202,0.9526382306477094,1.199931024301797,1.2214174941153033,0.0003678923530969769,0.22949130833148956
2379,41.52564102564102,52,49,0.9352564102564103,9.857390273471053,10.81840262611707,0.0003702528774738312,8.45646858215332
2380,42.294117647058826,51,48,0.9329411764705883,13.399011263251305,20.726352477073668,0.0003632133302744478,5.8787384033203125
2381,-7.317152103559877,103,99,0.9568284789644013,29.269841516071434,63.1766893119812,0.0003630568098742515,5.129799842834473
2382,-12.582554517133957,107,102,0.9441744548286605,13.0768997714594,14.58216977523826,0.0003587646351661533,2.0356006622314453
2383,63.95652173913044,23,20,0.8695652173913043,7.319120629131794,6.188763431708018,0.0003559435426723212,1.5906792879104614
2384,40.814814814814824,54,52,0.9481481481481482,12.289267516466984,17.071229602893194,0.0003565509687177837,3.713418960571289
2385,38.369696969696975,55,52,0.9336969696969697,-3.105419229850789,1.7300860168452346,0.00035449268762022257,1.6405798196792603
2386,68.9090909090909,22,20,0.9090909090909091,13.90832837242633,19.177674468358358,0.0003527463413774967,9.254586219787598
2387,42.85620915032679,51,48,0.938562091503268,-20.410980046540498,44.71528776486715,0.0002729079278651625,14.023731231689453
2388,-14.715151515151518,110,105,0.9528484848484848,-17.52198624361027,28.39435747718811,0.00027289209538139403,5.484719753265381
2389,63.95652173913044,23,20,0.8695652173913043,-6.97104146182537,4.811540017525355,0.00027749803848564625,9.880777359008789
2390,-114.46411483253588,209,198,0.9453588516746412,-57.31445725810528,176.59293511962892,0.0002803096722345799,7.127493381500244
2391,-10.691823899371073,106,102,0.9530817610062893,-3.493417469024658,3.695903038711287,0.0002683232887648046,2.7554824352264404
2392,-10.320754716981128,106,102,0.9567924528301887,6.221376450466924,5.027469805330038,0.000268012925516814,2.1500186920166016
2393,42.294117647058826,51,48,0.9329411764705883,-0.3862027132650837,0.4508020994719118,0.00026745989453047514,0.2459913045167923
2394,-14.715151515151518,110,105,0.9528484848484848,10.49133924410335,10.536993241899763,0.0002670226967893541,1.139737844467163
2395,-13.592592592592595,108,103,0.9440740740740741,8.774375182575023,7.120976070059943,0.0002695264120120555,8.089919090270996
2396,63.95652173913044,23,20,0.8695652173913043,8.203614824016888,8.11695762872696,0.0002690398832783103,2.2446680068969727
2397,68.9090909090909,22,20,0.9090909090909091,21.399351153771082,51.30655746459961,0.00026479962980374694,5.013981342315674
2398,46.06666666666666,50,49,0.9606666666666667,14.9760517111344,27.449127093950906,0.0002558091946411878,7.910006046295166
2399,-5.702127659574472,94,83,0.8829787234042553,-30.301879483054442,47.79793018509585,0.0002259423054056242,2.351187229156494
2400,41.52287581699346,51,48,0.9252287581699347,-23.013042645156382,52.87216806411743,0.00027919065905734897,31.798965454101562
2401,-8.782051282051285,104,100,0.9521794871794872,6.070351133423857,4.369504953321302,0.00027919665444642305,3.129410743713379
2402,41.836601307189554,51,48,0.9283660130718955,-21.358725078363445,47.1339515209198,0.00029152672505006194,16.63094139099121
2403,40.95652173913044,46,40,0.8695652173913043,5.61672966722399,2.968089611936011,0.0002911382762249559,1.5691218376159668
2404,46.90909090909091,44,40,0.9090909090909091,31.093853056430817,75.11639725367228,0.0002920859551522881,5.060507774353027
2405,-3.7526881720430083,93,83,0.8924731182795699,-17.368272797649645,16.80034652100988,0.0002911505871452391,1.6323707103729248
2406,-1.782608695652172,92,83,0.9021739130434783,-8.858129405968235,5.30557264513252,0.00029157058452256024,2.6739108562469482
2407,68.9090909090909,22,20,0.9090909090909091,-1.761880370679622,0.5385828337593315,0.00028903389465995133,1.407621145248413
2408,63.95652173913044,23,20,0.8695652173913043,-17.690639617635558,31.236517842610677,0.0002875395875889808,4.601260662078857
2409,-3.7526881720430083,93,83,0.8924731182795699,-13.1967369386081,10.207138879232138,0.000286658585537225,3.901010751724243
2410,-14.148148148148152,108,102,0.9385185185185185,12.854539793599397,13.076043321609497,0.0002864834968931973,1.103689193725586
2411,40.95652173913044,46,40,0.8695652173913043,12.672475876659155,12.324942314624787,0.0002828738943208009,5.216002464294434
2412,59.33333333333334,24,20,0.8333333333333334,-24.65466411113739,59.95914777119955,0.0003048212674912065,19.296472549438477
2413,43.87179487179486,52,51,0.9587179487179487,16.272243681160035,33.637261017163596,0.00030492935911752284,3.621739387512207
2414,-12.271028037383175,107,102,0.9472897196261683,20.299242359376397,32.1559828414917,0.00030621077166870236,4.874305248260498
2415,-9.237179487179489,104,99,0.9476282051282051,17.115091255197534,22.003422380447386,0.00030650687403976917,2.920065402984619
2416,-5.702127659574472,94,83,0.8829787234042553,-27.970376447501433,39.13633634574921,0.00031402555759996176,11.694314002990723
2417,43.888888888888886,45,40,0.8888888888888888,3.6040013696067037,1.5529618053585486,0.0003129832912236452,1.3195618391036987
2418,63.95652173913044,23,20,0.8695652173913043,-8.798132634162902,8.792982252438863,0.00030249400879256427,4.747377872467041
2419,40.814814814814824,54,52,0.9481481481481482,-14.494083567413812,25.729031785329184,0.00030276828329078853,3.0961813926696777
2420,63.95652173913044,23,20,0.8695652173913043,-5.039055277737012,2.890061362584432,0.00030328333377838135,3.081584930419922
2421,-113.5805422647528,209,200,0.954194577352472,36.18348923653236,72.4476588859558,0.0003059672599192709,6.4543256759643555
2422,63.95652173913044,23,20,0.8695652173913043,1.6768301059802373,0.42991381405930346,0.0003041393938474357,0.31284359097480774
2423,63.95652173913044,23,20,0.8695652173913043,3.5157878598819177,1.6180711949865023,0.0002947846951428801,2.410998821258545
2424,43.73202614379085,51,49,0.9473202614379085,-17.181194513182465,35.39224786758423,0.0003213440941181034,22.068828582763672
2425,43.888888888888886,45,40,0.8888888888888888,7.83059372844485,5.053679915269216,0.00032133448985405266,2.183505058288574
2426,-113.00961538461539,208,198,0.9499038461538462,-11.476482077948749,8.932328662157058,0.0003227424167562276,5.501895904541016
2427,63.95652173913044,23,20,0.8695652173913043,15.534200489521027,26.509157021840412,0.0003306945145595819,12.392114639282227
2428,-120.2031007751938,215,204,0.947968992248062,-27.850924028783105,49.494828727722165,0.0003302867989987135,2.3019702434539795
2429,43.888888888888886,45,40,0.8888888888888888,21.20225776368752,33.86467417081197,0.00033063170849345624,2.457815647125244
2430,-5.702127659574472,94,83,0.8829787234042553,-33.627180991881346,59.10341586070846,0.0003309819439891726,3.5013084411621094
2431,44.373333333333335,50,48,0.9437333333333333,2.569124453858846,1.1493203004143047,0.00033103072200901806,1.0271793603897095
2432,63.95652173913044,23,20,0.8695652173913043,14.271051727235317,23.159549204508462,0.0003281722019892186,0.7307096719741821
2433,-12.44654088050315,106,100,0.9355345911949685,-5.883437244359404,5.702881132393497,0.0003294433990959078,6.311164379119873
2434,43.888888888888886,45,40,0.8888888888888888,17.010382440453395,21.909962201118468,0.0003236311604268849,3.4410669803619385
2435,-3.7526881720430083,93,83,0.8924731182795699,-21.17856638211323,23.91573436193198,0.00031489573302678764,5.135305881500244
2436,-14.715151515151518,110,105,0.9528484848484848,4.402605348482728,4.018519035030156,0.00031070917611941695,2.2342867851257324
2437,-113.00961538461539,208,198,0.9499038461538462,23.670377024888992,30.011829617500304,0.0003107297816313803,1.5831913948059082
2438,50.02325581395348,43,40,0.9302325581395349,24.232756785551707,45.470787350336714,0.00032098303199745715,12.64539623260498
2439,-118.7601246105919,214,204,0.952398753894081,4.7494539317573725,2.550679082023678,0.000319941173074767,0.9453745484352112
2440,43.888888888888886,45,40,0.8888888888888888,-17.067777274983623,21.26181905269623,0.0003214137104805559,4.624136924743652
2441,-13.592592592592595,108,103,0.9440740740740741,-18.76139233686775,29.783584436416625,0.0003192602307535708,5.559839248657227
2442,38.18787878787879,55,52,0.9318787878787879,-42.58105468321592,226.20172615051268,0.0003279243828728795,11.918848037719727
2443,46.3611111111111,48,46,0.9436111111111111,-31.88783399615883,117.75351498921712,0.0003717534418683499,26.981340408325195
2444,43.888888888888886,45,40,0.8888888888888888,25.10781151453654,48.23194518089294,0.0003790734044741839,13.47278118133545
2445,-115.73617693522907,211,202,0.9526382306477094,26.071644033685327,35.42174941420555,0.0003799449186772108,4.0680999755859375
2446,-10.688888888888883,105,100,0.9431111111111111,39.055768078804014,108.83084487915039,0.0003965246432926506,17.271434783935547
2447,44.69333333333333,50,48,0.9469333333333333,52.50538676408663,335.3863830566406,0.0004013705183751881,9.260210037231445
2448,63.95652173913044,23,20,0.8695652173913043,32.23699919382731,113.29112612406412,0.0004060365608893335,8.806078910827637
2449,-3.7526881720430083,93,83,0.8924731182795699,-3.2847862875436893,1.3970087656312218,0.0004038109036628157,0.8914602994918823
2450,44.69333333333333,50,48,0.9469333333333333,14.291496682692983,24.02849363485972,0.0004132581234443933,13.189565658569336
2451,0.2087912087912116,91,83,0.9120879120879121,-3.9732042371358975,1.8987510293285537,0.0004110238514840603,1.3018537759780884
2452,63.95652173913044,23,20,0.8695652173913043,-1.8881649588389944,0.4405323784177502,0.00040776128298603,0.6627877354621887
2453,68.9090909090909,22,20,0.9090909090909091,7.753989920765162,7.336222004890442,0.00040158594492822886,3.3235878944396973
2454,-10.047619047619051,105,100,0.9495238095238095,-28.539610327289907,64.10462632751465,0.00040124039514921606,2.514303684234619
2455,-109.59186991869919,205,196,0.9540813008130081,-72.7320115257369,273.90776837158205,0.0004021798667963594,4.597918510437012
2456,-13.35514018691589,107,101,0.9364485981308411,-41.7773860168457,129.46557122802736,0.0003816356183961034,3.702934503555298
2457,-115.03492063492064,210,200,0.9496507936507936,-55.846005467820916,165.01573008728028,0.0003970605612266809,18.365095138549805
2458,-114.46411483253588,209,198,0.9453588516746412,-27.639695565998554,39.47463670921326,0.0004016526509076357,7.953705787658691
2459,40.91358024691358,54,52,0.9491358024691358,-22.330378230154746,59.29150266647339,0.0004290107171982527,23.278810501098633
2460,68.9090909090909,22,20,0.9090909090909091,2.8508592074116073,1.3397579321016868,0.0004270106728654355,1.0971710681915283
2461,-3.7526881720430083,93,83,0.8924731182795699,2.704808639953414,1.6896345519870295,0.0004269359342288226,0.6024627089500427
2462,40.95652173913044,46,40,0.8695652173913043,27.55276983579,50.729346720377606,0.00045117843546904624,20.465198516845703
2463,-3.7526881720430083,93,83,0.8924731182795699,22.09779704602278,24.916991808328284,0.00045297032920643687,4.420192241668701
2464,68.9090909090909,22,20,0.9090909090909091,27.44007129520178,92.21215502421062,0.0005154192331247032,31.563743591308594
2465,-5.702127659574472,94,83,0.8829787234042553,19.646865232163165,19.557098559107647,0.0005178284482099116,5.468299865722656
2466,-118.6822429906542,214,204,0.9531775700934579,210.79013631017366,2220.109020263672,0.0006193514564074576,41.275665283203125
2467,-8.647435897435898,104,100,0.9535256410256411,52.81274265128374,190.40984771728515,0.0006277344073168933,10.92700481414795
2468,-121.04012345679013,216,206,0.9495987654320988,43.711653025709445,96.75661567533017,0.0006288724252954125,3.615321397781372
2469,-115.03492063492064,210,200,0.9496507936507936,-26.954978862614954,39.92556016540527,0.0006319228559732437,7.699010372161865
2470,63.95652173913044,23,20,0.8695652173913043,-40.28790061709781,176.3729560852051,0.0006954189157113433,34.81526184082031
2471,41.52287581699346,51,48,0.9252287581699347,-145.4843107767403,2143.464463297526,0.001074421452358365,77.68304443359375
2472,-10.688888888888883,105,100,0.9431111111111111,-52.67896903966367,194.2374122619629,0.0010803263867273927,11.0454740524292
2473,63.95652173913044,23,20,0.8695652173913043,10.582235230257114,12.467444213231405,0.00108083535451442,3.29254412651062
2474,40.95652173913044,46,40,0.8695652173913043,-1.5714226469397545,0.5979708492717085,0.0010792878456413746,0.39583271741867065
2475,63.95652173913044,23,20,0.8695652173913043,48.544203507900235,243.98984247843424,0.00115892942994833,39.45058822631836
2476,-12.769470404984418,107,101,0.9423052959501558,-4.502762099212268,4.297207702625557,0.0011590130161494017,3.7968711853027344
2477,-5.702127659574472,94,83,0.8829787234042553,-16.679466387593603,15.69426955563955,0.001159388804808259,3.098517894744873
2478,-12.968847352024923,107,101,0.9403115264797508,6.747838741868734,5.1421431999855125,0.0011594808893278241,1.5241730213165283
2479,41.062893081761004,53,51,0.94062893081761,58.60656578851243,389.3262273152669,0.0011943159624934196,25.003299713134766
2480,63.95652173913044,23,20,0.8695652173913043,84.31383403937022,783.3654256184896,0.0012795239454135299,38.00532913208008
2481,-118.6822429906542,214,204,0.9531775700934579,-284.37291627711056,4268.756471679688,0.00153817399404943,66.23399353027344
2482,46.90909090909091,44,40,0.9090909090909091,91.60903513232867,559.5657918294271,0.0017116280505433679,53.585575103759766
2483,-114.28253968253969,210,202,0.9571746031746031,-215.33768135210872,2490.695921875,0.0017254723934456706,16.342031478881836
2484,68.9090909090909,22,20,0.9090909090909091,80.73813232183457,685.9717397054036,0.0017974331276491284,32.77526092529297
2485,43.888888888888886,45,40,0.8888888888888888,63.190513442953424,284.7884646097819,0.0018006633035838604,8.908151626586914
2486,63.95652173913044,23,20,0.8695652173913043,44.36892329851786,206.537952931722,0.0017972069326788187,0.6490077376365662
2487,-8.647435897435898,104,100,0.9535256410256411,40.77658738623932,119.32768320465088,0.00181040377356112,22.438934326171875
2488,-3.7526881720430083,93,83,0.8924731182795699,-11.157991440420648,8.138643872546384,0.0018111590761691332,4.5975728034973145
2489,43.888888888888886,45,40,0.8888888888888888,-3.839944128195445,2.0777701663600356,0.0018070181831717491,2.551264524459839
2490,63.95652173913044,23,20,0.8695652173913043,-24.836072555184366,55.917043431599936,0.0018468081252649426,25.97349739074707
2491,-3.7526881720430083,93,83,0.8924731182795699,-36.68752269524647,71.99965454009642,0.0018533308757469058,9.236355781555176
2492,-118.7601246105919,214,204,0.952398753894081,72.51713434277289,356.70737194242935,0.0018688973505049944,17.520282745361328
2493,46.3611111111111,48,46,0.9436111111111111,-81.80699941913286,736.3693176269531,0.002253633690997958,80.96198272705078
2494,44.359477124183016,51,49,0.9535947712418301,-43.967823562320945,217.6863867441813,0.0023599104024469852,43.40021514892578
2495,-112.2948717948718,208,200,0.9570512820512821,118.03972932314873,743.9614011936188,0.002480301773175597,47.36693572998047
2496,-14.715151515151518,110,105,0.9528484848484848,63.551400139153,278.735153137207,0.0037455742713063955,141.01925659179688
2497,38.18787878787879,55,52,0.9318787878787879,19.484939138094585,45.15941332181295,0.0038265991024672985,35.858795166015625
2498,63.95652173913044,23,20,0.8695652173913043,6.6900601588189605,5.295481971899668,0.0038262750022113323,7.521059513092041
2499,46.06666666666666,50,49,0.9606666666666667,18.278094230227484,41.905522696177165,0.0038506160490214825,19.525785446166992
2500,41.09876543209876,54,52,0.9509876543209876,9.004055029002483,8.642949237984915,0.003823181614279747,23.55426788330078
2501,40.91025641025641,52,49,0.9291025641025641,-18.53235178987185,36.05395220120748,0.0038362862542271614,14.040955543518066
2502,-9.57142857142857,105,101,0.9542857142857143,-17.918887651136146,29.198831762313844,0.0038255348335951567,12.63293743133545
2503,-5.702127659574472,94,83,0.8829787234042553,-57.25117195083434,163.1838204563861,0.003842018311843276,15.937758445739746
2504,-9.177777777777777,105,101,0.9582222222222222,-20.14684769921005,36.506652599334714,0.0038526393473148346,15.560247421264648
2505,45.16,50,48,0.9516,-3.411961046323995,1.7548314284346513,0.0038548752199858427,7.641545295715332
2506,-3.7526881720430083,93,83,0.8924731182795699,-39.87833823640663,81.02584506421682,0.003855674294754863,5.657401084899902
2507,40.91358024691358,54,52,0.9491358024691358,18.17346225149813,33.63920243581136,0.003874546615406871,18.58817481994629
2508,-7.631578947368411,95,83,0.8736842105263158,-50.24261585979098,125.3677802641229,0.003879672149196267,12.830355644226074
2509,63.95652173913044,23,20,0.8695652173913043,22.82351858615875,54.40167528788249,0.0039037843234837055,18.504804611206055
2510,-3.7526881720430083,93,83,0.8924731182795699,-25.603019116872765,33.375168785033935,0.003920054528862238,15.605300903320312
2511,42.85620915032679,51,48,0.938562091503268,22.80128537217776,57.071453086535136,0.00392762990668416,12.909893989562988
2512,-5.702127659574472,94,83,0.8829787234042553,-32.12331429447036,53.832269821779796,0.0039059461560100317,6.927642345428467
2513,-8.134615384615387,104,100,0.9586538461538462,6.095597360223532,5.605764846793842,0.00390646094456315,6.995103359222412
2514,40.91358024691358,54,52,0.9491358024691358,21.914829955498377,61.35573102633158,0.003939173649996519,22.924854278564453
2515,43.888888888888886,45,40,0.8888888888888888,31.188606559981903,73.05899759928386,0.003944446332752705,7.580097675323486
2516,68.9090909090909,22,20,0.9090909090909091,16.12430374523004,31.536473655700682,0.0039649889804422855,20.66657066345215
2517,63.95652173913044,23,20,0.8695652173913043,-6.7254554271698,4.624354074398677,0.003971282858401537,8.696178436279297
2518,40.91358024691358,54,52,0.9491358024691358,-27.805938851771256,87.53928127288819,0.004008056130260229,26.733293533325195
2519,-1.782608695652172,92,83,0.9021739130434783,-40.58730176192929,83.56507830638962,0.004011109936982393,9.030187606811523
2520,-3.7526881720430083,93,83,0.8924731182795699,-47.21931585059109,114.45349988209675,0.004013836849480867,6.417389392852783
2521,63.95652173913044,23,20,0.8695652173913043,-12.517325800967713,16.919752860069273,0.004018551204353571,8.455119132995605
2522,40.95652173913044,46,40,0.8695652173913043,-11.621529033283393,10.416406982640426,0.00402282876893878,7.952498912811279
2523,44.373333333333335,50,48,0.9437333333333333,-15.11380821975569,24.744900846481322,0.004041747655719519,16.163692474365234
2524,43.83660130718954,51,49,0.9483660130718954,-0.1993346715530303,1.330927816811527,0.0040072486735880375,0.09953724592924118
2525,-10.937694704049846,107,104,0.9606230529595016,17.927162063816564,27.82663789129257,0.004007688723504543,3.583383321762085
2526,59.33333333333334,24,20,0.8333333333333334,-0.20301562789827585,0.4412252658958702,0.0040047382935881615,0.43333694338798523
2527,-8.782051282051285,104,100,0.9521794871794872,24.262725260360167,48.69714245796204,0.004017706960439682,18.53668785095215
2528,43.888888888888886,45,40,0.8888888888888888,43.682740624497335,138.8956152598063,0.004018958192318678,6.092183589935303
2529,-5.702127659574472,94,83,0.8829787234042553,-16.64745920178402,15.759175866483206,0.004018240608274937,2.128606081008911
2530,46.90909090909091,44,40,0.9090909090909091,42.614482958118124,136.57386900583904,0.004021196626126766,8.757508277893066
2531,-114.25714285714285,210,202,0.9574285714285714,-159.46711860413478,1406.370458984375,0.004841240122914314,114.13082885742188
2532,-5.702127659574472,94,83,0.8829787234042553,-20.340367235093712,23.209088367630677,0.004841646179556847,3.002441644668579
2533,63.95652173913044,23,20,0.8695652173913043,3.968709799647331,2.3735842694838842,0.004839741159230471,1.8484187126159668
2534,63.95652173913044,23,20,0.8695652173913043,2.654299727703134,1.4208158034831286,0.004839269910007715,1.5711654424667358
2535,43.888888888888886,45,40,0.8888888888888888,24.952399170398714,52.35805583000183,0.00485340878367424,16.2179012298584
2536,63.95652173913044,23,20,0.8695652173913043,-4.001444014782707,1.7687031711451708,0.004853846505284309,2.9138472080230713
2537,40.95652173913044,46,40,0.8695652173913043,7.169707538684209,5.620822166061649,0.0048536863178014755,1.2751903533935547
2538,-3.7526881720430083,93,83,0.8924731182795699,9.21468829087928,5.436888992908667,0.004844853188842535,3.1867170333862305
2539,47.625850340136054,49,48,0.9662585034013605,2.4624751977867465,4.137227119619031,0.004847992677241564,7.759873867034912
2540,-12.827160493827165,108,104,0.9517283950617283,50.43771390072629,196.45118237304686,0.004871535114943981,20.08098602294922
2541,-3.7526881720430083,93,83,0.8924731182795699,-5.302594912339406,5.367312378553374,0.004869673866778612,1.7987594604492188
2542,-112.2948717948718,208,200,0.9570512820512821,37.85488749271678,104.4411598689612,0.004867943469434977,10.607046127319336
2543,-12.840978593272169,109,105,0.9615902140672783,28.839838820246047,68.28880808258057,0.004825798328965902,8.497281074523926
2544,-14.61212121212121,110,106,0.9538787878787879,7.478809030554316,8.75204357235659,0.004816664848476648,6.984282970428467
2545,40.91358024691358,54,52,0.9491358024691358,-93.05347608998417,1050.2914733886719,0.00485003087669611,22.958168029785156
2546,63.95652173913044,23,20,0.8695652173913043,-42.623213370641075,205.9803342183431,0.004841196350753307,13.203798294067383
2547,-112.12179487179488,208,200,0.9587820512820513,16.846392134923562,27.74412450955622,0.004837558604776859,3.5274252891540527
2548,-9.237179487179489,104,99,0.9476282051282051,36.310341578245975,104.93867868041993,0.00485595129430294,20.63243293762207
2549,43.18300653594771,51,49,0.9418300653594771,9.937485011486812,14.589222871450087,0.004857187625020742,5.437389850616455
2550,63.95652173913044,23,20,0.8695652173913043,4.745869207878908,3.358988724152247,0.004844787530601025,3.3542797565460205
2551,-3.7526881720430083,93,83,0.8924731182795699,10.623360762230483,6.982660201778374,0.004844757728278637,1.7734036445617676
2552,63.95652173913044,23,20,0.8695652173913043,18.363364567359287,38.69044119517009,0.004851804580539465,12.031702995300293
2553,-12.827160493827165,108,104,0.9517283950617283,43.04272052904358,145.87248481750487,0.004859237931668758,11.23734188079834
2554,63.95652173913044,23,20,0.8695652173913043,19.270801122983297,44.64671834309896,0.004862186964601278,7.556232929229736
2555,-10.688888888888883,105,100,0.9431111111111111,22.150836386457957,41.47826625442505,0.00486722681671381,9.57823371887207
2556,63.95652173913044,23,20,0.8695652173913043,14.220957684268553,21.647285143534344,0.004873554687947035,9.142559051513672
2557,-12.827160493827165,108,104,0.9517283950617283,4.487885247919708,4.992696472472569,0.004850978031754494,5.805663108825684
2558,-11.471698113207552,106,101,0.9452830188679245,-8.009737061336637,9.031294537512178,0.004851428791880608,5.629600524902344
2559,68.9090909090909,22,20,0.9090909090909091,17.901078905041018,34.16811459859212,0.004822426941245794,12.759150505065918
2560,43.888888888888886,45,40,0.8888888888888888,-5.644609422942449,2.4312768054432428,0.004822328221052885,1.7146495580673218
2561,63.95652173913044,23,20,0.8695652173913043,-5.871307088260073,3.551083698372046,0.004822833463549614,1.7562832832336426
2562,43.83660130718954,51,49,0.9483660130718954,-38.39852815411869,181.51731567382814,0.004846634343266487,27.433624267578125
2563,43.73202614379085,51,49,0.9473202614379085,-30.70590349479268,113.20422325134277,0.004855945706367493,11.264094352722168
2564,63.95652173913044,23,20,0.8695652173913043,3.6472903361388793,1.8383779088656107,0.004800485447049141,6.078100681304932
2565,45.16,50,48,0.9516,5.170493465792,3.901965558094283,0.004799902904778719,2.1990833282470703
2566,0.2087912087912116,91,83,0.9120879120879121,-9.598781062088099,6.169821176716798,0.004690822213888168,3.852911949157715
2567,-5.702127659574472,94,83,0.8829787234042553,-30.125887991673498,49.328466683506484,0.004687597043812275,6.729992866516113
2568,-12.582554517133957,107,102,0.9441744548286605,4.335544937010854,4.852983259609667,0.004689518827944994,5.042229652404785
2569,-115.03492063492064,210,200,0.9496507936507936,-77.47302028447017,350.1233551940918,0.004697107244282961,11.936351776123047
2570,-9.237179487179489,104,99,0.9476282051282051,32.6097873597471,80.2351939163208,0.004655533470213413,25.24582862854004
2571,43.73202614379085,51,49,0.9473202614379085,68.56747253953169,604.462191772461,0.004404600244015455,43.37858581542969
2572,-9.57142857142857,105,101,0.9542857142857143,35.953227338825585,105.40783238983154,0.004407467786222696,13.108020782470703
2573,63.95652173913044,23,20,0.8695652173913043,45.80469575325648,205.8440144856771,0.004531460348516703,44.834529876708984
2574,44.69333333333333,50,48,0.9469333333333333,22.930293780034177,65.01820863087973,0.00453608576208353,9.897034645080566
2575,68.9090909090909,22,20,0.9090909090909091,20.781747167681655,53.242132631937665,0.0044564008712768555,15.678746223449707
2576,63.95652173913044,23,20,0.8695652173913043,-9.068311099211375,9.471829962730407,0.004459243733435869,6.302895545959473
2577,-114.35873015873017,210,201,0.9564126984126984,-81.84541173353792,368.0872837219238,0.004481561481952667,19.883602142333984
2578,40.95652173913044,46,40,0.8695652173913043,-53.91541778246562,198.71559816996256,0.004564804024994373,36.676048278808594
2579,42.85620915032679,51,48,0.938562091503268,-77.47724250753721,679.375148010254,0.004587090108543634,30.961488723754883
2580,-115.73617693522907,211,202,0.9526382306477094,-29.4313384719342,53.31728444011335,0.0045023271813988686,3.231691360473633
2581,-3.7526881720430083,93,83,0.8924731182795699,-46.98383258737953,113.0830066175346,0.004235439468175173,6.373701572418213
2582,-14.715151515151518,110,105,0.9528484848484848,-2.587192561813863,4.019767739493,0.004055012483149767,4.04651403427124
2583,42.85620915032679,51,48,0.938562091503268,14.971166582902272,28.72002613544464,0.00403966661542654,4.860151767730713
2584,-108.07843137254902,204,196,0.9592156862745098,121.20274416795,834.4230548095703,0.003978722728788853,8.568774223327637
2585,-113.00961538461539,208,198,0.9499038461538462,88.99345174173638,435.8427131958008,0.004014180041849613,24.863676071166992
2586,40.95652173913044,46,40,0.8695652173913043,37.57341493765513,111.75333251953126,0.004028995521366596,16.300371170043945
2587,-9.57142857142857,105,101,0.9542857142857143,8.403755182539113,8.802368219804018,0.003997559659183025,3.388582706451416
2588,-121.04012345679013,216,206,0.9495987654320988,-45.775832441426815,131.79609043121337,0.003998224623501301,4.074624538421631
2589,43.888888888888886,45,40,0.8888888888888888,28.124400161206722,59.03069203694661,0.004006208851933479,10.772906303405762
2590,43.888888888888886,45,40,0.8888888888888888,20.58755391041438,32.38758783340454,0.00396746676415205,3.5629379749298096
2591,45.16,50,48,0.9516,-15.271402286489804,26.545166436831156,0.003963123541325331,3.2077341079711914
2592,40.95652173913044,46,40,0.8695652173913043,-2.3674607948438884,0.53706774248094,0.003943509887903929,1.142680048942566
2593,63.95652173913044,23,20,0.8695652173913043,8.9930726369222,9.319743617375691,0.0035326224751770496,4.354001045227051
2594,46.90909090909091,44,40,0.9090909090909091,10.24004425207774,8.899740305542945,0.0034091577399522066,2.9837899208068848
2595,63.95652173913044,23,20,0.8695652173913043,4.0238484357173245,2.1654947360356647,0.0032611670903861523,2.900609254837036
2596,-12.214953271028037,107,102,0.9478504672897197,-64.19854890656471,327.5949989013672,0.0021024253219366074,25.884206771850586
2597,63.95652173913044,23,20,0.8695652173913043,1.9890713751316071,0.5745082081605991,0.002025717869400978,1.6720035076141357
2598,40.95652173913044,46,40,0.8695652173913043,-20.91975055336952,32.44095851580302,0.002024292480200529,5.3274359703063965
2599,40.91025641025641,52,49,0.9291025641025641,-43.95239756848702,222.52631136576335,0.002010691212490201,12.601536750793457
2600,63.95652173913044,23,20,0.8695652173913043,10.965313971042633,14.523576895395914,0.0019788420759141445,7.086333274841309
2601,-5.702127659574472,94,83,0.8829787234042553,-56.41304266596415,164.9255474657419,0.001968900440260768,5.196498870849609
2602,40.95652173913044,46,40,0.8695652173913043,17.86539333462715,24.760117371877033,0.001961087342351675,6.357815265655518
2603,-117.3129890453834,213,204,0.9568701095461659,-128.0176894423291,1007.5029077148438,0.002106248866766691,51.16902542114258
2604,63.95652173913044,23,20,0.8695652173913043,37.87129937609037,138.9476214090983,0.002582935616374016,90.00153350830078
2605,-16.573573573573583,111,105,0.9442642642642642,9.08767918914929,13.544512116655707,0.002585381269454956,8.213980674743652
2606,46.90909090909091,44,40,0.9090909090909091,75.87404903173447,433.78965810139977,0.002618654165416956,23.062042236328125
2607,45.16,50,48,0.9516,47.53755559582884,254.34322725931804,0.0026571289636194706,31.058700561523438
2608,-5.702127659574472,94,83,0.8829787234042553,-12.263894310916763,9.002444157399326,0.0026481824461370707,0.9831633567810059
2609,-16.573573573573583,111,105,0.9442642642642642,10.082391516756266,13.130342434380728,0.002627504989504814,6.139648914337158
2610,-12.214953271028037,107,102,0.9478504672897197,10.059720904730261,10.849495633832616,0.002614266239106655,7.727669715881348
2611,45.733333333333334,50,48,0.9573333333333334,-0.432246601137255,0.6724573684671972,0.0026055965572595596,2.7315900325775146
2612,-9.541666666666657,96,83,0.8645833333333334,-55.05444659190963,156.38740089140742,0.0026039776857942343,5.558668613433838
2613,-5.702127659574472,94,83,0.8829787234042553,-39.144019694213405,87.0056639062353,0.002626609057188034,20.3837833404541
2614,0.2087912087912116,91,83,0.9120879120879121,-12.812025656661834,12.085663221122116,0.0025945014785975218,6.03007698059082
2615,40.95652173913044,46,40,0.8695652173913043,-7.377212216084202,3.7327446793516477,0.0025897345039993525,1.2645821571350098
2616,68.9090909090909,22,20,0.9090909090909091,8.575900063415368,8.396177021662394,0.0025636875070631504,9.057451248168945
2617,41.52564102564102,52,49,0.9352564102564103,-22.02693383495013,49.89969641367595,0.002559696789830923,5.364489555358887
2618,68.9090909090909,22,20,0.9090909090909091,11.249455122401317,12.525205739339192,0.0025425036437809467,18.114524841308594
2619,43.888888888888886,45,40,0.8888888888888888,18.59021680454413,25.702970790863038,0.002539508743211627,3.391566514968872
2620,-9.541666666666657,96,83,0.8645833333333334,-33.17020721512147,56.42021374530103,0.0025402118917554617,7.772922039031982
2621,63.95652173913044,23,20,0.8695652173913043,-1.0116176569989572,0.3781960947654928,0.0025349806528538465,0.9729591012001038
2622,59.33333333333334,24,20,0.8333333333333334,-14.16328138311704,17.808177479108174,0.002534706611186266,6.487860679626465
2623,40.95652173913044,46,40,0.8695652173913043,21.734124520917735,34.16997952461243,0.0025196275673806667,8.105408668518066
2624,-108.07843137254902,204,196,0.9592156862745098,95.3018765760064,461.5470538730621,0.0031986264511942863,104.17707824707031
2625,40.95652173913044,46,40,0.8695652173913043,16.744417653481165,21.391206630071004,0.003200780600309372,7.311878204345703
2626,45.16,50,48,0.9516,1.7384776996293416,1.298516233996876,0.003201417624950409,3.604810953140259
2627,-111.43910256410257,208,201,0.9656089743589743,39.60185059329495,98.0177387335305,0.003239056561142206,31.949934005737305
2628,43.888888888888886,45,40,0.8888888888888888,2.011784865676115,0.9564812275577423,0.0032373997382819653,2.2964682579040527
2629,-5.702127659574472,94,83,0.8829787234042553,-37.35937179044547,76.68533875951805,0.003256837837398052,18.757150650024414
2630,-10.320754716981128,106,102,0.9567924528301887,5.69783721652627,6.097375857716194,0.0032577894162386656,8.1425199508667
2631,38.1063829787234,47,40,0.851063829787234,-36.762803649902345,91.90553770065307,0.0024344073608517647,4.891137599945068
2632,-114.35873015873017,210,201,0.9564126984126984,-62.39284781593084,233.1864700012207,0.002635193755850196,59.484153747558594
2633,-9.177777777777777,105,101,0.9582222222222222,8.02080545321107,7.630796389411669,0.002642629202455282,8.792712211608887
2634,-16.47147147147146,111,106,0.9452852852852853,-2.304082226872444,6.037313434864118,0.002642264124006033,1.7629787921905518
2635,63.95652173913044,23,20,0.8695652173913043,-0.8878331075732907,0.23582870960429622,0.0026264118496328592,0.8478703498840332
2636,-3.7526881720430083,93,83,0.8924731182795699,-16.552861558385644,17.156476687236005,0.0026257236022502184,4.273995399475098
2637,63.95652173913044,23,20,0.8695652173913043,4.000047280887762,2.1462458501259487,0.0026262563187628984,1.4646879434585571
2638,40.95652173913044,46,40,0.8695652173913043,12.180015375216803,12.013224018613498,0.0026273149996995926,1.6123110055923462
2639,40.814814814814824,54,52,0.9481481481481482,6.494923210640748,5.148570021637715,0.0026330803520977497,13.535696029663086
2640,-118.15264797507788,214,206,0.9584735202492212,-41.35104033088684,92.68704752349853,0.002622817177325487,13.488516807556152
2641,40.95652173913044,46,40,0.8695652173913043,17.479893009612958,22.368318621317545,0.002629377879202366,8.934832572937012
2642,-110.08737864077669,206,198,0.959126213592233,-6.672691326979489,4.154862178826588,0.0026202131994068623,1.350982904434204
2643,-116.7151799687011,213,206,0.962848200312989,-6.945892356330529,4.518105960095069,0.0026133335195481777,3.5043675899505615
2644,-114.28253968253969,210,202,0.9571746031746031,1.6684626519242303,2.9048926291388923,0.0026077404618263245,2.1880569458007812
2645,-112.82456140350878,209,202,0.9617543859649123,17.224335657805206,20.19060456506908,0.0025703166611492634,8.040017127990723
2646,-12.737003058103966,109,106,0.9626299694189603,47.19688191407174,155.0311488647461,0.002881408203393221,70.23571014404297
2647,63.95652173913044,23,20,0.8695652173913043,4.805558012922605,3.185783615211646,0.002890847623348236,11.386038780212402
2648,-10.377358490566039,106,102,0.9562264150943396,31.845330400485544,74.8926375465393,0.002892039017751813,17.783565521240234
2649,63.95652173913044,23,20,0.8695652173913043,-5.71271025488774,3.5041939402619997,0.002891937969252467,3.0220913887023926
2650,40.814814814814824,54,52,0.9481481481481482,-18.448190905650456,33.63263946374257,0.002972424728795886,34.72589874267578
2651,63.95652173913044,23,20,0.8695652173913043,-10.60656622077028,11.186212209860484,0.0029777903109788895,11.645909309387207
2652,41.52564102564102,52,49,0.9352564102564103,-33.51516501915952,110.72796351114908,0.003032662672922015,33.373775482177734
2653,-111.55072463768116,207,198,0.9544927536231884,-5.623696210689842,5.655962263110792,0.0030242139473557472,6.738888740539551
2654,42.85620915032679,51,48,0.938562091503268,-11.090581885973613,13.890310899416606,0.0030208949465304613,7.495128631591797
2655,63.95652173913044,23,20,0.8695652173913043,4.912486841032902,3.6093152781327564,0.0030147996731102467,5.159100532531738
2656,-8.134615384615387,104,100,0.9586538461538462,32.51983312901156,81.66586289978028,0.003034312278032303,18.862388610839844
2657,-9.811320754716988,106,103,0.9618867924528302,34.312805644035336,92.93557972717285,0.003064644755795598,21.211139678955078
2658,63.95652173913044,23,20,0.8695652173913043,12.605739964048068,17.517391411463418,0.0030730683356523514,15.441463470458984
2659,59.33333333333334,24,20,0.8333333333333334,-4.060194217910369,2.123193576411965,0.0030659495387226343,1.942800521850586
2660,40.814814814814824,54,52,0.9481481481481482,14.92514332930247,27.167378918329874,0.00306912325322628,8.596870422363281
2661,41.3974358974359,52,49,0.933974358974359,-1.3769847120313594,0.7398311617823007,0.003068819409236312,1.135851502418518
2662,-112.12179487179488,208,200,0.9587820512820513,-15.959930889546696,16.607177105356705,0.00301714101806283,5.391451358795166
2663,-3.7526881720430083,93,83,0.8924731182795699,-24.943380747932984,34.38769103054062,0.003007113002240658,4.017032146453857
2664,46.90909090909091,44,40,0.9090909090909091,28.364613040660817,59.73506240844726,0.003009763779118657,9.172639846801758
2665,43.888888888888886,45,40,0.8888888888888888,11.921667385101319,10.721148744225502,0.003011371474713087,6.380202293395996
2666,43.888888888888886,45,40,0.8888888888888888,3.709207710127036,1.5855433243016401,0.0030116934794932604,1.3732966184616089
2667,-10.937694704049846,107,104,0.9606230529595016,-13.14687363351835,17.827405443668365,0.0030703528318554163,33.15497970581055
2668,43.888888888888886,45,40,0.8888888888888888,-8.029227475821973,4.884928322583437,0.0030675760935992002,0.9363635778427124
2669,-5.702127659574472,94,83,0.8829787234042553,-52.91835641310397,155.2039061396955,0.003073975909501314,14.221087455749512
2670,-5.702127659574472,94,83,0.8829787234042553,-51.52611985647056,139.7654207834757,0.003042692318558693,7.932767391204834
2671,-5.702127659574472,94,83,0.8829787234042553,-45.31817511430227,109.70142419654202,0.0029377881437540054,5.957612037658691
2672,-10.377358490566039,106,102,0.9562264150943396,-2.081709490098059,3.2322465031762584,0.0029310814570635557,4.9420342445373535
2673,43.73202614379085,51,49,0.9473202614379085,-3.2120802109440167,1.584385066491571,0.0028125180397182703,3.633826971054077
2674,-8.974603174603175,105,101,0.9602539682539682,17.437553660154343,26.586015692710877,0.002816603984683752,9.65230655670166
2675,40.814814814814824,54,52,0.9481481481481482,17.688015415061574,34.823533940315244,0.002918210346251726,44.9687385559082
2676,-8.134615384615387,104,100,0.9586538461538462,23.305156251512468,45.98299033164978,0.003042926313355565,44.08496856689453
2677,63.95652173913044,23,20,0.8695652173913043,6.647169514497121,5.31405078570048,0.0030237091705203056,4.741788864135742
2678,-3.7526881720430083,93,83,0.8924731182795699,-13.227089252756782,10.485490272801563,0.002935199299827218,6.411125183105469
2679,63.95652173913044,23,20,0.8695652173913043,3.635820007324219,1.8623688250780106,0.0028828128706663847,1.2483441829681396
2680,68.9090909090909,22,20,0.9090909090909091,15.992430945982536,32.81040617624919,0.0028991757426410913,16.42385482788086
2681,-117.3129890453834,213,204,0.9568701095461659,2.1867358661782927,2.433397412175196,0.002895484445616603,1.1233164072036743
2682,40.95652173913044,46,40,0.8695652173913043,7.436637667814891,4.607870759814977,0.0028945428784936666,2.718310832977295
2683,38.369696969696975,55,52,0.9336969696969697,-9.892655073354641,12.276795927683512,0.0029063073452562094,16.67831039428711
2684,63.95652173913044,23,20,0.8695652173913043,-7.671979082127412,6.16718696753184,0.0029040558729320765,3.625077486038208
2685,-16.47147147147146,111,106,0.9452852852852853,-5.270003041356802,6.008111850033398,0.002869074000045657,1.8909873962402344
2686,63.95652173913044,23,20,0.8695652173913043,-8.83515965839227,7.048531075318654,0.002866573864594102,14.07918643951416
2687,-3.7526881720430083,93,83,0.8924731182795699,-21.89216648592767,26.411285097819256,0.0028671296313405037,5.183775901794434
2688,43.18300653594771,51,49,0.9418300653594771,-7.784611968649552,6.9795223901669186,0.002866733819246292,5.543322563171387
2689,-7.631578947368411,95,83,0.8736842105263158,-33.874909709735086,61.76808702706333,0.0028772654477506876,15.184860229492188
2690,-7.631578947368411,95,83,0.8736842105263158,-29.13352887936864,45.621090655345995,0.002882568398490548,12.293639183044434
2691,46.06666666666666,50,49,0.9606666666666667,21.38345686972219,57.086611874898274,0.002883628709241748,4.709407806396484
2692,-110.08737864077669,206,198,0.959126213592233,32.737249033601024,58.42589203262329,0.002934621414169669,30.118450164794922
2693,40.95652173913044,46,40,0.8695652173913043,21.42440023422241,38.18747347195943,0.002950110472738743,16.788225173950195
2694,-3.7526881720430083,93,83,0.8924731182795699,-8.956967350559301,5.288671539789702,0.0029490089509636164,1.430694341659546
2695,-3.7526881720430083,93,83,0.8924731182795699,-10.962710356137839,7.189685715489598,0.0029490278102457523,3.174636125564575
2696,68.9090909090909,22,20,0.9090909090909091,15.021675751979153,26.00519256591797,0.0029171330388635397,7.068534851074219
2697,-7.631578947368411,95,83,0.8736842105263158,-31.274063648469,52.55183085093058,0.0029177768155932426,5.002053260803223
2698,-3.7526881720430083,93,83,0.8924731182795699,-14.032135498751119,11.196418216429562,0.0029167395550757647,3.172745943069458
2699,-7.631578947368411,95,83,0.8736842105263158,-30.94285859257342,50.35987686249147,0.002914111828431487,9.08642292022705
2700,43.87179487179486,52,51,0.9587179487179487,5.577276267840838,4.822304206341505,0.0029108780436217785,3.3229072093963623
2701,40.95652173913044,46,40,0.8695652173913043,5.2219956961770855,2.3092481721037377,0.0029102806001901627,1.8567438125610352
2702,45.16,50,48,0.9516,-3.399358536655442,1.852170354420135,0.0029134496580809355,7.1710004806518555
2703,38.1063829787234,47,40,0.851063829787234,-6.875170368328691,3.366339122876525,0.0027590179815888405,1.6242104768753052
2704,40.95652173913044,46,40,0.8695652173913043,4.485977624853452,2.0745839520357547,0.002261851914227009,0.56564861536026
2705,-112.79904306220095,209,202,0.9620095693779904,-5.838828727431595,4.61162869049469,0.0022596463095396757,4.762947082519531
2706,-7.631578947368411,95,83,0.8736842105263158,-23.29042525320168,30.02892270528648,0.002230783924460411,6.836328983306885
2707,59.33333333333334,24,20,0.8333333333333334,-15.950082325935364,28.23134682973226,0.0021676195319741964,1.685294270515442
2708,38.18787878787879,55,52,0.9318787878787879,3.9119903871479136,1.9879567971181435,0.0021708670537918806,6.89228630065918
2709,-5.702127659574472,94,83,0.8829787234042553,-5.727626593312226,2.817584901168217,0.0021694223396480083,0.8815160989761353
2710,-9.541666666666657,96,83,0.8645833333333334,-20.09539600931497,23.370356161431616,0.002168060280382633,5.4687886238098145
2711,45.16,50,48,0.9516,17.21982221851746,36.67991228103638,0.0023430183064192533,53.4318962097168
2712,68.9090909090909,22,20,0.9090909090909091,23.55743450547258,63.84313227335612,0.0023632743395864964,18.36184310913086
2713,45.16,50,48,0.9516,9.372184200584888,12.14296146829923,0.0023551296908408403,17.85334014892578
2714,63.95652173913044,23,20,0.8695652173913043,-0.17814227559914192,0.3065003692288883,0.00235336204059422,0.5704879760742188
2715,63.95652173913044,23,20,0.8695652173913043,-4.569611632777378,2.2720821030127505,0.0023535210639238358,2.5901718139648438
2716,43.888888888888886,45,40,0.8888888888888888,6.087908228052159,4.253685542397822,0.0023476474452763796,1.8378950357437134
2717,63.95652173913044,23,20,0.8695652173913043,-10.13594056367874,11.540964444478353,0.0023471082095056772,2.196718454360962
2718,46.06666666666666,50,49,0.9606666666666667,-21.67407349847199,43.50692741076151,0.0023563147988170385,24.04526138305664
2719,-7.631578947368411,95,83,0.8736842105263158,-33.95140830915137,63.87286653480376,0.002361849183216691,10.184821128845215
2720,-7.631578947368411,95,83,0.8736842105263158,-26.886008929057294,42.15861283727439,0.0023601942230015993,4.8576836585998535
2721,-8.782051282051285,104,100,0.9521794871794872,34.45618070908263,90.03036852264404,0.0023927981965243816,22.569599151611328
2722,63.95652173913044,23,20,0.8695652173913043,-2.421135381422937,0.7868220058308604,0.0023911651223897934,2.4587371349334717
2723,40.95652173913044,46,40,0.8695652173913043,4.572193477054437,2.6395584390343476,0.002389070577919483,3.100764751434326
2724,40.95652173913044,46,40,0.8695652173913043,6.757522485653559,4.780860769314071,0.001713363453745842,0.5125861763954163
2725,-6.721682847896432,103,100,0.9627831715210357,46.239092759661375,167.57649415588378,0.0017906057182699442,34.67794418334961
2726,44.69333333333333,50,48,0.9469333333333333,-8.794645339615332,8.40062111914158,0.0018118037842214108,18.115320205688477
2727,-7.631578947368411,95,83,0.8736842105263158,-20.769832174462007,26.99790843519341,0.0017524947179481387,5.214086055755615
2728,-6.857605177993534,103,100,0.9614239482200647,34.122373733833435,90.26834270477295,0.0017522935522720218,2.3892900943756104
2729,46.3611111111111,48,46,0.9436111111111111,-20.076725106438,53.34514563878377,0.0018329705344513059,40.415889739990234
2730,43.888888888888886,45,40,0.8888888888888888,5.5739559692020215,3.5186134334013333,0.0018292723689228296,1.9538257122039795
2731,46.3611111111111,48,46,0.9436111111111111,-13.528549599647523,24.116859952608745,0.0018295316258445382,4.580995082855225
2732,-115.86163522012578,212,204,0.9613836477987422,-18.305999947980045,23.332990759849547,0.0016091229626908898,3.674433469772339
2733,-5.702127659574472,94,83,0.8829787234042553,-9.958730572797208,6.595358719548068,0.0016062521608546376,2.5769832134246826
2734,40.95652173913044,46,40,0.8695652173913043,20.476934389273325,33.30195803642273,0.0016066917451098561,3.3549306392669678
2735,-115.78301886792453,212,204,0.9621698113207547,-4.78338263649866,3.0633243756738957,0.0016066873213276267,0.5474641919136047
2736,43.888888888888886,45,40,0.8888888888888888,37.499500984946884,106.66420148213705,0.0016103420639410615,8.710607528686523
2737,-7.631578947368411,95,83,0.8736842105263158,-15.010868679567514,13.177739477540594,0.001610850333236158,3.9912266731262207
2738,-115.86163522012578,212,204,0.9613836477987422,0.6888478293400258,1.1619224879423855,0.001611041952855885,1.197240948677063
2739,63.95652173913044,23,20,0.8695652173913043,7.283593350276351,7.259084924062093,0.0015998168382793665,6.212185859680176
2740,63.95652173913044,23,20,0.8695652173913043,5.516791200637817,4.041212342182795,0.0015872074291110039,3.6656062602996826
2741,-8.647435897435898,104,100,0.9535256410256411,27.44990758061409,65.25310702133179,0.0016216178191825747,26.45328712463379
2742,-116.70266040688576,213,206,0.9629733959311424,-2.1848414015743765,2.156490756144398,0.0016224209684878588,3.0854742527008057
2743,41.09876543209876,54,52,0.9509876543209876,-0.6661691410869631,0.4422347959841621,0.0016212485497817397,0.6593186855316162
2744,-9.541666666666657,96,83,0.8645833333333334,-39.129740983128066,87.15053224372097,0.0016247302992269397,7.146806716918945
2745,-5.702127659574472,94,83,0.8829787234042553,-24.336425576822826,33.415474374610255,0.0016224081628024578,2.991246461868286
2746,-112.12179487179488,208,200,0.9587820512820513,-0.9550487308641895,2.7352939255441306,0.0013289531925693154,3.4105794429779053
2747,-3.7526881720430083,93,83,0.8924731182795699,-14.017094587705222,11.952118900406314,0.0013244487345218658,6.168649673461914
2748,63.95652173913044,23,20,0.8695652173913043,-5.503146531603609,3.47016484439373,0.0013081375509500504,5.482663154602051
2749,63.95652173913044,23,20,0.8695652173913043,-4.9849476024508474,2.6765398492415744,0.0013077297480776906,1.9552439451217651
2750,-9.541666666666657,96,83,0.8645833333333334,-34.784759102097475,66.75528974418181,0.0012432030634954572,11.764487266540527
2751,40.95652173913044,46,40,0.8695652173913043,5.009874964257081,2.315911143521468,0.0012350375764071941,1.828482985496521
2752,-112.90111642743221,209,201,0.9609888357256778,17.87469766670512,20.293824917793273,0.001167643815279007,3.7727794647216797
2753,43.888888888888886,45,40,0.8888888888888888,20.181870185335477,31.963729508717854,0.001165901543572545,5.0884199142456055
2754,63.95652173913044,23,20,0.8695652173913043,0.7956783361267299,0.2949324817437931,0.0011620591394603252,0.34494930505752563
2755,68.9090909090909,22,20,0.9090909090909091,15.43889260875682,26.31516393025716,0.0011642859317362309,7.557589530944824
2756,-7.631578947368411,95,83,0.8736842105263158,-23.13777154274135,31.060639147777636,0.0011450430611148477,4.997661113739014
2757,-14.715151515151518,110,105,0.9528484848484848,19.412143058508633,33.080544448375704,0.001142710680142045,20.3092098236084
2758,-8.409523809523805,105,102,0.9659047619047619,30.089660894150672,73.37450833511353,0.001153956283815205,20.53778648376465
2759,43.87179487179486,52,51,0.9587179487179487,-8.743247366440482,10.681555537382762,0.0011579809943214059,8.109488487243652
2760,38.1063829787234,47,40,0.851063829787234,-28.126832244793572,61.153950754801436,0.0011586032342165709,9.338140487670898
2761,-5.702127659574472,94,83,0.8829787234042553,-24.945035640404647,35.53674275808066,0.00116000697016716,5.045446395874023
2762,-108.12418300653596,204,196,0.9587581699346405,-8.446484334722161,4.853780377224088,0.00116188102401793,7.597517013549805
2763,44.373333333333335,50,48,0.9437333333333333,-11.270107119282086,17.261543639500935,0.0011666042264550924,9.972545623779297
2764,-110.08737864077669,206,198,0.959126213592233,-3.0484236062906565,1.5215922698230715,0.0011610138462856412,0.8802832961082458
2765,-5.702127659574472,94,83,0.8829787234042553,-12.238270885733716,9.101097030812,0.001158510334789753,0.9410808086395264
2766,44.69333333333333,50,48,0.9469333333333333,11.947431803060075,18.39875871737798,0.0011622125748544931,8.287530899047852
2767,-115.86163522012578,212,204,0.9613836477987422,1.8031594973877072,1.695180282841786,0.0010923092486336827,1.3589833974838257
2768,-5.702127659574472,94,83,0.8829787234042553,-5.681483746719468,2.5146857950329244,0.0010925005190074444,1.0102260112762451
2769,44.359477124183016,51,49,0.9535947712418301,24.259540403654682,72.49113241831462,0.001086674863472581,10.411886215209961
2770,-3.7526881720430083,93,83,0.8924731182795699,2.198336737791458,0.9078861158670779,0.001082298462279141,0.11700261384248734
2771,45.733333333333334,50,48,0.9573333333333334,14.841855189208582,28.388371205329896,0.0010815068380907178,2.9046452045440674
2772,-110.83252818035427,207,200,0.9616747181964573,3.359561423774285,1.5503532636811723,0.0010798699222505093,1.185868501663208
2773,-10.880503144654085,106,101,0.9511949685534591,15.94024829119444,22.61740496978164,0.0010787115897983313,1.7849172353744507
2774,-8.134615384615387,104,100,0.9586538461538462,15.461279728763008,21.585029084444045,0.001086553791537881,13.631022453308105
2775,40.95652173913044,46,40,0.8695652173913043,-23.686004689335824,39.96999971071879,0.0009592900169081986,5.282109260559082
2776,43.73202614379085,51,49,0.9473202614379085,-34.26539777951936,150.4581417719523,0.0012123596388846636,78.35591125488281
2777,-111.55072463768116,207,198,0.9544927536231884,-25.477614919014158,38.48876532745361,0.001212181057780981,6.314241886138916
2778,-10.880503144654085,106,101,0.9511949685534591,7.655580561985844,7.196059058454353,0.0012191629502922297,11.727413177490234
2779,-8.782051282051285,104,100,0.9521794871794872,14.528643870908766,19.925041575193404,0.001220197300426662,5.503498554229736
2780,-3.7526881720430083,93,83,0.8924731182795699,-10.600257639784411,6.755578351786816,0.0012053970713168383,0.29578569531440735
2781,41.09876543209876,54,52,0.9509876543209876,9.403231072094059,12.724400893847148,0.0012114131823182106,10.04028606414795
2782,43.888888888888886,45,40,0.8888888888888888,25.245292636131246,47.637725575764975,0.0012149380054324865,6.475516319274902
2783,43.888888888888886,45,40,0.8888888888888888,22.012419211864472,37.86019725799561,0.001200895756483078,9.012243270874023
2784,46.06666666666666,50,49,0.9606666666666667,2.559944724836775,1.1781637703068555,0.0012005420867353678,1.8881884813308716
2785,63.95652173913044,23,20,0.8695652173913043,-7.351494341095289,5.488961629072825,0.0012008328922092915,4.469366073608398
2786,-7.631578947368411,95,83,0.8736842105263158,-35.222806792661366,67.25085637655603,0.0011901030084118247,0.5600964426994324
2787,-108.12418300653596,204,196,0.9587581699346405,5.510148661643266,4.938240924143582,0.001187702757306397,1.328230857849121
2788,-3.7526881720430083,93,83,0.8924731182795699,-19.426326292106904,22.107105094266224,0.0011862325482070446,4.476457118988037
2789,46.90909090909091,44,40,0.9090909090909091,15.416088106421133,20.31837515036265,0.0011760893976315856,4.311646938323975
2790,-112.82456140350878,209,202,0.9617543859649123,-1.5373527147398562,2.2799867483610288,0.001165317720733583,1.9764922857284546
2791,-8.782051282051285,104,100,0.9521794871794872,3.098350661508739,2.848240727430646,0.0011644684709608555,1.448777675628662
2792,-108.07843137254902,204,196,0.9592156862745098,3.099818634611147,1.7570865874391748,0.0011032723123207688,1.513309359550476
2793,-110.83252818035427,207,200,0.9616747181964573,-0.023587853286881,1.2237704815007746,0.001087569515220821,1.080325722694397
2794,46.90909090909091,44,40,0.9090909090909091,4.632010283072789,3.031375686543106,0.00108799256850034,1.9205929040908813
2795,-7.317152103559877,103,99,0.9568284789644013,2.367479669094086,2.5219780827779323,0.0010879021137952805,2.0054030418395996
2796,43.18300653594771,51,49,0.9418300653594771,-40.50933393488328,194.96692390441893,0.0011264316271990538,24.72148895263672
2797,-3.7526881720430083,93,83,0.8924731182795699,-23.33234706084173,31.841074127748787,0.0011252755066379905,4.6583099365234375
2798,-116.7151799687011,213,206,0.962848200312989,-2.722800401399145,2.496057268714998,0.0011247951770201325,0.4226692020893097
2799,63.95652173913044,23,20,0.8695652173913043,-0.2683738423821827,0.35808476547463214,0.001120293978601694,0.6034906506538391
2800,63.95652173913044,23,20,0.8695652173913043,6.265956994891167,5.282575209935506,0.0011202581226825714,4.683160781860352
2801,-5.702127659574472,94,83,0.8829787234042553,-9.56251728008071,5.766311548321123,0.0011197477579116821,0.8031081557273865
2802,43.83660130718954,51,49,0.9483660130718954,21.62786474884488,55.20270541508992,0.0011246709618717432,10.881123542785645
2803,-110.08737864077669,206,198,0.959126213592233,26.896324827611053,40.83345920944214,0.001139152212999761,16.87470245361328
2804,44.228758169934636,51,49,0.9522875816993464,19.239336820338696,48.79072465896606,0.0011501519475132227,12.010251998901367
2805,46.3611111111111,48,46,0.9436111111111111,3.1446340742210546,1.646423271826158,0.0011497108498588204,1.5358284711837769
2806,63.95652173913044,23,20,0.8695652173913043,3.2329567591349284,1.679580839847525,0.0011473934864625335,0.5603493452072144
2807,-10.377358490566039,106,102,0.9562264150943396,14.489952982323274,18.463159290008246,0.001151412259787321,7.396119117736816
2808,-10.320754716981128,106,102,0.9567924528301887,7.147041064727004,6.42710969362827,0.00114811968524009,2.068420171737671
2809,43.888888888888886,45,40,0.8888888888888888,-2.5132573442688835,1.024516484535343,0.001148140407167375,0.987545371055603
2810,40.95652173913044,46,40,0.8695652173913043,-20.54922079046567,32.887199052174886,0.0011534907389432192,11.813364028930664
2811,44.228758169934636,51,49,0.9522875816993464,-38.05883734039962,164.46744073232014,0.000990012427791953,18.65607261657715
2812,40.95652173913044,46,40,0.8695652173913043,-15.86664293607076,17.51000264286995,0.00097318971529603,3.045630931854248
2813,-5.702127659574472,94,83,0.8829787234042553,-32.28296331756086,58.744645482565026,0.0009585972875356674,4.928615093231201
2814,40.95652173913044,46,40,0.8695652173913043,6.971360786507527,4.477605353792509,0.0009589474648237228,1.653324842453003
2815,-8.782051282051285,104,100,0.9521794871794872,14.260261824369431,17.796737759113313,0.0009609943954274058,5.602075576782227
2816,-3.7526881720430083,93,83,0.8924731182795699,-7.301977176533406,3.6203292078604123,0.0009614576119929552,1.924134373664856
2817,-11.081761006289312,106,101,0.9491823899371069,19.104698008663952,29.211597863197326,0.0009673438617028296,9.65112590789795
2818,-112.12179487179488,208,200,0.9587820512820513,-33.09745922788978,68.25060892486572,0.0009363610297441483,12.342209815979004
2819,68.9090909090909,22,20,0.9090909090909091,43.73654812748234,231.96437123616536,0.0009378142422065139,9.566946029663086
2820,-112.2948717948718,208,200,0.9570512820512821,-24.67290721045155,38.67109471130371,0.000937099102884531,4.206974506378174
2821,-14.715151515151518,110,105,0.9528484848484848,21.203212370574473,35.761728766441344,0.00091464415891096,13.250467300415039
2822,-10.377358490566039,106,102,0.9562264150943396,23.56592711390555,44.47439733695984,0.0009346400038339198,17.438180923461914
2823,-5.702127659574472,94,83,0.8829787234042553,-16.57582313405821,15.073497990527786,0.0009338856325484812,0.8921665549278259
2824,-1.782608695652172,92,83,0.9021739130434783,-2.130918732623618,0.9894289696782202,0.000933664501644671,0.759390115737915
2825,-10.880503144654085,106,101,0.9511949685534591,9.303268872647546,8.577875230780338,0.0008648306247778237,3.242142677307129
2826,63.95652173913044,23,20,0.8695652173913043,-1.2329490812495352,0.2923135052784346,0.0008461193065159023,0.4276818335056305
2827,-16.47147147147146,111,106,0.9452852852852853,-5.98096437124908,4.761862625051522,0.0008455267525278032,4.789093494415283
2828,-114.40600315955766,211,204,0.9659399684044234,-0.5841363596282899,3.1556894239863613,0.0008450753521174192,1.262339472770691
2829,-11.710280373831779,107,103,0.9528971962616822,-1.6499644789285959,1.607538775984667,0.0007485151290893555,2.1198530197143555
2830,-12.271028037383175,107,102,0.9472897196261683,-6.4603775379359725,4.581800176803619,0.0007484170491807163,2.306894302368164
2831,43.888888888888886,45,40,0.8888888888888888,-0.15437717443952959,0.6613912799342264,0.0007476687896996737,0.2343118041753769
2832,-3.7526881720430083,93,83,0.8924731182795699,-27.872353925283655,40.03793143460071,0.0007582860998809338,12.713642120361328
2833,-5.702127659574472,94,83,0.8829787234042553,-34.33747898072124,63.52153042712843,0.0007598178344778717,5.442526817321777
2834,43.18300653594771,51,49,0.9418300653594771,-20.209599608182906,52.44194962183634,0.0007765476475469768,17.841825485229492
2835,63.95652173913044,23,20,0.8695652173913043,-5.502054535225033,3.7276281833648683,0.0007773250690661371,4.118171215057373
2836,40.814814814814824,54,52,0.9481481481481482,7.81477960050106,6.9590513676404955,0.0007759449654258788,6.273914813995361
2837,40.95652173913044,46,40,0.8695652173913043,17.05094510515531,23.08940782546997,0.0007774204132147133,6.048520565032959
2838,-8.784126984126985,105,102,0.9621587301587302,31.80043059110269,84.6093427734375,0.0008038973901420832,19.967525482177734
2839,-5.702127659574472,94,83,0.8829787234042553,-14.2361963551686,11.414756544143799,0.0008013283950276673,2.4208226203918457
2840,-3.7526881720430083,93,83,0.8924731182795699,-5.720611911326886,2.4647986041726466,0.0008006268180906773,1.5776331424713135
2841,-112.2948717948718,208,200,0.9570512820512821,34.96569341218471,73.54814014434814,0.0007666508900001645,12.411310195922852
2842,63.95652173913044,23,20,0.8695652173913043,3.6065988620122273,1.6978021586934726,0.0007664916338399053,2.8371846675872803
2843,-3.7526881720430083,93,83,0.8924731182795699,-11.394176521215094,7.316956756584137,0.0007671316852793097,2.417560577392578
2844,46.3611111111111,48,46,0.9436111111111111,-3.8183517596509775,1.9656296897563152,0.0007665508892387152,5.547621726989746
2845,-3.7526881720430083,93,83,0.8924731182795699,-13.427329653238196,10.0660629952289,0.0007670838967896998,4.374755859375
2846,-5.702127659574472,94,83,0.8829787234042553,-21.98404317400063,26.354290230685926,0.000766682846006006,3.249263286590576
2847,-114.25714285714285,210,202,0.9574285714285714,-9.03414312171936,5.670584942626301,0.00076439039548859,2.550712823867798
2848,41.52564102564102,52,49,0.9352564102564103,0.9226660745218396,0.47066114580617674,0.0007633757777512074,2.513059616088867
2849,68.9090909090909,22,20,0.9090909090909091,22.979594448705516,54.62628485361735,0.0007729945937171578,13.631741523742676
2850,45.733333333333334,50,48,0.9573333333333334,10.398061160867412,15.520642737547556,0.0007694668020121753,7.661413669586182
2851,43.888888888888886,45,40,0.8888888888888888,23.51118360757828,43.380051390329996,0.0007728241616860032,7.833911895751953
2852,-118.15264797507788,214,206,0.9584735202492212,-22.009105870246888,31.544561471939087,0.000772440223954618,3.6470165252685547
2853,44.228758169934636,51,49,0.9522875816993464,-9.892237612250028,12.013348388671876,0.0007837998564355075,14.290671348571777
2854,59.33333333333334,24,20,0.8333333333333334,-23.98598020474116,57.7264928817749,0.0008076244266703725,19.024555206298828
2855,-12.769470404984418,107,101,0.9423052959501558,-3.6717347856462004,3.598723088659346,0.0008049140451475978,2.5106804370880127
2856,68.9090909090909,22,20,0.9090909090909091,6.995472397158543,6.555093359947205,0.0008060514810495079,6.0048699378967285
2857,63.95652173913044,23,20,0.8695652173913043,-7.571011863152186,5.934469395875931,0.0007824832573533058,4.393397331237793
2858,68.9090909090909,22,20,0.9090909090909091,7.695639325678348,7.988326501846314,0.0007605058490298688,7.389275550842285
2859,43.888888888888886,45,40,0.8888888888888888,6.843318139513333,4.668584963927667,0.0007566588465124369,2.3896942138671875
2860,-112.12179487179488,208,200,0.9587820512820513,9.363173521511316,5.369260654019192,0.0007515879697166383,1.9019616842269897
2861,-5.702127659574472,94,83,0.8829787234042553,-25.010961800693988,33.9184722976991,0.0007507972768507898,3.5566787719726562
2862,41.52564102564102,52,49,0.9352564102564103,-22.390377924001466,51.082582569122316,0.0008240788010880351,35.730010986328125
2863,-3.7526881720430083,93,83,0.8924731182795699,-12.1840235478428,8.463134929836993,0.0008186378399841487,2.712256669998169
2864,63.95652173913044,23,20,0.8695652173913043,-3.0611908530816434,0.9249048650381155,0.0008197483257390559,4.929043769836426
2865,44.373333333333335,50,48,0.9437333333333333,4.68762206233417,3.076531373957793,0.0008208301733247936,3.8233540058135986
2866,-5.702127659574472,94,83,0.8829787234042553,-9.61274381246732,5.688910669830429,0.0008167425403371453,0.2335534691810608
2867,63.95652173913044,23,20,0.8695652173913043,5.766521394252777,4.283857987324397,0.0008189220679923892,5.675889015197754
2868,68.9090909090909,22,20,0.9090909090909091,20.744906973838805,54.76678466796875,0.0008323059300892055,15.39506721496582
2869,43.83660130718954,51,49,0.9483660130718954,17.817361321125645,40.12337557474772,0.0008270362159237266,3.6583189964294434
2870,40.95652173913044,46,40,0.8695652173913043,16.285211329658825,22.048209929466246,0.0008295097504742444,6.754001617431641
2871,-7.631578947368411,95,83,0.8736842105263158,-22.173251341624432,27.982758119881872,0.0008320648339577019,6.597642421722412
2872,-10.555555555555557,105,100,0.9444444444444444,14.473347449447203,17.60828909736872,0.0008426091517321765,13.57519245147705
2873,-3.7526881720430083,93,83,0.8924731182795699,-12.779378273535565,10.57754738311691,0.0008440595702268183,4.767775058746338
2874,68.9090909090909,22,20,0.9090909090909091,-0.03850193755157913,0.17284814845964622,0.0008314029546454549,0.28435438871383667
2875,-115.81200631911533,211,201,0.9518799368088467,-0.9718528640642762,1.3381391719052336,0.0008297007298097014,0.3353395164012909
2876,-9.811320754716988,106,103,0.9618867924528302,9.415088895917954,8.5459329878703,0.00045861880062147975,7.1775712966918945
2877,-10.320754716981128,106,102,0.9567924528301887,2.775860275125713,2.8003082365244625,0.00045719443005509675,4.413376808166504
2878,40.91358024691358,54,52,0.9491358024691358,-43.422485915210565,214.105322265625,0.0005600542644970119,42.914772033691406
2879,40.95652173913044,46,40,0.8695652173913043,-31.461951371033987,74.8593022664388,0.0005654239212162793,10.315616607666016
2880,-9.177777777777777,105,101,0.9582222222222222,18.859479586020576,29.74122879219055,0.0005674060084857047,5.340467929840088
2881,40.91358024691358,54,52,0.9491358024691358,5.145344403012617,3.672183233126998,0.0005630392115563154,4.615738868713379
2882,63.95652173913044,23,20,0.8695652173913043,-4.16512272049052,2.154122069468334,0.0005603635800071061,1.3617403507232666
2883,63.95652173913044,23,20,0.8695652173913043,3.158098179474473,2.0780183449795,0.0005548158078454435,0.9219135046005249
2884,44.228758169934636,51,49,0.9522875816993464,30.953933996083652,129.4230484008789,0.0005589044885709882,7.9233856201171875
2885,-7.631578947368411,95,83,0.8736842105263158,-12.428467475386508,9.603678453399475,0.0005590698565356433,4.05129337310791
2886,-112.82456140350878,209,202,0.9617543859649123,35.89965333866829,76.48780821228027,0.0005599038559012115,3.5706934928894043
2887,63.95652173913044,23,20,0.8695652173913043,2.9957077178172766,1.899304973314914,0.000559782434720546,1.3070862293243408
2888,-8.134615384615387,104,100,0.9586538461538462,24.84938540840149,54.12283289718628,0.0005593493697233498,3.9141788482666016
2889,43.888888888888886,45,40,0.8888888888888888,23.930972989400228,43.21820634206136,0.0005677254521287978,12.073400497436523
2890,40.95652173913044,46,40,0.8695652173913043,3.7841760496298473,1.596758193274339,0.0005675225984305143,0.8038293719291687
2891,63.95652173913044,23,20,0.8695652173913043,-10.467709295451641,12.517135588328044,0.0005678599118255079,2.3625881671905518
2892,43.73202614379085,51,49,0.9473202614379085,-25.151801741604384,87.27813819249471,0.0005713021382689476,7.412540435791016
2893,63.95652173913044,23,20,0.8695652173913043,-10.291977807041258,12.399728067715962,0.0005724809598177671,4.323374271392822
2894,40.95652173913044,46,40,0.8695652173913043,-13.769494929909706,13.67365548213323,0.0005727625102736056,3.2562713623046875
2895,-14.61212121212121,110,106,0.9538787878787879,-15.487324205393904,25.860022592544556,0.0005826429114677012,12.685827255249023
2896,40.95652173913044,46,40,0.8695652173913043,-1.9117921155528166,0.46157987398582917,0.0005450876196846366,1.5408542156219482
2897,45.733333333333334,50,48,0.9573333333333334,-2.1200008854813253,0.9820508168020752,0.000543810601811856,1.4812840223312378
2898,-5.702127659574472,94,83,0.8829787234042553,-31.13061124397569,51.53774657498402,0.0005463766283355653,6.658096790313721
2899,-3.7526881720430083,93,83,0.8924731182795699,-17.497463585083263,17.630751123390045,0.0005465685972012579,1.6939475536346436
2900,40.95652173913044,46,40,0.8695652173913043,23.890721658865612,42.90950447718303,0.0005534880328923464,11.393660545349121
2901,43.888888888888886,45,40,0.8888888888888888,36.66073049952586,103.65129400889079,0.0005566940526477993,7.264458179473877
2902,43.888888888888886,45,40,0.8888888888888888,32.87554139451434,89.07618675231933,0.000565746973734349,16.752519607543945
2903,-112.90111642743221,209,201,0.9609888357256778,-55.18076098203659,181.11404527282716,0.0005983403534628451,29.238691329956055
2904,63.95652173913044,23,20,0.8695652173913043,11.857758543888728,16.76400966644287,0.0005913598579354584,4.22290563583374
2905,43.888888888888886,45,40,0.8888888888888888,19.0191497930636,30.320239957173666,0.0005953317740932107,8.219698905944824
2906,45.16,50,48,0.9516,-7.815171977264739,8.130499714612961,0.0005963955773040652,3.592397451400757
2907,-112.90111642743221,209,201,0.9609888357256778,-27.431318852026017,45.46384088897705,0.0006052535609342158,13.69823169708252
2908,-1.782608695652172,92,83,0.9021739130434783,-12.286506089699795,9.115463331042523,0.00060511683113873,1.944607138633728
2909,63.95652173913044,23,20,0.8695652173913043,-3.0458422345419724,1.1368609295440062,0.0006051859236322343,0.9812872409820557
2910,-12.737003058103966,109,106,0.9626299694189603,10.672739192295369,10.343567622274161,0.0005969813209958375,4.507864475250244
2911,-7.631578947368411,95,83,0.8736842105263158,-33.576245997325486,63.81017573100017,0.0005856204079464078,12.378327369689941
2912,45.733333333333334,50,48,0.9573333333333334,-11.317993893474341,17.481201442082725,0.0005955016240477562,13.322331428527832
2913,-10.691823899371073,106,102,0.9530817610062893,16.403847861766817,24.00000978088379,0.000601398351136595,11.684438705444336
2914,-7.631578947368411,95,83,0.8736842105263158,-25.314175557898707,36.619752692410266,0.0006031744997017086,4.970269680023193
2915,-9.237179487179489,104,99,0.9476282051282051,23.497144759178163,45.25422218322754,0.0006278002983890474,21.076980590820312
2916,40.95652173913044,46,40,0.8695652173913043,6.238733218113581,3.6202315439780555,0.0006287699798122048,3.6927990913391113
2917,-9.811320754716988,106,103,0.9618867924528302,30.648780474754748,78.07212236022949,0.0006313897902145982,11.900623321533203
2918,-7.317152103559877,103,99,0.9568284789644013,27.640728925769682,61.60107243347168,0.0006340338732115924,13.868338584899902
2919,-8.134615384615387,104,100,0.9586538461538462,18.340906943657437,30.308124862670898,0.0006293738260865211,2.7059645652770996
2920,43.888888888888886,45,40,0.8888888888888888,-3.3835657125106082,1.0495789488171188,0.0006282466929405928,1.0138403177261353
2921,63.95652173913044,23,20,0.8695652173913043,-17.067084606364368,33.338627401987715,0.0006228058482520282,8.577688217163086
2922,40.95652173913044,46,40,0.8695652173913043,-27.411024312178295,58.98393100102742,0.0006150229019112885,13.112154006958008
2923,-7.631578947368411,95,83,0.8736842105263158,-49.77898442840959,137.17944253209126,0.0006395507953129709,19.459190368652344
2924,-10.320754716981128,106,102,0.9567924528301887,-3.953743017911911,3.127884705912729,0.0006403806619346142,3.727715015411377
2925,-114.25714285714285,210,202,0.9574285714285714,33.78278226280212,69.86446660232544,0.0006409953348338604,4.772619724273682
2926,43.888888888888886,45,40,0.8888888888888888,3.067630625702441,1.1029205558918571,0.0006411628564819694,1.885959506034851
2927,43.87179487179486,52,51,0.9587179487179487,-8.434156439331128,9.21311507821083,0.0006666647386737168,20.709077835083008
2928,-10.320754716981128,106,102,0.9567924528301887,-0.5142594159245492,2.563493522408069,0.0006666116532869637,1.124987244606018
2929,43.83660130718954,51,49,0.9483660130718954,-6.265697044258316,5.510776202877363,0.0006738554802723229,11.110435485839844
2930,-115.78301886792453,212,204,0.9621698113207547,8.956838935698732,6.3162569508842425,0.0006738242227584124,1.9224072694778442
2931,63.95652173913044,23,20,0.8695652173913043,8.914688358207544,10.372096117337545,0.0006774439825676382,7.93110466003418
2932,-3.7526881720430083,93,83,0.8924731182795699,-19.323743871985428,20.124517475266053,0.00066864222753793,3.925307512283325
2933,-12.214953271028037,107,102,0.9478504672897197,3.838213332876563,5.858912651740015,0.0006681380909867585,4.455964088439941
2934,-10.691823899371073,106,102,0.9530817610062893,8.696019503742457,9.450203781778226,0.0006555496365763247,11.585612297058105
2935,43.888888888888886,45,40,0.8888888888888888,33.40649886528651,87.41258557637532,0.0006661029765382409,13.66368293762207
2936,-10.880503144654085,106,101,0.9511949685534591,0.7825583643764258,3.6666280107235654,0.0006639548810198903,2.882049083709717
2937,38.369696969696975,55,52,0.9336969696969697,3.752563961036503,1.827556330114991,0.0006621674983762205,1.2705212831497192
2938,43.888888888888886,45,40,0.8888888888888888,22.237489532803497,41.15091271400452,0.0006511270185001194,14.539876937866211
2939,-10.880503144654085,106,101,0.9511949685534591,-13.452737957954406,17.790150819778443,0.0006556464941240847,8.7318115234375
2940,63.95652173913044,23,20,0.8695652173913043,5.204732809960842,3.254662106434504,0.000656170304864645,3.1674294471740723
2941,-8.784126984126985,105,102,0.9621587301587302,-11.703454532895238,13.656395919799804,0.0006544484058395028,11.434161186218262
2942,40.91358024691358,54,52,0.9491358024691358,-16.170074077943962,37.50362757047017,0.0006932358955964446,25.34657096862793
2943,40.91025641025641,52,49,0.9291025641025641,-28.582511335611343,98.23872585296631,0.0006954849814064801,6.5677289962768555
2944,40.95652173913044,46,40,0.8695652173913043,2.914925906062126,1.0046825923025609,0.0006941253086552024,2.1695430278778076
2945,49.36879432624113,47,46,0.9636879432624114,2.2544955941756295,1.2609925624645257,0.0006929264054633677,1.3383127450942993
2946,-108.07843137254902,204,196,0.9592156862745098,-24.650119158282877,40.57329920387268,0.0006999621982686222,11.712752342224121
2947,-8.134615384615387,104,100,0.9586538461538462,8.927809522455297,8.82793994960701,0.0007054979796521366,9.527803421020508
2948,-109.36569579288026,206,200,0.9663430420711974,-2.477139093995094,3.155903233039426,0.0007085721008479595,7.739380359649658
2949,-9.541666666666657,96,83,0.8645833333333334,-33.73078614545156,60.0131864432829,0.0007005315274000168,9.023805618286133
2950,-5.702127659574472,94,83,0.8829787234042553,-11.560777164606684,7.51567869109801,0.000698149495292455,3.9228034019470215
2951,-7.631578947368411,95,83,0.8736842105263158,-16.081565981409156,13.807325803611173,0.0006946526700630784,3.5065362453460693
2952,63.95652173913044,23,20,0.8695652173913043,39.170162963867185,167.650314839681,0.0007111834711395204,16.272544860839844
2953,-5.702127659574472,94,83,0.8829787234042553,-1.2504790180239334,0.6416559293373204,0.0006994648138061166,0.12805093824863434
2954,43.87179487179486,52,51,0.9587179487179487,56.45533268325186,381.8139114379883,0.001165018999017775,89.9775619506836
2955,-7.631578947368411,95,83,0.8736842105263158,-18.020622233549755,18.094453244802942,0.0011647462379187346,3.59466552734375
2956,42.294117647058826,51,48,0.9329411764705883,4.831211258168333,3.5739536091607684,0.0011616891715675592,2.7101924419403076
2957,40.95652173913044,46,40,0.8695652173913043,5.075660971800486,2.1857280327628055,0.0011607001069933176,3.598849296569824
2958,-106.60591133004927,203,196,0.9639408866995074,11.604158555783332,8.192286629919893,0.001156522543169558,1.7510873079299927
2959,-112.12179487179488,208,200,0.9587820512820513,-12.960887207998894,10.074966277360916,0.001156140468083322,0.9868116974830627
2960,41.3974358974359,52,49,0.933974358974359,-56.44754448334376,362.2274782816569,0.0026399753987789154,157.60671997070312
2961,40.91025641025641,52,49,0.9291025641025641,-52.813252631823225,291.336351776123,0.0027751869056373835,44.19029235839844
2962,-3.7526881720430083,93,83,0.8924731182795699,-19.320425836915472,20.434419398326952,0.0026860495563596487,4.030140399932861
2963,45.16,50,48,0.9516,5.060037182519833,3.978068565080563,0.0026877170894294977,4.761290550231934
2964,-112.79904306220095,209,202,0.9620095693779904,31.21301841205731,45.833117468833926,0.002732666675001383,31.424758911132812
2965,-110.08737864077669,206,198,0.959126213592233,37.281316011428835,65.63452241897583,0.002739717485383153,8.263531684875488
2966,-9.177777777777777,105,101,0.9582222222222222,51.371554394602775,176.60080557250976,0.0030085251200944185,63.112335205078125
2967,-10.047619047619051,105,100,0.9495238095238095,39.41484243583679,97.20499182891845,0.003048605052754283,28.281721115112305
2968,38.1063829787234,47,40,0.851063829787234,38.59800734519958,98.42789217631022,0.0030637038871645927,21.966106414794922
2969,-114.25714285714285,210,202,0.9574285714285714,-40.554691759109495,74.71797249603271,0.003072959603741765,10.09820556640625
2970,35.33333333333334,48,40,0.8333333333333334,12.74888145128886,12.049341718355814,0.003072318620979786,5.048194885253906
2971,-8.784126984126985,105,102,0.9621587301587302,16.036886244021357,17.062992263793944,0.0030730124562978745,2.6308553218841553
2972,-114.32701421800948,211,204,0.9667298578199052,-63.36061095046997,168.91377294921875,0.0031771704088896513,47.09164047241211
2973,40.91358024691358,54,52,0.9491358024691358,13.563204084585111,16.64340930134058,0.0032088144216686487,26.567955017089844
2974,-116.70266040688576,213,206,0.9629733959311424,-61.55078983461857,159.14934283447266,0.0032611952628940344,26.250019073486328
2975,-115.78301886792453,212,204,0.9621698113207547,-44.75239314079285,80.02405835723877,0.0034134502056986094,46.76762771606445
2976,43.888888888888886,45,40,0.8888888888888888,16.902353370189665,21.126866134007773,0.0034197524655610323,8.682853698730469
2977,68.9090909090909,22,20,0.9090909090909091,24.43842381934325,58.41912581125895,0.0034236276987940073,7.72839879989624
2978,-3.7526881720430083,93,83,0.8924731182795699,-19.55154423684959,19.99329873548454,0.0033104419708251953,5.730619430541992
2979,-9.541666666666657,96,83,0.8645833333333334,-44.34692932036986,99.93447866784521,0.0033267273101955652,22.90915870666504
2980,43.888888888888886,45,40,0.8888888888888888,9.757668075958888,7.5025765125950175,0.0033259051851928234,8.821367263793945
2981,-1.782608695652172,92,83,0.9021739130434783,-3.207497041088989,1.8434435251786574,0.003322495147585869,4.514142990112305
2982,-5.702127659574472,94,83,0.8829787234042553,-18.45053584317127,17.61949777028647,0.0033219198230654,4.621601104736328
2983,-8.647435897435898,104,100,0.9535256410256411,32.01988482928276,75.35518870544433,0.003880755277350545,92.56724548339844
2984,40.95652173913044,46,40,0.8695652173913043,-1.4370281619330247,0.3593848981622917,0.0038789373356848955,0.7207787036895752
2985,40.95652173913044,46,40,0.8695652173913043,-3.511236027216849,0.9813488452202971,0.0038779566530138254,1.9785923957824707
2986,43.888888888888886,45,40,0.8888888888888888,7.302020269383987,4.742837243154645,0.0038869772106409073,10.951566696166992
2987,-5.702127659574472,94,83,0.8829787234042553,-15.501721234685446,12.28302232424418,0.003886517835780978,3.169490098953247
2988,-106.65188834154353,203,196,0.9634811165845648,184.5505191525221,1485.7529953613282,0.00400646822527051,45.74513244628906
2989,59.33333333333334,24,20,0.8333333333333334,-41.54821291764577,177.40101648966473,0.004049479495733976,30.611848831176758
2990,-112.82456140350878,209,202,0.9617543859649123,70.37628901445865,214.22941413879394,0.00412491150200367,32.766441345214844
2991,-7.631578947368411,95,83,0.8736842105263158,-78.20529773436397,291.15776417437326,0.004136185627430677,11.614194869995117
2992,-12.769470404984418,107,101,0.9423052959501558,-38.67878359413147,93.9615792541504,0.004158240742981434,18.352270126342773
2993,59.33333333333334,24,20,0.8333333333333334,-25.094270980358125,64.92727171579996,0.004182979464530945,20.35967254638672
2994,63.95652173913044,23,20,0.8695652173913043,-2.6153013008336226,0.706722199144618,0.004181503318250179,2.296505928039551
2995,-8.134615384615387,104,100,0.9586538461538462,-23.895967682063578,35.972375106811526,0.00418951828032732,14.692750930786133
2996,59.33333333333334,24,20,0.8333333333333334,-1.2750600625450412,0.25880026353891783,0.004189649131149054,1.193277359008789
2997,59.33333333333334,24,20,0.8333333333333334,6.241087377071381,3.904277245203654,0.00419066846370697,5.445444583892822
2998,-8.647435897435898,104,100,0.9535256410256411,-19.866739713668824,25.873320484161376,0.004336855374276638,48.0078010559082
2999,46.3611111111111,48,46,0.9436111111111111,-41.88902536034584,174.72536729176838,0.004629635717719793,70.51554107666016
3000,43.888888888888886,45,40,0.8888888888888888,10.838464068621397,10.583907302220663,0.004627754911780357,5.82157564163208
3001,-5.702127659574472,94,83,0.8829787234042553,-36.5951025170016,64.74659503798887,0.004631632007658482,9.638389587402344
3002,44.69333333333333,50,48,0.9469333333333333,20.09650488992532,48.73352456887563,0.004688878543674946,33.26072311401367
3003,38.1063829787234,47,40,0.851063829787234,26.88924578825633,50.121564865112305,0.004639009013772011,2.784384250640869
3004,-5.702127659574472,94,83,0.8829787234042553,-16.021903336766254,14.610108250116248,0.004639602266252041,5.364175796508789
3005,-10.320754716981128,106,102,0.9567924528301887,12.00684360120818,9.776682000756264,0.004644723143428564,12.053876876831055
3006,-5.702127659574472,94,83,0.8829787234042553,-11.462389795655707,7.873138593861377,0.004645309876650572,6.1811628341674805
3007,40.91358024691358,54,52,0.9491358024691358,49.01102966604133,223.8701493581136,0.004668300971388817,23.330175399780273
3008,-11.432989690721655,97,83,0.8556701030927835,-41.438389605786426,83.10874827128337,0.004675943870097399,11.528719902038574
3009,-5.702127659574472,94,83,0.8829787234042553,-15.332950181750409,13.3831692546247,0.004677539691329002,6.672060966491699
3010,68.9090909090909,22,20,0.9090909090909091,90.89637668132782,815.8792765299479,0.006627464666962624,178.02435302734375
3011,-12.769470404984418,107,101,0.9423052959501558,-7.703928453922272,5.321647267490626,0.006616652477532625,0.45027610659599304
3012,0.2087912087912116,91,83,0.9120879120879121,1.6674170649075604,2.007723345870552,0.006605417467653751,3.3154709339141846
3013,68.9090909090909,22,20,0.9090909090909091,70.83714153170585,526.222124226888,0.006618953309953213,21.070756912231445
3014,-10.555555555555557,105,100,0.9444444444444444,-13.080079158484935,13.134129262924194,0.006642272230237722,18.1033992767334
3015,40.95652173913044,46,40,0.8695652173913043,-4.275797229477515,1.7000259797695132,0.006614733021706343,5.183028697967529
3016,-5.702127659574472,94,83,0.8829787234042553,-51.03033651214048,132.9744778675248,0.006627301685512066,13.89249324798584
3017,-114.28253968253969,210,202,0.9571746031746031,-220.6135241804123,2652.5491994628906,0.007039496209472418,84.55792999267578
3018,-7.631578947368411,95,83,0.8736842105263158,-46.19851732828531,114.88404259432751,0.007047541905194521,17.75299644470215
3019,-111.55072463768116,207,198,0.9544927536231884,-151.87076456928253,1376.1392111816406,0.007064166013151407,16.27342414855957
3020,43.888888888888886,45,40,0.8888888888888888,36.84564181392391,102.71824550628662,0.007066776975989342,7.437507629394531
3021,-8.647435897435898,104,100,0.9535256410256411,44.89604154797643,148.50586701965332,0.007067417725920677,4.519041061401367
3022,63.95652173913044,23,20,0.8695652173913043,24.246091509362063,60.55285650889079,0.007071866653859615,14.676196098327637
3023,-7.631578947368411,95,83,0.8736842105263158,10.177768038937366,5.282378407577067,0.007054372690618038,4.579456329345703
3024,43.888888888888886,45,40,0.8888888888888888,62.084587173412245,280.0678995768229,0.007083900272846222,24.173725128173828
3025,-114.28253968253969,210,202,0.9571746031746031,57.192296463757756,371.3617941205148,0.007097037974745035,18.688133239746094
3026,-8.647435897435898,104,100,0.9535256410256411,63.93048023104668,297.5959370727539,0.007203217130154371,44.55573272705078
3027,43.888888888888886,45,40,0.8888888888888888,15.517800802613298,18.633502833048503,0.007184817921370268,2.691023349761963
3028,-3.7526881720430083,93,83,0.8924731182795699,-4.7842012826936795,2.090276716823723,0.007184131070971489,1.2736538648605347
3029,-5.702127659574472,94,83,0.8829787234042553,-27.501302571181792,41.669653754636464,0.007173390127718449,1.0809967517852783
3030,40.814814814814824,54,52,0.9481481481481482,-54.67236985123406,357.72268397013346,0.007399164605885744,57.942291259765625
3031,46.90909090909091,44,40,0.9090909090909091,-25.94857360869646,50.31486802101135,0.007394658401608467,1.129982352256775
3032,-3.7526881720430083,93,83,0.8924731182795699,-10.418349849172385,6.691987780442679,0.007394611369818449,3.92349910736084
3033,41.3974358974359,52,49,0.933974358974359,-12.843217140377964,19.765376766522724,0.007396596949547529,5.876447677612305
3034,-11.710280373831779,107,103,0.9528971962616822,48.8291322448086,179.96268634033203,0.007408253848552704,17.3825740814209
3035,38.369696969696975,55,52,0.9336969696969697,28.292580137087498,94.79264869689942,0.007412578910589218,14.138400077819824
3036,63.95652173913044,23,20,0.8695652173913043,-3.693602142607172,2.1892255848894515,0.007411843631416559,1.5197486877441406
3037,43.888888888888886,45,40,0.8888888888888888,38.02042571945737,114.66518726348878,0.007432428654283285,17.650907516479492
3038,63.95652173913044,23,20,0.8695652173913043,-7.643892949447036,6.882904308289289,0.007420227862894535,5.828661918640137
3039,43.888888888888886,45,40,0.8888888888888888,28.23629774550597,61.957725524902344,0.007423850242048502,10.439818382263184
3040,68.9090909090909,22,20,0.9090909090909091,-1.793903063229906,1.0995070991727214,0.007423980161547661,2.63385009765625
3041,-3.7526881720430083,93,83,0.8924731182795699,-16.558039173453928,15.353088116550062,0.007414254825562239,2.224585771560669
3042,-9.541666666666657,96,83,0.8645833333333334,-47.01340377570156,116.21579874184236,0.00737316720187664,6.541602611541748
3043,63.95652173913044,23,20,0.8695652173913043,-27.346714893604318,78.40640856424967,0.00737009197473526,2.8323452472686768
3044,43.888888888888886,45,40,0.8888888888888888,10.89347573320071,8.942732626199723,0.007380532566457987,11.363688468933105
3045,46.90909090909091,44,40,0.9090909090909091,24.821756104938686,45.343372869491574,0.0073863002471625805,9.803033828735352
3046,41.062893081761004,53,51,0.94062893081761,-7.772120997682213,7.08213373819987,0.007379072718322277,6.2791523933410645
3047,63.95652173913044,23,20,0.8695652173913043,-14.256020426750183,23.342123174667357,0.00737719563767314,3.9789371490478516
3048,-118.16510903426791,214,206,0.9583489096573209,80.53626816232503,478.3703013290409,0.0074164168909192085,26.842864990234375
3049,40.95652173913044,46,40,0.8695652173913043,4.298319965228439,1.906546196108684,0.007410640828311443,3.781763792037964
3050,43.888888888888886,45,40,0.8888888888888888,12.501241326332092,12.772343770662944,0.0074110012501478195,2.2816572189331055
3051,-3.7526881720430083,93,83,0.8924731182795699,-30.33910260093679,49.010771716933654,0.007413439452648163,4.783249855041504
3052,-117.23474178403755,213,204,0.9576525821596245,-12.997189225904062,74.20181126283249,0.007403483614325523,7.187955856323242
3053,-1.782608695652172,92,83,0.9021739130434783,-25.550699093584793,34.13671209342987,0.007404253352433443,2.3256402015686035
3054,43.73202614379085,51,49,0.9473202614379085,-14.655732197651135,24.757436299324034,0.006877298932522535,5.671882629394531
3055,43.18300653594771,51,49,0.9418300653594771,-11.266299707442522,14.162443645795186,0.006890999153256416,13.604783058166504
3056,43.888888888888886,45,40,0.8888888888888888,21.381347921242316,35.183084917068484,0.006889508571475744,4.465560436248779
3057,46.3611111111111,48,46,0.9436111111111111,0.4845012445934117,0.45409208911575355,0.006888202857226133,1.4907103776931763
3058,-3.7526881720430083,93,83,0.8924731182795699,-19.77748757864098,21.835306849345624,0.006889188662171364,4.549710273742676
3059,63.95652173913044,23,20,0.8695652173913043,17.082880180080732,31.469456799825032,0.00689522223547101,10.599112510681152
3060,63.95652173913044,23,20,0.8695652173913043,16.787168606867393,27.519676144917806,0.005302181001752615,12.346572875976562
3061,42.294117647058826,51,48,0.9329411764705883,3.1352262559036412,1.9025285709183664,0.005206145811825991,2.1475234031677246
3062,41.836601307189554,51,48,0.9283660130718955,-3.75312204931203,2.0601907977311686,0.005204678047448397,0.9631054401397705
3063,-109.59186991869919,205,196,0.9540813008130081,-50.12175775146484,152.89660401153566,0.00522255152463913,13.885149002075195
3064,-9.237179487179489,104,99,0.9476282051282051,10.441128752288405,10.902023881170157,0.0051454524509608746,2.526329278945923
3065,-3.7526881720430083,93,83,0.8924731182795699,-15.080083202645481,12.640988512211536,0.00514407642185688,3.7432806491851807
3066,-12.840978593272169,109,105,0.9615902140672783,21.13428217295138,40.91202099704743,0.004928248003125191,1.0459511280059814
3067,40.95652173913044,46,40,0.8695652173913043,10.266218119859696,8.354927106698353,0.0048685562796890736,3.4476394653320312
3068,41.09876543209876,54,52,0.9509876543209876,5.056762447056826,3.815093055677911,0.004846632480621338,3.590108871459961
3069,-114.25714285714285,210,202,0.9574285714285714,-7.043154724461725,16.705868666302063,0.004845950286835432,3.512812376022339
3070,-3.7526881720430083,93,83,0.8924731182795699,-19.980353494709636,21.319141035577857,0.004848511423915625,4.5617146492004395
3071,40.814814814814824,54,52,0.9481481481481482,-8.933378012377458,10.396288239955902,0.004851689096540213,6.181145191192627
3072,-113.5805422647528,209,200,0.954194577352472,7.839042447190732,19.60259981326456,0.004692550748586655,4.045651435852051
3073,43.888888888888886,45,40,0.8888888888888888,6.529176492523402,3.7252664270500344,0.004636264406144619,3.581801652908325
3074,-118.16510903426791,214,206,0.9583489096573209,11.752812969528138,18.997900707866183,0.0046078963205218315,1.8529722690582275
3075,-114.28253968253969,210,202,0.9571746031746031,13.070879480184987,18.153022608088563,0.004496437031775713,2.713277578353882
3076,-1.782608695652172,92,83,0.9021739130434783,-11.204506720105806,7.596479339723337,0.004500104114413261,7.024900436401367
3077,38.369696969696975,55,52,0.9336969696969697,-21.611937828858693,54.32775303522746,0.004497057292610407,1.7526482343673706
3078,-5.702127659574472,94,83,0.8829787234042553,-24.204682501923127,31.66778389421333,0.0044981022365391254,6.929321765899658
3079,-5.702127659574472,94,83,0.8829787234042553,-20.53521853134814,22.231487025218794,0.004459001123905182,3.5705034732818604
3080,43.888888888888886,45,40,0.8888888888888888,20.904450396696728,31.477643791834513,0.004455080721527338,8.998098373413086
3081,43.888888888888886,45,40,0.8888888888888888,24.71209278702736,44.676334126790366,0.004457435104995966,7.4009809494018555
3082,63.95652173913044,23,20,0.8695652173913043,-7.481797959407171,6.901166663567225,0.004456964321434498,3.5114336013793945
3083,68.9090909090909,22,20,0.9090909090909091,6.904656422014038,6.524068363507589,0.003965325653553009,2.7336652278900146
3084,63.95652173913044,23,20,0.8695652173913043,-9.555611379941304,9.8558100660642,0.00396660016849637,3.8855953216552734
3085,44.69333333333333,50,48,0.9469333333333333,5.709079809486866,6.051340031872193,0.003966094925999641,2.030407190322876
3086,46.3611111111111,48,46,0.9436111111111111,-1.6469354346239318,1.3224657251800334,0.003961753565818071,2.747725009918213
3087,63.95652173913044,23,20,0.8695652173913043,-10.300746295849482,11.533048486709594,0.003971157129853964,11.43377685546875
3088,-117.3129890453834,213,204,0.9568701095461659,-1.8839638193912105,11.234511551647913,0.003836285090073943,2.3348350524902344
3089,40.95652173913044,46,40,0.8695652173913043,15.203300940990449,18.31552109718323,0.003770423587411642,4.821844577789307
3090,-110.08737864077669,206,198,0.959126213592233,10.36974922848033,20.103975384840158,0.0037177226040512323,3.196387529373169
3091,-7.631578947368411,95,83,0.8736842105263158,-15.749368133315121,13.979848767858911,0.0037132648285478354,2.487668037414551
3092,45.16,50,48,0.9516,6.662327072257176,8.151821238964718,0.003703121328726411,7.924470901489258
3093,63.95652173913044,23,20,0.8695652173913043,-10.483225198586782,12.822403959433238,0.003680313238874078,3.7804856300354004
3094,-10.555555555555557,105,100,0.9444444444444444,27.822725774884223,58.15056140899658,0.003691415535286069,11.833235740661621
3095,-12.827160493827165,108,104,0.9517283950617283,25.231366734862327,51.1125793838501,0.003684812458232045,9.593754768371582
3096,-8.647435897435898,104,100,0.9535256410256411,22.482614848647266,41.905898345947264,0.0036993336398154497,14.47256088256836
3097,-11.471698113207552,106,101,0.9452830188679245,6.135304092466831,5.753225090091,0.0036977948620915413,5.087242603302002
3098,-114.28253968253969,210,202,0.9571746031746031,-40.10894148484618,94.51874153900147,0.0035743704065680504,9.181370735168457
3099,59.33333333333334,24,20,0.8333333333333334,-44.12583034833272,217.70183385213215,0.0032685277983546257,15.745017051696777
3100,-119.5984496124031,215,206,0.954015503875969,-47.46951481893542,124.5897170791626,0.003294746158644557,19.357830047607422
3101,43.888888888888886,45,40,0.8888888888888888,2.073397770151496,0.7011179600483349,0.0032879915088415146,0.7576697468757629
3102,-109.54634146341463,205,196,0.9545365853658536,-3.078377831470454,2.3037754244925455,0.0032285554334521294,2.082249641418457
3103,-3.7526881720430083,93,83,0.8924731182795699,-18.300126693334924,18.464465217896734,0.0032292634714394808,4.873235702514648
3104,44.69333333333333,50,48,0.9469333333333333,-0.21984975901820386,0.44855036119370195,0.0032276820857077837,1.9528439044952393
3105,-117.23474178403755,213,204,0.9576525821596245,25.472894714295865,38.978661386609076,0.0032217868138104677,4.936423301696777
3106,43.83660130718954,51,49,0.9483660130718954,13.731339113988604,20.085256123542784,0.0032370116095989943,17.220680236816406
3107,68.9090909090909,22,20,0.9090909090909091,32.2241640513142,121.68175633748372,0.003231300972402096,20.754060745239258
3108,63.95652173913044,23,20,0.8695652173913043,12.439152618249258,15.391988245646159,0.003229693043977022,11.699873924255371
3109,-115.73617693522907,211,202,0.9526382306477094,22.271491687897594,27.94244535071263,0.0032277125865221024,7.177482604980469
3110,-117.16037735849056,212,202,0.9483962264150944,6.561775963748805,3.8016207525385544,0.001299370196647942,3.6697659492492676
3111,43.888888888888886,45,40,0.8888888888888888,-4.176060561525325,1.4706808574070844,0.0012996402801945806,2.002837657928467
3112,41.062893081761004,53,51,0.94062893081761,-38.410991155107816,170.70555712382,0.0013175157364457846,17.522781372070312
3113,63.95652173913044,23,20,0.8695652173913043,-15.860588411490122,25.84716059366862,0.0013058074982836843,16.28638458251953
3114,40.95652173913044,46,40,0.8695652173913043,-9.059805508951346,6.2314256916443505,0.0012880971189588308,5.353013515472412
3115,41.062893081761004,53,51,0.94062893081761,-13.5426698574937,21.641900356610616,0.0013095714384689927,19.569032669067383
3116,-3.7526881720430083,93,83,0.8924731182795699,-19.20707786744498,19.053382601603925,0.001299563911743462,6.908548355102539
3117,-10.880503144654085,106,101,0.9511949685534591,15.880134120576084,21.27743979382515,0.000859954277984798,4.453657150268555
3118,-3.7526881720430083,93,83,0.8924731182795699,-8.458672913083111,4.263492384162474,0.0008392665185965598,1.0269458293914795
3119,44.69333333333333,50,48,0.9469333333333333,31.21936785953585,115.15638898213705,0.0008236713474616408,1.4186885356903076
3120,44.373333333333335,50,48,0.9437333333333333,28.067577920776483,91.37598787943521,0.0008737665484659374,28.940305709838867
3121,-14.61212121212121,110,106,0.9538787878787879,17.57430914877623,26.74073495015036,0.0008737124735489488,4.329017639160156
3122,-10.688888888888883,105,100,0.9431111111111111,1.038455240503885,2.6250669818703316,0.0008614516700617969,2.2496426105499268
3123,-10.880503144654085,106,101,0.9511949685534591,-3.9257264929413798,3.8896580819748343,0.0008605187176726758,3.104658603668213
3124,43.888888888888886,45,40,0.8888888888888888,8.005562496185302,5.349347883462906,0.0008240945753641427,3.5383572578430176
3125,-13.592592592592595,108,103,0.9440740740740741,-26.120228873968124,54.071216430664066,0.0008043117122724652,7.960031509399414
3126,-111.55072463768116,207,198,0.9544927536231884,-30.175425357220227,50.76910371780396,0.0006879997672513127,13.46295166015625
3127,46.90909090909091,44,40,0.9090909090909091,2.3246277517949543,0.7784382313921621,0.0006878853891976178,0.6735050082206726
3128,43.83660130718954,51,49,0.9483660130718954,-37.143635482434185,170.12097231547037,0.0006973693962208927,11.457535743713379
3129,68.9090909090909,22,20,0.9090909090909091,4.659125522524119,2.6169112781683603,0.0006972914561629295,0.9180229902267456
3130,0.2087912087912116,91,83,0.9120879120879121,-13.78946153358762,10.300228065754993,0.0004965704283677042,4.517810344696045
3131,63.95652173913044,23,20,0.8695652173913043,-0.4958687851515909,0.24454905832656854,0.0004966090782545507,1.4151649475097656
3132,63.95652173913044,23,20,0.8695652173913043,3.908805337548256,1.9198738825817903,0.0004962427192367613,2.1701459884643555
3133,-9.237179487179489,104,99,0.9476282051282051,9.567041105881334,8.395266696501523,0.0004973819013684988,7.404976844787598
3134,-114.35873015873017,210,201,0.9564126984126984,14.839164346099148,13.276354600576683,0.0004821207548957318,6.455563068389893
3135,40.95652173913044,46,40,0.8695652173913043,16.902374086777368,21.34333328406016,0.00047348602674901485,6.795658111572266
3136,-9.237179487179489,104,99,0.9476282051282051,14.632381064066664,17.743732251763344,0.0004807249642908573,10.60143756866455
3137,-113.75279106858054,209,200,0.9524720893141946,9.604138841159642,5.652804964522598,0.00046295023639686406,4.730059623718262
3138,46.90909090909091,44,40,0.9090909090909091,34.159303552409014,79.0827128092448,0.0005414834013208747,36.36788558959961
3139,-8.647435897435898,104,100,0.9535256410256411,6.126162374546198,4.0118667592134445,0.0005346498219296336,3.478649616241455
3140,43.888888888888886,45,40,0.8888888888888888,7.199550440410773,4.020964973171552,0.0005349466227926314,3.678738832473755
3141,35.70238095238096,56,52,0.9170238095238096,-38.085207132498425,158.3286334991455,0.0009127309313043952,78.33436584472656
3142,44.69333333333333,50,48,0.9469333333333333,-23.141536567267032,64.14222243626912,0.0009171232231892645,11.119290351867676
3143,-3.7526881720430083,93,83,0.8924731182795699,-25.20728841459895,33.563867599609864,0.0009187431423924863,5.187568664550781
3144,43.888888888888886,45,40,0.8888888888888888,23.437553973371784,41.837889210383096,0.0009111356339417398,4.081545829772949
3145,-3.7526881720430083,93,83,0.8924731182795699,-15.507194655008584,12.577175238046301,0.0009080122108571231,6.092845439910889
3146,-3.7526881720430083,93,83,0.8924731182795699,-10.869554599485244,6.65507866256687,0.0009051921078935266,1.158094882965088
3147,41.3974358974359,52,49,0.933974358974359,16.55829211870829,33.409463278452556,0.0009069294901564717,7.761096477508545
3148,-5.702127659574472,94,83,0.8829787234042553,-14.916475244913714,11.955285127861911,0.0008618952706456184,1.2581309080123901
3149,-12.271028037383175,107,102,0.9472897196261683,19.512292989894746,28.763124070167542,0.0008610811200924218,3.110964298248291
3150,43.888888888888886,45,40,0.8888888888888888,44.37991858913253,144.19406026204427,0.0008614843827672303,4.213953971862793
3151,43.73202614379085,51,49,0.9473202614379085,17.12033208792224,34.570345147450766,0.0008836071938276291,18.863393783569336
3152,-16.573573573573583,111,105,0.9442642642642642,-0.7412875048741698,2.781967058393755,0.0008812353480607271,3.815458297729492
3153,-14.715151515151518,110,105,0.9528484848484848,-0.989825614400208,2.6092387113167934,0.0008808030397631228,0.8306642770767212
3154,-109.59186991869919,205,196,0.9540813008130081,-17.513558734059334,16.68209526538849,0.0008794735185801983,2.5338943004608154
3155,44.69333333333333,50,48,0.9469333333333333,-27.618541540789497,91.97684199015299,0.0008732908754609525,11.400245666503906
3156,43.888888888888886,45,40,0.8888888888888888,0.7401772898195002,0.28801116919579123,0.0008721839403733611,0.5332085490226746
3157,-10.555555555555557,105,100,0.9444444444444444,-7.21610509999725,5.924088705231334,0.0008719605393707752,2.631584882736206
3158,42.294117647058826,51,48,0.9329411764705883,-27.27993093704184,82.19410123825074,0.0008717651944607496,3.0431442260742188
3159,-109.54634146341463,205,196,0.9545365853658536,-1.0164191778381355,1.0554005998115754,0.0008658224251121283,0.4662714898586273
3160,68.9090909090909,22,20,0.9090909090909091,21.44525782112032,51.09739271799723,0.0008636156562715769,9.965975761413574
3161,-1.782608695652172,92,83,0.9021739130434783,-1.8691033131413042,0.7512296543712266,0.0008632707758806646,0.631799042224884
3162,42.294117647058826,51,48,0.9329411764705883,5.229454450117009,3.7318599281211693,0.0008632587268948555,1.0951008796691895
3163,-12.582554517133957,107,102,0.9441744548286605,16.111370629051553,20.88283187532425,0.0008568930788896978,9.561248779296875
3164,40.91358024691358,54,52,0.9491358024691358,19.728709224959797,48.312636121114096,0.0008641957538202405,10.79353141784668
3165,-3.7526881720430083,93,83,0.8924731182795699,-9.49508457514177,5.413934445046038,0.0008637466235086322,1.437238097190857
3166,43.73202614379085,51,49,0.9473202614379085,2.5563733992982938,1.228718696499709,0.00086378981359303,0.6753425002098083
3167,-117.3129890453834,213,204,0.9568701095461659,0.7613427113741636,1.3977405135835288,0.0008629923104308546,0.8855312466621399
3168,43.888888888888886,45,40,0.8888888888888888,13.505361529191335,14.428850360711415,0.0008625336922705173,1.2801998853683472
3169,46.06666666666666,50,49,0.9606666666666667,-10.376615131173942,11.900852251052857,0.0008634649566374719,5.638298511505127
3170,-1.782608695652172,92,83,0.9021739130434783,-13.685300093099295,10.973733226458231,0.0008623215253464878,2.1467819213867188
3171,42.85620915032679,51,48,0.938562091503268,-25.774094222810284,73.35377095540365,0.0008610186632722616,3.637885332107544
3172,43.888888888888886,45,40,0.8888888888888888,8.500121289833139,5.944333396355311,0.000860833388287574,2.3742713928222656
3173,41.52287581699346,51,48,0.9252287581699347,-19.731237753442354,45.551119867960615,0.0008622684981673956,5.4293060302734375
3174,-12.214953271028037,107,102,0.9478504672897197,11.109290380433201,10.309833028592635,0.0008648382499814034,6.906691551208496
3175,-115.73617693522907,211,202,0.9526382306477094,6.236459020193616,3.1066379111252025,0.0008644902845844626,2.802410840988159
3176,59.33333333333334,24,20,0.8333333333333334,-1.2872703187167645,0.5343973285829028,0.0008611094672232866,1.5582852363586426
3177,-11.471698113207552,106,101,0.9452830188679245,20.47609517111629,33.05332179832458,0.0008673836127854884,10.95814037322998
3178,45.16,50,48,0.9516,26.561407114968947,88.17786715825399,0.0008873561164364219,18.35694122314453
3179,-10.880503144654085,106,101,0.9511949685534591,19.488177012767643,30.64526272392273,0.0008879362721927464,5.321207523345947
3180,44.69333333333333,50,48,0.9469333333333333,12.850160168560008,18.84291025598844,0.0009113977430388331,21.973255157470703
3181,40.814814814814824,54,52,0.9481481481481482,6.694747843828736,5.436648455434867,0.0009081594180315733,3.3584253787994385
3182,41.062893081761004,53,51,0.94062893081761,-10.599876007686058,12.921831401189168,0.0009104586206376553,6.793636322021484
3183,40.91358024691358,54,52,0.9491358024691358,-11.819344467464058,17.98587340513865,0.0009119956521317363,4.930314064025879
3184,41.52564102564102,52,49,0.9352564102564103,-26.87416867793848,71.09745508829752,0.0009955335408449173,36.859954833984375
3185,63.95652173913044,23,20,0.8695652173913043,-5.080161977062622,2.951469274361928,0.000995931215584278,2.712709665298462
3186,44.228758169934636,51,49,0.9522875816993464,-5.636974062622964,4.093396687755982,0.0009999528992921114,9.211484909057617
3187,63.95652173913044,23,20,0.8695652173913043,4.181443427999814,2.1713399867216747,0.0009917248971760273,2.755307674407959
3188,43.888888888888886,45,40,0.8888888888888888,26.359646495680014,52.807472165425615,0.0009927165228873491,3.8862905502319336
3189,-117.23474178403755,213,204,0.9576525821596245,-26.801095418456477,41.07678524208069,0.000991158769465983,0.7102149128913879
3190,-8.782051282051285,104,100,0.9521794871794872,-2.82108603009535,2.403006453265989,0.0009906336199492216,1.718018889427185
3191,-113.5805422647528,209,200,0.954194577352472,-12.93930078673613,10.087661486946047,0.000990667613223195,2.035494089126587
3192,-5.702127659574472,94,83,0.8829787234042553,-28.884925402551293,44.86536175371653,0.0009941254975274205,11.371798515319824
3193,-3.7526881720430083,93,83,0.8924731182795699,-17.710476178242022,16.74281441064245,0.0009937564609572291,3.4381184577941895
3194,63.95652173913044,23,20,0.8695652173913043,23.56451589061568,52.90597693125407,0.0010051786666736007,18.77267837524414
3195,-12.827160493827165,108,104,0.9517283950617283,10.477992159806192,10.214799396945164,0.0010010068072006106,1.6023234128952026
3196,-7.631578947368411,95,83,0.8736842105263158,-28.690343456574713,43.191087408716896,0.0009871864458546042,2.8022046089172363
3197,-3.7526881720430083,93,83,0.8924731182795699,-9.663074502504495,5.240523911743279,0.0009863072773441672,2.420706033706665
3198,43.888888888888886,45,40,0.8888888888888888,42.50679479644944,136.44568888346353,0.0009857561672106385,10.03453254699707
3199,-113.75279106858054,209,200,0.9524720893141946,30.316969900757073,52.29812320709229,0.0009704339900054038,4.235747337341309
3200,-11.081761006289312,106,101,0.9491823899371069,11.74854739320278,11.849039968937635,0.0009454545215703547,2.790304183959961
3201,-14.61212121212121,110,106,0.9538787878787879,6.280414034324523,4.650473081070231,0.0009456344414502382,2.109348773956299
3202,43.83660130718954,51,49,0.9483660130718954,-6.038113610414439,4.639828273653984,0.0009465402108617127,5.549718379974365
3203,41.52564102564102,52,49,0.9352564102564103,-18.344733510911464,37.29265518188477,0.0009529582457616925,9.994866371154785
3204,63.95652173913044,23,20,0.8695652173913043,-11.195319322745005,14.016665331522624,0.0009540588944219053,4.996981143951416
3205,-118.7601246105919,214,204,0.952398753894081,-9.490326138917357,6.901139413680881,0.000953358190599829,0.7197865843772888
3206,-118.15264797507788,214,206,0.9584735202492212,-2.5017454352369533,1.7781191254523583,0.0009353263303637505,0.3820170760154724
3207,-10.880503144654085,106,101,0.9511949685534591,2.0927639953466133,2.3716811348270275,0.0009116690489463508,2.3462915420532227
3208,-11.710280373831779,107,103,0.9528971962616822,2.739435054071946,2.1066776180183515,0.0009034039103426039,1.5158569812774658
3209,43.888888888888886,45,40,0.8888888888888888,22.625070985096198,40.14348969459534,0.0009036747505888343,7.457795143127441
3210,42.294117647058826,51,48,0.9329411764705883,-8.308274079362551,8.711359270413716,0.0009077034774236381,9.623486518859863
3211,-5.702127659574472,94,83,0.8829787234042553,-28.66173333623802,42.60312688590054,0.000907814537640661,4.338085651397705
3212,42.294117647058826,51,48,0.9329411764705883,-6.209606988355517,4.48009851872921,0.0008880803361535072,1.8651846647262573
3213,-5.702127659574472,94,83,0.8829787234042553,-24.68704578980624,31.30345811805572,0.0008701768820174038,3.396644353866577
3214,43.888888888888886,45,40,0.8888888888888888,32.252276650071146,73.85528786977132,0.0008853374747559428,15.409307479858398
3215,-11.710280373831779,107,103,0.9528971962616822,12.723625027542818,12.834680319964885,0.0008649897645227611,3.451847791671753
3216,44.69333333333333,50,48,0.9469333333333333,7.344828650091464,6.733811504859477,0.0008658848819322884,7.131314754486084
3217,63.95652173913044,23,20,0.8695652173913043,-0.00617440581942598,0.23582826105994173,0.0008652787655591965,0.49771177768707275
3218,-5.702127659574472,94,83,0.8829787234042553,-24.98267933881905,31.766804645339167,0.0008670404786244035,5.966212272644043
3219,63.95652173913044,23,20,0.8695652173913043,-3.736580433944861,1.654021393507719,0.0008673036936670542,2.147886276245117
3220,40.95652173913044,46,40,0.8695652173913043,8.631323442856472,6.0503734111785885,0.0008194493129849434,2.7439794540405273
3221,-112.2948717948718,208,200,0.9570512820512821,11.455295102117583,7.8637744468450546,0.000818978005554527,3.73142671585083
3222,-7.631578947368411,95,83,0.8736842105263158,-35.503650575277796,64.89533820401233,0.0008271597907878458,11.117743492126465
3223,-5.702127659574472,94,83,0.8829787234042553,-26.4267608611938,36.632301077785264,0.0008265637443400919,2.1337218284606934
3224,63.95652173913044,23,20,0.8695652173913043,-7.041103262205919,5.470698050657908,0.0008258275338448584,1.4762192964553833
3225,-7.631578947368411,95,83,0.8736842105263158,-29.522075846492047,44.659421430534145,0.0008220597519539297,3.397521734237671
3226,43.18300653594771,51,49,0.9418300653594771,-0.8509097563995359,0.3979981606335059,0.0008115054806694388,1.6409143209457397
3227,-9.177777777777777,105,101,0.9582222222222222,26.210640237725574,52.07039137268067,0.0008244215277954936,13.890934944152832
3228,-1.782608695652172,92,83,0.9021739130434783,3.978818859141993,1.328492796143913,0.0008170532528311014,0.7342005372047424
3229,-11.081761006289312,106,101,0.9491823899371069,20.564282327284804,32.96005405044556,0.0008197193965315819,7.109387397766113
3230,68.9090909090909,22,20,0.9090909090909091,14.562656283689043,24.474698734283447,0.0008208066574297845,6.047705173492432
3231,-10.691823899371073,106,102,0.9530817610062893,17.89096824467182,25.584264631271363,0.0008263278286904097,9.114045143127441
3232,41.3974358974359,52,49,0.933974358974359,-13.869929993067247,20.49004996617635,0.0008524255827069283,20.412580490112305
3233,46.3611111111111,48,46,0.9436111111111111,-14.62535200517935,23.685941616694134,0.0008579468121752143,12.047798156738281
3234,-7.631578947368411,95,83,0.8736842105263158,-31.264617724979978,48.550588822269056,0.0008602086454629898,9.315608978271484
3235,63.95652173913044,23,20,0.8695652173913043,-1.3629600172823606,0.2236953646063436,0.0008576515247114003,1.6406785249710083
3236,43.73202614379085,51,49,0.9473202614379085,6.675336205473286,5.7045800571640335,0.0008510288316756487,1.450590968132019
3237,-9.541666666666657,96,83,0.8645833333333334,-33.93428340015641,59.050110215642846,0.0008504904108121991,4.381910800933838
3238,-118.16510903426791,214,206,0.9583489096573209,-9.028071199607803,6.330641042592004,0.0007670442573726177,2.179276466369629
3239,46.90909090909091,44,40,0.9090909090909091,47.607235563794774,168.6004337310791,0.0008051793556660414,24.82463836669922
3240,46.90909090909091,44,40,0.9090909090909091,43.47723155568043,143.2966639836629,0.0008156346157193184,13.530342102050781
3241,59.33333333333334,24,20,0.8333333333333334,-17.169588033358256,31.36740716298421,0.0004388428060337901,1.841086745262146
3242,40.814814814814824,54,52,0.9481481481481482,-1.0639580960773551,0.4635355635759576,0.0004305514448788017,0.5212714672088623
3243,-13.592592592592595,108,103,0.9440740740740741,0.33534900965541603,1.5845588092363905,0.000429081788752228,1.2939502000808716
3244,59.33333333333334,24,20,0.8333333333333334,-26.268654427925746,77.05100968678792,0.0004350643139332533,11.085221290588379
3245,-3.7526881720430083,93,83,0.8924731182795699,-18.420283246964935,18.914696570859856,0.0004350508679635823,5.049180030822754
3246,63.95652173913044,23,20,0.8695652173913043,-8.458936845262846,8.06796133518219,0.0004415868315845728,9.895952224731445
3247,63.95652173913044,23,20,0.8695652173913043,-5.287712657389542,2.9889840384324393,0.00043748627649620175,0.19087442755699158
3248,-5.702127659574472,94,83,0.8829787234042553,-23.147754749619818,29.81113335789447,0.0004398720047902316,6.471373558044434
3249,63.95652173913044,23,20,0.8695652173913043,2.6063374767700833,0.9755553811788559,0.0004393700510263443,2.357451915740967
3250,-11.710280373831779,107,103,0.9528971962616822,10.815594103556126,10.424464671313762,0.0004389522655401379,3.7576160430908203
3251,43.888888888888886,45,40,0.8888888888888888,18.924697665373483,26.951353454589842,0.0004199705144856125,5.53525447845459
3252,-10.555555555555557,105,100,0.9444444444444444,8.672201989332214,6.383133635754348,0.00041985863936133683,3.0646719932556152
3253,43.888888888888886,45,40,0.8888888888888888,13.842923910915852,15.75152599811554,0.0004229471960570663,7.255597114562988
3254,-109.59186991869919,205,196,0.9540813008130081,-12.919648695588112,10.021641024987213,0.00042276422027498484,2.4561848640441895
3255,43.73202614379085,51,49,0.9473202614379085,-15.909544839570298,30.7591272354126,0.0004145798156969249,2.4890639781951904
3256,59.33333333333334,24,20,0.8333333333333334,-5.852484426895777,3.729095858335495,0.000414945709053427,2.3165531158447266
3257,68.9090909090909,22,20,0.9090909090909091,26.437181789055465,70.58301938374838,0.0004897435428574681,35.61056900024414
3258,-7.631578947368411,95,83,0.8736842105263158,-33.888288712405775,60.25158896695179,0.0004894687444902956,1.049307107925415
3259,2.2222222222222285,90,83,0.9222222222222223,10.953558155982549,7.207869897405785,0.0004896603059023619,2.519667148590088
3260,46.90909090909091,44,40,0.9090909090909091,19.41664256596317,29.550147143999734,0.0004844366922043264,1.760973334312439
3261,40.91025641025641,52,49,0.9291025641025641,-23.499285877721075,68.47905832926432,0.0004960221704095602,13.6959228515625
3262,-1.782608695652172,92,83,0.9021739130434783,-3.747231156060315,1.3630726767335593,0.0004959128564223647,0.1142321303486824
3263,-3.7526881720430083,93,83,0.8924731182795699,-9.86898020331759,5.644599699351682,0.0004913230077363551,3.078016757965088
3264,-3.7526881720430083,93,83,0.8924731182795699,-6.4828898333925675,2.638383381831718,0.00048401113599538803,1.727719783782959
3265,-12.840978593272169,109,105,0.9615902140672783,22.96446132571809,42.11215159606934,0.00048563224845565856,5.163701057434082
3266,43.888888888888886,45,40,0.8888888888888888,23.37808712720871,42.06271977424622,0.00048567375051788986,0.9436976909637451
3267,-112.12179487179488,208,200,0.9587820512820513,10.819426971969136,9.429393198035658,0.0004856848972849548,1.8226220607757568
3268,-3.7526881720430083,93,83,0.8924731182795699,-7.763831080203076,3.5625045868646668,0.00048624176997691393,2.395385980606079
3269,-10.320754716981128,106,102,0.9567924528301887,17.331190455707024,24.183029769897463,0.0004848837561439723,2.9925105571746826
3270,-3.7526881720430083,93,83,0.8924731182795699,-13.042365688426667,9.57017025985871,0.00048665478243492544,5.144773483276367
3271,43.18300653594771,51,49,0.9418300653594771,-18.19568484822909,35.412622912724814,0.0005042581469751894,16.634883880615234
3272,-114.28253968253969,210,202,0.9571746031746031,-11.503464657480828,7.7632086389064785,0.0005043904529884458,2.5889952182769775
3273,40.95652173913044,46,40,0.8695652173913043,-2.7192702007479967,0.7499118095216545,0.0005029116291552782,0.7997689247131348
3274,-119.5984496124031,215,206,0.954015503875969,-18.842595151901246,20.529953887939453,0.0005016941577196121,5.306159019470215
3275,-3.7526881720430083,93,83,0.8924731182795699,-9.418214906171622,4.939464189920081,0.0005016064969822764,2.193011522293091
3276,43.888888888888886,45,40,0.8888888888888888,21.57080254952113,33.202877124150596,0.0005048280581831932,7.596635818481445
3277,-11.081761006289312,106,101,0.9491823899371069,16.158156412894837,19.454779473304747,0.0004985776031389832,4.747978687286377
3278,44.228758169934636,51,49,0.9522875816993464,4.977200826915699,3.725520338428517,0.0004797099973075092,4.914215564727783
3279,-111.05501618122977,206,196,0.9494498381877022,5.876510485081002,2.8257861878030237,0.00047790835378691554,1.7540409564971924
3280,43.888888888888886,45,40,0.8888888888888888,10.447614940380056,9.247835000356039,0.00044927519047632813,4.871896743774414
3281,43.87179487179486,52,51,0.9587179487179487,-2.6232137266035958,1.0442480417396534,0.000449131999630481,2.7777812480926514
3282,-111.55072463768116,207,198,0.9544927536231884,4.68184765645978,1.9417321878720541,0.00044667249312624335,1.3608356714248657
3283,-111.55072463768116,207,198,0.9544927536231884,2.083267190159997,1.017346298044431,0.0004454116278793663,0.4268355667591095
3284,0.2087912087912116,91,83,0.9120879120879121,-5.348801299181568,2.817868996063134,0.0003616540343500674,1.1647311449050903
3285,-5.702127659574472,94,83,0.8829787234042553,-34.15838188148407,61.49089990945226,0.0003665662952698767,8.938216209411621
3286,38.1063829787234,47,40,0.851063829787234,-31.295592617988586,72.49160512288411,0.0003704404807649553,12.503528594970703
3287,38.18787878787879,55,52,0.9318787878787879,-19.532317927728098,45.741929610570274,0.0003826310276053846,14.586456298828125
3288,-10.880503144654085,106,101,0.9511949685534591,10.21998289561328,8.573149241963401,0.00038433269946835935,6.475948333740234
3289,-109.59186991869919,205,196,0.9540813008130081,13.05772905477474,9.521907444834708,0.00038539545494131744,4.099152565002441
3290,41.01282051282051,52,49,0.9301282051282052,7.256133966599979,6.5697217722112935,0.0003856265393551439,2.9566726684570312
3291,41.3974358974359,52,49,0.933974358974359,14.47530134866635,23.852571868896483,0.00038957057404331863,8.972490310668945
3292,-113.00961538461539,208,198,0.9499038461538462,4.1513988503078,1.9115626117939828,0.00038227043114602566,2.0155906677246094
3293,63.95652173913044,23,20,0.8695652173913043,25.45071218808492,68.5726177851359,0.00038602633867412806,8.815982818603516
3294,63.95652173913044,23,20,0.8695652173913043,22.803918234507243,52.92424456278483,0.0003657901252154261,3.9713633060455322
3295,40.95652173913044,46,40,0.8695652173913043,14.312977615992228,15.657498522599537,0.0003657095949165523,0.7974128127098083
3296,-3.7526881720430083,93,83,0.8924731182795699,-11.360927790523053,6.953820119899918,0.0003654483298305422,1.226554274559021
3297,-5.702127659574472,94,83,0.8829787234042553,-22.336067475258826,25.89539535553101,0.0003662934177555144,5.226650714874268
3298,-11.943396226415103,106,100,0.940566037735849,-0.9268220122678904,1.5852239178149174,0.0003592955181375146,0.7440292239189148
3299,-118.6822429906542,214,204,0.9531775700934579,-26.448127495899797,42.091927982330326,0.0003618599148467183,8.498465538024902
3300,46.90909090909091,44,40,0.9090909090909091,3.339222276241829,1.3424749958115474,0.0003615143650677055,1.4138761758804321
3301,40.95652173913044,46,40,0.8695652173913043,-21.796371615926425,33.987082163492836,0.0003662375675048679,8.483002662658691
3302,38.1063829787234,47,40,0.851063829787234,-30.85161909063657,62.60506814320882,0.0003771579940803349,13.784268379211426
3303,44.373333333333335,50,48,0.9437333333333333,-14.246514723739043,23.901302750905355,0.00038692919770255685,15.603856086730957
3304,-5.702127659574472,94,83,0.8829787234042553,-10.946657327284296,6.7057160962537585,0.00038549344753846526,0.21807588636875153
3305,63.95652173913044,23,20,0.8695652173913043,-0.39291731094320614,0.20790485295049924,0.00038553649210371077,1.254154086112976
3306,41.52564102564102,52,49,0.9352564102564103,21.35382425899928,54.00803801218669,0.0003918834845535457,9.768096923828125
3307,-5.702127659574472,94,83,0.8829787234042553,4.5328725694293475,1.2432724711631078,0.0003916021960321814,1.4516160488128662
3308,-10.688888888888883,105,100,0.9431111111111111,38.89434409546852,108.40557052612304,0.00040663924301043153,15.90217113494873
3309,-111.05501618122977,206,196,0.9494498381877022,40.92034533445537,84.85927319335937,0.0004314166435506195,21.937360763549805
3310,46.06666666666666,50,49,0.9606666666666667,27.66619461152392,87.94118878046672,0.00046329773613251746,24.754709243774414
3311,-8.782051282051285,104,100,0.9521794871794872,24.637162049885024,46.066890075683595,0.0004689525521825999,10.43631649017334
3312,-115.81200631911533,211,201,0.9518799368088467,-8.838007964342832,5.607805517300964,0.0004687642795033753,0.952424943447113
3313,-9.57142857142857,105,101,0.9542857142857143,2.25670435934118,1.7029425526877349,0.0004688935005106032,4.346628665924072
3314,-118.16510903426791,214,206,0.9583489096573209,-30.64490075613372,54.88816534805298,0.00046440926962532103,12.836618423461914
3315,-1.782608695652172,92,83,0.9021739130434783,-34.658302134778125,63.43514412569712,0.0004677971301134676,7.724518299102783
3316,-11.13968253968254,105,99,0.9386031746031746,-27.512986579418182,57.815518074035644,0.0004858403990510851,18.436737060546875
3317,43.888888888888886,45,40,0.8888888888888888,-36.42408238047113,95.83561646143595,0.0004866926174145192,4.371706485748291
3318,-9.177777777777777,105,101,0.9582222222222222,-9.89048474789178,8.575848463058472,0.0004848747921641916,2.5879929065704346
3319,46.90909090909091,44,40,0.9090909090909091,-9.417621179379058,6.178203766793013,0.0004863644135184586,4.896964073181152
3320,-10.047619047619051,105,100,0.9495238095238095,-5.861033445724752,4.147254040237225,0.0004856887389905751,0.3424452245235443
3321,68.9090909090909,22,20,0.9090909090909091,2.697826719035705,0.9252109038333098,0.00048513567890040576,2.0422420501708984
3322,-10.047619047619051,105,100,0.9495238095238095,5.665069058120251,3.5712919121086597,0.0004769790393766016,2.764045238494873
3323,-12.827160493827165,108,104,0.9517283950617283,7.636166704822128,5.849981631235452,0.00047681303112767637,1.3869295120239258
3324,-118.6822429906542,214,204,0.9531775700934579,5.224416948962025,3.868774498184561,0.00047666733735240996,0.8583305478096008
3325,44.373333333333335,50,48,0.9437333333333333,1.423701458352419,0.6692645786412564,0.0004756999551318586,0.7517040967941284
3326,42.85620915032679,51,48,0.938562091503268,2.726936394055277,1.071412859275976,0.00047570018796250224,0.621146023273468
3327,-113.5805422647528,209,200,0.954194577352472,19.113419593460858,21.32016886615753,0.00046755679068155587,8.749635696411133
3328,-112.2948717948718,208,200,0.9570512820512821,20.316354479119006,23.298914196968077,0.0004699754063040018,6.1810173988342285
3329,-121.04012345679013,216,206,0.9495987654320988,-10.711038713267772,7.95663592016697,0.00046748758177272975,2.2946884632110596
3330,-10.880503144654085,106,101,0.9511949685534591,11.103073001123965,9.852370972923701,0.00046536006266251206,2.7630503177642822
3331,-115.73617693522907,211,202,0.9526382306477094,-12.4707587505579,8.67557884478569,0.00045967852929607034,3.0014636516571045
3332,40.91358024691358,54,52,0.9491358024691358,8.874701414924736,8.875939168532689,0.0004363455227576196,9.671686172485352
3333,46.90909090909091,44,40,0.9090909090909091,30.05049834549427,69.71639321645101,0.00043437257409095764,11.260377883911133
3334,38.18787878787879,55,52,0.9318787878787879,-13.025472012162208,19.77084274291992,0.00043186801485717297,6.949386119842529
3335,63.95652173913044,23,20,0.8695652173913043,-5.284849667781964,2.749401505788167,0.0004315254627726972,2.346414804458618
3336,41.062893081761004,53,51,0.94062893081761,-19.37045013399329,40.83123070398967,0.00043517391895875335,6.873871803283691
3337,46.90909090909091,44,40,0.9090909090909091,17.158313856025536,21.200741322835288,0.00043842161539942026,8.650835037231445
3338,-14.700305810397552,109,104,0.9429969418960245,-14.887180408801884,17.841888430595397,0.0004432369605638087,8.232779502868652
3339,-118.6822429906542,214,204,0.9531775700934579,-37.47239402616304,77.45042910003662,0.0004131172609049827,9.509085655212402
3340,-5.702127659574472,94,83,0.8829787234042553,-26.352961100488304,36.17614159335094,0.00040417013224214315,4.186789512634277
3341,-10.880503144654085,106,101,0.9511949685534591,6.045343666728586,3.673364106009714,0.0004044327943120152,2.8725171089172363
3342,41.52564102564102,52,49,0.9352564102564103,-3.5567246240447274,1.404417821961033,0.0004048303817398846,1.6558647155761719
3343,43.888888888888886,45,40,0.8888888888888888,25.310151299834253,45.60506173769633,0.00040463582263328135,1.1736516952514648
3344,-118.6822429906542,214,204,0.9531775700934579,2.9112210692055522,1.3511680941611994,0.00039754004683345556,1.4505149126052856
3345,63.95652173913044,23,20,0.8695652173913043,1.7780980333685874,0.43521132855676115,0.00039643325726501644,2.3848378658294678
3346,-5.702127659574472,94,83,0.8829787234042553,-14.618302701946243,11.259921313289658,0.00039132736856117845,2.0022947788238525
3347,63.95652173913044,23,20,0.8695652173913043,-0.6075537050142884,0.10313088596934297,0.0003913978871423751,0.5329635739326477
3348,63.95652173913044,23,20,0.8695652173913043,-1.2769759931912026,0.21625892574278016,0.00038945634150877595,0.6501015424728394
3349,40.814814814814824,54,52,0.9481481481481482,10.068564391260345,10.739444234967232,0.0003949243691749871,10.243510246276855
3350,40.95652173913044,46,40,0.8695652173913043,5.936670314272245,2.7918611383686462,0.00039385410491377115,1.9203903675079346
3351,43.888888888888886,45,40,0.8888888888888888,11.331938011261323,10.401480734348297,0.0003943854244425893,4.865869522094727
3352,-3.7526881720430083,93,83,0.8924731182795699,-8.149308570626989,3.786131063378958,0.0003940828610211611,1.0331333875656128
3353,63.95652173913044,23,20,0.8695652173913043,-11.165848845088233,12.59942070643107,0.0003916758578270674,5.794039249420166
3354,-3.7526881720430083,93,83,0.8924731182795699,-11.161894332333262,6.866293682152009,0.0003921726602129638,3.3155417442321777
3355,40.91358024691358,54,52,0.9491358024691358,-16.94973252892378,31.568825324376423,0.00039327636477537453,4.120396137237549
3356,-14.700305810397552,109,104,0.9429969418960245,7.122532372324262,4.894735695548123,0.0003937476722057909,2.8693506717681885
3357,-114.46411483253588,209,198,0.9453588516746412,20.384413359671832,23.79840264225006,0.0003159760090056807,1.9844119548797607
3358,-5.702127659574472,94,83,0.8829787234042553,-14.488714966908038,11.398285563212323,0.0003165066009387374,4.120630264282227
3359,-7.631578947368411,95,83,0.8736842105263158,-22.718586632525586,27.35399460696791,0.0003169199335388839,5.113536834716797
3360,-3.7526881720430083,93,83,0.8924731182795699,-2.5123990307567663,0.7881948144617235,0.0003169316041748971,0.6245240569114685
3361,-8.647435897435898,104,100,0.9535256410256411,29.241266720804152,60.11114505767822,0.0003077027795370668,4.136831283569336
3362,68.9090909090909,22,20,0.9090909090909091,15.030379197187722,23.834515794118246,0.0003101607144344598,7.1396942138671875
3363,0.2087912087912116,91,83,0.9120879120879121,15.064284477966378,11.862861928212116,0.0003100904286839068,2.151790142059326
3364,-16.573573573573583,111,105,0.9442642642642642,8.316083773177118,6.4278209279095755,0.0003106921212747693,3.5568137168884277
3365,42.85620915032679,51,48,0.938562091503268,-21.034728576051325,43.43797329266866,0.00032392292632721364,15.138968467712402
3366,-115.2063492063492,210,200,0.947936507936508,1.0024004315743222,0.6147912486464484,0.0003239182406105101,0.7325448393821716
3367,-10.555555555555557,105,100,0.9444444444444444,16.238164527822285,19.407954118728636,0.0003318200178910047,10.942794799804688
3368,46.90909090909091,44,40,0.9090909090909091,21.84322169224421,36.2873323281606,0.0003324535209685564,3.5129849910736084
3369,-14.700305810397552,109,104,0.9429969418960245,6.572283799840138,4.563406162729486,0.0003318962699268013,1.4631131887435913
3370,-10.880503144654085,106,101,0.9511949685534591,11.910883043402807,10.984103925436735,0.00033109021023847163,2.3989834785461426
3371,-15.45871559633028,109,103,0.9354128440366972,-6.908228284627199,5.405933043837547,0.0003148972464259714,3.129138708114624
3372,63.95652173913044,23,20,0.8695652173913043,-6.585959405079484,4.31418579419454,0.00031445123022422194,1.4365389347076416
3373,-10.047619047619051,105,100,0.9495238095238095,2.2479208364309744,1.5373622241215525,0.0003144732618238777,1.3757641315460205
3374,63.95652173913044,23,20,0.8695652173913043,-7.824307009826104,5.628741083542506,0.00031413286342285573,4.80341911315918
3375,-114.25714285714285,210,202,0.9574285714285714,-16.73023069458455,15.311349106788635,0.0003210123395547271,11.341057777404785
3376,43.888888888888886,45,40,0.8888888888888888,-6.1497758789376045,2.8808217914702254,0.00031870653037913144,3.0868396759033203
3377,-121.04012345679013,216,206,0.9495987654320988,-30.408630931854248,50.155050514221195,0.00031974550802260637,5.585461616516113
3378,44.69333333333333,50,48,0.9469333333333333,-16.50775514692068,31.061396320660908,0.0003192468429915607,4.946992874145508
3379,-117.26100628930818,212,201,0.9473899371069182,-5.521885889076162,2.2534615830067777,0.0003197592741344124,3.3318052291870117
3380,38.369696969696975,55,52,0.9336969696969697,6.141366673497639,4.721413740403659,0.0003200386418029666,5.279412269592285
3381,43.888888888888886,45,40,0.8888888888888888,31.54122865597407,69.62451302210489,0.00032280985033139586,7.501533508300781
3382,68.9090909090909,22,20,0.9090909090909091,23.359467143689592,61.49560604095459,0.0003300572861917317,10.4946928024292
3383,63.95652173913044,23,20,0.8695652173913043,4.757143781582514,2.554079947868983,0.000330421986291185,2.3329129219055176
3384,41.3974358974359,52,49,0.933974358974359,-1.2249210322925743,0.4835021109268079,0.0003303146513644606,0.8962265849113464
3385,43.87179487179486,52,51,0.9587179487179487,8.872205153738227,10.229677587623398,0.00032847854890860617,6.6031174659729
3386,63.95652173913044,23,20,0.8695652173913043,-8.840346382061641,8.52470265229543,0.0003211344010196626,5.597731113433838
3387,42.85620915032679,51,48,0.938562091503268,-18.378727604291633,33.338193607330325,0.0003146751841995865,10.234865188598633
3388,59.33333333333334,24,20,0.8333333333333334,-27.370160325368246,72.47359224955241,0.00032955603091977537,16.90973663330078
3389,-11.471698113207552,106,101,0.9452830188679245,11.368699543714524,10.267826307058334,0.000328767579048872,0.8879597783088684
3390,-121.04012345679013,216,206,0.9495987654320988,51.071490103657474,136.25966596984864,0.00033032480860129,5.382684230804443
3391,-115.71090047393365,211,202,0.9528909952606635,46.96727257968113,120.46866116333008,0.0003267117135692388,4.8611321449279785
3392,-11.13968253968254,105,99,0.9386031746031746,-1.5775188248157501,1.4164905986328704,0.000326567271258682,1.4081896543502808
3393,41.062893081761004,53,51,0.94062893081761,-10.455511788465083,12.889433590571086,0.000322649662848562,4.607692718505859
3394,63.95652173913044,23,20,0.8695652173913043,2.4731166103233893,0.7903948488334814,0.00032164299045689404,1.4443659782409668
3395,-1.782608695652172,92,83,0.9021739130434783,-15.13611251178635,11.658423190136032,0.0003218280617147684,1.3919320106506348
3396,-10.555555555555557,105,100,0.9444444444444444,-12.235097096547484,12.418787215232848,0.0003229520807508379,4.799683570861816
3397,-114.28253968253969,210,202,0.9571746031746031,-47.78781645401567,128.50294401550292,0.00032856641337275505,11.661642074584961
3398,43.83660130718954,51,49,0.9483660130718954,-1.1568519021966495,0.4505050182068468,0.0003286485734861344,2.030755043029785
3399,-11.471698113207552,106,101,0.9452830188679245,-6.821974820772186,5.14347921414036,0.0003253042232245207,4.713255882263184
3400,40.95652173913044,46,40,0.8695652173913043,12.576600531737009,11.494499723116556,0.0003252091119065881,1.743731141090393
3401,43.888888888888886,45,40,0.8888888888888888,24.828528001656135,46.81579319636027,0.0003268860455136746,9.497261047363281
3402,-119.61085271317829,215,206,0.9538914728682171,-54.4567821598053,169.94032487487792,0.000317085679853335,4.393337726593018
3403,-14.715151515151518,110,105,0.9528484848484848,1.0908767971880733,2.6631112015198197,0.00030298379715532064,1.6941239833831787
3404,43.888888888888886,45,40,0.8888888888888888,22.59854861944914,39.236878077189125,0.00030952878296375275,10.317936897277832
3405,-115.73617693522907,211,202,0.9526382306477094,-20.859491027578713,27.386427918434144,0.00031020029564388096,3.053927421569824
3406,-8.782051282051285,104,100,0.9521794871794872,10.919953870622441,10.20108736205101,0.0003103501512669027,9.55540943145752
3407,-3.7526881720430083,93,83,0.8924731182795699,-11.676683356963009,7.2467679173113355,0.0003102876362390816,1.0691370964050293
3408,-16.573573573573583,111,105,0.9442642642642642,1.16943028402701,2.0813928351979705,0.00029512305627577007,1.4344466924667358
3409,42.85620915032679,51,48,0.938562091503268,-9.584778333099287,10.446105445424715,0.0002660370373632759,3.2674741744995117
3410,46.90909090909091,44,40,0.9090909090909091,21.203168656304477,33.81061453819275,0.00022888054081704468,4.0138421058654785
3411,-3.7526881720430083,93,83,0.8924731182795699,-8.689506570019397,4.056381818520496,0.00022240917314775288,0.9824090003967285
3412,-5.702127659574472,94,83,0.8829787234042553,-16.5384962482146,13.720336730221668,0.00022285642626229674,3.2143924236297607
3413,-115.81200631911533,211,201,0.9518799368088467,41.305769383467734,93.5053857498169,0.0002241148758912459,6.540332317352295
3414,-119.61085271317829,215,206,0.9538914728682171,32.81874510481942,58.56426107978821,0.00021354228374548256,1.8977725505828857
3415,40.91358024691358,54,52,0.9491358024691358,-10.92967759023498,14.61217691898346,0.00021140504395589232,4.350630760192871
3416,-118.6822429906542,214,204,0.9531775700934579,6.809793877037242,3.406697330580559,0.0001909504790091887,2.8857805728912354
3417,-111.00970873786409,206,196,0.9499029126213592,5.394359460049018,2.3578822085852735,0.0001896503963507712,1.1864163875579834
3418,-3.7526881720430083,93,83,0.8924731182795699,-17.325937713485168,16.642649932080005,0.00018940361042041332,0.514503002166748
3419,-111.00970873786409,206,196,0.9499029126213592,-13.845517176104709,11.494588852405547,0.00018838724645320326,2.2302474975585938
3420,40.95652173913044,46,40,0.8695652173913043,-21.881482313076656,32.705076018969216,0.00019261967099737376,8.203344345092773
3421,-9.237179487179489,104,99,0.9476282051282051,7.734812127486453,4.937630470713717,0.00019228974997531623,0.05479989945888519
3422,46.90909090909091,44,40,0.9090909090909091,9.869371887591358,8.038415444890658,0.00019213324412703514,2.546459674835205
3423,-5.702127659574472,94,83,0.8829787234042553,-19.801643242348867,20.519696752709077,0.00019327946938574314,4.100368022918701
3424,-10.691823899371073,106,102,0.9530817610062893,10.997773330133642,9.126854605853557,0.0001978018699446693,8.52550220489502
3425,-119.5984496124031,215,206,0.954015503875969,-37.16522972035408,81.11713803100587,0.0002049840404652059,10.58035659790039
3426,-7.631578947368411,95,83,0.8736842105263158,-24.716121862212336,30.8574833850784,0.00020568615582305938,3.2659716606140137
3427,63.95652173913044,23,20,0.8695652173913043,10.288954491416613,12.479509290059408,0.00020232559472788125,5.243717193603516
3428,-10.555555555555557,105,100,0.9444444444444444,18.027212085476144,23.341220386505128,0.0002002765249926597,2.6354386806488037
3429,43.18300653594771,51,49,0.9418300653594771,7.608011542074382,6.985468305378648,0.00020196843252051622,5.4796037673950195
3430,38.369696969696975,55,52,0.9336969696969697,7.894999699937761,6.795216919605931,0.0002025964204221964,3.799407482147217
3431,-16.573573573573583,111,105,0.9442642642642642,8.995435879260302,7.1044566428205,0.00020274179405532777,3.349012613296509
3432,-1.782608695652172,92,83,0.9021739130434783,3.5896950198634787,0.9881212499801956,0.0001969955483218655,1.9143531322479248
3433,-5.702127659574472,94,83,0.8829787234042553,-16.636996516262194,14.154119369016593,0.0001908241247292608,4.837200164794922
3434,68.9090909090909,22,20,0.9090909090909091,15.432213159153859,24.569400024414062,0.0001983103429665789,12.966054916381836
3435,43.888888888888886,45,40,0.8888888888888888,-3.794024959967161,1.1723570041067433,0.00019803929899353534,1.3060091733932495
3436,-1.782608695652172,92,83,0.9021739130434783,-3.51837300339407,0.996234208683285,0.00019537970365490764,1.4945639371871948
3437,38.369696969696975,55,52,0.9336969696969697,-21.883943618585665,51.49977963765462,0.00019848124065902084,11.242634773254395
3438,44.373333333333335,50,48,0.9437333333333333,-19.14216669902477,42.81396245956421,0.00019745218742173165,7.198634624481201
3439,-113.75279106858054,209,200,0.9524720893141946,15.119610034750774,12.298777878522873,0.0001923477539094165,2.4998960494995117
3440,63.95652173913044,23,20,0.8695652173913043,1.5520830310881137,0.3937805694217483,0.00019136078481096774,1.0801055431365967
3441,-112.2948717948718,208,200,0.9570512820512821,31.49467611068394,52.03332717514038,0.00019104903913103044,1.6464658975601196
3442,43.435374149659864,49,46,0.9243537414965987,19.03129777025121,39.80051358540853,0.0001915341999847442,3.0631511211395264
3443,63.95652173913044,23,20,0.8695652173913043,13.292216559747855,17.835537052154542,0.00019383961625862867,6.317971229553223
3444,38.761006289308185,53,49,0.9176100628930818,15.914473896784086,27.82257930437724,0.00019560659711714834,5.695610046386719
3445,-14.715151515151518,110,105,0.9528484848484848,20.578049742293544,30.43338107585907,0.00019956140022259206,8.419809341430664
3446,43.888888888888886,45,40,0.8888888888888888,22.58406399091085,39.915690167744955,0.00020438575302250683,9.07473373413086
3447,-118.7601246105919,214,204,0.952398753894081,-34.91920262145996,68.8664023361206,0.00020667239732574672,6.327226638793945
3448,43.888888888888886,45,40,0.8888888888888888,-5.357608177031701,2.282528532234816,0.00020744888752233237,3.6362154483795166
3449,38.09090909090909,55,52,0.9309090909090909,-30.50756428639094,104.66247825622558,0.00021866759925615042,16.700998306274414
3450,46.06666666666666,50,49,0.9606666666666667,-19.01656598745297,39.935294485092165,0.0002219339949078858,7.575458526611328
3451,40.371794871794876,52,49,0.9237179487179488,-23.066791255772113,60.554541015625,0.00023549886827822775,15.656905174255371
3452,-1.782608695652172,92,83,0.9021739130434783,1.2986226950745925,0.3819315983772133,0.0002354697062401101,0.5428470373153687
3453,38.369696969696975,55,52,0.9336969696969697,24.39591163098812,62.69488528569539,0.0002384600229561329,8.979330062866211
3454,68.9090909090909,22,20,0.9090909090909091,27.00134940793117,75.05879344940186,0.000267627474386245,22.068771362304688
3455,-1.782608695652172,92,83,0.9021739130434783,11.081457473606948,6.362811886163121,0.00026782971690408885,4.378640174865723
3456,68.9090909090909,22,20,0.9090909090909091,23.41786744991938,62.176038360595705,0.0002827256394084543,15.758105278015137
3457,43.888888888888886,45,40,0.8888888888888888,36.185360665122666,97.96412595113118,0.00028734473744407296,8.926071166992188
3458,-118.6822429906542,214,204,0.9531775700934579,-16.03153816306917,14.968058438301087,0.00028719185502268374,3.839155435562134
3459,-16.573573573573583,111,105,0.9442642642642642,-5.837139270089566,4.5503316821659245,0.00028584463871084154,2.2596704959869385
3460,59.33333333333334,24,20,0.8333333333333334,-40.55949926376343,147.68948987325032,0.00036190683022141457,35.44871520996094
3461,-109.59186991869919,205,196,0.9540813008130081,-4.696533684567083,1.8062492835994344,0.0003611053107306361,1.3209670782089233
3462,40.91358024691358,54,52,0.9491358024691358,-18.983113458395625,40.45608671506246,0.0003962276969105005,25.42780876159668
3463,-113.5805422647528,209,200,0.954194577352472,-7.018604949431494,4.057756284994655,0.0003974884166382253,4.440658092498779
3464,44.69333333333333,50,48,0.9469333333333333,-21.832385402421156,56.82588192621867,0.00041112181497737765,14.681415557861328
3465,-115.73617693522907,211,202,0.9526382306477094,4.777087843928021,2.4976922364041676,0.00039759400533512235,0.6973385214805603
3466,-115.73617693522907,211,202,0.9526382306477094,11.9342421356556,9.055837037324906,0.00039760174695402384,1.490850567817688
3467,-3.7526881720430083,93,83,0.8924731182795699,-0.5132673225668539,0.3285250229283012,0.0003906195343006402,0.8934624791145325
3468,-16.573573573573583,111,105,0.9442642642642642,21.23635736811161,36.952171200990676,0.00039683771319687366,10.63818645477295
3469,-8.782051282051285,104,100,0.9521794871794872,30.618965593452565,68.41160330200195,0.0004145257407799363,16.968830108642578
3470,-1.782608695652172,92,83,0.9021739130434783,10.94008834773757,6.339501330172681,0.00041429794509895146,0.6384263038635254
3471,43.888888888888886,45,40,0.8888888888888888,44.93414659847816,143.7181484222412,0.00042991555528715253,16.06922149658203
3472,-1.782608695652172,92,83,0.9021739130434783,2.3300802046975426,0.5478591695831528,0.0004298175044823438,0.8046520352363586
3473,41.062893081761004,53,51,0.94062893081761,9.205916630725065,11.291657987516373,0.00043179604108445346,5.981905460357666
3474,43.888888888888886,45,40,0.8888888888888888,4.814093190431595,2.448743862658739,0.0004305404145270586,1.2126312255859375
3475,63.95652173913044,23,20,0.8695652173913043,-5.473770308494568,3.1348866363366445,0.00042286585085093975,2.262411117553711
3476,43.888888888888886,45,40,0.8888888888888888,-19.132782991727193,25.367393136024475,0.00042544081225059927,7.172306060791016
3477,-5.702127659574472,94,83,0.8829787234042553,-44.69126159024526,103.14645165133189,0.0004254211962688714,5.519755840301514
3478,-1.782608695652172,92,83,0.9021739130434783,-26.352834853781275,37.85070033245776,0.00043041029130108654,10.151588439941406
3479,46.3611111111111,48,46,0.9436111111111111,-52.708814636602376,283.21505978902184,0.0007664986187592149,74.32910919189453
3480,41.01282051282051,52,49,0.9301282051282052,-16.01124715010325,28.993488097190856,0.0007762608001939952,12.811300277709961
3481,-121.04012345679013,216,206,0.9495987654320988,-29.523289297247306,49.79975609588623,0.0007791488897055387,10.695316314697266
3482,-10.320754716981128,106,102,0.9567924528301887,25.36917987940833,48.699422178268435,0.0007738347048871219,4.094627380371094
3483,40.91358024691358,54,52,0.9491358024691358,72.54023928840955,573.898725382487,0.0015498781576752663,113.1523208618164
3484,-10.691823899371073,106,102,0.9530817610062893,33.388902992844585,81.498555519104,0.0015535318525508046,6.688170909881592
3485,-5.702127659574472,94,83,0.8829787234042553,-9.81217061372167,5.197158118328416,0.0015511467354372144,1.0470348596572876
3486,-3.7526881720430083,93,83,0.8924731182795699,-5.674019240830318,1.9474292702105152,0.00154917873442173,1.9748626947402954
3487,59.33333333333334,24,20,0.8333333333333334,22.707207282384235,54.01056537628174,0.001549209700897336,11.374610900878906
3488,46.90909090909091,44,40,0.9090909090909091,60.65619590381781,273.4074021657308,0.0015374450013041496,12.601198196411133
3489,43.888888888888886,45,40,0.8888888888888888,34.40236337184906,89.73091487884521,0.0015442547155544162,9.618799209594727
3490,-12.271028037383175,107,102,0.9472897196261683,-28.858420796215533,62.01948420715332,0.0015435542445629835,1.7744629383087158
3491,63.95652173913044,23,20,0.8695652173913043,-1.661143028239409,0.34932542440753117,0.001541165984235704,1.204979658126831
3492,-12.827160493827165,108,104,0.9517283950617283,-44.06466722288169,147.79040991210937,0.0017730655381456017,63.43197250366211
3493,-8.647435897435898,104,100,0.9535256410256411,-39.41782480680943,117.80642160034179,0.0018296296475455165,33.02894973754883
3494,-5.702127659574472,94,83,0.8829787234042553,-74.4690911988896,276.2998127764966,0.0018290653824806213,1.706011176109314
3495,68.9090909090909,22,20,0.9090909090909091,-4.4421178692951795,1.9341147519648074,0.0018293088069185615,5.395754337310791
3496,68.9090909090909,22,20,0.9090909090909091,-2.5453053683120137,0.7121347481423679,0.0018272632732987404,1.7689006328582764
3497,-119.61085271317829,215,206,0.9538914728682171,-15.508657489169389,13.168523782397504,0.001841378048993647,18.27054214477539
3498,40.95652173913044,46,40,0.8695652173913043,-29.069600280125936,61.2166989326477,0.0018531291279941797,14.689797401428223
3499,40.95652173913044,46,40,0.8695652173913043,-16.379196791847548,18.89543633858363,0.0018594748107716441,9.344425201416016
3500,42.294117647058826,51,48,0.9329411764705883,-13.911333737770716,18.885204156239826,0.001863627228885889,6.686261177062988
3501,-115.71090047393365,211,202,0.9528909952606635,43.328341541290285,96.4506116027832,0.0018802981358021498,17.49881935119629
3502,-113.00961538461539,208,198,0.9499038461538462,45.716824535369874,103.13633445739747,0.0018866071477532387,8.130057334899902
3503,-1.782608695652172,92,83,0.9021739130434783,16.239901947927283,12.56419326023883,0.0018863389268517494,1.4206105470657349
3504,-112.12179487179488,208,200,0.9587820512820513,31.22628478952497,47.27473826217651,0.0018886229954659939,11.135144233703613
3505,-12.840978593272169,109,105,0.9615902140672783,30.32835355117172,65.57072512817383,0.0019010734977200627,15.247513771057129
3506,59.33333333333334,24,20,0.8333333333333334,12.60762815475464,16.88391545613607,0.001896608155220747,3.8585658073425293
3507,-10.377358490566039,106,102,0.9562264150943396,21.748778747141362,31.03970404815674,0.0018992122495546937,7.97166633605957
3508,63.95652173913044,23,20,0.8695652173913043,28.574882094065348,73.58025754292807,0.0019457750022411346,29.389766693115234
3509,-9.237179487179489,104,99,0.9476282051282051,7.537172723414376,4.176830684291257,0.0019462676718831062,5.782221794128418
3510,46.3611111111111,48,46,0.9436111111111111,9.89505375077327,12.97270571788152,0.0019550856668502092,13.244754791259766
3511,45.733333333333334,50,48,0.9573333333333334,8.605805430499215,9.811534071294592,0.0019677653908729553,12.116357803344727
3512,-11.710280373831779,107,103,0.9528971962616822,-17.50165666794777,21.796237869262697,0.0019956936594098806,24.67401695251465
3513,43.888888888888886,45,40,0.8888888888888888,-3.6300310180988165,0.9730777182921884,0.001991334604099393,1.4273126125335693
3514,38.369696969696975,55,52,0.9336969696969697,-29.776962027947107,78.84026247660319,0.002146243816241622,53.47798538208008
3515,44.373333333333335,50,48,0.9437333333333333,-31.45892414705207,88.03771104812623,0.002164127305150032,20.379545211791992
3516,43.888888888888886,45,40,0.8888888888888888,8.094993380705516,5.173651384313901,0.0021645694505423307,3.1988508701324463
3517,-7.631578947368411,95,83,0.8736842105263158,-40.23089335338179,77.87558265287713,0.002168749924749136,11.878293991088867
3518,-112.82456140350878,209,202,0.9617543859649123,-128.53238973379135,792.2944096679687,0.0035835723392665386,148.6887664794922
3519,-118.15264797507788,214,206,0.9584735202492212,-118.35257672953605,677.7442124023438,0.00413280026987195,92.77770233154297
3520,41.52287581699346,51,48,0.9252287581699347,47.7403866370519,214.96856880187988,0.004247304517775774,45.62574005126953
3521,46.3611111111111,48,46,0.9436111111111111,61.52892794311047,389.83564987182615,0.004556029103696346,69.42674255371094
3522,46.90909090909091,44,40,0.9090909090909091,81.0059828599294,473.30429712931317,0.004770403727889061,58.77384567260742
3523,43.704402515723274,53,52,0.9670440251572328,48.05160758122802,246.07374216715496,0.004870752338320017,41.881378173828125
3524,44.359477124183016,51,49,0.9535947712418301,0.37055140796195096,0.6240338745332944,0.004867438226938248,3.4539401531219482
3525,38.369696969696975,55,52,0.9336969696969697,-40.07615845600764,159.7375633875529,0.005083960946649313,59.85417556762695
3526,-108.12418300653596,204,196,0.9587581699346405,24.251497261404992,33.88154280424118,0.00508707482367754,9.287833213806152
3527,40.95652173913044,46,40,0.8695652173913043,-59.22387212912242,259.2382348378499,0.0051742740906775,37.87003707885742
3528,-10.691823899371073,106,102,0.9530817610062893,-22.364195280909538,37.75780569458008,0.0051749409176409245,4.5276689529418945
3529,-12.214953271028037,107,102,0.9478504672897197,-23.852228743556886,43.392777572631836,0.0052015334367752075,21.169475555419922
3530,44.373333333333335,50,48,0.9437333333333333,-71.2497086716195,551.5969332377116,0.006259457673877478,131.20176696777344
3531,-12.271028037383175,107,102,0.9472897196261683,2.5750221338048576,1.53146238958888,0.006258524954319,0.8442907929420471
3532,-113.5805422647528,209,200,0.954194577352472,99.54905613654851,542.6349348144531,0.006303715519607067,26.15017318725586
3533,-10.691823899371073,106,102,0.9530817610062893,29.32779017162323,70.51318899536133,0.006303709466010332,5.383755683898926
3534,-11.081761006289312,106,101,0.9491823899371069,25.71537128031254,52.088883796691896,0.006297190673649311,9.684181213378906
3535,47.29931972789116,49,48,0.9629931972789115,21.980054350506787,58.228238582611084,0.006310375407338142,15.008938789367676
3536,-10.320754716981128,106,102,0.9567924528301887,18.12563760137558,27.983588356018068,0.006314085330814123,8.967337608337402
3537,-118.16510903426791,214,206,0.9583489096573209,25.867050939008593,39.16047926114313,0.006310255732387304,7.667128086090088
3538,-8.784126984126985,105,102,0.9621587301587302,5.72468273118313,3.259423476799391,0.006306601222604513,3.4917328357696533
3539,-11.081761006289312,106,101,0.9491823899371069,-12.605100682377815,14.131022520065308,0.006308034062385559,3.8787665367126465
3540,38.1063829787234,47,40,0.851063829787234,-6.335914846261343,2.801299682445824,0.006307914387434721,1.307753324508667
3541,42.85620915032679,51,48,0.938562091503268,-21.229312795243946,45.30064851442973,0.006365756504237652,31.055652618408203
3542,46.3611111111111,48,46,0.9436111111111111,-15.975801012044151,31.62371248404185,0.006368338596075773,5.869813442230225
3543,63.95652173913044,23,20,0.8695652173913043,10.377668573458989,12.742797009150188,0.006365903653204441,4.932594299316406
3544,43.888888888888886,45,40,0.8888888888888888,24.974481015404066,48.49229650497436,0.006363912019878626,1.9381619691848755
3545,-12.840978593272169,109,105,0.9615902140672783,-23.959388175662113,47.065908866882324,0.006365168374031782,11.603363990783691
3546,40.95652173913044,46,40,0.8695652173913043,18.39453492782389,25.55938450495402,0.00636251037940383,1.7818845510482788
3547,63.95652173913044,23,20,0.8695652173913043,17.176774948835373,32.607491938273114,0.0063770245760679245,16.605329513549805
3548,63.95652173913044,23,20,0.8695652173913043,15.250253965457281,26.18120403289795,0.006376956589519978,3.9440436363220215
3549,-3.7526881720430083,93,83,0.8924731182795699,-31.51542952643281,53.66416226429154,0.006362891755998135,5.373744964599609
3550,46.90909090909091,44,40,0.9090909090909091,32.38945849537849,83.39364852905274,0.006359003018587828,1.8569821119308472
3551,43.888888888888886,45,40,0.8888888888888888,17.333365104099116,24.121267334620157,0.006343882065266371,5.819474697113037
3552,46.90909090909091,44,40,0.9090909090909091,21.022237325956425,35.56489086151123,0.006350795738399029,10.420546531677246
3553,-3.7526881720430083,93,83,0.8924731182795699,-51.313720415873696,138.29893132098707,0.00636129779741168,16.23417091369629
3554,-3.7526881720430083,93,83,0.8924731182795699,-52.97540469341968,150.7113246381522,0.006333591882139444,6.629867076873779
3555,-9.177777777777777,105,101,0.9582222222222222,-32.50933710032055,83.03366387939454,0.006337016820907593,10.19698715209961
3556,42.294117647058826,51,48,0.9329411764705883,-32.671126727263136,127.01224238077799,0.006325724069029093,3.500976800918579
3557,44.69333333333333,50,48,0.9469333333333333,-13.2287056063833,20.293675371011098,0.006323584355413914,5.995058536529541
3558,-7.631578947368411,95,83,0.8736842105263158,-38.97958031619888,78.91955722670957,0.0063274516724050045,10.615882873535156
3559,-5.702127659574472,94,83,0.8829787234042553,-20.592405615082708,23.19335161538488,0.006327939219772816,3.815882444381714
3560,-8.647435897435898,104,100,0.9535256410256411,12.222676829613745,12.210591620445252,0.006257301662117243,2.3302299976348877
3561,40.95652173913044,46,40,0.8695652173913043,55.27032412687937,240.20448570251466,0.006272600963711739,16.988983154296875
3562,63.95652173913044,23,20,0.8695652173913043,45.74702022870382,236.8052179972331,0.006246936973184347,15.11341381072998
3563,-10.937694704049846,107,104,0.9606230529595016,21.299445109396125,38.409107915878295,0.00624688109382987,6.272972106933594
3564,-118.16510903426791,214,206,0.9583489096573209,-75.83739196770824,383.34890969848635,0.006238461006432772,9.325169563293457
3565,43.888888888888886,45,40,0.8888888888888888,54.29615305274104,229.4251703898112,0.006242217030376196,9.056990623474121
3566,59.33333333333334,24,20,0.8333333333333334,3.474518716832002,1.9149455451406538,0.006243509240448475,3.2368013858795166
3567,-5.702127659574472,94,83,0.8829787234042553,-11.283580708575537,7.143975255001022,0.0062437644228339195,2.5802371501922607
3568,63.95652173913044,23,20,0.8695652173913043,-1.4054824377565334,0.7036678930203683,0.006237977184355259,0.6015602350234985
3569,46.06666666666666,50,49,0.9606666666666667,7.908040497553399,9.535130433241527,0.006218282971531153,1.6048119068145752
3570,-3.7526881720430083,93,83,0.8924731182795699,-9.986236294349991,6.524425088401779,0.006218416150659323,2.1076595783233643
3571,41.09876543209876,54,52,0.9509876543209876,-8.443754190759645,8.479254891475042,0.006202861666679382,4.742930889129639
3572,40.814814814814824,54,52,0.9481481481481482,-12.742456421298751,21.28650840918223,0.006203359924256802,2.652650833129883
3573,41.062893081761004,53,51,0.94062893081761,-17.127462567191106,40.23467237154643,0.006208388134837151,9.048691749572754
3574,43.83660130718954,51,49,0.9483660130718954,-10.577593203550562,12.977010693152746,0.006208800245076418,3.4251997470855713
3575,-1.782608695652172,92,83,0.9021739130434783,6.880979708519911,2.8177157493935145,0.006208318285644054,1.8259687423706055
3576,-3.7526881720430083,93,83,0.8924731182795699,1.713518443296712,0.5293713460833901,0.006205378565937281,0.5784616470336914
3577,40.95652173913044,46,40,0.8695652173913043,19.52834817568461,30.688244533538818,0.0062035019509494305,5.777271270751953
3578,43.18300653594771,51,49,0.9418300653594771,13.929598223169645,24.765893014272056,0.006197935435920954,5.107089042663574
3579,-12.214953271028037,107,102,0.9478504672897197,25.492216732501984,52.76890005493164,0.005868953187018633,11.748991966247559
3580,40.95652173913044,46,40,0.8695652173913043,13.519624356428782,15.151097623507182,0.005859022960066795,2.972245693206787
3581,-114.28253968253969,210,202,0.9571746031746031,17.45481275940314,23.63747697331023,0.005853130482137203,3.4212307929992676
3582,-118.6822429906542,214,204,0.9531775700934579,-0.44577710250765085,10.184534824248985,0.005852814763784409,1.1196812391281128
3583,-114.28253968253969,210,202,0.9571746031746031,3.7200661479840056,5.932052160182036,0.00503825256600976,0.8915988206863403
3584,63.95652173913044,23,20,0.8695652173913043,-26.204745054244995,79.02681999206543,0.005039426032453775,8.745341300964355
3585,-7.317152103559877,103,99,0.9568284789644013,12.05227504231994,12.589460026293994,0.005039960611611605,1.2114726305007935
3586,63.95652173913044,23,20,0.8695652173913043,-24.898859446744122,67.40514322916667,0.005039428826421499,5.389793872833252
3587,41.01282051282051,52,49,0.9301282051282052,-39.95346851348877,191.47620061238607,0.0050307754427194595,8.571304321289062
3588,-10.937694704049846,107,104,0.9606230529595016,9.745750513930464,9.233631905660065,0.0050188289023935795,2.6575028896331787
3589,-1.782608695652172,92,83,0.9021739130434783,2.986808121067857,0.8132732037703979,0.005016267765313387,0.1712806671857834
3590,41.52564102564102,52,49,0.9352564102564103,5.246905499976128,3.7561322992046673,0.005019563250243664,7.890371799468994
3591,-1.782608695652172,92,83,0.9021739130434783,9.82094326889494,5.439715895308069,0.005018743686378002,1.5797823667526245
3592,-5.702127659574472,94,83,0.8829787234042553,-5.042580412872824,1.7956484342255745,0.004747635684907436,0.18101385235786438
3593,43.83660130718954,51,49,0.9483660130718954,32.91748342025482,145.62985483805338,0.004709821194410324,26.450586318969727
3594,43.888888888888886,45,40,0.8888888888888888,44.76175206800302,166.09375686645507,0.004724896978586912,17.643022537231445
3595,38.369696969696975,55,52,0.9336969696969697,16.799025925047076,34.62722938855489,0.004726658575236797,6.1737380027771
3596,40.95652173913044,46,40,0.8695652173913043,11.043678222309488,10.262242555618286,0.0047257025726139545,2.8701839447021484
3597,-3.7526881720430083,93,83,0.8924731182795699,-16.68441661869187,15.704023334395933,0.004713102243840694,1.9561525583267212
3598,-119.5984496124031,215,206,0.954015503875969,-46.02368013572693,123.66557553100586,0.004694459028542042,4.319084644317627
3599,40.95652173913044,46,40,0.8695652173913043,-26.599999929964543,52.53353312810262,0.004695577081292868,13.310680389404297
3600,-5.702127659574472,94,83,0.8829787234042553,-41.96222715124667,98.50803621897256,0.0046969628892838955,2.4481704235076904
3601,-10.377358490566039,106,102,0.9562264150943396,-8.475511163461022,7.3630520864725115,0.0046846563927829266,4.202800750732422
3602,-5.702127659574472,94,83,0.8829787234042553,-34.404385942846055,70.66623920609194,0.004687330219894648,8.124874114990234
3603,-108.07843137254902,204,196,0.9592156862745098,6.987650555251166,17.379008546195575,0.004686887841671705,1.2428702116012573
3604,-10.691823899371073,106,102,0.9530817610062893,2.321995588347316,1.5739877448074986,0.004683838225901127,0.6147722601890564
3605,63.95652173913044,23,20,0.8695652173913043,8.648177854375293,9.00355056921641,0.004671464208513498,2.8363568782806396
3606,63.95652173913044,23,20,0.8695652173913043,8.962777776395281,11.15317333539327,0.004672648850828409,6.94556999206543
3607,-3.7526881720430083,93,83,0.8924731182795699,-7.90713391055065,3.9754952617199066,0.004665474407374859,1.2853679656982422
3608,-110.83252818035427,207,200,0.9616747181964573,35.17229217230447,80.398080909729,0.004600448999553919,3.518974542617798
3609,-3.7526881720430083,93,83,0.8924731182795699,-6.643440627013277,2.9198701937035865,0.0045966110192239285,0.8789642453193665
3610,-111.55072463768116,207,198,0.9544927536231884,18.27117365923636,21.13356899547577,0.00458878418430686,1.1034139394760132
3611,41.52564102564102,52,49,0.9352564102564103,-7.889591306867078,8.319689402977625,0.004587533418089151,6.498879432678223
3612,-5.702127659574472,94,83,0.8829787234042553,-15.932802620063345,14.765293293688671,0.004540309309959412,5.001823902130127
3613,-14.715151515151518,110,105,0.9528484848484848,7.188265421884134,6.729981950352201,0.004543079994618893,4.488616943359375
3614,40.95652173913044,46,40,0.8695652173913043,9.906217290957768,8.294634036223094,0.004342350177466869,1.6649080514907837
3615,40.91358024691358,54,52,0.9491358024691358,6.008383170583207,4.975065365930399,0.004311383236199617,3.7402517795562744
3616,-10.880503144654085,106,101,0.9511949685534591,7.24943227452226,5.818425676902887,0.00431301724165678,2.6768155097961426
3617,-8.134615384615387,104,100,0.9586538461538462,12.29235406724026,13.131068206012248,0.0042976997792720795,0.7328372001647949
3618,63.95652173913044,23,20,0.8695652173913043,7.179009741870686,6.860197106997172,0.003006738144904375,3.094770669937134
3619,-9.177777777777777,105,101,0.9582222222222222,4.644491509103216,2.81117999034893,0.0025072703137993813,3.021732807159424
3620,68.9090909090909,22,20,0.9090909090909091,16.94847491234541,37.96098327636719,0.002364931395277381,4.179492473602295
3621,44.373333333333335,50,48,0.9437333333333333,-26.016110506750678,90.56897068023682,0.002129302592948079,25.77042579650879
3622,63.95652173913044,23,20,0.8695652173913043,-0.42493989191328485,0.21679965501340728,0.0019290780182927847,0.1690424233675003
3623,46.90909090909091,44,40,0.9090909090909091,8.683870648096006,6.714634782075882,0.0018143447814509273,2.366654396057129
3624,-14.715151515151518,110,105,0.9528484848484848,-10.593539136201143,13.630555394172669,0.0018132786499336362,4.30313777923584
3625,63.95652173913044,23,20,0.8695652173913043,-1.3245940022170544,0.3636740735217851,0.001604856108315289,0.31267088651657104
3626,-12.271028037383175,107,102,0.9472897196261683,-8.848354938924313,9.35813411474228,0.0015985288191586733,1.2449443340301514
3627,68.9090909090909,22,20,0.9090909090909091,13.135965590489407,22.32259407043457,0.0015031268121674657,3.4678385257720947
3628,-109.59186991869919,205,196,0.9540813008130081,-42.964525376558306,128.81495222473146,0.0015133214183151722,14.705195426940918
3629,-3.7526881720430083,93,83,0.8924731182795699,-14.3469411833324,11.462217489878336,0.0014902475522831082,1.2487903833389282
3630,-3.7526881720430083,93,83,0.8924731182795699,-11.570418379164813,7.930941911107565,0.0004465423116926104,1.7481660842895508
3631,-112.79904306220095,209,202,0.9620095693779904,-11.736842666943474,20.971801175365922,0.0004470792773645371,3.259446620941162
3632,-112.12179487179488,208,200,0.9587820512820513,-2.7200815337002275,10.091088853023946,0.0004037463222630322,3.179356575012207
3633,44.228758169934636,51,49,0.9522875816993464,12.743598304549232,21.88675940434138,0.0004029927949886769,2.7175333499908447
3634,-5.702127659574472,94,83,0.8829787234042553,-9.17546638542315,4.948501934009384,0.00039798617945052683,2.857395887374878
3635,-114.28253968253969,210,202,0.9571746031746031,20.650645114896818,25.470140384985132,0.0003846459148917347,1.035812497138977
3636,-3.7526881720430083,93,83,0.8924731182795699,1.103286677694236,0.42606458586128654,0.0003800505946855992,0.31266772747039795
3637,68.9090909090909,22,20,0.9090909090909091,6.861143712947766,6.420400842030843,0.0003768204478546977,3.1679329872131348
3638,41.09876543209876,54,52,0.9509876543209876,14.731155924769034,27.130824327468872,0.0003760054532904178,1.146871566772461
3639,40.95652173913044,46,40,0.8695652173913043,7.596298452218374,4.913011958201726,0.0003751741023734212,1.938478708267212
3640,-1.782608695652172,92,83,0.9021739130434783,2.8673194145856717,0.724951138442599,0.00037512872950173914,0.4104957580566406
3641,43.888888888888886,45,40,0.8888888888888888,4.0597970455884935,1.855555871563653,0.00031516075250692666,0.5438750386238098
3642,42.85620915032679,51,48,0.938562091503268,-26.84630949989854,86.80167109171549,0.00031918223248794675,10.280935287475586
3643,-11.471698113207552,106,101,0.9452830188679245,6.938845599491149,5.261679350169608,0.00031803990714251995,0.5295036435127258
3644,40.95652173913044,46,40,0.8695652173913043,-10.428720477658013,8.034478155275186,0.00031796059920452535,1.0982016324996948
3645,-113.00961538461539,208,198,0.9499038461538462,20.431553250435506,27.587235489845277,0.0003093313134741038,2.2196407318115234
3646,-7.631578947368411,95,83,0.8736842105263158,-23.456476133144704,30.749617641709417,0.000310454866848886,5.0085930824279785
3647,-5.702127659574472,94,83,0.8829787234042553,-13.328044852099744,10.247891091917413,0.0002944488078355789,1.054976463317871
3648,-5.702127659574472,94,83,0.8829787234042553,-12.085763115480722,8.202786528920553,0.0002937974641099572,2.3611395359039307
3649,43.83660130718954,51,49,0.9483660130718954,0.10081939715610133,0.6383824454780551,0.00029166997410357,0.6464671492576599
3650,63.95652173913044,23,20,0.8695652173913043,-14.524565066645543,23.8991943359375,0.00029174593510106206,2.515862226486206
3651,40.95652173913044,46,40,0.8695652173913043,16.179921269168457,20.05402307510376,0.0002899572718888521,2.878183364868164
3652,63.95652173913044,23,20,0.8695652173913043,-9.655537974586089,10.4356738726298,0.00028391374507918954,1.0141960382461548
3653,40.95652173913044,46,40,0.8695652173913043,20.693195348232983,32.73667581876119,0.0002674564311746508,1.5049948692321777
3654,-7.631578947368411,95,83,0.8736842105263158,-10.66051393723392,6.846534556653126,0.00026521176914684474,0.9140140414237976
3655,-111.55072463768116,207,198,0.9544927536231884,21.047359577354364,26.412126720428468,0.00026108065503649414,5.32877779006958
3656,40.95652173913044,46,40,0.8695652173913043,18.343984973678985,26.556624841690063,0.00026258526486344635,5.877731800079346
3657,-11.081761006289312,106,101,0.9491823899371069,23.93290433883667,42.359699153900145,0.00027133000548928976,13.547052383422852
3658,43.888888888888886,45,40,0.8888888888888888,18.4599507411321,26.52954994837443,0.0002656781580299139,3.752807855606079
3659,-5.702127659574472,94,83,0.8829787234042553,-14.50135424182597,11.653824237455805,0.00026537111261859536,3.477735996246338
3660,-3.7526881720430083,93,83,0.8924731182795699,-10.158726614282791,6.820771097179398,0.0002654084819369018,1.5624524354934692
3661,-14.61212121212121,110,106,0.9538787878787879,0.43712315170373767,2.1710451515284075,0.00024702612427063286,0.796630322933197
3662,-8.974603174603175,105,101,0.9602539682539682,8.3346232865483,6.49315401114244,0.00023236835841089487,2.5176475048065186
3663,63.95652173913044,23,20,0.8695652173913043,-16.441636372109254,32.154914728800456,0.00023184949532151222,6.540672779083252
3664,-5.702127659574472,94,83,0.8829787234042553,-36.23430064284658,74.9033175931877,0.00022779095161240548,2.879526376724243
3665,-12.769470404984418,107,101,0.9423052959501558,-10.211181102930336,10.256702208518982,0.00022502006322611123,6.204004287719727
3666,-16.47147147147146,111,106,0.9452852852852853,-12.358993745820596,15.680160756111144,0.000224650590098463,1.2647552490234375
3667,44.228758169934636,51,49,0.9522875816993464,-27.896038207574044,91.70501073201497,0.00023361208150163293,11.846372604370117
3668,63.95652173913044,23,20,0.8695652173913043,-2.492855223764976,0.7247743526163201,0.0002343393862247467,3.0511176586151123
3669,-3.7526881720430083,93,83,0.8924731182795699,-3.744551435154096,1.121421517442856,0.00023429043358191848,0.8024278283119202
3670,-3.7526881720430083,93,83,0.8924731182795699,0.45808053702998713,0.27583682948308735,0.0002341784129384905,0.25154420733451843
3671,-10.691823899371073,106,102,0.9530817610062893,25.244571138381957,51.032053855895995,0.0002658787416294217,22.84776496887207
3672,-14.715151515151518,110,105,0.9528484848484848,22.45902879772602,41.06345302581787,0.00026542803971096873,1.6478136777877808
3673,-117.3129890453834,213,204,0.9568701095461659,-35.633106516109024,76.30642417144776,0.00027500028954818845,15.541181564331055
3674,-113.00961538461539,208,198,0.9499038461538462,-30.4327716607342,52.48818499755859,0.00027705056709237397,7.036874294281006
3675,41.01282051282051,52,49,0.9301282051282052,29.769396691873165,104.76194432576497,0.0002771235886029899,1.7174293994903564
3676,-8.782051282051285,104,100,0.9521794871794872,35.58716550533474,101.6913772277832,0.0002784462121780962,4.442435264587402
3677,68.9090909090909,22,20,0.9090909090909091,34.77010546792299,126.98196525573731,0.00030699680792167783,22.445993423461914
3678,-114.28253968253969,210,202,0.9571746031746031,-3.110073558194981,2.035034687620937,0.0003057049761991948,0.6073889136314392
3679,46.90909090909091,44,40,0.9090909090909091,38.652605322779465,118.62931149800619,0.00029982649721205235,6.929717063903809
3680,40.91358024691358,54,52,0.9491358024691358,0.2508786732098088,0.32614038732681366,0.0002994371752720326,0.9715096354484558
3681,-3.7526881720430083,93,83,0.8924731182795699,-12.819311192117063,9.842672512713206,0.0002998070849571377,3.543670892715454
3682,-3.7526881720430083,93,83,0.8924731182795699,-19.428813084062323,21.93903221566993,0.0003008883504662663,3.895460844039917
3683,-10.691823899371073,106,102,0.9530817610062893,-3.3658383469071707,2.830596711932831,0.0003011281951330602,1.5891193151474
3684,40.95652173913044,46,40,0.8695652173913043,-43.530714670817055,143.25343901316324,0.00030270862043835223,9.562007904052734
3685,-114.28253968253969,210,202,0.9571746031746031,-0.18372230168670284,3.6601822880476247,0.0003026219492312521,0.3300081193447113
3686,63.95652173913044,23,20,0.8695652173913043,-23.047600057224432,59.05493977864583,0.0003042709140572697,7.232863426208496
3687,45.733333333333334,50,48,0.9573333333333334,-33.4416960591916,120.80524552663168,0.0003109301324002445,13.346550941467285
3688,44.359477124183016,51,49,0.9535947712418301,-15.290521287416535,29.77855096658071,0.0003353083739057183,20.25680923461914
3689,-12.214953271028037,107,102,0.9478504672897197,12.899589929366485,13.643801264479757,0.0003353531355969608,0.9042177796363831
3690,-3.7526881720430083,93,83,0.8924731182795699,3.138887706560543,0.7110866713824344,0.00033178608282469213,0.9740653038024902
3691,68.9090909090909,22,20,0.9090909090909091,27.56626718789339,101.15300941467285,0.00033726051333360374,9.661349296569824
3692,63.95652173913044,23,20,0.8695652173913043,19.798627521563322,45.475172742207846,0.0003400782588869333,6.539226055145264
3693,-5.702127659574472,94,83,0.8829787234042553,4.0871988728457325,1.07657274377408,0.0002960695419460535,1.0822057723999023
3694,63.95652173913044,23,20,0.8695652173913043,20.325888148943584,43.3704093615214,0.0002902259584516287,15.946497917175293
3695,43.73202614379085,51,49,0.9473202614379085,36.33583235541652,168.33192698160806,0.0002887937589548528,3.8491010665893555
3696,41.52564102564102,52,49,0.9352564102564103,16.080693343281744,30.278127845128378,0.00028847987414337695,3.3728408813476562
3697,-10.880503144654085,106,101,0.9511949685534591,14.882503875799477,18.052208310604094,0.000289042858639732,3.094031810760498
3698,63.95652173913044,23,20,0.8695652173913043,-12.676184081037839,16.8206250111262,0.000288242066744715,2.543855905532837
3699,-111.00970873786409,206,196,0.9499029126213592,10.167748446819838,9.428122174778254,0.00027829973259940743,0.3124174475669861
3700,-114.35873015873017,210,201,0.9564126984126984,2.242774290236339,3.3176941259105224,0.00027778244111686945,0.09733064472675323
3701,43.888888888888886,45,40,0.8888888888888888,-55.21225639979045,213.5381554921468,0.0003208430134691298,26.680097579956055
3702,44.373333333333335,50,48,0.9437333333333333,-85.51141941753437,776.521327718099,0.0009310424793511629,99.70941162109375
3703,-11.710280373831779,107,103,0.9528971962616822,-9.167164180545601,9.084562326431275,0.000931480317376554,2.729973077774048
3704,-16.47147147147146,111,106,0.9452852852852853,-5.564321637231856,6.24904002752139,0.0009317881194874644,1.866070032119751
3705,-9.811320754716988,106,103,0.9618867924528302,23.31754104415719,44.32467991447449,0.0009323678095825016,4.759161472320557
3706,46.3611111111111,48,46,0.9436111111111111,34.54219424513188,148.31107222239177,0.0009306423016823828,3.6114821434020996
3707,63.95652173913044,23,20,0.8695652173913043,32.361333988110225,126.15135854085287,0.0011044683633372188,53.57223129272461
3708,43.888888888888886,45,40,0.8888888888888888,62.029298879702885,293.1289176940918,0.0011152875376865268,13.075912475585938
3709,40.95652173913044,46,40,0.8695652173913043,42.62915208339691,140.80703875223796,0.0011306741507723927,15.248353958129883
3710,-3.7526881720430083,93,83,0.8924731182795699,-4.950384170894163,1.7090324695151016,0.0011306426022201777,0.5005288124084473
3711,-14.715151515151518,110,105,0.9528484848484848,1.1659405170194805,4.12794517139894,0.0011285647051408887,3.2961769104003906
3712,-3.7526881720430083,93,83,0.8924731182795699,-16.437501675632586,15.673099833798696,0.001128158881329,4.39329719543457
3713,-12.827160493827165,108,104,0.9517283950617283,-11.331059547483921,14.000007049560548,0.0011271219700574875,2.8167200088500977
3714,-9.237179487179489,104,99,0.9476282051282051,-11.146752396702766,12.361187189102173,0.001127201016061008,1.0826860666275024
3715,-14.61212121212121,110,106,0.9538787878787879,-18.910144949328096,33.68406812286377,0.0011302297934889793,8.199995040893555
3716,-106.60591133004927,203,196,0.9639408866995074,4.428392185918056,1.6498009541007923,0.0011299445759505033,0.729254961013794
3717,-12.827160493827165,108,104,0.9517283950617283,-18.83327112398931,33.368728408813475,0.0011302706552669406,2.8023717403411865
3718,43.888888888888886,45,40,0.8888888888888888,-7.588678520462418,4.180404424325873,0.0011300952173769474,2.419304132461548
3719,-114.35873015873017,210,201,0.9564126984126984,-11.216560933352739,8.362573237419129,0.0011294754222035408,1.048193335533142
3720,63.95652173913044,23,20,0.8695652173913043,-4.498282821796602,2.2986497435107593,0.001129063661210239,4.221914768218994
3721,40.95652173913044,46,40,0.8695652173913043,-15.968727173904577,19.029060117403667,0.001086163567379117,0.7897525429725647
3722,40.91358024691358,54,52,0.9491358024691358,-20.062762356314003,59.60608278910319,0.0011249211383983493,24.368589401245117
3723,-117.23474178403755,213,204,0.9576525821596245,3.3918616040488705,1.5717596373829292,0.0011243707267567515,0.8875283598899841
3724,42.85620915032679,51,48,0.938562091503268,-12.578926098808143,19.783096146583556,0.0011237252037972212,3.2057876586914062
3725,-110.65861513687601,207,200,0.9634138486312399,30.190927756401898,57.1359167098999,0.0011311671696603298,11.68896484375
3726,63.95652173913044,23,20,0.8695652173913043,15.511532763764261,32.02146361668905,0.0011360705830156803,9.587984085083008
3727,59.33333333333334,24,20,0.8333333333333334,5.144133754571279,3.15009623169899,0.0011396055342629552,7.510122299194336
3728,-115.86163522012578,212,204,0.9613836477987422,18.879207772340287,22.178708732117432,0.0011247977381572127,1.6302847862243652
3729,63.95652173913044,23,20,0.8695652173913043,21.98326023419698,54.71225541432698,0.0011406727135181427,15.343033790588379
3730,-5.702127659574472,94,83,0.8829787234042553,-6.4233354066749175,2.7089370006179236,0.001140408217906952,0.3576173782348633
3731,-8.647435897435898,104,100,0.9535256410256411,24.82365579789877,52.37241860961914,0.0011404170654714108,4.715574741363525
3732,-3.7526881720430083,93,83,0.8924731182795699,-0.45414657780833273,0.35303418803654546,0.0011394725879654288,0.07493986934423447
3733,43.83660130718954,51,49,0.9483660130718954,17.865390188757374,42.873085991541544,0.0011491056066006422,13.26343822479248
3734,40.95652173913044,46,40,0.8695652173913043,19.029664556930463,28.05081272125244,0.0011530513875186443,9.229949951171875
3735,-114.35873015873017,210,201,0.9564126984126984,-31.35803810814768,62.63359930801391,0.0011550439521670341,4.881793975830078
3736,43.888888888888886,45,40,0.8888888888888888,15.683211264883479,20.243633580207824,0.0011567567707970738,4.570906162261963
3737,40.814814814814824,54,52,0.9481481481481482,-8.942423776971797,11.386427474021911,0.0011564389569684863,2.843433380126953
3738,68.9090909090909,22,20,0.9090909090909091,11.51214903195699,16.67622683842977,0.001157585997134447,3.690420627593994
3739,-7.631578947368411,95,83,0.8736842105263158,-39.76055111169037,91.24362734139683,0.0011669028317555785,11.74301815032959
3740,63.95652173913044,23,20,0.8695652173913043,-9.692413576816518,9.999014008045197,0.0011671568499878049,1.8876711130142212
3741,41.09876543209876,54,52,0.9509876543209876,-22.151533196541518,57.9392786026001,0.0011899019591510296,19.323652267456055
3742,-108.12418300653596,204,196,0.9587581699346405,-16.431197411327158,17.541370030403137,0.0011824198300018907,2.324307441711426
3743,-8.134615384615387,104,100,0.9586538461538462,6.3740622366748285,4.296094784578192,0.0011827481212094426,3.628239870071411
3744,43.18300653594771,51,49,0.9418300653594771,-11.26326161424319,17.293810923894245,0.0011829701252281666,1.8296948671340942
3745,-115.86163522012578,212,204,0.9613836477987422,-1.9255753690249549,1.6289436434675009,0.0011824230896309018,0.19715791940689087
3746,-7.631578947368411,95,83,0.8736842105263158,-22.22993057678981,27.136907654114996,0.0011804993264377117,2.0652010440826416
3747,43.888888888888886,45,40,0.8888888888888888,32.81103949888299,81.59695593516032,0.0011922126868739724,12.809471130371094
3748,-108.07843137254902,204,196,0.9592156862745098,28.179251385201685,46.75433092880249,0.0011924561113119125,2.0217812061309814
3749,-113.75279106858054,209,200,0.9524720893141946,12.267064751966856,9.065278129099053,0.0011931501794606447,2.6651525497436523
3750,-115.86163522012578,212,204,0.9613836477987422,11.31838276015222,7.9681386408736,0.0011928303865715861,1.5790772438049316
3751,-8.974603174603175,105,101,0.9602539682539682,23.60321342003485,49.53225137329102,0.0011935301590710878,5.796037673950195
3752,-113.5805422647528,209,200,0.954194577352472,-9.940394094824791,6.411681558404118,0.0011935201473534107,2.817054033279419
3753,42.85620915032679,51,48,0.938562091503268,2.9429818824117775,1.9740642198545781,0.0011933997739106417,2.5098440647125244
3754,40.91358024691358,54,52,0.9491358024691358,8.26422686916776,9.321713787317275,0.0011966390302404761,6.432379722595215
3755,-10.320754716981128,106,102,0.9567924528301887,6.765571763411674,5.259592719521839,0.0011947181774303317,3.7146823406219482
3756,43.888888888888886,45,40,0.8888888888888888,12.291858292743564,12.97662675778071,0.0011934610083699226,2.5560531616210938
3757,-12.271028037383175,107,102,0.9472897196261683,-9.106629854023456,9.115820212364197,0.0011805712711066008,0.838257908821106
3758,44.373333333333335,50,48,0.9437333333333333,-22.158224195241928,67.34221121470134,0.0012000910937786102,17.407033920288086
3759,-118.15264797507788,214,206,0.9584735202492212,-49.43690862083435,153.00250178527833,0.0012136949226260185,14.2943696975708
3760,43.888888888888886,45,40,0.8888888888888888,6.729390303293864,4.296481254200141,0.0012136889854446054,1.4034533500671387
3761,-119.61085271317829,215,206,0.9538914728682171,-38.47732666017115,89.44175091552735,0.001220125937834382,11.11011028289795
3762,-14.61212121212121,110,106,0.9538787878787879,1.0236998148871863,1.5540060730341356,0.0012202528305351734,1.2993501424789429
3763,-14.61212121212121,110,106,0.9538787878787879,5.6192905555665495,3.743543485235423,0.001217205310240388,1.9350693225860596
3764,-9.177777777777777,105,101,0.9582222222222222,18.329181052932515,28.72662967681885,0.0012170647969469428,1.4566001892089844
3765,68.9090909090909,22,20,0.9090909090909091,10.191335692442953,13.755322313308715,0.0012197609758004546,7.6518988609313965
3766,-8.782051282051285,104,100,0.9521794871794872,17.644988816976547,27.6955524520874,0.0012199614429846406,2.0528576374053955
3767,43.888888888888886,45,40,0.8888888888888888,22.000626623630524,37.30117270151774,0.0012196068419143558,10.268301010131836
3768,-119.61085271317829,215,206,0.9538914728682171,36.905029452502724,82.12064297676086,0.0012278225040063262,11.524748802185059
3769,-8.647435897435898,104,100,0.9535256410256411,8.61509402161953,6.528704645633698,0.0012277800124138594,0.5253968238830566
3770,-5.702127659574472,94,83,0.8829787234042553,-26.877833986856853,38.72964554139409,0.001228865934535861,4.6070942878723145
3771,63.95652173913044,23,20,0.8695652173913043,-22.201086358726023,54.45056184132894,0.0011980761773884296,1.7039952278137207
3772,63.95652173913044,23,20,0.8695652173913043,-23.024915473535657,54.19097048441569,0.0012206729734316468,19.62091827392578
3773,0.2087912087912116,91,83,0.9120879120879121,-6.531991721097246,3.0392974999071245,0.001205305801704526,2.4664485454559326
3774,45.16,50,48,0.9516,-24.510719810674587,75.85189790725708,0.0012025758624076843,4.571859836578369
3775,-3.7526881720430083,93,83,0.8924731182795699,-20.07002885932903,22.792811439698,0.0012041231384500861,4.6505208015441895
3776,44.69333333333333,50,48,0.9469333333333333,-8.802601396789154,9.243702306350071,0.0012050276855006814,5.56968879699707
3777,-117.23474178403755,213,204,0.9576525821596245,13.093067651319666,12.672015020608901,0.0011738777393475175,1.6008039712905884
3778,40.95652173913044,46,40,0.8695652173913043,20.730697081486383,32.484362506866454,0.0011782129295170307,7.841860294342041
3779,-112.2948717948718,208,200,0.9570512820512821,17.760546482429373,19.5820882897377,0.0011759222252294421,2.644718885421753
3780,-5.702127659574472,94,83,0.8829787234042553,-15.630953080204117,13.574028053436892,0.001176382414996624,3.310081720352173
3781,-5.702127659574472,94,83,0.8829787234042553,-14.779002303579245,11.953100796205451,0.0011762690264731646,3.1628143787384033
3782,63.95652173913044,23,20,0.8695652173913043,22.682616957028706,58.97827618916829,0.001180530060082674,8.440754890441895
3783,40.95652173913044,46,40,0.8695652173913043,32.47599292993546,86.36379922231039,0.00118470739107579,8.801453590393066
3784,-10.880503144654085,106,101,0.9511949685534591,7.805573072656989,7.0564388205334545,0.001180181629024446,3.8070571422576904
3785,-114.35873015873017,210,201,0.9564126984126984,-19.71125976091623,24.133171115875243,0.001180135877802968,0.5316422581672668
3786,-5.702127659574472,94,83,0.8829787234042553,-18.225817205414295,18.05257064175893,0.001177485566586256,1.4999138116836548
3787,43.18300653594771,51,49,0.9418300653594771,9.089993554408041,11.464844552675883,0.0011690363753587008,6.1014814376831055
3788,-10.320754716981128,106,102,0.9567924528301887,5.358893630996347,4.064012776531279,0.001142794732004404,3.028622627258301
3789,-9.177777777777777,105,101,0.9582222222222222,5.412028416405316,3.390332264260156,0.00114419253077358,4.312092304229736
3790,43.888888888888886,45,40,0.8888888888888888,18.596401377518973,29.005301666259765,0.0011455120984464884,5.555375576019287
3791,-118.16510903426791,214,206,0.9583489096573209,-31.983654664644273,63.51705571746826,0.0011400555958971381,4.321304798126221
3792,63.95652173913044,23,20,0.8695652173913043,3.8888616910437124,2.282739160458247,0.0011381016811355948,0.6819385886192322
3793,-11.471698113207552,106,101,0.9452830188679245,-9.838983224086464,10.635115060329436,0.0011381531367078424,1.431564450263977
3794,40.95652173913044,46,40,0.8695652173913043,-8.400215125580628,4.822423321257035,0.0011224173940718174,4.720135688781738
3795,-5.702127659574472,94,83,0.8829787234042553,-27.767450233539904,44.13412007557819,0.0011223359033465385,3.549384117126465
3796,-7.631578947368411,95,83,0.8736842105263158,-34.93542380985546,69.9080046075415,0.0011310135014355183,11.718483924865723
3797,-12.827160493827165,108,104,0.9517283950617283,-2.419568386297913,2.7319467959564427,0.0011307052336633205,1.4420846700668335
3798,-110.08737864077669,206,198,0.959126213592233,20.538687670727377,25.22595606803894,0.001131006982177496,3.4251484870910645
3799,46.06666666666666,50,49,0.9606666666666667,-6.016270345626875,4.979897517090042,0.0011317954631522298,2.9150054454803467
3800,68.9090909090909,22,20,0.9090909090909091,14.17347789684621,25.140548610687254,0.0011333704460412264,5.557536602020264
3801,-7.631578947368411,95,83,0.8736842105263158,-22.701585604842887,28.367126993386144,0.0010891559068113565,0.7841013669967651
3802,-5.702127659574472,94,83,0.8829787234042553,-12.41357749844172,9.024170551912851,0.0004790805687662214,0.8919891119003296
3803,43.888888888888886,45,40,0.8888888888888888,18.966220586095005,26.47729269663493,0.0004860304470639676,11.250802993774414
3804,-5.702127659574472,94,83,0.8829787234042553,-9.94028067810229,5.738873758947993,0.00048652387340553105,2.716644763946533
3805,40.95652173913044,46,40,0.8695652173913043,6.543893196682135,4.086039428909619,0.0004855717997997999,2.965500593185425
3806,-10.377358490566039,106,102,0.9562264150943396,22.42294054927383,42.40908799743652,0.0004854564322158694,3.0834715366363525
3807,43.888888888888886,45,40,0.8888888888888888,13.569386100396514,15.904175798098246,0.00030866588349454105,3.2193713188171387
3808,43.87179487179486,52,51,0.9587179487179487,-2.1259962146075586,1.1671068934755264,0.00029913196340203285,2.3459630012512207
3809,43.888888888888886,45,40,0.8888888888888888,4.610459183133207,2.211120532328884,0.00028561087674461305,0.9101457595825195
3810,-7.631578947368411,95,83,0.8736842105263158,-24.637469944704968,34.889795640386254,0.00028579297941178083,1.4195880889892578
3811,40.95652173913044,46,40,0.8695652173913043,-12.578615497549375,10.664267792304356,0.0002893641940318048,7.929396629333496
3812,68.9090909090909,22,20,0.9090909090909091,0.37094267439097167,0.31823881494347006,0.00028831197414547205,0.5027113556861877
3813,40.814814814814824,54,52,0.9481481481481482,-16.105732887653478,31.083777904510498,0.00029911016463302076,13.45185661315918
3814,42.85620915032679,51,48,0.938562091503268,-21.52970773379008,51.988417355219525,0.0003242789243813604,20.251720428466797
3815,43.83660130718954,51,49,0.9483660130718954,-2.8637316910879234,1.41195093181935,0.0003202608786523342,0.7864346504211426
3816,-112.82456140350878,209,202,0.9617543859649123,41.38171980214236,101.81408532333374,0.000323148793540895,6.929346084594727
3817,63.95652173913044,23,20,0.8695652173913043,2.995016856615742,2.028078509840028,0.00032273249235004187,1.1761935949325562
3818,68.9090909090909,22,20,0.9090909090909091,21.85066300503289,60.77720807393392,0.00032773424754850566,9.319670677185059
3819,43.83660130718954,51,49,0.9483660130718954,20.719348656271663,58.24060001373291,0.00032794554135762155,2.2153868675231934
3820,-5.702127659574472,94,83,0.8829787234042553,-2.4981384039613377,0.767088783627464,0.00032684061443433166,0.4709573984146118
3821,-5.702127659574472,94,83,0.8829787234042553,-6.070688151930231,2.4203582203621608,0.0003269062435720116,1.4019237756729126
3822,-9.177777777777777,105,101,0.9582222222222222,21.313870522320272,41.26780306625366,0.00029688814538531005,10.6982421875
3823,-3.7526881720430083,93,83,0.8924731182795699,-3.8092455969876555,1.279259673162155,0.0002969263296108693,0.7262992858886719
3824,-114.28253968253969,210,202,0.9571746031746031,-28.005990153476596,50.44047897720337,0.000296448590233922,2.4961092472076416
3825,41.062893081761004,53,51,0.94062893081761,-15.892212131619454,31.834984191258748,0.0002962955040857196,11.58057975769043
3826,-5.702127659574472,94,83,0.8829787234042553,-17.095873119922945,17.59626955775372,0.0002965726307593286,9.313934326171875
3827,43.888888888888886,45,40,0.8888888888888888,6.843882000446319,4.289462493856748,0.0002938038669526577,3.603149890899658
3828,-9.237179487179489,104,99,0.9476282051282051,10.749913553581107,11.04895648710872,0.0002936743258032948,0.7174533009529114
3829,-10.937694704049846,107,104,0.9606230529595016,11.920840145628262,13.43441601141921,0.000280140433460474,4.640018463134766
3830,40.95652173913044,46,40,0.8695652173913043,-2.940923741075676,0.833119586512718,0.00028030737303197384,1.3623204231262207
3831,-3.7526881720430083,93,83,0.8924731182795699,-7.563621264280205,3.7066924969355264,0.00027910646167583764,0.15242506563663483
3832,44.228758169934636,51,49,0.9522875816993464,-8.151956606439004,9.713445196549097,0.0002796206681523472,2.989417552947998
3833,63.95652173913044,23,20,0.8695652173913043,-8.236814452211062,8.079018380244573,0.0002690484107006341,2.025937557220459
3834,43.18300653594771,51,49,0.9418300653594771,-6.416380705684423,5.687437166273594,0.0002638199657667428,1.85190749168396
3835,-3.7526881720430083,93,83,0.8924731182795699,-4.3553456847339005,1.4770772476866783,0.00026232757954858243,0.20618988573551178
3836,-8.647435897435898,104,100,0.9535256410256411,17.133601738627068,25.002353511810302,0.0002609715738799423,1.4612858295440674
3837,40.95652173913044,46,40,0.8695652173913043,16.017663421233497,21.45482625166575,0.0002607863279990852,3.1233296394348145
3838,-5.702127659574472,94,83,0.8829787234042553,-10.695504479413202,7.049585441987677,0.00026033760514110327,2.588606357574463
3839,43.888888888888886,45,40,0.8888888888888888,26.551244219144184,57.88275769551595,0.00025506221572868526,7.4539337158203125
3840,-7.631578947368411,95,83,0.8736842105263158,-20.644301358954493,24.70953165383703,0.0002560753782745451,3.9283411502838135
3841,-5.702127659574472,94,83,0.8829787234042553,-13.775974290557654,11.301413959288693,0.0002350537688471377,4.447416305541992
3842,43.888888888888886,45,40,0.8888888888888888,18.12563470726212,27.872291358311973,0.00023806700482964516,7.174926280975342
3843,46.06666666666666,50,49,0.9606666666666667,1.4914425024366058,0.9586537399046695,0.0002373223687754944,0.33231106400489807
3844,63.95652173913044,23,20,0.8695652173913043,-5.465891334821936,3.5421358443796636,0.00023724744096398354,1.719122052192688
3845,63.95652173913044,23,20,0.8695652173913043,-7.100174975395203,5.37119187215964,0.00023781559139024466,3.211397171020508
3846,-8.134615384615387,104,100,0.9586538461538462,8.48344046142941,7.115664939135371,0.00023936692741699517,5.247870445251465
3847,63.95652173913044,23,20,0.8695652173913043,-7.308903343478838,6.538528303305308,0.00022925953089725226,1.9341819286346436
3848,40.95652173913044,46,40,0.8695652173913043,-18.226365853846072,23.935369046529136,0.0002361617371207103,11.103546142578125
3849,43.888888888888886,45,40,0.8888888888888888,-4.4117995785772415,1.5797009048013326,0.0002358034544158727,1.46015202999115
3850,47.625850340136054,49,48,0.9662585034013605,-9.171786826445668,12.036730279525122,0.0002357532939640805,1.742766261100769
3851,40.814814814814824,54,52,0.9481481481481482,-5.606819615263066,4.364123942951362,0.00023457268252968788,3.0417299270629883
3852,44.69333333333333,50,48,0.9469333333333333,-5.947060294461759,4.7419063804050285,0.00023500536917708814,3.9581334590911865
3853,46.3611111111111,48,46,0.9436111111111111,-2.5741218345644787,1.4065197920853583,0.00023473190958611667,0.6095421314239502
3854,-3.7526881720430083,93,83,0.8924731182795699,-1.7823998510358803,0.548379370729649,0.0002319378254469484,0.1426079273223877
3855,40.95652173913044,46,40,0.8695652173913043,24.859888100624083,48.89105482101441,0.00023231460363604128,3.935492992401123
3856,-117.3129890453834,213,204,0.9568701095461659,-19.26246946959279,23.453203875541686,0.00023197966220322996,0.26908478140830994
3857,43.888888888888886,45,40,0.8888888888888888,39.09082048373918,124.70031941731771,0.0002360668295295909,8.079176902770996
3858,45.733333333333334,50,48,0.9573333333333334,23.719811235399007,80.88460308710734,0.00022355056717060506,10.993672370910645
3859,43.888888888888886,45,40,0.8888888888888888,27.254833728075027,56.79242738087972,0.00021627455134876072,9.59701919555664
3860,44.359477124183016,51,49,0.9535947712418301,-1.562106059853909,0.6944889117159618,0.0002164745092159137,1.5960233211517334
3861,-5.702127659574472,94,83,0.8829787234042553,-20.290082027634465,24.085804613718548,0.00020978481916245073,2.658679723739624
3862,-114.25714285714285,210,202,0.9574285714285714,-22.827728436392377,32.55794884777069,0.00020977832900825888,2.1002581119537354
3863,-14.715151515151518,110,105,0.9528484848484848,-9.812380425453187,11.72168833398819,0.00021018926054239273,3.3673133850097656
3864,43.888888888888886,45,40,0.8888888888888888,-27.48833269874255,59.89083385467529,0.00021328676666598767,7.6191229820251465
3865,46.3611111111111,48,46,0.9436111111111111,-44.89672328730424,297.0190100351969,0.0004066442488692701,56.27030944824219
3866,-5.702127659574472,94,83,0.8829787234042553,-17.67569136619568,18.86106169367411,0.0004064677923452109,1.1338242292404175
3867,-112.79904306220095,209,202,0.9620095693779904,28.980191131811313,56.55940696334839,0.00040360671118833125,8.04442310333252
3868,-3.7526881720430083,93,83,0.8924731182795699,6.35666173358446,2.432703006361802,0.00039511374779976904,1.4270553588867188
3869,46.90909090909091,44,40,0.9090909090909091,55.03482607879366,235.68512738545735,0.00044408265966922045,27.987918853759766
3870,-5.702127659574472,94,83,0.8829787234042553,3.9948946467444606,1.1618684928998855,0.00044297025306150317,1.629805326461792
3871,40.371794871794876,52,49,0.9237179487179488,26.87548521757126,86.55981839497885,0.00046423025196418166,18.66431999206543
3872,44.373333333333335,50,48,0.9437333333333333,27.557756554306252,96.6527525583903,0.00047672755317762494,24.852619171142578
3873,44.373333333333335,50,48,0.9437333333333333,12.548362614560755,20.8749933163325,0.0004765903577208519,1.5396744012832642
3874,43.18300653594771,51,49,0.9418300653594771,-5.4469411383072535,3.9618844067056975,0.00047501130029559135,0.3469296097755432
3875,-8.647435897435898,104,100,0.9535256410256411,10.39627805711773,9.710379289276025,0.00047426088713109493,1.6667340993881226
3876,46.3611111111111,48,46,0.9436111111111111,-36.90294647390644,166.95718631744384,0.000498971261549741,20.39175796508789
3877,68.9090909090909,22,20,0.9090909090909091,8.700842495076358,9.44240312576294,0.000499207351822406,2.527740955352783
3878,44.69333333333333,50,48,0.9469333333333333,-33.694135412604375,141.70250237782795,0.0005079024122096598,14.073366165161133
3879,-14.700305810397552,109,104,0.9429969418960245,-9.778030124104523,11.614540692806244,0.0005088464240543544,5.148105144500732
3880,-3.7526881720430083,93,83,0.8924731182795699,-11.78662950926681,8.606634928040716,0.0005086276796646416,2.787938356399536
3881,43.83660130718954,51,49,0.9483660130718954,-4.436210430361113,2.488426288589835,0.0005084104486741126,3.1041996479034424
3882,-112.2948717948718,208,200,0.9570512820512821,11.012294117462355,8.339318778092506,0.0005044752615503967,1.771054744720459
3883,-6.857605177993534,103,100,0.9614239482200647,24.94941840513687,53.85412126159668,0.0005139841232448816,15.111823081970215
3884,-10.320754716981128,106,102,0.9567924528301887,20.010513933627283,35.52109669685364,0.0005281349876895547,15.534701347351074
3885,-5.702127659574472,94,83,0.8829787234042553,-8.976317188766108,4.74756706359396,0.0005281983176246285,1.1925114393234253
3886,-5.702127659574472,94,83,0.8829787234042553,-9.667521209721585,5.280981154805685,0.0005286879022605717,3.2948155403137207
3887,43.888888888888886,45,40,0.8888888888888888,39.365440085281925,121.30136330922444,0.0005375199252739549,13.85820198059082
3888,-10.691823899371073,106,102,0.9530817610062893,12.143393239587123,13.104561188461027,0.000536934589035809,1.7853258848190308
3889,59.33333333333334,24,20,0.8333333333333334,4.554148264726003,2.7814899424711865,0.0005360348732210696,1.2696447372436523
3890,-110.83252818035427,207,200,0.9616747181964573,-9.821448050924905,8.047033001688309,0.0005340361967682838,1.8314188718795776
3891,43.73202614379085,51,49,0.9473202614379085,2.563360787468264,1.430733825371135,0.0005328465485945344,0.3284892737865448
3892,68.9090909090909,22,20,0.9090909090909091,26.035571974981575,79.57266756693522,0.0005359066417440772,7.43499755859375
3893,-16.573573573573583,111,105,0.9442642642642642,-19.081291754206877,32.45263347816467,0.0005500931292772293,15.003162384033203
3894,43.888888888888886,45,40,0.8888888888888888,10.135492137571175,9.08855868577957,0.0005498865502886474,3.8278071880340576
3895,45.16,50,48,0.9516,-17.919930103136174,40.9083493232727,0.0005499999970197678,4.0072221755981445
3896,63.95652173913044,23,20,0.8695652173913043,-2.880319205795725,0.9491894674176972,0.0005419868393801153,2.1909210681915283
3897,-114.28253968253969,210,202,0.9571746031746031,-25.52349735088262,38.64556783676147,0.0005428615841083229,4.132507801055908
3898,-3.7526881720430083,93,83,0.8924731182795699,-19.49117072584878,20.952841391046363,0.0005432164180092514,3.975229263305664
3899,63.95652173913044,23,20,0.8695652173913043,-4.3660488772817185,1.9718850716793288,0.0005439944798126817,4.545130252838135
3900,43.888888888888886,45,40,0.8888888888888888,12.124592587600151,12.020311033725738,0.0005419853841885924,1.637386679649353
3901,46.90909090909091,44,40,0.9090909090909091,23.21006579697132,43.57497401237488,0.0005500410334207118,11.741501808166504
3902,-111.55072463768116,207,198,0.9544927536231884,8.715288562998012,4.593596976526547,0.0005499653634615242,1.0227148532867432
3903,-5.702127659574472,94,83,0.8829787234042553,-23.953242118100086,31.458414453100488,0.0005415265914052725,1.0343210697174072
3904,41.52564102564102,52,49,0.9352564102564103,-22.533781645509105,61.23293902079264,0.0005442308029159904,6.675361156463623
3905,43.888888888888886,45,40,0.8888888888888888,10.853541803359985,9.765888450543086,0.0005450824392028153,4.59464168548584
3906,-8.782051282051285,104,100,0.9521794871794872,8.750685434351547,7.543125933140778,0.0005449960590340197,2.538569450378418
3907,-3.7526881720430083,93,83,0.8924731182795699,-9.07156865568046,4.69603859971326,0.0005452908808365464,3.7693846225738525
3908,41.09876543209876,54,52,0.9509876543209876,3.0617433093006388,1.4034651601376633,0.0005451242905110121,1.3195353746414185
3909,40.95652173913044,46,40,0.8695652173913043,7.063615754246712,4.384668748577436,0.0005453248741105199,2.3694941997528076
3910,68.9090909090909,22,20,0.9090909090909091,8.796724062909682,10.442871149381002,0.0005452701007016003,1.747065544128418
3911,46.90909090909091,44,40,0.9090909090909091,25.306291944455975,55.68808892567952,0.0005531474598683417,13.752862930297852
3912,68.9090909090909,22,20,0.9090909090909091,3.362035545248849,1.9165076076984406,0.000553234713152051,1.67340087890625
3913,-3.7526881720430083,93,83,0.8924731182795699,-11.289481778700189,7.771146928928942,0.0005421892274171114,1.46368408203125
3914,42.85620915032679,51,48,0.938562091503268,-27.453399187761047,84.53351392745972,0.0005799637292511761,31.894495010375977
3915,-3.7526881720430083,93,83,0.8924731182795699,-11.040197401161654,7.1844962495397855,0.0005799076752737164,0.9717819094657898
3916,59.33333333333334,24,20,0.8333333333333334,-27.509846806526184,90.46880187988282,0.000602693238761276,20.838869094848633
3917,-3.7526881720430083,93,83,0.8924731182795699,-3.7653720208993517,1.2507184572130712,0.0006026499322615564,0.2273665815591812
3918,-8.784126984126985,105,102,0.9621587301587302,25.194242979139183,55.51055973815918,0.0006028279894962907,8.568199157714844
3919,43.888888888888886,45,40,0.8888888888888888,25.386398299535117,53.47861776351929,0.0006035605911165476,4.265276908874512
3920,45.16,50,48,0.9516,8.017366332619746,8.747786395251751,0.0006035945261828601,0.6440523862838745
3921,43.888888888888886,45,40,0.8888888888888888,22.52543458893585,39.574392573038736,0.0006113030831329525,10.821859359741211
3922,40.91358024691358,54,52,0.9491358024691358,3.2239379434839064,1.6531194385762016,0.0006040248554199934,1.4853734970092773
3923,-9.57142857142857,105,101,0.9542857142857143,10.789224128425122,11.703838888689875,0.0006047641509212554,3.2765145301818848
3924,46.06666666666666,50,49,0.9606666666666667,-12.048065063869096,19.99538373152415,0.0006047800416126847,3.058584451675415
3925,44.359477124183016,51,49,0.9535947712418301,-18.98248203935412,46.63986234664917,0.0005970433703623712,4.373094081878662
3926,-3.7526881720430083,93,83,0.8924731182795699,-13.133060035935367,10.254716672093036,0.0005922732525505126,0.7071303725242615
3927,-8.647435897435898,104,100,0.9535256410256411,7.559160850204062,5.712415106645232,0.0005917400703765452,0.8997325897216797
3928,43.888888888888886,45,40,0.8888888888888888,10.48058950404326,9.239318192005157,0.0005918414681218565,1.035064458847046
3929,-3.7526881720430083,93,83,0.8924731182795699,-11.011518944039882,7.065257250065784,0.000591200077906251,2.3741705417633057
3930,-1.782608695652172,92,83,0.9021739130434783,-2.1582545323379665,0.6626547963621331,0.0005911443731747568,0.5012828707695007
3931,-106.65188834154353,203,196,0.9634811165845648,32.90076353913359,69.5172912902832,0.0005914363428018987,2.135826349258423
3932,-3.7526881720430083,93,83,0.8924731182795699,-10.937554956511052,7.136410846767656,0.0005908183520659804,0.8882424235343933
3933,-118.15264797507788,214,206,0.9584735202492212,-1.7361042854147963,1.0442810741647846,0.0005908192251808941,1.8704557418823242
3934,63.95652173913044,23,20,0.8695652173913043,1.0999418930150568,0.4751389414983957,0.0005906011792831123,0.8749385476112366
3935,-8.134615384615387,104,100,0.9586538461538462,5.968070422486955,4.188410408597759,0.0005906405858695507,0.7588037252426147
3936,63.95652173913044,23,20,0.8695652173913043,1.6048432033819457,0.6628407248295843,0.000590466195717454,0.5314311385154724
3937,-117.23474178403755,213,204,0.9576525821596245,-26.534447915911674,43.223058387756346,0.0005904494319111109,3.742894172668457
3938,-3.7526881720430083,93,83,0.8924731182795699,-14.784630341354353,12.564988743349252,0.0005905564757995307,3.21287202835083
3939,63.95652173913044,23,20,0.8695652173913043,2.0162553301701944,0.8599986994018157,0.0005875327042303979,0.5776580572128296
3940,43.87179487179486,52,51,0.9587179487179487,-0.29918544235188166,0.3228957642112315,0.0005866042338311672,0.7381519079208374
3941,46.06666666666666,50,49,0.9606666666666667,-1.4273645123194905,0.5920190186876425,0.0005855238414369524,1.3743194341659546
3942,-3.7526881720430083,93,83,0.8924731182795699,-11.243738240382847,7.420081204678639,0.0005827894783578813,1.6944708824157715
3943,44.359477124183016,51,49,0.9535947712418301,-0.8586082361005538,0.48093291874987093,0.0005827986169606447,0.056577086448669434
3944,40.95652173913044,46,40,0.8695652173913043,8.063214972863594,5.409444685777029,0.0005828283610753715,2.2730212211608887
3945,44.373333333333335,50,48,0.9437333333333333,-3.1037322923950947,1.4856188827504715,0.0005822069942951202,0.7061836123466492
3946,-14.715151515151518,110,105,0.9528484848484848,-0.29624222839996217,3.1570214213628787,0.0005805293912999332,0.896465539932251
3947,46.3611111111111,48,46,0.9436111111111111,-4.633707640531202,2.8702102388003063,0.0005802992382086813,0.2880072295665741
3948,46.06666666666666,50,49,0.9606666666666667,8.725241858661441,11.303178186217943,0.0005726980743929744,2.2708466053009033
3949,-7.631578947368411,95,83,0.8736842105263158,-22.883677207778796,29.597494064085932,0.0005745987873524427,5.953636169433594
3950,-10.555555555555557,105,100,0.9444444444444444,6.899041515290737,4.927046280334704,0.0005743253859691322,0.48560309410095215
3951,-10.691823899371073,106,102,0.9530817610062893,10.018304528281092,9.663109567316365,0.0005744363879784942,2.519699811935425
3952,63.95652173913044,23,20,0.8695652173913043,4.0070561846097315,2.3074120461940764,0.0005732921999879181,0.9168144464492798
3953,68.9090909090909,22,20,0.9090909090909091,18.04702432641449,37.804337692260745,0.0005760663188993931,6.488896369934082
3954,43.73202614379085,51,49,0.9473202614379085,-2.3327438038230563,0.985990642268492,0.0005761196953244507,0.5815267562866211
3955,-10.691823899371073,106,102,0.9530817610062893,6.395745943921283,5.074729870872572,0.0005760344793088734,3.063523769378662
3956,-114.25714285714285,210,202,0.9574285714285714,3.6236858831182364,1.3911993303815835,0.0005760346539318562,0.9175294041633606
3957,40.95652173913044,46,40,0.8695652173913043,-0.3419728291900052,0.16664283054111972,0.0005723265931010246,0.33174219727516174
3958,63.95652173913044,23,20,0.8695652173913043,-8.595074094211062,8.135287634531657,0.0005650714738294482,2.745689868927002
3959,-1.782608695652172,92,83,0.9021739130434783,-4.742322101607455,1.6844006433802172,0.0005600051372312009,1.6062891483306885
3960,43.888888888888886,45,40,0.8888888888888888,6.416627345979213,3.9959118232131003,0.000560620566830039,3.2815921306610107
3961,44.69333333333333,50,48,0.9469333333333333,-17.784266353740048,44.02596057256063,0.0005610547959804535,4.117971420288086
3962,-119.5984496124031,215,206,0.954015503875969,-10.840870259582996,9.624537854671479,0.0005629421793855727,5.7608489990234375
3963,-5.702127659574472,94,83,0.8829787234042553,-19.239614759164162,19.6751600058682,0.0005645620985887945,6.207424640655518
3964,-3.7526881720430083,93,83,0.8924731182795699,-8.16397709447337,3.952508805147615,0.0005614837282337248,3.4201853275299072
3965,-5.702127659574472,94,83,0.8829787234042553,-13.392418273679732,10.54480970719732,0.00036678812466561794,2.955815553665161
3966,43.888888888888886,45,40,0.8888888888888888,26.249262490061422,57.17110430399577,0.0003677048080135137,4.1785664558410645
3967,-108.07843137254902,204,196,0.9592156862745098,31.179133967666594,58.50412312698364,0.00036421240656636655,2.2070817947387695
3968,44.373333333333335,50,48,0.9437333333333333,4.812108323765278,3.5845194069047768,0.00036425163852982223,1.8119028806686401
3969,-8.782051282051285,104,100,0.9521794871794872,13.31858298057063,16.183801654100417,0.00031499870237894356,2.065798044204712
3970,43.888888888888886,45,40,0.8888888888888888,17.697939777102633,25.46231654485067,0.0003204139356967062,9.139010429382324
3971,-5.702127659574472,94,83,0.8829787234042553,-18.114332557562363,18.650036754378352,0.0002977111143991351,0.8188264966011047
3972,40.95652173913044,46,40,0.8695652173913043,-3.6052603870009383,1.0654865307539392,0.00025815656408667564,1.6327924728393555
3973,43.73202614379085,51,49,0.9473202614379085,-16.952910239621875,40.96883986790975,0.00026125693693757057,6.49259090423584
3974,-6.721682847896432,103,100,0.9627831715210357,9.660435069847063,8.725154653854668,0.00026222338783554733,3.4284191131591797
3975,47.625850340136054,49,48,0.9662585034013605,-8.501459806625967,11.098052384455999,0.00026423102826811373,5.090946197509766
3976,63.95652173913044,23,20,0.8695652173913043,-6.809830362598102,5.420584930976232,0.00023986246378626674,1.2073959112167358
3977,41.09876543209876,54,52,0.9509876543209876,-1.8733059704226132,0.7509164876087501,0.00023941564722917974,1.005454659461975
3978,63.95652173913044,23,20,0.8695652173913043,-1.5555624452264358,0.38203471792439814,0.000228057149797678,1.6509348154067993
3979,40.95652173913044,46,40,0.8695652173913043,9.644906608263652,7.867663208643595,0.00022669421741738915,3.3299596309661865
3980,40.95652173913044,46,40,0.8695652173913043,11.726197332392136,12.008514177799224,0.00022669127793051302,3.103034496307373
3981,-109.54634146341463,205,196,0.9545365853658536,-21.48919071548432,28.40535190105438,0.00022768540657125413,5.542586803436279
3982,40.95652173913044,46,40,0.8695652173913043,12.81290466984113,13.154157594839733,0.00022803846513852477,2.8271162509918213
3983,-3.7526881720430083,93,83,0.8924731182795699,-7.354745621183311,3.3103781391578506,0.00021487865888047963,0.762024998664856
3984,-12.827160493827165,108,104,0.9517283950617283,1.5911438360214234,1.8807738379323273,0.00020071044855285436,1.3101340532302856
3985,63.95652173913044,23,20,0.8695652173913043,2.738134030609702,1.2817012374599774,0.0002007136499742046,0.8784229755401611
3986,43.87179487179486,52,51,0.9587179487179487,8.836476007777188,10.956655683120092,0.00020097791275475174,3.4486584663391113
3987,43.888888888888886,45,40,0.8888888888888888,17.983049444279946,25.089533185958864,0.00019066558161284775,5.3266730308532715
3988,-5.702127659574472,94,83,0.8829787234042553,-18.474777882118303,19.915566858038844,0.0001913026353577152,3.526186466217041
3989,43.73202614379085,51,49,0.9473202614379085,-12.534419537025194,20.867838660875957,0.00019471230916678905,7.3943657875061035
3990,-7.631578947368411,95,83,0.8736842105263158,-27.98217018924085,43.881750773234536,0.00020175150712020695,10.724791526794434
3991,-112.2948717948718,208,200,0.9570512820512821,-9.048627102751693,5.205962600231171,0.00020182323351036757,1.0195636749267578
3992,43.888888888888886,45,40,0.8888888888888888,11.449016859491046,10.736629768212635,0.0001987103169085458,2.6036617755889893
3993,63.95652173913044,23,20,0.8695652173913043,-4.380359744032224,2.1757367248336474,0.0001852257119026035,1.2155309915542603
3994,-111.43910256410257,208,201,0.9656089743589743,12.742580847931734,11.350437897205353,0.00018436560640111566,0.5531074404716492
3995,40.95652173913044,46,40,0.8695652173913043,1.6738674574842056,0.38972691792975334,0.00018336629727855325,0.5304994583129883
3996,-5.702127659574472,94,83,0.8829787234042553,-14.342555137044455,11.789975987859519,0.00018375100626144558,3.408820629119873
3997,44.228758169934636,51,49,0.9522875816993464,-5.909062852601831,5.377701997260252,0.00018342457769904286,3.235509157180786
3998,40.95652173913044,46,40,0.8695652173913043,2.5894778271516166,0.7441690200629334,0.00018249933782499284,0.9248345494270325
3999,63.95652173913044,23,20,0.8695652173913043,-1.6515828346212704,0.42067785752976,0.0001812491100281477,0.7171237468719482
4000,-114.35873015873017,210,201,0.9564126984126984,1.1138614945365115,0.5030482449993724,0.00018110559904016554,0.511947512626648
4001,40.814814814814824,54,52,0.9481481481481482,4.361412075606252,2.599521224449078,0.0001735250698402524,3.7895514965057373
4002,-118.15264797507788,214,206,0.9584735202492212,-0.8295312791074902,0.7623365097114584,0.00017350191774312407,0.7936320900917053
4003,-112.2948717948718,208,200,0.9570512820512821,5.27312355433917,2.0250653549013657,0.0001735631376504898,1.524388074874878
4004,44.359477124183016,51,49,0.9535947712418301,0.2964068178618012,0.4593562887889372,0.0001708420750219375,0.4351139962673187
4005,43.18300653594771,51,49,0.9418300653594771,-5.333313016096751,3.816297512749831,0.00016965482791420072,1.5010077953338623
4006,63.95652173913044,23,20,0.8695652173913043,1.4382310152053832,0.5603251992414395,0.00016927382966969162,0.6087055206298828
4007,-5.702127659574472,94,83,0.8829787234042553,-7.658238426449309,3.7929055154562956,0.00016854573914315552,1.353426218032837
4008,-3.7526881720430083,93,83,0.8924731182795699,1.679635395935501,0.482029918994041,0.0001684532326180488,0.43263426423072815
4009,59.33333333333334,24,20,0.8333333333333334,-10.508385874827702,12.485235365231832,0.0001686916803009808,3.101390838623047
4010,-3.7526881720430083,93,83,0.8924731182795699,3.206584646574588,0.854444864034432,0.00016853866691235453,0.7105678915977478
4011,-109.54634146341463,205,196,0.9545365853658536,2.832536915127188,1.0194070570380427,0.0001569480518810451,1.1596063375473022
4012,-5.702127659574472,94,83,0.8829787234042553,-3.6815005798887714,1.1244123255019003,0.000156861002324149,1.187180519104004
4013,63.95652173913044,23,20,0.8695652173913043,8.957676235834757,9.883437887827556,0.00015880755381658673,5.885303974151611
4014,68.9090909090909,22,20,0.9090909090909091,22.921072518328824,65.09358673095703,9.817721002036706e-05,7.62691593170166
4015,-7.631578947368411,95,83,0.8736842105263158,-12.31927143836985,9.043413280961982,9.861545549938455e-05,3.4694089889526367
4016,-109.54634146341463,205,196,0.9545365853658536,1.8157103577814997,0.951959803655278,7.298646960407495e-05,0.3448343575000763
4017,-10.880503144654085,106,101,0.9511949685534591,19.160704326570034,31.726312377929688,8.235299173975363e-05,12.060147285461426
4018,43.888888888888886,45,40,0.8888888888888888,17.382901273543634,23.2856160958608,7.924363308120519e-05,5.619354248046875
4019,43.888888888888886,45,40,0.8888888888888888,11.8267197492222,11.874003541469573,7.876277231844142e-05,3.1040542125701904
4020,-9.177777777777777,105,101,0.9582222222222222,15.396999388360012,19.713741294384004,7.882192585384473e-05,1.700600266456604
4021,-117.23474178403755,213,204,0.9576525821596245,-25.571640236075705,39.61885968017578,7.166463910834864e-05,2.290343761444092
4022,44.359477124183016,51,49,0.9535947712418301,-26.81184194961679,90.39724617004394,7.453234138665721e-05,7.368076801300049
4023,63.95652173913044,23,20,0.8695652173913043,-16.80667290613055,32.61035706202189,8.553132647648454e-05,14.467034339904785
4024,63.95652173913044,23,20,0.8695652173913043,-13.590782311620812,22.660129356384278,9.112215775530785e-05,10.504179000854492
4025,44.359477124183016,51,49,0.9535947712418301,-9.660926155827747,12.058811020851135,9.065470658242702e-05,3.1300792694091797
4026,63.95652173913044,23,20,0.8695652173913043,-4.26606875533859,1.8301215863476197,9.186382521875203e-05,3.782026529312134
4027,43.888888888888886,45,40,0.8888888888888888,24.959043900125348,46.13896312713623,9.812832286115736e-05,10.9574613571167
4028,-8.784126984126985,105,102,0.9621587301587302,27.35262974356725,61.256186820983885,0.00010278388799633831,8.056197166442871
4029,-11.710280373831779,107,103,0.9528971962616822,18.850464564820786,27.3597287569046,0.0001121426175814122,13.526749610900879
4030,-12.827160493827165,108,104,0.9517283950617283,13.288504061534928,15.280043609976769,0.00011264228669460863,3.878124475479126
4031,-108.12418300653596,204,196,0.9587581699346405,19.61127548548579,23.738391498565672,0.00011234934936510399,1.0144766569137573
4032,-109.59186991869919,205,196,0.9540813008130081,3.9388405005245004,2.0645134416382063,0.00011229730444028974,0.41739821434020996
4033,-3.7526881720430083,93,83,0.8924731182795699,-7.621597031262295,3.4548544968706536,0.00011237742728553712,2.0938520431518555
4034,-3.7526881720430083,93,83,0.8924731182795699,-9.99127683179438,5.690374870855646,0.00011227746290387586,2.1582798957824707
4035,-8.134615384615387,104,100,0.9586538461538462,4.856757415906526,2.862941457485518,0.00011295785952825099,2.4976375102996826
4036,43.87179487179486,52,51,0.9587179487179487,3.2316204731728315,1.679768490201483,0.00011289971735095605,1.310671091079712
4037,-115.81200631911533,211,201,0.9518799368088467,-41.254750060081484,90.50300315856934,0.00017502497939858586,31.13826560974121
4038,40.95652173913044,46,40,0.8695652173913043,4.221492952108383,1.6408061991756162,0.0001750258234096691,2.1389057636260986
4039,-3.7526881720430083,93,83,0.8924731182795699,-16.163505858147,14.802852726365668,0.00017605219909455627,4.66808557510376
4040,44.359477124183016,51,49,0.9535947712418301,-3.717091536098576,1.6810906636219443,0.00017647726053837687,2.1033389568328857
4041,44.228758169934636,51,49,0.9522875816993464,-2.41764935656441,0.9368479384907308,0.0001766482600942254,1.4451030492782593
4042,-12.827160493827165,108,104,0.9517283950617283,-7.497920930414926,7.434664379906215,0.00017663973267190158,1.6145285367965698
4043,-7.631578947368411,95,83,0.8736842105263158,-29.92447154684718,47.31020335308519,0.00017792769358493388,4.453068256378174
4044,-12.271028037383175,107,102,0.9472897196261683,-3.7509351773448287,3.322750938617624,0.00017773972649592906,0.3651164770126343
4045,-3.7526881720430083,93,83,0.8924731182795699,-8.109400002353162,3.896779013446057,0.00017784738156478852,1.0851924419403076
4046,63.95652173913044,23,20,0.8695652173913043,13.925133728981018,21.454837131500245,0.00018123626068700105,7.83508825302124
4047,-12.968847352024923,107,101,0.9403115264797508,0.22324221152067183,1.9554668938354007,0.00018123527115676552,1.0648629665374756
4048,40.95652173913044,46,40,0.8695652173913043,22.528919156392416,38.86917600631714,0.00018137834558729082,3.3715782165527344
4049,43.888888888888886,45,40,0.8888888888888888,29.90497813988477,72.64146302541097,0.00018823628488462418,11.376734733581543
4050,44.373333333333335,50,48,0.9437333333333333,3.370593143442261,1.7067327168770134,0.00018824094149749726,0.37381744384765625
4051,42.85620915032679,51,48,0.938562091503268,-6.610686181414834,5.536856769522031,0.00018771851318888366,0.2714284360408783
4052,-12.827160493827165,108,104,0.9517283950617283,0.8435231387695239,1.6671328533415835,0.00018776794604491442,1.7537301778793335
4053,44.228758169934636,51,49,0.9522875816993464,-8.454200021738734,9.793022616704304,0.0001869564293883741,5.843355178833008
4054,-9.177777777777777,105,101,0.9582222222222222,8.048253674811702,6.0984860349026855,0.00018730707233771682,2.105161428451538
4055,68.9090909090909,22,20,0.9090909090909091,9.405389806116,11.59300349553426,0.00018712143355514854,3.523235559463501
4056,63.95652173913044,23,20,0.8695652173913043,-7.41383715858683,6.017672218879064,0.0001874861482065171,1.9100918769836426
4057,-8.647435897435898,104,100,0.9535256410256411,5.3257236682856455,3.137378569850698,0.00018752786854747683,0.4090815782546997
4058,-5.702127659574472,94,83,0.8829787234042553,-22.13617992592624,28.397541509574676,0.00018698052735999227,1.5936630964279175
4059,41.3974358974359,52,49,0.933974358974359,-25.361587834179712,92.29882691701253,0.0001985327253350988,14.517510414123535
4060,68.9090909090909,22,20,0.9090909090909091,7.96608633964012,8.387934915224712,0.00019773248641286045,2.0842700004577637
4061,44.69333333333333,50,48,0.9469333333333333,-7.29417910367265,6.707893257339795,0.0001972300815396011,1.2049343585968018
4062,-117.3129890453834,213,204,0.9568701095461659,32.84581573933497,63.58271185493469,0.0002040065883193165,11.639674186706543
4063,-8.647435897435898,104,100,0.9535256410256411,18.424658650209196,27.620374975204466,0.0002051498886430636,7.298794746398926
4064,-110.08737864077669,206,198,0.959126213592233,34.12149581848731,68.52005130767822,0.00020621815929189324,5.196975231170654
4065,-7.317152103559877,103,99,0.9568284789644013,18.307672313670047,28.222037223815917,0.000215975203900598,12.274263381958008
4066,-110.83252818035427,207,200,0.9616747181964573,6.287068323349744,2.6878137700970983,0.00021497471607290208,1.264504313468933
4067,-115.81200631911533,211,201,0.9518799368088467,-25.960002131462097,40.836012950897214,0.00021533264953177422,3.0625696182250977
4068,43.888888888888886,45,40,0.8888888888888888,25.8426478140677,53.349539597829185,0.00022187443391885608,10.129606246948242
4069,44.69333333333333,50,48,0.9469333333333333,-0.22909692645383378,0.48480528809620105,0.00022174112382344902,1.2906736135482788
4070,43.888888888888886,45,40,0.8888888888888888,18.594445655743282,26.302885723114013,0.00021963358449283987,6.917926788330078
4071,41.09876543209876,54,52,0.9509876543209876,-1.8993557813907198,0.8912482885250939,0.00021996142459101975,2.7266628742218018
4072,43.888888888888886,45,40,0.8888888888888888,7.6299928127788,4.7573594724138575,0.00021990349341649562,1.1575623750686646
4073,-5.702127659574472,94,83,0.8829787234042553,-33.38171005868409,60.499379230790346,0.00021784278214909136,2.1007447242736816
4074,40.95652173913044,46,40,0.8695652173913043,-11.975943949601303,10.867866482337316,0.0002172987733501941,0.9137329459190369
4075,-117.3129890453834,213,204,0.9568701095461659,-73.37864740684215,320.0663317871094,0.00021934512187726796,7.377966403961182
4076,-5.702127659574472,94,83,0.8829787234042553,-32.21107583639612,57.803517199903126,0.0002222400507889688,7.134228706359863
4077,-3.7526881720430083,93,83,0.8924731182795699,-20.782666284553557,22.482602257326423,0.00022542454826179892,7.075900077819824
4078,-10.555555555555557,105,100,0.9444444444444444,-8.727635524749756,7.711180815935135,0.00022525910753756762,0.6267918944358826
4079,68.9090909090909,22,20,0.9090909090909091,12.361083376624931,18.698022588094076,0.00022850446111988276,7.934491157531738
4080,-114.25714285714285,210,202,0.9574285714285714,-1.0614971711318344,0.7653294242030243,0.00022787772468291223,0.7617475986480713
4081,46.90909090909091,44,40,0.9090909090909091,34.14462982164696,95.43925774892172,0.00022864034690428525,6.559536457061768
4082,63.95652173913044,23,20,0.8695652173913043,-5.069607208204009,2.7179278671120604,0.00022934623120818287,4.201359748840332
4083,46.90909090909091,44,40,0.9090909090909091,29.925892085349187,75.02900114059449,0.00023265175695996732,7.463558197021484
4084,43.888888888888886,45,40,0.8888888888888888,12.262499483674764,12.452986665566762,0.00023277864966075867,2.116266965866089
4085,-10.691823899371073,106,102,0.9530817610062893,8.11785036827626,6.135476366882212,0.00023275140847545117,0.40591567754745483
4086,63.95652173913044,23,20,0.8695652173913043,-23.32504013562575,58.3778382619222,0.00023483620316255838,6.837087154388428
4087,42.294117647058826,51,48,0.9329411764705883,-38.2174321350952,172.09882926940918,0.0002776665205601603,26.948776245117188
4088,-114.35873015873017,210,201,0.9564126984126984,40.1612794713974,100.8020047454834,0.00027828989550471306,5.115612983703613
4089,40.91358024691358,54,52,0.9491358024691358,-7.760082713306959,8.521056097745895,0.0002750223793555051,1.8842042684555054
4090,46.90909090909091,44,40,0.9090909090909091,21.209340782494596,36.09574683507284,0.000272509700153023,8.634162902832031
4091,46.90909090909091,44,40,0.9090909090909091,23.51177305827538,43.69742019971212,0.0002879002131521702,15.659463882446289
4092,63.95652173913044,23,20,0.8695652173913043,-7.026611296335856,5.476926219463349,0.00028744051815010607,0.39502039551734924
4093,-112.2948717948718,208,200,0.9570512820512821,17.665539091188577,18.698720524787902,0.00028748091426678,1.8174346685409546
4094,-10.691823899371073,106,102,0.9530817610062893,8.371757782844536,6.540872176084667,0.0002909510803874582,7.355367183685303
4095,-7.631578947368411,95,83,0.8736842105263158,-24.753493967305225,35.112932925243456,0.00029232623637653887,4.569024562835693
4096,45.16,50,48,0.9516,-14.133175015705637,25.933939774831135,0.00029177963733673096,1.3187288045883179
4097,-3.7526881720430083,93,83,0.8924731182795699,-7.579342330914424,3.613397088754608,0.0002911097835749388,0.7960261106491089
4098,40.95652173913044,46,40,0.8695652173913043,0.5081248179388543,0.19461376150005283,0.00029106010333634913,0.2790282666683197
4099,-7.631578947368411,95,83,0.8736842105263158,-21.948808594999544,26.33931987256889,0.000291190022835508,1.7924822568893433
4100,40.814814814814824,54,52,0.9481481481481482,6.395857835913193,5.519781866886963,0.0002921141858678311,3.7796363830566406
4101,-14.715151515151518,110,105,0.9528484848484848,2.857758047901094,3.0557629100582564,0.0002912457857746631,0.9148131608963013
4102,43.888888888888886,45,40,0.8888888888888888,20.335885292291643,33.00869534810384,0.0002976692048832774,10.223233222961426
4103,-3.7526881720430083,93,83,0.8924731182795699,-2.5127068093536518,0.6605928674016286,0.000297535618301481,0.22036921977996826
4104,43.73202614379085,51,49,0.9473202614379085,-0.8628000677391052,0.33874630469326805,0.0002975306415464729,0.2993323504924774
4105,45.733333333333334,50,48,0.9573333333333334,1.0719421398037108,0.6315593332037679,0.00029738276498392224,0.21109497547149658
4106,68.9090909090909,22,20,0.9090909090909091,24.14929078705609,72.68539543151856,0.00030217081075534225,8.94289493560791
4107,68.9090909090909,22,20,0.9090909090909091,21.908187591657043,54.02653274536133,0.0003268473083153367,20.208656311035156
4108,43.888888888888886,45,40,0.8888888888888888,2.3700127566233276,1.123494609510332,0.0003269842709414661,1.307780146598816
4109,-117.3129890453834,213,204,0.9568701095461659,-56.0676714962963,195.65769821166992,0.00033083409653045237,8.34078311920166
4110,40.95652173913044,46,40,0.8695652173913043,-16.877319914331505,21.031650857130685,0.0003315569774713367,3.8616256713867188
4111,43.888888888888886,45,40,0.8888888888888888,-6.201763479846219,3.124003208583842,0.000331502640619874,0.8677660226821899
4112,43.87179487179486,52,51,0.9587179487179487,-16.25976088478648,35.02395528157552,0.0003328368184156716,4.7109456062316895
4113,63.95652173913044,23,20,0.8695652173913043,-12.889272932211558,19.87229124704997,0.00033407926093786955,7.309710502624512
4114,-115.71090047393365,211,202,0.9528909952606635,-1.1836023227144032,3.3210445244589355,0.00033061933936551213,0.9239978790283203
4115,43.888888888888886,45,40,0.8888888888888888,18.062074928428046,26.23710653781891,0.0003304159617982805,2.8220832347869873
4116,38.18787878787879,55,52,0.9318787878787879,8.025913459062576,7.850528435905774,0.00033175875432789326,4.79560661315918
4117,-1.782608695652172,92,83,0.9021739130434783,16.55094634553036,15.266301660652621,0.00032322327024303377,4.0211286544799805
4118,43.888888888888886,45,40,0.8888888888888888,21.41814789340521,36.444783735275266,0.00032847721013240516,10.494020462036133
4119,-5.702127659574472,94,83,0.8829787234042553,-2.248199955110502,0.6641965507209731,0.00032792394631542265,0.0400628037750721
4120,-12.827160493827165,108,104,0.9517283950617283,18.748615451912965,31.802316116333007,0.00033709246781654656,12.23000431060791
4121,63.95652173913044,23,20,0.8695652173913043,-15.858535559785862,31.559388065338133,0.0003445209586061537,11.254542350769043
4122,-3.7526881720430083,93,83,0.8924731182795699,1.2816440981016102,0.4515584885813008,0.00034122142824344337,0.15011215209960938
4123,63.95652173913044,23,20,0.8695652173913043,-16.744518864154816,34.43777008056641,0.0003369601326994598,11.68813705444336
4124,-5.702127659574472,94,83,0.8829787234042553,-7.447772650354837,3.4323729651280677,0.0003302122058812529,1.6972682476043701
4125,63.95652173913044,23,20,0.8695652173913043,-11.115973519347609,12.284822841485342,0.0003323082346469164,7.010383129119873
4126,-14.715151515151518,110,105,0.9528484848484848,15.673370381089859,21.910050152778627,0.00033202115446329117,2.8326587677001953
4127,42.85620915032679,51,48,0.938562091503268,-4.5541354028508065,2.5672898441553116,0.00032494222978129983,3.1881508827209473
4128,-3.7526881720430083,93,83,0.8924731182795699,4.342377291840359,1.3104984445610068,0.0003211554139852524,0.23566403985023499
4129,-10.691823899371073,106,102,0.9530817610062893,23.638327199092366,44.862554641723634,0.00031224964186549187,6.374011516571045
4130,46.90909090909091,44,40,0.9090909090909091,31.435180966944124,79.20433565775554,0.0003121687623206526,4.153261661529541
4131,-8.782051282051285,104,100,0.9521794871794872,18.423510370356247,27.855839553833007,0.00031223840778693557,1.2006866931915283
4132,-12.214953271028037,107,102,0.9478504672897197,5.4724038724955175,3.310529396106038,0.00031248453888110816,1.9554368257522583
4133,43.83660130718954,51,49,0.9483660130718954,-15.700881405485173,30.659871260325115,0.00031232842593453825,0.9602016806602478
4134,-9.237179487179489,104,99,0.9476282051282051,2.613285073934768,1.5527165238502785,0.0003122770576737821,1.8340322971343994
4135,-7.631578947368411,95,83,0.8736842105263158,-29.045403082207983,47.47019973816163,0.0003140510234516114,5.555976390838623
4136,43.18300653594771,51,49,0.9418300653594771,-19.759066496913633,46.28261451721191,0.000327618996379897,15.105117797851562
4137,-3.7526881720430083,93,83,0.8924731182795699,-10.710163009268827,6.502813667657385,0.0002683947095647454,1.0701477527618408
4138,-1.782608695652172,92,83,0.9021739130434783,0.35887448081090284,0.3296137433061408,0.00026808585971593857,0.44820788502693176
4139,-8.782051282051285,104,100,0.9521794871794872,8.795502405593107,7.422706300512425,0.00026669097132980824,0.3370085656642914
4140,-8.974603174603175,105,101,0.9602539682539682,14.268171289211054,16.380073486566545,0.0002761021605692804,12.649031639099121
4141,43.888888888888886,45,40,0.8888888888888888,30.795746727722385,76.26334953308105,0.0002768984413705766,4.352751731872559
4142,43.888888888888886,45,40,0.8888888888888888,28.454381855600513,62.51698541641235,0.00027676072204485536,0.8644850254058838
4143,40.814814814814824,54,52,0.9481481481481482,8.155238484498113,9.225823837518693,0.0002765945391729474,3.611698627471924
4144,43.73202614379085,51,49,0.9473202614379085,-6.389145528171927,5.305984585483869,0.0002766081888694316,0.3529815077781677
4145,-118.6822429906542,214,204,0.9531775700934579,-4.750742298948022,6.6598020514177625,0.00027660635532811284,1.4445420503616333
4146,-11.710280373831779,107,103,0.9528971962616822,-14.328562126254008,18.581088919639587,0.00027347548166289926,3.842972755432129
4147,-5.702127659574472,94,83,0.8829787234042553,-29.83118292087143,48.886422015576954,0.0002737310132943094,2.0979065895080566
4148,-111.55072463768116,207,198,0.9544927536231884,3.9914241192121627,6.138753361481941,0.0002728449762798846,0.36742323637008667
4149,-9.237179487179489,104,99,0.9476282051282051,-12.507463765885682,13.512095096588135,0.00026537044323049486,2.0166842937469482
4150,43.888888888888886,45,40,0.8888888888888888,-4.439730192670928,1.578871142877809,0.0002657232107594609,2.1569936275482178
4151,63.95652173913044,23,20,0.8695652173913043,-3.9176501623762308,1.887424573739069,0.0002658343000803143,1.1858991384506226
4152,63.95652173913044,23,20,0.8695652173913043,-3.0143446415798585,0.954758927047563,0.0002666953660082072,4.50300407409668
4153,-8.784126984126985,105,102,0.9621587301587302,-1.218672172849071,1.1967158183926985,0.0002647549263201654,1.846155047416687
4154,42.294117647058826,51,48,0.9329411764705883,-27.26723371281211,92.78201993306477,0.00027226260863244534,11.211743354797363
4155,-118.6822429906542,214,204,0.9531775700934579,0.6770734029760642,0.9282434100789251,0.0002715929877012968,0.4545798897743225
4156,63.95652173913044,23,20,0.8695652173913043,15.121072285746534,27.502944691975912,0.0002720130723901093,2.8377766609191895
4157,-9.57142857142857,105,101,0.9542857142857143,8.534228780262637,6.700258613407859,0.00027206301456317306,0.733781099319458
4158,-11.471698113207552,106,101,0.9452830188679245,3.9823566962853074,2.421894325485977,0.00027183667407371104,0.27882471680641174
4159,63.95652173913044,23,20,0.8695652173913043,20.975632671701412,57.615091705322264,0.00028785530594177544,22.21896743774414
4160,63.95652173913044,23,20,0.8695652173913043,18.001539532343546,43.93373470306396,0.00032133868080563843,24.054094314575195
4161,43.73202614379085,51,49,0.9473202614379085,9.74480148392419,13.60754367907842,0.0003213181917089969,0.7899417281150818
4162,-14.715151515151518,110,105,0.9528484848484848,-4.168612660011276,4.391960280803963,0.00031399261206388474,0.6835816502571106
4163,-3.7526881720430083,93,83,0.8924731182795699,-10.135271061376395,5.869389886836929,0.00031124037923291326,0.37386277318000793
4164,43.888888888888886,45,40,0.8888888888888888,9.221978112872845,7.394637277722358,0.0003106089716311544,3.7843310832977295
4165,-114.28253968253969,210,202,0.9571746031746031,11.196765374299915,8.547621007652255,0.000302069413010031,0.6849104762077332
4166,40.95652173913044,46,40,0.8695652173913043,-14.815915049115818,16.092790925502776,0.00030262989457696676,3.3902432918548584
4167,40.95652173913044,46,40,0.8695652173913043,-18.049408135811486,24.705723071098326,0.000302202271996066,0.21230274438858032
4168,46.3611111111111,48,46,0.9436111111111111,-35.681090818345545,159.02865982055664,0.0003206528490409255,20.191049575805664
4169,-11.081761006289312,106,101,0.9491823899371069,-7.121364605066919,5.883234611690044,0.00032060733065009117,1.409477949142456
4170,-8.647435897435898,104,100,0.9535256410256411,4.185013482765361,2.251783746246598,0.00031713047064840794,0.13398556411266327
4171,-112.2948717948718,208,200,0.9570512820512821,19.471416050600343,24.456950853273273,0.0003164769150316715,0.99538654088974
4172,-115.86163522012578,212,204,0.9613836477987422,16.36633442146664,18.411883068904746,0.00031629367731511593,1.3085525035858154
4173,68.9090909090909,22,20,0.9090909090909091,22.59266607662042,62.05389957427978,0.0003246924316044897,11.439984321594238
4174,68.9090909090909,22,20,0.9090909090909091,22.18717855264743,63.43988831837972,0.0003254589391872287,3.2128419876098633
4175,-8.784126984126985,105,102,0.9621587301587302,11.123775322429628,11.415428105652332,0.0003224980609957129,1.9824142456054688
4176,-111.55072463768116,207,198,0.9544927536231884,-11.787053308742848,10.904914983987808,0.00031921322806738317,2.1212475299835205
4177,-5.702127659574472,94,83,0.8829787234042553,-18.224760515742513,18.53349698691004,0.00031798475538380444,4.833334922790527
4178,43.18300653594771,51,49,0.9418300653594771,10.435708190481986,13.386573736866316,0.00032815022859722376,12.449862480163574
4179,63.95652173913044,23,20,0.8695652173913043,-5.799730222982665,3.7840750510493915,0.00032459432259202003,2.0934336185455322
4180,59.33333333333334,24,20,0.8333333333333334,-21.247978625943265,52.03492177327474,0.0003253885079175234,3.5647621154785156
4181,-6.857605177993534,103,100,0.9614239482200647,4.49549477386236,2.7038469142742687,0.0003240804362576455,3.703575611114502
4182,63.95652173913044,23,20,0.8695652173913043,-6.393528961141905,4.676485957702001,0.00032359486795030534,2.9005565643310547
4183,-10.047619047619051,105,100,0.9495238095238095,-6.047880944698118,4.516416442349553,0.0003204643144272268,1.703853726387024
4184,-3.7526881720430083,93,83,0.8924731182795699,-13.261948828330175,10.120929796532934,0.0003204259555786848,1.391135334968567
4185,46.90909090909091,44,40,0.9090909090909091,33.31463112777565,89.24766852060954,0.0003255732008256018,8.929367065429688
4186,-111.55072463768116,207,198,0.9544927536231884,-40.821878238151946,99.44558498382568,0.0003231699229218066,1.96280837059021
4187,-3.7526881720430083,93,83,0.8924731182795699,-12.99364134777023,9.301830653684686,0.0002793931635096669,3.8196260929107666
4188,-9.541666666666657,96,83,0.8645833333333334,-36.736535392133106,71.34218310926812,0.00028147269040346146,8.034518241882324
4189,-108.61951219512196,205,198,0.9638048780487805,-4.691039165557002,3.994015644968604,0.000281296408502385,1.0817461013793945
4190,-14.61212121212121,110,106,0.9538787878787879,-2.5563530073208907,2.7518101208878796,0.0002770784485619515,1.6844594478607178
4191,-7.631578947368411,95,83,0.8736842105263158,-20.093048033465344,22.877644289928266,0.0002625565102789551,2.68442440032959
4192,-8.134615384615387,104,100,0.9586538461538462,16.9674040713179,24.79747269630432,0.0002634506381582469,3.834486961364746
4193,-12.271028037383175,107,102,0.9472897196261683,7.9827079197671935,6.34140630981603,0.0002636942663230002,2.658409833908081
4194,-112.82456140350878,209,202,0.9617543859649123,21.08029328941989,32.33574728870392,0.00026044395053759217,1.476407527923584
4195,43.73202614379085,51,49,0.9473202614379085,6.032266967499163,6.161736501132449,0.0002603393222671002,4.727194786071777
4196,-10.377358490566039,106,102,0.9562264150943396,14.07585524074699,16.48087860107422,0.00026024997350759804,0.45110711455345154
4197,-8.784126984126985,105,102,0.9621587301587302,15.999051273605708,22.606640045166017,0.0002602399908937514,0.6198274493217468
4198,-8.647435897435898,104,100,0.9535256410256411,9.608950518263969,7.9716120581030845,0.00026169000193476677,4.748251914978027
4199,43.83660130718954,51,49,0.9483660130718954,-15.941937200671722,31.533127069473267,0.0002687665692064911,10.965300559997559
4200,44.359477124183016,51,49,0.9535947712418301,-12.095532571133798,20.037201770146687,0.0002684885112103075,3.1193482875823975
4201,41.3974358974359,52,49,0.933974358974359,-16.52679178180794,34.58983721733093,0.00028256935183890164,15.4325532913208
4202,46.06666666666666,50,49,0.9606666666666667,4.070235685961628,3.0633784831656765,0.0002757882757578045,0.9156730771064758
4203,-8.974603174603175,105,101,0.9602539682539682,9.847041761510605,9.643850758075715,0.0002777620975393802,6.1890435218811035
4204,-5.702127659574472,94,83,0.8829787234042553,-11.719144975744099,8.055740469430823,0.000278099236311391,1.955528736114502
4205,-5.702127659574472,94,83,0.8829787234042553,-10.688808250618747,6.571547454619504,0.0002781591028906405,0.7509072422981262
4206,-10.880503144654085,106,101,0.9511949685534591,7.542628074502571,5.651340920888121,0.00027476035756990314,5.129471302032471
4207,63.95652173913044,23,20,0.8695652173913043,15.097165420651436,27.85424254735311,0.0002542843285482377,9.470243453979492
4208,63.95652173913044,23,20,0.8695652173913043,14.960572644074757,27.517836825052896,0.0002550158242229372,3.1610641479492188
4209,-11.710280373831779,107,103,0.9528971962616822,5.864723372231325,4.647226189708803,0.0002514149819035083,1.3192393779754639
4210,-106.65188834154353,203,196,0.9634811165845648,4.355588220623788,1.6302867582022444,0.00025029160315170884,0.9066359400749207
4211,-14.61212121212121,110,106,0.9538787878787879,1.5985528023717779,6.788137382943183,0.0002506740565877408,2.2910337448120117
4212,63.95652173913044,23,20,0.8695652173913043,6.395518660545349,4.965658410390218,0.00025122950319200754,4.652360916137695
4213,68.9090909090909,22,20,0.9090909090909091,17.574244293322167,38.60573927561442,0.0002477250527590513,2.2317779064178467
4214,-8.784126984126985,105,102,0.9621587301587302,2.194882682821266,1.2721592111379176,0.0002476044755894691,0.36078372597694397
4215,63.95652173913044,23,20,0.8695652173913043,-5.926711534243077,3.9175719926754633,0.00024829673930071294,4.615035533905029
4216,-7.317152103559877,103,99,0.9568284789644013,-1.970219196736478,1.1759960169486003,0.0002465505967848003,0.2003714144229889
4217,-6.721682847896432,103,100,0.9627831715210357,-1.3178853997512052,0.9447110721571462,0.0002453731431160122,0.3235192894935608
4218,-10.880503144654085,106,101,0.9511949685534591,-14.757237961283419,20.168229595184325,0.0002399695076746866,4.050778388977051
4219,63.95652173913044,23,20,0.8695652173913043,-15.980749211211998,29.833812268575034,0.00024026220489758998,2.200624704360962
4220,43.83660130718954,51,49,0.9483660130718954,-8.367918468018372,9.45527742902438,0.00023183680605143309,0.2615082263946533
4221,-117.3129890453834,213,204,0.9568701095461659,-37.96866706705094,93.8256136932373,0.0002246950607514009,4.245467662811279
4222,-8.782051282051285,104,100,0.9521794871794872,-4.217627631795429,2.5965011672040017,0.00022479724430013448,0.8116925954818726
4223,-12.840978593272169,109,105,0.9615902140672783,-2.62089266364316,2.8929525844523742,0.00021556930732913315,0.5041466355323792
4224,-3.7526881720430083,93,83,0.8924731182795699,-7.369363937212761,3.253988235351072,0.00021555816056206822,0.36301130056381226
4225,41.52564102564102,52,49,0.9352564102564103,16.10961245596409,33.45499976476034,0.00021565661882050335,6.3183207511901855
4226,-5.702127659574472,94,83,0.8829787234042553,-10.775712284218356,6.9764323885661055,0.00021538343571592122,2.026491403579712
4227,46.90909090909091,44,40,0.9090909090909091,44.150077643509334,159.02042605082195,0.00022298493422567844,11.06714916229248
4228,40.95652173913044,46,40,0.8695652173913043,16.76472396850586,22.308632055918377,0.0002233963314210996,2.50150203704834
4229,68.9090909090909,22,20,0.9090909090909091,2.351411171218691,1.1619630525509517,0.00022075496963225305,1.3987818956375122
4230,-114.35873015873017,210,201,0.9564126984126984,23.21999914748178,32.54660886764526,0.00021975001436658204,1.4168834686279297
4231,-118.16510903426791,214,206,0.9583489096573209,12.962038280741139,10.693167039145832,0.00022044834622647613,3.276315450668335
4232,-5.702127659574472,94,83,0.8829787234042553,-27.924186313966192,45.81591927861593,0.00022084028751123697,3.031789541244507
4233,44.359477124183016,51,49,0.9535947712418301,-37.7208049444278,192.8112480163574,0.00024117178691085428,17.821805953979492
4234,40.814814814814824,54,52,0.9481481481481482,-25.7918140457207,94.80472017923991,0.00024376710643991828,6.5619354248046875
4235,44.373333333333335,50,48,0.9437333333333333,-17.38292516755561,41.446520709991454,0.00024402198323514313,5.916664123535156
4236,43.888888888888886,45,40,0.8888888888888888,22.051662782828014,43.5685480594635,0.0002430858148727566,14.616684913635254
4237,-12.840978593272169,109,105,0.9615902140672783,16.572335017388248,25.536398904561995,0.000243120186496526,1.3665035963058472
4238,43.888888888888886,45,40,0.8888888888888888,46.86161215752363,178.13509941101074,0.00024526831111870706,6.154365539550781
4239,-8.784126984126985,105,102,0.9621587301587302,25.976201720928458,57.89396520996094,0.0002457001246511936,2.938391923904419
4240,-118.7601246105919,214,204,0.952398753894081,1.745315960602975,1.8954587232822087,0.00023531033366452903,0.3533015549182892
4241,40.95652173913044,46,40,0.8695652173913043,35.05578927993774,96.0873799641927,0.0002433539048070088,12.554557800292969
4242,44.228758169934636,51,49,0.9522875816993464,26.06473913646014,99.1709706624349,0.0002608249487821013,17.45842933654785
4243,43.87179487179486,52,51,0.9587179487179487,15.440018640007475,34.70767157475154,0.0002653807168826461,9.793951988220215
4244,-5.702127659574472,94,83,0.8829787234042553,-24.664952200958993,32.75348688608192,0.0002673084381967783,6.473177909851074
4245,-14.61212121212121,110,106,0.9538787878787879,-23.749667054585125,51.67645844268799,0.00026775040896609426,3.5219361782073975
4246,63.95652173913044,23,20,0.8695652173913043,-27.70733040968577,82.61340115865072,0.00028190817101858556,16.145061492919922
4247,63.95652173913044,23,20,0.8695652173913043,-27.704217624664306,88.62631225585938,0.0003013067180290818,18.270427703857422
4248,63.95652173913044,23,20,0.8695652173913043,-23.411568744977316,68.03873685201009,0.00030235739541240036,3.5285134315490723
4249,44.373333333333335,50,48,0.9437333333333333,-64.47384049158306,528.8925305684407,0.0003137241583317518,14.575263023376465
4250,43.888888888888886,45,40,0.8888888888888888,-11.595193175193465,10.869201125701268,0.00031644906266592443,5.855708599090576
4251,46.90909090909091,44,40,0.9090909090909091,31.851470194454304,83.46381721496581,0.0003196874458808452,7.526342868804932
4252,43.888888888888886,45,40,0.8888888888888888,37.66172648270925,114.11138706207275,0.0003312442859169096,13.504864692687988
4253,-8.134615384615387,104,100,0.9586538461538462,11.217252620042768,12.040943323135377,0.0003315433277748525,4.184792995452881
4254,-5.702127659574472,94,83,0.8829787234042553,-7.083475228982517,2.8820853558888877,0.0003249009314458817,1.730684518814087
4255,43.888888888888886,45,40,0.8888888888888888,62.80969250087316,292.1118709564209,0.000403224112233147,34.980003356933594
4256,-117.23474178403755,213,204,0.9576525821596245,-41.15472524356842,103.41138361740113,0.0004027575778309256,0.7291514873504639
4257,43.888888888888886,45,40,0.8888888888888888,59.4354777649045,285.5049648284912,0.00044180353870615363,24.866329193115234
4258,44.228758169934636,51,49,0.9522875816993464,36.40591471365224,207.1965695699056,0.0004705706378445029,21.99217414855957
4259,63.95652173913044,23,20,0.8695652173913043,38.44256666302681,194.4134287516276,0.0005025107529945672,31.983661651611328
4260,40.91358024691358,54,52,0.9491358024691358,3.3557899509983447,2.43136061980731,0.00046926719369366765,4.368420124053955
4261,42.85620915032679,51,48,0.938562091503268,-24.253624560544267,79.82830327351888,0.0004782324831467122,11.741395950317383
4262,-5.702127659574472,94,83,0.8829787234042553,-38.92791283406302,87.10766431509731,0.0004801096220035106,5.856372833251953
4263,-1.782608695652172,92,83,0.9021739130434783,-26.886725518478446,43.253419742048024,0.0004893101286143064,12.644434928894043
4264,63.95652173913044,23,20,0.8695652173913043,8.603166714062294,9.38582895596822,0.0004892396973446012,3.081594228744507
4265,-114.28253968253969,210,202,0.9571746031746031,-25.545191994879396,42.169481981277464,0.0004893858567811549,1.9853973388671875
4266,-3.7526881720430083,93,83,0.8924731182795699,-33.56467504769444,67.80787332373929,0.0004937195335514843,9.403243064880371
4267,41.09876543209876,54,52,0.9509876543209876,-30.02985846226489,129.7693691889445,0.0005034193745814264,12.149983406066895
4268,-114.28253968253969,210,202,0.9571746031746031,16.592088765144346,22.284732544898986,0.00047881747013889253,0.6491698622703552
4269,40.91358024691358,54,52,0.9491358024691358,-7.48998842368989,7.5751555323600765,0.0004807299701496959,5.857486248016357
4270,-5.702127659574472,94,83,0.8829787234042553,-12.374478854328753,8.938708021937604,0.00048080552369356155,1.249619483947754
4271,-7.317152103559877,103,99,0.9568284789644013,21.556247540201987,40.82940287017822,0.0004809253732673824,1.5016722679138184
4272,63.95652173913044,23,20,0.8695652173913043,21.814236656824747,60.114160474141435,0.0004817485751118511,3.4689602851867676
4273,43.888888888888886,45,40,0.8888888888888888,39.03242281921363,126.43593139648438,0.00048799850628711283,15.63504409790039
4274,40.95652173913044,46,40,0.8695652173913043,26.320733578359555,56.20180727640788,0.00048755743773654103,2.7420654296875
4275,43.83660130718954,51,49,0.9483660130718954,15.816432261094452,36.86075138250987,0.000510015117470175,19.446165084838867
4276,-5.702127659574472,94,83,0.8829787234042553,-10.791238469023064,6.876862191770929,0.0005104230367578566,4.3223958015441895
4277,-10.691823899371073,106,102,0.9530817610062893,6.311265711314041,5.121548232584494,0.0005093863583169878,2.071004867553711
4278,40.95652173913044,46,40,0.8695652173913043,-7.9819579619603855,5.215371225277583,0.0004999077646061778,3.6050405502319336
4279,68.9090909090909,22,20,0.9090909090909091,6.586636434664252,5.769009800752004,0.0005007318686693907,3.3672375679016113
4280,63.95652173913044,23,20,0.8695652173913043,-11.616488045737302,17.101975949605308,0.0005025110440328717,5.737852573394775
4281,-8.466666666666669,105,102,0.9653333333333334,0.5458002247477707,1.3085158818180207,0.0005013783229514956,0.3157849609851837
4282,-8.134615384615387,104,100,0.9586538461538462,-3.915196964605362,2.759035313607703,0.0005010344320908189,0.8595018982887268
4283,63.95652173913044,23,20,0.8695652173913043,-18.988485198964675,43.798065757751466,0.000505693897139281,8.601481437683105
4284,-10.880503144654085,106,101,0.9511949685534591,-13.110918893814087,17.792243043899536,0.0005055391229689121,1.3109828233718872
4285,-10.377358490566039,106,102,0.9562264150943396,-9.489270850630383,10.296023077011109,0.0005001563113182783,2.5368599891662598
4286,-106.65188834154353,203,196,0.9634811165845648,44.63633355116844,124.97929553985595,0.0005009634187445045,3.8305857181549072
4287,44.69333333333333,50,48,0.9469333333333333,-46.84845069634321,343.09661458333335,0.0005562696023844182,29.644994735717773
4288,-116.70266040688576,213,206,0.9629733959311424,19.72324284923449,28.331782486092767,0.0005548776243813336,6.533346176147461
4289,44.69333333333333,50,48,0.9469333333333333,-21.74421463049948,70.90910908381144,0.0005550923524424434,1.598967432975769
4290,-112.12179487179488,208,200,0.9587820512820513,10.32111041614064,9.414618334615138,0.0005548473563976586,0.4663761854171753
4291,63.95652173913044,23,20,0.8695652173913043,22.69158778190613,61.49814122517903,0.0005629206425510347,11.465789794921875
4292,-10.937694704049846,107,104,0.9606230529595016,18.097220037383472,34.70683758327337,0.0005622304161079228,2.7724740505218506
4293,-118.15264797507788,214,206,0.9584735202492212,-15.23843047972762,23.918933938860892,0.0005619277944788337,0.7788930535316467
4294,44.69333333333333,50,48,0.9469333333333333,31.174661272764205,146.50427633921305,0.0005633817054331303,5.357996463775635
4295,63.95652173913044,23,20,0.8695652173913043,35.096097290267544,142.30774637858073,0.0005679582827724516,9.365007400512695
4296,-8.466666666666669,105,102,0.9653333333333334,14.74467396728929,19.31100755929947,0.0005714382859878242,7.311593055725098
4297,-114.28253968253969,210,202,0.9571746031746031,-39.28995123386383,95.90376127624512,0.0005817569908685982,13.222021102905273
4298,45.733333333333334,50,48,0.9573333333333334,10.499623080205575,15.88523011604945,0.0005803164676763117,2.030141830444336
4299,-14.61212121212121,110,106,0.9538787878787879,-11.027897726375155,13.358669771671295,0.0005751548451371491,5.722527503967285
4300,-9.541666666666657,96,83,0.8645833333333334,-37.89441987501091,81.34560749712718,0.0005749286501668394,2.5671491622924805
4301,-3.7526881720430083,93,83,0.8924731182795699,-13.258153486443332,10.648536134436428,0.000560951535589993,1.482993483543396
4302,45.16,50,48,0.9516,-15.053091991444429,32.44884672164917,0.0005619074800051749,3.900972604751587
4303,63.95652173913044,23,20,0.8695652173913043,4.295585159061011,2.816655711332957,0.0005596733535639942,0.7766538262367249
4304,40.95652173913044,46,40,0.8695652173913043,-2.7362846643663943,0.7210366428698762,0.0005594176473096013,0.2703034281730652
4305,-8.647435897435898,104,100,0.9535256410256411,5.091399977557361,3.0177060065288095,0.0005595214897766709,1.6590813398361206
4306,43.888888888888886,45,40,0.8888888888888888,9.195270385469,7.518264976143837,0.0005580710130743682,1.99270761013031
4307,40.95652173913044,46,40,0.8695652173913043,-1.7620888674010833,0.39652272296564967,0.000552346755284816,0.6328420639038086
4308,-9.177777777777777,105,101,0.9582222222222222,8.413946492104792,6.637053276974475,0.0005520082195289433,2.0762522220611572
4309,63.95652173913044,23,20,0.8695652173913043,-0.5112109209992923,0.15648862783879547,0.000551902805455029,0.6281846761703491
4310,-9.177777777777777,105,101,0.9582222222222222,7.956976408014074,6.1889638978596775,0.0005519045516848564,0.9277803301811218
4311,-108.12418300653596,204,196,0.9587581699346405,7.54766117175114,10.631384358881274,0.0005519571132026613,3.0527124404907227
4312,-7.653846153846146,104,101,0.9634615384615385,10.247016495874215,10.427835139036178,0.0005504192085936666,0.2936590909957886
4313,-7.653846153846146,104,101,0.9634615384615385,7.868455623348314,6.764252970188856,0.0005508528556674719,3.8300535678863525
4314,63.95652173913044,23,20,0.8695652173913043,-7.299498412385583,6.424253938595454,0.000550915312487632,0.9447212219238281
4315,68.9090909090909,22,20,0.9090909090909091,5.936707014997955,5.166578876972198,0.0005502266576513648,2.959047555923462
4316,-5.702127659574472,94,83,0.8829787234042553,-26.272775334552918,41.04151549588246,0.000550626078620553,2.2010927200317383
4317,40.95652173913044,46,40,0.8695652173913043,-16.3408393740654,20.959277923901876,0.0005507245077751577,1.0941693782806396
4318,-114.28253968253969,210,202,0.9571746031746031,-17.92254961884022,21.270828882098197,0.0005503418506123126,3.0900933742523193
4319,-5.702127659574472,94,83,0.8829787234042553,-21.43548552071803,26.747125495389763,0.0005509346956387162,3.560112953186035
4320,68.9090909090909,22,20,0.9090909090909091,8.90767002912859,10.39089838663737,0.0005532019422389567,5.813377857208252
4321,44.359477124183016,51,49,0.9535947712418301,-8.256895209271347,8.373745988806089,0.0005549384513869882,7.315931797027588
4322,43.888888888888886,45,40,0.8888888888888888,13.24093161461254,14.853767323493958,0.0005556407850235701,3.2993433475494385
4323,-7.631578947368411,95,83,0.8736842105263158,-21.334831639944788,26.678785255156367,0.0005559149431064725,2.015453577041626
4324,-114.35873015873017,210,201,0.9564126984126984,14.915277823925019,14.289703548431396,0.0005581544828601182,5.751561641693115
4325,-11.081761006289312,106,101,0.9491823899371069,6.545178318479098,4.641422168043442,0.0005554485251195729,0.17822083830833435
4326,-5.702127659574472,94,83,0.8829787234042553,-9.713141156966428,5.656625111897786,0.0005551216891035438,1.0657206773757935
4327,45.733333333333334,50,48,0.9573333333333334,10.969253388475357,17.51778814395269,0.0005475282086990774,3.0245707035064697
4328,-10.320754716981128,106,102,0.9567924528301887,11.141645061375748,11.241001531422139,0.0005486124427989125,4.439153671264648
4329,63.95652173913044,23,20,0.8695652173913043,-3.5609065419683854,1.3994447784071478,0.0005488788592629135,3.270279884338379
4330,-3.7526881720430083,93,83,0.8924731182795699,-3.8199085836199647,1.0590454843374415,0.0005488439928740263,0.48432818055152893
4331,-3.7526881720430083,93,83,0.8924731182795699,-4.882893051278878,1.6329762749523522,0.0005479971878230572,0.20035137236118317
4332,46.90909090909091,44,40,0.9090909090909091,23.873318648167576,49.68751317660014,0.0005494438810274005,6.594308376312256
4333,-8.974603174603175,105,101,0.9602539682539682,7.382723250212755,5.6871516008471374,0.0005283398204483092,0.19513419270515442
4334,-9.811320754716988,106,103,0.9618867924528302,3.866892131619483,2.204711919969588,0.0005249687819741666,0.9386504292488098
4335,-3.7526881720430083,93,83,0.8924731182795699,-12.405027337751939,9.465265208937558,0.0005222842446528375,0.8607297539710999
4336,59.33333333333334,24,20,0.8333333333333334,-29.181053471565246,101.71807047526042,0.0005247804219834507,14.53552532196045
4337,-9.177777777777777,105,101,0.9582222222222222,-0.38805842913345256,1.0239958851836164,0.0005245940992608666,0.2345525026321411
4338,63.95652173913044,23,20,0.8695652173913043,-12.368107454354565,16.41732339859009,0.0005259412573650479,7.877595901489258
4339,44.359477124183016,51,49,0.9535947712418301,-20.005170290517942,51.54488045374553,0.0005347767728380859,12.875940322875977
4340,63.95652173913044,23,20,0.8695652173913043,-2.226002516768252,0.6615804833903288,0.0005348821869120002,0.6092863082885742
4341,-12.840978593272169,109,105,0.9615902140672783,-0.515372454792617,1.267801201864586,0.0005261762998998165,0.8611210584640503
4342,-9.177777777777777,105,101,0.9582222222222222,7.915969068609178,6.246622627310455,0.000509084144141525,3.382647752761841
4343,-1.782608695652172,92,83,0.9021739130434783,5.234587115739509,1.6714836040653858,0.000503746559843421,0.4562980830669403
4344,68.9090909090909,22,20,0.9090909090909091,28.02228190898895,112.12489204406738,0.0005023845005780458,4.283571243286133
4345,-12.827160493827165,108,104,0.9517283950617283,0.7329711204093087,1.063739875048399,0.0005017391522414982,0.8135392665863037
4346,-3.7526881720430083,93,83,0.8924731182795699,-2.46944440890386,0.5201095682545763,0.0004862960777245462,0.21834848821163177
4347,-9.177777777777777,105,101,0.9582222222222222,10.097684836184605,9.267197525024415,0.0004658413818106055,0.7710253000259399
4348,-118.16510903426791,214,206,0.9583489096573209,-15.987378226221793,19.14875192308426,0.00046801063581369817,7.143033027648926
4349,41.09876543209876,54,52,0.9509876543209876,18.985785170875413,51.15392511685689,0.000457395042758435,5.979090690612793
4350,63.95652173913044,23,20,0.8695652173913043,11.338956151530146,16.608374961217244,0.00045531679643318057,1.4609525203704834
4351,43.888888888888886,45,40,0.8888888888888888,18.521212350561594,28.557675949732463,0.0004520088841672987,0.7589941620826721
4352,-8.974603174603175,105,101,0.9602539682539682,1.3739204645313308,0.8753275969794486,0.00044052116572856903,1.666071891784668
4353,-114.25714285714285,210,202,0.9574285714285714,-12.315421301648021,10.215922508239746,0.00043997171451337636,2.2860379219055176
4354,44.373333333333335,50,48,0.9437333333333333,-25.239920814618625,86.25624888737997,0.00045468652388080955,15.817726135253906
4355,40.814814814814824,54,52,0.9481481481481482,-14.547623439495784,29.587763023376464,0.00038856390165165067,13.979768753051758
4356,-8.784126984126985,105,102,0.9621587301587302,1.9033724689969531,0.8256022547765315,0.00038862027577124536,0.7375614643096924
4357,44.228758169934636,51,49,0.9522875816993464,-3.7881187534884266,2.4229240810330035,0.00034798242268152535,1.6302796602249146
4358,-114.35873015873017,210,201,0.9564126984126984,17.58229086975212,20.488498508453368,0.0003211785515304655,3.911109447479248
4359,63.95652173913044,23,20,0.8695652173913043,2.7819935346022246,1.4102905467152596,0.00026097719091922045,2.3406147956848145
4360,63.95652173913044,23,20,0.8695652173913043,4.685770416259766,3.116111836830775,0.00026039904332719743,1.8755427598953247
4361,40.95652173913044,46,40,0.8695652173913043,17.55760146814088,27.331125235557558,0.0002525254967622459,5.3881378173828125
4362,-5.702127659574472,94,83,0.8829787234042553,-13.804563932479864,11.245809811664872,0.0002505460288375616,0.7089189887046814
4363,-114.40600315955766,211,204,0.9659399684044234,26.876818810797147,48.04673011207581,0.0002419786324026063,2.3521978855133057
4364,-3.7526881720430083,93,83,0.8924731182795699,-7.37858691847468,3.2001066037928725,0.0002412607427686453,1.3146841526031494
4365,-3.7526881720430083,93,83,0.8924731182795699,-8.202493627387357,4.168910893570467,0.00024159479653462768,2.2554051876068115
4366,63.95652173913044,23,20,0.8695652173913043,2.0074909636750817,0.7513204271594683,0.00023667603090871125,0.3293869197368622
4367,-8.409523809523805,105,102,0.9659047619047619,4.734607354514423,2.8012752831293035,0.00022689449542667717,0.7998232245445251
4368,43.888888888888886,45,40,0.8888888888888888,19.9381525238355,33.41470322608948,0.00022957981855142862,6.1363725662231445
4369,-12.840978593272169,109,105,0.9615902140672783,-8.18173720024526,7.978786069273949,0.00022777414415031672,0.27653107047080994
4370,-115.78301886792453,212,204,0.9621698113207547,-26.47653694343567,47.87143981933594,0.0002280322223668918,1.863931655883789
4371,59.33333333333334,24,20,0.8333333333333334,-17.071918511390685,36.17731472651164,0.00022832510876469314,2.8005802631378174
4372,40.95652173913044,46,40,0.8695652173913043,2.2079634835322697,0.5757844833501925,0.00022804974287282676,2.6023454666137695
4373,43.87179487179486,52,51,0.9587179487179487,2.515126049771039,1.55030176061955,0.00021377064695116132,1.7440732717514038
4374,-8.134615384615387,104,100,0.9586538461538462,0.6992178960517049,0.7423341518557572,0.00021338366786949337,0.989812433719635
4375,43.888888888888886,45,40,0.8888888888888888,11.936696712486446,12.555392615000407,0.00019056902965530753,2.4116368293762207
4376,63.95652173913044,23,20,0.8695652173913043,-2.287347326396654,0.7093293707839621,0.00018950247613247484,1.32709538936615
4377,-7.631578947368411,95,83,0.8736842105263158,-29.14717819604529,48.202759876787425,0.0001892623695312068,0.9363203048706055
4378,44.373333333333335,50,48,0.9437333333333333,-12.721985501567056,25.291353662808735,0.00018878793343901634,2.2855427265167236
4379,63.95652173913044,23,20,0.8695652173913043,-0.21927640416348973,0.1185095915881296,0.0001881219941424206,0.1971087008714676
4380,68.9090909090909,22,20,0.9090909090909091,15.061823083417645,32.69475091298421,0.00019134822650812566,9.357283592224121
4381,68.9090909090909,22,20,0.9090909090909091,15.133643898290272,31.31292018890381,0.0001988044095924124,10.979973793029785
4382,-115.86163522012578,212,204,0.9613836477987422,0.6102557366439141,0.5724256304077572,0.0001988226140383631,0.7253113389015198
4383,45.733333333333334,50,48,0.9573333333333334,1.063866573380316,0.965146497319923,0.00019417823932599276,0.9052721858024597
4384,-111.36217948717949,208,202,0.9663782051282052,13.207435724437238,11.833675875663758,0.00019424164202064276,1.6712785959243774
4385,41.09876543209876,54,52,0.9509876543209876,0.935383542390385,0.38142898205599823,0.00019397617143113166,0.8369147181510925
4386,45.16,50,48,0.9516,-7.412594530110558,8.243375925223033,0.00019298384722787887,0.3112952709197998
4387,63.95652173913044,23,20,0.8695652173913043,-8.45584639585771,8.830044662952423,0.00013777209096588194,1.9179736375808716
4388,63.95652173913044,23,20,0.8695652173913043,-7.502750524505973,7.482099541028341,0.00013592722825706005,2.1423416137695312
4389,-115.24842767295598,212,206,0.9675157232704402,2.8534881996298207,1.5071274341305252,0.00013572281750384718,1.2664140462875366
4390,63.95652173913044,23,20,0.8695652173913043,-4.9383287290732065,2.7100003123283387,0.00013580753875430673,1.7891548871994019
4391,-6.857605177993534,103,100,0.9614239482200647,13.95883309861197,19.238630289077758,0.0001269686035811901,0.3966923654079437
4392,-9.811320754716988,106,103,0.9618867924528302,8.516979042180091,7.5730437957644465,0.00012756293290294707,4.382779598236084
4393,-109.36569579288026,206,200,0.9663430420711974,3.274003080915594,1.4014516647435957,0.0001277031551580876,0.9970281720161438
4394,43.87179487179486,52,51,0.9587179487179487,10.344785473495723,18.328190843264263,0.00012742137187160552,4.8500213623046875
4395,63.95652173913044,23,20,0.8695652173913043,-1.0947583749579886,0.1908843506069388,0.0001214630829053931,0.6623073816299438
4396,43.888888888888886,45,40,0.8888888888888888,12.533137234052022,13.836691236495971,0.0001178136735688895,2.810237169265747
4397,59.33333333333334,24,20,0.8333333333333334,-16.102032085259754,33.20657475789388,0.00011551983334356919,10.401556968688965
4398,43.888888888888886,45,40,0.8888888888888888,5.6209053395121975,2.845188795030117,0.00011672461550915614,4.206662178039551
4399,46.3611111111111,48,46,0.9436111111111111,-22.09394557364285,69.64047069549561,0.00011989983613602817,8.6350679397583
4400,-12.737003058103966,109,106,0.9626299694189603,-8.698919909387827,8.855941701889039,0.00012081267777830362,4.5154829025268555
4401,43.888888888888886,45,40,0.8888888888888888,10.831063310305277,10.654562441507975,0.00012083054025424644,1.688475251197815
4402,-9.57142857142857,105,101,0.9542857142857143,-3.2957986799329517,1.8409644521918818,0.00011975143570452929,0.2029811292886734
4403,43.888888888888886,45,40,0.8888888888888888,15.968234395111601,21.710361711184184,0.00012036127009196207,3.4522063732147217
4404,-5.702127659574472,94,83,0.8829787234042553,-17.984061790699418,19.1902340655346,0.00012144086940679699,3.8610446453094482
4405,-3.7526881720430083,93,83,0.8924731182795699,-10.050966423199359,5.8868624781030245,0.00012132182746427134,0.4837106168270111
4406,-7.631578947368411,95,83,0.8736842105263158,-25.308639533206236,37.26144697196991,0.00012126434012316167,1.8567984104156494
4407,63.95652173913044,23,20,0.8695652173913043,11.861045022805532,18.175031169255575,0.00012443962623365223,6.959887981414795
4408,-5.702127659574472,94,83,0.8829787234042553,-14.941567707821786,12.577271620432535,0.00012442987645044923,2.324054718017578
4409,45.16,50,48,0.9516,1.6155072025721893,1.1329772627281878,0.00012438218982424587,0.5282971262931824
4410,-7.631578947368411,95,83,0.8736842105263158,-20.84169142887774,24.582925873109136,0.00012479227734729648,2.792699098587036
4411,-5.702127659574472,94,83,0.8829787234042553,-11.374672187095785,7.726673456559698,0.00012446867185644805,1.2766410112380981
4412,-6.203883495145632,103,100,0.9679611650485437,18.627080764152634,32.75301762771606,0.0001287112245336175,8.122499465942383
4413,44.228758169934636,51,49,0.9522875816993464,5.127505944329702,4.771797774235408,0.00012786996376235038,0.3889442980289459
4414,-5.702127659574472,94,83,0.8829787234042553,-9.312534183526532,5.331698663742188,0.0001278933195862919,1.1687363386154175
4415,63.95652173913044,23,20,0.8695652173913043,10.498042976359526,15.24039535522461,0.00012895165127702057,5.154838562011719
4416,-118.15264797507788,214,206,0.9584735202492212,-40.055083048284054,99.60301527404785,0.0001408932002959773,14.308123588562012
4417,-3.7526881720430083,93,83,0.8924731182795699,-0.2740437119944866,0.22657580029716842,0.00014079843822401017,0.17812535166740417
4418,63.95652173913044,23,20,0.8695652173913043,6.038915363947551,5.092204129695892,0.00014034612104296684,1.202309489250183
4419,46.90909090909091,44,40,0.9090909090909091,24.726044828852174,53.84225168228149,0.00014019067748449743,3.218716621398926
4420,-5.702127659574472,94,83,0.8829787234042553,-6.703844663608505,3.124948001410588,0.00013793932157568634,0.49685993790626526
4421,-10.047619047619051,105,100,0.9495238095238095,11.395815746501087,12.393439121246338,0.00013517394836526364,1.8939930200576782
4422,40.814814814814824,54,52,0.9481481481481482,-9.564238839480094,12.781168297926586,0.00013881383347325027,8.739709854125977
4423,63.95652173913044,23,20,0.8695652173913043,-8.066886301897465,9.10313309431076,0.00014261949399951845,7.848240852355957
4424,63.95652173913044,23,20,0.8695652173913043,-8.7630830625693,9.92722430229187,0.00014262048352975398,5.726118564605713
4425,-115.78301886792453,212,204,0.9621698113207547,22.617752658076892,38.08796978378296,0.00014272048429120332,1.0859007835388184
4426,46.06666666666666,50,49,0.9606666666666667,-8.784687090071028,11.543282715479533,0.00014277630543801934,0.940467894077301
4427,63.95652173913044,23,20,0.8695652173913043,-5.627408448855082,3.6418258329232533,0.0001432657882105559,4.034436225891113
4428,-117.3129890453834,213,204,0.9568701095461659,12.645321588846558,11.082036115467549,0.0001419893087586388,0.7834143042564392
4429,-7.317152103559877,103,99,0.9568284789644013,22.466223438043716,44.741479156494144,0.0001535017363494262,13.859845161437988
4430,46.3611111111111,48,46,0.9436111111111111,-12.300186513882279,20.42515029509862,0.00016602272808086127,14.393890380859375
4431,44.373333333333335,50,48,0.9437333333333333,-2.614975063274044,1.248494787902746,0.00016601698007434607,0.47492143511772156
4432,-12.840978593272169,109,105,0.9615902140672783,10.047999792977954,10.005342346549034,0.00016361504094675183,1.337356448173523
4433,-7.631578947368411,95,83,0.8736842105263158,-13.752930336687939,11.196556493460413,0.0001637597888475284,1.3585853576660156
4434,44.228758169934636,51,49,0.9522875816993464,14.317772033888225,33.1959267616272,0.00016718731785658747,7.652029514312744
4435,-108.07843137254902,204,196,0.9592156862745098,-4.542218828174984,4.098288584707305,0.00016721971041988581,1.0136034488677979
4436,-115.78301886792453,212,204,0.9621698113207547,-15.487971769437943,17.845416297912596,0.00015420425916090608,3.0529911518096924
4437,-5.702127659574472,94,83,0.8829787234042553,-8.099507486245718,4.060925377420633,0.00015435853856615722,1.3088496923446655
4438,-116.7151799687011,213,206,0.962848200312989,-11.562709007844063,11.256522385835648,0.0001512896124040708,2.2843470573425293
4439,-5.702127659574472,94,83,0.8829787234042553,-7.654127653634894,3.5854845396486152,0.00014149551861919463,0.9966115951538086
4440,-115.78301886792453,212,204,0.9621698113207547,-2.222799562301854,0.8297008117584046,0.0001414691359968856,0.5533729791641235
4441,-13.592592592592595,108,103,0.9440740740740741,1.866054831981659,1.107663444109261,0.00014153988740872592,1.3416320085525513
4442,-7.631578947368411,95,83,0.8736842105263158,-12.944072091585422,9.793605262495907,0.00014140550047159195,2.8300812244415283
4443,43.73202614379085,51,49,0.9473202614379085,16.875838481046298,44.75902299880981,0.0001417996099917218,2.465407133102417
4444,68.9090909090909,22,20,0.9090909090909091,26.116725820233114,86.98993174235027,0.00014582258882001042,9.10139274597168
4445,43.888888888888886,45,40,0.8888888888888888,21.111002107461292,37.801209163665774,0.00014622844173572958,2.7399675846099854
4446,-116.70266040688576,213,206,0.9629733959311424,14.03597837887302,14.730211166739464,0.00014848564751446247,6.058468341827393
4447,68.9090909090909,22,20,0.9090909090909091,8.198780048722012,9.327024332682292,0.00014858566282782704,1.6197503805160522
4448,-3.7526881720430083,93,83,0.8924731182795699,-13.712273354479393,13.258140630990146,0.00014567877224180847,1.7567987442016602
4449,-1.782608695652172,92,83,0.9021739130434783,-12.3347534796627,12.025901214634798,0.0001457138714613393,6.180737018585205
4450,59.33333333333334,24,20,0.8333333333333334,-34.404553119341536,152.49165776570638,0.00016537759802304208,17.86180305480957
4451,-10.377358490566039,106,102,0.9562264150943396,-6.72287656361064,5.043812353134156,0.00016536696057301015,0.6383757591247559
4452,47.29931972789116,49,48,0.9629931972789115,-37.69691653363977,208.52263933817545,0.0001654248044360429,2.0171561241149902
4453,44.69333333333333,50,48,0.9469333333333333,-28.564377390841642,122.3745802561442,0.00016541210061404854,2.239715814590454
4454,-115.78301886792453,212,204,0.9621698113207547,11.996707222003723,10.37720909589529,0.00014971313066780567,0.3652576804161072
4455,-5.702127659574472,94,83,0.8829787234042553,-1.7984527602282645,0.34771498290881636,0.00013714833767153323,0.30694448947906494
4456,43.888888888888886,45,40,0.8888888888888888,51.30074394531548,212.74524091084797,0.00015053820970933884,14.538985252380371
4457,63.95652173913044,23,20,0.8695652173913043,28.79464114466682,110.49837697347006,0.0001563861151225865,9.684518814086914
4458,-7.317152103559877,103,99,0.9568284789644013,31.28848381330239,90.61420654296874,0.00016214615607168525,10.334052085876465
4459,-14.61212121212121,110,106,0.9538787878787879,19.160182894691825,35.448970391750336,0.00016453662829007953,6.87575626373291
4460,46.06666666666666,50,49,0.9606666666666667,40.697448346888315,244.4663091023763,0.00016464191139675677,2.30146861076355
4461,-110.83252818035427,207,200,0.9616747181964573,-0.8432383201392367,0.6400064374504145,0.00016274102381430566,0.6638156175613403
4462,-106.65188834154353,203,196,0.9634811165845648,-9.124576463071048,5.816803532004356,0.0001627427845960483,0.7393176555633545
4463,40.91358024691358,54,52,0.9491358024691358,-9.52728664309725,14.033921452363332,0.00016296523972414434,3.1135823726654053
4464,-8.782051282051285,104,100,0.9521794871794872,-11.420263418647258,12.712078958511352,0.00016471653361804783,5.835681438446045
4465,43.888888888888886,45,40,0.8888888888888888,-17.35915578343556,24.94951994419098,0.0001683134032646194,8.238970756530762
4466,-3.7526881720430083,93,83,0.8924731182795699,-31.25003244443591,60.737376124983335,0.00016846136713866144,1.901896357536316
4467,-5.702127659574472,94,83,0.8829787234042553,-38.29747757738658,90.01939545290537,0.00017291074618697166,9.050514221191406
4468,-8.134615384615387,104,100,0.9586538461538462,-12.201205175881915,14.127260753631592,0.0001726686314214021,4.884033679962158
4469,-3.7526881720430083,93,83,0.8924731182795699,-22.215619789728198,30.039823677645153,0.00017281122563872486,1.9430946111679077
4470,44.228758169934636,51,49,0.9522875816993464,-15.951578716665487,37.67365174293518,0.0001730070071062073,1.9543540477752686
4471,-9.541666666666657,96,83,0.8645833333333334,-35.149905744805395,71.89124118850891,0.00017327323439531028,3.906121253967285
4472,-5.702127659574472,94,83,0.8829787234042553,-14.393644813552918,11.706306771580953,0.00017312192358076572,1.2260855436325073
4473,-114.35873015873017,210,201,0.9564126984126984,-14.793177265167236,13.847341455459595,0.0001733539393171668,2.052729845046997
4474,49.36879432624113,47,46,0.9636879432624114,30.62313943614584,131.47478529612223,0.00019334892567712814,18.48821258544922
4475,43.73202614379085,51,49,0.9473202614379085,28.123748966021292,125.85525786081949,0.00021997623844072223,20.478967666625977
4476,40.95652173913044,46,40,0.8695652173913043,25.086604217688244,54.91252431869507,0.0002271988632855937,10.62671947479248
4477,43.888888888888886,45,40,0.8888888888888888,24.421261799770097,50.46616026560466,0.00022925605298951268,5.698488235473633
4478,63.95652173913044,23,20,0.8695652173913043,8.279677039012313,9.461575436592103,0.0002299946645507589,3.9813876152038574
4479,49.36879432624113,47,46,0.9636879432624114,-22.20100017587344,67.82351983388266,0.00023047643480822444,2.761631965637207
4480,-8.134615384615387,104,100,0.9586538461538462,4.41027508655464,2.3519135961325373,0.00022497467580251396,0.28479501605033875
4481,68.9090909090909,22,20,0.9090909090909091,8.628704280111318,9.95829561551412,0.00021751660096924752,0.9631035327911377
4482,-10.937694704049846,107,104,0.9606230529595016,-3.866958078276308,2.0874865335482173,0.00021760845265816897,1.1479997634887695
4483,43.87179487179486,52,51,0.9587179487179487,-38.37310485860253,228.25457801818848,0.0002186273195547983,4.31364107131958
4484,-10.320754716981128,106,102,0.9567924528301887,-1.2110312963547185,0.915246916842967,0.0002184941404266283,1.3749701976776123
4485,-9.541666666666657,96,83,0.8645833333333334,-36.9819445744097,83.48512133249795,0.00022116249601822346,6.780511856079102
4486,-5.379084967320253,102,99,0.9662091503267974,19.859273740768433,36.80528388214111,0.00022510936832986772,7.782577037811279
4487,43.888888888888886,45,40,0.8888888888888888,7.1668805159628395,4.49615976413091,0.00022601547243539244,4.439425945281982
4488,46.3611111111111,48,46,0.9436111111111111,-10.923369488678873,16.783792599042258,0.00022579950746148825,0.7788552045822144
4489,46.3611111111111,48,46,0.9436111111111111,-1.850517585547641,0.8319671021852021,0.00022566776897292584,0.39424949884414673
4490,44.373333333333335,50,48,0.9437333333333333,13.233638516565891,21.060326369603477,0.0002453374327160418,18.288522720336914
4491,-106.60591133004927,203,196,0.9639408866995074,46.08501031068654,140.51498316955568,0.00025377183919772506,11.354063987731934
4492,-7.631578947368411,95,83,0.8736842105263158,-8.804218787744821,4.772905753798274,0.0002524826268199831,0.854630708694458
4493,-116.70266040688576,213,206,0.9629733959311424,12.791667744975419,10.783599986203946,0.00025266598095186055,2.192793607711792
4494,-9.177777777777777,105,101,0.9582222222222222,16.804259981268668,25.627001226425172,0.00025142362574115396,2.288336753845215
4495,63.95652173913044,23,20,0.8695652173913043,14.3591965397199,28.5445831934611,0.0002556089893914759,7.939874649047852
4496,-8.784126984126985,105,102,0.9621587301587302,11.304163422375918,12.386381404399872,0.00025569458375684917,3.029865026473999
4497,44.69333333333333,50,48,0.9469333333333333,5.151132320591751,4.121215748918863,0.0002501378476154059,3.850102424621582
4498,-7.631578947368411,95,83,0.8736842105263158,-23.98134229065903,32.5132603702775,0.0002492858620826155,1.629921317100525
4499,43.87179487179486,52,51,0.9587179487179487,4.604229286916029,3.637984716768066,0.0002453917695675045,2.7672691345214844
4500,-112.12179487179488,208,200,0.9587820512820513,-66.2103225992422,291.4850941772461,0.00024730974109843373,7.227394104003906
4501,-7.631578947368411,95,83,0.8736842105263158,-28.001730384596858,44.354925561621485,0.0002472260966897011,1.1636512279510498
4502,63.95652173913044,23,20,0.8695652173913043,3.2711868045851586,1.6330970764160155,0.00024726372794248164,0.7171297669410706
4503,43.888888888888886,45,40,0.8888888888888888,10.780333250761032,10.245042316118877,0.0002466836594976485,2.0399818420410156
4504,63.95652173913044,23,20,0.8695652173913043,0.36716060831677166,0.15864106953328397,0.00024582157493568957,0.11091332882642746
4505,-5.702127659574472,94,83,0.8829787234042553,-16.25812898965246,15.431649066358206,0.00024588825181126595,1.1792429685592651
4506,-1.782608695652172,92,83,0.9021739130434783,1.1832257929724062,0.17363898813358314,0.00024565187050029635,0.1960092931985855
4507,-7.631578947368411,95,83,0.8736842105263158,-22.399847223068097,29.526267760249983,0.00024592404952272773,7.267802715301514
4508,41.062893081761004,53,51,0.94062893081761,-8.639077974392178,11.575799608230591,0.0002458142989780754,1.9160842895507812
4509,68.9090909090909,22,20,0.9090909090909091,10.663969806220848,13.992526229222616,0.00024858504184521735,6.757369518280029
4510,-3.7526881720430083,93,83,0.8924731182795699,-0.8452188523676074,0.17229953614388496,0.00024812514311634004,0.3952978551387787
4511,42.85620915032679,51,48,0.938562091503268,-6.974787077120861,6.638068520029386,0.00024926516925916076,4.306228160858154
4512,-3.7526881720430083,93,83,0.8924731182795699,3.2187480086426636,0.6518083967474005,0.0002452838234603405,0.35790321230888367
4513,40.95652173913044,46,40,0.8695652173913043,9.96028318858395,8.50589047273,0.00024531283997930586,0.7916409969329834
4514,-5.702127659574472,94,83,0.8829787234042553,-1.7883577428488846,0.38889373039754827,0.00024523900356143713,0.3393648862838745
4515,-9.177777777777777,105,101,0.9582222222222222,21.639664550370014,42.87109712982178,0.00024576118448749185,5.929335594177246
4516,-3.7526881720430083,93,83,0.8924731182795699,6.52500196692934,2.470116440550869,0.00023300903558265418,0.45340433716773987
4517,-10.377358490566039,106,102,0.9562264150943396,17.881160537280827,27.905640497207642,0.00023331008560489863,2.377857208251953
4518,-116.70266040688576,213,206,0.9629733959311424,23.558099881087347,34.775896748359315,0.00023324390349444002,1.092187523841858
4519,63.95652173913044,23,20,0.8695652173913043,-10.38550596050724,12.068691047032674,0.00023580830020364374,7.029496669769287
4520,-115.78301886792453,212,204,0.9621698113207547,4.180749495616881,1.6767964481526287,0.00023579692060593516,0.03625841438770294
4521,-8.647435897435898,104,100,0.9535256410256411,8.113726142244413,5.875565096665847,0.00023603519366588444,2.7738149166107178
4522,63.95652173913044,23,20,0.8695652173913043,-10.605726876482368,13.13445599079132,0.00023503482225351036,8.042550086975098
4523,-8.974603174603175,105,101,0.9602539682539682,3.186990354575324,1.5756240925201128,0.00023144604347180575,0.3805543780326843
4524,43.87179487179486,52,51,0.9587179487179487,-2.205657313083388,1.0466788559875568,0.0002295458980370313,0.4007647931575775
4525,45.733333333333334,50,48,0.9573333333333334,-7.426499999307741,7.308593610922496,0.00022949767298996449,0.5194770097732544
4526,-3.7526881720430083,93,83,0.8924731182795699,-10.552760045017008,6.39705183515587,0.00022952149447519332,0.93950355052948
4527,-114.25714285714285,210,202,0.9574285714285714,-38.0929732696116,91.88413896179199,0.00022868337691761553,1.554535984992981
4528,59.33333333333334,24,20,0.8333333333333334,-13.01063441435496,20.71261599858602,0.00022976701438892633,4.351408004760742
4529,41.09876543209876,54,52,0.9509876543209876,13.29553292772968,21.77576560974121,0.0002328173432033509,15.557487487792969
4530,-12.840978593272169,109,105,0.9615902140672783,-2.7777097121286207,2.070035111461068,0.00021968589862808585,0.16869132220745087
4531,43.888888888888886,45,40,0.8888888888888888,24.637513571236436,50.835512479146324,0.00022001318575348705,2.5561296939849854
4532,40.95652173913044,46,40,0.8695652173913043,12.893963949735431,13.741117997964222,0.00022138631902635098,4.749731063842773
4533,40.814814814814824,54,52,0.9481481481481482,6.377898060232827,5.520033296321829,0.00022254911891650409,4.600621223449707
4534,63.95652173913044,23,20,0.8695652173913043,2.4794764087225,1.0238258515795071,0.00021867104806005955,0.39810407161712646
4535,40.95652173913044,46,40,0.8695652173913043,-5.397454362021138,2.30339654176496,0.0002187817299272865,1.2357470989227295
4536,59.33333333333334,24,20,0.8333333333333334,-14.520607395966847,26.38351279894511,0.00022018884192220867,6.259567737579346
4537,-5.702127659574472,94,83,0.8829787234042553,-20.21873045171121,23.541958552287763,0.00022065493976697326,3.2555184364318848
4538,-116.7151799687011,213,206,0.962848200312989,-8.576937778003513,8.461630464175366,0.0002204799820901826,1.1972482204437256
4539,-10.377358490566039,106,102,0.9562264150943396,-4.550251866068985,2.0506629720220806,0.00022088116384111345,2.209080457687378
4540,-5.702127659574472,94,83,0.8829787234042553,-19.13290100362167,21.38800406934746,0.00022083909425418824,0.1146630272269249
4541,-9.57142857142857,105,101,0.9542857142857143,-0.3271722965030931,0.3418425013435335,0.00022078579058870673,0.1335517019033432
4542,-108.07843137254902,204,196,0.9592156862745098,13.12018691623297,16.013956721842288,0.00022040834301151335,0.30111730098724365
4543,-9.177777777777777,105,101,0.9582222222222222,3.961905046631582,1.7537984045683987,0.00022011387045495212,0.3965742290019989
4544,68.9090909090909,22,20,0.9090909090909091,20.35367716460411,46.18033192952474,0.0002262230555061251,13.628483772277832
4545,-5.702127659574472,94,83,0.8829787234042553,-15.518550550123773,14.663909008225284,0.0002264801732962951,4.161970138549805
4546,-11.710280373831779,107,103,0.9528971962616822,-3.354905799922941,1.4713359152823686,0.00022396043641492724,1.1596131324768066
4547,40.95652173913044,46,40,0.8695652173913043,-16.717935413122177,21.948936625321707,0.0002246781368739903,3.604433059692383
4548,-7.631578947368411,95,83,0.8736842105263158,-23.10348272179983,31.43024708085271,0.00022773633827455342,7.665438175201416
4549,42.294117647058826,51,48,0.9329411764705883,-23.32335827188411,67.98071667353312,0.00023387622786685824,11.493597030639648
4550,43.73202614379085,51,49,0.9473202614379085,-3.1092219950656803,1.9131998748254166,0.00021535622363444418,2.213165044784546
4551,-110.08737864077669,206,198,0.959126213592233,27.001747981734123,45.6685924911499,0.0002231489197583869,10.981060028076172
4552,-108.12418300653596,204,196,0.9587581699346405,26.712862032413483,44.05216529083252,0.00022339765564538538,2.468107223510742
4553,-10.880503144654085,106,101,0.9511949685534591,14.540894879958826,18.53063576221466,0.00022360046568792313,2.9376535415649414
4554,46.90909090909091,44,40,0.9090909090909091,48.24093191861175,192.64101587931316,0.00022427999647334218,3.2968521118164062
4555,-3.7526881720430083,93,83,0.8924731182795699,5.056763903340619,1.454272747039795,0.0002243348426418379,0.7471372485160828
4556,44.228758169934636,51,49,0.9522875816993464,15.263728702560533,35.09828995863597,0.00021110131638124585,1.7910821437835693
4557,43.18300653594771,51,49,0.9418300653594771,1.0659720699613293,0.6593674148219483,0.00020494085038080812,1.0038760900497437
4558,63.95652173913044,23,20,0.8695652173913043,10.37582157254219,14.269520219167074,0.0002012994809774682,7.120600700378418
4559,-115.78301886792453,212,204,0.9621698113207547,-62.07434162704926,252.08544219970702,0.00019961291400250047,3.436274290084839
4560,40.95652173913044,46,40,0.8695652173913043,-15.560206984480223,19.584571548302968,0.00020042835967615247,4.5039472579956055
4561,-112.2948717948718,208,200,0.9570512820512821,-47.77588515850989,148.1662826538086,0.00020462923566810787,7.984593868255615
4562,-115.86163522012578,212,204,0.9613836477987422,-29.599246864816447,59.340048854827884,0.00020537941600196064,3.246607780456543
4563,40.91358024691358,54,52,0.9491358024691358,-5.8339932523341,4.631270233045021,0.0002064642176264897,4.865683078765869
4564,-14.61212121212121,110,106,0.9538787878787879,2.1368966864390533,1.1002192453776989,0.00020449369912967086,0.822776734828949
4565,45.733333333333334,50,48,0.9573333333333334,4.792279118304747,4.82938005377849,0.00020243761537130922,5.694582939147949
4566,-10.880503144654085,106,101,0.9511949685534591,19.10986332024634,33.134680324554445,0.00020699964079540223,8.843213081359863
4567,63.95652173913044,23,20,0.8695652173913043,-2.4338579433659713,0.7994292879515948,0.00020239247533027083,2.5658061504364014
4568,44.373333333333335,50,48,0.9437333333333333,7.023818634993707,7.371542619665464,0.00020091288024559617,0.25797075033187866
4569,40.95652173913044,46,40,0.8695652173913043,12.026419053723414,11.650259816646576,0.00020120742556173354,2.989781141281128
4570,68.9090909090909,22,20,0.9090909090909091,5.749775288393721,4.884113903840383,0.00020126324670854956,2.126410961151123
4571,-7.317152103559877,103,99,0.9568284789644013,32.59126042718196,102.7617648010254,0.00020104415307287127,3.3822875022888184
4572,-12.827160493827165,108,104,0.9517283950617283,16.74622173066299,33.86231063461304,0.00020137803221587092,2.5944695472717285
4573,-14.61212121212121,110,106,0.9538787878787879,7.647885747762594,9.31428464325791,0.00020112202037125826,0.49192535877227783
4574,44.69333333333333,50,48,0.9469333333333333,-25.91184296607971,92.48438774744669,0.00018644840747583658,10.404192924499512
4575,63.95652173913044,23,20,0.8695652173913043,-24.58992653936148,67.60753224690755,0.0001688830670900643,11.400897979736328
4576,46.06666666666666,50,49,0.9606666666666667,-8.081137240649195,10.395448887348175,0.00016474704898428172,6.830465793609619
4577,40.95652173913044,46,40,0.8695652173913043,2.228621269001936,0.6967710228054784,0.00016274243535008281,0.9999908804893494
4578,-108.07843137254902,204,196,0.9592156862745098,138.45010629209992,1150.7699100341797,0.00021816289518028498,30.629316329956055
4579,-114.35873015873017,210,201,0.9564126984126984,78.616960226506,373.26679022216797,0.00021847289463039488,4.487093925476074
4580,-110.83252818035427,207,200,0.9616747181964573,17.58304774266854,21.43099748340482,0.0002189573715440929,3.3980839252471924
4581,63.95652173913044,23,20,0.8695652173913043,-2.4014726376878874,0.8001064786532273,0.00021891114010941237,0.3996281921863556
4582,-9.57142857142857,105,101,0.9542857142857143,-46.03625396151979,196.572833984375,0.00025552563602104783,25.18233871459961
4583,43.888888888888886,45,40,0.8888888888888888,-16.542824054012694,23.387186074256896,0.0002551187062636018,1.8397274017333984
4584,63.95652173913044,23,20,0.8695652173913043,0.0033901150959233443,0.08804329760241672,0.00025512647698633373,0.1099322959780693
4585,-115.86163522012578,212,204,0.9613836477987422,-210.6309897620082,2873.810404296875,0.0003387688484508544,38.26902389526367
4586,44.228758169934636,51,49,0.9522875816993464,-31.045809116961475,147.45286095937092,0.0003475499979685992,16.18842124938965
4587,40.95652173913044,46,40,0.8695652173913043,5.254234727223714,2.5470776844148832,0.00034766271710395813,2.16013240814209
4588,-5.702127659574472,94,83,0.8829787234042553,-42.61751554481476,98.87344823017656,0.0003495391283649951,5.2328314781188965
4589,-114.35873015873017,210,201,0.9564126984126984,-163.4765655567695,1625.7452690429689,0.0004009341064374894,27.753448486328125
4590,-11.710280373831779,107,103,0.9528971962616822,-5.147170193836093,16.11936781368082,0.00038232968654483557,1.6006582975387573
4591,-7.631578947368411,95,83,0.8736842105263158,-27.65874075722024,42.28626568346139,0.0003736143989954144,2.0623815059661865
4592,-3.7526881720430083,93,83,0.8924731182795699,-0.6323765001751119,0.41145527949909644,0.0003735609643626958,0.3976166546344757
4593,68.9090909090909,22,20,0.9090909090909091,113.04555093529635,1384.9007486979167,0.0008148667402565479,85.9085464477539
4594,40.95652173913044,46,40,0.8695652173913043,99.54229587564866,753.7729960123698,0.0008415789343416691,19.577598571777344
4595,-7.631578947368411,95,83,0.8736842105263158,-1.0196520844231318,0.7780443984632632,0.0008361758082173765,0.32113951444625854
4596,-5.702127659574472,94,83,0.8829787234042553,7.298175067973957,2.9596376310151267,0.0008350909920409322,0.6317423582077026
4597,59.33333333333334,24,20,0.8333333333333334,50.00960318247477,270.87548548380533,0.0008666673675179482,22.414167404174805
4598,43.888888888888886,45,40,0.8888888888888888,64.32347354814411,327.79708404541014,0.0008782487129792571,12.2467622756958
4599,40.814814814814824,54,52,0.9481481481481482,37.0611248189969,174.70162518819174,0.0008795541943982244,7.553897857666016
4600,63.95652173913044,23,20,0.8695652173913043,8.551067645971974,9.529311847686767,0.0008776720496825874,2.4740359783172607
4601,44.359477124183016,51,49,0.9535947712418301,-39.05703684831023,188.85564727783202,0.0008894799975678325,15.429891586303711
4602,43.83660130718954,51,49,0.9483660130718954,-60.51527364302892,450.91489435831704,0.0008899305830709636,5.265230178833008
4603,-9.57142857142857,105,101,0.9542857142857143,12.263118736445904,13.303261178970336,0.0008937216480262578,6.284768104553223
4604,-14.700305810397552,109,104,0.9429969418960245,4.55013649833051,3.311420826318208,0.0008936230442486703,1.003115177154541
4605,44.359477124183016,51,49,0.9535947712418301,-42.030338548744474,207.67075958251954,0.0009036819101311266,14.538872718811035
4606,-12.271028037383175,107,102,0.9472897196261683,24.58420677251641,46.04592827987671,0.000903837033547461,3.874171018600464
4607,-114.28253968253969,210,202,0.9571746031746031,101.78335468662686,577.8059453887939,0.0009287724387831986,22.65984535217285
4608,46.3611111111111,48,46,0.9436111111111111,-12.219136953009654,19.883090188602605,0.0009488341165706515,20.095603942871094
4609,46.3611111111111,48,46,0.9436111111111111,-4.66556789008279,4.923474582718942,0.0009472102392464876,5.431827068328857
4610,-14.715151515151518,110,105,0.9528484848484848,35.84058163100574,96.35989954376221,0.0009623843943700194,18.12143898010254
4611,43.888888888888886,45,40,0.8888888888888888,30.984009386226536,73.95554056167603,0.000978373340331018,19.896465301513672
4612,-10.688888888888883,105,100,0.9431111111111111,25.130347986876462,48.45747011184692,0.0009808997856453061,4.224608421325684
4613,63.95652173913044,23,20,0.8695652173913043,15.31656452814738,29.483933035532633,0.0009970744140446186,14.067277908325195
4614,44.373333333333335,50,48,0.9437333333333333,-6.987049106870242,6.227364652153725,0.0009986634831875563,3.1265780925750732
4615,63.95652173913044,23,20,0.8695652173913043,9.203812058021624,8.767105770111083,0.0010039752814918756,11.537321090698242
4616,-121.05246913580247,216,206,0.9494753086419753,-51.430125845074656,173.85678063201905,0.00100799894426018,10.678336143493652
4617,43.18300653594771,51,49,0.9418300653594771,-20.067668459153115,45.94243205388387,0.001014751149341464,12.992009162902832
4618,43.888888888888886,45,40,0.8888888888888888,10.423554682979981,10.839952759941418,0.0010149477748200297,2.009474515914917
4619,-121.05246913580247,216,206,0.9494753086419753,-43.4519479265213,124.10045820236206,0.0010093163000419736,2.8823049068450928
4620,-3.7526881720430083,93,83,0.8924731182795699,-3.972856726968683,1.579689361006212,0.0010091628646478057,0.7439268231391907
4621,43.888888888888886,45,40,0.8888888888888888,20.19095412606451,33.2387944539388,0.001014408771879971,11.577458381652832
4622,43.888888888888886,45,40,0.8888888888888888,20.72479356850187,34.97856425444285,0.001014750450849533,5.806248664855957
4623,-11.471698113207552,106,101,0.9452830188679245,6.500628994632047,4.545616044155213,0.0010198153322562575,6.725241184234619
4624,-115.71090047393365,211,202,0.9528909952606635,11.27935278949514,9.476707514582785,0.0010192652698606253,2.4772658348083496
4625,-7.631578947368411,95,83,0.8736842105263158,-21.074951625911588,24.454904801395525,0.0010201750556007028,2.3312389850616455
4626,-13.592592592592595,108,103,0.9440740740740741,-0.8608795799841755,2.0592347195527982,0.0010194405913352966,2.1916589736938477
4627,63.95652173913044,23,20,0.8695652173913043,-6.453030494228005,4.265131565183401,0.001019392511807382,1.745458722114563
4628,63.95652173913044,23,20,0.8695652173913043,-7.34760971168677,5.634323105216026,0.0010223621502518654,4.585148811340332
4629,-1.782608695652172,92,83,0.9021739130434783,3.7438961049900894,1.239171165939608,0.0010129823349416256,1.9564193487167358
4630,63.95652173913044,23,20,0.8695652173913043,-6.8073405683040615,4.547007361054421,0.0010155488271266222,4.552389144897461
4631,63.95652173913044,23,20,0.8695652173913043,-5.257691495783607,2.965002008900046,0.0010151031892746687,2.584637403488159
4632,63.95652173913044,23,20,0.8695652173913043,-3.9662940457773703,1.4874671502970158,0.001015437999740243,4.7730841636657715
4633,-113.00961538461539,208,198,0.9499038461538462,36.82445223584585,78.53773059844971,0.0010147083085030317,1.4141731262207031
4634,-14.715151515151518,110,105,0.9528484848484848,2.807850240306652,3.4586460768528084,0.001014971872791648,5.291389465332031
4635,43.888888888888886,45,40,0.8888888888888888,10.737199155489604,10.798221052686374,0.0010151360183954239,1.4457616806030273
4636,44.228758169934636,51,49,0.9522875816993464,-11.575056751488349,15.104486263295014,0.0010142222745344043,2.7306573390960693
4637,42.85620915032679,51,48,0.938562091503268,-18.840287442853757,34.29768886566162,0.0010280766291543841,12.866406440734863
4638,68.9090909090909,22,20,0.9090909090909091,21.024091760767625,51.01910171508789,0.001030090730637312,4.723974704742432
4639,63.95652173913044,23,20,0.8695652173913043,7.319606804102659,6.31006137530009,0.0010295863030478358,1.3763195276260376
4640,-14.700305810397552,109,104,0.9429969418960245,-3.4608323388104325,3.530994702595257,0.0010293066734448075,1.5165365934371948
4641,63.95652173913044,23,20,0.8695652173913043,7.176519890626271,5.918502239386241,0.0010301846778020263,6.458635330200195
4642,63.95652173913044,23,20,0.8695652173913043,6.075024805838863,4.47064300775528,0.0010305227478966117,5.052371501922607
4643,41.3974358974359,52,49,0.933974358974359,-3.8474588386496484,2.1342096305520197,0.0010300889844074845,1.786201000213623
4644,-11.471698113207552,106,101,0.9452830188679245,4.320986742538924,2.9715860521358555,0.0010218627285212278,1.0972273349761963
4645,63.95652173913044,23,20,0.8695652173913043,4.18964831312187,2.5391312251488367,0.0010226189624518156,1.9171150922775269
4646,43.888888888888886,45,40,0.8888888888888888,22.037187618366442,37.18085549672445,0.0010225954465568066,3.7004456520080566
4647,-1.782608695652172,92,83,0.9021739130434783,4.2141633586673795,1.2129225521778546,0.0010208236053586006,0.7132529616355896
4648,38.09090909090909,55,52,0.9309090909090909,-8.277559238441366,7.810590340693792,0.0010258561233058572,8.990066528320312
4649,43.888888888888886,45,40,0.8888888888888888,12.658706444082782,13.668248665332793,0.0010145596461370587,0.5941327810287476
4650,-13.592592592592595,108,103,0.9440740740740741,-8.011618305728014,7.153864871466489,0.001014556037262082,2.1625876426696777
4651,63.95652173913044,23,20,0.8695652173913043,-10.513624559218686,11.65685682296753,0.0010045517701655626,2.538604497909546
4652,43.888888888888886,45,40,0.8888888888888888,6.482509760186076,4.43463139187079,0.0010044079972431064,2.3829870223999023
4653,-111.05501618122977,206,196,0.9494498381877022,-10.269902195599018,7.584334400786436,0.0010045762173831463,0.42750877141952515
4654,63.95652173913044,23,20,0.8695652173913043,-12.391487860679627,16.20639560222626,0.0010071549331769347,10.168971061706543
4655,40.91358024691358,54,52,0.9491358024691358,-8.093944269829171,7.609832892815272,0.001008451683446765,3.230161666870117
4656,63.95652173913044,23,20,0.8695652173913043,-9.610478188221654,9.853895715872447,0.0010086914990097284,3.965397596359253
4657,63.95652173913044,23,20,0.8695652173913043,-6.975353578353921,4.754176204403241,0.0010105249239131808,3.334538459777832
4658,63.95652173913044,23,20,0.8695652173913043,-3.0465386673769292,0.9779276684918538,0.0010052433935925364,1.6590009927749634
4659,-118.6822429906542,214,204,0.9531775700934579,-6.143820683612459,5.386496820233297,0.0010033849393948913,3.1750946044921875
4660,-5.702127659574472,94,83,0.8829787234042553,-10.424014091252323,5.7940846801282895,0.0010034417500719428,1.3190600872039795
4661,-117.26100628930818,212,201,0.9473899371069182,-1.2934172278787008,3.5717460270641603,0.0009974940912798047,0.9945997595787048
4662,-9.237179487179489,104,99,0.9476282051282051,15.647269790280735,17.912751113653183,0.0009986115619540215,4.602150917053223
4663,43.888888888888886,45,40,0.8888888888888888,34.074152072736375,87.84625415802002,0.0009976637084037066,8.581794738769531
4664,43.888888888888886,45,40,0.8888888888888888,29.91232884998123,70.71477235158285,0.0010000860784202814,7.659745693206787
4665,-117.26100628930818,212,201,0.9473899371069182,-1.5912874043402299,2.879287065212149,0.0009971442632377148,2.0777528285980225
4666,63.95652173913044,23,20,0.8695652173913043,4.3256170690059665,2.4520931283632916,0.0009956748690456152,1.4881497621536255
4667,42.85620915032679,51,48,0.938562091503268,-16.87250984502025,28.29906561374664,0.0010032785357907414,8.59078311920166
4668,-5.702127659574472,94,83,0.8829787234042553,-16.654305629342435,14.462246435234345,0.0010034035658463836,0.9791790843009949
4669,40.814814814814824,54,52,0.9481481481481482,-4.479995861781784,2.8035140190273524,0.001003547920845449,0.257254034280777
4670,43.888888888888886,45,40,0.8888888888888888,7.217202145854632,4.80810158153375,0.001002397621050477,4.053676128387451
4671,41.836601307189554,51,48,0.9283660130718955,-23.303509661644544,57.80333604812622,0.0010400412138551474,22.3774471282959
4672,40.95652173913044,46,40,0.8695652173913043,1.9881517434337488,0.6505265292764913,0.00103862676769495,1.4487032890319824
4673,-122.47772657450076,217,206,0.9452227342549924,-4.174370875191875,4.085860291212914,0.001038164715282619,2.4120867252349854
4674,-117.26100628930818,212,201,0.9473899371069182,11.041809321337318,8.145701711293775,0.0010281112045049667,3.0067381858825684
4675,41.01282051282051,52,49,0.9301282051282052,7.011368984853228,5.596894105766356,0.0010249920887872577,7.999971389770508
4676,-109.59186991869919,205,196,0.9540813008130081,29.57980898129847,46.37744834709167,0.001024169265292585,0.6914516091346741
4677,46.3611111111111,48,46,0.9436111111111111,7.946088325639721,7.145936290174722,0.0010237072128802538,0.7292718887329102
4678,-114.35873015873017,210,201,0.9564126984126984,9.65396634515391,6.901881769547705,0.0009755396167747676,2.6493372917175293
4679,-113.00961538461539,208,198,0.9499038461538462,-1.39313962432263,2.6314307337905047,0.0009751205216161907,1.1754605770111084
4680,-9.237179487179489,104,99,0.9476282051282051,5.55262916919378,3.3216611951023953,0.0009810501942411065,7.949475288391113
4681,-3.7526881720430083,93,83,0.8924731182795699,-6.130796697245065,2.1782661645886408,0.0009814159711822867,1.1735625267028809
4682,-115.73617693522907,211,202,0.9526382306477094,-24.74803622281462,33.666020167350766,0.0009476367267780006,1.2989587783813477
4683,68.9090909090909,22,20,0.9090909090909091,23.210720063373447,66.68588307698568,0.0009494051337242126,6.830114841461182
4684,-3.7526881720430083,93,83,0.8924731182795699,-8.624324494755891,4.197153778200647,0.0009497384307906032,1.2515230178833008
4685,43.888888888888886,45,40,0.8888888888888888,9.290041599671046,7.1115029166142145,0.0008662664913572371,4.842950344085693
4686,68.9090909090909,22,20,0.9090909090909091,14.813368976232596,25.94175081253052,0.0008563281735405326,8.702680587768555
4687,-14.148148148148152,108,102,0.9385185185185185,-17.23314101831056,24.54109912109375,0.000855659251101315,1.1386796236038208
4688,-11.081761006289312,106,101,0.9491823899371069,-8.330314079429023,6.71287971842289,0.0008539886330254376,4.3496413230896
4689,-9.237179487179489,104,99,0.9476282051282051,-4.033104888605943,2.6607726677272003,0.0008012733887881041,1.048967719078064
4690,63.95652173913044,23,20,0.8695652173913043,-14.42322677920262,22.215192953745525,0.0008017458603717387,3.7529780864715576
4691,43.73202614379085,51,49,0.9473202614379085,-29.5048526050164,93.87781556447347,0.0008332258439622819,21.290260314941406
4692,-5.702127659574472,94,83,0.8829787234042553,-18.036915472712383,17.108349635419117,0.0008339174091815948,2.3387057781219482
4693,-3.7526881720430083,93,83,0.8924731182795699,-5.2500576013498135,1.7483934334775248,0.00039140431908890605,2.322789192199707
4694,46.90909090909091,44,40,0.9090909090909091,29.2427781417345,65.00609664916992,0.0003691440215334296,6.339938640594482
4695,46.90909090909091,44,40,0.9090909090909091,31.326444734508794,75.61320962905884,0.00036943735904060304,1.7379860877990723
4696,-1.782608695652172,92,83,0.9021739130434783,8.259673169973945,3.8225756309118615,0.0003693432081490755,0.7972936630249023
4697,68.9090909090909,22,20,0.9090909090909091,7.835488360375166,7.633201964696249,0.00033836672082543373,3.0037448406219482
4698,63.95652173913044,23,20,0.8695652173913043,-9.865764545369894,10.38263665040334,0.00032867194386199117,2.5448806285858154
4699,-115.71090047393365,211,202,0.9528909952606635,-3.720961859279365,2.6365452132611535,0.0003260921803303063,0.7860077023506165
4700,-12.214953271028037,107,102,0.9478504672897197,3.8690244739403643,2.586756364597939,0.00032649101922288537,3.975682258605957
4701,-118.6822429906542,214,204,0.9531775700934579,-7.55393951330753,4.786091825209442,0.00031449657399207354,3.7782318592071533
4702,-3.7526881720430083,93,83,0.8924731182795699,-3.224461048731139,0.917984769080585,0.0003131799749098718,0.48332273960113525
4703,68.9090909090909,22,20,0.9090909090909091,-0.38310446770628914,0.13366069456096738,0.0003102762275375426,0.3253147304058075
4704,63.95652173913044,23,20,0.8695652173913043,-15.421726794401184,26.16985754966736,0.0003159151820000261,10.266077995300293
4705,46.90909090909091,44,40,0.9090909090909091,11.873589381583345,11.749933300415675,0.00030586757929995656,5.953274726867676
4706,-5.702127659574472,94,83,0.8829787234042553,-11.38300437207921,7.5115316019479526,0.0003052313404623419,0.5636139512062073
4707,63.95652173913044,23,20,0.8695652173913043,-13.6905628879865,20.157867431640625,0.00027593428967520595,3.3583972454071045
4708,63.95652173913044,23,20,0.8695652173913043,-11.15458301641047,13.414689032236735,0.0002521442365832627,2.603424310684204
4709,68.9090909090909,22,20,0.9090909090909091,7.022210090390096,5.932472284634908,0.0002514547959435731,4.025125503540039
4710,68.9090909090909,22,20,0.9090909090909091,9.166680078953505,10.323404963811239,0.00023150615743361413,1.9055447578430176
4711,68.9090909090909,22,20,0.9090909090909091,9.442205969539161,11.268919897079467,0.00021353279589675367,10.29912281036377
4712,-3.7526881720430083,93,83,0.8924731182795699,0.19778493480068673,0.3247609629601088,0.00021251077123451978,0.1613324135541916
4713,46.90909090909091,44,40,0.9090909090909091,14.797480863239617,17.2938792069753,0.0002004711132030934,1.0682822465896606
4714,44.373333333333335,50,48,0.9437333333333333,-20.035743692391254,42.2611381371816,0.00021340213424991816,14.956512451171875
4715,40.95652173913044,46,40,0.8695652173913043,-6.774293352415165,3.5015232471749185,0.000206355718546547,5.145393371582031
4716,-16.47147147147146,111,106,0.9452852852852853,1.1175736553780735,3.1400174283344677,0.000199918620637618,2.179154396057129
4717,-11.081761006289312,106,101,0.9491823899371069,13.991886286635017,14.194960107892753,0.00019168569997418672,5.627668380737305
4718,40.95652173913044,46,40,0.8695652173913043,2.2681395649754754,0.5979738648488516,0.00019150129810441285,0.5702099800109863
4719,0.2087912087912116,91,83,0.9120879120879121,21.768146456092087,24.055639565709125,0.00019153475295752287,2.9327540397644043
4720,44.228758169934636,51,49,0.9522875816993464,4.940831980328342,3.146222822119792,0.0001919972855830565,2.901899576187134
4721,43.888888888888886,45,40,0.8888888888888888,14.228348301847776,16.11767976284027,0.00018616589659359306,6.5675811767578125
4722,63.95652173913044,23,20,0.8695652173913043,-4.292647544294596,1.9773542712132135,0.00018417964747641236,1.0094226598739624
4723,-10.555555555555557,105,100,0.9444444444444444,9.227329828335938,6.705718169298139,0.00018154362624045461,0.9662052989006042
4724,46.3611111111111,48,46,0.9436111111111111,-20.42532788287305,44.786110496521,0.0002157378039555624,23.682090759277344
4725,43.888888888888886,45,40,0.8888888888888888,7.7172351017516725,4.4693131290376185,0.00021611420379485935,3.3529212474823
4726,42.294117647058826,51,48,0.9329411764705883,-13.354425451731368,18.27354379494985,0.00022288165928330272,10.638163566589355
4727,-118.6056338028169,213,202,0.943943661971831,3.680934977104771,2.7327975279845997,0.00022272086062002927,0.7673929929733276
4728,-16.47147147147146,111,106,0.9452852852852853,4.802365479982924,8.43290893763816,0.00022256012016441673,4.288780212402344
4729,-5.702127659574472,94,83,0.8829787234042553,-5.915328678117699,2.1703562749078475,0.00022236315999180079,0.541390597820282
4730,-117.26100628930818,212,201,0.9473899371069182,13.150221559872895,10.690795016501564,0.0002211246028309688,0.15573963522911072
4731,-121.05246913580247,216,206,0.9494753086419753,9.135874224220869,5.386359127678908,0.0002207090292358771,0.22244925796985626
4732,-111.00970873786409,206,196,0.9499029126213592,16.507697082589704,15.419597346574069,0.000219501496758312,1.7704017162322998
4733,-115.73617693522907,211,202,0.9526382306477094,6.275194200726937,3.2298501163300823,0.0002194037224398926,0.26301342248916626
4734,63.95652173913044,23,20,0.8695652173913043,10.761720796426138,13.458488432566325,0.00021796418877784163,2.2487494945526123
4735,-122.47772657450076,217,206,0.9452227342549924,-30.881528801735605,52.32129099655151,0.00022120423091109842,7.400324821472168
4736,-3.7526881720430083,93,83,0.8924731182795699,0.836102774631593,0.3103949384958368,0.00022075549350120127,0.04675661399960518
4737,-121.04012345679013,216,206,0.9495987654320988,-21.62376542133931,27.054435595035553,0.00021050359646324068,1.5494024753570557
4738,-3.7526881720430083,93,83,0.8924731182795699,1.569762925531371,0.3414859229888646,0.00020898533693980426,0.20820142328739166
4739,46.90909090909091,44,40,0.9090909090909091,45.790758615305336,153.78602180480956,0.00022727035684511065,17.63448715209961
4740,44.69333333333333,50,48,0.9469333333333333,14.297526302173841,22.66265933116277,0.00023408465494867414,11.010907173156738
4741,43.888888888888886,45,40,0.8888888888888888,18.55015115340551,25.575702691078185,0.0002319373015780002,1.3222235441207886
4742,68.9090909090909,22,20,0.9090909090909091,8.860717436605288,9.653039868672689,0.00023116559896152467,2.7970099449157715
4743,43.888888888888886,45,40,0.8888888888888888,-7.193853707108064,3.9045376136898993,0.0002317819744348526,3.115412950515747
4744,41.836601307189554,51,48,0.9283660130718955,-50.021176746508964,265.6310930887858,0.00023264762421604246,4.044032096862793
4745,43.888888888888886,45,40,0.8888888888888888,-10.487140582005184,7.981481218338013,0.00023280936875380576,2.375185489654541
4746,46.90909090909091,44,40,0.9090909090909091,10.556797665357589,9.023823219537736,0.0002325520181329921,2.617492914199829
4747,63.95652173913044,23,20,0.8695652173913043,-10.956782304340352,12.502558207511902,0.00023518851958215237,6.406088352203369
4748,41.3974358974359,52,49,0.933974358974359,-7.8897408721735705,7.117222325007121,0.00023492668697144836,9.330854415893555
4749,46.90909090909091,44,40,0.9090909090909091,31.77671451776599,76.95838874181112,0.0002402195823378861,9.773334503173828
4750,43.888888888888886,45,40,0.8888888888888888,22.80333884557088,38.272069994608565,0.0002404607948847115,3.059875011444092
4751,-16.573573573573583,111,105,0.9442642642642642,-1.9688641319802265,6.7341691633183505,0.00024003011640161276,1.2256882190704346
4752,-12.769470404984418,107,101,0.9423052959501558,1.746870671775192,2.505120134736877,0.0002397003408987075,1.3076003789901733
4753,38.09090909090909,55,52,0.9309090909090909,2.3864570229624706,1.150356857025084,0.00024058138660620898,3.3173789978027344
4754,43.888888888888886,45,40,0.8888888888888888,13.862424999351303,14.651014467080435,0.00023470603628084064,0.5895923972129822
4755,-14.092592592592595,108,102,0.9390740740740741,-5.775116488225758,4.758159633535891,0.00023434408649336547,3.1718413829803467
4756,-9.237179487179489,104,99,0.9476282051282051,6.081233489210426,3.553031678931904,0.00023389900161419064,2.597078800201416
4757,-122.49001536098311,217,206,0.945099846390169,-2.819628980589041,2.7064430010786746,0.00023314701684284955,1.0592056512832642
4758,-1.782608695652172,92,83,0.9021739130434783,-0.06575449181175473,0.40783249501640995,0.00023307708033826202,0.26984044909477234
4759,-12.214953271028037,107,102,0.9478504672897197,-4.170959967509844,3.24335689095367,0.00023347164096776396,3.309974193572998
4760,40.95652173913044,46,40,0.8695652173913043,-18.05502406473582,23.372218600908916,0.00023563021386507899,5.641513347625732
4761,-5.702127659574472,94,83,0.8829787234042553,-18.542267460540597,18.249386258872157,0.00023579956905450672,2.0301408767700195
4762,41.062893081761004,53,51,0.94062893081761,-22.196779760559245,49.630837535858156,0.0002371145528741181,6.9109063148498535
4763,-1.782608695652172,92,83,0.9021739130434783,3.9201190410690088,1.1152479670732376,0.0002329829876543954,0.4846020042896271
4764,-1.782608695652172,92,83,0.9021739130434783,7.009970122031928,2.786780754725138,0.00023030659940559417,2.834493398666382
4765,63.95652173913044,23,20,0.8695652173913043,-4.5935261149114615,2.2329261624564727,0.00023002178932074457,0.40855684876441956
4766,63.95652173913044,23,20,0.8695652173913043,-1.525378082630535,0.2943052708937709,0.00022989466378930956,0.30276617407798767
4767,-122.49001536098311,217,206,0.945099846390169,24.929255949343556,33.16024934491143,0.0002250807883683592,0.5007885098457336
4768,63.95652173913044,23,20,0.8695652173913043,4.616324555144335,2.768506433566411,0.00022547176922671497,2.9960825443267822
4769,63.95652173913044,23,20,0.8695652173913043,6.3028895082573095,4.8648213863372805,0.00022550996800418943,1.0871893167495728
4770,-16.573573573573583,111,105,0.9442642642642642,17.058238239916975,34.16160338531411,0.00022462882043328136,0.3329908847808838
4771,-14.148148148148152,108,102,0.9385185185185185,7.465951204367215,6.41314085664507,0.00019317945407237858,2.3232457637786865
4772,43.73202614379085,51,49,0.9473202614379085,23.834729602053024,62.24289299647013,0.00020181269792374223,12.403274536132812
4773,43.888888888888886,45,40,0.8888888888888888,25.70411073435874,49.4707676410675,0.00021903486049268395,16.324338912963867
4774,-115.73617693522907,211,202,0.9526382306477094,-1.8700804416127503,1.724250363865518,0.00021861765708308667,0.25260257720947266
4775,-14.092592592592595,108,102,0.9390740740740741,-12.742416461209533,13.658522541999817,0.0002150664950022474,4.076383113861084
4776,-114.46411483253588,209,198,0.9453588516746412,-24.833680815909727,32.514284294128416,0.0002162276505259797,3.992685079574585
4777,43.888888888888886,45,40,0.8888888888888888,-17.85621669590473,23.221801487604775,0.00021640851628035307,1.2355239391326904
4778,-12.968847352024923,107,101,0.9403115264797508,-17.740296636325773,23.039664710998537,0.00022504793014377356,11.831034660339355
4779,-1.782608695652172,92,83,0.9021739130434783,-12.054373859094987,11.653580915698983,0.00022655153588857502,5.425002574920654
4780,-109.59186991869919,205,196,0.9540813008130081,-3.8716509166078086,3.8203713677055204,0.00022236391669139266,1.860092282295227
4781,-11.081761006289312,106,101,0.9491823899371069,-6.857452996230219,4.680015035331249,0.00022219732636585832,0.34394463896751404
4782,-3.7526881720430083,93,83,0.8924731182795699,-15.55062286346313,16.076726393048542,0.00022253002680372447,2.008356809616089
4783,43.888888888888886,45,40,0.8888888888888888,-12.457282605332633,11.485995475451151,0.00022042702767066658,2.6905605792999268
4784,68.9090909090909,22,20,0.9090909090909091,-3.639297881795452,1.3876172345209246,0.00022033510322216898,0.7776103019714355
4785,43.888888888888886,45,40,0.8888888888888888,-2.9620970415106664,0.7266750685603862,0.00021918246056884527,0.44009649753570557
4786,68.9090909090909,22,20,0.9090909090909091,1.2439424939337187,0.35890102547903857,0.00021512401872314513,1.521809697151184
4787,-12.214953271028037,107,102,0.9478504672897197,7.795727824420173,5.090726535757538,0.00021625764202326536,4.134571075439453
4788,-1.782608695652172,92,83,0.9021739130434783,11.086886494812495,6.428967268112673,0.00021533013205043972,1.6667426824569702
4789,46.90909090909091,44,40,0.9090909090909091,23.662333327283463,43.42626398404439,0.00021804156131111085,6.978830337524414
4790,-14.148148148148152,108,102,0.9385185185185185,3.1931538605351815,2.203601493305774,0.00021812324121128768,3.735421895980835
4791,-12.214953271028037,107,102,0.9478504672897197,9.736106760807685,7.526277620672947,0.00019022409105673432,3.3979151248931885
4792,-12.582554517133957,107,102,0.9441744548286605,6.724270720416109,4.078170629438013,0.0001908117556013167,4.540203094482422
4793,38.09090909090909,55,52,0.9309090909090909,-13.883830828033872,21.36322336991628,0.00019037147285416722,0.3705288767814636
4794,-10.688888888888883,105,100,0.9431111111111111,7.87049590782159,4.97259259497188,0.00018808407185133547,2.4426066875457764
4795,-109.59186991869919,205,196,0.9540813008130081,36.164255200152056,66.2666464805603,0.00018975850252900273,5.184924125671387
4796,68.9090909090909,22,20,0.9090909090909091,2.351047837076476,0.7755200043320656,0.00018997852748725563,1.5212846994400024
4797,43.888888888888886,45,40,0.8888888888888888,2.752198871776151,0.7913910633263489,0.0001893364969873801,0.011898057535290718
4798,63.95652173913044,23,20,0.8695652173913043,-12.851452179532497,18.166999928156535,0.00019374623661860824,9.559749603271484
4799,-114.46411483253588,209,198,0.9453588516746412,-8.871268508254747,5.202434518704307,0.00019387654901947826,2.6394765377044678
4800,-11.13968253968254,105,99,0.9386031746031746,-3.542642316547179,2.125301613406889,0.00019574597536120564,5.897989749908447
4801,40.95652173913044,46,40,0.8695652173913043,-10.425995225474859,7.592329867680868,0.0001949253201019019,2.958765983581543
4802,-11.081761006289312,106,101,0.9491823899371069,0.067488028336149,0.8802503796773089,0.00019493715080898255,0.11860446631908417
4803,-114.46411483253588,209,198,0.9453588516746412,-18.667797977990013,19.31276418662071,0.00019537151092663407,2.2050344944000244
4804,68.9090909090909,22,20,0.9090909090909091,11.327698224534592,15.399941285451254,0.0001902117219287902,3.332535982131958
4805,42.85620915032679,51,48,0.938562091503268,-11.116881568392015,12.182007737954457,0.00018860849377233535,2.3263683319091797
4806,63.95652173913044,23,20,0.8695652173913043,-1.9551005222524205,0.4201969973432521,0.0001886122627183795,0.37221449613571167
4807,46.90909090909091,44,40,0.9090909090909091,30.101767126191408,68.11626815795898,0.00018888362683355808,3.8612382411956787
4808,43.888888888888886,45,40,0.8888888888888888,18.167615069790433,24.745843895276387,0.0001902971853269264,5.049849510192871
4809,-1.782608695652172,92,83,0.9021739130434783,6.507823017893367,2.2978151912191307,0.00018916376575361937,1.1766108274459839
4810,-3.7526881720430083,93,83,0.8924731182795699,-3.889555987951544,1.0012318107329634,0.000189053695066832,0.6897317171096802
4811,-115.71090047393365,211,202,0.9528909952606635,-2.407996898964193,1.5294350845394655,0.00018301124509889632,0.3269140124320984
4812,-1.782608695652172,92,83,0.9021739130434783,2.4346835252989725,0.5533003544717733,0.00018303582328371704,0.40685802698135376
4813,-114.46411483253588,209,198,0.9453588516746412,-9.515283308049577,5.539425558885093,0.00018314602493774146,2.138587713241577
4814,68.9090909090909,22,20,0.9090909090909091,1.380720087957646,0.380169969300429,0.00016998547653201967,0.989697277545929
4815,-115.73617693522907,211,202,0.9526382306477094,-1.1809721750009157,1.475323256733711,0.000168700804351829,1.8954086303710938
4816,40.95652173913044,46,40,0.8695652173913043,-19.119465117901562,26.107879209518433,0.00016973707533907145,4.690494537353516
4817,43.888888888888886,45,40,0.8888888888888888,-6.946635039022658,3.657269074767828,0.0001678205735515803,1.6617778539657593
4818,68.9090909090909,22,20,0.9090909090909091,-0.4419182105300327,0.09704540777893271,0.00016784458421170712,0.7140225172042847
4819,-115.2063492063492,210,200,0.947936507936508,7.631506029437355,3.602895605257829,0.0001680449495324865,3.225339412689209
4820,63.95652173913044,23,20,0.8695652173913043,-13.591816736152396,19.952440627415974,0.00017366025713272393,10.216165542602539
4821,63.95652173913044,23,20,0.8695652173913043,-11.256654252608618,13.14705051581065,0.00017256032151635736,5.701484203338623
4822,-5.702127659574472,94,83,0.8829787234042553,-11.939981890524397,7.675295774237698,0.0001725768088363111,1.4168964624404907
4823,46.90909090909091,44,40,0.9090909090909091,22.258792062600453,37.84602168401082,0.00017256989667657763,1.2891324758529663
4824,-5.702127659574472,94,83,0.8829787234042553,-9.911822120288768,5.339683435049402,0.00013952399604022503,3.195751428604126
4825,-3.7526881720430083,93,83,0.8924731182795699,-0.7706871346860888,0.22553539129385938,0.00013877487799618393,0.2546549439430237
4826,38.18787878787879,55,52,0.9318787878787879,-1.682859574982467,1.08433258854299,0.00013156773638911545,0.8223975896835327
4827,46.90909090909091,44,40,0.9090909090909091,24.775292481280243,45.28497476577759,0.0001318028080277145,2.1455860137939453
4828,-121.04012345679013,216,206,0.9495987654320988,2.1162647087083895,1.4821272404729389,0.000130519358208403,0.05923234671354294
4829,-111.00970873786409,206,196,0.9499029126213592,12.949208546442238,9.404918365180492,0.0001340365706710145,7.940889835357666
4830,-115.2063492063492,210,200,0.947936507936508,-1.1160036543553287,0.8570280925328844,0.0001340474555036053,0.2635277211666107
4831,-1.782608695652172,92,83,0.9021739130434783,3.694300628478553,1.0604731701688475,0.00013426561781670898,1.5855388641357422
4832,46.3611111111111,48,46,0.9436111111111111,-34.700675480903314,114.27937138875326,0.00015238583728205413,16.9689998626709
4833,-5.702127659574472,94,83,0.8829787234042553,-12.322107867064725,8.452880633403977,0.00015251673175953329,1.2889046669006348
4834,63.95652173913044,23,20,0.8695652173913043,6.593546239535014,5.122836565971374,0.00015234346210490912,1.6335337162017822
4835,-113.00961538461539,208,198,0.9499038461538462,0.25782592099025625,0.8230052365777083,0.00014919442764949054,0.8592666983604431
4836,-3.7526881720430083,93,83,0.8924731182795699,3.0917844394966214,0.682982214414109,0.00014920048124622554,0.5386596918106079
4837,-5.702127659574472,94,83,0.8829787234042553,-4.065489850698944,1.062640204271194,0.00014908357115928084,0.16194553673267365
4838,41.3974358974359,52,49,0.933974358974359,15.221291886222025,24.049901723861694,0.00014992595242802054,3.592635154724121
4839,-10.047619047619051,105,100,0.9495238095238095,16.308721014770214,18.572652713775636,0.00013151676103007048,3.2673251628875732
4840,-122.47772657450076,217,206,0.9452227342549924,-17.777742990401574,18.46179802083969,0.0001241881400346756,1.9191601276397705
4841,43.888888888888886,45,40,0.8888888888888888,29.233836948964743,62.55813500086467,0.00013702201249543577,14.44388484954834
4842,41.52287581699346,51,48,0.9252287581699347,-1.2897612373997012,0.46510765346708166,0.00013660750119015574,0.9223984479904175
4843,-120.2031007751938,215,204,0.947968992248062,-8.82486868743926,5.271183327320963,0.0001360003516310826,0.45365139842033386
4844,-115.03492063492064,210,200,0.9496507936507936,0.21080627214651212,1.0857559808260995,0.00013500395289156586,0.3687092661857605
4845,43.888888888888886,45,40,0.8888888888888888,13.243345707654953,13.961027451356252,0.0001356171997031197,4.020400524139404
4846,41.01282051282051,52,49,0.9301282051282052,-16.94329383378275,28.832746315002442,0.00014936027582734823,15.35926628112793
4847,42.85620915032679,51,48,0.938562091503268,-12.604838596435002,16.577181537946064,0.00014814664609730244,5.2759623527526855
4848,42.85620915032679,51,48,0.938562091503268,-7.46894055853639,5.915982836981614,0.00014321198977995664,1.3579397201538086
4849,68.9090909090909,22,20,0.9090909090909091,23.653634041547775,59.37819932301839,0.0001442228676751256,10.259234428405762
4850,68.9090909090909,22,20,0.9090909090909091,21.369433154553796,53.776614570617674,0.00014662901230622083,6.826375961303711
4851,68.9090909090909,22,20,0.9090909090909091,19.06621390199289,40.05331662495931,0.00014755051233805716,4.047997951507568
4852,-5.702127659574472,94,83,0.8829787234042553,-6.198990977702131,2.2541646394863664,0.00014754445874132216,1.262824296951294
4853,-3.7526881720430083,93,83,0.8924731182795699,2.35069410996203,0.4875116019651284,0.0001469035487389192,0.929801881313324
4854,-12.44654088050315,106,100,0.9355345911949685,3.863540998136348,1.9894418549034745,0.0001469995768275112,1.454115390777588
4855,43.888888888888886,45,40,0.8888888888888888,15.379870832466986,17.001394697030385,0.00014676987484563142,2.51120924949646
4856,-1.782608695652172,92,83,0.9021739130434783,8.375483861409995,3.8188913127025925,0.0001463753724237904,0.6698816418647766
4857,-3.7526881720430083,93,83,0.8924731182795699,-2.3636762191874374,0.547463930954635,0.00014633113460149616,0.6565735340118408
4858,46.90909090909091,44,40,0.9090909090909091,11.370062718292077,10.333812661965688,0.00014638320135418326,0.9667605757713318
4859,50.02325581395348,43,40,0.9302325581395349,16.11237778158975,21.002575222651164,0.00014900141104590148,7.302255153656006
4860,-5.702127659574472,94,83,0.8829787234042553,-18.424116091316485,18.67031069069981,0.00014908997400198132,5.780300617218018
4861,41.3974358974359,52,49,0.933974358974359,-47.39279784151198,240.76480878194172,0.00031548141851089895,52.35150909423828
4862,63.95652173913044,23,20,0.8695652173913043,-44.290488129854204,209.68169326782225,0.0003431632649153471,21.98181915283203
4863,-16.557575757575762,110,104,0.9344242424242424,-5.189640602195111,4.494180820360605,0.0003433267993386835,1.3349741697311401
4864,40.95652173913044,46,40,0.8695652173913043,19.04501320918401,24.782140827178956,0.0003444338508415967,5.325885772705078
4865,-1.782608695652172,92,83,0.9021739130434783,20.88264874249218,22.54452851689963,0.0003451245720498264,2.9180290699005127
4866,43.888888888888886,45,40,0.8888888888888888,54.30357158621773,203.24786020914715,0.0004044478409923613,30.98063850402832
4867,-3.7526881720430083,93,83,0.8924731182795699,15.540891745561607,12.078372813611624,0.00040446739876642823,1.3510513305664062
4868,-5.702127659574472,94,83,0.8829787234042553,5.444214502282171,1.6288525383261954,0.0004041364591103047,1.7875031232833862
4869,63.95652173913044,23,20,0.8695652173913043,13.562529313067595,20.460236994425454,0.0004099935758858919,9.826970100402832
4870,-121.56481481481481,216,204,0.9443518518518519,59.953498250886796,176.046608253479,0.0004488426784519106,25.056428909301758
4871,68.9090909090909,22,20,0.9090909090909091,14.266528737576058,23.39915658632914,0.0004513746243901551,6.571566104888916
4872,-20.144542772861357,113,106,0.9285545722713864,-17.47952658357425,25.51982260322571,0.0004436490125954151,5.7171101570129395
4873,-16.0091743119266,109,102,0.929908256880734,-14.967498958285898,17.254450065612794,0.00042918953113257885,5.167807102203369
4874,46.3611111111111,48,46,0.9436111111111111,-22.873829211948518,54.165445709228514,0.00046184053644537926,23.014787673950195
4875,43.888888888888886,45,40,0.8888888888888888,2.136085739025536,0.61394277077549,0.00046096701407805085,1.2926439046859741
4876,43.888888888888886,45,40,0.8888888888888888,4.49055177445213,1.784400322136935,0.0004599414824042469,1.073343276977539
4877,63.95652173913044,23,20,0.8695652173913043,-18.30955369869868,35.37167297999064,0.00046164242667146027,5.5745086669921875
4878,-121.64197530864197,216,204,0.9435802469135802,-40.89692069353536,88.52052662658691,0.00045334280002862215,3.122964382171631
4879,40.814814814814824,54,52,0.9481481481481482,9.66041673348039,10.03044024410301,0.00045302664511837065,4.45143985748291
4880,40.95652173913044,46,40,0.8695652173913043,5.666639020542304,2.602101988962386,0.000452860607765615,0.5944198966026306
4881,43.888888888888886,45,40,0.8888888888888888,17.468539704879124,23.205660804112753,0.000453605578513816,3.4424757957458496
4882,-18.31547619047619,112,106,0.9368452380952381,-12.490333622436971,15.349448920726775,0.0004533681785687804,0.38958361744880676
4883,-18.31547619047619,112,106,0.9368452380952381,-12.293673313547261,14.939917353153229,0.0004532792081590742,2.275827646255493
4884,59.33333333333334,24,20,0.8333333333333334,-19.109257392088573,37.63158934911092,0.00046561070485040545,14.074256896972656
4885,68.9090909090909,22,20,0.9090909090909091,14.742970092097918,24.315675926208495,0.00046581984497606754,2.0245118141174316
4886,59.33333333333334,24,20,0.8333333333333334,-13.755458986759185,19.219237438837688,0.00046828811173327267,6.489993572235107
4887,-3.7526881720430083,93,83,0.8924731182795699,3.907732606412895,0.9961411408712081,0.0004671820788644254,0.39298173785209656
4888,63.95652173913044,23,20,0.8695652173913043,8.19558734074235,7.661888575553894,0.00046799436677247286,3.950080394744873
4889,46.90909090909091,44,40,0.9090909090909091,36.338832558567326,96.34857699076335,0.0004676243115682155,7.108720302581787
4890,0.2087912087912116,91,83,0.9120879120879121,21.4201364536362,24.194038950295813,0.00046790335909463465,4.084906578063965
4891,43.888888888888886,45,40,0.8888888888888888,11.584840228843193,10.32545437713464,0.0004686676838900894,5.01630163192749
4892,-5.702127659574472,94,83,0.8829787234042553,-9.196378258337457,4.677602184584821,0.0004677379038184881,2.1900746822357178
4893,38.09090909090909,55,52,0.9309090909090909,-18.789713399399382,39.79619140625,0.00046908255899325013,4.7418293952941895
4894,-115.2063492063492,210,200,0.947936507936508,-5.18948680364262,2.2958223470990777,0.0004688847984652966,1.8236736059188843
4895,63.95652173913044,23,20,0.8695652173913043,-8.995102495641913,7.992022144794464,0.0004715465474873781,8.180188179016113
4896,-117.16037735849056,212,202,0.9483962264150944,-4.115533591831904,2.1084190470796313,0.00047182568232528865,2.3834586143493652
4897,63.95652173913044,23,20,0.8695652173913043,-3.573063245198379,1.4769920355834378,0.00047224247828125954,2.4215869903564453
4898,-12.582554517133957,107,102,0.9441744548286605,9.634619932819158,7.444861991725862,0.0004665846354328096,0.9574911594390869
4899,-1.782608695652172,92,83,0.9021739130434783,11.33863354100281,6.832142395188052,0.0004661761049646884,1.0787473917007446
4900,-122.47772657450076,217,206,0.9452227342549924,-3.2567262902252843,1.9578075785110705,0.0004641031555365771,0.21627211570739746
4901,43.888888888888886,45,40,0.8888888888888888,10.729366452029597,9.357639135917028,0.0004639929684344679,2.602430582046509
4902,-5.702127659574472,94,83,0.8829787234042553,-5.813633460790877,2.0164467965263917,0.0004642514686565846,1.729198694229126
4903,68.9090909090909,22,20,0.9090909090909091,18.718375617824496,40.72217292785645,0.0004921012441627681,21.42490577697754
4904,46.90909090909091,44,40,0.9090909090909091,16.220787507171433,21.242036843299864,0.0004926062538288534,4.470241546630859
4905,-1.782608695652172,92,83,0.9021739130434783,8.084484351970943,3.6373013478206344,0.0004923322703689337,1.1140530109405518
4906,-120.2031007751938,215,204,0.947968992248062,4.131041281379745,1.8649832056039013,0.0004923632950522006,1.2123453617095947
4907,63.95652173913044,23,20,0.8695652173913043,-19.260299344857533,37.72640399932861,0.0005210597300902009,22.228153228759766
4908,63.95652173913044,23,20,0.8695652173913043,-18.89093586007754,40.21959584554036,0.0005323439254425466,13.907944679260254
4909,40.91025641025641,52,49,0.9291025641025641,-41.40986057108191,170.04867668151854,0.0006102058687247336,36.015106201171875
4910,-3.7526881720430083,93,83,0.8924731182795699,0.37438832215841367,0.27195805474216594,0.0006102111656218767,0.6287499070167542
4911,38.369696969696975,55,52,0.9336969696969697,11.805343792528038,13.790299870322148,0.0006139082834124565,7.146303176879883
4912,63.95652173913044,23,20,0.8695652173913043,17.893814373016358,35.767542680104576,0.0006142844795249403,1.9544298648834229
4913,-118.7601246105919,214,204,0.952398753894081,32.748561060910696,55.79256449985504,0.0006139666074886918,0.9690036177635193
4914,-18.31547619047619,112,106,0.9368452380952381,10.182790923818015,11.510632495753468,0.0006146015366539359,2.7909417152404785
4915,43.888888888888886,45,40,0.8888888888888888,37.87908557156722,107.65817928314209,0.0006158534670248628,4.277594566345215
4916,-113.75279106858054,209,200,0.9524720893141946,16.38112405441294,14.846112568855286,0.0006142029887996614,0.8095584511756897
4917,46.90909090909091,44,40,0.9090909090909091,34.33728181300685,86.1087064743042,0.0006343848071992397,17.803041458129883
4918,40.95652173913044,46,40,0.8695652173913043,0.5943020906648598,0.3567770853822973,0.0006343862041831017,0.37288936972618103
4919,38.369696969696975,55,52,0.9336969696969697,-15.725227849868437,28.623424275716147,0.0006358294631354511,5.270944118499756
4920,46.90909090909091,44,40,0.9090909090909091,8.291461877967231,6.508768336971601,0.0006290703895501792,0.9558924436569214
4921,38.32098765432099,54,51,0.9232098765432099,-38.55964509244077,158.17189795176188,0.0006610773270949721,23.251789093017578
4922,-1.782608695652172,92,83,0.9021739130434783,-1.8386111718464089,0.6347805828095207,0.0006609013071283698,0.3987487852573395
4923,68.9090909090909,22,20,0.9090909090909091,16.026205551127592,29.918262322743733,0.0006615622551180422,3.698640823364258
4924,-16.573573573573583,111,105,0.9442642642642642,-13.71190943524707,17.769322360038757,0.0006615281454287469,3.1048548221588135
4925,-11.943396226415103,106,100,0.940566037735849,-5.380621067830361,4.007546196989293,0.0006615722086280584,0.5530802607536316
4926,-121.05246913580247,216,206,0.9494753086419753,-63.99851573391562,221.33473138427735,0.0006695723859593272,11.177374839782715
4927,59.33333333333334,24,20,0.8333333333333334,-4.537718044221402,2.1766454008718332,0.000669544970151037,2.532579183578491
4928,-114.46411483253588,209,198,0.9453588516746412,-27.755438768038992,43.575739456176755,0.0006707941647619009,4.255134582519531
4929,-118.7601246105919,214,204,0.952398753894081,-7.548308042777411,4.7437153692618015,0.0006669779540970922,2.0286805629730225
4930,42.294117647058826,51,48,0.9329411764705883,33.99294551824763,122.77928142547607,0.0006672721938230097,1.9635488986968994
4931,-114.46411483253588,209,198,0.9453588516746412,25.549327398248018,32.71830442237854,0.0006678745266981423,3.2869083881378174
4932,-11.081761006289312,106,101,0.9491823899371069,26.269491070677525,48.0245304107666,0.0006584079237654805,11.345817565917969
4933,-11.081761006289312,106,101,0.9491823899371069,22.392384195273888,35.36844913959503,0.0006587738753296435,2.751166820526123
4934,46.3611111111111,48,46,0.9436111111111111,6.783858127200362,5.666265590116382,0.000658749311696738,1.4552855491638184
4935,-118.7601246105919,214,204,0.952398753894081,26.660032919234006,39.247944883346555,0.0006593003636226058,3.145735502243042
4936,-14.092592592592595,108,102,0.9390740740740741,-3.896626470244839,3.364782547179697,0.0006599018233828247,3.2134854793548584
4937,-5.702127659574472,94,83,0.8829787234042553,-16.69460438970237,14.671891275658664,0.0006619563209824264,5.886806964874268
4938,-109.59186991869919,205,196,0.9540813008130081,16.437799903104956,16.854867031097413,0.0006612364086322486,1.3407862186431885
4939,46.90909090909091,44,40,0.9090909090909091,-5.447704074845508,2.2543882899094267,0.0006608000257983804,1.7405401468276978
4940,68.9090909090909,22,20,0.9090909090909091,-12.949238760521014,18.29102832476298,0.0006696861237287521,12.084223747253418
4941,46.90909090909091,44,40,0.9090909090909091,-14.947405514058968,15.860799384117126,0.0006570388213731349,2.423616886138916
4942,-118.6056338028169,213,202,0.943943661971831,-39.61837609927263,78.7594885559082,0.0006589039694517851,5.725981712341309
4943,43.888888888888886,45,40,0.8888888888888888,-22.590913516818546,37.87668072382609,0.0006601838977076113,4.461985111236572
4944,-120.2031007751938,215,204,0.947968992248062,-27.34803198636556,38.47842447280884,0.0006602454232051969,1.1793020963668823
4945,-11.471698113207552,106,101,0.9452830188679245,-10.949480860396172,9.923354360103607,0.0006616560858674347,6.639754772186279
4946,-5.702127659574472,94,83,0.8829787234042553,-19.40828554314303,19.848915433309163,0.0006478700670413673,4.452014923095703
4947,-122.49001536098311,217,206,0.945099846390169,4.893626689493606,2.566983548137476,0.0006462537567131221,2.062558174133301
4948,63.95652173913044,23,20,0.8695652173913043,-4.077418995561311,1.8168938299020132,0.0006460783770307899,0.9700687527656555
4949,-8.647435897435898,104,100,0.9535256410256411,14.625401740312634,15.235087955713272,0.0006398236728273332,0.300698459148407
4950,43.888888888888886,45,40,0.8888888888888888,21.777094209194182,37.22922398249308,0.0006391954375430942,5.958059787750244
4951,41.52287581699346,51,48,0.9252287581699347,-3.426796618695759,1.5371467933990062,0.0006383926956914365,0.461525559425354
4952,-10.688888888888883,105,100,0.9431111111111111,9.96404022556427,7.833471855575117,0.0006383683648891747,0.3586720824241638
4953,68.9090909090909,22,20,0.9090909090909091,22.879522086959334,58.12921396891276,0.0006480775191448629,12.389495849609375
4954,63.95652173913044,23,20,0.8695652173913043,4.144603997468948,2.226302159825961,0.000648062617983669,1.8840070962905884
4955,-115.03492063492064,210,200,0.9496507936507936,55.46422780068487,156.82556510925292,0.0006734664202667773,20.338403701782227
4956,46.90909090909091,44,40,0.9090909090909091,19.793393876603417,29.50415918032328,0.0006748568266630173,4.833611488342285
4957,-1.782608695652172,92,83,0.9021739130434783,-1.3973324415273964,0.38708365592980726,0.0006748397718183696,0.3825117349624634
4958,63.95652173913044,23,20,0.8695652173913043,-18.266261780261992,30.942062918345133,0.0006943727494217455,18.0198917388916
4959,40.371794871794876,52,49,0.9237179487179488,-53.8146306395909,279.17684644063314,0.000879577302839607,55.74042892456055
4960,-121.04012345679013,216,206,0.9495987654320988,-11.475862312088532,8.692035349234123,0.0008779481868259609,1.564972996711731
4961,-3.7526881720430083,93,83,0.8924731182795699,-11.386382680685525,6.85657101079642,0.0007032056455500424,1.0290143489837646
4962,43.888888888888886,45,40,0.8888888888888888,13.790844996133819,14.68065934975942,0.0006806646706536412,8.011650085449219
4963,-118.6056338028169,213,202,0.943943661971831,-12.13065738319233,9.603613405942918,0.0006816915702074766,3.223515272140503
4964,40.91358024691358,54,52,0.9491358024691358,19.761144557843604,41.72844141324361,0.0006852051592431962,10.343354225158691
4965,41.3974358974359,52,49,0.933974358974359,6.463861954697737,4.7593496620189395,0.0006898270803503692,7.969669818878174
4966,-10.047619047619051,105,100,0.9495238095238095,2.836969983429881,1.6654908672078745,0.0006319464300759137,0.3236919045448303
4967,43.888888888888886,45,40,0.8888888888888888,23.31246590084241,40.56867520014445,0.0006372639327310026,8.963046073913574
4968,68.9090909090909,22,20,0.9090909090909091,20.630122881072264,50.29822832743327,0.0006377081153914332,3.7706403732299805
4969,43.435374149659864,49,46,0.9243537414965987,-25.323412354398656,65.02929776509603,0.0006374417571350932,10.512727737426758
4970,-113.75279106858054,209,200,0.9524720893141946,-0.8566954204532394,0.751780348889879,0.0006006594630889595,0.7298489212989807
4971,-10.691823899371073,106,102,0.9530817610062893,-2.480356826770236,1.8156278926645901,0.0005979754496365786,0.46079665422439575
4972,46.3611111111111,48,46,0.9436111111111111,-14.455068991285346,20.677158013979593,0.0006039688014425337,10.808012962341309
4973,-3.7526881720430083,93,83,0.8924731182795699,-8.154280832357122,3.7115155310037147,0.0006031759548932314,3.386359453201294
4974,46.90909090909091,44,40,0.9090909090909091,31.126591569092124,73.87908763885498,0.0005786102847196162,11.630146980285645
4975,40.95652173913044,46,40,0.8695652173913043,8.970353577534357,6.432148431738217,0.0005784908425994217,1.5215390920639038
4976,68.9090909090909,22,20,0.9090909090909091,14.157847201327483,23.75670722325643,0.0005821228842251003,8.383101463317871
4977,63.95652173913044,23,20,0.8695652173913043,-4.468067131074107,1.9301117360591888,0.0005808421410620213,4.909604549407959
4978,68.9090909090909,22,20,0.9090909090909091,7.835117022066455,7.19789658387502,0.0005806456902064383,1.5990530252456665
4979,38.18787878787879,55,52,0.9318787878787879,-12.840671841638004,19.027839771906535,0.0005839342484250665,8.842650413513184
4980,46.90909090909091,44,40,0.9090909090909091,16.285752840340137,21.479377456506093,0.0005838275537826121,1.2866166830062866
4981,42.85620915032679,51,48,0.938562091503268,-20.266567189246416,44.04766944249471,0.0006294436170719564,26.89406394958496
4982,43.888888888888886,45,40,0.8888888888888888,6.979693503677845,4.156249366064245,0.0006293862825259566,0.661403238773346
4983,63.95652173913044,23,20,0.8695652173913043,-13.496739029884338,20.63630329767863,0.0006364788860082626,10.612472534179688
4984,-118.7601246105919,214,204,0.952398753894081,9.742822519068694,5.648310449940502,0.0006246772245503962,1.7515116930007935
4985,-13.592592592592595,108,103,0.9440740740740741,-7.124444915646571,5.991759597063065,0.0006264104740694165,5.624140739440918
4986,46.90909090909091,44,40,0.9090909090909091,28.855844390392303,63.56569945017497,0.0006255573243834078,4.771754264831543
4987,63.95652173913044,23,20,0.8695652173913043,-7.457032511631648,6.0247901439666744,0.0006256864871829748,1.9054325819015503
4988,43.888888888888886,45,40,0.8888888888888888,16.241115333884956,19.590782884756724,0.0006257362547330558,4.12196159362793
4989,-12.769470404984418,107,101,0.9423052959501558,-6.7977813586404086,5.599437114025466,0.0006221235380508006,0.40908142924308777
4990,45.16,50,48,0.9516,-4.778635536262876,2.8861381945510707,0.0006217006593942642,2.8633315563201904
4991,46.90909090909091,44,40,0.9090909090909091,20.6729946247302,33.331148171424864,0.0006201607757247984,0.718498706817627
4992,40.95652173913044,46,40,0.8695652173913043,-5.929220172266166,2.544147317421933,0.0006199715426191688,1.1697649955749512
4993,-3.7526881720430083,93,83,0.8924731182795699,-10.956093531535812,6.49052401192217,0.0006185992388054729,1.2683005332946777
4994,63.95652173913044,23,20,0.8695652173913043,-14.911793398857117,26.01305767695109,0.0006275952910073102,12.17289924621582
4995,-5.702127659574472,94,83,0.8829787234042553,-20.099581904200665,20.952978195435552,0.0006256061024032533,6.411159992218018
4996,42.294117647058826,51,48,0.9329411764705883,-25.473686629642422,66.49854599634806,0.0006561155896633863,22.789581298828125
4997,0.2087912087912116,91,83,0.9120879120879121,10.672120929075719,6.242769580289542,0.0006557174492627382,1.5497089624404907
4998,-11.943396226415103,106,100,0.940566037735849,-0.9072082582782164,1.6768153841123603,0.0006557193701155484,2.127476930618286
4999,-12.214953271028037,107,102,0.9478504672897197,4.6936078002830035,3.2067344740130936,0.0006561582558788359,2.5429370403289795
