episode,reward,bins,optimal_bins,utilization,actor_loss,critic_loss,gradient_variance,gradient_norm
0,30.845238095238102,56,49,0.868452380952381,64.94656372070312,218.06187438964844,0.0,60.4204216003418
1,27.954022988505756,58,51,0.8595402298850575,-281.8772277832031,3747.525634765625,0.04960130527615547,170.55728149414062
2,-3.7526881720430083,93,83,0.8924731182795699,-165.5207061767578,871.7185668945312,0.044063813984394073,45.77665328979492
3,40.95652173913044,46,40,0.8695652173913043,184.3043670654297,1388.3138427734375,0.04065985605120659,62.343162536621094
4,-31.358974358974365,117,101,0.8564102564102564,-177.5142822265625,1045.5023193359375,0.053980786353349686,130.53512573242188
5,-34.28374655647383,121,106,0.8671625344352617,-137.61297607421875,660.2451171875,0.05647050589323044,101.59886932373047
6,-132.49924585218702,221,196,0.8850075414781298,-688.46484375,12693.384765625,0.07885397970676422,207.1131134033203
7,36.031446540880495,53,48,0.890314465408805,324.3704528808594,5067.228515625,0.11735223978757858,285.5651550292969
8,-147.7177304964539,235,206,0.872822695035461,-648.3197021484375,11854.8125,0.12605752050876617,167.9965362548828
9,25.850574712643677,58,49,0.8385057471264368,330.5828857421875,5356.3583984375,0.13908651471138,208.28585815429688
10,27.26900584795321,57,49,0.8426900584795322,343.2793884277344,5895.20361328125,0.15149542689323425,220.93035888671875
11,26.976608187134502,57,48,0.839766081871345,347.3684997558594,5362.66943359375,0.1566985845565796,180.27186584472656
12,20.66666666666667,62,52,0.8266666666666667,273.2962341308594,3699.93408203125,0.16075341403484344,183.14324951171875
13,63.95652173913044,23,20,0.8695652173913043,357.824951171875,7067.3359375,0.15394002199172974,78.70323181152344
14,23.08888888888889,60,51,0.8308888888888889,209.12188720703125,2099.5419921875,0.14595799148082733,61.11567687988281
15,-7.631578947368411,95,83,0.8736842105263158,13.009984970092773,5.729409694671631,0.13759513199329376,1.6075929403305054
16,59.33333333333334,24,20,0.8333333333333334,243.27159118652344,3788.81884765625,0.13053348660469055,36.84548568725586
17,-7.631578947368411,95,83,0.8736842105263158,-50.61695098876953,85.63375091552734,0.12381719797849655,4.6073150634765625
18,28.54761904761905,56,48,0.8454761904761905,79.59629821777344,327.5248107910156,0.11803368479013443,30.977985382080078
19,-25.555555555555557,114,101,0.8844444444444445,-210.9405975341797,1604.12158203125,0.11292949318885803,41.738136291503906
20,20.827956989247312,62,52,0.8282795698924731,10.151636123657227,6.597053527832031,0.1078842356801033,2.507845878601074
21,-5.702127659574472,94,83,0.8829787234042553,-104.65771484375,352.35821533203125,0.10330399125814438,12.42488956451416
22,63.95652173913044,23,20,0.8695652173913043,202.10574340820312,2355.88134765625,0.09949788451194763,45.7236442565918
23,-5.702127659574472,94,83,0.8829787234042553,-121.20906066894531,465.43328857421875,0.0956524908542633,16.688152313232422
24,38.1063829787234,47,40,0.851063829787234,93.39185333251953,382.1298828125,0.09220946580171585,23.61261749267578
25,20.58064516129032,62,52,0.8258064516129032,-46.13933181762695,100.00786590576172,0.08892956376075745,20.384000778198242
26,-149.08757062146893,236,206,0.8691242937853108,-1038.097412109375,30028.708984375,0.09548069536685944,204.95578002929688
27,-25.78466076696165,113,99,0.8721533923303835,-274.1401672363281,2643.61083984375,0.09304045885801315,64.86030578613281
28,40.95652173913044,46,40,0.8695652173913043,115.928466796875,632.6239013671875,0.09025159478187561,43.797386169433594
29,-5.702127659574472,94,83,0.8829787234042553,-95.87030029296875,298.1178894042969,0.08739212900400162,10.973907470703125
30,30.72619047619048,56,49,0.8672619047619048,62.54683303833008,211.5948944091797,0.08484075963497162,28.931901931762695
31,43.888888888888886,45,40,0.8888888888888888,162.41197204589844,1212.73291015625,0.08284883201122284,57.86476135253906
32,31.509090909090915,55,48,0.8650909090909091,90.69954681396484,395.2236633300781,0.08091104030609131,47.40720748901367
33,-137.12979351032448,226,201,0.8887020648967552,-823.1013793945312,19532.0,0.10208670049905777,365.5090637207031
34,-7.631578947368411,95,83,0.8736842105263158,-57.01689147949219,112.71456146240234,0.09926842898130417,13.337142944335938
35,-7.631578947368411,95,83,0.8736842105263158,-43.71658706665039,65.53424072265625,0.09664793312549591,12.016363143920898
36,40.95652173913044,46,40,0.8695652173913043,194.3654327392578,1699.14306640625,0.09441616386175156,45.422218322753906
37,28.964285714285708,56,48,0.8496428571428571,149.3745880126953,961.0564575195312,0.09274492412805557,64.51293182373047
38,59.33333333333334,24,20,0.8333333333333334,256.95367431640625,3569.080322265625,0.09108968079090118,62.79931640625
39,-135.25112107623318,223,196,0.8774887892376682,-775.2510375976562,16332.0693359375,0.09238868951797485,156.49075317382812
40,36.031446540880495,53,48,0.890314465408805,181.4492950439453,1435.334716796875,0.09172341227531433,99.9517593383789
41,-7.631578947368411,95,83,0.8736842105263158,-25.44961929321289,21.787405014038086,0.08960460126399994,6.634303092956543
42,-28.908045977011497,116,102,0.870919540229885,-121.2311782836914,538.0010986328125,0.08859883248806,87.73060607910156
43,-139.45722713864308,226,196,0.8654277286135693,-764.4584350585938,16358.0009765625,0.11881455034017563,483.451904296875
44,-5.702127659574472,94,83,0.8829787234042553,0.14583222568035126,0.7451145648956299,0.11623656004667282,0.8894845843315125
45,-137.0353982300885,226,202,0.889646017699115,-707.3490600585938,14176.283203125,0.12663160264492035,306.921630859375
46,63.95652173913044,23,20,0.8695652173913043,293.6383972167969,4997.7666015625,0.12663477659225464,140.63648986816406
47,32.842424242424244,55,49,0.8784242424242424,218.3193817138672,2331.597412109375,0.12599888443946838,126.96314239501953
48,-33.08474576271186,118,101,0.8491525423728814,-54.53190231323242,122.52289581298828,0.12351745367050171,18.776897430419922
49,63.95652173913044,23,20,0.8695652173913043,304.24261474609375,5279.51611328125,0.12171069532632828,72.31048583984375
50,63.95652173913044,23,20,0.8695652173913043,282.93817138671875,4996.3076171875,0.11964888870716095,46.728515625
51,-30.82336182336182,117,101,0.8617663817663818,-62.451900482177734,158.71263122558594,0.11745601892471313,23.495508193969727
52,38.1063829787234,47,40,0.851063829787234,197.9482421875,1657.73291015625,0.11555080115795135,47.26836395263672
53,-27.134502923976612,114,100,0.8686549707602339,-91.03178405761719,317.6331787109375,0.11379043012857437,54.863182067871094
54,-128.28134556574923,218,196,0.8971865443425077,-613.8643798828125,10893.8056640625,0.11423909664154053,150.3446044921875
55,-3.7526881720430083,93,83,0.8924731182795699,2.4174656867980957,1.1796635389328003,0.11222986876964569,0.4189266860485077
56,-25.74269005847954,114,101,0.8825730994152047,-64.76509857177734,178.80751037597656,0.11047986149787903,42.31177520751953
57,-28.908045977011497,116,102,0.870919540229885,-61.01415252685547,154.12832641601562,0.10869348794221878,28.295772552490234
58,-25.380116959064324,114,102,0.8861988304093568,-17.20973777770996,29.3455867767334,0.10688381642103195,8.968036651611328
59,23.021857923497265,61,52,0.8402185792349727,159.78387451171875,1175.717529296875,0.10561050474643707,68.68963623046875
60,40.95652173913044,46,40,0.8695652173913043,222.15184020996094,2214.973876953125,0.1042417511343956,56.970245361328125
61,32.03030303030303,55,48,0.8703030303030304,191.7381591796875,1693.897705078125,0.10273592919111252,39.56160354614258
62,-24.327433628318587,113,101,0.8867256637168142,-10.323749542236328,23.12851333618164,0.10112908482551575,6.152185440063477
63,38.1063829787234,47,40,0.851063829787234,170.26719665527344,1331.89013671875,0.0997394472360611,41.36913299560547
64,-136.52592592592595,225,200,0.8847407407407407,-579.6971435546875,9775.6865234375,0.09958239644765854,121.66546630859375
65,-144.96852646638055,233,206,0.8803147353361945,-614.3873291015625,10927.77734375,0.10165926069021225,198.86839294433594
66,34.641975308641975,54,48,0.8864197530864197,140.4016876220703,958.6591186523438,0.10044894367456436,54.257965087890625
67,43.888888888888886,45,40,0.8888888888888888,189.41537475585938,1602.65380859375,0.09961769729852676,80.58047485351562
68,59.33333333333334,24,20,0.8333333333333334,210.56466674804688,2400.081787109375,0.09844765812158585,55.730369567871094
69,40.95652173913044,46,40,0.8695652173913043,153.77133178710938,1043.7664794921875,0.09716252982616425,36.22883987426758
70,-35.8111111111111,120,102,0.8418888888888889,-129.9495391845703,661.8515014648438,0.09599380940198898,48.19318389892578
71,-3.7526881720430083,93,83,0.8924731182795699,-18.18617057800293,15.011817932128906,0.09467780590057373,2.4312472343444824
72,40.95652173913044,46,40,0.8695652173913043,110.46328735351562,524.3040771484375,0.09340545535087585,11.012081146240234
73,59.33333333333334,24,20,0.8333333333333334,124.2210693359375,974.0943603515625,0.09586796164512634,215.14248657226562
74,63.95652173913044,23,20,0.8695652173913043,124.67742919921875,982.37646484375,0.09463150054216385,16.590909957885742
75,-24.769911504424783,113,100,0.8823008849557522,-189.78102111816406,1300.7320556640625,0.09354080259799957,42.14513397216797
76,-7.631578947368411,95,83,0.8736842105263158,-120.3646469116211,473.7693176269531,0.09234405308961868,5.895927429199219
77,-25.74269005847954,114,101,0.8825730994152047,-180.0915069580078,1234.373291015625,0.09129759669303894,40.898189544677734
78,-33.31932773109243,119,103,0.8568067226890757,-173.02186584472656,1169.267333984375,0.09035403281450272,52.199867248535156
79,-26.860869565217385,115,102,0.8813913043478261,-68.04156494140625,223.21316528320312,0.08924844115972519,10.407011985778809
80,27.26900584795321,57,49,0.8426900584795322,59.09828186035156,177.06300354003906,0.08816904574632645,12.5612211227417
81,-5.702127659574472,94,83,0.8829787234042553,70.17166137695312,161.07772827148438,0.08710796386003494,4.539296627044678
82,-7.631578947368411,95,83,0.8736842105263158,93.15147399902344,265.3874816894531,0.08622260391712189,46.833290100097656
83,40.95652173913044,46,40,0.8695652173913043,207.58096313476562,1893.830078125,0.08528034389019012,32.29582214355469
84,59.33333333333334,24,20,0.8333333333333334,202.02581787109375,2559.165283203125,0.08438779413700104,36.37968444824219
85,27.26900584795321,57,49,0.8426900584795322,125.88468170166016,789.2058715820312,0.08347303420305252,28.954017639160156
86,-153.1896792189679,239,206,0.8581032078103208,-284.82177734375,3601.52978515625,0.08321765810251236,102.47346496582031
87,38.1063829787234,47,40,0.851063829787234,110.96536254882812,582.005126953125,0.08230170607566833,16.3945255279541
88,46.90909090909091,44,40,0.9090909090909091,132.3275146484375,780.38037109375,0.08139625936746597,10.512491226196289
89,-34.37741046831957,121,105,0.8662258953168044,-54.347225189208984,197.6112518310547,0.08051542192697525,13.56412124633789
90,-3.7526881720430083,93,83,0.8924731182795699,-24.561691284179688,27.65097427368164,0.07964179664850235,3.2061192989349365
91,-5.702127659574472,94,83,0.8829787234042553,-54.20818328857422,105.35105895996094,0.07878702878952026,5.485622406005859
92,63.95652173913044,23,20,0.8695652173913043,54.92390060424805,189.70074462890625,0.07795092463493347,5.475316047668457
93,20.827956989247312,62,52,0.8282795698924731,-160.52171325683594,1179.8475341796875,0.07718897610902786,29.29867935180664
94,25.49717514124295,59,51,0.8449717514124294,-132.1740264892578,726.0103759765625,0.07642249017953873,24.249675750732422
95,-153.17852161785214,239,206,0.8582147838214784,-245.16558837890625,3389.39306640625,0.07574503123760223,37.62356185913086
96,-9.541666666666657,96,83,0.8645833333333334,7.617123603820801,10.230751037597656,0.07497217506170273,0.9464998841285706
97,59.33333333333334,24,20,0.8333333333333334,125.43505859375,913.632080078125,0.07422011345624924,8.825645446777344
98,30.36904761904762,56,49,0.8636904761904762,118.21771240234375,690.8006591796875,0.07348892092704773,13.82522964477539
99,-20.406060606060606,110,99,0.8959393939393939,218.9752655029297,1623.2630615234375,0.0728539526462555,38.985530853271484
100,29.876543209876544,54,46,0.8387654320987654,70.96354675292969,274.6552734375,0.0726555734872818,14.776667594909668
101,-7.631578947368411,95,83,0.8736842105263158,59.87656021118164,115.27813720703125,0.07084883749485016,7.460124969482422
102,-137.75811209439527,226,200,0.8824188790560472,-23.068260192871094,1280.6688232421875,0.07096982002258301,62.30731964111328
103,38.1063829787234,47,40,0.851063829787234,29.36252784729004,52.093963623046875,0.07073895633220673,2.4659743309020996
104,-29.264367816091948,116,101,0.8673563218390805,-44.57384490966797,129.9045867919922,0.06973954290151596,10.813196182250977
105,59.33333333333334,24,20,0.8333333333333334,19.40119743347168,27.351503372192383,0.0691286250948906,6.8808393478393555
106,31.084848484848493,55,48,0.8608484848484849,-135.00006103515625,855.4764404296875,0.06674385070800781,57.0543327331543
107,26.473684210526315,57,48,0.8347368421052631,-151.2575225830078,982.1353149414062,0.06180349737405777,27.633760452270508
108,-7.631578947368411,95,83,0.8736842105263158,-36.36193084716797,47.65801239013672,0.060061533004045486,2.783454656600952
109,-32.38418079096046,118,102,0.8561581920903955,-11.065799713134766,40.249969482421875,0.05744507163763046,2.8367323875427246
110,43.888888888888886,45,40,0.8888888888888888,82.67169189453125,324.5634460449219,0.054487194865942,4.930057048797607
111,-139.30543318649046,227,200,0.8769456681350954,-6.568709373474121,1043.32275390625,0.05251654237508774,18.050277709960938
112,55.0,25,20,0.8,75.24388122558594,373.96173095703125,0.05047838017344475,16.02192497253418
113,29.77380952380952,56,49,0.8577380952380952,47.69593048095703,144.04603576660156,0.05009521171450615,7.396271705627441
114,25.422222222222217,60,52,0.8542222222222222,41.631690979003906,119.12614440917969,0.04988567531108856,10.479482650756836
115,-133.8978978978979,222,196,0.881021021021021,23.98955726623535,836.7638549804688,0.04991665482521057,22.734455108642578
116,40.95652173913044,46,40,0.8695652173913043,87.87104034423828,382.72723388671875,0.04983249306678772,9.82473087310791
117,38.1063829787234,47,40,0.851063829787234,61.490692138671875,188.21478271484375,0.04983483627438545,6.7153849601745605
118,40.95652173913044,46,40,0.8695652173913043,57.83541488647461,151.58705139160156,0.04977703467011452,4.798561096191406
119,-141.29403202328967,229,201,0.8770596797671033,-90.94677734375,1155.8944091796875,0.049798138439655304,45.295310974121094
120,63.95652173913044,23,20,0.8695652173913043,45.19782638549805,139.1412353515625,0.04979785531759262,3.3130218982696533
121,40.95652173913044,46,40,0.8695652173913043,0.23297806084156036,10.232829093933105,0.049789827316999435,0.8250840902328491
122,-29.148148148148152,117,104,0.8785185185185185,-58.47468566894531,148.86874389648438,0.04967315495014191,8.570135116577148
123,-5.702127659574472,94,83,0.8829787234042553,-57.47060012817383,109.19802856445312,0.04965637996792793,3.304776906967163
124,40.95652173913044,46,40,0.8695652173913043,-19.56913185119629,24.657163619995117,0.04962042346596718,1.4221816062927246
125,38.1063829787234,47,40,0.851063829787234,-31.474990844726562,47.03935241699219,0.04959539696574211,2.6672210693359375
126,-5.702127659574472,94,83,0.8829787234042553,-44.56584167480469,66.1738510131836,0.04703801870346069,4.0601420402526855
127,30.72619047619048,56,49,0.8672619047619048,-101.75341033935547,473.4667053222656,0.04680389165878296,11.39816665649414
128,30.36904761904762,56,49,0.8636904761904762,-72.40412139892578,225.2222442626953,0.04677460342645645,36.38246536254883
129,-141.2008733624454,229,202,0.8779912663755458,-36.61790466308594,746.7151489257812,0.04678921028971672,20.191429138183594
130,55.0,25,20,0.8,57.88726043701172,197.26644897460938,0.046744454652071,14.930790901184082
131,59.33333333333334,24,20,0.8333333333333334,95.2088394165039,534.9403686523438,0.046544935554265976,16.232065200805664
132,63.95652173913044,23,20,0.8695652173913043,119.57310485839844,861.0419311523438,0.0464080385863781,7.831550598144531
133,-32.55367231638418,118,101,0.8544632768361582,156.68922424316406,807.1790161132812,0.038311202079057693,26.016658782958984
134,63.95652173913044,23,20,0.8695652173913043,90.20951080322266,486.45404052734375,0.03836662322282791,33.42449188232422
135,-141.9141193595342,229,200,0.870858806404658,-31.123371124267578,679.5637817382812,0.03837938234210014,18.917497634887695
136,63.95652173913044,23,20,0.8695652173913043,33.756072998046875,70.71952819824219,0.03824915736913681,4.731459140777588
137,40.58666666666667,50,46,0.9058666666666667,-83.32764434814453,323.62115478515625,0.0380236990749836,16.53815460205078
138,40.95652173913044,46,40,0.8695652173913043,-25.810983657836914,35.20421600341797,0.037796419113874435,0.2672533094882965
139,-27.324637681159416,115,101,0.8767536231884058,-56.656494140625,133.92544555664062,0.03626735880970955,6.051170349121094
140,-149.63841807909606,236,204,0.8636158192090395,-142.89532470703125,1427.0233154296875,0.03569929301738739,24.49444580078125
141,59.33333333333334,24,20,0.8333333333333334,-11.0430908203125,7.201637268066406,0.03569702059030533,0.9279235005378723
142,-5.702127659574472,94,83,0.8829787234042553,-18.271804809570312,17.78645133972168,0.03522118926048279,0.6556932330131531
143,-5.702127659574472,94,83,0.8829787234042553,0.6609469652175903,7.9225263595581055,0.0209227092564106,0.6605954170227051
144,-11.432989690721655,97,83,0.8556701030927835,-15.1310396194458,13.450509071350098,0.020922675728797913,1.3189618587493896
145,63.95652173913044,23,20,0.8695652173913043,35.150604248046875,92.3405990600586,0.015105187892913818,12.653892517089844
146,-3.7526881720430083,93,83,0.8924731182795699,54.31074523925781,106.74260711669922,0.013909373432397842,4.054047107696533
147,-29.620689655172413,116,101,0.8637931034482759,85.29383087158203,255.1521759033203,0.012955338694155216,23.260826110839844
148,40.95652173913044,46,40,0.8695652173913043,25.56499671936035,43.66024398803711,0.012943590991199017,10.73194694519043
149,-9.541666666666657,96,83,0.8645833333333334,-7.431402206420898,8.983590126037598,0.01263368222862482,0.6348294019699097
150,43.888888888888886,45,40,0.8888888888888888,9.73313045501709,20.517379760742188,0.012502611614763737,1.9111722707748413
151,59.33333333333334,24,20,0.8333333333333334,-13.752315521240234,11.360113143920898,0.012466606684029102,1.4479402303695679
152,-5.702127659574472,94,83,0.8829787234042553,-27.220136642456055,31.77573013305664,0.012334621511399746,2.7659647464752197
153,-28.620689655172413,116,102,0.8737931034482759,-13.236455917358398,29.132505416870117,0.012154588475823402,7.637026309967041
154,43.888888888888886,45,40,0.8888888888888888,-28.37726402282715,33.889625549316406,0.010791626758873463,11.061820030212402
155,-1.782608695652172,92,83,0.9021739130434783,-18.641740798950195,18.940580368041992,0.010791790671646595,1.8006117343902588
156,-5.702127659574472,94,83,0.8829787234042553,-37.40925598144531,52.87575149536133,0.01068588625639677,2.701544761657715
157,29.77380952380952,56,49,0.8577380952380952,-147.97669982910156,933.2159423828125,0.0107338298112154,41.65580749511719
158,-31.593220338983045,118,103,0.8640677966101695,25.110828399658203,41.004554748535156,0.010728786699473858,6.026979923248291
159,40.95652173913044,46,40,0.8695652173913043,22.376020431518555,39.623619079589844,0.010441393591463566,4.0600810050964355
160,-7.631578947368411,95,83,0.8736842105263158,45.01945877075195,72.44966888427734,0.010252541862428188,0.9916326403617859
161,-141.2008733624454,229,202,0.8779912663755458,101.35929107666016,765.9531860351562,0.010216841474175453,33.141571044921875
162,26.06432748538012,57,48,0.8306432748538012,-35.46150207519531,63.708370208740234,0.01024341769516468,22.992033004760742
163,31.509090909090915,55,48,0.8650909090909091,8.685596466064453,34.841522216796875,0.010139025747776031,5.6364922523498535
164,-1.782608695652172,92,83,0.9021739130434783,110.75460815429688,407.8809509277344,0.00927338283509016,15.392060279846191
165,40.95652173913044,46,40,0.8695652173913043,72.28413391113281,250.25523376464844,0.006886945106089115,2.8578333854675293
166,33.02380952380953,56,51,0.8902380952380953,13.375293731689453,38.323936462402344,0.0067069982178509235,3.0135695934295654
167,43.888888888888886,45,40,0.8888888888888888,57.0143928527832,160.19471740722656,0.006287811789661646,3.9922075271606445
168,59.33333333333334,24,20,0.8333333333333334,18.07500648498535,20.23951530456543,0.006110321264714003,8.424092292785645
169,-3.7526881720430083,93,83,0.8924731182795699,2.5077972412109375,6.899537086486816,0.006036769133061171,0.8183420896530151
170,-31.593220338983045,118,103,0.8640677966101695,-31.47800064086914,56.88628387451172,0.005906372331082821,10.415566444396973
171,-32.050847457627114,118,102,0.8594915254237289,-53.9590950012207,123.32105255126953,0.0059167491272091866,13.13200569152832
172,55.0,25,20,0.8,-18.99618148803711,22.920278549194336,0.005912189371883869,5.787187576293945
173,-135.25112107623318,223,196,0.8774887892376682,-78.56537628173828,653.1182250976562,0.003119691973552108,19.69818687438965
174,-34.79831932773109,119,101,0.8420168067226891,-67.76285552978516,173.71766662597656,0.0031227495055645704,18.287830352783203
175,-5.702127659574472,94,83,0.8829787234042553,-15.302886962890625,11.100549697875977,0.003014462534338236,4.584686756134033
176,59.33333333333334,24,20,0.8333333333333334,15.951759338378906,16.957653045654297,0.003012123517692089,0.5054212212562561
177,43.888888888888886,45,40,0.8888888888888888,41.8538932800293,93.40495300292969,0.002914284821599722,7.7713141441345215
178,-9.541666666666657,96,83,0.8645833333333334,16.841991424560547,13.319665908813477,0.0027444399893283844,1.2801088094711304
179,43.888888888888886,45,40,0.8888888888888888,57.553829193115234,153.09942626953125,0.002745728474110365,10.26295280456543
180,-7.631578947368411,95,83,0.8736842105263158,34.22121810913086,42.57632064819336,0.0027356219943612814,3.423509120941162
181,28.54761904761905,56,48,0.8454761904761905,-57.66107940673828,154.1699981689453,0.002737663686275482,6.947389125823975
182,-29.85470085470085,117,103,0.8714529914529915,94.43156433105469,339.90557861328125,0.002673979615792632,33.97420883178711
183,59.33333333333334,24,20,0.8333333333333334,18.536874771118164,27.046485900878906,0.002614797092974186,5.867509841918945
184,-9.541666666666657,96,83,0.8645833333333334,-1.0864900350570679,2.6659762859344482,0.0025356686674058437,0.6352844834327698
185,-24.00595238095238,112,99,0.8799404761904762,52.07657241821289,97.04439544677734,0.0024941160809248686,12.216538429260254
186,-5.702127659574472,94,83,0.8829787234042553,-12.600142478942871,8.181796073913574,0.0018479297868907452,1.0908493995666504
187,-133.85585585585585,222,196,0.8814414414414414,-28.424915313720703,428.10723876953125,0.001841678167693317,12.137250900268555
188,-27.134502923976612,114,100,0.8686549707602339,-37.132633209228516,59.561885833740234,0.0018392398487776518,8.247374534606934
189,27.26900584795321,57,49,0.8426900584795322,-155.9233856201172,1164.59033203125,0.0020134698133915663,55.10907745361328
190,59.33333333333334,24,20,0.8333333333333334,4.015650272369385,2.141123056411743,0.0020129617769271135,0.14549671113491058
191,-144.66810966810968,231,200,0.8633189033189033,-33.249366760253906,504.39276123046875,0.0020353153813630342,19.90603256225586
192,63.95652173913044,23,20,0.8695652173913043,49.394832611083984,157.18194580078125,0.0020417342893779278,11.042091369628906
193,-7.631578947368411,95,83,0.8736842105263158,57.79802703857422,110.34473419189453,0.001989790005609393,6.212228298187256
194,-131.05454545454546,220,196,0.8894545454545455,87.24556732177734,499.5263366699219,0.001974017359316349,18.274263381958008
195,-146.82905982905982,234,204,0.8717094017094017,16.159679412841797,443.02630615234375,0.0018993562553077936,12.925036430358887
196,20.58064516129032,62,52,0.8258064516129032,-7.676974296569824,10.868311882019043,0.0018993226112797856,1.1220190525054932
197,-32.10169491525424,118,102,0.8589830508474576,129.1212921142578,625.0247192382812,0.0020632920786738396,52.190574645996094
198,43.888888888888886,45,40,0.8888888888888888,72.8606948852539,264.4588317871094,0.002071583643555641,17.803985595703125
199,26.976608187134502,57,48,0.839766081871345,-60.39442825317383,155.22488403320312,0.0020041093230247498,21.08936309814453
200,28.039548022598865,59,52,0.8703954802259887,-48.51858901977539,117.57880401611328,0.0019926114473491907,5.62233304977417
201,-139.9093567251462,228,201,0.880906432748538,-72.29620361328125,495.06866455078125,0.002037778962403536,28.91562843322754
202,43.888888888888886,45,40,0.8888888888888888,41.847782135009766,78.22380065917969,0.0018145565409213305,15.55847454071045
203,-27.15072463768115,115,102,0.8784927536231885,37.61477279663086,67.66342163085938,0.001819042256101966,8.838424682617188
204,-19.684684684684683,111,102,0.9131531531531532,66.90164184570312,180.78123474121094,0.0018405389273539186,21.31035804748535
205,-23.458333333333343,112,100,0.8854166666666666,-1.9385782480239868,17.426532745361328,0.00184014777187258,5.634150981903076
206,-141.22416302765646,229,202,0.8777583697234352,-124.48831939697266,780.7591552734375,0.0017670518718659878,45.65750503540039
207,-24.00595238095238,112,99,0.8799404761904762,-44.38314437866211,83.42398834228516,0.0017307671951130033,12.283331871032715
208,59.33333333333334,24,20,0.8333333333333334,6.396483898162842,3.708124876022339,0.0017345019150525331,9.075907707214355
209,38.1063829787234,47,40,0.851063829787234,-27.488685607910156,32.464630126953125,0.001734432764351368,1.5247083902359009
210,-7.631578947368411,95,83,0.8736842105263158,-47.133853912353516,75.88351440429688,0.0017335307784378529,3.279963254928589
211,32.03030303030303,55,48,0.8703030303030304,-85.46925354003906,338.6216125488281,0.0018955412087962031,54.707027435302734
212,-25.087719298245617,114,102,0.8891228070175439,51.63983154296875,115.44041442871094,0.0018962102476507425,16.36557960510254
213,59.33333333333334,24,20,0.8333333333333334,31.920795440673828,63.307682037353516,0.0018983859336003661,8.59363842010498
214,-25.035087719298247,114,102,0.8896491228070176,88.77696990966797,294.18890380859375,0.002024539513513446,46.030845642089844
215,-20.406060606060606,110,99,0.8959393939393939,79.61334991455078,241.79803466796875,0.0020218936260789633,21.653850555419922
216,38.1063829787234,47,40,0.851063829787234,8.647575378417969,7.682976245880127,0.002016727812588215,3.0915675163269043
217,40.95652173913044,46,40,0.8695652173913043,3.7648165225982666,4.427074909210205,0.0020151350181549788,3.020803689956665
218,40.95652173913044,46,40,0.8695652173913043,-11.805859565734863,8.272371292114258,0.002013750607147813,1.0595703125
219,59.33333333333334,24,20,0.8333333333333334,-0.3607918620109558,0.6810545325279236,0.0018888614140450954,0.5086629390716553
220,-23.961651917404126,113,101,0.8903834808259588,-74.96942901611328,214.56759643554688,0.0019074940355494618,17.526403427124023
221,-25.74269005847954,114,101,0.8825730994152047,-89.34337615966797,292.86456298828125,0.001948599237948656,26.16098403930664
222,40.95652173913044,46,40,0.8695652173913043,-21.491579055786133,23.44961929321289,0.0019502658396959305,10.300908088684082
223,40.95652173913044,46,40,0.8695652173913043,-7.454102039337158,4.66981315612793,0.001949530327692628,1.1390821933746338
224,40.95652173913044,46,40,0.8695652173913043,7.553410053253174,6.684001445770264,0.0019496254390105605,2.3774242401123047
225,-135.7433628318584,226,204,0.902566371681416,10.134459495544434,308.2366943359375,0.0019701961427927017,18.675262451171875
226,-146.82905982905982,234,204,0.8717094017094017,-38.889305114746094,383.183837890625,0.0019771773368120193,11.335984230041504
227,43.888888888888886,45,40,0.8888888888888888,61.57258987426758,181.7926483154297,0.001970099750906229,4.491826057434082
228,40.95652173913044,46,40,0.8695652173913043,54.43931579589844,140.4599151611328,0.0018910530488938093,8.24286937713623
229,38.1063829787234,47,40,0.851063829787234,40.77809524536133,76.33644104003906,0.0018696628976613283,7.802326202392578
230,40.95652173913044,46,40,0.8695652173913043,47.853355407714844,103.38853454589844,0.001909938408061862,29.004104614257812
231,-139.96035242290748,227,198,0.8703964757709252,-0.7136521339416504,267.6559753417969,0.0019181374227628112,19.555885314941406
232,40.95652173913044,46,40,0.8695652173913043,26.587268829345703,38.81837844848633,0.0019182134419679642,8.767528533935547
233,-135.73481481481483,225,201,0.8926518518518518,19.49899673461914,272.7182312011719,0.001900103292427957,20.222970962524414
234,-26.10526315789474,114,101,0.8789473684210526,0.6200315356254578,7.821107864379883,0.0018351702019572258,1.6031999588012695
235,23.316384180790962,59,49,0.8231638418079096,-128.21090698242188,808.5936889648438,0.0018843533471226692,34.382965087890625
236,63.95652173913044,23,20,0.8695652173913043,33.05913543701172,72.03795623779297,0.0019324293825775385,28.509843826293945
237,30.27380952380952,56,49,0.8627380952380952,-56.963497161865234,152.0015411376953,0.001927826669998467,15.843717575073242
238,-131.45645645645646,222,202,0.9054354354354355,72.59719848632812,322.6779479980469,0.0019549927674233913,20.982309341430664
239,-128.60909090909092,220,202,0.9139090909090909,92.57494354248047,379.2167663574219,0.0020259420853108168,34.77887725830078
240,32.842424242424244,55,49,0.8784242424242424,21.145856857299805,32.45689392089844,0.0019922954961657524,7.574866771697998
241,-17.53211009174312,109,100,0.9146788990825688,149.88304138183594,837.01708984375,0.0020162721630185843,20.857545852661133
242,-7.631578947368411,95,83,0.8736842105263158,16.647808074951172,15.67844295501709,0.0020162661094218493,1.1236439943313599
243,34.95061728395062,54,49,0.8895061728395062,-24.72545623779297,29.864120483398438,0.0020164663437753916,1.3006653785705566
244,63.95652173913044,23,20,0.8695652173913043,42.2911491394043,122.002197265625,0.0020504563581198454,23.741065979003906
245,-5.702127659574472,94,83,0.8829787234042553,-41.37732696533203,59.55625915527344,0.002041260013356805,4.433774948120117
246,63.95652173913044,23,20,0.8695652173913043,32.97065734863281,71.99113464355469,0.0020449087023735046,9.002861976623535
247,-138.45080763582968,227,202,0.8854919236417034,-183.67398071289062,1166.4290771484375,0.002166353864595294,50.490962982177734
248,-149.63841807909606,236,204,0.8636158192090395,-229.8802032470703,1785.237548828125,0.002367656445130706,59.20732879638672
249,-5.702127659574472,94,83,0.8829787234042553,-43.86764144897461,67.63367462158203,0.002368649234995246,4.340241432189941
250,40.95652173913044,46,40,0.8695652173913043,23.246009826660156,28.15706443786621,0.00236983853392303,3.4236021041870117
251,35.33333333333334,48,40,0.8333333333333334,14.01648235321045,10.401314735412598,0.002370955655351281,4.436769485473633
252,68.9090909090909,22,20,0.9090909090909091,80.0884017944336,435.11383056640625,0.002513713203370571,48.78940200805664
253,59.33333333333334,24,20,0.8333333333333334,43.23101806640625,118.0791244506836,0.0025110668502748013,2.6757524013519287
254,-32.65555555555555,120,105,0.8734444444444445,63.71955871582031,171.7154541015625,0.002507908269762993,7.553262233734131
255,40.95652173913044,46,40,0.8695652173913043,25.02813720703125,33.01780700683594,0.002508270088583231,3.189387321472168
256,-19.97575757575757,110,100,0.9002424242424243,34.88024139404297,69.13252258300781,0.0025126158725470304,9.44151496887207
257,37.314465408805034,53,48,0.9031446540880503,-88.74357604980469,388.5489501953125,0.002441734541207552,21.9613094329834
258,30.461988304093566,57,51,0.8746198830409356,-113.58040618896484,624.7982788085938,0.0025014355778694153,32.25312423706055
259,-5.702127659574472,94,83,0.8829787234042553,-22.543529510498047,20.934139251708984,0.0025048446841537952,7.8163557052612305
260,-3.7526881720430083,93,83,0.8924731182795699,15.523214340209961,14.922590255737305,0.002507742727175355,6.578407287597656
261,-7.631578947368411,95,83,0.8736842105263158,14.630902290344238,13.097396850585938,0.002443421632051468,5.851832866668701
262,-20.406060606060606,110,99,0.8959393939393939,120.14012908935547,542.9042358398438,0.0024394700303673744,20.021268844604492
263,38.1063829787234,47,40,0.851063829787234,30.85081672668457,45.99999237060547,0.0024422199930995703,7.610286712646484
264,37.314465408805034,53,48,0.9031446540880503,-14.220032691955566,11.703254699707031,0.002428630366921425,4.869182109832764
265,63.95652173913044,23,20,0.8695652173913043,33.96866989135742,77.97954559326172,0.0024379368405789137,12.926212310791016
266,-25.64367816091955,116,105,0.9035632183908046,54.87812042236328,130.13563537597656,0.0024528803769499063,16.551488876342773
267,32.33333333333333,55,49,0.8733333333333333,-101.39176940917969,489.2347412109375,0.002614030847325921,52.4333381652832
268,-29.079096045197744,118,106,0.8892090395480226,-4.667391777038574,11.063851356506348,0.0026122452691197395,6.504615783691406
269,32.03030303030303,55,48,0.8703030303030304,-96.36434173583984,441.61309814453125,0.0027289986610412598,44.23284149169922
270,43.888888888888886,45,40,0.8888888888888888,29.024904251098633,43.16410446166992,0.002722736680880189,5.385529518127441
271,63.95652173913044,23,20,0.8695652173913043,45.753299713134766,126.1026611328125,0.0027181776240468025,8.692577362060547
272,63.95652173913044,23,20,0.8695652173913043,50.95866012573242,167.56106567382812,0.0027167568914592266,4.691810131072998
273,40.95652173913044,46,40,0.8695652173913043,38.0732536315918,69.91279602050781,0.002692991867661476,6.170138835906982
274,-12.44654088050315,106,100,0.9355345911949685,94.49845886230469,375.31024169921875,0.002703098813071847,23.485450744628906
275,63.95652173913044,23,20,0.8695652173913043,21.939971923828125,33.335269927978516,0.0027031851932406425,5.00795841217041
276,40.95652173913044,46,40,0.8695652173913043,-19.540809631347656,17.097457885742188,0.002703761449083686,3.082479476928711
277,-19.848484848484844,110,100,0.9015151515151515,-64.87798309326172,163.2813720703125,0.00272271316498518,18.82577133178711
278,55.0,25,20,0.8,-52.52115249633789,169.8897247314453,0.002730828942731023,11.801201820373535
279,-1.782608695652172,92,83,0.9021739130434783,-72.6785659790039,175.49310302734375,0.002732587978243828,13.290196418762207
280,27.870056497175142,59,52,0.8687005649717514,-131.86199951171875,908.5899047851562,0.00290301744826138,53.43229293823242
281,29.476190476190467,56,48,0.8547619047619047,-93.57532501220703,448.3653564453125,0.002935618394985795,25.8173828125
282,-25.620289855072457,115,104,0.8937971014492754,77.79229736328125,239.406982421875,0.0028831714298576117,15.105154991149902
283,40.95652173913044,46,40,0.8695652173913043,88.2113037109375,361.4212951660156,0.0028845977503806353,6.171174049377441
284,36.06172839506172,54,49,0.9006172839506172,83.46561431884766,378.7394104003906,0.0028871786780655384,7.903264045715332
285,33.67901234567901,54,48,0.8767901234567901,64.51173400878906,230.85597229003906,0.0029773134738206863,40.07506561279297
286,-14.894080996884739,107,99,0.9210591900311527,152.8677215576172,917.0519409179688,0.002996942261233926,18.675424575805664
287,-132.44345238095238,224,206,0.9155654761904762,120.68181610107422,648.3861083984375,0.0032430735882371664,64.57754516601562
288,-3.7526881720430083,93,83,0.8924731182795699,-34.18056869506836,43.900970458984375,0.0032469439320266247,9.34118938446045
289,-21.44642857142857,112,102,0.9055357142857143,-74.21186065673828,226.454833984375,0.003075691871345043,14.679973602294922
290,-20.729729729729726,111,101,0.9027027027027027,-117.21894836425781,527.2379150390625,0.0031264217104762793,30.233959197998047
291,33.30303030303031,55,49,0.883030303030303,-137.6017303466797,1004.9190673828125,0.0031652937177568674,31.39374351501465
292,-130.76168929110105,221,200,0.9023831070889894,-104.4587173461914,585.7982788085938,0.004824764560908079,165.6623992919922
293,-128.7767722473605,221,204,0.9222322775263951,-16.825294494628906,223.19142150878906,0.005266299471259117,84.51898956298828
294,36.33333333333333,53,48,0.8933333333333333,1.5121084451675415,1.0198990106582642,0.005250724498182535,2.9808075428009033
295,25.333333333333343,60,52,0.8533333333333334,16.318389892578125,15.618474006652832,0.005248320754617453,11.279609680175781
296,59.33333333333334,24,20,0.8333333333333334,102.55548858642578,645.4215087890625,0.008105400018393993,215.72679138183594
297,-130.11915535444948,221,201,0.9088084464555053,66.25050354003906,251.1759796142578,0.008134051226079464,56.8906135559082
298,33.30303030303031,55,49,0.883030303030303,85.48208618164062,421.3616638183594,0.008253691717982292,46.452728271484375
299,43.888888888888886,45,40,0.8888888888888888,119.97679901123047,715.2227172851562,0.008275349624454975,28.00104522705078
300,0.2087912087912116,91,83,0.9120879120879121,63.90895080566406,150.05567932128906,0.008290151134133339,15.914871215820312
301,-5.702127659574472,94,83,0.8829787234042553,5.189967632293701,3.5020217895507812,0.008238055743277073,2.326368808746338
302,-5.702127659574472,94,83,0.8829787234042553,-19.186891555786133,14.778952598571777,0.0082234563305974,3.9393250942230225
303,40.051282051282044,52,48,0.9205128205128205,-19.612319946289062,21.066463470458984,0.008220868185162544,5.2599005699157715
304,-3.7526881720430083,93,83,0.8924731182795699,-45.3419189453125,73.86204528808594,0.008197423070669174,5.379553318023682
305,35.938271604938265,54,49,0.8993827160493827,-59.82195281982422,219.45794677734375,0.008269273675978184,34.07588577270508
306,63.95652173913044,23,20,0.8695652173913043,46.24504852294922,159.15316772460938,0.008306954987347126,52.241188049316406
307,41.52564102564102,52,49,0.9352564102564103,-38.0601692199707,77.50569915771484,0.008421381004154682,45.550575256347656
308,43.888888888888886,45,40,0.8888888888888888,20.982797622680664,24.603933334350586,0.008421262726187706,9.549446105957031
309,38.257861635220124,53,49,0.9125786163522013,-39.800567626953125,92.96395111083984,0.008568472228944302,49.141944885253906
310,-25.380116959064324,114,102,0.8861988304093568,-42.35858917236328,74.88104248046875,0.008586504496634007,18.639278411865234
311,-3.7526881720430083,93,83,0.8924731182795699,-19.799161911010742,15.896761894226074,0.008401494473218918,5.244538307189941
312,-19.36363636363636,110,100,0.9063636363636364,22.039634704589844,29.0600528717041,0.008477590046823025,38.942081451416016
313,37.314465408805034,53,48,0.9031446540880503,12.693259239196777,10.27213191986084,0.008498391136527061,19.39079475402832
314,63.95652173913044,23,20,0.8695652173913043,82.6506118774414,448.67828369140625,0.0084528848528862,34.72947692871094
315,-119.74213836477988,212,196,0.9225786163522013,-39.977115631103516,126.2558822631836,0.008510401472449303,37.859336853027344
316,59.33333333333334,24,20,0.8333333333333334,62.51237487792969,244.257080078125,0.009016672149300575,90.49046325683594
317,38.257861635220124,53,49,0.9125786163522013,17.42232894897461,19.459440231323242,0.009021768346428871,9.80044937133789
318,-16.314984709480115,109,102,0.9268501529051988,51.641273498535156,116.46048736572266,0.009032501839101315,13.202468872070312
319,38.1063829787234,47,40,0.851063829787234,17.66411781311035,15.756752014160156,0.009032665751874447,0.9771851897239685
320,63.95652173913044,23,20,0.8695652173913043,44.962772369384766,117.64495849609375,0.009038113057613373,20.479158401489258
321,55.0,25,20,0.8,-2.9040911197662354,0.6733875870704651,0.009003333747386932,11.23740291595459
322,33.02380952380953,56,51,0.8902380952380953,-91.28315734863281,470.4668884277344,0.009123682975769043,45.69918441772461
323,-123.8395061728395,216,200,0.921604938271605,-91.15545654296875,381.7745056152344,0.009346229955554008,60.31352996826172
324,35.938271604938265,54,49,0.8993827160493827,-78.27302551269531,285.2933654785156,0.009743801318109035,80.67446899414062
325,41.01282051282051,52,49,0.9301282051282052,-24.708229064941406,31.683300018310547,0.009742346592247486,16.213024139404297
326,-3.7526881720430083,93,83,0.8924731182795699,-7.715240478515625,4.1742682456970215,0.009734243154525757,2.18757700920105
327,-124.34562211981566,217,202,0.9265437788018434,8.548112869262695,106.01429748535156,0.009767367504537106,23.550762176513672
328,63.95652173913044,23,20,0.8695652173913043,83.67219543457031,470.0406494140625,0.009907071478664875,48.32069396972656
329,-14.320872274143298,107,100,0.926791277258567,125.77106475830078,611.85693359375,0.011307141743600368,151.33753967285156
330,-3.7526881720430083,93,83,0.8924731182795699,30.89552879333496,36.45534896850586,0.011259719729423523,7.798887252807617
331,37.62893081761007,53,49,0.9062893081761006,16.124267578125,15.482110977172852,0.01124470867216587,11.929197311401367
332,-124.44393241167435,217,201,0.9255606758832565,6.699142932891846,106.55745697021484,0.012323063798248768,133.38233947753906
333,-17.53211009174312,109,100,0.9146788990825688,17.082700729370117,22.946008682250977,0.012309757992625237,13.90006160736084
334,-124.34562211981566,217,202,0.9265437788018434,-19.06741714477539,144.6952362060547,0.012417864985764027,42.00042724609375
335,-121.13145539906104,213,196,0.9186854460093896,-30.50646209716797,137.2992401123047,0.012379869818687439,22.96617889404297
336,30.275862068965523,58,52,0.8827586206896552,-91.7793960571289,405.82391357421875,0.013641237281262875,146.6162872314453
337,-120.2394366197183,213,198,0.9276056338028169,-8.634881019592285,109.33903503417969,0.013652493245899677,20.336332321166992
338,-27.415954415954417,117,105,0.8958404558404558,-28.431428909301758,42.84733581542969,0.013718211092054844,39.099365234375
339,-25.54597701149426,116,106,0.9045402298850574,4.923245906829834,14.518391609191895,0.013661002740263939,15.244564056396484
340,63.95652173913044,23,20,0.8695652173913043,45.262535095214844,150.2628936767578,0.013706567697227001,28.654495239257812
341,-7.631578947368411,95,83,0.8736842105263158,-28.558774948120117,30.640247344970703,0.013776076026260853,39.589256286621094
342,-119.74213836477988,212,196,0.9225786163522013,42.440093994140625,120.8057861328125,0.01395801268517971,54.83607482910156
343,-123.10232558139535,215,198,0.9189767441860465,29.41036033630371,100.6995849609375,0.014012765139341354,30.66288948059082
344,63.95652173913044,23,20,0.8695652173913043,60.16079330444336,215.71726989746094,0.01454602088779211,96.31787109375
345,63.95652173913044,23,20,0.8695652173913043,49.689857482910156,171.83888244628906,0.014679011888802052,48.6341667175293
346,-5.702127659574472,94,83,0.8829787234042553,-30.300718307495117,34.75798416137695,0.014686066657304764,13.751571655273438
347,63.95652173913044,23,20,0.8695652173913043,34.82954406738281,78.57746124267578,0.014532279223203659,2.709897041320801
348,59.33333333333334,24,20,0.8333333333333334,8.318366050720215,5.078028202056885,0.014324001036584377,4.781551361083984
349,-3.7526881720430083,93,83,0.8924731182795699,-52.237972259521484,104.70276641845703,0.014327931217849255,8.856474876403809
350,43.18300653594771,51,49,0.9418300653594771,-52.258506774902344,153.34889221191406,0.014628801494836807,69.89576721191406
351,-22.038348082595874,113,104,0.9096165191740413,-29.155317306518555,49.580448150634766,0.014675866812467575,28.33257293701172
352,38.15723270440252,53,49,0.9115723270440251,-52.00103759765625,152.79327392578125,0.014697981998324394,51.940792083740234
353,43.435374149659864,49,46,0.9243537414965987,-23.024362564086914,29.548643112182617,0.014705345034599304,10.998313903808594
354,-120.80996884735202,214,200,0.9319003115264798,22.120004653930664,71.18092346191406,0.014736643992364407,24.584861755371094
355,-5.702127659574472,94,83,0.8829787234042553,10.677047729492188,8.22242546081543,0.014737005345523357,3.4088289737701416
356,40.95652173913044,46,40,0.8695652173913043,72.33155822753906,236.7500762939453,0.014953508973121643,60.492286682128906
357,36.77358490566037,53,48,0.8977358490566038,43.476806640625,96.33512878417969,0.015048268251121044,45.2405891418457
358,34.641975308641975,54,48,0.8864197530864197,30.5046329498291,53.685523986816406,0.015025734901428223,25.30531883239746
359,-118.260663507109,211,196,0.92739336492891,30.24350357055664,76.88670349121094,0.015128923580050468,41.52783966064453
360,-121.67289719626169,214,198,0.9232710280373831,2.057391405105591,57.79179382324219,0.01515418104827404,21.813426971435547
361,38.761006289308185,53,49,0.9176100628930818,17.345178604125977,17.229814529418945,0.015158995985984802,11.254907608032227
362,36.06172839506172,54,49,0.9006172839506172,-9.041501998901367,4.526179313659668,0.015133785083889961,3.6191282272338867
363,35.64242424242424,55,51,0.9064242424242425,-13.897347450256348,9.952909469604492,0.015148703940212727,17.37447738647461
364,40.58666666666667,50,46,0.9058666666666667,-25.798681259155273,33.48826217651367,0.015217217616736889,33.218875885009766
365,-122.94135802469135,216,202,0.9305864197530864,-42.656494140625,126.51952362060547,0.015378681011497974,52.654090881347656
366,55.0,25,20,0.8,5.081641674041748,2.21160888671875,0.015363399870693684,1.7609367370605469
367,-9.541666666666657,96,83,0.8645833333333334,-38.20389938354492,50.95186996459961,0.015203803777694702,12.50538444519043
368,-25.54597701149426,116,106,0.9045402298850574,47.37112045288086,95.31793975830078,0.015418053604662418,59.56864929199219
369,35.52380952380952,56,52,0.9152380952380952,-0.09437275677919388,0.6386842131614685,0.015297708101570606,5.084970951080322
370,-3.7526881720430083,93,83,0.8924731182795699,-4.827477931976318,4.53316068649292,0.015296218916773796,1.6519838571548462
371,-122.91666666666667,216,202,0.9308333333333333,-29.86964988708496,92.8825912475586,0.01533638034015894,26.97303009033203
372,-22.038348082595874,113,104,0.9096165191740413,38.25166702270508,72.85188293457031,0.015718242153525352,78.82941436767578
373,-3.7526881720430083,93,83,0.8924731182795699,-11.017316818237305,7.638057708740234,0.015718277543783188,7.022801399230957
374,-1.782608695652172,92,83,0.9021739130434783,-5.078979969024658,4.676203727722168,0.015681425109505653,2.705671548843384
375,-7.631578947368411,95,83,0.8736842105263158,-39.96337890625,58.12764358520508,0.01569650135934353,17.633087158203125
376,43.888888888888886,45,40,0.8888888888888888,33.2612190246582,52.73097229003906,0.015702812001109123,11.833796501159668
377,63.95652173913044,23,20,0.8695652173913043,31.208253860473633,63.822471618652344,0.015689466148614883,12.288779258728027
378,63.95652173913044,23,20,0.8695652173913043,26.127593994140625,40.641448974609375,0.01577158086001873,40.12805938720703
379,43.888888888888886,45,40,0.8888888888888888,13.815637588500977,9.62098217010498,0.01576017029583454,7.1791229248046875
380,63.95652173913044,23,20,0.8695652173913043,10.86411190032959,7.929694652557373,0.015585469081997871,4.043822288513184
381,-17.073394495412842,109,101,0.9192660550458716,-30.970489501953125,42.64581298828125,0.01558954082429409,29.274545669555664
382,38.1063829787234,47,40,0.851063829787234,-41.0584831237793,75.0247573852539,0.015591122210025787,14.990184783935547
383,40.051282051282044,52,48,0.9205128205128205,-87.44629669189453,361.534912109375,0.01684390939772129,143.0522003173828
384,36.031446540880495,53,48,0.890314465408805,-87.50106048583984,346.19146728515625,0.017053788527846336,58.66649627685547
385,36.33333333333333,53,48,0.8933333333333333,-39.50529098510742,73.07159423828125,0.01833583228290081,149.2176513671875
386,37.62893081761007,53,49,0.9062893081761006,23.090959548950195,27.263839721679688,0.01835762709379196,26.823169708251953
387,-16.308641975308646,108,100,0.9169135802469136,139.92059326171875,691.1434936523438,0.01950371451675892,152.64675903320312
388,-3.7526881720430083,93,83,0.8924731182795699,58.09840774536133,117.4058837890625,0.019507868215441704,11.954388618469238
389,43.888888888888886,45,40,0.8888888888888888,96.41193389892578,448.9258728027344,0.020213766023516655,107.4932861328125
390,40.95652173913044,46,40,0.8695652173913043,69.01473236083984,241.3259735107422,0.020439038053154945,66.50211334228516
391,32.91812865497076,57,52,0.8991812865497076,11.803202629089355,7.812067985534668,0.02038596011698246,14.748088836669922
392,-3.7526881720430083,93,83,0.8924731182795699,-11.028175354003906,6.2530951499938965,0.0187076386064291,1.0761252641677856
393,-119.5414710485133,213,200,0.934585289514867,-20.118040084838867,74.60922241210938,0.01879548840224743,93.53533935546875
394,63.95652173913044,23,20,0.8695652173913043,18.38813591003418,23.871124267578125,0.018795553594827652,1.368741750717163
395,-5.702127659574472,94,83,0.8829787234042553,-73.82273864746094,188.22894287109375,0.0189043041318655,42.1996955871582
396,-16.179012345679013,108,100,0.9182098765432098,-52.39397048950195,107.56935119628906,0.016098620370030403,21.94527816772461
397,-128.7767722473605,221,204,0.9222322775263951,-81.39900970458984,305.0723876953125,0.01603522337973118,47.71378707885742
398,-23.836257309941516,114,104,0.9016374269005848,-47.5443229675293,93.45215606689453,0.01593446172773838,22.560165405273438
399,-3.7526881720430083,93,83,0.8924731182795699,-40.21800994873047,57.99967956542969,0.015887517482042313,5.487214088439941
400,-131.02092675635276,223,206,0.9197907324364724,-21.20766830444336,109.80839538574219,0.015936462208628654,31.754539489746094
401,59.33333333333334,24,20,0.8333333333333334,27.41170883178711,54.735862731933594,0.015945201739668846,12.017363548278809
402,38.761006289308185,53,49,0.9176100628930818,17.348922729492188,17.113140106201172,0.01596316508948803,17.442535400390625
403,-115.41786283891547,209,196,0.9358213716108453,99.49044799804688,342.8650207519531,0.016235841438174248,66.33480834960938
404,-3.7526881720430083,93,83,0.8924731182795699,23.820615768432617,22.475732803344727,0.01624043844640255,9.707271575927734
405,43.888888888888886,45,40,0.8888888888888888,64.53514099121094,198.10879516601562,0.016314325854182243,48.79632568359375
406,39.5,52,48,0.915,6.3148579597473145,2.833432912826538,0.016158457845449448,15.03357982635498
407,-5.702127659574472,94,83,0.8829787234042553,-10.311022758483887,5.569934844970703,0.016035882756114006,4.026985168457031
408,-120.14641744548287,214,201,0.9385358255451713,43.583736419677734,116.65887451171875,0.016094984486699104,32.89055633544922
409,43.888888888888886,45,40,0.8888888888888888,25.2692928314209,31.810312271118164,0.016019770875573158,33.4570198059082
410,-1.782608695652172,92,83,0.9021739130434783,-22.968563079833984,21.644962310791016,0.016003459692001343,11.215188980102539
411,-3.7526881720430083,93,83,0.8924731182795699,-43.459896087646484,70.5047607421875,0.016060300171375275,31.691518783569336
412,-5.702127659574472,94,83,0.8829787234042553,-56.14884567260742,119.57723236083984,0.01597912423312664,10.67261791229248
413,-128.2006033182504,221,206,0.9279939668174962,-46.031673431396484,162.5828857421875,0.016382813453674316,82.5970458984375
414,32.91812865497076,57,52,0.8991812865497076,-56.62507629394531,196.2775115966797,0.017990805208683014,166.9760284423828
415,35.70238095238096,56,52,0.9170238095238096,-22.40089988708496,27.617782592773438,0.018070850521326065,52.089385986328125
416,59.33333333333334,24,20,0.8333333333333334,25.490493774414062,44.518775939941406,0.017631903290748596,27.572494506835938
417,-3.7526881720430083,93,83,0.8924731182795699,24.146907806396484,21.38976287841797,0.01763429492712021,12.46371078491211
418,-5.702127659574472,94,83,0.8829787234042553,24.686805725097656,23.087133407592773,0.017629077658057213,9.986353874206543
419,63.95652173913044,23,20,0.8695652173913043,70.05339050292969,327.2108154296875,0.017712656408548355,36.9979133605957
420,-5.702127659574472,94,83,0.8829787234042553,29.07202911376953,31.566444396972656,0.01774042472243309,30.24761390686035
421,-13.025157232704402,106,99,0.929748427672956,114.62418365478516,525.0614013671875,0.020053571090102196,193.8204803466797
422,-123.91131498470948,218,206,0.9408868501529052,15.20320987701416,73.02818298339844,0.0200364887714386,43.61878967285156
423,-13.35514018691589,107,101,0.9364485981308411,48.66654586791992,99.60762786865234,0.019918076694011688,41.683982849121094
424,-5.702127659574472,94,83,0.8829787234042553,-63.29710006713867,145.3357696533203,0.019657032564282417,50.56291580200195
425,68.9090909090909,22,20,0.9090909090909091,20.02493667602539,30.302568435668945,0.019649075344204903,8.880217552185059
426,63.95652173913044,23,20,0.8695652173913043,-6.678925037384033,2.9265544414520264,0.019700560718774796,27.72004508972168
427,43.888888888888886,45,40,0.8888888888888888,-55.52826690673828,158.59825134277344,0.021532796323299408,175.96685791015625
428,-14.456790123456784,108,102,0.9354320987654321,-93.24266052246094,385.8829650878906,0.021776685491204262,79.5060043334961
429,-18.3993993993994,111,104,0.926006006006006,-86.09419250488281,333.61614990234375,0.020872702822089195,88.39435577392578
430,-3.7526881720430083,93,83,0.8924731182795699,-80.36514282226562,254.68777465820312,0.020894676446914673,21.610639572143555
431,43.435374149659864,49,46,0.9243537414965987,-64.08317565917969,251.6372528076172,0.021095173433423042,59.3845100402832
432,-18.31547619047619,112,106,0.9368452380952381,63.1444091796875,199.59185791015625,0.020915422588586807,123.17117309570312
433,38.32098765432099,54,51,0.9232098765432099,23.376117706298828,36.474220275878906,0.02101188153028488,41.24934005737305
434,-16.0091743119266,109,102,0.929908256880734,112.65483093261719,589.7191772460938,0.021387416869401932,90.22444915771484
435,46.90909090909091,44,40,0.9090909090909091,83.50679016113281,383.3207702636719,0.02163257822394371,67.95135498046875
436,-5.702127659574472,94,83,0.8829787234042553,7.304800033569336,3.5514450073242188,0.020333679392933846,3.4880659580230713
437,40.95652173913044,46,40,0.8695652173913043,35.64027404785156,70.84271240234375,0.020313069224357605,7.032876491546631
438,40.95652173913044,46,40,0.8695652173913043,21.302881240844727,25.82382583618164,0.020228007808327675,5.935083389282227
439,-118.1006289308176,212,200,0.9389937106918239,-47.82206726074219,140.36282348632812,0.02029896154999733,37.32954025268555
440,-112.46859903381642,207,196,0.9453140096618358,-31.534364700317383,83.92436218261719,0.020319344475865364,33.80808639526367
441,-14.092592592592595,108,102,0.9390740740740741,-1.2858814001083374,3.9928500652313232,0.020223911851644516,7.787261486053467
442,41.01282051282051,52,49,0.9301282051282052,-58.2491569519043,246.25706481933594,0.020593618974089622,96.0150146484375
443,-12.769470404984418,107,101,0.9423052959501558,0.7675133347511292,4.176804542541504,0.02054104395210743,2.0088515281677246
444,-3.7526881720430083,93,83,0.8924731182795699,-44.9354133605957,85.78858947753906,0.01997057907283306,9.9430513381958
445,43.888888888888886,45,40,0.8888888888888888,12.65407943725586,11.005775451660156,0.01982489600777626,3.0137619972229004
446,-3.7526881720430083,93,83,0.8924731182795699,-27.337387084960938,33.78596115112305,0.019814759492874146,5.144101619720459
447,-15.45871559633028,109,103,0.9354128440366972,36.06603240966797,73.64308166503906,0.019955281168222427,48.2918815612793
448,41.01282051282051,52,49,0.9301282051282052,-10.203612327575684,8.220152854919434,0.01999615505337715,26.79857635498047
449,41.836601307189554,51,48,0.9283660130718955,-7.808126926422119,4.890411853790283,0.019993184134364128,6.023712635040283
450,-19.630630630630634,111,102,0.9136936936936937,31.523353576660156,55.968299865722656,0.019714731723070145,24.872547149658203
451,-121.64197530864197,216,204,0.9435802469135802,17.378517150878906,66.6663818359375,0.019696544855833054,22.187456130981445
452,-14.148148148148152,108,102,0.9385185185185185,49.165977478027344,135.48431396484375,0.019553642719984055,13.816872596740723
453,35.52380952380952,56,52,0.9152380952380952,-18.774486541748047,30.591829299926758,0.019551686942577362,13.381828308105469
454,-15.45871559633028,109,103,0.9354128440366972,23.890369415283203,35.55855941772461,0.01951206848025322,8.980772972106934
455,-117.93081761006289,212,200,0.9406918238993711,-4.733999252319336,56.7244873046875,0.01951276883482933,3.144685745239258
456,-12.578616352201266,106,100,0.9342138364779874,-1.3840303421020508,3.3890912532806396,0.01926770806312561,2.623429775238037
457,-1.782608695652172,92,83,0.9021739130434783,-38.623653411865234,65.47835540771484,0.01912679523229599,5.179877758026123
458,43.888888888888886,45,40,0.8888888888888888,6.845674514770508,3.663593292236328,0.019085759297013283,2.8194713592529297
459,-115.37320574162679,209,196,0.936267942583732,-20.95216941833496,76.61869812011719,0.018984779715538025,6.664473056793213
460,-117.93081761006289,212,200,0.9406918238993711,-20.382722854614258,81.16425323486328,0.01897495426237583,22.623491287231445
461,63.95652173913044,23,20,0.8695652173913043,25.63359832763672,52.68274688720703,0.018986012786626816,17.532495498657227
462,-12.968847352024923,107,101,0.9403115264797508,-2.326944351196289,3.494840383529663,0.01898743398487568,2.6026744842529297
463,-21.95906432748538,114,106,0.9204093567251462,-15.617351531982422,17.584083557128906,0.01896698586642742,6.229515552520752
464,43.888888888888886,45,40,0.8888888888888888,12.485150337219238,10.982481002807617,0.018905892968177795,2.3935675621032715
465,63.95652173913044,23,20,0.8695652173913043,24.456607818603516,52.76708221435547,0.01875365525484085,6.390745639801025
466,-120.07165109034268,214,202,0.9392834890965732,5.849647045135498,51.110435485839844,0.01876106858253479,11.070208549499512
467,-15.222222222222214,108,101,0.9277777777777778,-6.89030122756958,5.3152875900268555,0.018756603822112083,3.031524658203125
468,41.52287581699346,51,48,0.9252287581699347,-38.13528823852539,124.23729705810547,0.018562819808721542,14.979516983032227
469,42.294117647058826,51,48,0.9329411764705883,-24.776308059692383,48.5869255065918,0.018568435683846474,7.7407732009887695
470,40.95652173913044,46,40,0.8695652173913043,17.977718353271484,21.6697940826416,0.018567949533462524,5.45490026473999
471,-11.471698113207552,106,101,0.9452830188679245,51.05503463745117,164.61712646484375,0.018574947491288185,29.561233520507812
472,-16.49847094801224,109,101,0.9250152905198776,33.238616943359375,69.97712707519531,0.01818312518298626,9.409014701843262
473,43.888888888888886,45,40,0.8888888888888888,33.38153839111328,69.10552215576172,0.018199019134044647,14.543901443481445
474,-1.782608695652172,92,83,0.9021739130434783,-19.100183486938477,17.927595138549805,0.018209587782621384,9.693188667297363
475,-12.582554517133957,107,102,0.9441744548286605,15.620485305786133,17.53178596496582,0.01819593273103237,12.34940242767334
476,46.3611111111111,48,46,0.9436111111111111,-34.629310607910156,91.0718002319336,0.0183644387871027,57.85322570800781
477,-12.769470404984418,107,101,0.9423052959501558,-1.4737006425857544,3.2793326377868652,0.018357904627919197,1.0553697347640991
478,40.95652173913044,46,40,0.8695652173913043,-4.283145427703857,1.3485636711120605,0.018247321248054504,1.7681070566177368
479,63.95652173913044,23,20,0.8695652173913043,15.912785530090332,21.68793296813965,0.018261007964611053,14.478878021240234
480,-5.702127659574472,94,83,0.8829787234042553,-61.21861267089844,164.9385986328125,0.018259039148688316,8.712990760803223
481,63.95652173913044,23,20,0.8695652173913043,15.8131742477417,26.141721725463867,0.01820301078259945,1.815198302268982
482,63.95652173913044,23,20,0.8695652173913043,17.871976852416992,28.594135284423828,0.018207132816314697,14.010247230529785
483,-1.782608695652172,92,83,0.9021739130434783,-37.73368453979492,64.5219497680664,0.016973134130239487,8.073203086853027
484,-120.04672897196261,214,202,0.9395327102803739,8.349989891052246,53.412418365478516,0.016778424382209778,5.671378135681152
485,-3.7526881720430083,93,83,0.8924731182795699,-41.04401397705078,73.78609466552734,0.01543432381004095,10.39867877960205
486,-7.631578947368411,95,83,0.8736842105263158,-51.85618209838867,120.83592224121094,0.015399269759654999,6.3374481201171875
487,38.761006289308185,53,49,0.9176100628930818,-15.671134948730469,20.068750381469727,0.013945565558969975,3.645035982131958
488,43.888888888888886,45,40,0.8888888888888888,43.186012268066406,124.24592590332031,0.013945565558969975,16.066387176513672
489,40.95652173913044,46,40,0.8695652173913043,39.16898727416992,95.19458770751953,0.013268916867673397,10.06491756439209
490,68.9090909090909,22,20,0.9090909090909091,65.44596099853516,395.4495544433594,0.013059692457318306,21.91475486755371
491,63.95652173913044,23,20,0.8695652173913043,42.30801010131836,156.72862243652344,0.013076314702630043,19.569547653198242
492,63.95652173913044,23,20,0.8695652173913043,28.210359573364258,71.31045532226562,0.013078206218779087,7.652825832366943
493,-1.782608695652172,92,83,0.9021739130434783,-32.80830383300781,48.177001953125,0.012540179304778576,5.598090648651123
494,-13.025157232704402,106,99,0.929748427672956,-18.244455337524414,22.38218879699707,0.012542303651571274,8.692376136779785
495,42.85620915032679,51,48,0.938562091503268,-60.07917404174805,307.66595458984375,0.012589659541845322,46.348262786865234
496,68.9090909090909,22,20,0.9090909090909091,18.09303855895996,33.58055877685547,0.012561112642288208,7.165947914123535
497,43.888888888888886,45,40,0.8888888888888888,-4.536567211151123,1.6214489936828613,0.012435095384716988,1.043114185333252
498,68.9090909090909,22,20,0.9090909090909091,22.567033767700195,43.146995544433594,0.012425906956195831,16.428800582885742
499,-14.320872274143298,107,100,0.926791277258567,-4.251367568969727,4.533755302429199,0.01242560613900423,1.4496620893478394
500,-123.0,217,204,0.94,17.411827087402344,70.08587646484375,0.012380138970911503,15.029219627380371
501,-20.144542772861357,113,106,0.9285545722713864,8.698399543762207,7.28538179397583,0.012374550104141235,5.678770542144775
502,-121.56481481481481,216,204,0.9443518518518519,23.25041389465332,71.98419952392578,0.012357599101960659,7.877469062805176
503,40.95652173913044,46,40,0.8695652173913043,-13.34211254119873,11.157525062561035,0.012095951475203037,3.948056936264038
504,43.888888888888886,45,40,0.8888888888888888,-1.4430748224258423,0.6743617057800293,0.012088622897863388,0.2938542664051056
505,35.52380952380952,56,52,0.9152380952380952,-51.10517120361328,231.97573852539062,0.01218270231038332,63.177490234375
506,-120.14641744548287,214,201,0.9385358255451713,13.49601936340332,50.15321350097656,0.012170877307653427,4.22446346282959
507,-14.148148148148152,108,102,0.9385185185185185,43.15293884277344,112.24491882324219,0.01220242865383625,24.83904266357422
508,63.95652173913044,23,20,0.8695652173913043,21.955657958984375,41.42228317260742,0.012146185152232647,12.210960388183594
509,-118.6056338028169,213,202,0.943943661971831,10.864279747009277,41.898555755615234,0.01208537071943283,7.133801460266113
510,-13.025157232704402,106,99,0.929748427672956,26.583805084228516,45.09136199951172,0.012074996717274189,5.009960651397705
511,-14.839506172839506,108,101,0.931604938271605,18.355758666992188,24.449092864990234,0.012021356262266636,16.29507827758789
512,-14.456790123456784,108,102,0.9354320987654321,7.660819053649902,7.72528076171875,0.012017551809549332,7.626046657562256
513,41.52287581699346,51,48,0.9252287581699347,-52.07445526123047,250.37908935546875,0.012062589637935162,84.05998992919922
514,-3.7526881720430083,93,83,0.8924731182795699,-48.32455825805664,106.81759643554688,0.010368624702095985,20.901756286621094
515,35.42857142857143,56,52,0.9142857142857143,-43.36503982543945,147.23312377929688,0.010271470993757248,35.078857421875
516,40.91358024691358,54,52,0.9491358024691358,-0.9369050860404968,0.541325569152832,0.010229398496448994,2.066324234008789
517,-115.91428571428571,210,198,0.9408571428571428,-46.38037109375,115.82108306884766,0.010252480395138264,25.003753662109375
518,63.95652173913044,23,20,0.8695652173913043,51.835662841796875,245.82635498046875,0.010258439928293228,15.025859832763672
519,-23.857971014492747,115,105,0.9114202898550725,65.84981536865234,238.8773651123047,0.010174516588449478,13.427308082580566
520,-3.7526881720430083,93,83,0.8924731182795699,13.243234634399414,9.161499977111816,0.010110964067280293,5.652690887451172
521,-3.7526881720430083,93,83,0.8924731182795699,6.975863933563232,3.571186065673828,0.007829022593796253,2.5888352394104004
522,63.95652173913044,23,20,0.8695652173913043,49.23854446411133,184.23158264160156,0.00790024921298027,52.788597106933594
523,-122.94135802469135,216,202,0.9305864197530864,-37.64822006225586,94.54962158203125,0.007819795049726963,13.450312614440918
524,38.761006289308185,53,49,0.9176100628930818,-20.919572830200195,29.079721450805664,0.007702570874243975,22.760601043701172
525,2.2222222222222285,90,83,0.9222222222222223,2.9311869144439697,2.802027940750122,0.007699622772634029,4.65177059173584
526,-3.7526881720430083,93,83,0.8924731182795699,-29.99935531616211,40.42633056640625,0.007648918777704239,3.2427544593811035
527,-16.0091743119266,109,102,0.929908256880734,15.33035659790039,18.986474990844727,0.005762280430644751,5.6436896324157715
528,-15.45871559633028,109,103,0.9354128440366972,15.594209671020508,19.795137405395508,0.005369655322283506,4.2273359298706055
529,43.888888888888886,45,40,0.8888888888888888,12.743143081665039,11.714035987854004,0.004907313268631697,6.409769535064697
530,-14.456790123456784,108,102,0.9354320987654321,-0.7026147842407227,5.112181663513184,0.004880853928625584,3.4522225856781006
531,-13.822429906542055,107,100,0.9317757009345794,-13.311995506286621,15.899406433105469,0.004691214766353369,17.968116760253906
532,41.01282051282051,52,49,0.9301282051282052,-49.06904602050781,195.17169189453125,0.004099501762539148,76.09738159179688
533,-14.839506172839506,108,101,0.931604938271605,-2.576974630355835,5.554699420928955,0.004002184607088566,2.935636520385742
534,63.95652173913044,23,20,0.8695652173913043,15.805400848388672,23.458829879760742,0.0035020126961171627,4.9934821128845215
535,-122.47772657450076,217,206,0.9452227342549924,18.61512565612793,58.6536865234375,0.003228236921131611,9.18138313293457
536,-123.92354740061161,218,206,0.9407645259938838,14.243448257446289,54.85856628417969,0.003238692181184888,15.027227401733398
537,63.95652173913044,23,20,0.8695652173913043,25.69948959350586,60.0826301574707,0.0032570650801062584,16.759042739868164
538,-20.244837758112098,113,105,0.927551622418879,22.77039337158203,30.336856842041016,0.0033109860960394144,31.387046813964844
539,63.95652173913044,23,20,0.8695652173913043,19.55474090576172,36.908348083496094,0.003256809199228883,21.943218231201172
540,-13.35514018691589,107,101,0.9364485981308411,5.967252254486084,6.801487922668457,0.003189784474670887,7.312798500061035
541,-3.7526881720430083,93,83,0.8924731182795699,-51.96426010131836,113.53294372558594,0.003185122739523649,1.4693489074707031
542,-1.782608695652172,92,83,0.9021739130434783,-43.80574035644531,80.43350219726562,0.0026014025788754225,6.9124932289123535
543,-12.214953271028037,107,102,0.9478504672897197,5.988378524780273,6.1497883796691895,0.002607751404866576,12.316326141357422
544,-18.31547619047619,112,106,0.9368452380952381,0.775249183177948,4.307224273681641,0.0026007816195487976,2.8644986152648926
545,-11.943396226415103,106,100,0.940566037735849,1.117831826210022,4.541623115539551,0.002599503379315138,3.0333895683288574
546,41.062893081761004,53,51,0.94062893081761,-33.94569396972656,82.3633804321289,0.002626030007377267,19.782562255859375
547,63.95652173913044,23,20,0.8695652173913043,16.686073303222656,22.58648681640625,0.002571193967014551,39.51155090332031
548,-1.782608695652172,92,83,0.9021739130434783,-21.345317840576172,21.6760311126709,0.0025257542729377747,6.505682945251465
549,68.9090909090909,22,20,0.9090909090909091,41.46000289916992,151.5723876953125,0.002567834220826626,26.363122940063477
550,38.257861635220124,53,49,0.9125786163522013,-25.361797332763672,49.540382385253906,0.0025389634538441896,8.052348136901855
551,43.888888888888886,45,40,0.8888888888888888,30.10836410522461,54.560245513916016,0.002515133935958147,3.8247179985046387
552,59.33333333333334,24,20,0.8333333333333334,12.64944076538086,13.070783615112305,0.0025166799314320087,16.479948043823242
553,-3.7526881720430083,93,83,0.8924731182795699,-19.774127960205078,19.03744125366211,0.002501946408301592,5.171271800994873
554,38.32098765432099,54,51,0.9232098765432099,-14.804265022277832,15.637212753295898,0.0025017305742949247,7.407174587249756
555,-117.93081761006289,212,200,0.9406918238993711,17.5811710357666,37.22652816772461,0.0025050449185073376,7.372063636779785
556,46.90909090909091,44,40,0.9090909090909091,46.69364929199219,131.4561767578125,0.0025074807927012444,9.103170394897461
557,46.90909090909091,44,40,0.9090909090909091,42.92169952392578,112.74028015136719,0.0025657336227595806,29.524364471435547
558,-16.314984709480115,109,102,0.9268501529051988,22.217472076416016,28.206567764282227,0.0025777381379157305,12.545121192932129
559,-117.16037735849056,212,202,0.9483962264150944,0.6270399689674377,35.787628173828125,0.0025753097143024206,3.7954630851745605
560,-120.12558139534883,215,204,0.9487441860465117,-16.83061408996582,50.41518020629883,0.0025693748611956835,20.640949249267578
561,38.761006289308185,53,49,0.9176100628930818,-70.476806640625,370.19036865234375,0.002552230842411518,6.448761940002441
562,43.888888888888886,45,40,0.8888888888888888,-2.1372790336608887,0.8756924867630005,0.002552393591031432,0.6465710997581482
563,41.3974358974359,52,49,0.933974358974359,-39.531455993652344,108.86103057861328,0.0025902229826897383,23.703847885131836
564,39.5,52,48,0.915,-27.75843620300293,59.69601058959961,0.00259660673327744,9.75616455078125
565,43.888888888888886,45,40,0.8888888888888888,43.27780532836914,111.21290588378906,0.002625880064442754,20.236068725585938
566,-12.582554517133957,107,102,0.9441744548286605,88.95281982421875,416.84722900390625,0.003003148827701807,77.50534057617188
567,38.761006289308185,53,49,0.9176100628930818,13.49458122253418,14.138049125671387,0.003016977570950985,16.518978118896484
568,-3.7526881720430083,93,83,0.8924731182795699,-1.4936246871948242,2.0465891361236572,0.0030028161127120256,0.4790893495082855
569,59.33333333333334,24,20,0.8333333333333334,19.747188568115234,36.04289627075195,0.0030072324443608522,9.834005355834961
570,38.1063829787234,47,40,0.851063829787234,8.270439147949219,4.770086288452148,0.0030048617627471685,0.8711839914321899
571,43.888888888888886,45,40,0.8888888888888888,22.46287727355957,32.19234848022461,0.0029545652214437723,2.5818121433258057
572,-118.7057902973396,213,201,0.942942097026604,-19.21413803100586,47.30997848510742,0.0029558094684034586,10.023051261901855
573,40.95652173913044,46,40,0.8695652173913043,-7.838985919952393,3.8623578548431396,0.0029447427950799465,1.1017975807189941
574,-14.148148148148152,108,102,0.9385185185185185,-12.793763160705566,13.072590827941895,0.002948631765320897,11.231749534606934
575,-11.943396226415103,106,100,0.940566037735849,-18.123315811157227,23.018672943115234,0.0029417662881314754,5.35496187210083
576,-1.782608695652172,92,83,0.9021739130434783,-51.41981506347656,114.52996063232422,0.002730281325057149,4.749639987945557
577,43.888888888888886,45,40,0.8888888888888888,0.30230289697647095,0.8182833790779114,0.002730061998590827,0.3987731635570526
578,-3.7526881720430083,93,83,0.8924731182795699,-49.77375793457031,106.15055847167969,0.0027608461678028107,21.573184967041016
579,-10.047619047619051,105,100,0.9495238095238095,22.56769561767578,33.0001220703125,0.0027507406193763018,5.590176105499268
580,-116.48499210110585,211,200,0.9451500789889415,11.002884864807129,29.83098793029785,0.0027482444420456886,6.986915111541748
581,-18.3993993993994,111,104,0.926006006006006,17.463809967041016,19.862899780273438,0.002780047943815589,23.238500595092773
582,68.9090909090909,22,20,0.9090909090909091,38.056846618652344,132.0340576171875,0.00277326931245625,8.958881378173828
583,38.369696969696975,55,52,0.9336969696969697,-19.754837036132812,32.809051513671875,0.0027688457630574703,0.9164612293243408
584,63.95652173913044,23,20,0.8695652173913043,15.803044319152832,23.087387084960938,0.002767662750557065,5.293624401092529
585,68.9090909090909,22,20,0.9090909090909091,30.017881393432617,79.93647003173828,0.0027856871020048857,18.930652618408203
586,-13.35514018691589,107,101,0.9364485981308411,1.462524175643921,4.318277359008789,0.002785207936540246,5.5495123863220215
587,42.294117647058826,51,48,0.9329411764705883,-50.668418884277344,193.93350219726562,0.002959177829325199,53.00123596191406
588,-3.7526881720430083,93,83,0.8924731182795699,-45.95818328857422,98.59651947021484,0.002948065521195531,8.863524436950684
589,-3.7526881720430083,93,83,0.8924731182795699,-35.37662124633789,57.28177261352539,0.0029427146073430777,1.9453145265579224
590,42.294117647058826,51,48,0.9329411764705883,-12.655776977539062,14.420768737792969,0.0029164401348680258,5.853914260864258
591,-116.65560821484992,211,200,0.9434439178515008,29.168201446533203,56.88563537597656,0.002936971141025424,26.33517074584961
592,43.888888888888886,45,40,0.8888888888888888,50.64663314819336,159.62355041503906,0.0029412205331027508,11.174871444702148
593,59.33333333333334,24,20,0.8333333333333334,31.93980598449707,83.76985931396484,0.0029771612025797367,24.538013458251953
594,63.95652173913044,23,20,0.8695652173913043,43.2713623046875,174.58705139160156,0.0029945140704512596,19.408538818359375
595,63.95652173913044,23,20,0.8695652173913043,35.831512451171875,113.43983459472656,0.00287248264066875,12.728099822998047
596,63.95652173913044,23,20,0.8695652173913043,23.19648551940918,48.67539596557617,0.0028706537559628487,3.8964948654174805
597,-3.7526881720430083,93,83,0.8924731182795699,-34.24563217163086,55.42877197265625,0.0028762868605554104,9.51278305053711
598,59.33333333333334,24,20,0.8333333333333334,-13.054489135742188,15.178272247314453,0.0028637286741286516,8.056747436523438
599,-1.782608695652172,92,83,0.9021739130434783,-45.57270431518555,99.43882751464844,0.00287962076254189,15.86264419555664
600,-12.769470404984418,107,101,0.9423052959501558,-5.087098121643066,8.239181518554688,0.002867459785193205,4.727860927581787
601,-12.271028037383175,107,102,0.9472897196261683,-2.2665350437164307,6.4083356857299805,0.0028663279954344034,3.5387799739837646
602,-117.16037735849056,212,202,0.9483962264150944,-21.170656204223633,48.96261215209961,0.002865732414647937,7.34404993057251
603,59.33333333333334,24,20,0.8333333333333334,-22.044490814208984,34.9209098815918,0.0029018428176641464,24.93842315673828
604,43.888888888888886,45,40,0.8888888888888888,-14.225646018981934,11.763792991638184,0.0029025678522884846,4.021759986877441
605,-123.92354740061161,218,206,0.9407645259938838,-27.656808853149414,79.36781311035156,0.0026943557895720005,25.4067325592041
606,-3.7526881720430083,93,83,0.8924731182795699,-38.70262908935547,72.54803466796875,0.0026990706101059914,8.883398056030273
607,46.90909090909091,44,40,0.9090909090909091,18.03436279296875,24.589271545410156,0.0026639343705028296,5.313974380493164
608,-3.7526881720430083,93,83,0.8924731182795699,-18.40711784362793,19.761377334594727,0.0026593925431370735,8.774293899536133
609,68.9090909090909,22,20,0.9090909090909091,32.27117156982422,94.24272155761719,0.00266365148127079,10.078747749328613
610,63.95652173913044,23,20,0.8695652173913043,15.72485637664795,25.39156150817871,0.002666170010343194,8.8468599319458
611,-11.943396226415103,106,100,0.940566037735849,71.51856994628906,295.6988830566406,0.002738835057243705,38.13522720336914
612,-117.93081761006289,212,200,0.9406918238993711,48.04328536987305,118.26655578613281,0.0028105545789003372,34.922157287597656
613,-1.782608695652172,92,83,0.9021739130434783,-23.815332412719727,28.77870750427246,0.002363726729527116,5.483362674713135
614,41.01282051282051,52,49,0.9301282051282052,-58.18013381958008,293.6732482910156,0.002351166447624564,16.761720657348633
615,-3.7526881720430083,93,83,0.8924731182795699,-40.937355041503906,76.65945434570312,0.002299040090292692,18.07355308532715
616,-20.244837758112098,113,105,0.927551622418879,27.691993713378906,50.360389709472656,0.0023140825796872377,14.744303703308105
617,35.70238095238096,56,52,0.9170238095238096,-36.71817398071289,123.4779052734375,0.0023592805955559015,35.11751937866211
618,43.888888888888886,45,40,0.8888888888888888,18.574569702148438,24.15997886657715,0.0023522647097706795,8.74941635131836
619,-1.782608695652172,92,83,0.9021739130434783,5.041462421417236,3.439014196395874,0.0023397088516503572,0.6408287882804871
620,-113.92307692307692,208,196,0.9407692307692308,33.31166458129883,62.93696212768555,0.0023457412607967854,10.561792373657227
621,-118.63067292644757,213,202,0.9436932707355242,21.304269790649414,42.04011535644531,0.002359882229939103,15.045938491821289
622,43.888888888888886,45,40,0.8888888888888888,41.819217681884766,110.55538177490234,0.002198566449806094,16.390398025512695
623,-3.7526881720430083,93,83,0.8924731182795699,3.829728841781616,3.0446603298187256,0.0021865256130695343,2.2720837593078613
624,40.95652173913044,46,40,0.8695652173913043,22.15401840209961,35.52958679199219,0.0021700605284422636,15.545562744140625
625,43.888888888888886,45,40,0.8888888888888888,30.158355712890625,53.895633697509766,0.002271240809932351,39.76019287109375
626,-14.641975308641975,108,101,0.9335802469135802,35.02097702026367,75.27626037597656,0.002278220606967807,10.474777221679688
627,41.3974358974359,52,49,0.933974358974359,-34.397438049316406,111.276611328125,0.002333189593628049,29.72153663635254
628,-118.6056338028169,213,202,0.943943661971831,-70.20596313476562,255.27679443359375,0.0023724555503576994,25.348657608032227
629,63.95652173913044,23,20,0.8695652173913043,6.69624137878418,5.808236122131348,0.0023729372769594193,7.063042640686035
630,-118.7057902973396,213,201,0.942942097026604,-60.0757942199707,182.6123046875,0.002375730313360691,7.670200824737549
631,-3.7526881720430083,93,83,0.8924731182795699,-41.36294174194336,78.07029724121094,0.00235530873760581,3.773693084716797
632,43.888888888888886,45,40,0.8888888888888888,9.110376358032227,6.989443302154541,0.001988279866054654,4.045647621154785
633,68.9090909090909,22,20,0.9090909090909091,26.513107299804688,71.25852966308594,0.0019951630383729935,12.597000122070312
634,41.836601307189554,51,48,0.9283660130718955,-24.07245635986328,53.15523147583008,0.0020444102119654417,27.059049606323242
635,-7.631578947368411,95,83,0.8736842105263158,-31.86966896057129,48.002811431884766,0.002041744301095605,6.077956199645996
636,46.90909090909091,44,40,0.9090909090909091,45.28300857543945,130.46786499023438,0.002043797867372632,15.750011444091797
637,-5.702127659574472,94,83,0.8829787234042553,-5.288010597229004,3.926029682159424,0.002028962131589651,1.2723684310913086
638,-3.7526881720430083,93,83,0.8924731182795699,8.595690727233887,5.81544303894043,0.0019640284590423107,2.805896282196045
639,-18.31547619047619,112,106,0.9368452380952381,91.54074096679688,471.1452941894531,0.002071211813017726,45.52492904663086
640,40.95652173913044,46,40,0.8695652173913043,11.668116569519043,9.896946907043457,0.0020688611548393965,3.080430269241333
641,-3.7526881720430083,93,83,0.8924731182795699,-28.150894165039062,37.854827880859375,0.0020706059876829386,4.641209125518799
642,-18.3993993993994,111,104,0.926006006006006,6.197872161865234,7.767906665802002,0.002068734960630536,3.2615931034088135
643,-14.641975308641975,108,101,0.9335802469135802,-7.702270030975342,10.320930480957031,0.0020601938012987375,5.794785499572754
644,63.95652173913044,23,20,0.8695652173913043,-20.738739013671875,36.67996597290039,0.0020629465579986572,8.5497407913208
645,-118.1006289308176,212,200,0.9389937106918239,26.48554229736328,70.7362060546875,0.0020723503548651934,12.068013191223145
646,40.95652173913044,46,40,0.8695652173913043,-52.635101318359375,157.37643432617188,0.0020552496425807476,11.340862274169922
647,43.888888888888886,45,40,0.8888888888888888,-37.009281158447266,84.77845764160156,0.001972353784367442,15.202186584472656
648,40.051282051282044,52,48,0.9205128205128205,-91.40515899658203,637.880126953125,0.0022002344485372305,60.45843505859375
649,-5.702127659574472,94,83,0.8829787234042553,-50.45222473144531,115.39287567138672,0.0021610434632748365,8.60969066619873
650,46.90909090909091,44,40,0.9090909090909091,46.40813064575195,133.21649169921875,0.0021651480346918106,10.56348991394043
651,63.95652173913044,23,20,0.8695652173913043,46.26414489746094,192.36863708496094,0.0021676269825547934,7.603179454803467
652,-12.968847352024923,107,101,0.9403115264797508,112.20814514160156,654.4669189453125,0.0023162011057138443,51.72425079345703
653,-10.555555555555557,105,100,0.9444444444444444,95.74533081054688,478.4420166015625,0.0023437098134309053,22.058109283447266
654,-1.782608695652172,92,83,0.9021739130434783,-5.0650105476379395,3.0213711261749268,0.002340077655389905,1.8605177402496338
655,43.18300653594771,51,49,0.9418300653594771,-27.118425369262695,53.02554702758789,0.002341359620913863,7.784772872924805
656,63.95652173913044,23,20,0.8695652173913043,6.703909873962402,5.461592197418213,0.002341321436688304,8.76661205291748
657,63.95652173913044,23,20,0.8695652173913043,2.4474947452545166,1.2775672674179077,0.002286606701090932,0.6470325589179993
658,46.90909090909091,44,40,0.9090909090909091,-14.930876731872559,13.113778114318848,0.0022767558693885803,1.190970778465271
659,46.90909090909091,44,40,0.9090909090909091,-24.272184371948242,32.275482177734375,0.002278400119394064,6.906790733337402
660,41.01282051282051,52,49,0.9301282051282052,-103.3795166015625,784.0744018554688,0.002839331980794668,97.9318618774414
661,-3.7526881720430083,93,83,0.8924731182795699,-94.1588363647461,364.6873474121094,0.0028425015043467283,9.79832649230957
662,-11.13968253968254,105,99,0.9386031746031746,-32.08134841918945,56.668617248535156,0.002851851750165224,12.33183479309082
663,40.95652173913044,46,40,0.8695652173913043,19.721744537353516,24.970335006713867,0.002818773267790675,4.953714370727539
664,-115.41786283891547,209,196,0.9358213716108453,-15.67318058013916,29.72522735595703,0.002830158220604062,16.36795425415039
665,-12.582554517133957,107,102,0.9441744548286605,75.08068084716797,304.55633544921875,0.00285956053994596,29.547571182250977
666,63.95652173913044,23,20,0.8695652173913043,78.65811920166016,519.2211303710938,0.0025050623808056116,14.901412010192871
667,38.32098765432099,54,51,0.9232098765432099,46.43596267700195,155.09759521484375,0.0024972863029688597,11.978151321411133
668,38.63522012578616,53,49,0.9163522012578617,24.756498336791992,48.585914611816406,0.0025251603219658136,21.305484771728516
669,68.9090909090909,22,20,0.9090909090909091,69.11180877685547,389.7610778808594,0.0025196182541549206,3.1812005043029785
670,-123.91131498470948,218,206,0.9408868501529052,-70.02050018310547,243.5546112060547,0.0025631715543568134,26.75780487060547
671,-113.92307692307692,208,196,0.9407692307692308,-51.30607986450195,139.30709838867188,0.0025699434336274862,10.435741424560547
672,-21.95906432748538,114,106,0.9204093567251462,-63.89194869995117,220.19769287109375,0.0026659078430384398,40.599395751953125
673,-3.7526881720430083,93,83,0.8924731182795699,-77.00933837890625,246.73016357421875,0.0026789356488734484,14.06057357788086
674,-121.56481481481481,216,204,0.9443518518518519,-17.223058700561523,65.71929931640625,0.002674737246707082,8.550505638122559
675,-123.0,217,204,0.94,-0.4445095360279083,57.6192741394043,0.002674831310287118,4.792000770568848
676,40.95652173913044,46,40,0.8695652173913043,6.858565330505371,4.524415493011475,0.0026743996422737837,3.7592201232910156
677,-15.45871559633028,109,103,0.9354128440366972,15.525775909423828,18.399227142333984,0.0026750185061246157,2.6858677864074707
678,-1.782608695652172,92,83,0.9021739130434783,-17.461910247802734,15.557613372802734,0.002645371248945594,4.565481662750244
679,-20.144542772861357,113,106,0.9285545722713864,32.35313034057617,64.5928726196289,0.0027653626166284084,44.04438018798828
680,-12.582554517133957,107,102,0.9441744548286605,44.42265701293945,112.1335678100586,0.0027677826583385468,10.070955276489258
681,40.95652173913044,46,40,0.8695652173913043,10.352800369262695,8.56550121307373,0.0027437421958893538,11.563766479492188
682,-10.555555555555557,105,100,0.9444444444444444,14.76586627960205,18.511972427368164,0.002740538911893964,4.694550037384033
683,-1.782608695652172,92,83,0.9021739130434783,-45.21085739135742,85.04475402832031,0.0027485175523906946,11.029545783996582
684,-12.44654088050315,106,100,0.9355345911949685,-18.382598876953125,24.23580551147461,0.0027702883817255497,19.85416030883789
685,-122.47772657450076,217,206,0.9452227342549924,76.54142761230469,300.1861877441406,0.002793586114421487,26.926103591918945
686,-5.702127659574472,94,83,0.8829787234042553,-79.80082702636719,267.63348388671875,0.002801280003041029,12.692279815673828
687,-123.91131498470948,218,206,0.9408868501529052,46.065181732177734,141.4493408203125,0.0026522104162722826,21.169635772705078
688,38.761006289308185,53,49,0.9176100628930818,-72.49574279785156,391.0292663574219,0.0026982086710631847,28.483579635620117
689,-120.04672897196261,214,202,0.9395327102803739,30.440223693847656,78.26958465576172,0.0027167072985321283,17.157594680786133
690,-11.13968253968254,105,99,0.9386031746031746,2.6637442111968994,5.175340175628662,0.0027152106631547213,2.676816701889038
691,40.95652173913044,46,40,0.8695652173913043,13.546852111816406,13.476093292236328,0.0026720669120550156,2.0722968578338623
692,-13.822429906542055,107,100,0.9317757009345794,15.228328704833984,17.27442741394043,0.002668047556653619,7.368614673614502
693,-15.954128440366972,109,102,0.9304587155963303,19.001310348510742,24.070554733276367,0.00263533485122025,7.009385585784912
694,-3.7526881720430083,93,83,0.8924731182795699,-25.23994255065918,28.481538772583008,0.0026130820624530315,5.363340854644775
695,40.051282051282044,52,48,0.9205128205128205,-5.72875452041626,3.7773520946502686,0.002604898065328598,3.941709041595459
696,-3.7526881720430083,93,83,0.8924731182795699,-20.475011825561523,19.978761672973633,0.0026044934056699276,2.979074239730835
697,41.52287581699346,51,48,0.9252287581699347,7.87612247467041,6.875761032104492,0.0026002940721809864,4.454653739929199
698,-7.631578947368411,95,83,0.8736842105263158,-30.72443199157715,44.925498962402344,0.0026037872303277254,11.132697105407715
699,-15.954128440366972,109,102,0.9304587155963303,34.78511047363281,71.5177993774414,0.0025991196744143963,12.920750617980957
700,35.70238095238096,56,52,0.9170238095238096,14.215150833129883,19.461231231689453,0.0026078938972204924,12.726122856140137
701,-9.237179487179489,104,99,0.9476282051282051,41.305938720703125,103.08744812011719,0.0026389032136648893,22.668968200683594
702,43.888888888888886,45,40,0.8888888888888888,43.59210205078125,123.2367172241211,0.0027392865158617496,41.03508377075195
703,38.32098765432099,54,51,0.9232098765432099,-13.067192077636719,15.987431526184082,0.002708720276132226,11.5431547164917
704,-122.49001536098311,217,206,0.945099846390169,-109.29166412353516,539.9644775390625,0.0029247587081044912,59.650169372558594
705,40.91025641025641,52,49,0.9291025641025641,-25.974809646606445,51.67536163330078,0.002896498888731003,13.600461959838867
706,-1.782608695652172,92,83,0.9021739130434783,-38.11318588256836,66.40393829345703,0.0028926690574735403,4.580505847930908
707,46.90909090909091,44,40,0.9090909090909091,43.84587478637695,115.07363891601562,0.0029104668647050858,17.8078556060791
708,63.95652173913044,23,20,0.8695652173913043,46.021427154541016,187.45262145996094,0.002927464200183749,18.84560203552246
709,43.888888888888886,45,40,0.8888888888888888,27.357973098754883,50.947731018066406,0.0029261016752570868,8.341924667358398
710,50.02325581395348,43,40,0.9302325581395349,46.451263427734375,140.61630249023438,0.002925777342170477,8.568358421325684
711,-3.7526881720430083,93,83,0.8924731182795699,-56.06708526611328,139.36968994140625,0.0028380013536661863,6.547550201416016
712,43.888888888888886,45,40,0.8888888888888888,6.372220993041992,3.9633095264434814,0.0027627472300082445,0.8298114538192749
713,-3.7526881720430083,93,83,0.8924731182795699,-64.20752716064453,182.65145874023438,0.00276205874979496,5.843643665313721
714,63.95652173913044,23,20,0.8695652173913043,21.186372756958008,44.20257568359375,0.0027546787168830633,11.729290008544922
715,-12.968847352024923,107,101,0.9403115264797508,-20.904325485229492,27.781044006347656,0.002740320982411504,10.536604881286621
716,42.85620915032679,51,48,0.938562091503268,-38.98957061767578,115.86412811279297,0.002750065876170993,18.641786575317383
717,43.435374149659864,49,46,0.9243537414965987,-32.0385856628418,89.08231353759766,0.0026848390698432922,12.957723617553711
718,43.888888888888886,45,40,0.8888888888888888,33.246376037597656,75.76092529296875,0.002696959301829338,16.573619842529297
719,63.95652173913044,23,20,0.8695652173913043,43.32810592651367,172.06504821777344,0.002703527919948101,10.770549774169922
720,-5.702127659574472,94,83,0.8829787234042553,-11.401042938232422,7.464487552642822,0.0026965783908963203,2.160216808319092
721,-112.46859903381642,207,196,0.9453140096618358,79.60307312011719,269.070068359375,0.0027248766273260117,26.364776611328125
722,-113.96794871794873,208,196,0.9403205128205128,58.60495376586914,149.49209594726562,0.0027342140674591064,20.14481544494629
723,35.52380952380952,56,52,0.9152380952380952,4.582094669342041,2.592442512512207,0.002742883050814271,11.964607238769531
724,-3.7526881720430083,93,83,0.8924731182795699,-14.909786224365234,11.699373245239258,0.002728118561208248,3.2966527938842773
725,68.9090909090909,22,20,0.9090909090909091,53.047916412353516,243.0218505859375,0.0026684359181672335,24.599727630615234
726,43.83660130718954,51,49,0.9483660130718954,-7.079700469970703,4.889874458312988,0.002665154403075576,7.736631393432617
727,-1.782608695652172,92,83,0.9021739130434783,-31.47291374206543,48.30622863769531,0.0026124361902475357,6.217926025390625
728,-20.22619047619048,112,104,0.9177380952380952,-21.693607330322266,33.006771087646484,0.0025951031129807234,18.416364669799805
729,-16.0091743119266,109,102,0.929908256880734,-11.153767585754395,10.921238899230957,0.002595079131424427,7.083385944366455
730,38.369696969696975,55,52,0.9336969696969697,-24.36294937133789,52.256927490234375,0.0026057064533233643,15.162429809570312
731,-1.782608695652172,92,83,0.9021739130434783,-25.71830177307129,32.092552185058594,0.0026059572119265795,4.4610066413879395
732,-3.7526881720430083,93,83,0.8924731182795699,-24.34748077392578,28.675968170166016,0.0026050875894725323,1.5924590826034546
733,35.52380952380952,56,52,0.9152380952380952,-1.403017282485962,0.8702368140220642,0.0025951622519642115,0.4331727921962738
734,-14.092592592592595,108,102,0.9390740740740741,56.2607536315918,183.1209716796875,0.002553611760959029,8.83096694946289
735,42.85620915032679,51,48,0.938562091503268,21.790170669555664,39.24369812011719,0.0025557109620422125,7.4751787185668945
736,-18.3993993993994,111,104,0.926006006006006,35.79745101928711,76.36692810058594,0.002583475783467293,27.392263412475586
737,-3.7526881720430083,93,83,0.8924731182795699,-19.200363159179688,18.906949996948242,0.002583894645795226,2.662235975265503
738,68.9090909090909,22,20,0.9090909090909091,47.49604034423828,215.15682983398438,0.0026528900489211082,34.668128967285156
739,43.435374149659864,49,46,0.9243537414965987,-30.540435791015625,72.25750732421875,0.0025175909977406263,2.8338382244110107
740,68.9090909090909,22,20,0.9090909090909091,40.445396423339844,135.3035430908203,0.002570598153397441,27.883333206176758
741,-118.80188679245283,212,198,0.9319811320754717,-142.61111450195312,886.0714721679688,0.0028439429588615894,68.62352752685547
742,-120.04672897196261,214,202,0.9395327102803739,-118.77761840820312,620.450927734375,0.0028810049407184124,25.12770652770996
743,40.371794871794876,52,49,0.9237179487179488,-33.721710205078125,96.19219207763672,0.0028867770452052355,11.540912628173828
744,63.95652173913044,23,20,0.8695652173913043,24.414548873901367,59.06565475463867,0.0028916741721332073,12.718035697937012
745,-10.555555555555557,105,100,0.9444444444444444,51.90231704711914,160.66610717773438,0.00289059616625309,15.867006301879883
746,43.888888888888886,45,40,0.8888888888888888,33.20482635498047,75.54753112792969,0.0028947696555405855,14.251808166503906
747,43.888888888888886,45,40,0.8888888888888888,27.3056697845459,52.37636184692383,0.002883489476516843,13.079654693603516
748,0.2087912087912116,91,83,0.9120879120879121,-4.236577033996582,3.087183952331543,0.002637626836076379,1.3538674116134644
749,-123.07680491551459,217,204,0.9392319508448541,60.59947967529297,180.2850341796875,0.0026370964478701353,12.098625183105469
750,39.05128205128206,52,48,0.9105128205128206,-58.28542709350586,286.11065673828125,0.0028040572069585323,57.384925842285156
751,43.888888888888886,45,40,0.8888888888888888,2.852741241455078,1.763414740562439,0.002803728450089693,0.22633090615272522
752,68.9090909090909,22,20,0.9090909090909091,18.411121368408203,35.7547607421875,0.002614307217299938,9.013810157775879
753,41.836601307189554,51,48,0.9283660130718955,-37.92625427246094,129.23280334472656,0.00260262843221426,20.809215545654297
754,-3.7526881720430083,93,83,0.8924731182795699,-24.961179733276367,30.162303924560547,0.002605948131531477,12.199956893920898
755,-5.702127659574472,94,83,0.8829787234042553,-19.80516242980957,20.827316284179688,0.002602389082312584,2.113318681716919
756,39.5,52,48,0.915,-0.8459264636039734,0.8117468953132629,0.002602255903184414,1.3679871559143066
757,-5.702127659574472,94,83,0.8829787234042553,9.670159339904785,6.327265739440918,0.002602560678496957,0.379739910364151
758,-1.782608695652172,92,83,0.9021739130434783,40.5592041015625,75.8503646850586,0.002605579560622573,3.615755796432495
759,43.888888888888886,45,40,0.8888888888888888,66.41667938232422,292.9085388183594,0.002611077157780528,19.197349548339844
760,43.888888888888886,45,40,0.8888888888888888,61.5706672668457,231.0849609375,0.002152317902073264,34.26094055175781
761,40.051282051282044,52,48,0.9205128205128205,8.189080238342285,7.182579040527344,0.0021433853544294834,5.038333415985107
762,-1.782608695652172,92,83,0.9021739130434783,0.11735013127326965,2.580235719680786,0.0021392579656094313,0.9777482151985168
763,-5.702127659574472,94,83,0.8829787234042553,-35.13690948486328,60.98959732055664,0.0021531961392611265,15.429762840270996
764,43.888888888888886,45,40,0.8888888888888888,3.428123712539673,1.941232681274414,0.0021430908236652613,1.0083287954330444
765,-14.092592592592595,108,102,0.9390740740740741,9.71125602722168,9.0785493850708,0.0021031484939157963,4.279072284698486
766,43.888888888888886,45,40,0.8888888888888888,-14.906890869140625,14.44165325164795,0.0020933267660439014,4.910417556762695
767,-5.702127659574472,94,83,0.8829787234042553,-73.21336364746094,244.86228942871094,0.0021143804769963026,23.020183563232422
768,39.05128205128206,52,48,0.9105128205128206,-76.39020538330078,530.3162231445312,0.0023520723916590214,66.14331817626953
769,-3.7526881720430083,93,83,0.8924731182795699,-28.960920333862305,43.601627349853516,0.002359287813305855,9.342607498168945
770,35.70238095238096,56,52,0.9170238095238096,-1.0411516427993774,1.4358019828796387,0.002305797766894102,0.39271318912506104
771,-5.702127659574472,94,83,0.8829787234042553,20.914794921875,21.471399307250977,0.0023033544421195984,1.6478729248046875
772,40.95652173913044,46,40,0.8695652173913043,69.52300262451172,297.3586730957031,0.0022685271687805653,32.36182403564453
773,63.95652173913044,23,20,0.8695652173913043,64.31349182128906,450.70733642578125,0.0023911255411803722,49.379756927490234
774,-3.7526881720430083,93,83,0.8924731182795699,51.21747589111328,120.85462188720703,0.0023897914215922356,10.86375617980957
775,35.70238095238096,56,52,0.9170238095238096,38.39496994018555,127.5931396484375,0.0024022439029067755,13.055530548095703
776,63.95652173913044,23,20,0.8695652173913043,33.7817497253418,104.0421142578125,0.0024503411259502172,25.86513328552246
777,46.90909090909091,44,40,0.9090909090909091,27.990215301513672,59.478248596191406,0.00246973498724401,18.633792877197266
778,-3.7526881720430083,93,83,0.8924731182795699,-47.06520462036133,112.01585388183594,0.0024828992318361998,13.117562294006348
779,43.888888888888886,45,40,0.8888888888888888,-31.095340728759766,61.645851135253906,0.002389256376773119,11.137813568115234
780,-120.14641744548287,214,201,0.9385358255451713,49.0535888671875,161.51226806640625,0.0023956543300300837,14.286360740661621
781,-14.456790123456784,108,102,0.9354320987654321,-63.64994812011719,271.389892578125,0.0023999307304620743,9.813814163208008
782,-16.314984709480115,109,102,0.9268501529051988,-70.87007904052734,316.3542175292969,0.0024091540835797787,15.930342674255371
783,63.95652173913044,23,20,0.8695652173913043,-40.373626708984375,149.51390075683594,0.0024217581376433372,15.541278839111328
784,43.435374149659864,49,46,0.9243537414965987,-80.61385345458984,513.9891967773438,0.002413636539131403,21.61005973815918
785,43.888888888888886,45,40,0.8888888888888888,17.82002830505371,23.47418785095215,0.0023777277674525976,4.534398555755615
786,68.9090909090909,22,20,0.9090909090909091,53.542808532714844,269.4117126464844,0.0024007135070860386,21.309017181396484
787,-3.7526881720430083,93,83,0.8924731182795699,45.708763122558594,99.37657928466797,0.0023773908615112305,4.981783866882324
788,46.90909090909091,44,40,0.9090909090909091,90.90151977539062,567.0237426757812,0.0023587578907608986,19.361066818237305
789,38.761006289308185,53,49,0.9176100628930818,52.121971130371094,230.3097381591797,0.00242063170298934,33.572689056396484
790,68.9090909090909,22,20,0.9090909090909091,61.37063217163086,371.646484375,0.0024236866738647223,9.165639877319336
791,-5.702127659574472,94,83,0.8829787234042553,2.090334177017212,3.2339136600494385,0.0024226063396781683,1.4896965026855469
792,-1.782608695652172,92,83,0.9021739130434783,-4.832020282745361,4.432031631469727,0.002418616320937872,1.787037968635559
793,68.9090909090909,22,20,0.9090909090909091,8.779574394226074,9.930279731750488,0.0024137378204613924,3.581342935562134
794,40.95652173913044,46,40,0.8695652173913043,-37.872032165527344,90.17959594726562,0.0024139422457665205,1.5057591199874878
795,-123.92354740061161,218,206,0.9407645259938838,4.964566707611084,43.68701934814453,0.002414471935480833,4.509295463562012
796,-18.31547619047619,112,106,0.9368452380952381,-27.559165954589844,66.102294921875,0.0024212412536144257,8.536747932434082
797,-116.65560821484992,211,200,0.9434439178515008,2.404332160949707,38.907875061035156,0.0024202761705964804,1.7668403387069702
798,40.371794871794876,52,49,0.9237179487179488,-113.25438690185547,1178.592529296875,0.0024622951168566942,27.239728927612305
799,-12.578616352201266,106,100,0.9342138364779874,-6.676759243011475,13.335403442382812,0.0024546917993575335,1.8521920442581177
800,63.95652173913044,23,20,0.8695652173913043,-1.069874882698059,0.7575491070747375,0.002447698265314102,0.7669059634208679
801,-13.35514018691589,107,101,0.9364485981308411,69.60828399658203,305.8319396972656,0.002437898889183998,20.28069496154785
802,-120.07165109034268,214,202,0.9392834890965732,42.853572845458984,99.37117004394531,0.0023394026793539524,2.1241116523742676
803,63.95652173913044,23,20,0.8695652173913043,25.58587646484375,70.92606353759766,0.002332690404728055,2.436091661453247
804,-5.702127659574472,94,83,0.8829787234042553,-1.2505197525024414,3.858832597732544,0.0021132465917617083,0.24602007865905762
805,-14.45171339563862,107,100,0.9254828660436137,64.8674087524414,265.7601013183594,0.002142291283234954,27.546049118041992
806,41.3974358974359,52,49,0.933974358974359,-7.339090824127197,5.610543251037598,0.002142891753464937,6.297685146331787
807,38.32098765432099,54,51,0.9232098765432099,-22.442094802856445,49.8664665222168,0.0021253349259495735,8.589150428771973
808,-1.782608695652172,92,83,0.9021739130434783,-13.426541328430176,12.826359748840332,0.0020984208676964045,1.8974484205245972
809,68.9090909090909,22,20,0.9090909090909091,30.19383430480957,96.95132446289062,0.0021030190400779247,12.766128540039062
810,46.90909090909091,44,40,0.9090909090909091,20.894147872924805,32.5593376159668,0.0021012399811297655,5.234253406524658
811,35.52380952380952,56,52,0.9152380952380952,-42.71974182128906,167.49447631835938,0.0021039156708866358,8.984330177307129
812,-15.222222222222214,108,101,0.9277777777777778,7.414433002471924,13.08299446105957,0.002105790888890624,5.848450183868408
813,-118.7057902973396,213,201,0.942942097026604,-70.13155364990234,249.09527587890625,0.0021042271982878447,5.341979026794434
814,41.52287581699346,51,48,0.9252287581699347,-28.00489044189453,67.65252685546875,0.002103522652760148,7.137261867523193
815,68.9090909090909,22,20,0.9090909090909091,35.97590255737305,137.4672393798828,0.0021060474682599306,13.21046257019043
816,63.95652173913044,23,20,0.8695652173913043,22.678726196289062,59.00923156738281,0.0021019235718995333,16.71905517578125
817,43.888888888888886,45,40,0.8888888888888888,31.764646530151367,74.62262725830078,0.0020940753165632486,12.978633880615234
818,43.888888888888886,45,40,0.8888888888888888,28.331819534301758,58.628196716308594,0.002089589135721326,13.848227500915527
819,42.85620915032679,51,48,0.938562091503268,-9.223153114318848,8.486316680908203,0.002085453364998102,2.538463592529297
820,38.63522012578616,53,49,0.9163522012578617,-24.516069412231445,54.76079559326172,0.0020858715288341045,7.90810489654541
821,42.85620915032679,51,48,0.938562091503268,-11.38708782196045,12.151705741882324,0.0020510146860033274,7.207620143890381
822,-116.86349206349206,210,196,0.9313650793650794,-11.417115211486816,21.105310440063477,0.0020217057317495346,0.8942278623580933
823,63.95652173913044,23,20,0.8695652173913043,22.83403968811035,43.761314392089844,0.0020584198646247387,26.23253059387207
824,43.435374149659864,49,46,0.9243537414965987,-9.198616981506348,8.347990036010742,0.0020583837758749723,2.2086567878723145
825,41.52564102564102,52,49,0.9352564102564103,4.387529373168945,2.988330841064453,0.0020140111446380615,2.1084349155426025
826,-3.7526881720430083,93,83,0.8924731182795699,1.685833215713501,3.895702362060547,0.002012444892898202,0.9913574457168579
827,-118.7057902973396,213,201,0.942942097026604,30.092992782592773,55.725948333740234,0.002010342199355364,3.350987195968628
828,41.836601307189554,51,48,0.9283660130718955,1.6289410591125488,1.762938141822815,0.001989037962630391,0.6436299085617065
829,46.90909090909091,44,40,0.9090909090909091,44.02375411987305,143.08412170410156,0.001992183970287442,7.2868475914001465
830,-113.96794871794873,208,196,0.9403205128205128,23.48397445678711,36.04447555541992,0.00197992823086679,7.566215515136719
831,40.95652173913044,46,40,0.8695652173913043,6.4391188621521,3.7945938110351562,0.0019771726801991463,2.5654032230377197
832,41.836601307189554,51,48,0.9283660130718955,-30.977169036865234,85.88435363769531,0.0019784211181104183,5.569522380828857
833,63.95652173913044,23,20,0.8695652173913043,5.144407272338867,4.036181926727295,0.0019784087780863047,3.4621400833129883
834,-14.839506172839506,108,101,0.931604938271605,24.855112075805664,44.507118225097656,0.001976169878616929,1.6762149333953857
835,41.52287581699346,51,48,0.9252287581699347,-39.40058517456055,138.85671997070312,0.0019927865359932184,21.18561553955078
836,33.09356725146199,57,52,0.9009356725146199,-41.41995620727539,161.46258544921875,0.0019697004463523626,13.577853202819824
837,-1.782608695652172,92,83,0.9021739130434783,-5.693945407867432,6.661238193511963,0.0019693071953952312,0.9447058439254761
838,40.95652173913044,46,40,0.8695652173913043,25.492095947265625,43.64882278442383,0.0019070645794272423,3.744675397872925
839,43.888888888888886,45,40,0.8888888888888888,45.46683120727539,138.22021484375,0.0019456767477095127,23.311508178710938
840,42.294117647058826,51,48,0.9329411764705883,17.970291137695312,31.784168243408203,0.0018985809292644262,11.072626113891602
841,43.888888888888886,45,40,0.8888888888888888,42.88592529296875,130.9215850830078,0.0016457707388326526,20.25629234313965
842,38.32098765432099,54,51,0.9232098765432099,1.9033479690551758,0.8565524816513062,0.0016094360034912825,1.819754958152771
843,35.70238095238096,56,52,0.9170238095238096,-8.049514770507812,7.702550888061523,0.001602367963641882,2.2805840969085693
844,-3.7526881720430083,93,83,0.8924731182795699,-16.766613006591797,18.818180084228516,0.0015952691901475191,3.2162415981292725
845,-5.702127659574472,94,83,0.8829787234042553,-30.345436096191406,49.311832427978516,0.0015824995934963226,1.011856198310852
846,63.95652173913044,23,20,0.8695652173913043,14.806382179260254,23.484228134155273,0.0015756490174680948,8.900056838989258
847,63.95652173913044,23,20,0.8695652173913043,13.102850914001465,20.228012084960938,0.0015714488690719008,9.574573516845703
848,40.58666666666667,50,46,0.9058666666666667,-38.21144485473633,124.13435363769531,0.0016247875755652785,28.87427520751953
849,-126.77878787878788,220,206,0.9322121212121212,-55.604305267333984,174.11306762695312,0.0016205632127821445,8.935869216918945
850,-118.1006289308176,212,200,0.9389937106918239,-16.04851722717285,29.49411392211914,0.0014296916779130697,10.738779067993164
851,-23.759420289855072,115,106,0.9124057971014493,58.437068939208984,215.9569549560547,0.0014380811480805278,11.682239532470703
852,35.64242424242424,55,51,0.9064242424242425,-2.339846134185791,1.116323709487915,0.00143376924097538,0.2825414538383484
853,-3.7526881720430083,93,83,0.8924731182795699,3.096271514892578,4.607418537139893,0.0014066958101466298,1.9053009748458862
854,46.90909090909091,44,40,0.9090909090909091,48.562564849853516,160.59024047851562,0.0014072433114051819,11.945456504821777
855,-3.7526881720430083,93,83,0.8924731182795699,-5.693696975708008,6.94716215133667,0.0014075860381126404,2.4743809700012207
856,32.82456140350877,57,52,0.8982456140350877,-25.05727195739746,61.119937896728516,0.00140834238845855,4.144323348999023
857,-1.782608695652172,92,83,0.9021739130434783,-2.599278450012207,5.074513912200928,0.0014090734766796231,2.992013454437256
858,-113.92307692307692,208,196,0.9407692307692308,44.60521697998047,100.0662841796875,0.00141927320510149,13.81538200378418
859,-11.13968253968254,105,99,0.9386031746031746,48.072025299072266,149.8084716796875,0.0013989144936203957,4.7644734382629395
860,-15.954128440366972,109,102,0.9304587155963303,24.876949310302734,48.086753845214844,0.0013371369568631053,14.792107582092285
861,-3.7526881720430083,93,83,0.8924731182795699,-45.49607467651367,103.45217895507812,0.001336463144980371,4.070453643798828
862,-1.782608695652172,92,83,0.9021739130434783,-45.541107177734375,107.97994995117188,0.0013467244571074843,12.369841575622559
863,-123.92354740061161,218,206,0.9407645259938838,-28.79620361328125,74.30425262451172,0.0013389779487624764,11.063253402709961
864,-115.37320574162679,209,196,0.936267942583732,-14.019043922424316,27.449447631835938,0.0013392263790592551,2.660165786743164
865,41.3974358974359,52,49,0.933974358974359,-52.03317642211914,252.92108154296875,0.0013473967555910349,12.135079383850098
866,-125.34094368340944,219,206,0.9365905631659056,-10.615138053894043,34.23413848876953,0.0013473577564582229,5.076846599578857
867,-126.77878787878788,220,206,0.9322121212121212,-1.3552205562591553,31.623491287231445,0.0013162154937162995,3.2929606437683105
868,-17.309090909090912,110,103,0.9269090909090909,47.74715042114258,145.55450439453125,0.0012326540891081095,54.8680419921875
869,-15.954128440366972,109,102,0.9304587155963303,52.63629913330078,176.83563232421875,0.0012356624938547611,11.832039833068848
870,-124.43119266055045,218,204,0.9356880733944954,22.330446243286133,39.89237594604492,0.0012369913747534156,4.636487007141113
871,40.95652173913044,46,40,0.8695652173913043,10.359831809997559,8.085917472839355,0.0012373391073197126,2.8078181743621826
872,-112.51368760064412,207,196,0.9448631239935588,31.693395614624023,56.42155838012695,0.0011724323267117143,3.7167627811431885
873,-3.7526881720430083,93,83,0.8924731182795699,-44.46437454223633,96.3949203491211,0.0010273526422679424,7.247623443603516
874,63.95652173913044,23,20,0.8695652173913043,3.8148415088653564,2.2986021041870117,0.00102031952701509,1.3148252964019775
875,43.435374149659864,49,46,0.9243537414965987,-53.638362884521484,244.1103057861328,0.0010214988142251968,13.772285461425781
876,-14.839506172839506,108,101,0.931604938271605,-8.241348266601562,11.364432334899902,0.000979915028437972,2.7314512729644775
877,-3.7526881720430083,93,83,0.8924731182795699,-37.646766662597656,67.94879913330078,0.0009670963045209646,11.492968559265137
878,-3.7526881720430083,93,83,0.8924731182795699,-24.613441467285156,31.63399887084961,0.0009584595100022852,6.366767406463623
879,-112.51368760064412,207,196,0.9448631239935588,9.356127738952637,13.674885749816895,0.0009511235984973609,1.4054884910583496
880,-125.93455098934551,219,204,0.9306544901065449,-24.426206588745117,51.18889236450195,0.0009392384672537446,3.8849258422851562
881,-17.799999999999997,110,102,0.922,60.89986038208008,244.35340881347656,0.0009482356836088002,16.313512802124023
882,63.95652173913044,23,20,0.8695652173913043,55.5015869140625,328.95880126953125,0.000986758852377534,30.220748901367188
883,-3.7526881720430083,93,83,0.8924731182795699,4.753265857696533,3.9321742057800293,0.0009727433789521456,2.8592710494995117
884,41.01282051282051,52,49,0.9301282051282052,17.417049407958984,29.077329635620117,0.0009488989599049091,7.629515647888184
885,63.95652173913044,23,20,0.8695652173913043,35.163673400878906,126.67935180664062,0.0009490071097388864,5.129354000091553
886,-113.92307692307692,208,196,0.9407692307692308,-22.13346290588379,34.0708122253418,0.0009195979218930006,1.2003060579299927
887,-14.456790123456784,108,102,0.9354320987654321,-7.780771255493164,9.607200622558594,0.0009190526325255632,3.1401724815368652
888,-5.702127659574472,94,83,0.8829787234042553,-65.70814514160156,215.48068237304688,0.0009222471853718162,19.964984893798828
889,38.74358974358975,52,48,0.9074358974358975,-57.99978256225586,295.980224609375,0.0008573455852456391,10.193944931030273
890,-119.5414710485133,213,200,0.934585289514867,-35.51333236694336,75.86338806152344,0.0008533321670256555,2.2517623901367188
891,63.95652173913044,23,20,0.8695652173913043,21.398502349853516,48.61399841308594,0.0008572334190830588,8.598488807678223
892,37.314465408805034,53,48,0.9031446540880503,-19.11437225341797,33.09043884277344,0.0008651638054288924,11.082201957702637
893,63.95652173913044,23,20,0.8695652173913043,38.20777893066406,142.6838836669922,0.0008699941099621356,9.689032554626465
894,43.888888888888886,45,40,0.8888888888888888,46.744300842285156,154.80645751953125,0.000884853710886091,16.322416305541992
895,-5.702127659574472,94,83,0.8829787234042553,-12.076573371887207,10.11452579498291,0.0008844873518683016,3.6424460411071777
896,-112.51368760064412,207,196,0.9448631239935588,60.46274948120117,171.97335815429688,0.0008840718073770404,8.994894981384277
897,-17.799999999999997,110,102,0.922,34.0203742980957,80.52161407470703,0.0008849813602864742,4.915600776672363
898,-116.65560821484992,211,200,0.9434439178515008,27.31287956237793,43.69379806518555,0.0008437467622570693,9.861457824707031
899,-1.782608695652172,92,83,0.9021739130434783,-25.223169326782227,33.85285568237305,0.0008448168518953025,3.2540600299835205
900,63.95652173913044,23,20,0.8695652173913043,9.738504409790039,11.85258674621582,0.0008456903742626309,4.932138919830322
901,-118.80188679245283,212,198,0.9319811320754717,-37.3302001953125,81.06834411621094,0.0008244274649769068,5.45530366897583
902,-115.91428571428571,210,198,0.9408571428571428,-26.713680267333984,46.89531326293945,0.0008252483094111085,3.728955030441284
903,43.888888888888886,45,40,0.8888888888888888,-3.8526928424835205,1.769527792930603,0.0008251264807768166,0.9498251676559448
904,-1.782608695652172,92,83,0.9021739130434783,-50.680450439453125,130.65896606445312,0.0008352746954187751,12.169565200805664
905,43.888888888888886,45,40,0.8888888888888888,-1.7533150911331177,1.1662908792495728,0.0007898561307229102,0.33156734704971313
906,63.95652173913044,23,20,0.8695652173913043,3.5580568313598633,2.237786054611206,0.0007873959257267416,1.2463411092758179
907,42.294117647058826,51,48,0.9329411764705883,-36.24551773071289,117.17707061767578,0.0008091749041341245,20.930553436279297
908,-3.7526881720430083,93,83,0.8924731182795699,-32.84324645996094,54.79678726196289,0.0008095712400972843,2.9843883514404297
909,45.16,50,48,0.9516,4.823859691619873,4.223531246185303,0.0008013212354853749,6.109096527099609
910,-3.7526881720430083,93,83,0.8924731182795699,-3.7908530235290527,3.537050724029541,0.0007993344333954155,0.8027285933494568
911,63.95652173913044,23,20,0.8695652173913043,40.24423599243164,171.32901000976562,0.0008222260512411594,22.031530380249023
912,40.051282051282044,52,48,0.9205128205128205,19.439353942871094,36.193023681640625,0.000821437977720052,4.337890625
913,43.888888888888886,45,40,0.8888888888888888,49.25294876098633,173.66441345214844,0.0008677392033860087,27.911596298217773
914,-3.7526881720430083,93,83,0.8924731182795699,0.34358611702919006,2.576531171798706,0.000865029520355165,1.2804555892944336
915,-22.058479532163744,114,105,0.9194152046783626,39.3869743347168,101.55690002441406,0.000859229767229408,8.678107261657715
916,-120.07165109034268,214,202,0.9392834890965732,22.14090347290039,33.02512741088867,0.000844066496938467,2.5496644973754883
917,-16.47147147147146,111,106,0.9452852852852853,21.048171997070312,34.29403305053711,0.0008397987112402916,8.99813175201416
918,43.888888888888886,45,40,0.8888888888888888,-11.382064819335938,8.453248977661133,0.0008283613715320826,1.611284613609314
919,-113.92307692307692,208,196,0.9407692307692308,-14.637916564941406,30.007095336914062,0.0008283476927317679,2.8635647296905518
920,-13.025157232704402,106,99,0.929748427672956,-61.690940856933594,245.32386779785156,0.0008270835387520492,6.878369331359863
921,68.9090909090909,22,20,0.9090909090909091,-1.8972445726394653,0.668448269367218,0.0008233578992076218,0.6863872408866882
922,68.9090909090909,22,20,0.9090909090909091,-0.7312734723091125,0.5957038998603821,0.0008232659311033785,0.4444293975830078
923,63.95652173913044,23,20,0.8695652173913043,-15.458203315734863,22.41716766357422,0.0007811567629687488,6.74578332901001
924,43.888888888888886,45,40,0.8888888888888888,-25.611003875732422,42.49284744262695,0.0007817531586624682,4.239139556884766
925,68.9090909090909,22,20,0.9090909090909091,6.435102462768555,5.511058807373047,0.0007815639255568385,1.6227577924728394
926,-19.144144144144136,111,103,0.9185585585585586,-36.94404983520508,90.08001708984375,0.0008011905592866242,18.815555572509766
927,-118.6056338028169,213,202,0.943943661971831,-2.654345750808716,14.283234596252441,0.0008004382252693176,0.8366296887397766
928,-1.782608695652172,92,83,0.9021739130434783,-28.093717575073242,42.15192413330078,0.000801032583694905,2.3521389961242676
929,68.9090909090909,22,20,0.9090909090909091,28.221899032592773,85.69544219970703,0.0008148369961418211,15.771190643310547
930,40.051282051282044,52,48,0.9205128205128205,-15.434256553649902,22.52716064453125,0.0008158403215929866,7.592817783355713
931,-15.45871559633028,109,103,0.9354128440366972,55.9267578125,207.4725799560547,0.0008369308197870851,18.96177864074707
932,35.52380952380952,56,52,0.9152380952380952,-5.148231029510498,3.54951548576355,0.0008349117124453187,1.4744457006454468
933,-118.1006289308176,212,200,0.9389937106918239,27.722984313964844,44.838836669921875,0.0008346702088601887,2.0463647842407227
934,40.95652173913044,46,40,0.8695652173913043,19.56851577758789,28.104991912841797,0.0008343626977875829,0.5265799760818481
935,46.3611111111111,48,46,0.9436111111111111,-5.026937961578369,3.155579090118408,0.0008082100539468229,5.117537975311279
936,63.95652173913044,23,20,0.8695652173913043,18.056262969970703,35.38222885131836,0.000797706248704344,2.811583995819092
937,-14.148148148148152,108,102,0.9385185185185185,32.45811080932617,68.17103576660156,0.0008212192915380001,18.98412322998047
938,63.95652173913044,23,20,0.8695652173913043,8.548555374145508,8.186197280883789,0.0008226830395869911,6.598701477050781
939,-14.839506172839506,108,101,0.931604938271605,-5.468076229095459,7.146434783935547,0.0007887285319156945,1.6184263229370117
940,0.2087912087912116,91,83,0.9120879120879121,-40.901554107666016,82.72454833984375,0.0007833109702914953,6.326549053192139
941,-16.49847094801224,109,101,0.9250152905198776,-30.356416702270508,66.32042694091797,0.00077655358472839,17.748733520507812
942,-112.51368760064412,207,196,0.9448631239935588,-22.49262237548828,33.2806510925293,0.0007772276294417679,3.2289135456085205
943,-116.48499210110585,211,200,0.9451500789889415,-24.734994888305664,40.66587448120117,0.0007772058597765863,2.5537760257720947
944,-3.7526881720430083,93,83,0.8924731182795699,-46.647029876708984,105.97595977783203,0.0007774095865897834,3.6610465049743652
945,35.42857142857143,56,52,0.9142857142857143,-35.32647705078125,127.93034362792969,0.0007876750314608216,12.031078338623047
946,63.95652173913044,23,20,0.8695652173913043,18.92929458618164,38.662288665771484,0.0007837319280952215,4.641670227050781
947,-19.144144144144136,111,103,0.9185585585585586,47.96766662597656,144.60646057128906,0.00078206742182374,6.509592533111572
948,46.3611111111111,48,46,0.9436111111111111,12.518950462341309,16.904829025268555,0.0007312485249713063,2.9251255989074707
949,-118.63067292644757,213,202,0.9436932707355242,42.88398742675781,89.80455780029297,0.0007284587481990457,3.7757997512817383
950,46.90909090909091,44,40,0.9090909090909091,48.126121520996094,163.4857635498047,0.0007259121630340815,7.434953212738037
951,38.761006289308185,53,49,0.9176100628930818,-14.295546531677246,18.374807357788086,0.0007238270482048392,10.748726844787598
952,-1.782608695652172,92,83,0.9021739130434783,-8.2964448928833,5.952296733856201,0.0007238343241624534,0.8986714482307434
953,-12.578616352201266,106,100,0.9342138364779874,28.9049015045166,57.44062042236328,0.0007238141261041164,1.5112324953079224
954,39.05128205128206,52,48,0.9105128205128206,-40.173614501953125,153.3129119873047,0.000723363074939698,11.300682067871094
955,-13.025157232704402,106,99,0.929748427672956,14.643449783325195,17.225881576538086,0.0007258346886374056,6.498668193817139
956,63.95652173913044,23,20,0.8695652173913043,9.711487770080566,11.882447242736816,0.0007266051252372563,5.612154483795166
957,-118.7057902973396,213,201,0.942942097026604,-25.020278930664062,42.90023422241211,0.0007260178099386394,1.8806496858596802
958,-12.582554517133957,107,102,0.9441744548286605,20.034284591674805,29.942461013793945,0.0007159977103583515,2.3134286403656006
959,-8.647435897435898,104,100,0.9535256410256411,20.286781311035156,28.54633140563965,0.0007165033603087068,4.881671905517578
960,43.888888888888886,45,40,0.8888888888888888,-0.3095371425151825,0.9567847847938538,0.0007032405701465905,0.8114526271820068
961,63.95652173913044,23,20,0.8695652173913043,1.071868658065796,0.8082284927368164,0.0007021823548711836,1.0606127977371216
962,-118.6056338028169,213,202,0.943943661971831,-33.4549674987793,70.36078643798828,0.0006996152806095779,10.466676712036133
963,-10.555555555555557,105,100,0.9444444444444444,-22.206790924072266,36.114620208740234,0.0006991309928707778,11.03966236114502
964,43.888888888888886,45,40,0.8888888888888888,-13.115327835083008,11.457831382751465,0.0006990256952121854,1.8940889835357666
965,39.5,52,48,0.915,-63.54093933105469,381.2066650390625,0.0007425043731927872,28.898529052734375
966,-17.309090909090912,110,103,0.9269090909090909,-0.851347804069519,4.036595821380615,0.0007411406259052455,1.8257766962051392
967,41.836601307189554,51,48,0.9283660130718955,-15.235295295715332,21.715518951416016,0.0007404260686598718,1.550988793373108
968,38.369696969696975,55,52,0.9336969696969697,15.168281555175781,22.45865821838379,0.0005572342197410762,4.790732383728027
969,-14.320872274143298,107,100,0.926791277258567,65.56339263916016,266.2047119140625,0.0005488389870151877,2.5709192752838135
970,46.90909090909091,44,40,0.9090909090909091,66.65592956542969,304.68536376953125,0.000550535274669528,6.881017684936523
971,-14.641975308641975,108,101,0.9335802469135802,56.935848236083984,204.4512176513672,0.0005538776167668402,8.56102180480957
972,-3.7526881720430083,93,83,0.8924731182795699,-18.667133331298828,18.723236083984375,0.000553088029846549,2.850858449935913
973,-20.144542772861357,113,106,0.9285545722713864,5.804699420928955,5.865671634674072,0.0005504827131517231,2.065370798110962
974,32.91812865497076,57,52,0.8991812865497076,-53.97920227050781,274.1002197265625,0.0006676641060039401,44.05438995361328
975,38.761006289308185,53,49,0.9176100628930818,-46.573856353759766,197.08070373535156,0.000683452992234379,21.01453399658203
976,43.888888888888886,45,40,0.8888888888888888,14.252970695495605,16.356582641601562,0.0006842001457698643,4.288945198059082
977,68.9090909090909,22,20,0.9090909090909091,37.312156677246094,150.1136016845703,0.0006850124336779118,12.474023818969727
978,-18.41666666666667,112,105,0.9358333333333333,9.36906623840332,10.319969177246094,0.0006829486810602248,2.567209005355835
979,-17.073394495412842,109,101,0.9192660550458716,-8.45041561126709,8.237187385559082,0.0006833762163296342,2.7478389739990234
980,43.888888888888886,45,40,0.8888888888888888,24.29747772216797,42.87023162841797,0.0006847803015261889,6.951566696166992
981,-1.782608695652172,92,83,0.9021739130434783,-28.04042625427246,41.465694427490234,0.0006730330060236156,6.2995758056640625
982,46.90909090909091,44,40,0.9090909090909091,34.21269607543945,83.62372589111328,0.000622881983872503,8.100650787353516
983,63.95652173913044,23,20,0.8695652173913043,19.734193801879883,43.86527633666992,0.0006279690423980355,10.204463005065918
984,0.2087912087912116,91,83,0.9120879120879121,-30.253265380859375,47.24809265136719,0.0006264160620048642,4.97346305847168
985,40.95652173913044,46,40,0.8695652173913043,-1.3239272832870483,0.7453587055206299,0.000625173095613718,0.774465799331665
986,-3.7526881720430083,93,83,0.8924731182795699,-55.332984924316406,143.62765502929688,0.0006341419648379087,12.652122497558594
987,-126.76666666666667,220,206,0.9323333333333333,-34.31145095825195,81.7909927368164,0.0006421715952455997,11.707755088806152
988,-111.00970873786409,206,196,0.9499029126213592,24.486249923706055,34.56820297241211,0.0006166539387777448,2.9367618560791016
989,63.95652173913044,23,20,0.8695652173913043,18.751249313354492,38.06126403808594,0.0006112548289820552,5.405911922454834
990,-1.782608695652172,92,83,0.9021739130434783,-29.027677536010742,42.548500061035156,0.0006110096583142877,1.0926724672317505
991,43.888888888888886,45,40,0.8888888888888888,22.16542625427246,34.4575309753418,0.0006075346609577537,2.321470022201538
992,63.95652173913044,23,20,0.8695652173913043,20.619441986083984,43.39128875732422,0.000599718070589006,0.5536100268363953
993,43.888888888888886,45,40,0.8888888888888888,17.492839813232422,23.508302688598633,0.0005969777703285217,6.937420845031738
994,43.888888888888886,45,40,0.8888888888888888,12.775721549987793,13.00174617767334,0.0005818272475153208,0.7072864174842834
995,63.95652173913044,23,20,0.8695652173913043,6.577454566955566,5.7125959396362305,0.0005815278855152428,4.062389850616455
996,-3.7526881720430083,93,83,0.8924731182795699,-55.007755279541016,149.871826171875,0.0005801304359920323,7.089737415313721
997,-1.782608695652172,92,83,0.9021739130434783,-45.1827278137207,104.10572814941406,0.0005825545522384346,7.182435512542725
998,68.9090909090909,22,20,0.9090909090909091,17.725040435791016,36.515357971191406,0.0005783698288723826,6.628578186035156
999,-123.92354740061161,218,206,0.9407645259938838,18.814176559448242,37.90822219848633,0.0005816066986881196,8.14362907409668
1000,-14.456790123456784,108,102,0.9354320987654321,1.0573147535324097,3.690153121948242,0.0005804977263323963,1.0581010580062866
1001,43.888888888888886,45,40,0.8888888888888888,3.9157238006591797,2.2535312175750732,0.000578640028834343,0.7135730385780334
1002,0.2087912087912116,91,83,0.9120879120879121,-24.786972045898438,33.673614501953125,0.0005791187286376953,4.310847282409668
1003,-3.7526881720430083,93,83,0.8924731182795699,-38.80409622192383,77.64920043945312,0.0005820224178023636,6.607278347015381
1004,35.52380952380952,56,52,0.9152380952380952,-29.966197967529297,89.8615951538086,0.0006379418773576617,33.32734298706055
1005,-13.025157232704402,106,99,0.929748427672956,34.30265808105469,74.70209503173828,0.0006601174827665091,19.262590408325195
1006,43.888888888888886,45,40,0.8888888888888888,30.819259643554688,72.08851623535156,0.000664414546918124,9.681989669799805
1007,-118.63067292644757,213,202,0.9436932707355242,59.412227630615234,166.58193969726562,0.0006389341433532536,8.962591171264648
1008,-3.7526881720430083,93,83,0.8924731182795699,-12.830398559570312,10.15548324584961,0.0006385346059687436,3.5978121757507324
1009,43.888888888888886,45,40,0.8888888888888888,27.051847457885742,57.18367385864258,0.0006429756758734584,12.146528244018555
1010,68.9090909090909,22,20,0.9090909090909091,31.67928695678711,109.04808807373047,0.000646726693958044,7.760331630706787
1011,40.371794871794876,52,49,0.9237179487179488,-30.8890380859375,87.64254760742188,0.0006186477257870138,6.089698314666748
1012,-116.65560821484992,211,200,0.9434439178515008,-5.316673278808594,9.954108238220215,0.0006175186717882752,1.9579293727874756
1013,35.52380952380952,56,52,0.9152380952380952,-35.544532775878906,125.30078887939453,0.0005800678627565503,10.449421882629395
1014,-20.144542772861357,113,106,0.9285545722713864,17.52070426940918,23.10165023803711,0.0005812377203255892,3.8119399547576904
1015,63.95652173913044,23,20,0.8695652173913043,14.43220043182373,22.034290313720703,0.0005795917240902781,5.524518013000488
1016,63.95652173913044,23,20,0.8695652173913043,15.15024471282959,25.46982192993164,0.0005819245707243681,5.522182941436768
1017,-118.6056338028169,213,202,0.943943661971831,-27.220340728759766,46.40937042236328,0.0005784210516139865,2.9014089107513428
1018,-3.7526881720430083,93,83,0.8924731182795699,-27.30776596069336,40.889915466308594,0.0005783778033219278,0.8125730156898499
1019,40.95652173913044,46,40,0.8695652173913043,10.191781997680664,8.65534496307373,0.0005776273319497705,2.205238103866577
1020,-125.79510703363914,218,202,0.9220489296636085,-51.88807678222656,140.38232421875,0.0005947504541836679,17.5599365234375
1021,-123.07680491551459,217,204,0.9392319508448541,-13.4986572265625,23.35700798034668,0.0005958222318440676,4.941518783569336
1022,63.95652173913044,23,20,0.8695652173913043,23.55618667602539,59.3391227722168,0.000602264772169292,11.462523460388184
1023,43.888888888888886,45,40,0.8888888888888888,33.23501968383789,79.23603820800781,0.0006064398912712932,10.712080001831055
1024,63.95652173913044,23,20,0.8695652173913043,18.369487762451172,37.929542541503906,0.0006081192404963076,8.273538589477539
1025,-3.7526881720430083,93,83,0.8924731182795699,-13.460392951965332,12.160483360290527,0.0006086744251661003,2.5529377460479736
1026,39.5,52,48,0.915,-29.249135971069336,81.0464859008789,0.0005855557974427938,3.8710222244262695
1027,-14.641975308641975,108,101,0.9335802469135802,48.7132682800293,142.1957244873047,0.0006161937490105629,21.059234619140625
1028,41.3974358974359,52,49,0.933974358974359,-21.305850982666016,40.26731491088867,0.0006441185832954943,22.641023635864258
1029,-22.038348082595874,113,104,0.9096165191740413,19.64252471923828,29.31666374206543,0.0006318852538242936,3.0639519691467285
1030,-120.04672897196261,214,202,0.9395327102803739,65.17957305908203,198.15615844726562,0.0006305258721113205,4.296421051025391
1031,-3.7526881720430083,93,83,0.8924731182795699,-33.69862365722656,61.676170349121094,0.0006169509724713862,10.173982620239258
1032,46.90909090909091,44,40,0.9090909090909091,7.129271030426025,5.984055995941162,0.0006172843859530985,4.391340732574463
1033,-1.782608695652172,92,83,0.9021739130434783,-36.01642608642578,67.91793823242188,0.000619076716247946,7.06843900680542
1034,40.371794871794876,52,49,0.9237179487179488,-55.188724517822266,268.63958740234375,0.0006436322582885623,18.954370498657227
1035,40.051282051282044,52,48,0.9205128205128205,-38.28984832763672,124.9302978515625,0.0006452442612498999,6.701887607574463
1036,38.257861635220124,53,49,0.9125786163522013,-13.18596363067627,16.162588119506836,0.0006453707464970648,3.1286087036132812
1037,46.90909090909091,44,40,0.9090909090909091,63.10354232788086,278.2012939453125,0.0006345530273392797,11.764622688293457
1038,-126.51987767584099,218,200,0.9148012232415902,19.343463897705078,26.340587615966797,0.0006317700608633459,3.1066668033599854
1039,68.9090909090909,22,20,0.9090909090909091,72.76980590820312,515.7594604492188,0.0006541867041960359,19.64800453186035
1040,-120.97819314641744,214,200,0.9302180685358256,34.32356262207031,58.630313873291016,0.0006543867057189345,7.067010879516602
1041,-14.320872274143298,107,100,0.926791277258567,84.98033905029297,421.66680908203125,0.0006358546670526266,7.012030124664307
1042,28.039548022598865,59,52,0.8703954802259887,-19.114824295043945,34.57313537597656,0.0006523504271171987,15.549253463745117
1043,-1.782608695652172,92,83,0.9021739130434783,-7.511786937713623,7.325780391693115,0.0006523589254356921,2.2042932510375977
1044,-21.95906432748538,114,106,0.9204093567251462,8.039745330810547,11.33486557006836,0.0006516567664220929,1.0370913743972778
1045,0.2087912087912116,91,83,0.9120879120879121,-28.135520935058594,40.24374771118164,0.0006531613762490451,12.165287017822266
1046,68.9090909090909,22,20,0.9090909090909091,20.700708389282227,49.07451248168945,0.0006615155143663287,12.474227905273438
1047,-16.49847094801224,109,101,0.9250152905198776,-34.980690002441406,95.27793884277344,0.0006786041776649654,18.339553833007812
1048,63.95652173913044,23,20,0.8695652173913043,2.00650691986084,1.022310495376587,0.0006782910204492509,3.0553431510925293
1049,63.95652173913044,23,20,0.8695652173913043,0.7719410061836243,0.7075357437133789,0.0006773389759473503,1.150539517402649
1050,46.90909090909091,44,40,0.9090909090909091,-2.8746140003204346,2.073033094406128,0.0006745546706952155,1.661445140838623
1051,68.9090909090909,22,20,0.9090909090909091,15.796684265136719,25.393518447875977,0.0006702175596728921,8.008073806762695
1052,63.95652173913044,23,20,0.8695652173913043,-2.6665868759155273,0.9055256247520447,0.000670349458232522,1.0449416637420654
1053,68.9090909090909,22,20,0.9090909090909091,11.162423133850098,15.716655731201172,0.0006718852673657238,4.86719274520874
1054,40.95652173913044,46,40,0.8695652173913043,-34.01594924926758,78.33159637451172,0.000676125637255609,13.912118911743164
1055,-3.7526881720430083,93,83,0.8924731182795699,-77.7390365600586,303.35089111328125,0.0006821673014201224,11.06324577331543
1056,41.52287581699346,51,48,0.9252287581699347,-59.852935791015625,326.2484130859375,0.0007314911345019937,29.58437728881836
1057,-17.799999999999997,110,102,0.922,-10.434213638305664,18.871692657470703,0.0007426424417644739,12.707167625427246
1058,-120.97819314641744,214,200,0.9302180685358256,-96.42880249023438,437.1253356933594,0.0007474796730093658,9.946598052978516
1059,-5.702127659574472,94,83,0.8829787234042553,3.4690628051757812,4.676942348480225,0.0007457719184458256,1.1059584617614746
1060,63.95652173913044,23,20,0.8695652173913043,65.8458251953125,447.1458740234375,0.0007570484303869307,13.303327560424805
1061,63.95652173913044,23,20,0.8695652173913043,72.52996826171875,553.5397338867188,0.0007778488215990365,19.54273223876953
1062,-5.702127659574472,94,83,0.8829787234042553,42.5345573425293,86.27519226074219,0.0007762311142869294,6.995279788970947
1063,63.95652173913044,23,20,0.8695652173913043,64.3802719116211,423.5152282714844,0.0007771447999402881,12.892190933227539
1064,68.9090909090909,22,20,0.9090909090909091,65.0081558227539,430.5197448730469,0.0007784679182805121,4.8976616859436035
1065,-3.7526881720430083,93,83,0.8924731182795699,2.1935694217681885,4.990504264831543,0.0007299366989172995,2.3947417736053467
1066,-18.149847094801217,109,100,0.9085015290519878,8.985580444335938,18.342639923095703,0.0007306293118745089,2.8829257488250732
1067,43.888888888888886,45,40,0.8888888888888888,-9.777076721191406,7.376669883728027,0.0007318801945075393,4.881484508514404
1068,40.95652173913044,46,40,0.8695652173913043,-42.58832550048828,117.89794158935547,0.0007331507513299584,8.100479125976562
1069,-120.80996884735202,214,200,0.9319003115264798,-47.97815704345703,122.81028747558594,0.000746360921766609,15.617642402648926
1070,-1.782608695652172,92,83,0.9021739130434783,-79.62300109863281,306.7415771484375,0.0007973636384122074,30.9373779296875
1071,-23.24778761061947,113,102,0.8975221238938053,-69.51131439208984,331.88250732421875,0.0009260578663088381,46.07060241699219
1072,63.95652173913044,23,20,0.8695652173913043,-33.94516372680664,111.63684844970703,0.0009305104031227529,7.57745361328125
1073,-1.782608695652172,92,83,0.9021739130434783,-24.726354598999023,38.28983688354492,0.0009310853783972561,2.2556605339050293
1074,-7.631578947368411,95,83,0.8736842105263158,-26.037994384765625,41.9476318359375,0.0008162271114997566,1.7466565370559692
1075,59.33333333333334,24,20,0.8333333333333334,-2.622606039047241,1.3434914350509644,0.0007901139324530959,1.574808120727539
1076,46.3611111111111,48,46,0.9436111111111111,33.92378234863281,111.06146240234375,0.0007903352379798889,3.4492783546447754
1077,68.9090909090909,22,20,0.9090909090909091,50.414119720458984,265.2854919433594,0.0007976923952810466,16.562652587890625
1078,40.95652173913044,46,40,0.8695652173913043,49.779048919677734,174.0931396484375,0.0008070011390373111,12.326229095458984
1079,43.888888888888886,45,40,0.8888888888888888,51.19859313964844,181.9888153076172,0.0008166182669810951,12.489416122436523
1080,43.888888888888886,45,40,0.8888888888888888,35.13051223754883,86.56004333496094,0.000815549457911402,4.499973773956299
1081,-20.165165165165163,111,101,0.9083483483483483,77.8720703125,379.65570068359375,0.0008499801042489707,25.077190399169922
1082,-11.13968253968254,105,99,0.9386031746031746,45.890220642089844,141.0001983642578,0.000846395967528224,5.313265800476074
1083,40.95652173913044,46,40,0.8695652173913043,-80.0855484008789,407.5947570800781,0.0008518064278177917,13.81120777130127
1084,43.888888888888886,45,40,0.8888888888888888,-87.91751861572266,528.0673828125,0.0008565733442083001,10.6109619140625
1085,41.52564102564102,52,49,0.9352564102564103,-164.2185821533203,2350.3486328125,0.0010232446948066354,51.38327407836914
1086,40.58666666666667,50,46,0.9058666666666667,-135.99053955078125,1613.958251953125,0.0013181259855628014,70.28187561035156
1087,63.95652173913044,23,20,0.8695652173913043,2.6145074367523193,2.2738773822784424,0.0013102364027872682,2.44645619392395
1088,0.2087912087912116,91,83,0.9120879120879121,53.76007843017578,138.80152893066406,0.0013134544715285301,7.964391231536865
1089,42.294117647058826,51,48,0.9329411764705883,89.82192993164062,733.4210815429688,0.0015626823296770453,64.49227142333984
1090,-128.18853695324285,221,206,0.9281146304675716,107.42741394042969,537.1522827148438,0.001573609304614365,12.856317520141602
1091,-16.557575757575762,110,104,0.9344242424242424,184.17880249023438,2088.775390625,0.0015746683347970247,5.689885139465332
1092,43.888888888888886,45,40,0.8888888888888888,117.29578399658203,921.7403564453125,0.00161396071780473,25.514488220214844
1093,-11.13968253968254,105,99,0.9386031746031746,101.49683380126953,624.2667236328125,0.0016429396346211433,22.576068878173828
1094,-3.7526881720430083,93,83,0.8924731182795699,-1.1648526191711426,3.830526828765869,0.0016428307862952352,0.7713922262191772
1095,43.888888888888886,45,40,0.8888888888888888,43.21513748168945,129.52099609375,0.0016424860805273056,3.470850706100464
1096,38.74358974358975,52,48,0.9074358974358975,-39.24938201904297,126.1007080078125,0.0016428441740572453,6.332905292510986
1097,-20.144542772861357,113,106,0.9285545722713864,-89.30835723876953,537.5170288085938,0.0016420400934293866,5.5911688804626465
1098,-118.6056338028169,213,202,0.943943661971831,-242.72972106933594,2756.126953125,0.0016639778623357415,20.90911293029785
1099,-1.782608695652172,92,83,0.9021739130434783,-90.20728302001953,380.8537902832031,0.001685572904534638,19.648893356323242
1100,-120.04672897196261,214,202,0.9395327102803739,-230.52700805664062,2527.043212890625,0.0017145839519798756,21.40078353881836
1101,44.69333333333333,50,48,0.9469333333333333,-4.479021072387695,3.102200984954834,0.0017165511380881071,5.182297706604004
1102,38.74358974358975,52,48,0.9074358974358975,-10.420915603637695,10.559906959533691,0.001715800492092967,2.8163962364196777
1103,-12.582554517133957,107,102,0.9441744548286605,-3.5003905296325684,4.768790245056152,0.0017141798743978143,2.2320523262023926
1104,63.95652173913044,23,20,0.8695652173913043,86.97000122070312,775.0707397460938,0.0016484645893797278,10.460604667663574
1105,43.888888888888886,45,40,0.8888888888888888,69.12816619873047,342.8196105957031,0.00163084059022367,10.951271057128906
1106,-118.7057902973396,213,201,0.942942097026604,-46.07741165161133,120.85504913330078,0.001635414082556963,12.658989906311035
1107,-14.839506172839506,108,101,0.931604938271605,36.72079849243164,89.83683013916016,0.0016412275144830346,12.813705444335938
1108,-11.471698113207552,106,101,0.9452830188679245,52.1973762512207,174.90609741210938,0.001661361544393003,17.412662506103516
1109,-116.48499210110585,211,200,0.9451500789889415,26.382226943969727,46.32491683959961,0.0016550817526876926,6.85223388671875
1110,63.95652173913044,23,20,0.8695652173913043,58.88978958129883,380.37213134765625,0.0017801044741645455,46.271018981933594
1111,40.95652173913044,46,40,0.8695652173913043,31.661745071411133,70.45694732666016,0.001777320634573698,3.645301103591919
1112,-10.688888888888883,105,100,0.9431111111111111,3.1623573303222656,4.827024459838867,0.0017768129473552108,1.1976531744003296
1113,-120.80996884735202,214,200,0.9319003115264798,7.4101715087890625,40.42742156982422,0.0017695075366646051,5.529629230499268
1114,-118.6056338028169,213,202,0.943943661971831,16.181846618652344,53.3053092956543,0.0017703939229249954,6.111952781677246
1115,-3.7526881720430083,93,83,0.8924731182795699,-76.56409454345703,292.7505187988281,0.001788940979167819,19.520811080932617
1116,46.90909090909091,44,40,0.9090909090909091,-3.467057704925537,2.0907437801361084,0.0017879711231216788,0.7665095925331116
1117,-3.7526881720430083,93,83,0.8924731182795699,-83.63753509521484,331.2684326171875,0.0018167068483307958,21.58905029296875
1118,-122.47772657450076,217,206,0.9452227342549924,17.93037986755371,71.82649230957031,0.0018165807705372572,1.377726435661316
1119,35.42857142857143,56,52,0.9142857142857143,-65.95843505859375,381.49072265625,0.002138338051736355,74.26245880126953
1120,43.888888888888886,45,40,0.8888888888888888,8.865861892700195,8.258742332458496,0.0021239372435957193,1.593406081199646
1121,-115.2063492063492,210,200,0.947936507936508,66.47323608398438,219.84957885742188,0.002135487040504813,15.525343894958496
1122,39.5,52,48,0.915,-11.092710494995117,13.573039054870605,0.00212641223333776,8.509307861328125
1123,-125.34094368340944,219,206,0.9365905631659056,34.51579284667969,91.87403869628906,0.0021237838082015514,7.425179958343506
1124,-120.2031007751938,215,204,0.947968992248062,46.17039108276367,127.5869140625,0.002120041288435459,2.9403035640716553
1125,68.9090909090909,22,20,0.9090909090909091,67.53245544433594,453.151123046875,0.0021723515819758177,30.56981658935547
1126,-118.7057902973396,213,201,0.942942097026604,-8.431900978088379,32.78555679321289,0.0021723618265241385,2.3287911415100098
1127,-117.16037735849056,212,202,0.9483962264150944,-22.898420333862305,51.79468536376953,0.002151508815586567,5.77676248550415
1128,43.888888888888886,45,40,0.8888888888888888,35.717952728271484,94.64569091796875,0.0021174554713070393,10.240941047668457
1129,68.9090909090909,22,20,0.9090909090909091,50.98649978637695,290.3567199707031,0.002129598520696163,12.977765083312988
1130,-7.631578947368411,95,83,0.8736842105263158,-76.22029876708984,283.1695556640625,0.0021417129319161177,12.470213890075684
1131,-5.702127659574472,94,83,0.8829787234042553,-70.5933609008789,244.84994506835938,0.0021380421239882708,5.957743167877197
1132,40.95652173913044,46,40,0.8695652173913043,4.123050212860107,2.8226473331451416,0.002135517541319132,2.7802629470825195
1133,63.95652173913044,23,20,0.8695652173913043,24.061288833618164,64.1573486328125,0.002132860478013754,8.04277229309082
1134,-122.47772657450076,217,206,0.9452227342549924,-82.84628295898438,377.89544677734375,0.002120404737070203,8.07388973236084
1135,41.836601307189554,51,48,0.9283660130718955,-24.821992874145508,58.62957000732422,0.0021203618962317705,10.217324256896973
1136,-118.7057902973396,213,201,0.942942097026604,-46.30498504638672,138.0551300048828,0.0021233840379863977,7.200364112854004
1137,-18.31547619047619,112,106,0.9368452380952381,10.742528915405273,11.907746315002441,0.00211756257340312,1.6325689554214478
1138,63.95652173913044,23,20,0.8695652173913043,40.538970947265625,170.09603881835938,0.0021352742332965136,15.46260929107666
1139,-1.782608695652172,92,83,0.9021739130434783,-0.060970135033130646,2.5716888904571533,0.0021075918339192867,2.1702964305877686
1140,-112.46859903381642,207,196,0.9453140096618358,41.27033996582031,94.01142883300781,0.0021043051965534687,3.798823833465576
1141,-3.7526881720430083,93,83,0.8924731182795699,-3.626722812652588,3.2052557468414307,0.0021010080818086863,1.1179330348968506
1142,-111.05501618122977,206,196,0.9494498381877022,54.22974395751953,149.24478149414062,0.002091740956529975,5.073718547821045
1143,-14.700305810397552,109,104,0.9429969418960245,45.58555221557617,141.5050048828125,0.002110569505020976,15.375184059143066
1144,43.888888888888886,45,40,0.8888888888888888,32.93380355834961,82.83316040039062,0.0021117774304002523,6.790982723236084
1145,45.733333333333334,50,48,0.9573333333333334,-1.766257882118225,4.448465824127197,0.0021064726170152426,3.923720359802246
1146,-10.047619047619051,105,100,0.9495238095238095,1.0983291864395142,5.3357930183410645,0.0020986550953239202,2.2077999114990234
1147,-10.688888888888883,105,100,0.9431111111111111,-19.389802932739258,31.817672729492188,0.0020749084651470184,7.812448501586914
1148,-111.05501618122977,206,196,0.9494498381877022,-26.733366012573242,53.78493118286133,0.002076545963063836,4.63521146774292
1149,43.888888888888886,45,40,0.8888888888888888,-13.559540748596191,12.431962013244629,0.0020785562228411436,4.8510823249816895
1150,63.95652173913044,23,20,0.8695652173913043,-8.882049560546875,8.370243072509766,0.002080117352306843,4.049530982971191
1151,-5.702127659574472,94,83,0.8829787234042553,-78.8616943359375,309.62677001953125,0.002079565078020096,6.478940963745117
1152,43.888888888888886,45,40,0.8888888888888888,-8.824480056762695,6.3832268714904785,0.002081019338220358,3.0091044902801514
1153,-117.26100628930818,212,201,0.9473899371069182,-19.588754653930664,43.342369079589844,0.0020849204156547785,6.616130828857422
1154,-1.782608695652172,92,83,0.9021739130434783,-32.51374053955078,56.327125549316406,0.002077319659292698,5.045627117156982
1155,63.95652173913044,23,20,0.8695652173913043,21.44532012939453,53.73696517944336,0.002081607934087515,12.817572593688965
1156,41.52564102564102,52,49,0.9352564102564103,-5.63454008102417,5.384293079376221,0.0020255849231034517,3.662827491760254
1157,63.95652173913044,23,20,0.8695652173913043,27.77312469482422,88.77070617675781,0.0020289369858801365,14.3273286819458
1158,-117.18553459119498,212,202,0.9481446540880503,29.322561264038086,55.07344055175781,0.0020232887472957373,9.120335578918457
1159,41.3974358974359,52,49,0.933974358974359,2.770019769668579,3.1771669387817383,0.002024947665631771,3.9765572547912598
1160,-3.7526881720430083,93,83,0.8924731182795699,-11.59849739074707,9.21337890625,0.0020164716988801956,1.6863161325454712
1161,63.95652173913044,23,20,0.8695652173913043,21.5180721282959,53.88389587402344,0.0019915178418159485,6.978723049163818
1162,-13.592592592592595,108,103,0.9440740740740741,39.765586853027344,106.02556610107422,0.002017642604187131,19.307430267333984
1163,-3.7526881720430083,93,83,0.8924731182795699,-22.397871017456055,28.039154052734375,0.0020086350850760937,1.5397162437438965
1164,46.3611111111111,48,46,0.9436111111111111,-20.248563766479492,37.397491455078125,0.0020180547144263983,15.57940673828125
1165,-3.7526881720430083,93,83,0.8924731182795699,-28.777002334594727,44.49543762207031,0.0020179005805402994,1.8633407354354858
1166,40.95652173913044,46,40,0.8695652173913043,3.7444896697998047,2.901829242706299,0.002017265185713768,0.5652310252189636
1167,43.888888888888886,45,40,0.8888888888888888,14.947863578796387,19.336410522460938,0.0020158507395535707,4.581711292266846
1168,-7.631578947368411,95,83,0.8736842105263158,-44.974998474121094,103.54652404785156,0.0020129845943301916,6.856309413909912
1169,-14.839506172839506,108,101,0.931604938271605,18.806211471557617,27.377185821533203,0.0019979181233793497,3.281888008117676
1170,-5.702127659574472,94,83,0.8829787234042553,-31.89521598815918,52.50873947143555,0.001940813846886158,7.682277202606201
1171,43.888888888888886,45,40,0.8888888888888888,18.792081832885742,29.17156982421875,0.0018220527563244104,2.786733388900757
1172,43.888888888888886,45,40,0.8888888888888888,18.988290786743164,28.155914306640625,0.0018244540551677346,7.474329948425293
1173,-123.91131498470948,218,206,0.9408868501529052,-5.166100978851318,24.5511474609375,0.0018242079531773925,1.073740005493164
1174,-109.59186991869919,205,196,0.9540813008130081,30.279951095581055,53.40122985839844,0.001823717961087823,1.861784815788269
1175,40.95652173913044,46,40,0.8695652173913043,-3.462278127670288,1.6577486991882324,0.001823510741814971,1.360759973526001
1176,-5.702127659574472,94,83,0.8829787234042553,-38.489234924316406,76.03646087646484,0.0018273210152983665,6.878910064697266
1177,41.3974358974359,52,49,0.933974358974359,-30.865188598632812,91.94412231445312,0.0018195448210462928,15.860629081726074
1178,41.52287581699346,51,48,0.9252287581699347,-24.8900089263916,59.20487594604492,0.0018150681862607598,8.790549278259277
1179,42.85620915032679,51,48,0.938562091503268,-0.3097812831401825,2.39558482170105,0.0018057144479826093,0.9219418168067932
1180,38.18787878787879,55,52,0.9318787878787879,15.415253639221191,24.407529830932617,0.0018098297296091914,8.98487663269043
1181,-3.7526881720430083,93,83,0.8924731182795699,8.893929481506348,5.906046390533447,0.001764408079907298,0.8329218029975891
1182,43.888888888888886,45,40,0.8888888888888888,51.49001693725586,189.41163635253906,0.0017621474107727408,2.6577517986297607
1183,-1.782608695652172,92,83,0.9021739130434783,21.463470458984375,24.104902267456055,0.001755070174112916,6.26310396194458
1184,38.369696969696975,55,52,0.9336969696969697,24.86101722717285,62.11990737915039,0.0017491497565060854,5.894515514373779
1185,63.95652173913044,23,20,0.8695652173913043,23.65477752685547,59.556427001953125,0.0015989755047485232,2.6017701625823975
1186,-117.16037735849056,212,202,0.9483962264150944,0.6347257494926453,10.51501750946045,0.0013068326516076922,2.583606243133545
1187,63.95652173913044,23,20,0.8695652173913043,4.344521999359131,3.719534397125244,0.0013073523296043277,2.539370536804199
1188,43.18300653594771,51,49,0.9418300653594771,-31.604976654052734,96.78726959228516,0.0013188945595175028,14.843875885009766
1189,43.888888888888886,45,40,0.8888888888888888,-1.7878204584121704,1.185125708580017,0.0010669274488463998,0.7796037793159485
1190,-9.237179487179489,104,99,0.9476282051282051,14.37144660949707,18.25558090209961,0.0010560641530901194,2.339209794998169
1191,-10.688888888888883,105,100,0.9431111111111111,5.952943801879883,7.5459370613098145,0.0010547767160460353,2.732003688812256
1192,46.90909090909091,44,40,0.9090909090909091,-0.24017012119293213,1.3779040575027466,0.0010126667330041528,1.981721043586731
1193,43.888888888888886,45,40,0.8888888888888888,-15.623044967651367,16.398847579956055,0.0009792426135390997,1.3681460618972778
1194,-111.05501618122977,206,196,0.9494498381877022,-25.464431762695312,42.69941329956055,0.0009821439161896706,7.133369445800781
1195,68.9090909090909,22,20,0.9090909090909091,3.362675189971924,2.8901522159576416,0.000981396995484829,0.7346791625022888
1196,-3.7526881720430083,93,83,0.8924731182795699,-50.49546432495117,126.13040161132812,0.0009857779368758202,10.629291534423828
1197,-5.702127659574472,94,83,0.8829787234042553,-50.86189270019531,129.95126342773438,0.0009859696729108691,6.8685431480407715
1198,63.95652173913044,23,20,0.8695652173913043,-2.8394432067871094,1.4450920820236206,0.0009578707977198064,2.316432476043701
1199,63.95652173913044,23,20,0.8695652173913043,2.342395067214966,1.7019307613372803,0.0009369039325974882,1.058729887008667
1200,41.836601307189554,51,48,0.9283660130718955,-18.434085845947266,30.607269287109375,0.0009140390902757645,12.59829044342041
1201,-5.702127659574472,94,83,0.8829787234042553,-9.832093238830566,7.395166397094727,0.0009120354079641402,0.9695866703987122
1202,63.95652173913044,23,20,0.8695652173913043,27.614206314086914,76.95162200927734,0.0009200472850352526,10.466218948364258
1203,68.9090909090909,22,20,0.9090909090909091,43.61627960205078,221.6019287109375,0.0009521246538497508,23.854522705078125
1204,42.294117647058826,51,48,0.9329411764705883,22.07050323486328,46.75509262084961,0.0009478979045525193,4.564009189605713
1205,-120.12558139534883,215,204,0.9487441860465117,27.99614906311035,49.00352478027344,0.0009448970085941255,7.222405910491943
1206,63.95652173913044,23,20,0.8695652173913043,10.658903121948242,14.872200965881348,0.0009372351341880858,5.750744819641113
1207,-16.557575757575762,110,104,0.9344242424242424,41.9253044128418,121.64681243896484,0.0009281201055273414,4.695158958435059
1208,43.888888888888886,45,40,0.8888888888888888,0.4996647834777832,0.7213740944862366,0.0009083084296435118,0.739767849445343
1209,42.85620915032679,51,48,0.938562091503268,-50.90943908691406,247.5697784423828,0.0009059589938260615,6.324920654296875
1210,63.95652173913044,23,20,0.8695652173913043,-14.905814170837402,20.99126434326172,0.0007827213266864419,5.957046985626221
1211,-3.7526881720430083,93,83,0.8924731182795699,-36.18693923950195,70.94611358642578,0.0007857290329411626,7.138063907623291
1212,-1.782608695652172,92,83,0.9021739130434783,-22.277708053588867,28.39466094970703,0.0007858634344302118,1.9217578172683716
1213,68.9090909090909,22,20,0.9090909090909091,10.004261016845703,13.76917552947998,0.0007853526039980352,4.947603702545166
1214,43.888888888888886,45,40,0.8888888888888888,6.698083400726318,4.333579063415527,0.0007831004913896322,0.9014154076576233
1215,-1.782608695652172,92,83,0.9021739130434783,-7.881634712219238,6.305368900299072,0.0007578012882731855,1.2109103202819824
1216,63.95652173913044,23,20,0.8695652173913043,2.661428451538086,1.9921499490737915,0.0007577646756544709,1.2043408155441284
1217,-3.7526881720430083,93,83,0.8924731182795699,-10.217788696289062,7.982099533081055,0.0007317905547097325,1.3813565969467163
1218,68.9090909090909,22,20,0.9090909090909091,21.090248107910156,53.50027084350586,0.00073354656342417,5.816905975341797
1219,-3.7526881720430083,93,83,0.8924731182795699,-6.061038017272949,4.587941646575928,0.00039428568561561406,0.254875123500824
1220,68.9090909090909,22,20,0.9090909090909091,21.386842727661133,49.918296813964844,0.00039587472565472126,4.54970121383667
1221,-5.702127659574472,94,83,0.8829787234042553,-16.117826461791992,16.34933853149414,0.00037969680852256715,2.1739449501037598
1222,-5.702127659574472,94,83,0.8829787234042553,-16.02192497253418,16.33347511291504,0.00037631220766343176,4.390170574188232
1223,-115.2063492063492,210,200,0.947936507936508,5.711846828460693,10.145695686340332,0.0003731061005964875,1.2910568714141846
1224,46.90909090909091,44,40,0.9090909090909091,29.87335777282715,64.57119750976562,0.00038497819332405925,13.783933639526367
1225,43.18300653594771,51,49,0.9418300653594771,-11.102356910705566,12.366326332092285,0.00032348462264053524,1.9280287027359009
1226,-1.782608695652172,92,83,0.9021739130434783,0.3695591688156128,2.559609889984131,0.0003231403243262321,1.8490561246871948
1227,63.95652173913044,23,20,0.8695652173913043,-4.208173751831055,1.9101462364196777,0.0003214102180209011,1.773456335067749
1228,38.369696969696975,55,52,0.9336969696969697,-10.812731742858887,12.204122543334961,0.0003162303182762116,4.66438627243042
1229,-3.7526881720430083,93,83,0.8924731182795699,-3.8975820541381836,3.4909284114837646,0.0003077196597587317,1.385209083557129
1230,63.95652173913044,23,20,0.8695652173913043,-0.8998605012893677,1.0203005075454712,0.0002995642716996372,1.007897138595581
1231,-13.025157232704402,106,99,0.929748427672956,51.23974609375,166.4322967529297,0.00029818309121765196,1.8275818824768066
1232,35.70238095238096,56,52,0.9170238095238096,-16.610618591308594,25.86948013305664,0.0003056283458136022,11.759210586547852
1233,46.90909090909091,44,40,0.9090909090909091,25.334453582763672,51.04315185546875,0.0003026797785423696,3.1904895305633545
1234,63.95652173913044,23,20,0.8695652173913043,-4.120070457458496,2.086732864379883,0.0002991975343320519,2.3839378356933594
1235,43.888888888888886,45,40,0.8888888888888888,6.844949722290039,5.471231460571289,0.0002927144232671708,2.135706663131714
1236,-12.582554517133957,107,102,0.9441744548286605,39.94195556640625,107.97450256347656,0.0003014903631992638,14.01046085357666
1237,-3.7526881720430083,93,83,0.8924731182795699,-27.12154769897461,41.5438232421875,0.00030313237220980227,4.766726970672607
1238,38.18787878787879,55,52,0.9318787878787879,-43.65872573852539,191.64544677734375,0.00028965427190996706,2.584705352783203
1239,-1.782608695652172,92,83,0.9021739130434783,-19.706764221191406,22.496967315673828,0.0002897813683375716,2.1258533000946045
1240,63.95652173913044,23,20,0.8695652173913043,-6.893027305603027,4.482548236846924,0.0002895067154895514,3.3395135402679443
1241,-12.44654088050315,106,100,0.9355345911949685,31.583454132080078,67.65861511230469,0.00030001532286405563,12.311511993408203
1242,-11.13968253968254,105,99,0.9386031746031746,34.98307800292969,83.24256896972656,0.00029901598463766277,5.0206756591796875
1243,46.90909090909091,44,40,0.9090909090909091,23.53970718383789,43.638397216796875,0.00028875385760329664,7.046704292297363
1244,43.888888888888886,45,40,0.8888888888888888,5.679620742797852,4.213510513305664,0.0002863100671675056,1.8215333223342896
1245,43.83660130718954,51,49,0.9483660130718954,-25.798789978027344,61.332733154296875,0.00028720617410726845,5.6003289222717285
1246,-116.48499210110585,211,200,0.9451500789889415,-46.81415939331055,118.41009521484375,0.0002874932542908937,3.4418981075286865
1247,-115.91428571428571,210,198,0.9408571428571428,-42.43606185913086,99.18397521972656,0.0002856679493561387,5.686472415924072
1248,40.91358024691358,54,52,0.9491358024691358,-4.3399529457092285,2.5864758491516113,0.00028443094925023615,0.8924578428268433
1249,68.9090909090909,22,20,0.9090909090909091,23.50563621520996,65.36624908447266,0.00029336154693737626,13.087055206298828
1250,-1.782608695652172,92,83,0.9021739130434783,-4.101233959197998,3.6072704792022705,0.0002921444538515061,0.6817510724067688
1251,63.95652173913044,23,20,0.8695652173913043,10.043919563293457,12.63849925994873,0.00028995430329814553,3.5886220932006836
1252,0.2087912087912116,91,83,0.9120879120879121,11.829824447631836,10.416056632995605,0.0002902184205595404,4.085949897766113
1253,-117.93081761006289,212,200,0.9406918238993711,15.355939865112305,21.501440048217773,0.0002877182560041547,2.891030788421631
1254,41.3974358974359,52,49,0.933974358974359,2.100102424621582,4.0158538818359375,0.0002858646912500262,2.136301279067993
1255,38.18787878787879,55,52,0.9318787878787879,2.9863648414611816,3.38023042678833,0.00027666115784086287,0.42414772510528564
1256,68.9090909090909,22,20,0.9090909090909091,16.77940559387207,31.83415412902832,0.0002903970016632229,15.115687370300293
1257,-16.47147147147146,111,106,0.9452852852852853,42.771907806396484,126.89558410644531,0.00027982998290099204,2.787816286087036
1258,-114.46411483253588,209,198,0.9453588516746412,23.5289363861084,36.83958053588867,0.0002759138878900558,4.20840311050415
1259,-11.13968253968254,105,99,0.9386031746031746,6.568241596221924,8.318414688110352,0.0002758388582151383,3.7062301635742188
1260,38.09090909090909,55,52,0.9309090909090909,-53.18842697143555,293.884521484375,0.00027878390392288566,6.6720967292785645
1261,-117.18553459119498,212,202,0.9481446540880503,-3.2856338024139404,17.157699584960938,0.00027648278046399355,1.8821532726287842
1262,-122.49001536098311,217,206,0.945099846390169,-11.20073127746582,28.559642791748047,0.00025431698304601014,4.097043991088867
1263,63.95652173913044,23,20,0.8695652173913043,-16.09271240234375,27.920013427734375,0.000256708066444844,5.995086193084717
1264,-115.73617693522907,211,202,0.9526382306477094,15.335476875305176,22.08589744567871,0.00024247182591352612,1.5286481380462646
1265,-3.7526881720430083,93,83,0.8924731182795699,-27.205453872680664,40.66673278808594,0.00024249135458376259,1.3176981210708618
1266,-117.93081761006289,212,200,0.9406918238993711,4.186086177825928,11.771512031555176,0.0002425440470688045,0.8187339305877686
1267,-12.968847352024923,107,101,0.9403115264797508,35.14540100097656,82.75667572021484,0.00024195895821321756,3.3299827575683594
1268,43.888888888888886,45,40,0.8888888888888888,27.757598876953125,54.028194427490234,0.00024423821014352143,9.063735008239746
1269,-122.49001536098311,217,206,0.945099846390169,-5.562509059906006,16.766088485717773,0.000243455171585083,0.9884322285652161
1270,-3.7526881720430083,93,83,0.8924731182795699,-21.584489822387695,26.5550594329834,0.00024102996394503862,4.582265853881836
1271,40.95652173913044,46,40,0.8695652173913043,10.779950141906738,9.395947456359863,0.00024121107708197087,3.1659903526306152
1272,43.73202614379085,51,49,0.9473202614379085,-1.7456904649734497,1.0255711078643799,0.0002375294134253636,0.28659990429878235
1273,-115.2063492063492,210,200,0.947936507936508,-1.6453303098678589,9.524492263793945,0.00023757647431921214,1.3637577295303345
1274,38.369696969696975,55,52,0.9336969696969697,-8.089739799499512,6.493984222412109,0.00023956489167176187,6.407922267913818
1275,43.888888888888886,45,40,0.8888888888888888,18.884563446044922,26.999195098876953,0.00023956820950843394,1.8727179765701294
1276,59.33333333333334,24,20,0.8333333333333334,-11.238354682922363,11.899782180786133,0.00023630322539247572,1.379004955291748
1277,68.9090909090909,22,20,0.9090909090909091,18.13119125366211,39.13901901245117,0.0002236230211565271,5.636911869049072
1278,63.95652173913044,23,20,0.8695652173913043,1.0666015148162842,0.8037561178207397,0.00021920241124462336,0.4313194453716278
1279,-12.769470404984418,107,101,0.9423052959501558,8.461625099182129,7.5130615234375,0.0002194266126025468,1.7571035623550415
1280,-1.782608695652172,92,83,0.9021739130434783,-27.629409790039062,42.21037292480469,0.00021419495169539005,0.8085212707519531
1281,40.371794871794876,52,49,0.9237179487179488,-33.88804244995117,114.01431274414062,0.00022251156042329967,11.779106140136719
1282,59.33333333333334,24,20,0.8333333333333334,-14.610342025756836,19.52210807800293,0.0002242284535896033,6.620772361755371
1283,40.95652173913044,46,40,0.8695652173913043,12.113678932189941,11.295793533325195,0.00022253868519328535,3.0443851947784424
1284,-3.7526881720430083,93,83,0.8924731182795699,-15.31875228881836,14.47398567199707,0.00022108825214672834,4.005275249481201
1285,41.3974358974359,52,49,0.933974358974359,12.092153549194336,17.876867294311523,0.00023216161935124546,14.154396057128906
1286,-1.782608695652172,92,83,0.9021739130434783,5.675544261932373,4.073968410491943,0.00023196704569272697,0.7672176361083984
1287,46.90909090909091,44,40,0.9090909090909091,54.61469268798828,229.2187042236328,0.0002478777605574578,16.986156463623047
1288,-117.18553459119498,212,202,0.9481446540880503,5.890038013458252,8.386021614074707,0.00023376751050818712,2.6732401847839355
1289,-1.782608695652172,92,83,0.9021739130434783,-2.9766595363616943,2.7951979637145996,0.0002336929610464722,0.3473317325115204
1290,-16.573573573573583,111,105,0.9442642642642642,29.872982025146484,63.75111389160156,0.0002347767585888505,4.2521748542785645
1291,46.90909090909091,44,40,0.9090909090909091,30.63687515258789,72.85823822021484,0.00023511878680437803,2.6628406047821045
1292,46.3611111111111,48,46,0.9436111111111111,-22.722904205322266,57.02438735961914,0.00026642243028618395,22.043611526489258
1293,46.90909090909091,44,40,0.9090909090909091,13.689586639404297,15.531539916992188,0.00026712866383604705,3.1022520065307617
1294,-5.702127659574472,94,83,0.8829787234042553,-57.384193420410156,167.40492248535156,0.00026616218383423984,6.605440616607666
1295,-9.237179487179489,104,99,0.9476282051282051,-4.239316940307617,4.942928791046143,0.0002661784819792956,0.9081345200538635
1296,43.888888888888886,45,40,0.8888888888888888,-3.878122568130493,1.4197156429290771,0.00025963044026866555,1.2515794038772583
1297,-13.592592592592595,108,103,0.9440740740740741,-7.091549396514893,6.969992637634277,0.0002578619751147926,2.8159713745117188
1298,-3.7526881720430083,93,83,0.8924731182795699,-44.12014389038086,101.29891204833984,0.000257888954365626,2.7968943119049072
1299,-1.782608695652172,92,83,0.9021739130434783,-29.424455642700195,46.71286392211914,0.00025884289061650634,3.7877378463745117
1300,43.888888888888886,45,40,0.8888888888888888,12.015748023986816,12.123428344726562,0.00025032414123415947,3.081697702407837
1301,68.9090909090909,22,20,0.9090909090909091,21.415462493896484,47.923301696777344,0.00025761156575754285,10.490068435668945
1302,40.95652173913044,46,40,0.8695652173913043,7.8293023109436035,5.0347723960876465,0.00025024643400684,0.802914023399353
1303,63.95652173913044,23,20,0.8695652173913043,4.450287818908691,3.0886342525482178,0.00021566287614405155,0.9904086589813232
1304,43.888888888888886,45,40,0.8888888888888888,18.37700843811035,24.03386688232422,0.00021835841471329331,7.762818813323975
1305,40.95652173913044,46,40,0.8695652173913043,2.5004405975341797,0.8382993340492249,0.00021557440049946308,0.8954492807388306
1306,-11.081761006289312,106,101,0.9491823899371069,26.31297492980957,47.62213897705078,0.0002184105251217261,8.725176811218262
1307,-1.782608695652172,92,83,0.9021739130434783,-19.980134963989258,23.073060989379883,0.00021721908706240356,1.1015862226486206
1308,-12.44654088050315,106,100,0.9355345911949685,2.4623911380767822,3.4610695838928223,0.00021727998682763427,0.8407264947891235
1309,43.888888888888886,45,40,0.8888888888888888,-5.988983631134033,2.6208655834198,0.0002149932406609878,0.5025127530097961
1310,63.95652173913044,23,20,0.8695652173913043,-15.526825904846191,24.337413787841797,0.00021342371474020183,2.8291196823120117
1311,-10.047619047619051,105,100,0.9495238095238095,7.46336030960083,6.880043029785156,0.0002103485312545672,1.77340567111969
1312,-115.91428571428571,210,198,0.9408571428571428,-29.558025360107422,53.0498046875,0.00021203659707680345,5.910967826843262
1313,63.95652173913044,23,20,0.8695652173913043,-16.09771728515625,23.738018035888672,0.00021786148136015981,10.747058868408203
1314,38.09090909090909,55,52,0.9309090909090909,-37.67796325683594,143.29733276367188,0.0002277094463352114,12.9593505859375
1315,-121.56481481481481,216,204,0.9443518518518519,-14.7621431350708,23.9818172454834,0.0002285551599925384,3.6420950889587402
1316,63.95652173913044,23,20,0.8695652173913043,3.025757074356079,1.9770560264587402,0.0002285350492456928,0.5950747728347778
1317,41.52564102564102,52,49,0.9352564102564103,6.629082679748535,6.6352362632751465,0.000228408956900239,0.5989018678665161
1318,-12.582554517133957,107,102,0.9441744548286605,58.4937744140625,228.5362091064453,0.00024376259534619749,16.65038299560547
1319,-15.45871559633028,109,103,0.9354128440366972,46.326175689697266,140.8837127685547,0.000244635361013934,3.98283314704895
1320,-121.56481481481481,216,204,0.9443518518518519,10.936028480529785,15.328640937805176,0.0002439832460368052,3.4912917613983154
1321,-7.631578947368411,95,83,0.8736842105263158,-33.655128479003906,60.028079986572266,0.00024935719557106495,9.84769058227539
1322,-18.41666666666667,112,105,0.9358333333333333,13.48510456085205,14.101551055908203,0.0002496585948392749,4.374028205871582
1323,46.90909090909091,44,40,0.9090909090909091,18.123977661132812,26.104124069213867,0.0002515901578590274,6.03695821762085
1324,41.09876543209876,54,52,0.9509876543209876,-21.6641788482666,46.887733459472656,0.0002543141308706254,15.717020988464355
1325,-122.49001536098311,217,206,0.945099846390169,-26.450817108154297,53.97928237915039,0.0002547588082961738,3.240253210067749
1326,63.95652173913044,23,20,0.8695652173913043,-2.6510438919067383,1.0379352569580078,0.00025474431458860636,1.6503300666809082
1327,41.52564102564102,52,49,0.9352564102564103,-36.347076416015625,122.2868881225586,0.0003636725014075637,42.616546630859375
1328,-117.26100628930818,212,201,0.9473899371069182,-3.1101648807525635,10.56397533416748,0.00036239149631001055,2.2505886554718018
1329,-15.45871559633028,109,103,0.9354128440366972,6.916395664215088,5.753212928771973,0.00036258206819184124,1.6206939220428467
1330,-13.592592592592595,108,103,0.9440740740740741,21.186325073242188,29.798629760742188,0.0003633410087786615,2.7403879165649414
1331,43.888888888888886,45,40,0.8888888888888888,31.346803665161133,72.47764587402344,0.0003642252995632589,5.221015930175781
1332,43.888888888888886,45,40,0.8888888888888888,31.44489097595215,71.38714599609375,0.0003572854329831898,3.074734926223755
1333,-120.12558139534883,215,204,0.9487441860465117,8.166719436645508,14.265206336975098,0.0003570804256014526,2.5928542613983154
1334,-109.59186991869919,205,196,0.9540813008130081,20.599395751953125,31.389144897460938,0.0003573584253899753,3.5085067749023438
1335,-7.631578947368411,95,83,0.8736842105263158,-51.344791412353516,135.93093872070312,0.0003658267669379711,11.349489212036133
1336,-14.641975308641975,108,101,0.9335802469135802,-11.020071029663086,10.528658866882324,0.0003548212116584182,1.051863670349121
1337,-12.271028037383175,107,102,0.9472897196261683,0.7599445581436157,2.3074517250061035,0.0003538753080647439,1.624625325202942
1338,-122.49001536098311,217,206,0.945099846390169,-20.213415145874023,35.3133544921875,0.00035366840893402696,1.7513986825942993
1339,-12.769470404984418,107,101,0.9423052959501558,-1.080295443534851,2.0315518379211426,0.00035348007804714143,0.14471246302127838
1340,63.95652173913044,23,20,0.8695652173913043,10.19007396697998,12.847885131835938,0.0003532784176059067,2.654850482940674
1341,-5.702127659574472,94,83,0.8829787234042553,-40.81094741821289,82.63439178466797,0.0003460113366600126,5.569968223571777
1342,43.888888888888886,45,40,0.8888888888888888,18.978504180908203,28.7510929107666,0.0003456822596490383,4.837735176086426
1343,40.95652173913044,46,40,0.8695652173913043,8.703457832336426,6.053084850311279,0.0003430587239563465,1.4352222681045532
1344,-12.582554517133957,107,102,0.9441744548286605,13.359118461608887,13.88199520111084,0.0003430454235058278,2.3309762477874756
1345,46.90909090909091,44,40,0.9090909090909091,26.584997177124023,54.865509033203125,0.0003417796397116035,2.5815682411193848
1346,-5.702127659574472,94,83,0.8829787234042553,-40.760677337646484,85.34387969970703,0.00035029021091759205,12.681596755981445
1347,43.888888888888886,45,40,0.8888888888888888,6.563549041748047,4.3018717765808105,0.00034851027885451913,0.5819047093391418
1348,-121.04012345679013,216,206,0.9495987654320988,2.097291946411133,12.478347778320312,0.000348903879057616,2.3273098468780518
1349,41.3974358974359,52,49,0.933974358974359,-34.83534622192383,118.20073699951172,0.00034325465094298124,8.714808464050293
1350,63.95652173913044,23,20,0.8695652173913043,2.0227105617523193,1.0706640481948853,0.000343333522323519,1.1257551908493042
1351,38.18787878787879,55,52,0.9318787878787879,-11.610145568847656,15.306831359863281,0.0003677201166283339,20.02200698852539
1352,43.435374149659864,49,46,0.9243537414965987,-16.691740036010742,25.708932876586914,0.0003752384800463915,12.203767776489258
1353,41.836601307189554,51,48,0.9283660130718955,5.721279144287109,7.353728294372559,0.00037519788020290434,3.4434337615966797
1354,-16.573573573573583,111,105,0.9442642642642642,45.555110931396484,147.57534790039062,0.0003756068763323128,3.4978816509246826
1355,-16.573573573573583,111,105,0.9442642642642642,48.06087112426758,145.2483673095703,0.0004454524314496666,33.32887649536133
1356,68.9090909090909,22,20,0.9090909090909091,37.81476593017578,147.21859741210938,0.0004494947206694633,17.06604766845703
1357,-122.49001536098311,217,206,0.945099846390169,8.427785873413086,16.142366409301758,0.0004492388106882572,2.046262264251709
1358,43.888888888888886,45,40,0.8888888888888888,15.833921432495117,20.772287368774414,0.0004486646212171763,2.9124526977539062
1359,41.3974358974359,52,49,0.933974358974359,-28.866191864013672,86.7104263305664,0.0004539980145636946,10.035721778869629
1360,-113.00961538461539,208,198,0.9499038461538462,-6.261163234710693,12.601192474365234,0.0004511707811616361,0.6030648350715637
1361,-1.782608695652172,92,83,0.9021739130434783,-36.39692687988281,69.79779815673828,0.0004513359162956476,2.7848920822143555
1362,-3.7526881720430083,93,83,0.8924731182795699,-43.885154724121094,97.62993621826172,0.00045435671927407384,8.45283317565918
1363,43.888888888888886,45,40,0.8888888888888888,4.921265602111816,2.6133015155792236,0.00045231718104332685,2.677567720413208
1364,43.888888888888886,45,40,0.8888888888888888,9.070645332336426,7.342157363891602,0.0004522085946518928,0.9833483695983887
1365,-7.631578947368411,95,83,0.8736842105263158,-53.70536804199219,139.50802612304688,0.00046467568608932197,14.609346389770508
1366,63.95652173913044,23,20,0.8695652173913043,7.576831817626953,7.036762714385986,0.0004661580896936357,4.6626152992248535
1367,-5.702127659574472,94,83,0.8829787234042553,-32.977012634277344,55.712284088134766,0.00046652855235151947,4.061681747436523
1368,63.95652173913044,23,20,0.8695652173913043,13.803972244262695,22.947280883789062,0.0004635747172869742,6.629756927490234
1369,68.9090909090909,22,20,0.9090909090909091,32.37073516845703,110.31779479980469,0.00047560702660121024,13.72422981262207
1370,63.95652173913044,23,20,0.8695652173913043,13.885461807250977,21.76957893371582,0.0004751083324663341,3.2391579151153564
1371,63.95652173913044,23,20,0.8695652173913043,9.666426658630371,10.996708869934082,0.0004753506800625473,3.4312450885772705
1372,63.95652173913044,23,20,0.8695652173913043,3.953385591506958,2.5782065391540527,0.0004754663386847824,1.2101733684539795
1373,-14.700305810397552,109,104,0.9429969418960245,11.889815330505371,11.981863021850586,0.00047638427349738777,3.907839298248291
1374,-1.782608695652172,92,83,0.9021739130434783,-21.320053100585938,24.651063919067383,0.0004742858000099659,2.0741770267486572
1375,40.91025641025641,52,49,0.9291025641025641,-32.73344802856445,107.2060775756836,0.0004848264215979725,13.413065910339355
1376,41.836601307189554,51,48,0.9283660130718955,-26.207353591918945,78.40281677246094,0.0004903090302832425,9.188117027282715
1377,-116.48499210110585,211,200,0.9451500789889415,16.507854461669922,19.45530128479004,0.00048825310659594834,0.8289650082588196
1378,46.90909090909091,44,40,0.9090909090909091,42.32054901123047,145.9761199951172,0.0004897628095932305,5.045485973358154
1379,44.373333333333335,50,48,0.9437333333333333,17.227893829345703,39.77839660644531,0.0004898144397884607,2.7339818477630615
1380,-123.91131498470948,218,206,0.9408868501529052,2.93561053276062,11.493186950683594,0.0004897445905953646,0.5310991406440735
1381,41.062893081761004,53,51,0.94062893081761,9.053261756896973,13.747132301330566,0.00048168323701247573,1.5198235511779785
1382,63.95652173913044,23,20,0.8695652173913043,-1.3527498245239258,0.9824547171592712,0.00047928138519637287,1.5501463413238525
1383,68.9090909090909,22,20,0.9090909090909091,9.879975318908691,11.473567962646484,0.0004795642162207514,3.7785232067108154
1384,-7.631578947368411,95,83,0.8736842105263158,-44.54680252075195,103.874755859375,0.0004858257598243654,10.488852500915527
1385,63.95652173913044,23,20,0.8695652173913043,-10.189348220825195,10.66611385345459,0.0004771779349539429,7.664273738861084
1386,41.01282051282051,52,49,0.9301282051282052,-30.010284423828125,89.17168426513672,0.0004813698760699481,8.230814933776855
1387,-115.81200631911533,211,201,0.9518799368088467,9.727275848388672,10.44423770904541,0.00046386916073970497,1.7132229804992676
1388,40.371794871794876,52,49,0.9237179487179488,-12.826419830322266,17.666000366210938,0.0004637362144421786,2.14327335357666
1389,38.18787878787879,55,52,0.9318787878787879,11.679931640625,14.081917762756348,0.00046402422594837844,2.2053189277648926
1390,43.888888888888886,45,40,0.8888888888888888,34.20745086669922,87.4766616821289,0.00046605634270235896,7.182445526123047
1391,-15.45871559633028,109,103,0.9354128440366972,34.60893249511719,82.1500473022461,0.0004701460711658001,8.660890579223633
1392,-5.702127659574472,94,83,0.8829787234042553,-15.502740859985352,13.96653938293457,0.0004404494829941541,1.4836385250091553
1393,46.90909090909091,44,40,0.9090909090909091,36.329708099365234,94.30321502685547,0.00044431840069592,8.478983879089355
1394,-12.271028037383175,107,102,0.9472897196261683,25.342453002929688,42.9795036315918,0.00044298957800492644,4.784616947174072
1395,-117.18553459119498,212,202,0.9481446540880503,-21.72960662841797,30.23575210571289,0.00044472204172052443,5.3315110206604
1396,-112.46859903381642,207,196,0.9453140096618358,-23.443283081054688,32.479854583740234,0.0004531490267254412,11.77568244934082
1397,63.95652173913044,23,20,0.8695652173913043,-15.326150894165039,20.570268630981445,0.000463035044958815,13.034562110900879
1398,-18.41666666666667,112,105,0.9358333333333333,-14.870116233825684,21.17452621459961,0.0004629081522580236,2.3314146995544434
1399,63.95652173913044,23,20,0.8695652173913043,-16.542234420776367,25.558568954467773,0.0004645002190954983,6.512389659881592
1400,-12.968847352024923,107,101,0.9403115264797508,-11.243500709533691,12.604601860046387,0.0004647908790502697,3.6665079593658447
1401,-3.7526881720430083,93,83,0.8924731182795699,-40.03826141357422,82.1825180053711,0.00045981607399880886,5.882171154022217
1402,43.888888888888886,45,40,0.8888888888888888,-9.11338996887207,5.513909339904785,0.0004599533276632428,1.7801755666732788
1403,46.90909090909091,44,40,0.9090909090909091,9.276118278503418,7.193382263183594,0.0004601915134117007,1.905934453010559
1404,41.52287581699346,51,48,0.9252287581699347,-32.2023811340332,107.56056213378906,0.0004680030979216099,13.996119499206543
1405,63.95652173913044,23,20,0.8695652173913043,4.323267936706543,2.892439126968384,0.00046799491974525154,1.4765797853469849
1406,-115.2063492063492,210,200,0.947936507936508,35.612579345703125,72.42828369140625,0.0004632684285752475,2.3144752979278564
1407,-111.00970873786409,206,196,0.9499029126213592,43.517093658447266,99.20234680175781,0.000474819156806916,14.184389114379883
1408,46.90909090909091,44,40,0.9090909090909091,52.08025360107422,199.82901000976562,0.0004920016508549452,17.346960067749023
1409,-1.782608695652172,92,83,0.9021739130434783,9.775300025939941,5.609001159667969,0.0004922064254060388,1.3836669921875
1410,-122.49001536098311,217,206,0.945099846390169,-18.315750122070312,28.656496047973633,0.0004957927158102393,9.051030158996582
1411,-114.28253968253969,210,202,0.9571746031746031,-0.8459821939468384,5.4767537117004395,0.000495829910505563,2.0321242809295654
1412,41.01282051282051,52,49,0.9301282051282052,-1.86118483543396,1.2063055038452148,0.0004943895619362593,1.0164375305175781
1413,-108.12418300653596,204,196,0.9587581699346405,0.25537487864494324,4.46890926361084,0.0004873561265412718,1.2625731229782104
1414,43.888888888888886,45,40,0.8888888888888888,20.244487762451172,31.090267181396484,0.00048200381570495665,7.480777740478516
1415,43.888888888888886,45,40,0.8888888888888888,15.057469367980957,17.263282775878906,0.00048288932885043323,5.080664157867432
1416,-3.7526881720430083,93,83,0.8924731182795699,-22.324954986572266,28.81130599975586,0.00048661528853699565,7.310060977935791
1417,40.95652173913044,46,40,0.8695652173913043,-6.340758800506592,2.8085594177246094,0.00048666412476450205,0.5679832100868225
1418,63.95652173913044,23,20,0.8695652173913043,7.507765769958496,6.909736633300781,0.00046982767526060343,4.195810794830322
1419,-122.47772657450076,217,206,0.9452227342549924,-65.69873046875,232.5434112548828,0.0004709360364358872,5.573233127593994
1420,-117.18553459119498,212,202,0.9481446540880503,-43.22078323364258,102.89173889160156,0.00047127390280365944,3.8532803058624268
1421,38.761006289308185,53,49,0.9176100628930818,-36.9047737121582,139.3722381591797,0.0004811829421669245,16.375165939331055
1422,-120.2031007751938,215,204,0.947968992248062,-5.502519607543945,9.140172958374023,0.0004796331631951034,1.4023690223693848
1423,40.814814814814824,54,52,0.9481481481481482,20.341419219970703,41.78971481323242,0.0004867257666774094,12.07559585571289
1424,63.95652173913044,23,20,0.8695652173913043,16.245206832885742,29.667884826660156,0.00047153615741990507,2.7922613620758057
1425,43.18300653594771,51,49,0.9418300653594771,25.759733200073242,65.54829406738281,0.00048248664825223386,13.161503791809082
1426,-10.688888888888883,105,100,0.9431111111111111,58.94930648803711,242.7847900390625,0.0004933545715175569,13.967119216918945
1427,-11.081761006289312,106,101,0.9491823899371069,52.383182525634766,192.15188598632812,0.00039787209243513644,14.721778869628906
1428,41.836601307189554,51,48,0.9283660130718955,-30.9489688873291,103.29085540771484,0.0004300434666220099,22.94649314880371
1429,63.95652173913044,23,20,0.8695652173913043,-8.721417427062988,7.924449443817139,0.0004305887850932777,3.4466357231140137
1430,41.52564102564102,52,49,0.9352564102564103,-47.75031280517578,217.89593505859375,0.0004470936255529523,16.632728576660156
1431,-115.81200631911533,211,201,0.9518799368088467,51.05625915527344,136.0100555419922,0.00045005566789768636,8.684493064880371
1432,-5.702127659574472,94,83,0.8829787234042553,-35.45663833618164,64.69271087646484,0.00045176997082307935,6.047629356384277
1433,-5.702127659574472,94,83,0.8829787234042553,-32.32383346557617,54.580509185791016,0.0004515176697168499,1.3016769886016846
1434,-12.578616352201266,106,100,0.9342138364779874,14.45667839050293,16.250728607177734,0.00045804487308487296,10.8191556930542
1435,41.52287581699346,51,48,0.9252287581699347,-10.71726131439209,12.788021087646484,0.00045322428923100233,7.277716636657715
1436,-10.880503144654085,106,101,0.9511949685534591,38.35449981689453,96.16495513916016,0.0004588066949509084,9.605398178100586
1437,-5.702127659574472,94,83,0.8829787234042553,-20.82255744934082,23.387502670288086,0.0004598140367306769,4.221497535705566
1438,43.888888888888886,45,40,0.8888888888888888,34.71132278442383,88.7658920288086,0.00046208847197704017,6.3226399421691895
1439,63.95652173913044,23,20,0.8695652173913043,16.752887725830078,34.165626525878906,0.00047399746836163104,14.139129638671875
1440,-8.782051282051285,104,100,0.9521794871794872,24.732786178588867,44.84658432006836,0.00047403620555996895,3.35776424407959
1441,-5.702127659574472,94,83,0.8829787234042553,-34.49044418334961,62.3375358581543,0.0004725508042611182,2.7803022861480713
1442,41.062893081761004,53,51,0.94062893081761,-7.109828948974609,6.768734931945801,0.0004713549860753119,2.1588900089263916
1443,-122.47772657450076,217,206,0.9452227342549924,-21.62049674987793,38.737449645996094,0.0004731258377432823,5.339492321014404
1444,-7.631578947368411,95,83,0.8736842105263158,-50.14543151855469,127.30162048339844,0.0004775967972818762,9.127392768859863
1445,63.95652173913044,23,20,0.8695652173913043,9.513757705688477,11.19489574432373,0.00047736582928337157,2.4085636138916016
1446,41.836601307189554,51,48,0.9283660130718955,-10.704412460327148,11.90543270111084,0.00047599655226804316,11.702954292297363
1447,-10.047619047619051,105,100,0.9495238095238095,19.53231430053711,27.570587158203125,0.00047862628707662225,6.270936489105225
1448,43.18300653594771,51,49,0.9418300653594771,8.909746170043945,8.963647842407227,0.00047829622053541243,1.3745250701904297
1449,-3.7526881720430083,93,83,0.8924731182795699,-19.601608276367188,21.705005645751953,0.00047706576879136264,7.191767692565918
1450,63.95652173913044,23,20,0.8695652173913043,14.273460388183594,21.66696548461914,0.0004803985939361155,7.479050636291504
1451,-1.782608695652172,92,83,0.9021739130434783,-9.278831481933594,6.111840724945068,0.00045512965880334377,2.7999629974365234
1452,-1.782608695652172,92,83,0.9021739130434783,-8.943754196166992,5.85356330871582,0.00044683163287118077,3.1238386631011963
1453,63.95652173913044,23,20,0.8695652173913043,12.372917175292969,17.526657104492188,0.0004463282530196011,0.7250697612762451
1454,-16.47147147147146,111,106,0.9452852852852853,19.134916305541992,26.908344268798828,0.0004463709774427116,3.8642797470092773
1455,-18.41666666666667,112,105,0.9358333333333333,6.97395133972168,5.524338722229004,0.00037764801527373493,2.5157012939453125
1456,46.90909090909091,44,40,0.9090909090909091,29.579456329345703,64.51827239990234,0.00037721157423220575,16.785802841186523
1457,63.95652173913044,23,20,0.8695652173913043,-1.5194331407546997,0.5672835111618042,0.00037712062476202846,0.4761548936367035
1458,-1.782608695652172,92,83,0.9021739130434783,-29.942760467529297,47.157447814941406,0.0003770691982936114,3.4059877395629883
1459,63.95652173913044,23,20,0.8695652173913043,-8.544346809387207,6.55221700668335,0.00037400389555841684,6.297824859619141
1460,46.90909090909091,44,40,0.9090909090909091,3.1562674045562744,1.6989030838012695,0.00037410983350127935,1.285271167755127
1461,-122.47772657450076,217,206,0.9452227342549924,-22.59598159790039,46.3988151550293,0.0003754766657948494,4.814798831939697
1462,43.888888888888886,45,40,0.8888888888888888,-12.899727821350098,11.487250328063965,0.00037141243228688836,0.16705650091171265
1463,43.888888888888886,45,40,0.8888888888888888,-11.455329895019531,9.404496192932129,0.000371834757970646,3.8357179164886475
1464,43.888888888888886,45,40,0.8888888888888888,-8.938037872314453,5.706246376037598,0.00037183676613494754,1.4681938886642456
1465,43.888888888888886,45,40,0.8888888888888888,-5.184879302978516,2.0574417114257812,0.00035827566171064973,0.8104364275932312
1466,68.9090909090909,22,20,0.9090909090909091,8.088290214538574,8.692545890808105,0.0003577625029720366,4.230419158935547
1467,63.95652173913044,23,20,0.8695652173913043,-5.248265743255615,3.211517810821533,0.0003580728080123663,4.008910179138184
1468,40.91358024691358,54,52,0.9491358024691358,-10.342926979064941,14.114506721496582,0.0003594952286221087,7.907302379608154
1469,63.95652173913044,23,20,0.8695652173913043,-0.6558440327644348,0.5243147015571594,0.0003484265471342951,0.3476906418800354
1470,-3.7526881720430083,93,83,0.8924731182795699,-19.148921966552734,19.86503028869629,0.00034894453710876405,4.403059482574463
1471,68.9090909090909,22,20,0.9090909090909091,23.13939666748047,55.51885223388672,0.00035582963027991354,11.008654594421387
1472,43.18300653594771,51,49,0.9418300653594771,8.057969093322754,7.73966121673584,0.00035576734808273613,0.7878736853599548
1473,63.95652173913044,23,20,0.8695652173913043,7.50722599029541,7.04244327545166,0.0003567662788555026,5.529598236083984
1474,-114.46411483253588,209,198,0.9453588516746412,55.82482147216797,157.3999481201172,0.0003587098035495728,5.811643600463867
1475,41.062893081761004,53,51,0.94062893081761,0.06626223027706146,0.7224822640419006,0.0003477000864222646,0.9415267109870911
1476,44.228758169934636,51,49,0.9522875816993464,-4.963747501373291,3.278703451156616,0.0003427279007155448,1.608486294746399
1477,41.52287581699346,51,48,0.9252287581699347,-25.557077407836914,62.86841583251953,0.0003523239865899086,12.497894287109375
1478,-5.702127659574472,94,83,0.8829787234042553,-32.687320709228516,55.89250946044922,0.000352457573171705,5.561618328094482
1479,-120.2031007751938,215,204,0.947968992248062,13.228920936584473,16.27543830871582,0.0003522215993143618,2.085740327835083
1480,41.3974358974359,52,49,0.933974358974359,1.7722289562225342,0.9455730319023132,0.00035233027301728725,1.1774723529815674
1481,41.836601307189554,51,48,0.9283660130718955,0.8499101400375366,0.6032595634460449,0.0003521973267197609,1.0894817113876343
1482,43.888888888888886,45,40,0.8888888888888888,34.63512420654297,83.49014282226562,0.0003546245861798525,6.534356117248535
1483,41.52564102564102,52,49,0.9352564102564103,8.123533248901367,7.2461748123168945,0.00035402821958996356,1.746118426322937
1484,-5.702127659574472,94,83,0.8829787234042553,-25.00943946838379,32.579017639160156,0.0003482959873508662,4.697817325592041
1485,46.90909090909091,44,40,0.9090909090909091,34.74943161010742,90.2783203125,0.00035017365007661283,9.370992660522461
1486,43.888888888888886,45,40,0.8888888888888888,15.482398986816406,18.711454391479492,0.0003465543268248439,2.195769786834717
1487,43.888888888888886,45,40,0.8888888888888888,5.128993988037109,2.605074405670166,0.0003465440240688622,1.641401767730713
1488,42.294117647058826,51,48,0.9329411764705883,-39.569374084472656,149.9114990234375,0.00035313828266225755,10.641462326049805
1489,-115.03492063492064,210,200,0.9496507936507936,-34.083534240722656,65.53947448730469,0.0003534166025929153,3.2394630908966064
1490,-112.46859903381642,207,196,0.9453140096618358,-26.21297836303711,39.477962493896484,0.00035164959263056517,5.614750862121582
1491,43.888888888888886,45,40,0.8888888888888888,10.550793647766113,8.584181785583496,0.0003473287506494671,3.663496255874634
1492,46.90909090909091,44,40,0.9090909090909091,26.43667221069336,51.751277923583984,0.0003512566618155688,8.196566581726074
1493,44.69333333333333,50,48,0.9469333333333333,-8.05664348602295,7.101238250732422,0.000346543820342049,0.6815616488456726
1494,43.888888888888886,45,40,0.8888888888888888,17.03903579711914,22.980043411254883,0.00034544544178061187,3.1185150146484375
1495,43.888888888888886,45,40,0.8888888888888888,14.406994819641113,17.11397361755371,0.0003444435424171388,2.80880069732666
1496,43.888888888888886,45,40,0.8888888888888888,11.631752967834473,11.197617530822754,0.00033678606268949807,1.4199050664901733
1497,41.52564102564102,52,49,0.9352564102564103,-22.047060012817383,48.73114776611328,0.00032820412889122963,5.546269416809082
1498,-18.31547619047619,112,106,0.9368452380952381,15.528094291687012,18.724397659301758,0.0003289527667220682,4.823484420776367
1499,-3.7526881720430083,93,83,0.8924731182795699,-18.855764389038086,20.001733779907227,0.00032628720509819686,1.792341709136963
1500,63.95652173913044,23,20,0.8695652173913043,-7.74232816696167,6.243607044219971,0.00032634029048494995,3.759580612182617
1501,42.294117647058826,51,48,0.9329411764705883,-19.09185028076172,37.80148696899414,0.00032503309193998575,3.9649550914764404
1502,-115.81200631911533,211,201,0.9518799368088467,38.813350677490234,78.37747192382812,0.00033019849797710776,9.839102745056152
1503,-3.7526881720430083,93,83,0.8924731182795699,-6.63787841796875,3.687473773956299,0.000329992180923,0.5845727324485779
1504,41.3974358974359,52,49,0.933974358974359,2.9510250091552734,2.1610608100891113,0.00031896610744297504,1.7063554525375366
1505,63.95652173913044,23,20,0.8695652173913043,6.699153423309326,5.773318290710449,0.0003189158742316067,1.1847745180130005
1506,-118.6822429906542,214,204,0.9531775700934579,23.97650146484375,32.95946502685547,0.00032069062581285834,5.493570327758789
1507,-5.702127659574472,94,83,0.8829787234042553,-12.15831470489502,8.501574516296387,0.0003096067230217159,3.0702834129333496
1508,-10.691823899371073,106,102,0.9530817610062893,45.731571197509766,151.8431854248047,0.0002945946471299976,7.125426292419434
1509,-10.047619047619051,105,100,0.9495238095238095,33.601409912109375,79.39400482177734,0.00029485695995390415,2.6638715267181396
1510,63.95652173913044,23,20,0.8695652173913043,1.4007121324539185,0.7817197442054749,0.0002899764513131231,0.8030516505241394
1511,43.888888888888886,45,40,0.8888888888888888,2.7123775482177734,0.9863618016242981,0.00028971885330975056,0.5753405690193176
1512,-1.782608695652172,92,83,0.9021739130434783,-29.605533599853516,46.13751983642578,0.0002909954055212438,4.515241622924805
1513,-3.7526881720430083,93,83,0.8924731182795699,-43.69700241088867,100.3377914428711,0.0002917391248047352,3.8198251724243164
1514,43.18300653594771,51,49,0.9418300653594771,-44.27187728881836,199.15609741210938,0.00030430269544012845,16.424325942993164
1515,-3.7526881720430083,93,83,0.8924731182795699,-36.9355354309082,71.02847290039062,0.0003061650204472244,7.92637825012207
1516,43.73202614379085,51,49,0.9473202614379085,-7.969368934631348,7.702600002288818,0.0003030660445801914,2.6322386264801025
1517,63.95652173913044,23,20,0.8695652173913043,13.45748519897461,21.137468338012695,0.0003045350022148341,4.50736141204834
1518,41.52287581699346,51,48,0.9252287581699347,13.658957481384277,19.833585739135742,0.0003034533583559096,1.4659422636032104
1519,40.91358024691358,54,52,0.9491358024691358,38.837127685546875,166.96417236328125,0.0003027780039701611,4.146860599517822
1520,40.95652173913044,46,40,0.8695652173913043,31.62039566040039,72.63729095458984,0.00030624435748904943,8.89065933227539
1521,-1.782608695652172,92,83,0.9021739130434783,-5.268346786499023,2.762537956237793,0.00029060468659736216,0.5605420470237732
1522,-12.769470404984418,107,101,0.9423052959501558,10.202129364013672,9.81953239440918,0.0002919122052844614,4.4323835372924805
1523,-13.592592592592595,108,103,0.9440740740740741,2.127396583557129,2.2840371131896973,0.0002828922006301582,1.6206408739089966
1524,-14.715151515151518,110,105,0.9528484848484848,1.255370855331421,3.4840784072875977,0.00028253725031390786,1.459373950958252
1525,-1.782608695652172,92,83,0.9021739130434783,-30.075082778930664,47.33171081542969,0.00027225411031395197,4.319787502288818
1526,-113.00961538461539,208,198,0.9499038461538462,-74.15489196777344,286.2471923828125,0.0002640212478581816,7.187657356262207
1527,41.062893081761004,53,51,0.94062893081761,-29.85610008239746,100.29061126708984,0.00025185028789564967,5.205188274383545
1528,43.888888888888886,45,40,0.8888888888888888,4.108567237854004,1.8217476606369019,0.00021804941934533417,1.0697101354599
1529,43.888888888888886,45,40,0.8888888888888888,12.560111999511719,12.968169212341309,0.00021706902771256864,0.6466549634933472
1530,-12.827160493827165,108,104,0.9517283950617283,19.56223487854004,28.754764556884766,0.00020129965560045093,2.6053311824798584
1531,46.3611111111111,48,46,0.9436111111111111,-8.075498580932617,6.330615997314453,0.00019748361955862492,2.9825453758239746
1532,-3.7526881720430083,93,83,0.8924731182795699,-14.007776260375977,11.322602272033691,0.00019567401614040136,1.3199131488800049
1533,63.95652173913044,23,20,0.8695652173913043,10.24953842163086,13.198102951049805,0.0001961984671652317,3.545311689376831
1534,68.9090909090909,22,20,0.9090909090909091,25.603260040283203,78.11257934570312,0.00019611553580034524,11.063758850097656
1535,63.95652173913044,23,20,0.8695652173913043,8.7113676071167,9.9081449508667,0.00019558987696655095,6.717536926269531
1536,-7.631578947368411,95,83,0.8736842105263158,-29.63607406616211,45.82834243774414,0.00018955388804897666,2.0220489501953125
1537,-1.782608695652172,92,83,0.9021739130434783,-2.9362306594848633,1.5258400440216064,0.00018864737648982555,0.6712788343429565
1538,-11.943396226415103,106,100,0.940566037735849,23.76590347290039,41.4404182434082,0.00018972271936945617,6.725788116455078
1539,40.95652173913044,46,40,0.8695652173913043,5.559723854064941,3.51819109916687,0.0001781918981578201,0.7227070331573486
1540,-3.7526881720430083,93,83,0.8924731182795699,-19.41269302368164,19.936620712280273,0.0001797411823645234,5.85200309753418
1541,-3.7526881720430083,93,83,0.8924731182795699,-19.795211791992188,21.429542541503906,0.00017972642672248185,2.7858147621154785
1542,-3.7526881720430083,93,83,0.8924731182795699,-19.891958236694336,21.19329261779785,0.00017973386275116354,2.870208978652954
1543,46.90909090909091,44,40,0.9090909090909091,18.902605056762695,28.995458602905273,0.00017871521413326263,3.4571359157562256
1544,46.90909090909091,44,40,0.9090909090909091,15.793984413146973,22.090795516967773,0.00017429565195925534,3.0881388187408447
1545,46.90909090909091,44,40,0.9090909090909091,10.890312194824219,10.682927131652832,0.0001763468171702698,5.769882678985596
1546,43.888888888888886,45,40,0.8888888888888888,-8.10828685760498,4.796009540557861,0.0001682176225585863,1.850174903869629
1547,68.9090909090909,22,20,0.9090909090909091,-5.219992637634277,2.974834680557251,0.00016597678768448532,1.9538954496383667
1548,43.888888888888886,45,40,0.8888888888888888,-17.60011100769043,20.719100952148438,0.0001675530947977677,5.284666538238525
1549,63.95652173913044,23,20,0.8695652173913043,-22.65349578857422,51.53517532348633,0.00016439075989183038,2.025053024291992
1550,46.90909090909091,44,40,0.9090909090909091,-4.9280266761779785,2.2501420974731445,0.00016063898510765284,0.8883298635482788
1551,68.9090909090909,22,20,0.9090909090909091,-2.4893994331359863,0.8583062887191772,0.00016013432468753308,1.0592803955078125
1552,-5.702127659574472,94,83,0.8829787234042553,-34.505165100097656,63.17686080932617,0.00016063886869233102,3.9332821369171143
1553,-121.04012345679013,216,206,0.9495987654320988,14.456727027893066,16.245193481445312,0.00016065867384895682,0.584608256816864
1554,-113.00961538461539,208,198,0.9499038461538462,28.575286865234375,44.12255859375,0.0001607792655704543,3.727348804473877
1555,-12.769470404984418,107,101,0.9423052959501558,21.72749900817871,32.67919921875,0.00016845794743858278,11.237188339233398
1556,41.3974358974359,52,49,0.933974358974359,-24.970260620117188,70.50410461425781,0.00019297182734590024,26.29677391052246
1557,-1.782608695652172,92,83,0.9021739130434783,-5.383455753326416,3.036794662475586,0.00019317667465656996,1.4854822158813477
1558,68.9090909090909,22,20,0.9090909090909091,20.293994903564453,41.888397216796875,0.00021483562886714935,18.973398208618164
1559,43.888888888888886,45,40,0.8888888888888888,19.790531158447266,28.870800018310547,0.00021260986977722496,0.963222861289978
1560,40.95652173913044,46,40,0.8695652173913043,8.544240951538086,6.021576404571533,0.00021410343470051885,4.874013423919678
1561,-121.04012345679013,216,206,0.9495987654320988,-15.283371925354004,18.813331604003906,0.00021324567205738276,2.638904094696045
1562,-1.782608695652172,92,83,0.9021739130434783,-1.8947142362594604,1.4870717525482178,0.00021325387933757156,0.6191900372505188
1563,59.33333333333334,24,20,0.8333333333333334,-9.343118667602539,8.85376262664795,0.000212782048038207,3.447845220565796
1564,-11.081761006289312,106,101,0.9491823899371069,32.63654327392578,72.75936889648438,0.00023069405870046467,16.815120697021484
1565,-3.7526881720430083,93,83,0.8924731182795699,-14.125252723693848,11.564496994018555,0.00023072780459187925,0.9744728803634644
1566,38.369696969696975,55,52,0.9336969696969697,-9.204829216003418,10.848081588745117,0.00023049156880006194,4.025428295135498
1567,63.95652173913044,23,20,0.8695652173913043,4.118084907531738,2.690243721008301,0.0002298744657309726,2.0196986198425293
1568,44.228758169934636,51,49,0.9522875816993464,-4.337392807006836,2.4030394554138184,0.00022620074742008,0.9207953810691833
1569,-114.46411483253588,209,198,0.9453588516746412,-16.17321014404297,16.83881378173828,0.0002263380738440901,1.6900815963745117
1570,-3.7526881720430083,93,83,0.8924731182795699,-12.721710205078125,9.548672676086426,0.0002252870617667213,2.054354429244995
1571,38.761006289308185,53,49,0.9176100628930818,-12.862747192382812,16.327808380126953,0.00022016651928424835,6.0677490234375
1572,63.95652173913044,23,20,0.8695652173913043,10.528046607971191,13.108148574829102,0.00022068913676775992,3.0174617767333984
1573,-10.555555555555557,105,100,0.9444444444444444,39.89468002319336,106.5505142211914,0.00022717899992130697,11.685541152954102
1574,46.90909090909091,44,40,0.9090909090909091,43.65657043457031,139.4307403564453,0.00022882800840307027,7.4997172355651855
1575,-11.081761006289312,106,101,0.9491823899371069,31.866769790649414,72.20144653320312,0.00022903068747837096,2.2491509914398193
1576,-16.573573573573583,111,105,0.9442642642642642,12.563607215881348,12.6127347946167,0.00022903313220012933,1.7117624282836914
1577,-10.688888888888883,105,100,0.9431111111111111,-1.5621470212936401,2.06670880317688,0.00021957539138384163,0.7387571334838867
1578,43.18300653594771,51,49,0.9418300653594771,-45.20466613769531,199.607666015625,0.00024942521122284234,22.70711898803711
1579,-5.702127659574472,94,83,0.8829787234042553,-50.42998504638672,127.08493041992188,0.000250789278652519,5.264951229095459
1580,68.9090909090909,22,20,0.9090909090909091,9.384783744812012,11.75916576385498,0.0002512868959456682,3.2688307762145996
1581,38.369696969696975,55,52,0.9336969696969697,-21.28125,48.50033187866211,0.0002517011307645589,2.537278175354004
1582,-121.05246913580247,216,206,0.9494753086419753,-25.14825439453125,40.05274200439453,0.0002490957558620721,1.8253146409988403
1583,-3.7526881720430083,93,83,0.8924731182795699,-16.428442001342773,14.792227745056152,0.00024906377075240016,1.4406721591949463
1584,46.90909090909091,44,40,0.9090909090909091,49.78862380981445,191.39544677734375,0.00026537704980000854,17.16603660583496
1585,-1.782608695652172,92,83,0.9021739130434783,4.205855369567871,1.9984475374221802,0.0002599193248897791,1.0793187618255615
1586,41.01282051282051,52,49,0.9301282051282052,23.734912872314453,58.21037673950195,0.000295504170935601,23.894733428955078
1587,-1.782608695652172,92,83,0.9021739130434783,2.440096139907837,1.2736932039260864,0.00029535312205553055,0.32416659593582153
1588,-16.573573573573583,111,105,0.9442642642642642,26.66377067565918,50.72578811645508,0.00030724945827387273,17.44266128540039
1589,43.888888888888886,45,40,0.8888888888888888,23.464597702026367,40.64348220825195,0.0003108787350356579,8.244668006896973
1590,63.95652173913044,23,20,0.8695652173913043,-3.6195461750030518,1.595516562461853,0.00030979615985415876,3.773395299911499
1591,0.2087912087912116,91,83,0.9120879120879121,-17.333829879760742,16.386075973510742,0.0003108854580204934,5.692596912384033
1592,-10.555555555555557,105,100,0.9444444444444444,-10.948687553405762,9.834877014160156,0.00030934662208892405,6.850758075714111
1593,-118.7601246105919,214,204,0.952398753894081,-9.81739330291748,14.57211971282959,0.0003106924123130739,4.8007001876831055
1594,43.888888888888886,45,40,0.8888888888888888,-18.23664665222168,20.516712188720703,0.0003159269690513611,9.969608306884766
1595,43.888888888888886,45,40,0.8888888888888888,-16.838903427124023,20.70351219177246,0.00031816522823646665,6.224331855773926
1596,0.2087912087912116,91,83,0.9120879120879121,-26.91018295288086,39.251243591308594,0.00031898656743578613,3.590928077697754
1597,43.888888888888886,45,40,0.8888888888888888,-9.245830535888672,5.8881306648254395,0.00031712790951132774,1.7167733907699585
1598,40.95652173913044,46,40,0.8695652173913043,-15.046150207519531,15.385126113891602,0.0003165313391946256,3.6728715896606445
1599,63.95652173913044,23,20,0.8695652173913043,-7.964197158813477,6.009099006652832,0.00031682720873504877,3.306844711303711
1600,-16.573573573573583,111,105,0.9442642642642642,7.369283199310303,5.2766876220703125,0.0003160324995405972,1.244606852531433
1601,43.435374149659864,49,46,0.9243537414965987,-17.999719619750977,31.978437423706055,0.00031671265605837107,5.448814392089844
1602,43.888888888888886,45,40,0.8888888888888888,29.43621253967285,68.11511993408203,0.0003140066983178258,7.2840142250061035
1603,38.09090909090909,55,52,0.9309090909090909,16.90325355529785,29.641443252563477,0.00031516695162281394,4.309361934661865
1604,43.888888888888886,45,40,0.8888888888888888,33.813148498535156,85.04346466064453,0.0003177146427333355,7.064233303070068
1605,46.90909090909091,44,40,0.9090909090909091,39.2497673034668,109.01065063476562,0.00032683968311175704,11.9193115234375
1606,43.888888888888886,45,40,0.8888888888888888,13.81423568725586,14.655314445495605,0.00032581566483713686,3.614251136779785
1607,40.95652173913044,46,40,0.8695652173913043,-11.192895889282227,8.46442985534668,0.00032578574609942734,3.1954474449157715
1608,-1.782608695652172,92,83,0.9021739130434783,-32.35818099975586,55.22112274169922,0.00032428259146399796,4.94130802154541
1609,68.9090909090909,22,20,0.9090909090909091,-1.27229905128479,0.5285876393318176,0.0003239477809984237,0.6065871119499207
1610,-10.880503144654085,106,101,0.9511949685534591,-15.825444221496582,19.725618362426758,0.0003244767722208053,3.202249526977539
1611,-117.26100628930818,212,201,0.9473899371069182,-1.2340893745422363,10.83222770690918,0.0003247985732741654,2.2130789756774902
1612,43.888888888888886,45,40,0.8888888888888888,-30.415597915649414,65.62294006347656,0.0003242358798161149,2.9803659915924072
1613,-14.61212121212121,110,106,0.9538787878787879,-10.41573715209961,9.29940128326416,0.0003235042386222631,0.7622989416122437
1614,63.95652173913044,23,20,0.8695652173913043,-17.751054763793945,33.10893630981445,0.00031061965273693204,7.442015647888184
1615,43.888888888888886,45,40,0.8888888888888888,-15.988686561584473,18.681419372558594,0.0003075723070651293,3.7328248023986816
1616,-115.71090047393365,211,202,0.9528909952606635,28.1998291015625,44.68662643432617,0.0003085879434365779,4.774813175201416
1617,-3.7526881720430083,93,83,0.8924731182795699,-26.882768630981445,39.16990661621094,0.0003082875336986035,3.9310500621795654
1618,-3.7526881720430083,93,83,0.8924731182795699,-20.845300674438477,24.062881469726562,0.00030865275766700506,2.8963422775268555
1619,-3.7526881720430083,93,83,0.8924731182795699,-15.248838424682617,13.966888427734375,0.0003079711168538779,2.616358518600464
1620,68.9090909090909,22,20,0.9090909090909091,23.53728485107422,64.60504913330078,0.0003107260854449123,11.177777290344238
1621,59.33333333333334,24,20,0.8333333333333334,-2.353397846221924,0.8971168994903564,0.00031087204115465283,1.7639178037643433
1622,-122.49001536098311,217,206,0.945099846390169,19.44745445251465,23.58152961730957,0.000310367759084329,3.32840895652771
1623,-114.46411483253588,209,198,0.9453588516746412,28.7532901763916,42.77045440673828,0.00031065617804415524,2.945760488510132
1624,63.95652173913044,23,20,0.8695652173913043,16.366783142089844,32.18891525268555,0.00031492827110923827,8.289011001586914
1625,-5.702127659574472,94,83,0.8829787234042553,-7.630053997039795,4.469618320465088,0.0003138182801194489,1.2025002241134644
1626,-10.688888888888883,105,100,0.9431111111111111,37.49739456176758,101.66719055175781,0.000311431911541149,3.4066050052642822
1627,44.69333333333333,50,48,0.9469333333333333,4.553781986236572,2.939013719558716,0.000309823255520314,1.074804425239563
1628,-112.46859903381642,207,196,0.9453140096618358,-19.5208683013916,20.606555938720703,0.0003155028389301151,9.68337345123291
1629,63.95652173913044,23,20,0.8695652173913043,6.718653678894043,5.521504878997803,0.0003158268809784204,2.5396876335144043
1630,-12.271028037383175,107,102,0.9472897196261683,12.894611358642578,12.353254318237305,0.00031594725442118943,2.925839900970459
1631,-5.702127659574472,94,83,0.8829787234042553,-34.256221771240234,63.24262619018555,0.000317219557473436,5.450474262237549
1632,-1.782608695652172,92,83,0.9021739130434783,-19.855573654174805,22.114065170288086,0.0003179109771735966,3.626889705657959
1633,43.888888888888886,45,40,0.8888888888888888,-2.6215429306030273,0.7466244101524353,0.00031718568061478436,1.1818201541900635
1634,63.95652173913044,23,20,0.8695652173913043,-2.7980260848999023,1.0363823175430298,0.0003094941203016788,1.0100220441818237
1635,68.9090909090909,22,20,0.9090909090909091,11.389490127563477,16.2357177734375,0.00030894577503204346,5.885548114776611
1636,46.90909090909091,44,40,0.9090909090909091,5.420120716094971,3.1372101306915283,0.000308783637592569,0.8304764032363892
1637,-1.782608695652172,92,83,0.9021739130434783,-24.14151382446289,32.55632400512695,0.00030942479497753084,3.347625494003296
1638,63.95652173913044,23,20,0.8695652173913043,-6.9445576667785645,5.257750511169434,0.0003070991951972246,2.903890609741211
1639,0.2087912087912116,91,83,0.9120879120879121,-14.065996170043945,12.19959831237793,0.0003070860111620277,0.18892596662044525
1640,-5.702127659574472,94,83,0.8829787234042553,-38.145484924316406,77.35747528076172,0.0003073463449254632,6.447623252868652
1641,38.09090909090909,55,52,0.9309090909090909,-26.8891658782959,78.61688232421875,0.00031376490369439125,10.636099815368652
1642,-14.092592592592595,108,102,0.9390740740740741,15.21398639678955,16.852157592773438,0.0003144867951050401,4.4148850440979
1643,68.9090909090909,22,20,0.9090909090909091,22.439626693725586,53.86869430541992,0.0003251793095842004,13.643697738647461
1644,-14.700305810397552,109,104,0.9429969418960245,30.29035758972168,65.75606536865234,0.0003306631406303495,9.904918670654297
1645,-12.582554517133957,107,102,0.9441744548286605,32.303565979003906,74.06039428710938,0.00032924290280789137,2.510171413421631
1646,-1.782608695652172,92,83,0.9021739130434783,1.4189509153366089,1.1271103620529175,0.00032902794191613793,0.623974084854126
1647,-10.688888888888883,105,100,0.9431111111111111,22.05235481262207,33.88663864135742,0.0003314034838695079,6.4593048095703125
1648,63.95652173913044,23,20,0.8695652173913043,1.8675642013549805,0.9944150447845459,0.0003296633658464998,0.6868996024131775
1649,-12.214953271028037,107,102,0.9478504672897197,10.493054389953613,8.83676528930664,0.0003297051298432052,1.924058437347412
1650,41.52564102564102,52,49,0.9352564102564103,-28.891204833984375,79.0178451538086,0.00038455083267763257,29.89566993713379
1651,63.95652173913044,23,20,0.8695652173913043,-3.4985461235046387,1.3830394744873047,0.0003850504581350833,2.987154722213745
1652,63.95652173913044,23,20,0.8695652173913043,-1.497889757156372,0.5217108726501465,0.00038411098648793995,0.6786643266677856
1653,59.33333333333334,24,20,0.8333333333333334,-13.485734939575195,19.814613342285156,0.00038425324601121247,1.9828765392303467
1654,-3.7526881720430083,93,83,0.8924731182795699,-26.749412536621094,37.5401725769043,0.0003838236734736711,2.080575704574585
1655,-3.7526881720430083,93,83,0.8924731182795699,-23.61391830444336,30.00835609436035,0.0003762572887353599,2.7490079402923584
1656,40.95652173913044,46,40,0.8695652173913043,17.300413131713867,23.555648803710938,0.0003341635747347027,6.279946804046631
1657,-5.702127659574472,94,83,0.8829787234042553,-25.597131729125977,35.916866302490234,0.0003355202788952738,4.339649200439453
1658,68.9090909090909,22,20,0.9090909090909091,32.48981857299805,134.4367218017578,0.0003212532610632479,12.323630332946777
1659,-14.148148148148152,108,102,0.9385185185185185,10.13092041015625,8.643472671508789,0.0003211682487744838,0.7342420816421509
1660,43.888888888888886,45,40,0.8888888888888888,32.72692108154297,79.23489379882812,0.00032255760743282735,5.616230487823486
1661,63.95652173913044,23,20,0.8695652173913043,10.32469367980957,12.247390747070312,0.0003265095001552254,8.03876781463623
1662,-7.631578947368411,95,83,0.8736842105263158,-43.53287887573242,99.01908874511719,0.00033454722142778337,10.9127779006958
1663,68.9090909090909,22,20,0.9090909090909091,14.8156099319458,26.205968856811523,0.00033407736918888986,2.4043309688568115
1664,38.09090909090909,55,52,0.9309090909090909,-21.693828582763672,50.2537956237793,0.0003309407620690763,15.207408905029297
1665,-8.647435897435898,104,100,0.9535256410256411,3.7190592288970947,2.562553644180298,0.00033085644827224314,0.24951113760471344
1666,-117.16037735849056,212,202,0.9483962264150944,-71.88489532470703,263.6455078125,0.0003331861807964742,8.0278902053833
1667,63.95652173913044,23,20,0.8695652173913043,-4.713230609893799,2.536712884902954,0.00033317788620479405,1.4623425006866455
1668,-1.782608695652172,92,83,0.9021739130434783,-9.062701225280762,5.540278911590576,0.00033324985997751355,1.322212815284729
1669,43.18300653594771,51,49,0.9418300653594771,0.16336005926132202,0.6507441401481628,0.0003332795749884099,0.8506253361701965
1670,38.18787878787879,55,52,0.9318787878787879,7.240692138671875,6.259739875793457,0.0003331511979922652,1.8486541509628296
1671,44.69333333333333,50,48,0.9469333333333333,8.12269115447998,9.16793155670166,0.00033118785358965397,1.7060657739639282
1672,-111.00970873786409,206,196,0.9499029126213592,17.547218322753906,20.11495018005371,0.00033191737020388246,4.646706581115723
1673,-12.214953271028037,107,102,0.9478504672897197,36.01979064941406,93.37541198730469,0.00032845590612851083,9.040315628051758
1674,63.95652173913044,23,20,0.8695652173913043,-2.1337876319885254,0.922236442565918,0.00032540634856559336,2.6128907203674316
1675,-3.7526881720430083,93,83,0.8924731182795699,-13.856417655944824,10.556297302246094,0.0003257140633650124,3.2310431003570557
1676,41.01282051282051,52,49,0.9301282051282052,-21.1317195892334,46.294219970703125,0.0003265398845542222,4.096096992492676
1677,-18.31547619047619,112,106,0.9368452380952381,12.279167175292969,12.121342658996582,0.0003271818277426064,3.959038734436035
1678,-3.7526881720430083,93,83,0.8924731182795699,-15.166008949279785,12.966541290283203,0.00029679483850486577,3.090980291366577
1679,63.95652173913044,23,20,0.8695652173913043,-5.265682220458984,3.4376425743103027,0.0002960328129120171,3.167548418045044
1680,-111.00970873786409,206,196,0.9499029126213592,20.569469451904297,25.793790817260742,0.0002956216922029853,1.0736593008041382
1681,-11.081761006289312,106,101,0.9491823899371069,26.91143035888672,52.741355895996094,0.0002951474452856928,1.312315821647644
1682,-14.148148148148152,108,102,0.9385185185185185,12.718273162841797,12.793641090393066,0.00029704213375225663,6.129714012145996
1683,63.95652173913044,23,20,0.8695652173913043,-7.283968448638916,6.122246265411377,0.00029746186919510365,2.5780792236328125
1684,-10.555555555555557,105,100,0.9444444444444444,7.991208076477051,5.525793552398682,0.00028011377435177565,2.4392542839050293
1685,43.888888888888886,45,40,0.8888888888888888,5.066628456115723,2.796102523803711,0.00028005693457089365,1.1305615901947021
1686,40.95652173913044,46,40,0.8695652173913043,-10.210127830505371,7.211544990539551,0.00024455669336020947,2.3224644660949707
1687,43.888888888888886,45,40,0.8888888888888888,-1.228528618812561,0.6452901363372803,0.00024454641970805824,0.3155089020729065
1688,63.95652173913044,23,20,0.8695652173913043,-14.768625259399414,22.655933380126953,0.0002268420794280246,5.117339611053467
1689,-5.702127659574472,94,83,0.8829787234042553,-46.10953903198242,109.93022918701172,0.00022417954460252076,4.927835941314697
1690,68.9090909090909,22,20,0.9090909090909091,6.252531051635742,5.68911075592041,0.00022370851365849376,2.0690720081329346
1691,-1.782608695652172,92,83,0.9021739130434783,-22.781185150146484,27.71632957458496,0.00022225541761144996,2.471217393875122
1692,40.95652173913044,46,40,0.8695652173913043,2.564204216003418,0.9576897621154785,0.00021969180670566857,0.9459511041641235
1693,43.73202614379085,51,49,0.9473202614379085,-3.8066418170928955,1.9257575273513794,0.00021876553364563733,2.803264617919922
1694,-115.2063492063492,210,200,0.947936507936508,-33.48276901245117,63.37977600097656,0.00021341984393075109,1.4903206825256348
1695,-12.271028037383175,107,102,0.9472897196261683,13.185003280639648,13.099699020385742,0.00021114523406140506,3.100518226623535
1696,-11.081761006289312,106,101,0.9491823899371069,20.57968521118164,30.784149169921875,0.00021016289247199893,0.9469670057296753
1697,-13.592592592592595,108,103,0.9440740740740741,15.278678894042969,17.454824447631836,0.00020999588014092296,0.7143871188163757
1698,41.52564102564102,52,49,0.9352564102564103,10.286691665649414,12.539338111877441,0.00021294339967425913,8.091933250427246
1699,44.373333333333335,50,48,0.9437333333333333,8.9755277633667,9.330228805541992,0.0002156169939553365,7.558254241943359
1700,-5.702127659574472,94,83,0.8829787234042553,-32.34677505493164,54.119224548339844,0.0002192401880165562,7.71615743637085
1701,38.369696969696975,55,52,0.9336969696969697,-3.738584518432617,3.0316848754882812,0.00021774639026261866,0.812548041343689
1702,-10.555555555555557,105,100,0.9444444444444444,0.95195472240448,1.276863694190979,0.00021492545783985406,0.2890693247318268
1703,40.95652173913044,46,40,0.8695652173913043,4.000572204589844,1.686233639717102,0.00021391540940385312,1.5903584957122803
1704,40.95652173913044,46,40,0.8695652173913043,1.95244300365448,0.664238452911377,0.0002113669615937397,1.429521083831787
1705,41.01282051282051,52,49,0.9301282051282052,-20.67268180847168,44.713340759277344,0.0002032409538514912,4.6546311378479
1706,-1.782608695652172,92,83,0.9021739130434783,-19.211820602416992,20.180749893188477,0.0002023045381065458,0.4559203088283539
1707,-8.647435897435898,104,100,0.9535256410256411,12.389524459838867,11.452384948730469,0.0002018820814555511,1.6219152212142944
1708,-1.782608695652172,92,83,0.9021739130434783,-12.726555824279785,9.427289009094238,0.00020075461361557245,2.4084954261779785
1709,44.69333333333333,50,48,0.9469333333333333,6.561465740203857,5.677517890930176,0.0002010539174079895,2.438809633255005
1710,63.95652173913044,23,20,0.8695652173913043,12.314623832702637,17.790637969970703,0.00020543107530102134,9.033113479614258
1711,-5.702127659574472,94,83,0.8829787234042553,-27.714231491088867,40.230995178222656,0.00020580334239639342,3.8372247219085693
1712,-113.5805422647528,209,200,0.954194577352472,8.066853523254395,7.493142604827881,0.00020572492212522775,3.0867245197296143
1713,-115.81200631911533,211,201,0.9518799368088467,3.990172863006592,5.216150760650635,0.00020569341722875834,1.4863005876541138
1714,-115.71090047393365,211,202,0.9528909952606635,3.4657068252563477,4.688147068023682,0.0002020090469159186,1.1494088172912598
1715,68.9090909090909,22,20,0.9090909090909091,25.970413208007812,74.50086975097656,0.0002049790637101978,8.146174430847168
1716,43.888888888888886,45,40,0.8888888888888888,21.47745132446289,35.813777923583984,0.00020427290291991085,2.1264073848724365
1717,68.9090909090909,22,20,0.9090909090909091,11.717464447021484,17.463708877563477,0.00020372617291286588,4.2089385986328125
1718,-10.555555555555557,105,100,0.9444444444444444,-7.806548118591309,5.5117082595825195,0.00020341301569715142,2.0551204681396484
1719,42.85620915032679,51,48,0.938562091503268,-40.591651916503906,170.6219940185547,0.000223361246753484,18.86922836303711
1720,43.888888888888886,45,40,0.8888888888888888,-4.162613868713379,1.486426591873169,0.00021533823746722192,1.6094715595245361
1721,46.90909090909091,44,40,0.9090909090909091,12.23970890045166,12.690760612487793,0.00021664633823093027,5.151852130889893
1722,-115.73617693522907,211,202,0.9526382306477094,-14.488555908203125,16.220745086669922,0.00021594368445221335,2.8330297470092773
1723,43.888888888888886,45,40,0.8888888888888888,7.661118507385254,5.448769569396973,0.00021502301387954503,0.8537353873252869
1724,-5.702127659574472,94,83,0.8829787234042553,-31.942119598388672,53.93752670288086,0.0002121003344655037,1.4885311126708984
1725,-121.05246913580247,216,206,0.9494753086419753,-9.583990097045898,11.230508804321289,0.00021202080824878067,1.4022736549377441
1726,41.062893081761004,53,51,0.94062893081761,-0.29795438051223755,0.7350715398788452,0.00021147431107237935,1.308156132698059
1727,43.888888888888886,45,40,0.8888888888888888,22.64291763305664,39.91698455810547,0.00021497657871805131,7.05102014541626
1728,43.888888888888886,45,40,0.8888888888888888,23.673181533813477,40.48432159423828,0.00021874095546081662,11.21465015411377
1729,-5.702127659574472,94,83,0.8829787234042553,-20.407445907592773,21.876251220703125,0.00021848535106983036,1.5800129175186157
1730,-3.7526881720430083,93,83,0.8924731182795699,-11.2944917678833,7.4180755615234375,0.00021821619884576648,0.21239538490772247
1731,-1.782608695652172,92,83,0.9021739130434783,-2.106621742248535,0.932348906993866,0.0002159268333343789,0.21783249080181122
1732,-5.702127659574472,94,83,0.8829787234042553,-18.543649673461914,18.92731475830078,0.00021617671882268041,4.01608419418335
1733,68.9090909090909,22,20,0.9090909090909091,9.079813003540039,10.53951644897461,0.00021738758368883282,4.148102760314941
1734,43.888888888888886,45,40,0.8888888888888888,13.212458610534668,14.568888664245605,0.0002172573731513694,0.25048187375068665
1735,-12.271028037383175,107,102,0.9472897196261683,29.972187042236328,67.1114273071289,0.00021520805603358895,3.0516583919525146
1736,-12.582554517133957,107,102,0.9441744548286605,21.656904220581055,34.633235931396484,0.00021528905199375004,1.7565912008285522
1737,40.91358024691358,54,52,0.9491358024691358,-25.18484878540039,68.85507202148438,0.00021618939354084432,6.08581018447876
1738,40.91358024691358,54,52,0.9491358024691358,-25.692991256713867,75.21615600585938,0.00021687916887458414,5.680912494659424
1739,-10.691823899371073,106,102,0.9530817610062893,24.04829216003418,42.49067306518555,0.00021971805836074054,6.760927677154541
1740,-5.702127659574472,94,83,0.8829787234042553,-24.40009880065918,30.592517852783203,0.00021681643556803465,3.1832029819488525
1741,40.95652173913044,46,40,0.8695652173913043,-1.9288241863250732,1.1915816068649292,0.00021098903380334377,0.7697433829307556
1742,63.95652173913044,23,20,0.8695652173913043,-6.468778610229492,5.061928749084473,0.00021165657381061465,5.4492621421813965
1743,63.95652173913044,23,20,0.8695652173913043,-1.4279412031173706,0.7470543384552002,0.0001985937706194818,0.4048457145690918
1744,40.95652173913044,46,40,0.8695652173913043,17.718608856201172,25.562898635864258,0.00019634653290268034,5.983362197875977
1745,63.95652173913044,23,20,0.8695652173913043,6.056480407714844,4.923266410827637,0.0001961763045983389,2.254336357116699
1746,-3.7526881720430083,93,83,0.8924731182795699,-0.7595619559288025,1.2812635898590088,0.00019616585632320493,0.518291175365448
1747,-12.827160493827165,108,104,0.9517283950617283,40.036895751953125,122.78671264648438,0.00019322425941936672,1.406214714050293
1748,38.369696969696975,55,52,0.9336969696969697,7.238590717315674,7.509506702423096,0.00019441847689449787,3.566601276397705
1749,-3.7526881720430083,93,83,0.8924731182795699,-14.43700885772705,11.821100234985352,0.00019498515757732093,2.325713872909546
1750,43.888888888888886,45,40,0.8888888888888888,7.425411224365234,5.382005214691162,0.0001425077934982255,1.5828492641448975
1751,-12.271028037383175,107,102,0.9472897196261683,4.875495910644531,2.770969867706299,0.00014224932237993926,1.3490211963653564
1752,-118.6822429906542,214,204,0.9531775700934579,1.158847689628601,7.729691028594971,0.00014220282901078463,0.30386975407600403
1753,41.3974358974359,52,49,0.933974358974359,-42.677337646484375,206.83836364746094,0.00014430659939534962,6.398331165313721
1754,-115.81200631911533,211,201,0.9518799368088467,1.2520357370376587,6.369771957397461,0.00014404569810722023,0.9884839653968811
1755,63.95652173913044,23,20,0.8695652173913043,-11.676589965820312,14.612616539001465,0.0001442360517103225,4.16805362701416
1756,68.9090909090909,22,20,0.9090909090909091,11.791277885437012,16.94584846496582,0.00014241234748624265,2.256218910217285
1757,43.888888888888886,45,40,0.8888888888888888,21.912729263305664,37.33262634277344,0.00014119409024715424,2.253814458847046
1758,-12.827160493827165,108,104,0.9517283950617283,16.601375579833984,21.171953201293945,0.00013600617239717394,7.071805477142334
1759,-11.081761006289312,106,101,0.9491823899371069,14.170502662658691,15.636828422546387,0.00013635885261464864,2.028665542602539
1760,-3.7526881720430083,93,83,0.8924731182795699,-23.302167892456055,29.25996971130371,0.0001340539165539667,0.2421581894159317
1761,-109.54634146341463,205,196,0.9545365853658536,11.429831504821777,11.00938606262207,0.00012974250421393663,1.4394649267196655
1762,63.95652173913044,23,20,0.8695652173913043,-1.7117575407028198,0.8268254399299622,0.00012148625683039427,0.8612130880355835
1763,63.95652173913044,23,20,0.8695652173913043,-2.317800760269165,1.0363712310791016,0.0001209323454531841,0.6187471747398376
1764,40.95652173913044,46,40,0.8695652173913043,2.83056902885437,0.9048088788986206,0.00010732710506999865,0.3944784700870514
1765,-8.782051282051285,104,100,0.9521794871794872,-0.7401379942893982,1.7231889963150024,0.00010733616363722831,0.16107238829135895
1766,43.888888888888886,45,40,0.8888888888888888,12.584183692932129,12.28062629699707,0.00010358439612900838,2.6835570335388184
1767,-11.471698113207552,106,101,0.9452830188679245,-11.178954124450684,10.791803359985352,0.00010351112723583356,1.945860505104065
1768,43.888888888888886,45,40,0.8888888888888888,7.871988296508789,5.071554660797119,0.00010328751523047686,1.1365255117416382
1769,-8.134615384615387,104,100,0.9586538461538462,-4.143754959106445,3.3458855152130127,0.00010338160791434348,2.774380683898926
1770,-5.702127659574472,94,83,0.8829787234042553,-48.244712829589844,122.5442123413086,0.00010718402336351573,7.559507369995117
1771,63.95652173913044,23,20,0.8695652173913043,-7.674110412597656,6.619676113128662,0.00010717775148805231,1.7595769166946411
1772,43.888888888888886,45,40,0.8888888888888888,9.04702091217041,7.062260150909424,0.00010629072494339198,1.1999640464782715
1773,-1.782608695652172,92,83,0.9021739130434783,-23.52181625366211,28.728193283081055,0.00010357807332184166,7.8408379554748535
1774,-113.75279106858054,209,200,0.9524720893141946,-20.930587768554688,27.503908157348633,0.00010624754941090941,6.09489107131958
1775,-121.05246913580247,216,206,0.9494753086419753,-27.297826766967773,49.14568328857422,0.00010777948045870289,5.455399990081787
1776,63.95652173913044,23,20,0.8695652173913043,7.155086040496826,6.425338268280029,0.0001072922459570691,1.2862663269042969
1777,-113.5805422647528,209,200,0.954194577352472,15.724055290222168,14.835053443908691,0.00010680988634703681,1.843590259552002
1778,43.888888888888886,45,40,0.8888888888888888,33.650909423828125,80.05461883544922,0.00011547170288395137,11.795010566711426
1779,38.32098765432099,54,51,0.9232098765432099,5.555749416351318,3.802377462387085,0.00011562381405383348,4.376867294311523
1780,43.888888888888886,45,40,0.8888888888888888,24.939393997192383,47.60342025756836,0.00012125475041102618,9.127132415771484
1781,46.3611111111111,48,46,0.9436111111111111,-12.620644569396973,17.18145751953125,0.0001214725780300796,3.113582134246826
1782,-9.177777777777777,105,101,0.9582222222222222,21.20005989074707,32.70014953613281,0.00011973992513958365,2.4017794132232666
1783,38.369696969696975,55,52,0.9336969696969697,-16.98482894897461,34.62752914428711,0.00012707711721304804,10.903691291809082
1784,-10.691823899371073,106,102,0.9530817610062893,11.182195663452148,10.08161449432373,0.00012839598639402539,5.3864874839782715
1785,-13.592592592592595,108,103,0.9440740740740741,0.726280152797699,0.7763584852218628,0.00012829870684072375,0.8975904583930969
1786,46.90909090909091,44,40,0.9090909090909091,9.755517959594727,8.727190017700195,0.00012832932407036424,2.267103910446167
1787,-14.715151515151518,110,105,0.9528484848484848,1.6890817880630493,1.422682285308838,0.00012831327330786735,0.7113224864006042
1788,43.83660130718954,51,49,0.9483660130718954,-30.576915740966797,101.70569610595703,0.00012720917584374547,3.455355167388916
1789,63.95652173913044,23,20,0.8695652173913043,-13.384504318237305,18.65332794189453,0.00012835586676374078,5.809525489807129
1790,-9.237179487179489,104,99,0.9476282051282051,10.88024616241455,9.714847564697266,0.00012825426529161632,0.6268606781959534
1791,-1.782608695652172,92,83,0.9021739130434783,-10.384875297546387,6.190044403076172,0.00012789815082214773,0.10564649850130081
1792,-121.05246913580247,216,206,0.9494753086419753,22.45728302001953,30.317880630493164,0.0001308948267251253,7.111276149749756
1793,-121.05246913580247,216,206,0.9494753086419753,20.492414474487305,25.352224349975586,0.00013648737512994558,10.027665138244629
1794,-115.81200631911533,211,201,0.9518799368088467,23.884496688842773,31.609302520751953,0.00014070463657844812,8.515218734741211
1795,-14.715151515151518,110,105,0.9528484848484848,20.923059463500977,33.395965576171875,0.0001446824026061222,8.175800323486328
1796,41.52287581699346,51,48,0.9252287581699347,-3.2239584922790527,1.5550289154052734,0.00014478471712209284,2.1464760303497314
1797,42.85620915032679,51,48,0.938562091503268,0.7595719695091248,0.8057929873466492,0.00014474696945399046,0.26095452904701233
1798,68.9090909090909,22,20,0.9090909090909091,22.77033233642578,58.815792083740234,0.00014315469888970256,6.348898887634277
1799,-16.573573573573583,111,105,0.9442642642642642,-10.538318634033203,10.15402603149414,0.00013983419921714813,0.6449052095413208
1800,-5.702127659574472,94,83,0.8829787234042553,-42.24319839477539,89.43538665771484,0.00013860795297659934,6.353896617889404
1801,-120.2031007751938,215,204,0.947968992248062,-70.63069152832031,268.779296875,0.00015847739996388555,17.79496955871582
1802,40.95652173913044,46,40,0.8695652173913043,7.064969062805176,4.026056289672852,0.00015848489420022815,0.15596920251846313
1803,41.062893081761004,53,51,0.94062893081761,1.060207486152649,0.4988056421279907,0.00015840666310396045,0.5741353631019592
1804,41.3974358974359,52,49,0.933974358974359,-1.0543605089187622,0.5665315985679626,0.00015836433158256114,1.1071807146072388
1805,46.90909090909091,44,40,0.9090909090909091,36.61368942260742,106.30458068847656,0.00016352994134649634,10.30724811553955
1806,63.95652173913044,23,20,0.8695652173913043,4.756653785705566,3.131209373474121,0.00016448122914880514,3.7301206588745117
1807,-118.7601246105919,214,204,0.952398753894081,-20.448442459106445,26.33432960510254,0.00016435894940514117,1.0069525241851807
1808,63.95652173913044,23,20,0.8695652173913043,-1.4258265495300293,0.5553033947944641,0.00016404308553319424,0.7486289739608765
1809,-3.7526881720430083,93,83,0.8924731182795699,-25.087141036987305,33.58062744140625,0.00016433374548796564,3.195418357849121
1810,43.888888888888886,45,40,0.8888888888888888,10.181160926818848,8.901395797729492,0.00015944390906952322,0.8919987678527832
1811,41.3974358974359,52,49,0.933974358974359,-16.816633224487305,31.50185775756836,0.00015857152175158262,1.3419851064682007
1812,43.888888888888886,45,40,0.8888888888888888,13.330755233764648,13.835886001586914,0.00015935319242998958,4.895419120788574
1813,43.83660130718954,51,49,0.9483660130718954,-2.9395840167999268,2.1297860145568848,0.00015967234503477812,2.8840157985687256
1814,43.888888888888886,45,40,0.8888888888888888,15.691524505615234,20.202842712402344,0.00015965999045874923,1.2846064567565918
1815,63.95652173913044,23,20,0.8695652173913043,-5.342563152313232,3.3591630458831787,0.00015563852502964437,1.2167537212371826
1816,-10.555555555555557,105,100,0.9444444444444444,18.534578323364258,25.789653778076172,0.00015592451381962746,3.052231788635254
1817,63.95652173913044,23,20,0.8695652173913043,-7.803401947021484,6.822911262512207,0.00015490641817450523,2.353116989135742
1818,-10.047619047619051,105,100,0.9495238095238095,18.042041778564453,24.92064094543457,0.00015496373816858977,2.6413190364837646
1819,40.95652173913044,46,40,0.8695652173913043,-8.145679473876953,4.712927341461182,0.00013267071335576475,2.47159743309021
1820,-3.7526881720430083,93,83,0.8924731182795699,-23.6788330078125,29.272735595703125,0.00013320017023943365,3.5315752029418945
1821,43.18300653594771,51,49,0.9418300653594771,-24.075498580932617,60.90143585205078,0.0001327412319369614,4.003414630889893
1822,-10.688888888888883,105,100,0.9431111111111111,13.081670761108398,13.939996719360352,0.0001330915983999148,4.537306308746338
1823,-5.702127659574472,94,83,0.8829787234042553,-24.030498504638672,29.627479553222656,0.00013396695430856198,3.4549479484558105
1824,-115.03492063492064,210,200,0.9496507936507936,55.598899841308594,165.11483764648438,0.00013575887714978307,5.0909104347229
1825,-10.688888888888883,105,100,0.9431111111111111,22.247140884399414,35.55071258544922,0.00013708713231608272,5.524319648742676
1826,-3.7526881720430083,93,83,0.8924731182795699,-14.339470863342285,11.729909896850586,0.0001375015126541257,2.214967966079712
1827,-12.214953271028037,107,102,0.9478504672897197,16.96906089782715,21.316625595092773,0.00013560082879848778,4.356688022613525
1828,-115.86163522012578,212,204,0.9613836477987422,19.004152297973633,21.354217529296875,0.00012903202150482684,3.71234393119812
1829,-5.702127659574472,94,83,0.8829787234042553,-34.7495002746582,61.854949951171875,0.0001307898055529222,5.385010719299316
1830,40.91025641025641,52,49,0.9291025641025641,-15.456270217895508,27.478988647460938,0.00013478021719492972,7.661195278167725
1831,40.95652173913044,46,40,0.8695652173913043,8.55113410949707,5.556735038757324,0.0001351888495264575,2.8124213218688965
1832,43.888888888888886,45,40,0.8888888888888888,21.206043243408203,34.328773498535156,0.00013495329767465591,3.163130760192871
1833,63.95652173913044,23,20,0.8695652173913043,7.313819885253906,6.703763961791992,0.00013442529598250985,2.7553484439849854
1834,43.888888888888886,45,40,0.8888888888888888,16.863319396972656,22.053279876708984,0.00013512578152585775,3.066530227661133
1835,43.888888888888886,45,40,0.8888888888888888,11.871261596679688,10.393661499023438,0.00013453757856041193,1.5526071786880493
1836,63.95652173913044,23,20,0.8695652173913043,-0.756757378578186,0.39656832814216614,0.00013432475680019706,1.2638643980026245
1837,-8.647435897435898,104,100,0.9535256410256411,-16.06466293334961,20.422462463378906,0.00013612210750579834,7.927645683288574
1838,42.85620915032679,51,48,0.938562091503268,-37.4615592956543,137.07269287109375,0.00021269523131195456,35.567138671875
1839,-115.81200631911533,211,201,0.9518799368088467,-81.71920776367188,343.09674072265625,0.00021503347670659423,9.109386444091797
1840,-11.081761006289312,106,101,0.9491823899371069,-3.6536407470703125,2.4857876300811768,0.0002144528116332367,0.8879254460334778
1841,63.95652173913044,23,20,0.8695652173913043,12.856733322143555,20.542156219482422,0.0002148397616110742,2.644855499267578
1842,41.52287581699346,51,48,0.9252287581699347,14.322592735290527,21.38876724243164,0.0002147241757484153,5.282749176025391
1843,-9.237179487179489,104,99,0.9476282051282051,27.132375717163086,53.04790115356445,0.00021491662482731044,1.776572585105896
1844,43.888888888888886,45,40,0.8888888888888888,44.128135681152344,144.19723510742188,0.00022010764223523438,10.980640411376953
1845,-11.471698113207552,106,101,0.9452830188679245,19.585411071777344,28.35984992980957,0.0002216267748735845,5.615785121917725
1846,46.90909090909091,44,40,0.9090909090909091,35.8510856628418,99.1697006225586,0.00022300025739241391,4.902832508087158
1847,63.95652173913044,23,20,0.8695652173913043,-3.8601467609405518,1.790419340133667,0.00022304701269604266,1.7443156242370605
1848,40.91358024691358,54,52,0.9491358024691358,-19.77843475341797,52.55024719238281,0.00024307223793584853,18.582027435302734
1849,40.051282051282044,52,48,0.9205128205128205,-50.44559860229492,260.0783386230469,0.00029370092670433223,28.568758010864258
1850,43.888888888888886,45,40,0.8888888888888888,2.2556657791137695,0.6238337755203247,0.0002935574157163501,0.2583440840244293
1851,43.888888888888886,45,40,0.8888888888888888,13.45518684387207,14.489174842834473,0.0002935441443696618,1.293039083480835
1852,63.95652173913044,23,20,0.8695652173913043,2.092071056365967,1.1297305822372437,0.00029363445355556905,1.1836471557617188
1853,46.90909090909091,44,40,0.9090909090909091,37.72733688354492,109.62806701660156,0.0002972313086502254,9.941333770751953
1854,68.9090909090909,22,20,0.9090909090909091,18.80535125732422,43.06636047363281,0.0002987997722811997,5.200225353240967
1855,46.3611111111111,48,46,0.9436111111111111,-6.110240459442139,4.425667762756348,0.0002977313124574721,0.6536701321601868
1856,-12.271028037383175,107,102,0.9472897196261683,3.6666672229766846,2.0600943565368652,0.00029794478905387223,2.9153733253479004
1857,63.95652173913044,23,20,0.8695652173913043,-6.1136860847473145,3.8583219051361084,0.00029787933453917503,2.006216526031494
1858,63.95652173913044,23,20,0.8695652173913043,-7.501100063323975,5.972515106201172,0.00029507599538192153,2.1229629516601562
1859,-3.7526881720430083,93,83,0.8924731182795699,-28.73740005493164,44.77138900756836,0.00029563804855570197,3.555344820022583
1860,-111.00970873786409,206,196,0.9499029126213592,15.648863792419434,15.515253067016602,0.0002965544117614627,3.9119014739990234
1861,46.90909090909091,44,40,0.9090909090909091,22.264680862426758,39.30683135986328,0.0002968537446577102,2.6919188499450684
1862,-3.7526881720430083,93,83,0.8924731182795699,-29.629167556762695,46.80947494506836,0.00030119408620521426,8.580296516418457
1863,-1.782608695652172,92,83,0.9021739130434783,-21.615398406982422,25.349424362182617,0.000303556676954031,6.168105602264404
1864,44.373333333333335,50,48,0.9437333333333333,-15.449801445007324,26.26835060119629,0.0003058884176425636,6.045562744140625
1865,-109.59186991869919,205,196,0.9540813008130081,17.498470306396484,18.640613555908203,0.0003062640316784382,2.418077230453491
1866,-10.555555555555557,105,100,0.9444444444444444,8.582587242126465,6.24658203125,0.00030581073951907456,0.7828088998794556
1867,-122.47772657450076,217,206,0.9452227342549924,-13.705854415893555,18.18305206298828,0.00030618972959928215,3.2317864894866943
1868,-16.573573573573583,111,105,0.9442642642642642,9.763300895690918,8.745055198669434,0.0003061586758121848,1.2633434534072876
1869,43.83660130718954,51,49,0.9483660130718954,11.166306495666504,14.061241149902344,0.00030663603683933616,4.121047496795654
1870,63.95652173913044,23,20,0.8695652173913043,1.9505833387374878,1.0519235134124756,0.00030345245613716543,1.6680728197097778
1871,63.95652173913044,23,20,0.8695652173913043,0.2519580125808716,0.503139078617096,0.0003032347885891795,0.291057825088501
1872,-118.7601246105919,214,204,0.952398753894081,-4.8487958908081055,5.512412071228027,0.00030327917193062603,1.3231333494186401
1873,-1.782608695652172,92,83,0.9021739130434783,-13.442841529846191,10.823036193847656,0.0002994700917042792,1.3365740776062012
1874,38.369696969696975,55,52,0.9336969696969697,-3.288843870162964,1.8340091705322266,0.000297589780529961,2.025695562362671
1875,38.1063829787234,47,40,0.851063829787234,-5.575141906738281,2.2633793354034424,0.0002957432297989726,0.5912312865257263
1876,46.90909090909091,44,40,0.9090909090909091,28.27558708190918,60.206172943115234,0.00030028438777662814,8.814594268798828
1877,-5.702127659574472,94,83,0.8829787234042553,-31.445167541503906,50.52995300292969,0.0003005709149874747,2.7925186157226562
1878,43.888888888888886,45,40,0.8888888888888888,11.396354675292969,10.576607704162598,0.0002932781062554568,4.558297157287598
1879,40.95652173913044,46,40,0.8695652173913043,-1.783564805984497,0.40594956278800964,0.0002920046972576529,0.8965968489646912
1880,-16.47147147147146,111,106,0.9452852852852853,1.813572883605957,1.5664350986480713,0.0002871047763619572,0.22382484376430511
1881,43.83660130718954,51,49,0.9483660130718954,-15.353119850158691,26.29975700378418,0.00028656944050453603,1.4249459505081177
1882,68.9090909090909,22,20,0.9090909090909091,6.250241279602051,5.8870134353637695,0.00028669548919424415,2.9430558681488037
1883,-1.782608695652172,92,83,0.9021739130434783,-13.153853416442871,9.875056266784668,0.0002799996582325548,2.8875319957733154
1884,0.2087912087912116,91,83,0.9120879120879121,-2.1422204971313477,1.4520362615585327,0.0002782838128041476,1.079856038093567
1885,40.95652173913044,46,40,0.8695652173913043,2.950939178466797,1.0090970993041992,0.00027825930737890303,0.695441484451294
1886,-115.73617693522907,211,202,0.9526382306477094,12.57660961151123,10.307308197021484,0.00027814554050564766,1.7076603174209595
1887,63.95652173913044,23,20,0.8695652173913043,-3.8924989700317383,1.9293088912963867,0.00027821792173199356,1.2450779676437378
1888,63.95652173913044,23,20,0.8695652173913043,-3.109133005142212,1.2387611865997314,0.0002774702152237296,0.3308732211589813
1889,41.09876543209876,54,52,0.9509876543209876,11.76395320892334,15.274885177612305,0.00027722783852368593,5.443376064300537
1890,40.95652173913044,46,40,0.8695652173913043,5.64357852935791,2.915752410888672,0.00027723878156393766,0.6638747453689575
1891,68.9090909090909,22,20,0.9090909090909091,9.22685718536377,10.614145278930664,0.0002783607051242143,4.399264335632324
1892,68.9090909090909,22,20,0.9090909090909091,6.693231105804443,5.229166507720947,0.00027668726397678256,4.89955997467041
1893,-12.214953271028037,107,102,0.9478504672897197,8.502959251403809,5.796389579772949,0.0002706817467696965,1.6909301280975342
1894,38.761006289308185,53,49,0.9176100628930818,-41.20210647583008,179.08407592773438,0.0002704641374293715,8.163386344909668
1895,38.369696969696975,55,52,0.9336969696969697,-15.49671745300293,27.81813621520996,0.00026667662314139307,1.897841215133667
1896,43.888888888888886,45,40,0.8888888888888888,17.83607292175293,25.08546257019043,0.0002677107695490122,4.765744209289551
1897,63.95652173913044,23,20,0.8695652173913043,3.1780600547790527,1.8151121139526367,0.00026789100957103074,1.6656073331832886
1898,63.95652173913044,23,20,0.8695652173913043,8.915035247802734,9.680977821350098,0.0002655798161868006,2.323441505432129
1899,-119.5984496124031,215,206,0.954015503875969,8.32481861114502,6.424041748046875,0.0002656396827660501,1.3915663957595825
1900,-14.715151515151518,110,105,0.9528484848484848,41.308837890625,126.16645050048828,0.0002661755424924195,6.712984561920166
1901,68.9090909090909,22,20,0.9090909090909091,27.096174240112305,77.44232177734375,0.0002576880797278136,13.345097541809082
1902,38.369696969696975,55,52,0.9336969696969697,13.371393203735352,20.504297256469727,0.0002643311454448849,10.461212158203125
1903,43.73202614379085,51,49,0.9473202614379085,-3.7346556186676025,2.1352574825286865,0.00026474407059140503,2.5633039474487305
1904,43.888888888888886,45,40,0.8888888888888888,0.4077197015285492,0.48216021060943604,0.00026468205032870173,0.41448354721069336
1905,63.95652173913044,23,20,0.8695652173913043,-19.729434967041016,44.660011291503906,0.00026460314984433353,10.261885643005371
1906,-1.782608695652172,92,83,0.9021739130434783,-33.6022834777832,60.1935920715332,0.0002638373407535255,1.2210075855255127
1907,43.888888888888886,45,40,0.8888888888888888,-20.655380249023438,30.498498916625977,0.0002648658992256969,4.288291931152344
1908,44.373333333333335,50,48,0.9437333333333333,-46.90338134765625,242.0743408203125,0.0003030661609955132,25.081974029541016
1909,-13.592592592592595,108,103,0.9440740740740741,-11.208956718444824,10.93625259399414,0.00030377943767234683,5.207808971405029
1910,-120.2031007751938,215,204,0.947968992248062,-43.885780334472656,105.58232116699219,0.0003073960542678833,8.050114631652832
1911,-111.00970873786409,206,196,0.9499029126213592,-6.140523910522461,3.6589629650115967,0.00030732297454960644,0.34155043959617615
1912,63.95652173913044,23,20,0.8695652173913043,26.621713638305664,79.93183135986328,0.0003127538366243243,10.174490928649902
1913,44.228758169934636,51,49,0.9522875816993464,62.113346099853516,459.6679992675781,0.0003148331888951361,6.39865255355835
1914,42.85620915032679,51,48,0.938562091503268,39.81128692626953,170.61279296875,0.0003342429408803582,18.242389678955078
1915,-12.214953271028037,107,102,0.9478504672897197,18.359630584716797,25.76186752319336,0.00034045486245304346,10.165143013000488
1916,63.95652173913044,23,20,0.8695652173913043,-9.561267852783203,8.998479843139648,0.00034113205038011074,4.532058238983154
1917,46.90909090909091,44,40,0.9090909090909091,-15.50251579284668,16.794960021972656,0.0003430841024965048,6.119218349456787
1918,-11.471698113207552,106,101,0.9452830188679245,-35.09091567993164,97.73299407958984,0.0004008013056591153,30.721378326416016
1919,59.33333333333334,24,20,0.8333333333333334,-40.132972717285156,173.78543090820312,0.00044047844130545855,25.18012809753418
1920,-117.16037735849056,212,202,0.9483962264150944,-44.37288284301758,112.26959991455078,0.0004503549134824425,13.029793739318848
1921,43.888888888888886,45,40,0.8888888888888888,-51.89334487915039,201.71786499023438,0.0004694339877460152,17.97370147705078
1922,-113.75279106858054,209,200,0.9524720893141946,-13.854815483093262,14.603372573852539,0.0004690889036282897,3.7817885875701904
1923,-118.6822429906542,214,204,0.9531775700934579,-6.021614074707031,7.762184143066406,0.00046895554987713695,3.022249460220337
1924,63.95652173913044,23,20,0.8695652173913043,-1.7042278051376343,0.5281403660774231,0.00046731793554499745,0.27656179666519165
1925,-12.769470404984418,107,101,0.9423052959501558,-8.779025077819824,7.0420918464660645,0.00046550415572710335,1.128331184387207
1926,46.90909090909091,44,40,0.9090909090909091,0.18043576180934906,0.7623489499092102,0.00046519393799826503,0.24657560884952545
1927,40.95652173913044,46,40,0.8695652173913043,-14.871005058288574,15.630226135253906,0.0004648100584745407,3.480454444885254
1928,-11.471698113207552,106,101,0.9452830188679245,20.40934944152832,30.946903228759766,0.0004650615737773478,4.265671730041504
1929,-10.691823899371073,106,102,0.9530817610062893,31.709760665893555,76.01546478271484,0.0004641582490876317,3.6546919345855713
1930,-11.081761006289312,106,101,0.9491823899371069,26.21440315246582,51.49995422363281,0.0004627173475455493,5.989967346191406
1931,63.95652173913044,23,20,0.8695652173913043,25.630043029785156,74.07173919677734,0.00046806177124381065,9.722622871398926
1932,-10.320754716981128,106,102,0.9567924528301887,19.28757095336914,28.925230026245117,0.0004690915811806917,5.08526086807251
1933,63.95652173913044,23,20,0.8695652173913043,20.684974670410156,52.063697814941406,0.0004710655193775892,6.379206657409668
1934,44.373333333333335,50,48,0.9437333333333333,-50.595829010009766,274.2966003417969,0.0004761452437378466,9.541550636291504
1935,-111.00970873786409,206,196,0.9499029126213592,52.71860122680664,142.70724487304688,0.00047968971193768084,7.781867027282715
1936,63.95652173913044,23,20,0.8695652173913043,20.305055618286133,48.60443878173828,0.00048159665311686695,5.742628574371338
1937,59.33333333333334,24,20,0.8333333333333334,6.034891605377197,5.047817707061768,0.000478215457405895,2.9088940620422363
1938,41.01282051282051,52,49,0.9301282051282052,-54.01870346069336,307.9261779785156,0.0004082608502358198,11.620512962341309
1939,63.95652173913044,23,20,0.8695652173913043,24.05274200439453,64.43254852294922,0.00041033790330402553,11.30246353149414
1940,-16.573573573573583,111,105,0.9442642642642642,-21.252756118774414,38.58521270751953,0.00041032745502889156,0.6350014805793762
1941,-3.7526881720430083,93,83,0.8924731182795699,-42.14918899536133,101.6194839477539,0.00041206227615475655,5.814991474151611
1942,63.95652173913044,23,20,0.8695652173913043,32.78052520751953,124.18649291992188,0.00041498514474369586,8.803424835205078
1943,41.52287581699346,51,48,0.9252287581699347,-7.104021072387695,6.065055847167969,0.0004151421890128404,1.689895510673523
1944,44.373333333333335,50,48,0.9437333333333333,10.786683082580566,13.377883911132812,0.0004145535349380225,10.034543991088867
1945,68.9090909090909,22,20,0.9090909090909091,58.47902297973633,347.6368103027344,0.0006428793421946466,61.5155143737793
1946,40.95652173913044,46,40,0.8695652173913043,26.992826461791992,54.45323181152344,0.0006427986663766205,3.824519395828247
1947,68.9090909090909,22,20,0.9090909090909091,42.96586227416992,214.2765350341797,0.0006515031564049423,12.652832984924316
1948,40.91025641025641,52,49,0.9291025641025641,-21.327180862426758,51.00848388671875,0.0006321420078165829,3.48154354095459
1949,43.888888888888886,45,40,0.8888888888888888,8.370467185974121,5.753175258636475,0.0005797017365694046,2.916870355606079
1950,63.95652173913044,23,20,0.8695652173913043,1.9769436120986938,1.1716057062149048,0.0005797583726234734,0.5932559967041016
1951,-111.55072463768116,207,198,0.9544927536231884,-9.018461227416992,11.095194816589355,0.0005808701971545815,3.6339738368988037
1952,63.95652173913044,23,20,0.8695652173913043,-9.969918251037598,11.415322303771973,0.0005818932550027966,5.233219146728516
1953,45.16,50,48,0.9516,-51.57839584350586,277.4593811035156,0.0005846169078722596,11.771134376525879
1954,-117.18553459119498,212,202,0.9481446540880503,-16.495121002197266,22.72393226623535,0.0005831413436681032,3.329148054122925
1955,-1.782608695652172,92,83,0.9021739130434783,-24.969518661499023,39.65797424316406,0.000586984446272254,9.060968399047852
1956,-114.35873015873017,210,201,0.9564126984126984,21.105327606201172,26.655725479125977,0.0005872499896213412,3.900560140609741
1957,-8.134615384615387,104,100,0.9586538461538462,32.39289474487305,75.3809814453125,0.0005872100009582937,1.745349645614624
1958,46.3611111111111,48,46,0.9436111111111111,2.726348876953125,1.5994864702224731,0.0005878913798369467,2.475426435470581
1959,43.18300653594771,51,49,0.9418300653594771,10.635021209716797,12.633596420288086,0.0005880807293578982,3.092360019683838
1960,-115.73617693522907,211,202,0.9526382306477094,17.405517578125,18.326692581176758,0.0005887664738111198,3.5667037963867188
1961,-1.782608695652172,92,83,0.9021739130434783,-2.1238632202148438,3.62497878074646,0.000588771712500602,1.109991431236267
1962,-14.715151515151518,110,105,0.9528484848484848,26.603124618530273,52.14968490600586,0.0005914212088100612,10.975906372070312
1963,46.90909090909091,44,40,0.9090909090909091,39.55451965332031,122.87128448486328,0.0005925068398937583,8.419242858886719
1964,-3.7526881720430083,93,83,0.8924731182795699,-25.739919662475586,39.95848846435547,0.0005901732947677374,4.218173980712891
1965,43.888888888888886,45,40,0.8888888888888888,13.650486946105957,15.366761207580566,0.000589572184253484,0.5963220596313477
1966,-113.75279106858054,209,200,0.9524720893141946,-28.07426643371582,42.90218734741211,0.0005899113602936268,1.616741418838501
1967,-3.7526881720430083,93,83,0.8924731182795699,-44.357261657714844,112.61092376708984,0.0005998956621624529,13.744490623474121
1968,-115.81200631911533,211,201,0.9518799368088467,-25.798751831054688,36.579017639160156,0.0006014428799971938,6.0978007316589355
1969,-12.271028037383175,107,102,0.9472897196261683,-9.438861846923828,12.078858375549316,0.0006006737239658833,1.38414466381073
1970,63.95652173913044,23,20,0.8695652173913043,-3.7437398433685303,1.7271608114242554,0.0006006718031130731,1.3231101036071777
1971,40.95652173913044,46,40,0.8695652173913043,-7.961674213409424,4.505438804626465,0.00060083600692451,1.0418301820755005
1972,43.888888888888886,45,40,0.8888888888888888,6.556080341339111,4.134250164031982,0.0006005614413879812,0.7015559673309326
1973,-1.782608695652172,92,83,0.9021739130434783,-17.238121032714844,20.144800186157227,0.0006005885079503059,0.5342971682548523
1974,-114.46411483253588,209,198,0.9453588516746412,28.239776611328125,42.073455810546875,0.0006000084104016423,0.7311490774154663
1975,-9.237179487179489,104,99,0.9476282051282051,18.056962966918945,24.34860610961914,0.000603043008595705,6.0698347091674805
1976,63.95652173913044,23,20,0.8695652173913043,4.353589057922363,3.235248565673828,0.0005998816923238337,2.5048813819885254
1977,-10.320754716981128,106,102,0.9567924528301887,21.5083065032959,34.41214370727539,0.0006026612245477736,6.325658798217773
1978,63.95652173913044,23,20,0.8695652173913043,-1.0335105657577515,0.6810414791107178,0.0006019636639393866,0.929564893245697
1979,46.90909090909091,44,40,0.9090909090909091,11.344147682189941,11.812727928161621,0.0006039013969711959,4.8490800857543945
1980,-111.05501618122977,206,196,0.9494498381877022,14.973806381225586,14.516709327697754,0.0006038713618181646,1.612726092338562
1981,41.52564102564102,52,49,0.9352564102564103,-50.36795425415039,260.143310546875,0.0006102125626057386,10.997830390930176
1982,-117.16037735849056,212,202,0.9483962264150944,-3.537240505218506,3.1299424171447754,0.0006094967247918248,0.16702499985694885
1983,68.9090909090909,22,20,0.9090909090909091,15.309239387512207,30.90036392211914,0.0006111900438554585,5.682153701782227
1984,63.95652173913044,23,20,0.8695652173913043,5.314451217651367,4.11067533493042,0.0006110107060521841,0.610196053981781
1985,-115.73617693522907,211,202,0.9526382306477094,1.1457209587097168,2.337547540664673,0.0006110268295742571,2.649327039718628
1986,43.18300653594771,51,49,0.9418300653594771,-11.613624572753906,14.11365032196045,0.0006108917878009379,0.49156811833381653
1987,41.52564102564102,52,49,0.9352564102564103,-9.70962905883789,9.419523239135742,0.0006108277593739331,0.6497161984443665
1988,43.888888888888886,45,40,0.8888888888888888,28.910722732543945,65.23640441894531,0.000615759112406522,8.491189956665039
1989,63.95652173913044,23,20,0.8695652173913043,22.36663055419922,54.63509750366211,0.0006168952095322311,6.342694282531738
1990,-118.6822429906542,214,204,0.9531775700934579,-5.055598735809326,4.347119331359863,0.0006174368318170309,2.0892574787139893
1991,43.73202614379085,51,49,0.9473202614379085,2.8401856422424316,1.5368099212646484,0.000616728444583714,1.632991075515747
1992,0.2087912087912116,91,83,0.9120879120879121,-1.1557660102844238,2.5099520683288574,0.0006154520669952035,0.9748871326446533
1993,-5.702127659574472,94,83,0.8829787234042553,-29.354360580444336,48.28347396850586,0.000615761848166585,2.594762086868286
1994,50.02325581395348,43,40,0.9302325581395349,44.476783752441406,151.9122772216797,0.0006162208155728877,8.7420015335083
1995,41.062893081761004,53,51,0.94062893081761,-11.7112398147583,14.655876159667969,0.0006189167033880949,6.355984210968018
1996,40.051282051282044,52,48,0.9205128205128205,-27.466474533081055,78.67356872558594,0.0006355805671773851,17.696550369262695
1997,-3.7526881720430083,93,83,0.8924731182795699,-20.94744873046875,26.72563362121582,0.0006365599692799151,5.224710941314697
1998,46.3611111111111,48,46,0.9436111111111111,-5.51637077331543,3.5456461906433105,0.0006364014698192477,2.6994454860687256
1999,-12.271028037383175,107,102,0.9472897196261683,25.997976303100586,48.0061149597168,0.0006367630558088422,3.5344934463500977
2000,-5.702127659574472,94,83,0.8829787234042553,-17.143718719482422,18.50299072265625,0.0006333962082862854,3.40942645072937
2001,-12.214953271028037,107,102,0.9478504672897197,32.900970458984375,79.98744201660156,0.000623237865511328,1.3189668655395508
2002,-10.320754716981128,106,102,0.9567924528301887,37.915950775146484,100.82400512695312,0.0006153202266432345,3.069631338119507
2003,63.95652173913044,23,20,0.8695652173913043,20.830854415893555,51.581138610839844,0.0006169456755742431,5.160221099853516
2004,-9.237179487179489,104,99,0.9476282051282051,14.158117294311523,16.779266357421875,0.0006173366564325988,1.846645712852478
2005,59.33333333333334,24,20,0.8333333333333334,-8.357398986816406,7.276420593261719,0.000612185220234096,2.1984076499938965
2006,40.95652173913044,46,40,0.8695652173913043,-4.925116062164307,1.7842830419540405,0.0006122328341007233,1.4253051280975342
2007,38.09090909090909,55,52,0.9309090909090909,-33.024539947509766,116.74040222167969,0.0006134798168204725,5.964353084564209
2008,-120.2031007751938,215,204,0.947968992248062,-42.47914123535156,97.97980499267578,0.0005713797872886062,3.191992998123169
2009,43.888888888888886,45,40,0.8888888888888888,11.472081184387207,11.468381881713867,0.0005691727856174111,2.178511619567871
2010,-118.7601246105919,214,204,0.952398753894081,-16.884845733642578,17.55687141418457,0.0005642026080749929,1.161754846572876
2011,46.90909090909091,44,40,0.9090909090909091,30.212013244628906,70.88568878173828,0.0005652349209412932,3.7327725887298584
2012,-5.702127659574472,94,83,0.8829787234042553,-39.674381256103516,85.3513412475586,0.0005646016797982156,6.853606700897217
2013,-3.7526881720430083,93,83,0.8924731182795699,-29.755334854125977,47.249427795410156,0.0005648524384014308,6.916877746582031
2014,-1.782608695652172,92,83,0.9021739130434783,-16.060718536376953,16.696685791015625,0.0005428606527857482,3.3105456829071045
2015,44.359477124183016,51,49,0.9535947712418301,11.523513793945312,14.57129955291748,0.0005363285890780389,2.0260233879089355
2016,-111.00970873786409,206,196,0.9499029126213592,59.972660064697266,179.1817626953125,0.0005378274945542216,4.609105587005615
2017,41.062893081761004,53,51,0.94062893081761,5.39295768737793,3.499386787414551,0.0005361585062928498,1.8700816631317139
2018,38.369696969696975,55,52,0.9336969696969697,-1.9995381832122803,1.3912662267684937,0.00047901112702675164,0.5343274474143982
2019,-15.45871559633028,109,103,0.9354128440366972,-4.167499542236328,5.258913993835449,0.00044358402374200523,1.5910769701004028
2020,-1.782608695652172,92,83,0.9021739130434783,-17.7742977142334,19.502445220947266,0.00043497118167579174,3.0022990703582764
2021,63.95652173913044,23,20,0.8695652173913043,9.332709312438965,10.827415466308594,0.00041688166675157845,2.9017651081085205
2022,46.90909090909091,44,40,0.9090909090909091,27.507110595703125,59.37915802001953,0.0004161826509516686,3.491572380065918
2023,38.09090909090909,55,52,0.9309090909090909,-21.274486541748047,51.25652313232422,0.00041891582077369094,8.613051414489746
2024,63.95652173913044,23,20,0.8695652173913043,1.817913293838501,1.0436837673187256,0.00041892033186741173,0.33753663301467896
2025,43.888888888888886,45,40,0.8888888888888888,8.702169418334961,6.555100917816162,0.0004194914363324642,2.2527265548706055
2026,-10.688888888888883,105,100,0.9431111111111111,-7.627728462219238,10.153141021728516,0.00041979056550189853,1.7498595714569092
2027,46.90909090909091,44,40,0.9090909090909091,17.449806213378906,25.832794189453125,0.00041950526065193117,3.0553383827209473
2028,0.2087912087912116,91,83,0.9120879120879121,-17.043804168701172,18.349275588989258,0.00041953567415475845,3.2853145599365234
2029,-120.12558139534883,215,204,0.9487441860465117,-26.15190887451172,39.8580436706543,0.00041860027704387903,2.6320574283599854
2030,-3.7526881720430083,93,83,0.8924731182795699,-33.18967056274414,61.4020881652832,0.0004161679826211184,2.297816276550293
2031,-11.13968253968254,105,99,0.9386031746031746,-5.170639514923096,6.789660453796387,0.0004118379729334265,1.6215749979019165
2032,-120.2031007751938,215,204,0.947968992248062,-4.81885290145874,5.637781143188477,0.0004105847328901291,2.932664632797241
2033,43.73202614379085,51,49,0.9473202614379085,-14.554065704345703,22.552398681640625,0.00040870480006560683,2.103182792663574
2034,-117.18553459119498,212,202,0.9481446540880503,19.204147338867188,19.780996322631836,0.0004019781481474638,0.6671440005302429
2035,-1.782608695652172,92,83,0.9021739130434783,-0.30513566732406616,2.5531749725341797,0.0003991795820184052,0.6154215931892395
2036,0.2087912087912116,91,83,0.9120879120879121,13.245075225830078,10.817780494689941,0.00039672874845564365,1.308545470237732
2037,-120.12558139534883,215,204,0.9487441860465117,25.359098434448242,33.402503967285156,0.00039730945718474686,5.768746852874756
2038,38.369696969696975,55,52,0.9336969696969697,14.812429428100586,22.34006118774414,0.0003886947815772146,3.599722146987915
2039,63.95652173913044,23,20,0.8695652173913043,18.066205978393555,37.666114807128906,0.0003861103905364871,7.034538269042969
2040,68.9090909090909,22,20,0.9090909090909091,27.17659568786621,83.84225463867188,0.00039536174153909087,13.271261215209961
2041,63.95652173913044,23,20,0.8695652173913043,1.769797682762146,1.125653862953186,0.0003929031081497669,0.7671931385993958
2042,38.369696969696975,55,52,0.9336969696969697,-27.853500366210938,84.55448150634766,0.00038879874045960605,1.5337642431259155
2043,41.062893081761004,53,51,0.94062893081761,-26.43332290649414,77.33702850341797,0.00041206442983821034,20.806243896484375
2044,-14.700305810397552,109,104,0.9429969418960245,7.620598793029785,9.082841873168945,0.00040601257933303714,4.212009906768799
2045,44.69333333333333,50,48,0.9469333333333333,-13.730673789978027,19.452524185180664,0.00018096284475177526,2.9110190868377686
2046,42.294117647058826,51,48,0.9329411764705883,-7.53740119934082,6.364751815795898,0.00018098970758728683,5.133581161499023
2047,-14.700305810397552,109,104,0.9429969418960245,27.697711944580078,54.15667724609375,0.00017365925305057317,5.900149345397949
2048,41.52564102564102,52,49,0.9352564102564103,15.179884910583496,23.39192008972168,0.0001734381221467629,2.7068605422973633
2049,-10.555555555555557,105,100,0.9444444444444444,33.480655670166016,71.88517761230469,0.00019718613475561142,20.620941162109375
2050,-115.2063492063492,210,200,0.947936507936508,-19.879470825195312,21.397157669067383,0.0001972255704458803,0.7646681666374207
2051,68.9090909090909,22,20,0.9090909090909091,34.445613861083984,126.50360107421875,0.00020619887800421566,13.983223915100098
2052,41.52287581699346,51,48,0.9252287581699347,-9.077459335327148,8.052841186523438,0.00021067159832455218,8.45289421081543
2053,43.888888888888886,45,40,0.8888888888888888,17.54335594177246,25.46007537841797,0.00020139077969361097,4.294320106506348
2054,-114.46411483253588,209,198,0.9453588516746412,-33.868385314941406,57.5785026550293,0.0002029282331932336,4.442060470581055
2055,-14.148148148148152,108,102,0.9385185185185185,-9.667332649230957,12.2982816696167,0.00019916996825486422,2.8705801963806152
2056,68.9090909090909,22,20,0.9090909090909091,5.215844631195068,4.156702995300293,0.00019876494479831308,0.41093143820762634
2057,-111.00970873786409,206,196,0.9499029126213592,-9.28931713104248,6.970301628112793,0.00019882158085238189,2.454876661300659
2058,-3.7526881720430083,93,83,0.8924731182795699,-37.07714080810547,74.38005065917969,0.00019827159121632576,2.582862138748169
2059,-10.688888888888883,105,100,0.9431111111111111,-8.071537017822266,11.207297325134277,0.00019740824063774198,1.0623677968978882
2060,-3.7526881720430083,93,83,0.8924731182795699,-33.159706115722656,60.6414794921875,0.00019676328520290554,2.2459166049957275
2061,35.42857142857143,56,52,0.9142857142857143,-41.39501190185547,165.7112579345703,0.00030526425689458847,41.144683837890625
2062,46.3611111111111,48,46,0.9436111111111111,-13.561442375183105,17.83753776550293,0.00029872689628973603,1.6636945009231567
2063,-121.56481481481481,216,204,0.9443518518518519,39.13798904418945,75.81082916259766,0.0003007863415405154,10.599604606628418
2064,-117.26100628930818,212,201,0.9473899371069182,53.27055740356445,134.67446899414062,0.0003050056111533195,9.667145729064941
2065,-123.07680491551459,217,204,0.9392319508448541,24.1772403717041,29.985857009887695,0.0003063499752897769,5.534339904785156
2066,-16.573573573573583,111,105,0.9442642642642642,61.693424224853516,269.6517639160156,0.00035513596958480775,27.605520248413086
2067,-3.7526881720430083,93,83,0.8924731182795699,10.814929008483887,8.247468948364258,0.0003443306195549667,1.4908380508422852
2068,46.90909090909091,44,40,0.9090909090909091,71.97246551513672,375.040283203125,0.00037281904951669276,22.329641342163086
2069,40.95652173913044,46,40,0.8695652173913043,35.28120040893555,88.96946716308594,0.00037321451236493886,3.2065541744232178
2070,-1.782608695652172,92,83,0.9021739130434783,-15.73272705078125,15.9683256149292,0.0003732146869879216,1.2670642137527466
2071,38.63522012578616,53,49,0.9163522012578617,-31.536117553710938,98.71952819824219,0.00037336553214117885,1.7675426006317139
2072,-1.782608695652172,92,83,0.9021739130434783,-33.807716369628906,62.63425064086914,0.000373846385627985,2.8450465202331543
2073,46.3611111111111,48,46,0.9436111111111111,-31.021652221679688,90.54891204833984,0.00039003798156045377,16.646066665649414
2074,0.2087912087912116,91,83,0.9120879120879121,-23.050203323364258,31.559656143188477,0.0003901813179254532,1.623793363571167
2075,63.95652173913044,23,20,0.8695652173913043,7.963218688964844,8.421889305114746,0.00038811712875030935,2.663681983947754
2076,68.9090909090909,22,20,0.9090909090909091,28.302743911743164,88.05973815917969,0.00040736974915489554,18.489418029785156
2077,63.95652173913044,23,20,0.8695652173913043,12.552148818969727,18.921297073364258,0.0004053135635331273,4.589748382568359
2078,-7.631578947368411,95,83,0.8736842105263158,-54.213653564453125,148.8065948486328,0.00040574962622486055,3.4145145416259766
2079,44.359477124183016,51,49,0.9535947712418301,2.137180805206299,1.5695542097091675,0.0004037445178255439,0.9504327774047852
2080,-117.26100628930818,212,201,0.9473899371069182,-163.03338623046875,1283.0235595703125,0.0005078145186416805,40.427467346191406
2081,-3.7526881720430083,93,83,0.8924731182795699,-25.3062744140625,35.6195182800293,0.0005022925324738026,4.993492603302002
2082,-3.7526881720430083,93,83,0.8924731182795699,-16.577407836914062,16.856176376342773,0.0005023627891205251,0.7794992923736572
2083,38.09090909090909,55,52,0.9309090909090909,30.302492141723633,93.37562561035156,0.0005006270366720855,2.633253335952759
2084,43.888888888888886,45,40,0.8888888888888888,50.276302337646484,175.21641540527344,0.0005068299360573292,9.956487655639648
2085,38.09090909090909,55,52,0.9309090909090909,21.02886390686035,46.44822692871094,0.0005067301681265235,1.481117606163025
2086,63.95652173913044,23,20,0.8695652173913043,8.565231323242188,9.051542282104492,0.0005070113693363965,2.5850942134857178
2087,-15.45871559633028,109,103,0.9354128440366972,4.452331066131592,7.541165828704834,0.0005070528131909668,1.219544529914856
2088,63.95652173913044,23,20,0.8695652173913043,-15.758255958557129,27.247812271118164,0.0005049268365837634,6.438350200653076
2089,-3.7526881720430083,93,83,0.8924731182795699,-30.207544326782227,52.72848892211914,0.000504153547808528,4.437193393707275
2090,38.09090909090909,55,52,0.9309090909090909,-51.667484283447266,273.4901123046875,0.0005491047631949186,26.91720962524414
2091,-10.688888888888883,105,100,0.9431111111111111,11.053318977355957,13.8605375289917,0.0005499536637216806,3.976917266845703
2092,-120.2031007751938,215,204,0.947968992248062,-0.49155983328819275,3.056208372116089,0.0005498907412402332,0.14234091341495514
2093,68.9090909090909,22,20,0.9090909090909091,9.411139488220215,11.79757308959961,0.0005535738309845328,8.15895938873291
2094,-115.03492063492064,210,200,0.9496507936507936,29.310720443725586,44.134586334228516,0.0005516590899787843,6.810331344604492
2095,41.52564102564102,52,49,0.9352564102564103,-6.522339344024658,4.8226542472839355,0.00054933998035267,2.0257859230041504
2096,43.888888888888886,45,40,0.8888888888888888,25.184778213500977,46.64644241333008,0.0005323697114363313,5.9774861335754395
2097,63.95652173913044,23,20,0.8695652173913043,4.791855335235596,3.6887412071228027,0.0005308877443894744,1.3901211023330688
2098,59.33333333333334,24,20,0.8333333333333334,-9.850226402282715,10.35550594329834,0.0005320305936038494,5.1550421714782715
2099,-115.03492063492064,210,200,0.9496507936507936,30.573362350463867,47.620880126953125,0.0005324253579601645,4.391233444213867
2100,-3.7526881720430083,93,83,0.8924731182795699,4.196109294891357,3.1898648738861084,0.0005317131872288883,0.3893347382545471
2101,-16.47147147147146,111,106,0.9452852852852853,40.7231330871582,111.45040130615234,0.0005340033676475286,6.1820573806762695
2102,-3.7526881720430083,93,83,0.8924731182795699,-4.217184543609619,3.502276659011841,0.0005337274051271379,2.2853336334228516
2103,-116.48499210110585,211,200,0.9451500789889415,-14.4939603805542,13.301505088806152,0.0005319769261404872,0.20984172821044922
2104,63.95652173913044,23,20,0.8695652173913043,-6.031797409057617,4.162646770477295,0.0005325177335180342,3.5936317443847656
2105,-5.702127659574472,94,83,0.8829787234042553,-24.92026138305664,35.70961380004883,0.0005323583609424531,1.4543644189834595
2106,-12.968847352024923,107,101,0.9403115264797508,12.350845336914062,14.074543952941895,0.0005325340898707509,2.0444490909576416
2107,-115.2063492063492,210,200,0.947936507936508,-27.655879974365234,41.0589714050293,0.0005312804132699966,4.085212707519531
2108,68.9090909090909,22,20,0.9090909090909091,6.870009422302246,6.258077621459961,0.0005307536339387298,1.0473990440368652
2109,-122.47772657450076,217,206,0.9452227342549924,-37.045780181884766,74.23714447021484,0.0005339309573173523,7.515134334564209
2110,43.73202614379085,51,49,0.9473202614379085,-25.473434448242188,62.140350341796875,0.0005421950481832027,11.499650955200195
2111,41.836601307189554,51,48,0.9283660130718955,-23.354066848754883,55.215660095214844,0.0005430286983028054,5.189761161804199
2112,46.90909090909091,44,40,0.9090909090909091,36.31850051879883,103.32270812988281,0.0005425934214144945,6.2384033203125
2113,-3.7526881720430083,93,83,0.8924731182795699,5.820037841796875,3.667290687561035,0.0005399134242907166,2.0116636753082275
2114,41.52564102564102,52,49,0.9352564102564103,18.172922134399414,36.40712356567383,0.0005397559143602848,2.8272323608398438
2115,-14.700305810397552,109,104,0.9429969418960245,48.9415168762207,172.94956970214844,0.0005422867834568024,6.755765914916992
2116,-1.782608695652172,92,83,0.9021739130434783,12.769021987915039,10.118924140930176,0.0005409981240518391,1.0163049697875977
2117,-118.6056338028169,213,202,0.943943661971831,36.30569839477539,65.71903991699219,0.000542395340744406,5.20428991317749
2118,43.888888888888886,45,40,0.8888888888888888,14.526270866394043,17.620290756225586,0.0005428835866041481,2.798419713973999
2119,63.95652173913044,23,20,0.8695652173913043,-10.970002174377441,11.349994659423828,0.0005446773138828576,5.54596471786499
2120,-16.573573573573583,111,105,0.9442642642642642,-0.7167827486991882,4.829284191131592,0.0005441382527351379,0.13337795436382294
2121,43.888888888888886,45,40,0.8888888888888888,-12.030257225036621,10.411967277526855,0.0005439107771962881,2.006788730621338
2122,-115.71090047393365,211,202,0.9528909952606635,-4.470441818237305,4.052367687225342,0.0005432008765637875,0.8569232821464539
2123,-3.7526881720430083,93,83,0.8924731182795699,-42.58612823486328,97.6961441040039,0.000541017681825906,6.396849155426025
2124,43.888888888888886,45,40,0.8888888888888888,-18.443172454833984,23.72376251220703,0.0005412413738667965,1.8658027648925781
2125,44.69333333333333,50,48,0.9469333333333333,-44.76458740234375,218.08848571777344,0.0005413727485574782,2.5138871669769287
2126,-1.782608695652172,92,83,0.9021739130434783,-17.720685958862305,18.77882957458496,0.000541331828571856,1.4313689470291138
2127,-12.769470404984418,107,101,0.9423052959501558,12.41681957244873,13.836870193481445,0.0005411970196291804,2.5436203479766846
2128,-3.7526881720430083,93,83,0.8924731182795699,-5.689375400543213,4.162298679351807,0.0005405625561252236,0.5276011824607849
2129,-5.702127659574472,94,83,0.8829787234042553,-7.8037004470825195,5.570227146148682,0.0005402711685746908,1.6104098558425903
2130,43.888888888888886,45,40,0.8888888888888888,64.67681121826172,289.7442932128906,0.0005660582683049142,20.618289947509766
2131,43.888888888888886,45,40,0.8888888888888888,64.47663116455078,302.35626220703125,0.000618745747487992,29.475589752197266
2132,-121.56481481481481,216,204,0.9443518518518519,-1.9276149272918701,3.1236958503723145,0.0006180821219459176,0.29442790150642395
2133,-5.702127659574472,94,83,0.8829787234042553,-10.97089672088623,8.5886812210083,0.0006179418996907771,0.4805915355682373
2134,46.90909090909091,44,40,0.9090909090909091,49.69144821166992,183.21945190429688,0.0006197532056830823,5.7764811515808105
2135,0.2087912087912116,91,83,0.9120879120879121,2.3104472160339355,2.724156141281128,0.0006197272450663149,0.9156593084335327
2136,-14.092592592592595,108,102,0.9390740740740741,-1.8977086544036865,4.40379524230957,0.0006196277681738138,0.8939796090126038
2137,46.90909090909091,44,40,0.9090909090909091,9.417232513427734,8.49064826965332,0.0006179724005050957,1.1317020654678345
2138,43.83660130718954,51,49,0.9483660130718954,-43.9821891784668,201.58599853515625,0.0006311569013632834,15.638744354248047
2139,-122.47772657450076,217,206,0.9452227342549924,-37.73871612548828,76.26245880126953,0.0006277025095187128,0.5721187591552734
2140,-12.271028037383175,107,102,0.9472897196261683,-6.267007827758789,6.919969081878662,0.0006177304894663393,0.5361258387565613
2141,-3.7526881720430083,93,83,0.8924731182795699,-29.64299201965332,47.92683029174805,0.0006185056990943849,4.031640529632568
2142,38.09090909090909,55,52,0.9309090909090909,-25.756622314453125,70.57656860351562,0.0006243397365324199,10.354402542114258
2143,41.52287581699346,51,48,0.9252287581699347,-16.189939498901367,27.33595085144043,0.0006053143297322094,10.618647575378418
2144,63.95652173913044,23,20,0.8695652173913043,18.53255271911621,37.179656982421875,0.0006069674273021519,7.6064534187316895
2145,-3.7526881720430083,93,83,0.8924731182795699,8.536118507385254,5.661623001098633,0.0006066799978725612,1.4274548292160034
2146,-11.943396226415103,106,100,0.940566037735849,59.46728515625,232.02703857421875,0.0006208284758031368,15.34322452545166
2147,63.95652173913044,23,20,0.8695652173913043,36.62442398071289,153.23020935058594,0.0006332393968477845,14.9829683303833
2148,40.95652173913044,46,40,0.8695652173913043,39.162044525146484,117.5493392944336,0.000641420076135546,11.989386558532715
2149,40.91025641025641,52,49,0.9291025641025641,12.247493743896484,15.564138412475586,0.0006158138858154416,1.4861949682235718
2150,-12.968847352024923,107,101,0.9403115264797508,21.933860778808594,32.396881103515625,0.0006172470166347921,4.96999454498291
2151,44.69333333333333,50,48,0.9469333333333333,-22.029544830322266,48.194297790527344,0.0006127216038294137,11.090938568115234
2152,0.2087912087912116,91,83,0.9120879120879121,-11.157947540283203,8.830923080444336,0.0006089382222853601,2.919935703277588
2153,63.95652173913044,23,20,0.8695652173913043,-12.395431518554688,16.03815460205078,0.0006083220359869301,2.7562716007232666
2154,-11.13968253968254,105,99,0.9386031746031746,-14.483540534973145,17.408422470092773,0.0006077775033190846,3.282447338104248
2155,-5.702127659574472,94,83,0.8829787234042553,-47.95819854736328,119.36061096191406,0.000607796071562916,2.9700613021850586
2156,-3.7526881720430083,93,83,0.8924731182795699,-37.11983871459961,73.9427719116211,0.0006079918821342289,1.768892526626587
2157,-3.7526881720430083,93,83,0.8924731182795699,-33.24544906616211,58.997615814208984,0.0006087477668188512,4.266366481781006
2158,63.95652173913044,23,20,0.8695652173913043,-6.29334831237793,4.103734016418457,0.0006084098131395876,1.0258132219314575
2159,-10.555555555555557,105,100,0.9444444444444444,9.142428398132324,8.472541809082031,0.0006085093482397497,1.6661183834075928
2160,41.52287581699346,51,48,0.9252287581699347,-26.30573081970215,64.92636108398438,0.0006107896915636957,6.515941143035889
2161,40.95652173913044,46,40,0.8695652173913043,9.937077522277832,7.835142612457275,0.0005063983844593167,3.404398202896118
2162,46.90909090909091,44,40,0.9090909090909091,41.464935302734375,132.5240478515625,0.000514442624989897,11.21590518951416
2163,41.01282051282051,52,49,0.9301282051282052,8.997566223144531,8.454446792602539,0.0005091042257845402,4.543861389160156
2164,-1.782608695652172,92,83,0.9021739130434783,6.870583534240723,4.199131488800049,0.0005035235080868006,1.3869677782058716
2165,-11.13968253968254,105,99,0.9386031746031746,29.127429962158203,59.7130012512207,0.0005166071932762861,15.750218391418457
2166,-14.456790123456784,108,102,0.9354320987654321,21.643508911132812,30.727689743041992,0.0004714590322691947,5.020070552825928
2167,0.2087912087912116,91,83,0.9120879120879121,5.038671970367432,3.303011894226074,0.000471399980597198,1.113847017288208
2168,43.888888888888886,45,40,0.8888888888888888,8.770557403564453,6.474196910858154,0.00044107611756771803,3.3339531421661377
2169,-123.91131498470948,218,206,0.9408868501529052,13.473543167114258,13.169364929199219,0.00044057611376047134,1.5116519927978516
2170,-115.03492063492064,210,200,0.9496507936507936,25.54436492919922,37.8197135925293,0.0004423700156621635,5.648345947265625
2171,46.90909090909091,44,40,0.9090909090909091,-0.6659967303276062,0.6817881464958191,0.00044222589349374175,0.7726278305053711
2172,-1.782608695652172,92,83,0.9021739130434783,-33.80289077758789,64.94287109375,0.0004425868974067271,3.686230182647705
2173,-3.7526881720430083,93,83,0.8924731182795699,-47.16915512084961,118.60807037353516,0.0004261651774868369,2.483186721801758
2174,-117.26100628930818,212,201,0.9473899371069182,-27.086822509765625,37.616050720214844,0.0004266210598871112,3.152709722518921
2175,68.9090909090909,22,20,0.9090909090909091,10.442808151245117,13.066258430480957,0.0004268120392225683,3.1713993549346924
2176,63.95652173913044,23,20,0.8695652173913043,-4.427171230316162,2.1202917098999023,0.00040625312249176204,2.7707715034484863
2177,38.09090909090909,55,52,0.9309090909090909,-51.93853759765625,288.7980651855469,0.0005511096096597612,48.82201385498047
2178,41.52287581699346,51,48,0.9252287581699347,-41.369380950927734,165.90621948242188,0.0006635612226091325,42.721832275390625
2179,43.888888888888886,45,40,0.8888888888888888,24.485004425048828,45.03753662109375,0.000667962827719748,8.448323249816895
2180,63.95652173913044,23,20,0.8695652173913043,27.926158905029297,87.0801773071289,0.0005917692906223238,20.753328323364258
2181,-112.46859903381642,207,196,0.9453140096618358,40.11176300048828,77.76457214355469,0.000592054333537817,5.5232439041137695
2182,-11.471698113207552,106,101,0.9452830188679245,64.84046173095703,274.7285461425781,0.0005919859395362437,1.2209519147872925
2183,-18.31547619047619,112,106,0.9368452380952381,54.78171920776367,207.2317352294922,0.0005966496537439525,9.91797161102295
2184,-3.7526881720430083,93,83,0.8924731182795699,8.3917236328125,5.38350248336792,0.0005901334225200117,1.0155006647109985
2185,63.95652173913044,23,20,0.8695652173913043,36.7972526550293,137.3444366455078,0.0005959721747785807,10.497221946716309
2186,-3.7526881720430083,93,83,0.8924731182795699,-9.955023765563965,7.323084354400635,0.000595893885474652,2.2287697792053223
2187,38.761006289308185,53,49,0.9176100628930818,9.288045883178711,9.03257942199707,0.0005963215953670442,3.5192666053771973
2188,44.69333333333333,50,48,0.9469333333333333,2.9636831283569336,3.0060462951660156,0.0005930608604103327,1.3399994373321533
2189,-1.782608695652172,92,83,0.9021739130434783,-28.501201629638672,41.59674835205078,0.0005944227450527251,7.970980644226074
2190,-5.702127659574472,94,83,0.8829787234042553,-52.805660247802734,144.38504028320312,0.0005489943432621658,8.303383827209473
2191,-18.41666666666667,112,105,0.9358333333333333,-48.22274398803711,168.0669708251953,0.0005541201680898666,12.029106140136719
2192,-11.13968253968254,105,99,0.9386031746031746,-36.28469467163086,89.8202133178711,0.0005550881614908576,5.8315653800964355
2193,-14.839506172839506,108,101,0.931604938271605,-38.71487808227539,101.09675598144531,0.0005624009645543993,11.286561965942383
2194,43.888888888888886,45,40,0.8888888888888888,8.358298301696777,7.583225727081299,0.0005583023303188384,0.5503162741661072
2195,68.9090909090909,22,20,0.9090909090909091,24.361013412475586,66.13783264160156,0.0005577329429797828,3.2440385818481445
2196,-3.7526881720430083,93,83,0.8924731182795699,-22.970529556274414,28.144193649291992,0.0005567827611230314,2.611468553543091
2197,43.888888888888886,45,40,0.8888888888888888,23.704851150512695,43.12948226928711,0.0005582682206295431,3.5241036415100098
2198,38.761006289308185,53,49,0.9176100628930818,-5.953510761260986,4.62977409362793,0.000557363557163626,0.5580349564552307
2199,63.95652173913044,23,20,0.8695652173913043,9.55931282043457,10.417542457580566,0.0005576767143793404,7.623301029205322
2200,-120.04672897196261,214,202,0.9395327102803739,-85.94622039794922,352.050537109375,0.0005600737640634179,5.038906574249268
2201,38.1063829787234,47,40,0.851063829787234,9.594051361083984,8.039182662963867,0.0005589072243310511,0.8033875226974487
2202,-17.309090909090912,110,103,0.9269090909090909,14.179451942443848,15.314637184143066,0.000560598389711231,3.961669445037842
2203,43.435374149659864,49,46,0.9243537414965987,9.061168670654297,9.856311798095703,0.0005609548534266651,3.8925516605377197
2204,68.9090909090909,22,20,0.9090909090909091,20.610206604003906,46.8425407409668,0.0005607742350548506,1.0072935819625854
2205,68.9090909090909,22,20,0.9090909090909091,14.701725006103516,26.12763023376465,0.0005627967766486108,5.204403877258301
2206,38.18787878787879,55,52,0.9318787878787879,12.230937004089355,15.184045791625977,0.0005622687749564648,1.9220105409622192
2207,-115.91428571428571,210,198,0.9408571428571428,17.517953872680664,17.39322853088379,0.0005633648834191263,4.123887538909912
2208,-3.7526881720430083,93,83,0.8924731182795699,-9.32371711730957,7.234957218170166,0.0005635531852021813,1.04572594165802
2209,-5.702127659574472,94,83,0.8829787234042553,-24.271455764770508,32.93959426879883,0.0005589169450104237,1.1030652523040771
2210,-14.092592592592595,108,102,0.9390740740740741,10.901002883911133,10.8544340133667,0.0005491594783961773,2.344032049179077
2211,-117.18553459119498,212,202,0.9481446540880503,22.79269790649414,30.143465042114258,0.0005551481735892594,10.153349876403809
2212,43.888888888888886,45,40,0.8888888888888888,-38.23988342285156,97.13052368164062,0.000554259866476059,3.832108974456787
2213,-7.631578947368411,95,83,0.8736842105263158,-45.582576751708984,109.90967559814453,0.0005629922379739583,10.662758827209473
2214,-123.91131498470948,218,206,0.9408868501529052,2.67571759223938,6.365813732147217,0.0005620570736937225,2.257349729537964
2215,63.95652173913044,23,20,0.8695652173913043,-39.73143768310547,169.09580993652344,0.0005834801704622805,18.586097717285156
2216,-14.092592592592595,108,102,0.9390740740740741,19.20068359375,27.65085220336914,0.0005862614489160478,5.880856513977051
2217,63.95652173913044,23,20,0.8695652173913043,-27.572219848632812,79.60684204101562,0.0005895941867493093,7.587071895599365
2218,-117.16037735849056,212,202,0.9483962264150944,25.63493537902832,33.98995590209961,0.0005889095482416451,0.5531874299049377
2219,43.888888888888886,45,40,0.8888888888888888,10.760799407958984,10.776243209838867,0.0005869569722563028,3.57405686378479
2220,41.52564102564102,52,49,0.9352564102564103,-5.338992595672607,3.5790581703186035,0.0005871704779565334,1.13660728931427
2221,-121.64197530864197,216,204,0.9435802469135802,-6.5640130043029785,6.72550106048584,0.0005869329907000065,1.063146948814392
2222,-120.04672897196261,214,202,0.9395327102803739,-13.368226051330566,12.417119026184082,0.0005869445158168674,0.7408127188682556
2223,38.09090909090909,55,52,0.9309090909090909,19.395891189575195,37.770599365234375,0.000597834587097168,14.259818077087402
2224,43.18300653594771,51,49,0.9418300653594771,12.926506042480469,17.056352615356445,0.0005996701656840742,4.944068908691406
2225,40.051282051282044,52,48,0.9205128205128205,-8.65885066986084,7.64144229888916,0.0005994839011691511,0.9490206837654114
2226,63.95652173913044,23,20,0.8695652173913043,9.894102096557617,12.030641555786133,0.0005999536952003837,2.8686227798461914
2227,-16.573573573573583,111,105,0.9442642642642642,28.15736198425293,52.09855651855469,0.0006001556757837534,3.197793483734131
2228,-16.47147147147146,111,106,0.9452852852852853,22.850955963134766,35.46821975708008,0.000603815249633044,7.006473064422607
2229,-1.782608695652172,92,83,0.9021739130434783,-3.2506461143493652,2.025242805480957,0.0006035476108081639,0.43725883960723877
2230,46.90909090909091,44,40,0.9090909090909091,-2.064915657043457,1.6349656581878662,0.0005785039975307882,1.7970304489135742
2231,68.9090909090909,22,20,0.9090909090909091,17.18681526184082,31.65923500061035,0.0005282622878439724,4.702178955078125
2232,40.91025641025641,52,49,0.9291025641025641,-64.23055267333984,401.75634765625,0.0006485229241661727,44.649269104003906
2233,40.95652173913044,46,40,0.8695652173913043,-23.982349395751953,38.51913833618164,0.0006487685604952276,1.6027545928955078
2234,46.3611111111111,48,46,0.9436111111111111,-24.084136962890625,50.487422943115234,0.0006880429573357105,25.231534957885742
2235,-1.782608695652172,92,83,0.9021739130434783,9.789938926696777,5.769245624542236,0.0006880346336401999,0.6488638520240784
2236,41.01282051282051,52,49,0.9301282051282052,39.402652740478516,140.7370147705078,0.0007168380543589592,22.02130126953125
2237,-1.782608695652172,92,83,0.9021739130434783,22.22118377685547,26.09471321105957,0.0007177825318649411,4.8058881759643555
2238,63.95652173913044,23,20,0.8695652173913043,36.08689880371094,129.7860870361328,0.0007105824770405889,10.874707221984863
2239,43.888888888888886,45,40,0.8888888888888888,57.661460876464844,252.9427490234375,0.0007450763951055706,23.31732940673828
2240,-120.12558139534883,215,204,0.9487441860465117,-32.78567123413086,55.90092849731445,0.0007458047475665808,3.7806830406188965
2241,44.69333333333333,50,48,0.9469333333333333,20.38058853149414,45.78013610839844,0.0007451879791915417,1.532203197479248
2242,2.2222222222222285,90,83,0.9222222222222223,15.01909351348877,12.732717514038086,0.0007389170350506902,0.3798675239086151
2243,46.3611111111111,48,46,0.9436111111111111,-26.25898551940918,63.775367736816406,0.0007694036467000842,24.82081413269043
2244,-14.839506172839506,108,101,0.931604938271605,-11.112492561340332,12.900918960571289,0.0007681064307689667,5.385102272033691
2245,63.95652173913044,23,20,0.8695652173913043,-1.1249507665634155,0.36615943908691406,0.0007680388516746461,0.8531544804573059
2246,63.95652173913044,23,20,0.8695652173913043,-3.069819688796997,1.1514866352081299,0.0007529392605647445,0.7909032106399536
2247,-12.769470404984418,107,101,0.9423052959501558,-7.3556623458862305,7.135339736938477,0.0007387340883724391,1.431143879890442
2248,42.85620915032679,51,48,0.938562091503268,-41.56486129760742,169.93307495117188,0.0007811373798176646,29.275074005126953
2249,-1.782608695652172,92,83,0.9021739130434783,-11.828513145446777,8.948416709899902,0.0007812561234459281,1.9277417659759521
2250,63.95652173913044,23,20,0.8695652173913043,3.818986654281616,2.3265814781188965,0.0007805426721461117,1.9878511428833008
2251,43.888888888888886,45,40,0.8888888888888888,22.86049461364746,39.36326599121094,0.0007733202655799687,4.137744426727295
2252,-122.47772657450076,217,206,0.9452227342549924,-0.28691816329956055,3.131049633026123,0.0007730031502433121,0.28359538316726685
2253,43.888888888888886,45,40,0.8888888888888888,33.40352249145508,83.83317565917969,0.0007743379683233798,4.575191974639893
2254,40.95652173913044,46,40,0.8695652173913043,21.39920425415039,32.75356674194336,0.0007737833657301962,3.0417933464050293
2255,-5.702127659574472,94,83,0.8829787234042553,-13.331916809082031,11.05731201171875,0.0007734860409982502,1.8788533210754395
2256,41.52287581699346,51,48,0.9252287581699347,-3.9368748664855957,2.458134174346924,0.000774803978856653,4.1236572265625
2257,35.52380952380952,56,52,0.9152380952380952,-3.6610617637634277,4.364079475402832,0.0007743583992123604,1.86793053150177
2258,46.90909090909091,44,40,0.9090909090909091,27.33458709716797,57.86997604370117,0.0007787086069583893,9.107447624206543
2259,38.32098765432099,54,51,0.9232098765432099,-12.46590805053711,16.550209045410156,0.0007797020953148603,3.9917259216308594
2260,41.3974358974359,52,49,0.933974358974359,-11.458089828491211,14.032916069030762,0.0007835826254449785,11.482685089111328
2261,-1.782608695652172,92,83,0.9021739130434783,0.08545258641242981,1.8237477540969849,0.0007832134724594653,0.38324350118637085
2262,-3.7526881720430083,93,83,0.8924731182795699,-7.079132556915283,4.4500861167907715,0.0007743165479041636,1.3189557790756226
2263,-118.6056338028169,213,202,0.943943661971831,17.68100929260254,18.814090728759766,0.0007731904624961317,2.511089324951172
2264,-117.36018957345972,211,198,0.9363981042654028,10.014336585998535,7.777822017669678,0.0007732709054835141,3.57020902633667
2265,41.836601307189554,51,48,0.9283660130718955,-6.825026988983154,4.923355579376221,0.0007558584911748767,0.9243607521057129
2266,-119.37245696400626,213,200,0.9362754303599374,-1.2276551723480225,2.454881429672241,0.0007549430592916906,0.7229340672492981
2267,63.95652173913044,23,20,0.8695652173913043,6.195838928222656,5.493776798248291,0.0007550535956397653,1.8720844984054565
2268,-5.702127659574472,94,83,0.8829787234042553,-10.245290756225586,7.903779983520508,0.0007555047050118446,2.5886025428771973
2269,63.95652173913044,23,20,0.8695652173913043,8.625826835632324,7.86592960357666,0.0007564947009086609,4.327136993408203
2270,-3.7526881720430083,93,83,0.8924731182795699,0.4703063666820526,1.8794119358062744,0.0007551871822215617,1.1679903268814087
2271,43.888888888888886,45,40,0.8888888888888888,30.110977172851562,63.0421142578125,0.0007562902173958719,4.7545905113220215
2272,-115.91428571428571,210,198,0.9408571428571428,-6.30755090713501,3.6993508338928223,0.0007560880621895194,1.1335800886154175
2273,-16.47147147147146,111,106,0.9452852852852853,21.927637100219727,34.361419677734375,0.0007555774063803256,1.0572649240493774
2274,43.888888888888886,45,40,0.8888888888888888,11.556718826293945,10.401676177978516,0.0007547082495875657,2.668611526489258
2275,-121.48372093023256,215,202,0.9351627906976744,-34.64830780029297,61.57194137573242,0.0007547132554464042,3.0899734497070312
2276,-3.7526881720430083,93,83,0.8924731182795699,-17.236547470092773,17.627534866333008,0.0007546384586021304,1.2600841522216797
2277,63.95652173913044,23,20,0.8695652173913043,-9.288922309875488,8.630843162536621,0.0006148456013761461,5.713369369506836
2278,63.95652173913044,23,20,0.8695652173913043,-11.002704620361328,10.492804527282715,0.0005026986473239958,7.760528564453125
2279,43.888888888888886,45,40,0.8888888888888888,-7.209249019622803,3.6976165771484375,0.0004992194008082151,0.8539807200431824
2280,-116.65560821484992,211,200,0.9434439178515008,2.870196580886841,2.7723424434661865,0.00047440765774808824,0.30053165555000305
2281,-123.0,217,204,0.94,-7.26814603805542,6.5061516761779785,0.0004734472604468465,3.5414180755615234
2282,-5.702127659574472,94,83,0.8829787234042553,-24.727109909057617,33.48517990112305,0.0004736346600111574,1.836732268333435
2283,-3.7526881720430083,93,83,0.8924731182795699,-12.589325904846191,9.930427551269531,0.00046822967124171555,0.3277655839920044
2284,63.95652173913044,23,20,0.8695652173913043,-4.225821495056152,1.934084177017212,0.0004685558087658137,2.2081310749053955
2285,68.9090909090909,22,20,0.9090909090909091,12.865233421325684,19.775253295898438,0.00046314887003973126,3.6031715869903564
2286,-12.271028037383175,107,102,0.9472897196261683,31.6927547454834,64.47978210449219,0.0004629663599189371,0.4122123122215271
2287,-117.93081761006289,212,200,0.9406918238993711,33.28508758544922,53.822105407714844,0.0004624825669452548,1.8218166828155518
2288,41.01282051282051,52,49,0.9301282051282052,-22.180063247680664,47.11331558227539,0.0004698248521890491,10.713152885437012
2289,-14.148148148148152,108,102,0.9385185185185185,16.749258041381836,20.053407669067383,0.00046611521975137293,1.1720235347747803
2290,43.888888888888886,45,40,0.8888888888888888,7.5124664306640625,4.855521202087402,0.0004625515721272677,3.1493401527404785
2291,42.294117647058826,51,48,0.9329411764705883,-18.864240646362305,33.20734405517578,0.0004578252846840769,8.211917877197266
2292,-3.7526881720430083,93,83,0.8924731182795699,-8.196798324584961,5.3610358238220215,0.00045587640488520265,1.460957407951355
2293,63.95652173913044,23,20,0.8695652173913043,4.1490478515625,2.4908785820007324,0.00044808254460804164,1.3751802444458008
2294,-3.7526881720430083,93,83,0.8924731182795699,-3.495554208755493,2.1143577098846436,0.00044813071144744754,0.9214549660682678
2295,43.888888888888886,45,40,0.8888888888888888,29.16049575805664,63.52996063232422,0.00044900798820890486,5.002437114715576
2296,43.888888888888886,45,40,0.8888888888888888,27.75393295288086,57.3242301940918,0.0004487338592298329,1.5506484508514404
2297,43.435374149659864,49,46,0.9243537414965987,-12.854681968688965,14.646812438964844,0.0004489657294470817,4.288961410522461
2298,-17.309090909090912,110,103,0.9269090909090909,3.5069594383239746,4.470098495483398,0.0004490090941544622,0.7869206666946411
2299,-3.7526881720430083,93,83,0.8924731182795699,-9.887276649475098,7.174924373626709,0.00044555452768690884,0.2577751874923706
2300,-5.702127659574472,94,83,0.8829787234042553,-20.343238830566406,22.436710357666016,0.0004444896476343274,3.177579879760742
2301,35.70238095238096,56,52,0.9170238095238096,-5.963581562042236,6.0691633224487305,0.0004448300751391798,2.6778385639190674
2302,43.888888888888886,45,40,0.8888888888888888,16.517515182495117,22.516340255737305,0.00044417238677851856,2.5179522037506104
2303,68.9090909090909,22,20,0.9090909090909091,17.436511993408203,34.48566436767578,0.00046833380474708974,20.441137313842773
2304,63.95652173913044,23,20,0.8695652173913043,-0.054360903799533844,0.25854626297950745,0.0004682991129811853,0.5795632004737854
2305,46.90909090909091,44,40,0.9090909090909091,20.78174591064453,34.3852424621582,0.00047063204692676663,7.821619510650635
2306,-14.092592592592595,108,102,0.9390740740740741,4.341388702392578,4.855900764465332,0.00047058178461156785,1.7474563121795654
2307,63.95652173913044,23,20,0.8695652173913043,-9.976107597351074,8.850829124450684,0.0004707103653345257,4.9948601722717285
2308,0.2087912087912116,91,83,0.9120879120879121,-6.1838884353637695,3.9372398853302,0.00047069808351807296,1.599209189414978
2309,68.9090909090909,22,20,0.9090909090909091,1.8968708515167236,0.9329490065574646,0.0004707146727014333,0.7219639420509338
2310,-115.91428571428571,210,198,0.9408571428571428,-30.52925682067871,47.39104080200195,0.0004718182608485222,4.378782749176025
2311,63.95652173913044,23,20,0.8695652173913043,-16.401540756225586,28.875930786132812,0.00046840900904498994,6.922624111175537
2312,68.9090909090909,22,20,0.9090909090909091,-1.0074292421340942,0.32545357942581177,0.0004676316457334906,0.4841349720954895
2313,-3.7526881720430083,93,83,0.8924731182795699,-24.713905334472656,33.44522476196289,0.0004608292074408382,3.5259883403778076
2314,63.95652173913044,23,20,0.8695652173913043,-14.963095664978027,19.785625457763672,0.00046749337343499064,10.662745475769043
2315,-125.85844748858447,219,204,0.9314155251141553,-25.3970947265625,36.4578742980957,0.0004457248724065721,3.2039873600006104
2316,-124.50764525993884,218,204,0.9349235474006116,-6.500223159790039,6.008859157562256,0.00044336816063150764,2.0657851696014404
2317,-10.047619047619051,105,100,0.9495238095238095,26.603307723999023,47.31359100341797,0.0004393618437461555,1.5760761499404907
2318,46.90909090909091,44,40,0.9090909090909091,17.231582641601562,23.131084442138672,0.00044038271880708635,3.372894287109375
2319,63.95652173913044,23,20,0.8695652173913043,-4.878269672393799,2.478754758834839,0.00044021039502695203,1.6401927471160889
2320,68.9090909090909,22,20,0.9090909090909091,10.066330909729004,12.343329429626465,0.0004407038795761764,3.0386269092559814
2321,-12.44654088050315,106,100,0.9355345911949685,17.472476959228516,20.913681030273438,0.00044282880844548345,5.578745365142822
2322,41.52564102564102,52,49,0.9352564102564103,-28.857616424560547,75.33064270019531,0.00044575048377737403,7.428007125854492
2323,46.90909090909091,44,40,0.9090909090909091,12.887446403503418,13.871367454528809,0.00043289890163578093,2.9776315689086914
2324,41.52564102564102,52,49,0.9352564102564103,-16.649457931518555,25.99466323852539,0.00043174505117349327,4.409256935119629
2325,-18.41666666666667,112,105,0.9358333333333333,23.78392219543457,39.94206619262695,0.00043187220580875874,1.0181164741516113
2326,46.90909090909091,44,40,0.9090909090909091,29.234130859375,64.60897827148438,0.0004321997403167188,2.764479637145996
2327,63.95652173913044,23,20,0.8695652173913043,-1.8409464359283447,0.4917142391204834,0.00043198312050662935,0.6819528937339783
2328,43.888888888888886,45,40,0.8888888888888888,13.368195533752441,14.533432960510254,0.0004297258274164051,4.299301624298096
2329,-3.7526881720430083,93,83,0.8924731182795699,-7.504972457885742,4.299866199493408,0.00042982984450645745,1.1114822626113892
2330,-113.96794871794873,208,196,0.9403205128205128,76.13126373291016,273.2821960449219,0.0004580356471706182,22.331043243408203
2331,-14.092592592592595,108,102,0.9390740740740741,6.610257625579834,4.139293193817139,0.0004578494990710169,4.238867282867432
2332,35.64242424242424,55,51,0.9064242424242425,-53.62702560424805,264.4491271972656,0.0004918604390695691,49.51665115356445
2333,-14.456790123456784,108,102,0.9354320987654321,-3.6309990882873535,3.433561086654663,0.0004917606129311025,1.0905101299285889
2334,35.52380952380952,56,52,0.9152380952380952,-17.087148666381836,34.00972366333008,0.0004521610972005874,2.8627312183380127
2335,63.95652173913044,23,20,0.8695652173913043,9.32353687286377,9.264867782592773,0.0004534739418886602,4.452172756195068
2336,46.90909090909091,44,40,0.9090909090909091,45.19876480102539,149.18478393554688,0.0004278415290173143,7.571189880371094
2337,-12.582554517133957,107,102,0.9441744548286605,22.08885955810547,32.183197021484375,0.0004271831421647221,2.9836483001708984
2338,40.95652173913044,46,40,0.8695652173913043,23.454639434814453,40.8119010925293,0.00042043079156428576,3.7195353507995605
2339,40.95652173913044,46,40,0.8695652173913043,18.81344223022461,26.347898483276367,0.00038759884773753583,2.946214437484741
2340,42.85620915032679,51,48,0.938562091503268,2.803860902786255,1.5091134309768677,0.00038698004209436476,1.7646279335021973
2341,-1.782608695652172,92,83,0.9021739130434783,-13.891221046447754,11.977862358093262,0.00038761564064770937,3.455264091491699
2342,-118.63067292644757,213,202,0.9436932707355242,-61.961944580078125,192.2520751953125,0.00039130778168328106,7.653445243835449
2343,-115.2063492063492,210,200,0.947936507936508,-44.09362030029297,97.45326232910156,0.00035768107045441866,8.541873931884766
2344,-5.702127659574472,94,83,0.8829787234042553,-33.58855438232422,59.14106369018555,0.0003569104883354157,3.9640018939971924
2345,38.257861635220124,53,49,0.9125786163522013,-20.97475242614746,45.28470230102539,0.00035811690031550825,4.445352077484131
2346,41.836601307189554,51,48,0.9283660130718955,-2.9710867404937744,1.4360451698303223,0.0003580657939892262,0.23615871369838715
2347,63.95652173913044,23,20,0.8695652173913043,8.328758239746094,8.781514167785645,0.0003614379675127566,7.659878730773926
2348,-14.092592592592595,108,102,0.9390740740740741,29.188568115234375,56.048362731933594,0.00030791855533607304,1.941365122795105
2349,-11.13968253968254,105,99,0.9386031746031746,36.31741714477539,84.59458923339844,0.00031328864861279726,9.094518661499023
2350,43.435374149659864,49,46,0.9243537414965987,23.143604278564453,50.857391357421875,0.00031324135488830507,1.7395302057266235
2351,-15.45871559633028,109,103,0.9354128440366972,22.724000930786133,35.15055465698242,0.0003166896349284798,8.271953582763672
2352,68.9090909090909,22,20,0.9090909090909091,15.093794822692871,26.915264129638672,0.00031716833473183215,3.168182373046875
2353,40.91025641025641,52,49,0.9291025641025641,-6.2838454246521,4.818065166473389,0.00031616276828572154,1.896681547164917
2354,-115.91428571428571,210,198,0.9408571428571428,55.676578521728516,141.73623657226562,0.0003213426098227501,9.56425952911377
2355,-5.702127659574472,94,83,0.8829787234042553,-39.213008880615234,79.55233764648438,0.0003232923336327076,6.188155174255371
2356,38.09090909090909,55,52,0.9309090909090909,-34.108734130859375,123.73171997070312,0.0003229473368264735,3.247326612472534
2357,43.888888888888886,45,40,0.8888888888888888,-8.643603324890137,5.4314985275268555,0.00032326250220648944,2.497349977493286
2358,68.9090909090909,22,20,0.9090909090909091,1.117546796798706,0.47875431180000305,0.0003179169143550098,0.29773351550102234
2359,50.02325581395348,43,40,0.9302325581395349,26.40202522277832,54.47956085205078,0.0003183959925081581,4.555545806884766
2360,-123.0,217,204,0.94,-4.465304851531982,7.9159979820251465,0.00031059200409799814,3.1489436626434326
2361,-13.35514018691589,107,101,0.9364485981308411,-15.789088249206543,21.334505081176758,0.000312334654154256,5.577159881591797
2362,35.64242424242424,55,51,0.9064242424242425,-25.005817413330078,62.214561462402344,0.00037523190258070827,32.47496032714844
2363,63.95652173913044,23,20,0.8695652173913043,-6.278637886047363,3.9400668144226074,0.0003751666808966547,2.1517934799194336
2364,40.91025641025641,52,49,0.9291025641025641,11.984323501586914,13.708757400512695,0.0003781293344218284,7.8759379386901855
2365,-5.702127659574472,94,83,0.8829787234042553,-21.798383712768555,26.708314895629883,0.000378666736651212,3.309913396835327
2366,-112.46859903381642,207,196,0.9453140096618358,27.122934341430664,36.59790802001953,0.0003869369684252888,11.665932655334473
2367,43.888888888888886,45,40,0.8888888888888888,46.8066291809082,158.7907257080078,0.00045015980140306056,32.06977844238281
2368,41.01282051282051,52,49,0.9301282051282052,25.141481399536133,58.74928665161133,0.0004513352469075471,4.899116516113281
2369,41.836601307189554,51,48,0.9283660130718955,2.713833808898926,1.4323655366897583,0.0004499794449657202,0.38263338804244995
2370,40.95652173913044,46,40,0.8695652173913043,0.11875876039266586,0.3599971830844879,0.0004498847993090749,0.507668673992157
2371,63.95652173913044,23,20,0.8695652173913043,-9.500486373901367,9.503829002380371,0.00044844590593129396,1.8643646240234375
2372,-1.782608695652172,92,83,0.9021739130434783,-28.990581512451172,45.41543197631836,0.00044886604882776737,2.076932668685913
2373,43.435374149659864,49,46,0.9243537414965987,-61.39069366455078,367.59661865234375,0.0005493178614415228,41.149662017822266
2374,46.90909090909091,44,40,0.9090909090909091,9.758456230163574,8.213184356689453,0.0005484860739670694,1.1466007232666016
2375,41.01282051282051,52,49,0.9301282051282052,-14.718697547912598,21.261470794677734,0.0005497589008882642,7.197183609008789
2376,43.888888888888886,45,40,0.8888888888888888,26.07415771484375,50.81363296508789,0.0005542599246837199,7.649997234344482
2377,43.888888888888886,45,40,0.8888888888888888,35.65057373046875,90.88440704345703,0.0005592357483692467,11.175217628479004
2378,68.9090909090909,22,20,0.9090909090909091,27.32748794555664,87.52680969238281,0.0005578178097493947,5.8215250968933105
2379,-16.47147147147146,111,106,0.9452852852852853,2.7109012603759766,3.673823595046997,0.0005577798583544791,0.6210047006607056
2380,-109.59186991869919,205,196,0.9540813008130081,-26.1781005859375,34.321048736572266,0.0005585793987847865,3.262798309326172
2381,40.95652173913044,46,40,0.8695652173913043,18.509376525878906,25.764209747314453,0.000562199333216995,8.029046058654785
2382,43.888888888888886,45,40,0.8888888888888888,25.09035301208496,48.17982482910156,0.0005635540001094341,6.325075149536133
2383,43.435374149659864,49,46,0.9243537414965987,-16.856952667236328,25.089677810668945,0.000575409852899611,15.097978591918945
2384,44.69333333333333,50,48,0.9469333333333333,-3.081118106842041,1.8251597881317139,0.0005756912869401276,1.283097505569458
2385,41.01282051282051,52,49,0.9301282051282052,-9.320014953613281,9.995141983032227,0.0005752599681727588,0.7912532687187195
2386,43.888888888888886,45,40,0.8888888888888888,15.12979793548584,17.58224868774414,0.0005761231295764446,2.615370273590088
2387,46.90909090909091,44,40,0.9090909090909091,25.014389038085938,48.449893951416016,0.0005804139073006809,7.723698616027832
2388,63.95652173913044,23,20,0.8695652173913043,-6.174734115600586,4.1289167404174805,0.000576899794396013,5.026077747344971
2389,-120.12558139534883,215,204,0.9487441860465117,-32.16873550415039,54.80341720581055,0.0005798269412480295,6.890244007110596
2390,-3.7526881720430083,93,83,0.8924731182795699,-24.91865348815918,32.98680114746094,0.0005789196002297103,0.6333931088447571
2391,-120.12558139534883,215,204,0.9487441860465117,-13.437760353088379,12.544239044189453,0.0005741821951232851,1.9704021215438843
2392,-11.943396226415103,106,100,0.940566037735849,-1.2754719257354736,2.4304676055908203,0.0005747053655795753,2.727023124694824
2393,-3.7526881720430083,93,83,0.8924731182795699,-18.283445358276367,18.668407440185547,0.0005747361574321985,0.8443229794502258
2394,-117.18553459119498,212,202,0.9481446540880503,27.548173904418945,38.06340408325195,0.0005755976890213788,3.7231223583221436
2395,63.95652173913044,23,20,0.8695652173913043,-10.553132057189941,12.087224006652832,0.0005761448410339653,5.526796817779541
2396,-3.7526881720430083,93,83,0.8924731182795699,-12.193367004394531,9.281465530395508,0.0005761717911809683,1.0854252576828003
2397,-10.688888888888883,105,100,0.9431111111111111,17.425806045532227,22.478599548339844,0.0005756109021604061,5.398192882537842
2398,-14.839506172839506,108,101,0.931604938271605,8.353561401367188,6.651467323303223,0.0005764131201431155,2.538081645965576
2399,68.9090909090909,22,20,0.9090909090909091,7.80488920211792,7.7031402587890625,0.0005766081158071756,2.975785732269287
2400,-1.782608695652172,92,83,0.9021739130434783,-1.7085016965866089,1.882343053817749,0.0005759320338256657,0.21403583884239197
2401,-1.782608695652172,92,83,0.9021739130434783,-3.1145336627960205,2.023749351501465,0.0005750621203333139,1.4206466674804688
2402,41.52564102564102,52,49,0.9352564102564103,-13.29688549041748,17.878215789794922,0.0005769550916738808,4.758222579956055
2403,-1.782608695652172,92,83,0.9021739130434783,-1.4442739486694336,1.4621236324310303,0.0005484510911628604,0.5024899840354919
2404,-118.6056338028169,213,202,0.943943661971831,32.584388732910156,51.88204574584961,0.0005485923029482365,2.323533296585083
2405,63.95652173913044,23,20,0.8695652173913043,-5.398012161254883,2.7432291507720947,0.000546223483979702,2.538604497909546
2406,-14.700305810397552,109,104,0.9429969418960245,14.653138160705566,16.605276107788086,0.000549695105291903,9.376422882080078
2407,63.95652173913044,23,20,0.8695652173913043,-2.7886745929718018,0.9125842452049255,0.000548261683434248,1.1655226945877075
2408,-18.31547619047619,112,106,0.9368452380952381,3.8049633502960205,3.98270320892334,0.0005480984109453857,0.08677984774112701
2409,63.95652173913044,23,20,0.8695652173913043,-1.466570258140564,0.3822200894355774,0.0005483018467202783,0.6379185914993286
2410,43.888888888888886,45,40,0.8888888888888888,12.363415718078613,12.676968574523926,0.0005478848470374942,1.4205517768859863
2411,-10.320754716981128,106,102,0.9567924528301887,15.684367179870605,18.31694221496582,0.0005526641034521163,10.867542266845703
2412,-16.573573573573583,111,105,0.9442642642642642,-3.5677690505981445,3.7760229110717773,0.0005531880306079984,3.971571922302246
2413,46.90909090909091,44,40,0.9090909090909091,11.258169174194336,11.454830169677734,0.0005528252804651856,4.187321662902832
2414,-5.702127659574472,94,83,0.8829787234042553,-35.36735916137695,64.59439849853516,0.000547453761100769,5.097048759460449
2415,46.90909090909091,44,40,0.9090909090909091,2.701050043106079,1.478830337524414,0.0005472832126542926,0.8638193607330322
2416,-14.148148148148152,108,102,0.9385185185185185,-18.27408218383789,26.209814071655273,0.0005471095209941268,1.6403037309646606
2417,41.01282051282051,52,49,0.9301282051282052,-42.01976776123047,166.6772003173828,0.0005539868143387139,12.284843444824219
2418,68.9090909090909,22,20,0.9090909090909091,14.452677726745605,26.660751342773438,0.0005565113388001919,8.168893814086914
2419,-3.7526881720430083,93,83,0.8924731182795699,-15.899563789367676,14.00468635559082,0.0005567257758229971,1.1862446069717407
2420,-14.148148148148152,108,102,0.9385185185185185,6.813322067260742,5.47250509262085,0.000557179213501513,4.874329566955566
2421,-120.2031007751938,215,204,0.947968992248062,-22.481876373291016,29.347875595092773,0.0005563818849623203,3.1312639713287354
2422,63.95652173913044,23,20,0.8695652173913043,17.18058967590332,28.060653686523438,0.0005592589150182903,11.615909576416016
2423,-10.688888888888883,105,100,0.9431111111111111,32.407920837402344,68.93791198730469,0.0005604175385087729,3.093831777572632
2424,63.95652173913044,23,20,0.8695652173913043,17.671598434448242,37.47488784790039,0.0005614507244899869,8.429614067077637
2425,41.836601307189554,51,48,0.9283660130718955,30.83966636657715,101.09730529785156,0.0005620266892947257,4.791949272155762
2426,63.95652173913044,23,20,0.8695652173913043,4.562251091003418,3.090717315673828,0.0005620233714580536,1.9024754762649536
2427,63.95652173913044,23,20,0.8695652173913043,-2.2982404232025146,0.6449018120765686,0.0005620648735202849,0.5054055452346802
2428,-3.7526881720430083,93,83,0.8924731182795699,-18.167421340942383,18.15483856201172,0.0005615527043119073,2.4295384883880615
2429,43.888888888888886,45,40,0.8888888888888888,0.7161000967025757,0.5015426874160767,0.0005617772694677114,0.425331711769104
2430,43.888888888888886,45,40,0.8888888888888888,-7.921669006347656,4.352975845336914,0.000526884978171438,1.6497139930725098
2431,-109.59186991869919,205,196,0.9540813008130081,-1.1569828987121582,2.95383358001709,0.0005267512751743197,0.24447917938232422
2432,-115.2063492063492,210,200,0.947936507936508,-15.595990180969238,15.205036163330078,0.00038494751788675785,1.6757724285125732
2433,43.888888888888886,45,40,0.8888888888888888,-24.27605438232422,40.20962142944336,0.0003881232987623662,8.471890449523926
2434,43.888888888888886,45,40,0.8888888888888888,-19.757570266723633,28.202348709106445,0.0003870447399094701,1.1874860525131226
2435,-5.702127659574472,94,83,0.8829787234042553,-39.82365798950195,81.82852935791016,0.00039321742951869965,10.076857566833496
2436,-11.471698113207552,106,101,0.9452830188679245,-1.8856192827224731,2.4379703998565674,0.0003911269304808229,1.3504871129989624
2437,-115.2063492063492,210,200,0.947936507936508,18.26418113708496,18.587499618530273,0.0003913235559593886,4.001218795776367
2438,-114.46411483253588,209,198,0.9453588516746412,20.979801177978516,22.169286727905273,0.0004029770498163998,12.807856559753418
2439,38.369696969696975,55,52,0.9336969696969697,4.2100419998168945,4.044909477233887,0.00040235440246760845,1.277816653251648
2440,-114.46411483253588,209,198,0.9453588516746412,12.085074424743652,8.746170043945312,0.000402385659981519,0.5383676290512085
2441,35.70238095238096,56,52,0.9170238095238096,0.14919359982013702,3.6662230491638184,0.00040319605614058673,5.43506383895874
2442,43.888888888888886,45,40,0.8888888888888888,17.803462982177734,24.045745849609375,0.00040121402707882226,4.321719646453857
2443,40.95652173913044,46,40,0.8695652173913043,3.771223783493042,1.4050023555755615,0.000395881972508505,1.0281420946121216
2444,-10.688888888888883,105,100,0.9431111111111111,4.941065311431885,4.854475021362305,0.00039454136276617646,1.1787298917770386
2445,68.9090909090909,22,20,0.9090909090909091,4.8445048332214355,3.1028900146484375,0.00039260354242287576,1.2008386850357056
2446,68.9090909090909,22,20,0.9090909090909091,3.1787304878234863,1.702340006828308,0.00039250776171684265,1.808574914932251
2447,-18.31547619047619,112,106,0.9368452380952381,-15.68972110748291,22.441450119018555,0.0003960191970691085,11.19683837890625
2448,-12.44654088050315,106,100,0.9355345911949685,-13.034899711608887,14.339086532592773,0.0003973586717620492,6.446188449859619
2449,38.761006289308185,53,49,0.9176100628930818,-34.5536994934082,120.39736938476562,0.00039313934394158423,7.987478733062744
2450,40.95652173913044,46,40,0.8695652173913043,-0.12608779966831207,0.22093723714351654,0.0003933153348043561,0.515080988407135
2451,-115.03492063492064,210,200,0.9496507936507936,-24.005861282348633,33.01578140258789,0.0003888908540830016,3.9837048053741455
2452,38.369696969696975,55,52,0.9336969696969697,30.993946075439453,92.4879379272461,0.00040613231249153614,15.521340370178223
2453,43.888888888888886,45,40,0.8888888888888888,33.577880859375,87.33746337890625,0.00041185729787684977,8.485442161560059
2454,41.062893081761004,53,51,0.94062893081761,20.49796485900879,44.30758285522461,0.00040967424865812063,7.535625457763672
2455,-11.081761006289312,106,101,0.9491823899371069,16.483062744140625,20.051593780517578,0.00040894263656809926,2.163508415222168
2456,41.52287581699346,51,48,0.9252287581699347,-29.286699295043945,93.54042053222656,0.0004093117022421211,2.084233283996582
2457,43.888888888888886,45,40,0.8888888888888888,-3.9024903774261475,1.5342804193496704,0.0004085962427780032,0.44661012291908264
2458,-10.688888888888883,105,100,0.9431111111111111,1.245813250541687,2.4962987899780273,0.00040854726103134453,1.9245561361312866
2459,68.9090909090909,22,20,0.9090909090909091,-1.5661258697509766,0.44388461112976074,0.00040670408634468913,0.7546392679214478
2460,43.888888888888886,45,40,0.8888888888888888,-6.366950988769531,3.2519781589508057,0.0004059802449773997,0.7859665155410767
2461,41.52564102564102,52,49,0.9352564102564103,-29.564186096191406,85.48596954345703,0.0004214711079839617,17.76025390625
2462,-11.13968253968254,105,99,0.9386031746031746,5.946671485900879,4.073512077331543,0.00036236763116903603,2.6265878677368164
2463,-5.702127659574472,94,83,0.8829787234042553,-18.53376007080078,18.5304012298584,0.000362948834663257,3.9900436401367188
2464,63.95652173913044,23,20,0.8695652173913043,-1.969989538192749,0.5741711854934692,0.0003586749662645161,0.7284819483757019
2465,45.733333333333334,50,48,0.9573333333333334,33.137229919433594,108.72673034667969,0.0003601684293244034,4.820522785186768
2466,-115.03492063492064,210,200,0.9496507936507936,8.673432350158691,4.779041290283203,0.0003519588790368289,0.9991968274116516
2467,-121.05246913580247,216,206,0.9494753086419753,-6.370067596435547,5.175329685211182,0.0002880055399145931,1.1069040298461914
2468,68.9090909090909,22,20,0.9090909090909091,13.341578483581543,21.229358673095703,0.00029234206886030734,8.614340782165527
2469,-14.700305810397552,109,104,0.9429969418960245,13.419995307922363,14.099708557128906,0.00029325115610845387,3.0934207439422607
2470,40.91358024691358,54,52,0.9491358024691358,10.065317153930664,11.569138526916504,0.0002936871605925262,4.102561950683594
2471,-14.641975308641975,108,101,0.9335802469135802,-2.536771774291992,2.6487481594085693,0.0002933603245764971,0.7290903329849243
2472,-5.702127659574472,94,83,0.8829787234042553,-29.071550369262695,45.5084228515625,0.0002940302365459502,3.521787643432617
2473,41.01282051282051,52,49,0.9301282051282052,-34.62184524536133,124.45053100585938,0.00019448637613095343,2.60215163230896
2474,-5.702127659574472,94,83,0.8829787234042553,-27.086143493652344,39.21363067626953,0.00019445976067800075,0.7829262614250183
2475,-1.782608695652172,92,83,0.9021739130434783,-3.314786911010742,1.5204112529754639,0.00019181430980097502,0.7309055328369141
2476,41.062893081761004,53,51,0.94062893081761,8.822633743286133,8.479940414428711,0.00019130909640807658,7.11796236038208
2477,-123.0,217,204,0.94,-15.799736976623535,15.565445899963379,0.00018628095858730376,6.336160182952881
2478,-3.7526881720430083,93,83,0.8924731182795699,0.7512648105621338,1.0845195055007935,0.00018444987654220313,0.42121422290802
2479,-16.47147147147146,111,106,0.9452852852852853,29.70547103881836,59.75897979736328,0.00019092948059551418,9.799163818359375
2480,-5.702127659574472,94,83,0.8829787234042553,-3.4584121704101562,1.3547059297561646,0.0001902467483887449,0.17331121861934662
2481,63.95652173913044,23,20,0.8695652173913043,4.968721389770508,3.567039728164673,0.00018615312001202255,1.5246423482894897
2482,43.888888888888886,45,40,0.8888888888888888,38.61469268798828,110.94770812988281,0.00018773594638332725,7.403499126434326
2483,-1.782608695652172,92,83,0.9021739130434783,9.395430564880371,5.2597126960754395,0.00017423470853827894,1.1392236948013306
2484,43.888888888888886,45,40,0.8888888888888888,20.124433517456055,32.12409591674805,0.000176817033207044,6.471392631530762
2485,40.95652173913044,46,40,0.8695652173913043,-2.755535125732422,0.7862714529037476,0.00017678526637610048,0.17719681560993195
2486,-1.782608695652172,92,83,0.9021739130434783,-7.42310905456543,3.981379747390747,0.00017640358419157565,1.0780107975006104
2487,63.95652173913044,23,20,0.8695652173913043,-21.986358642578125,46.81459426879883,0.00018664934032130986,15.457140922546387
2488,-118.7601246105919,214,204,0.952398753894081,1.1050634384155273,3.486250162124634,0.0001848239917308092,0.2007678896188736
2489,43.888888888888886,45,40,0.8888888888888888,-19.335596084594727,27.058944702148438,0.00018728508439380676,8.908141136169434
2490,-5.702127659574472,94,83,0.8829787234042553,-35.45820999145508,67.04898071289062,0.00018752776668407023,2.037280321121216
2491,-11.943396226415103,106,100,0.940566037735849,-5.687328338623047,4.662303924560547,0.0001882515352917835,4.483602523803711
2492,42.294117647058826,51,48,0.9329411764705883,-42.7444953918457,177.8857879638672,0.00023106364824343473,27.094133377075195
2493,-12.271028037383175,107,102,0.9472897196261683,14.164029121398926,15.224703788757324,0.00023120056721381843,1.030746579170227
2494,63.95652173913044,23,20,0.8695652173913043,0.6023366451263428,0.3688493072986603,0.000230501958867535,0.9888551831245422
2495,0.2087912087912116,91,83,0.9120879120879121,21.723957061767578,25.151123046875,0.00022848002845421433,1.778049349784851
2496,43.888888888888886,45,40,0.8888888888888888,47.40959167480469,158.32960510253906,0.00023690180387347937,11.493329048156738
2497,42.85620915032679,51,48,0.938562091503268,36.19745635986328,129.6559295654297,0.0002512506034690887,15.446834564208984
2498,-10.880503144654085,106,101,0.9511949685534591,32.816829681396484,74.1966781616211,0.0002565447648521513,10.286896705627441
2499,63.95652173913044,23,20,0.8695652173913043,2.4732072353363037,1.1994770765304565,0.00025621778331696987,0.4992768168449402
2500,-120.2031007751938,215,204,0.947968992248062,-7.348151683807373,4.769725322723389,0.0002566673210822046,2.167355537414551
2501,-122.47772657450076,217,206,0.9452227342549924,-22.879770278930664,30.474109649658203,0.00025686650769785047,1.526062250137329
2502,-1.782608695652172,92,83,0.9021739130434783,-19.94818687438965,21.760887145996094,0.00025528896367177367,1.8230736255645752
2503,43.888888888888886,45,40,0.8888888888888888,-24.27474021911621,41.47700119018555,0.00025764218298718333,6.890508651733398
2504,-111.00970873786409,206,196,0.9499029126213592,1.0414854288101196,4.104947566986084,0.0002575514081399888,1.993422269821167
2505,-109.54634146341463,205,196,0.9545365853658536,12.451204299926758,13.144989013671875,0.0002575764956418425,1.7008484601974487
2506,-1.782608695652172,92,83,0.9021739130434783,-25.954851150512695,37.81930923461914,0.00025380111765116453,3.5234787464141846
2507,-16.573573573573583,111,105,0.9442642642642642,-19.194738388061523,27.727664947509766,0.00025365877081640065,0.8129453063011169
2508,-117.16037735849056,212,202,0.9483962264150944,-1.764247179031372,2.874849796295166,0.00025368513888679445,1.078847050666809
2509,-121.05246913580247,216,206,0.9494753086419753,-1.3765791654586792,3.4822146892547607,0.00025410865782760084,2.349877119064331
2510,40.91025641025641,52,49,0.9291025641025641,-45.126182556152344,215.8474578857422,0.0002586391638033092,9.210505485534668
2511,43.888888888888886,45,40,0.8888888888888888,3.500424861907959,1.5511964559555054,0.00025169228320010006,0.9230030179023743
2512,41.52564102564102,52,49,0.9352564102564103,2.45127534866333,0.8887485861778259,0.00025090196868404746,0.61248779296875
2513,-121.04012345679013,216,206,0.9495987654320988,37.01604461669922,69.3967514038086,0.0002510602935217321,5.095963001251221
2514,68.9090909090909,22,20,0.9090909090909091,30.85136604309082,107.9483642578125,0.0002619993465486914,13.748859405517578
2515,-1.782608695652172,92,83,0.9021739130434783,15.710728645324707,13.357175827026367,0.00026209893985651433,1.7044860124588013
2516,63.95652173913044,23,20,0.8695652173913043,18.949399948120117,39.728675842285156,0.000265922280959785,7.737035274505615
2517,-114.46411483253588,209,198,0.9453588516746412,22.680105209350586,27.32417106628418,0.00025715408264659345,1.3903274536132812
2518,43.83660130718954,51,49,0.9483660130718954,38.40275955200195,150.9097137451172,0.00025976571487262845,10.502562522888184
2519,43.888888888888886,45,40,0.8888888888888888,28.200748443603516,58.89118957519531,0.00026330407126806676,8.025538444519043
2520,-112.46859903381642,207,196,0.9453140096618358,-22.246774673461914,27.69980239868164,0.00026225787587463856,1.526232123374939
2521,-3.7526881720430083,93,83,0.8924731182795699,-27.42967414855957,40.495174407958984,0.00026251847157254815,3.674633264541626
2522,63.95652173913044,23,20,0.8695652173913043,-12.977011680603027,16.618616104125977,0.0002544959424994886,2.7728469371795654
2523,46.3611111111111,48,46,0.9436111111111111,-69.52757263183594,483.2235412597656,0.000265380454948172,13.397768020629883
2524,43.18300653594771,51,49,0.9418300653594771,-40.924888610839844,178.87509155273438,0.00027519388822838664,14.978720664978027
2525,43.888888888888886,45,40,0.8888888888888888,11.128376007080078,10.807635307312012,0.00027400662656873465,2.0179522037506104
2526,41.062893081761004,53,51,0.94062893081761,24.244346618652344,61.0147590637207,0.0002989451459143311,20.361494064331055
2527,-12.769470404984418,107,101,0.9423052959501558,21.338626861572266,32.354766845703125,0.0002993241068907082,2.3193881511688232
2528,68.9090909090909,22,20,0.9090909090909091,43.22052001953125,202.05462646484375,0.0003022827731911093,7.303276062011719
2529,44.373333333333335,50,48,0.9437333333333333,45.81972885131836,212.7088623046875,0.0003411067882552743,25.48328971862793
2530,42.294117647058826,51,48,0.9329411764705883,22.594573974609375,54.03611373901367,0.00034087777021341026,0.7719067335128784
2531,63.95652173913044,23,20,0.8695652173913043,9.339728355407715,10.499576568603516,0.0003411026846151799,1.9925659894943237
2532,46.3611111111111,48,46,0.9436111111111111,-28.187971115112305,82.48172760009766,0.00036989044747315347,22.267065048217773
2533,63.95652173913044,23,20,0.8695652173913043,-3.3409829139709473,1.2788920402526855,0.00036467524478212,1.5063546895980835
2534,-10.688888888888883,105,100,0.9431111111111111,-20.173389434814453,30.266891479492188,0.0003678962530102581,6.681164264678955
2535,-9.541666666666657,96,83,0.8645833333333334,-63.04875564575195,201.93093872070312,0.00036565185291692615,8.084912300109863
2536,63.95652173913044,23,20,0.8695652173913043,-7.924496650695801,6.710732460021973,0.0003657985362224281,2.23138427734375
2537,63.95652173913044,23,20,0.8695652173913043,-6.655505180358887,4.587018013000488,0.00036446593003347516,1.5118663311004639
2538,46.90909090909091,44,40,0.9090909090909091,-3.017146348953247,1.1670069694519043,0.0003556789888534695,0.8962797522544861
2539,-3.7526881720430083,93,83,0.8924731182795699,-26.64541244506836,38.52006530761719,0.00035604860750027,3.2158684730529785
2540,40.95652173913044,46,40,0.8695652173913043,-15.197787284851074,16.40299415588379,0.00035860532079823315,7.267930507659912
2541,63.95652173913044,23,20,0.8695652173913043,3.7328412532806396,2.08866024017334,0.00035651266807690263,1.4240093231201172
2542,-3.7526881720430083,93,83,0.8924731182795699,-14.77254581451416,12.167614936828613,0.00035503963590599597,1.9912668466567993
2543,-1.782608695652172,92,83,0.9021739130434783,-2.144207715988159,1.223388910293579,0.0003551800036802888,0.7418587803840637
2544,63.95652173913044,23,20,0.8695652173913043,12.195527076721191,17.61867332458496,0.0003553788410499692,1.9202035665512085
2545,59.33333333333334,24,20,0.8333333333333334,-0.35024434328079224,0.3700847923755646,0.0003553905989974737,1.3791359663009644
2546,-112.46859903381642,207,196,0.9453140096618358,-32.846736907958984,54.90434646606445,0.0003567518724594265,6.266607761383057
2547,43.18300653594771,51,49,0.9418300653594771,17.72739601135254,31.23639488220215,0.00034772997605614364,2.4950389862060547
2548,-3.7526881720430083,93,83,0.8924731182795699,3.2215781211853027,1.2290817499160767,0.0003446142072789371,1.262653112411499
2549,46.3611111111111,48,46,0.9436111111111111,9.575295448303223,9.705836296081543,0.0003399500565137714,3.944133758544922
2550,-14.148148148148152,108,102,0.9385185185185185,23.32053565979004,35.25632858276367,0.00034154317108914256,6.411518096923828
2551,43.888888888888886,45,40,0.8888888888888888,19.54102325439453,28.886476516723633,0.0003405683964956552,1.6529971361160278
2552,63.95652173913044,23,20,0.8695652173913043,3.8430004119873047,2.369992256164551,0.0003281976969446987,0.7235938310623169
2553,-3.7526881720430083,93,83,0.8924731182795699,-9.04784107208252,5.617427349090576,0.00032465060940012336,0.10689864307641983
2554,41.3974358974359,52,49,0.933974358974359,-32.92096710205078,111.71894073486328,0.00032212285441346467,1.2612496614456177
2555,-3.7526881720430083,93,83,0.8924731182795699,-10.200161933898926,6.763639450073242,0.0003227357810828835,2.3885657787323
2556,43.888888888888886,45,40,0.8888888888888888,3.495116710662842,1.6794825792312622,0.0003227631968911737,1.1210750341415405
2557,-113.96794871794873,208,196,0.9403205128205128,1.4007585048675537,1.2188862562179565,0.00032278927392326295,0.2916920483112335
2558,43.888888888888886,45,40,0.8888888888888888,10.517196655273438,8.924145698547363,0.00032242859015241265,2.490939140319824
2559,43.18300653594771,51,49,0.9418300653594771,-6.608576774597168,4.640645980834961,0.0003235088079236448,5.200374603271484
2560,63.95652173913044,23,20,0.8695652173913043,3.839418649673462,2.5662436485290527,0.0003236277843825519,1.2223337888717651
2561,41.3974358974359,52,49,0.933974358974359,-3.645679473876953,1.6981054544448853,0.0003016972041223198,0.8067615628242493
2562,-14.641975308641975,108,101,0.9335802469135802,21.021625518798828,28.982378005981445,0.0003021015727426857,4.104817867279053
2563,-3.7526881720430083,93,83,0.8924731182795699,2.4429144859313965,1.108362078666687,0.0003005963808391243,0.618314802646637
2564,63.95652173913044,23,20,0.8695652173913043,5.49984884262085,3.9249401092529297,0.0003003778983838856,1.5557986497879028
2565,63.95652173913044,23,20,0.8695652173913043,3.9061827659606934,2.49283504486084,0.000300555897410959,2.824228048324585
2566,-1.782608695652172,92,83,0.9021739130434783,8.202488899230957,4.166722297668457,0.0003008178318850696,0.9060547947883606
2567,-121.56481481481481,216,204,0.9443518518518519,8.50568675994873,4.53315544128418,0.0003009198699146509,2.4804959297180176
2568,40.95652173913044,46,40,0.8695652173913043,2.3016531467437744,0.8592655062675476,0.0002975686511490494,0.5098139047622681
2569,41.062893081761004,53,51,0.94062893081761,-4.396471977233887,2.6910269260406494,0.00029747438384220004,2.70378041267395
2570,-13.025157232704402,106,99,0.929748427672956,8.596781730651855,6.535361289978027,0.000296641665045172,4.8996100425720215
2571,-14.700305810397552,109,104,0.9429969418960245,11.65411376953125,9.993227005004883,0.0002971103531308472,4.574936866760254
2572,-112.51368760064412,207,196,0.9448631239935588,6.203667640686035,3.459333896636963,0.00029675624682568014,0.8230783939361572
2573,46.90909090909091,44,40,0.9090909090909091,12.458142280578613,13.644868850708008,0.00029683602042496204,2.476606845855713
2574,-5.702127659574472,94,83,0.8829787234042553,-26.462017059326172,37.66841506958008,0.00029670787625946105,0.07128813862800598
2575,-123.07680491551459,217,204,0.9392319508448541,-31.016286849975586,51.19224166870117,0.0002967241744045168,1.7504336833953857
2576,-117.18553459119498,212,202,0.9481446540880503,-8.034653663635254,4.525156021118164,0.00029468798311427236,0.4930603504180908
2577,41.836601307189554,51,48,0.9283660130718955,-38.688350677490234,143.6689910888672,0.0002913819334935397,1.4083335399627686
2578,43.888888888888886,45,40,0.8888888888888888,8.908525466918945,6.970804691314697,0.0002914369397331029,0.7171376347541809
2579,-3.7526881720430083,93,83,0.8924731182795699,-3.7798051834106445,2.000981569290161,0.0002868934243451804,0.5860857963562012
2580,-15.954128440366972,109,102,0.9304587155963303,16.73455238342285,18.792964935302734,0.0002871290489565581,2.1018521785736084
2581,-3.7526881720430083,93,83,0.8924731182795699,4.893346786499023,2.1382899284362793,0.00028712389757856727,0.4378189146518707
2582,-118.6056338028169,213,202,0.943943661971831,47.696434020996094,104.90010070800781,0.0002855481579899788,3.1152503490448
2583,-118.1006289308176,212,200,0.9389937106918239,35.7263069152832,60.684547424316406,0.0002862999390345067,3.1957736015319824
2584,-123.91131498470948,218,206,0.9408868501529052,6.6820969581604,3.8530187606811523,0.00028475309954956174,1.2610234022140503
2585,38.761006289308185,53,49,0.9176100628930818,18.57749366760254,32.537986755371094,0.00029005142278037965,8.42788028717041
2586,46.90909090909091,44,40,0.9090909090909091,42.88809585571289,137.2389373779297,0.00029573740903288126,10.527522087097168
2587,-18.41666666666667,112,105,0.9358333333333333,-8.268097877502441,8.510701179504395,0.0002791557926684618,2.3604066371917725
2588,-3.7526881720430083,93,83,0.8924731182795699,-21.204010009765625,24.880098342895508,0.00028255238430574536,6.566173553466797
2589,-14.641975308641975,108,101,0.9335802469135802,-21.088747024536133,34.06856155395508,0.00028282825951464474,7.229016304016113
2590,40.95652173913044,46,40,0.8695652173913043,-22.274232864379883,33.03818130493164,0.00028484989888966084,5.265902996063232
2591,40.91025641025641,52,49,0.9291025641025641,-45.29219055175781,197.56004333496094,0.0002937185054179281,12.321797370910645
2592,-14.700305810397552,109,104,0.9429969418960245,-14.458956718444824,18.205263137817383,0.0002454128407407552,0.5484084486961365
2593,-11.13968253968254,105,99,0.9386031746031746,-3.246417760848999,2.884368419647217,0.0002454258792567998,1.7477530241012573
2594,-3.7526881720430083,93,83,0.8924731182795699,-10.840399742126465,7.1233625411987305,0.00024549203226342797,0.8852242231369019
2595,-11.13968253968254,105,99,0.9386031746031746,12.304086685180664,11.204797744750977,0.00024756425409577787,4.832668304443359
2596,-118.7057902973396,213,201,0.942942097026604,-92.15435791015625,419.6024169921875,0.0002454591740388423,10.632105827331543
2597,68.9090909090909,22,20,0.9090909090909091,46.942440032958984,251.37757873535156,0.0002455523354001343,13.912370681762695
2598,-115.81200631911533,211,201,0.9518799368088467,-38.46910095214844,73.41392517089844,0.0002546069445088506,17.509288787841797
2599,63.95652173913044,23,20,0.8695652173913043,37.58335876464844,149.97767639160156,0.00025636827922426164,6.5583109855651855
2600,-5.702127659574472,94,83,0.8829787234042553,12.642077445983887,8.094855308532715,0.00025643265689723194,1.860732913017273
2601,35.42857142857143,56,52,0.9142857142857143,60.540287017822266,364.2035217285156,0.0002936484233941883,23.560544967651367
2602,68.9090909090909,22,20,0.9090909090909091,24.915225982666016,68.08006286621094,0.00029579256079159677,5.438426494598389
2603,46.90909090909091,44,40,0.9090909090909091,28.588184356689453,66.04335021972656,0.00029452936723828316,5.866239547729492
2604,-122.49001536098311,217,206,0.945099846390169,13.78735637664795,11.71530818939209,0.000298354949336499,7.510499000549316
2605,46.90909090909091,44,40,0.9090909090909091,-31.5898380279541,69.3182373046875,0.0002984378661494702,0.672188937664032
2606,43.888888888888886,45,40,0.8888888888888888,-63.65507507324219,285.1827392578125,0.000320144317811355,18.260204315185547
2607,-18.31547619047619,112,106,0.9368452380952381,-27.57914924621582,51.9062614440918,0.00032092584297060966,4.440825939178467
2608,41.3974358974359,52,49,0.933974358974359,-103.04438018798828,1058.11279296875,0.0003213462478015572,2.8598899841308594
2609,-18.31547619047619,112,106,0.9368452380952381,3.8645622730255127,3.0894107818603516,0.0003212227311450988,0.5102921724319458
2610,-12.968847352024923,107,101,0.9403115264797508,36.17729187011719,87.98223876953125,0.00031544503872282803,2.760472059249878
2611,63.95652173913044,23,20,0.8695652173913043,2.5329959392547607,1.2773423194885254,0.00031558421324007213,0.8957707285881042
2612,-3.7526881720430083,93,83,0.8924731182795699,29.3785343170166,43.869205474853516,0.00031584411044605076,1.831709861755371
2613,63.95652173913044,23,20,0.8695652173913043,35.52174758911133,149.57455444335938,0.00033383312984369695,18.905641555786133
2614,-3.7526881720430083,93,83,0.8924731182795699,40.6657600402832,82.33905792236328,0.0003237167256884277,1.3025819063186646
2615,63.95652173913044,23,20,0.8695652173913043,45.93794250488281,227.28062438964844,0.00032466911943629384,5.395709037780762
2616,63.95652173913044,23,20,0.8695652173913043,39.653541564941406,158.1129913330078,0.0003382941649761051,16.119403839111328
2617,68.9090909090909,22,20,0.9090909090909091,37.18051528930664,152.82577514648438,0.0003452756500337273,10.914602279663086
2618,-3.7526881720430083,93,83,0.8924731182795699,9.172890663146973,5.258911609649658,0.0003375725937075913,1.1025315523147583
2619,43.888888888888886,45,40,0.8888888888888888,15.843735694885254,20.62569236755371,0.00033385897404514253,3.558708429336548
2620,43.888888888888886,45,40,0.8888888888888888,-7.911697864532471,4.584277629852295,0.00033389480086043477,1.358710527420044
2621,46.90909090909091,44,40,0.9090909090909091,-17.43815803527832,20.495464324951172,0.00033761499798856676,8.02769947052002
2622,-10.555555555555557,105,100,0.9444444444444444,-13.005180358886719,15.02248764038086,0.00033696863101795316,0.38029658794403076
2623,41.52564102564102,52,49,0.9352564102564103,-89.92581176757812,783.5424194335938,0.0004124671104364097,36.787174224853516
2624,-117.16037735849056,212,202,0.9483962264150944,47.8945198059082,118.75740814208984,0.0004010951379314065,4.851702690124512
2625,68.9090909090909,22,20,0.9090909090909091,-5.642324924468994,3.6497280597686768,0.0004010692937299609,2.204963207244873
2626,-1.782608695652172,92,83,0.9021739130434783,-10.361323356628418,8.566189765930176,0.00037632667226716876,1.9114186763763428
2627,-3.7526881720430083,93,83,0.8924731182795699,-12.665787696838379,12.162954330444336,0.00037602739757858217,1.0327602624893188
2628,41.52564102564102,52,49,0.9352564102564103,14.782084465026855,21.20998191833496,0.0003765785077121109,8.340888023376465
2629,35.70238095238096,56,52,0.9170238095238096,22.789438247680664,54.041725158691406,0.00035568122984841466,17.499374389648438
2630,-3.7526881720430083,93,83,0.8924731182795699,-4.969576358795166,4.033227443695068,0.00035571050830185413,0.7079206705093384
2631,43.888888888888886,45,40,0.8888888888888888,34.18938064575195,87.08576202392578,0.0003558820753823966,2.550973892211914
2632,46.3611111111111,48,46,0.9436111111111111,8.049812316894531,7.018734931945801,0.0003245594853069633,0.36243006587028503
2633,68.9090909090909,22,20,0.9090909090909091,23.466236114501953,65.87861633300781,0.0003281833487562835,8.429593086242676
2634,-3.7526881720430083,93,83,0.8924731182795699,-21.505231857299805,26.56718635559082,0.0003263117396272719,2.892314910888672
2635,41.836601307189554,51,48,0.9283660130718955,-27.816680908203125,85.41168212890625,0.00033968163188546896,16.613256454467773
2636,-120.2031007751938,215,204,0.947968992248062,-34.513248443603516,67.07207489013672,0.0003394511586520821,2.2741611003875732
2637,-10.047619047619051,105,100,0.9495238095238095,11.911428451538086,19.349380493164062,0.00034073207643814385,4.613180637359619
2638,-1.782608695652172,92,83,0.9021739130434783,-11.003825187683105,9.718215942382812,0.00034103397047147155,1.8849037885665894
2639,41.52287581699346,51,48,0.9252287581699347,-14.52200984954834,23.531810760498047,0.0003403471491765231,0.7789968252182007
2640,-10.688888888888883,105,100,0.9431111111111111,17.97324562072754,33.49752426147461,0.00033952973899431527,7.1657023429870605
2641,43.83660130718954,51,49,0.9483660130718954,12.9160795211792,17.81292724609375,0.0003511897521093488,14.288349151611328
2642,43.888888888888886,45,40,0.8888888888888888,21.88893699645996,34.074119567871094,0.000352826522430405,5.339367389678955
2643,-10.047619047619051,105,100,0.9495238095238095,20.97960090637207,37.35262680053711,0.00036853860365226865,16.525196075439453
2644,-12.214953271028037,107,102,0.9478504672897197,12.179330825805664,19.28274154663086,0.00037903853808529675,13.87346076965332
2645,46.3611111111111,48,46,0.9436111111111111,-24.264909744262695,59.81433868408203,0.0003918042639270425,13.674115180969238
2646,-120.12558139534883,215,204,0.9487441860465117,-4.521725654602051,5.010967254638672,0.0003888232749886811,0.7242103815078735
2647,-11.471698113207552,106,101,0.9452830188679245,0.43178626894950867,9.630487442016602,0.0003892478998750448,3.377586841583252
2648,-5.702127659574472,94,83,0.8829787234042553,-34.41616439819336,64.5787353515625,0.00039055387605912983,4.058038234710693
2649,-1.782608695652172,92,83,0.9021739130434783,-15.517287254333496,15.990486145019531,0.00039013271452859044,3.072770357131958
2650,-3.7526881720430083,93,83,0.8924731182795699,-21.3365535736084,26.60622215270996,0.0003887007769662887,4.629910469055176
2651,49.36879432624113,47,46,0.9636879432624114,4.344338893890381,2.981430768966675,0.0003887705970555544,1.6465734243392944
2652,63.95652173913044,23,20,0.8695652173913043,1.7115751504898071,0.7859408259391785,0.00038896757178008556,1.0541585683822632
2653,-10.880503144654085,106,101,0.9511949685534591,19.988235473632812,30.88313865661621,0.0003903985198121518,5.6649088859558105
2654,-3.7526881720430083,93,83,0.8924731182795699,-12.880919456481934,11.566972732543945,0.00039035305962897837,2.068053960800171
2655,-115.2063492063492,210,200,0.947936507936508,28.528841018676758,42.91752243041992,0.0003930880920961499,7.6795501708984375
2656,-15.45871559633028,109,103,0.9354128440366972,3.8592491149902344,6.652512550354004,0.00039473993820138276,4.57265043258667
2657,43.888888888888886,45,40,0.8888888888888888,20.063138961791992,30.44570541381836,0.00040107968379743397,9.390997886657715
2658,43.888888888888886,45,40,0.8888888888888888,15.806055068969727,18.95160484313965,0.0004020795167889446,5.60749626159668
2659,-10.688888888888883,105,100,0.9431111111111111,-3.292189359664917,5.993039608001709,0.0003999012114945799,1.69093918800354
2660,-3.7526881720430083,93,83,0.8924731182795699,-27.30599021911621,40.95132064819336,0.00039986902265809476,1.0609840154647827
2661,-18.41666666666667,112,105,0.9358333333333333,-22.012928009033203,41.42637252807617,0.0004015051235910505,6.2645182609558105
2662,40.91025641025641,52,49,0.9291025641025641,-28.15786361694336,88.7615966796875,0.00040547893149778247,8.530095100402832
2663,-113.75279106858054,209,200,0.9524720893141946,-8.863877296447754,5.438050270080566,0.0004055093741044402,2.573244333267212
2664,43.888888888888886,45,40,0.8888888888888888,14.13878059387207,15.836393356323242,0.000405993516324088,4.22425651550293
2665,-3.7526881720430083,93,83,0.8924731182795699,-12.704633712768555,10.76933479309082,0.0004062376101501286,1.7934060096740723
2666,63.95652173913044,23,20,0.8695652173913043,5.768809795379639,4.484229564666748,0.00040632151649333537,0.9105276465415955
2667,46.90909090909091,44,40,0.9090909090909091,39.9535026550293,122.46917724609375,0.0004080436483491212,5.534571647644043
2668,-14.715151515151518,110,105,0.9528484848484848,23.19940757751465,40.01979064941406,0.0004099223006051034,6.463103294372559
2669,41.52564102564102,52,49,0.9352564102564103,2.735926389694214,2.159322738647461,0.00040910678217187524,1.4400591850280762
2670,38.18787878787879,55,52,0.9318787878787879,2.0172581672668457,3.6382522583007812,0.000406972219934687,1.3330354690551758
2671,38.369696969696975,55,52,0.9336969696969697,-5.833495616912842,7.500118255615234,0.0004065314424224198,3.8779032230377197
2672,-12.769470404984418,107,101,0.9423052959501558,3.368417263031006,4.5201416015625,0.00040670338785275817,1.4701697826385498
2673,-1.782608695652172,92,83,0.9021739130434783,-10.34871768951416,7.9043660163879395,0.00040653045289218426,1.7539464235305786
2674,-1.782608695652172,92,83,0.9021739130434783,-11.271574020385742,9.044678688049316,0.0004071246657986194,2.399146795272827
2675,-113.00961538461539,208,198,0.9499038461538462,-8.169453620910645,4.841069221496582,0.0004074003954883665,2.466700553894043
2676,41.01282051282051,52,49,0.9301282051282052,-29.65506935119629,91.3853988647461,0.00041712369420565665,11.634366989135742
2677,68.9090909090909,22,20,0.9090909090909091,9.305153846740723,10.251954078674316,0.0004176140937488526,2.4774765968322754
2678,-11.471698113207552,106,101,0.9452830188679245,16.096935272216797,20.139204025268555,0.0004194587527308613,4.694326400756836
2679,-12.769470404984418,107,101,0.9423052959501558,15.563702583312988,19.01536750793457,0.0004193369532003999,0.9959259629249573
2680,-109.59186991869919,205,196,0.9540813008130081,21.76439666748047,26.096792221069336,0.0004209283215459436,4.889286994934082
2681,-114.46411483253588,209,198,0.9453588516746412,1.3499696254730225,1.157706618309021,0.0004209715116303414,0.5596098899841309
2682,-5.702127659574472,94,83,0.8829787234042553,-16.888126373291016,17.17267417907715,0.000420666066929698,1.1060830354690552
2683,-116.48499210110585,211,200,0.9451500789889415,-10.463072776794434,7.052618503570557,0.00042037025559693575,2.263106107711792
2684,-1.782608695652172,92,83,0.9021739130434783,1.5292503833770752,1.8329864740371704,0.0004204625729471445,1.096619963645935
2685,-115.91428571428571,210,198,0.9408571428571428,-13.52372932434082,10.824520111083984,0.0004174977948423475,4.071164131164551
2686,-12.271028037383175,107,102,0.9472897196261683,21.05412483215332,32.031124114990234,0.0004127723223064095,6.3874406814575195
2687,-5.702127659574472,94,83,0.8829787234042553,-13.943302154541016,12.27462387084961,0.0004128755535930395,2.6358728408813477
2688,38.09090909090909,55,52,0.9309090909090909,24.504541397094727,58.87015151977539,0.0004299213760532439,17.086402893066406
2689,68.9090909090909,22,20,0.9090909090909091,13.526432991027832,21.884044647216797,0.0004284431634005159,4.2586236000061035
2690,-16.557575757575762,110,104,0.9344242424242424,-2.1882359981536865,4.339015960693359,0.00042703060898929834,0.25697091221809387
2691,40.814814814814824,54,52,0.9481481481481482,5.942023754119873,4.483826637268066,0.0004192689375486225,4.1924214363098145
2692,63.95652173913044,23,20,0.8695652173913043,-14.405861854553223,20.52338218688965,0.0004206441226415336,5.1440043449401855
2693,-118.63067292644757,213,202,0.9436932707355242,-22.03026580810547,26.878673553466797,0.00042049435433000326,1.4484117031097412
2694,40.95652173913044,46,40,0.8695652173913043,-17.645618438720703,21.962026596069336,0.0004224374133627862,5.452017784118652
2695,40.95652173913044,46,40,0.8695652173913043,-17.872583389282227,21.33014678955078,0.00042277027387171984,5.300028324127197
2696,-1.782608695652172,92,83,0.9021739130434783,-13.338711738586426,11.646324157714844,0.00041576894000172615,1.7210065126419067
2697,63.95652173913044,23,20,0.8695652173913043,-14.042914390563965,21.15384292602539,0.0004080230137333274,7.5029096603393555
2698,68.9090909090909,22,20,0.9090909090909091,4.021554946899414,2.607469081878662,0.00038900398067198694,1.712816834449768
2699,63.95652173913044,23,20,0.8695652173913043,-8.602362632751465,7.235213279724121,0.0003863008751068264,1.294742465019226
2700,46.90909090909091,44,40,0.9090909090909091,27.142221450805664,56.45820236206055,0.00038656475953757763,3.01159405708313
2701,42.85620915032679,51,48,0.938562091503268,-1.1647706031799316,1.552193522453308,0.0003530271933414042,0.6015421748161316
2702,68.9090909090909,22,20,0.9090909090909091,12.001355171203613,15.832624435424805,0.00035200343700125813,3.382009983062744
2703,-16.47147147147146,111,106,0.9452852852852853,12.162384986877441,11.135191917419434,0.0003502148319967091,2.0435256958007812
2704,41.01282051282051,52,49,0.9301282051282052,-11.147428512573242,12.618399620056152,0.00034748794860206544,3.555211305618286
2705,43.888888888888886,45,40,0.8888888888888888,11.658193588256836,12.02395248413086,0.00034751728526316583,0.913831889629364
2706,-10.047619047619051,105,100,0.9495238095238095,16.519893646240234,19.96671485900879,0.00033463852014392614,11.255918502807617
2707,63.95652173913044,23,20,0.8695652173913043,-7.6441874504089355,6.344327926635742,0.0003336579247843474,1.5648918151855469
2708,-5.702127659574472,94,83,0.8829787234042553,-26.20572853088379,36.870277404785156,0.00033424561843276024,4.2387542724609375
2709,-20.144542772861357,113,106,0.9285545722713864,-11.705256462097168,9.887039184570312,0.0003349506005179137,3.352633237838745
2710,39.5,52,48,0.915,-27.66480255126953,75.47347259521484,0.0003560058830771595,18.76907730102539
2711,40.95652173913044,46,40,0.8695652173913043,4.965246200561523,2.46346116065979,0.0003560658951755613,1.6110210418701172
2712,-115.91428571428571,210,198,0.9408571428571428,36.970157623291016,67.1589584350586,0.0003598988987505436,7.951845169067383
2713,63.95652173913044,23,20,0.8695652173913043,4.784807205200195,3.2635462284088135,0.00033917848486453295,4.243446350097656
2714,-11.13968253968254,105,99,0.9386031746031746,21.046043395996094,30.00203514099121,0.00034410596708767116,9.084859848022461
2715,46.90909090909091,44,40,0.9090909090909091,43.831382751464844,143.91575622558594,0.00034549934207461774,7.107126712799072
2716,68.9090909090909,22,20,0.9090909090909091,20.659412384033203,50.67827224731445,0.00033027323661372066,4.020754814147949
2717,-5.702127659574472,94,83,0.8829787234042553,-24.117938995361328,31.055309295654297,0.00032291802926920354,2.395949363708496
2718,63.95652173913044,23,20,0.8695652173913043,-2.0311119556427,0.7057495713233948,0.0003230017318855971,1.6289231777191162
2719,-11.13968253968254,105,99,0.9386031746031746,-5.538271903991699,5.350252151489258,0.0003228338900953531,3.2512969970703125
2720,43.435374149659864,49,46,0.9243537414965987,-38.652069091796875,142.22079467773438,0.00033086512121371925,11.394437789916992
2721,63.95652173913044,23,20,0.8695652173913043,-4.692529678344727,2.374000310897827,0.00032732723047956824,2.467643976211548
2722,-123.91131498470948,218,206,0.9408868501529052,-41.76875305175781,88.98188018798828,0.0003284992417320609,4.654208660125732
2723,38.1063829787234,47,40,0.851063829787234,4.3331522941589355,2.0327258110046387,0.0002451000618748367,1.7683168649673462
2724,-1.782608695652172,92,83,0.9021739130434783,4.3562188148498535,2.3769102096557617,0.0002434616326354444,1.2196706533432007
2725,-1.782608695652172,92,83,0.9021739130434783,7.976434707641602,4.134830951690674,0.0002432636683806777,0.6435003876686096
2726,43.888888888888886,45,40,0.8888888888888888,46.23884201049805,160.20986938476562,0.00024919299175962806,10.441009521484375
2727,-125.34094368340944,219,206,0.9365905631659056,3.171250343322754,4.488799095153809,0.0002491639170330018,1.3638864755630493
2728,-14.092592592592595,108,102,0.9390740740740741,23.200725555419922,37.530372619628906,0.00025234027998521924,11.128724098205566
2729,-1.782608695652172,92,83,0.9021739130434783,6.396237850189209,3.1120548248291016,0.00023232388775795698,1.2008293867111206
2730,-3.7526881720430083,93,83,0.8924731182795699,-6.417385101318359,3.5077855587005615,0.00023228710051625967,1.1981548070907593
2731,-14.700305810397552,109,104,0.9429969418960245,11.521089553833008,10.698951721191406,0.00023199740098789334,0.3734762370586395
2732,-116.48499210110585,211,200,0.9451500789889415,20.208871841430664,22.499919891357422,0.0002321810316061601,1.1473504304885864
2733,68.9090909090909,22,20,0.9090909090909091,7.41644811630249,6.778532981872559,0.00022840678866486996,3.8042104244232178
2734,43.888888888888886,45,40,0.8888888888888888,4.9386162757873535,2.6701338291168213,0.00022823878680355847,2.0740129947662354
2735,-14.148148148148152,108,102,0.9385185185185185,-15.3009672164917,17.900001525878906,0.0002141826116712764,4.760397911071777
2736,-3.7526881720430083,93,83,0.8924731182795699,-28.40192985534668,43.607112884521484,0.0002145952166756615,3.6258349418640137
2737,68.9090909090909,22,20,0.9090909090909091,-2.4697511196136475,0.8069869875907898,0.00021355498756747693,0.5397904515266418
2738,41.52287581699346,51,48,0.9252287581699347,-43.262454986572266,175.44883728027344,0.0002465047291480005,23.566242218017578
2739,-12.582554517133957,107,102,0.9441744548286605,-4.9778313636779785,4.004939556121826,0.00024665225646458566,1.0151476860046387
2740,40.95652173913044,46,40,0.8695652173913043,3.2734341621398926,1.3572523593902588,0.00024292475427500904,0.09535138309001923
2741,-122.47772657450076,217,206,0.9452227342549924,-9.02493953704834,6.235348224639893,0.00022899026225786656,1.2662886381149292
2742,68.9090909090909,22,20,0.9090909090909091,18.02691650390625,37.71501922607422,0.0002299522457178682,6.036589622497559
2743,43.18300653594771,51,49,0.9418300653594771,30.139556884765625,86.032470703125,0.00029708415968343616,38.46096420288086
2744,-12.44654088050315,106,100,0.9355345911949685,13.535164833068848,12.850653648376465,0.0002872070763260126,7.128838062286377
2745,38.09090909090909,55,52,0.9309090909090909,20.492328643798828,40.49309158325195,0.0002783990348689258,4.399725914001465
2746,-1.782608695652172,92,83,0.9021739130434783,-5.228729248046875,2.791247844696045,0.00027816949295811355,1.2597836256027222
2747,-14.839506172839506,108,101,0.931604938271605,-9.354242324829102,8.478938102722168,0.00027793238405138254,0.7390080690383911
2748,63.95652173913044,23,20,0.8695652173913043,-17.570201873779297,29.55230712890625,0.0002818032808136195,8.652336120605469
2749,-3.7526881720430083,93,83,0.8924731182795699,-26.18839454650879,36.068851470947266,0.0002817429485730827,2.6868131160736084
2750,68.9090909090909,22,20,0.9090909090909091,-3.5844149589538574,1.4199308156967163,0.0002816238265950233,1.8275887966156006
2751,-115.91428571428571,210,198,0.9408571428571428,-13.349804878234863,11.127569198608398,0.00028169347206130624,2.6425559520721436
2752,43.888888888888886,45,40,0.8888888888888888,-13.375773429870605,12.254376411437988,0.0002817272616084665,1.9673969745635986
2753,43.888888888888886,45,40,0.8888888888888888,-12.316032409667969,10.547231674194336,0.00027930704527534544,1.7796483039855957
2754,41.836601307189554,51,48,0.9283660130718955,-38.82389831542969,151.27464294433594,0.0003119816828984767,24.661880493164062
2755,68.9090909090909,22,20,0.9090909090909091,8.57972240447998,9.010172843933105,0.00030715184402652085,1.6152421236038208
2756,43.888888888888886,45,40,0.8888888888888888,20.74701499938965,34.47365188598633,0.0003070155798923224,3.6162402629852295
2757,-17.309090909090912,110,103,0.9269090909090909,10.489152908325195,7.489048957824707,0.00030460424022749066,3.2802884578704834
2758,59.33333333333334,24,20,0.8333333333333334,-8.08112621307373,6.713821887969971,0.0003019126888830215,3.5332162380218506
2759,-12.578616352201266,106,100,0.9342138364779874,27.74590301513672,53.97573471069336,0.00030766433337703347,8.672911643981934
2760,46.90909090909091,44,40,0.9090909090909091,57.13687515258789,233.3340301513672,0.0003119489410892129,8.370739936828613
2761,63.95652173913044,23,20,0.8695652173913043,8.049433708190918,8.199763298034668,0.0003091983962804079,2.0375711917877197
2762,-124.50764525993884,218,204,0.9349235474006116,7.804768085479736,4.733646869659424,0.00030697204056195915,2.3668148517608643
2763,40.051282051282044,52,48,0.9205128205128205,-6.153172969818115,4.040518283843994,0.0003082092443946749,4.57867956161499
2764,40.371794871794876,52,49,0.9237179487179488,-10.75590705871582,11.825637817382812,0.000313117285259068,11.933999061584473
2765,-114.46411483253588,209,198,0.9453588516746412,16.82140350341797,15.63244342803955,0.00031310864142142236,2.1349432468414307
2766,-123.07680491551459,217,204,0.9392319508448541,-10.450579643249512,6.900494575500488,0.00031313567887991667,0.2673543393611908
2767,-1.782608695652172,92,83,0.9021739130434783,-8.441027641296387,4.913756847381592,0.00031211297027766705,1.8051059246063232
2768,-12.968847352024923,107,101,0.9403115264797508,-2.397570848464966,2.380978584289551,0.0003090646641794592,2.2397823333740234
2769,-14.320872274143298,107,100,0.926791277258567,-12.93616771697998,12.749958992004395,0.0003117673331871629,5.730781078338623
2770,-14.839506172839506,108,101,0.931604938271605,-9.57051944732666,8.600980758666992,0.0003119769098702818,4.914658546447754
2771,-112.46859903381642,207,196,0.9453140096618358,1.676082968711853,1.4701732397079468,0.0003118137246929109,0.6665858626365662
2772,43.888888888888886,45,40,0.8888888888888888,12.673108100891113,13.259916305541992,0.00031244399724528193,2.155028820037842
2773,-13.35514018691589,107,101,0.9364485981308411,-1.344124674797058,2.24891996383667,0.00031247641891241074,2.0592164993286133
2774,-17.799999999999997,110,102,0.922,-13.856657028198242,15.978660583496094,0.00031358961132355034,5.8917646408081055
2775,68.9090909090909,22,20,0.9090909090909091,15.931997299194336,23.86964988708496,0.00032592262141406536,14.974759101867676
2776,40.371794871794876,52,49,0.9237179487179488,-15.725772857666016,23.47814178466797,0.00032088597072288394,3.0408430099487305
2777,-18.41666666666667,112,105,0.9358333333333333,-0.5113298296928406,1.4811573028564453,0.00032088940497487783,0.8092631697654724
2778,-3.7526881720430083,93,83,0.8924731182795699,-7.262559413909912,3.7416281700134277,0.00032029414433054626,2.35190486907959
2779,63.95652173913044,23,20,0.8695652173913043,0.5983418822288513,0.35738617181777954,0.00031994402525015175,1.2622723579406738
2780,-1.782608695652172,92,83,0.9021739130434783,6.996134281158447,3.416118860244751,0.00031971564749255776,1.5256705284118652
2781,-120.14641744548287,214,201,0.9385358255451713,4.08822774887085,2.5046534538269043,0.0003197276673745364,2.3002004623413086
2782,-116.48499210110585,211,200,0.9451500789889415,17.08856201171875,14.682519912719727,0.0003259858349338174,9.130905151367188
2783,40.91025641025641,52,49,0.9291025641025641,15.61059856414795,23.47058868408203,0.00032532427576370537,0.3468358814716339
2784,63.95652173913044,23,20,0.8695652173913043,1.2753593921661377,0.6785726547241211,0.0003251702291890979,0.2995159327983856
2785,63.95652173913044,23,20,0.8695652173913043,-0.5096672773361206,0.39820143580436707,0.0003236656484659761,0.8458619117736816
2786,-20.144542772861357,113,106,0.9285545722713864,0.7008309364318848,1.6775673627853394,0.0003224590327590704,1.8428741693496704
2787,40.91025641025641,52,49,0.9291025641025641,-4.515650272369385,2.3965485095977783,0.0003223210806027055,0.40814119577407837
2788,-128.2006033182504,221,206,0.9279939668174962,-48.46839904785156,117.77471923828125,0.00031071717967279255,9.067880630493164
2789,-3.7526881720430083,93,83,0.8924731182795699,-4.955757141113281,2.4490039348602295,0.0003115538856945932,4.8400468826293945
2790,63.95652173913044,23,20,0.8695652173913043,-4.653459072113037,2.4295248985290527,0.00031145819230005145,1.349516749382019
2791,-11.943396226415103,106,100,0.940566037735849,24.44986343383789,38.40243911743164,0.00034598648198880255,23.035381317138672
2792,46.90909090909091,44,40,0.9090909090909091,32.33235549926758,79.10075378417969,0.00034503007191233337,3.5476901531219482
2793,-128.18853695324285,221,206,0.9281146304675716,-7.219184398651123,4.86754846572876,0.0003447411290835589,0.14934690296649933
2794,-16.0091743119266,109,102,0.929908256880734,7.691303253173828,5.162853717803955,0.00034370776847936213,2.814089775085449
2795,63.95652173913044,23,20,0.8695652173913043,-15.498879432678223,23.101417541503906,0.00035260533331893384,12.061756134033203
2796,41.01282051282051,52,49,0.9301282051282052,-25.600189208984375,63.37919616699219,0.000368050008546561,15.175495147705078
2797,-1.782608695652172,92,83,0.9021739130434783,1.6482670307159424,1.0979714393615723,0.00036512594670057297,0.3266712725162506
2798,43.888888888888886,45,40,0.8888888888888888,9.25617504119873,7.4812116622924805,0.00036485004238784313,0.8875710368156433
2799,43.435374149659864,49,46,0.9243537414965987,-21.10576820373535,40.0765495300293,0.00036793018807657063,7.729185581207275
2800,-1.782608695652172,92,83,0.9021739130434783,10.558384895324707,6.678718566894531,0.0003673809696920216,2.342682361602783
2801,-10.880503144654085,106,101,0.9511949685534591,42.4627685546875,120.89039611816406,0.0004623731365427375,38.78434371948242
2802,-1.782608695652172,92,83,0.9021739130434783,13.034232139587402,9.212419509887695,0.0004617101512849331,1.5516992807388306
2803,-3.7526881720430083,93,83,0.8924731182795699,2.6138854026794434,1.1972224712371826,0.00046137612662278116,0.34187883138656616
2804,-12.44654088050315,106,100,0.9355345911949685,23.109926223754883,36.673828125,0.00046318667591549456,6.061287879943848
2805,43.888888888888886,45,40,0.8888888888888888,30.159975051879883,66.78795623779297,0.0004652606148738414,6.182730197906494
2806,-119.37245696400626,213,200,0.9362754303599374,34.37247848510742,58.933982849121094,0.00045708531979471445,1.112652063369751
2807,-19.144144144144136,111,103,0.9185585585585586,-20.0534610748291,28.1492862701416,0.00046488665975630283,11.041511535644531
2808,-3.7526881720430083,93,83,0.8924731182795699,-22.322959899902344,27.178647994995117,0.00046444969484582543,4.0136590003967285
2809,-115.37320574162679,209,196,0.936267942583732,-9.575416564941406,5.937840938568115,0.0004651171329896897,4.607874870300293
2810,-120.12558139534883,215,204,0.9487441860465117,-11.07535457611084,8.827889442443848,0.00044409430120140314,1.0575382709503174
2811,63.95652173913044,23,20,0.8695652173913043,-6.861694812774658,5.06775426864624,0.0004440701159182936,1.3130440711975098
2812,40.91025641025641,52,49,0.9291025641025641,-31.567665100097656,98.07714080810547,0.00047391990665346384,23.328189849853516
2813,41.836601307189554,51,48,0.9283660130718955,-22.22789192199707,49.121795654296875,0.0004729447537101805,1.3870164155960083
2814,63.95652173913044,23,20,0.8695652173913043,5.468535423278809,3.8211381435394287,0.00046894841943867505,4.240670204162598
2815,43.888888888888886,45,40,0.8888888888888888,34.40043258666992,90.99269104003906,0.00046645969268865883,3.290890693664551
2816,63.95652173913044,23,20,0.8695652173913043,14.007023811340332,22.69515037536621,0.00046651478623971343,4.145401477813721
2817,43.888888888888886,45,40,0.8888888888888888,43.712867736816406,139.61959838867188,0.0004664794250857085,2.1129233837127686
2818,42.85620915032679,51,48,0.938562091503268,25.601661682128906,60.79058074951172,0.0004667378671001643,2.6604459285736084
2819,68.9090909090909,22,20,0.9090909090909091,20.85589599609375,50.37319564819336,0.00046684069093316793,3.5756146907806396
2820,-116.65560821484992,211,200,0.9434439178515008,-11.29630184173584,8.463949203491211,0.00045891382615081966,1.6840044260025024
2821,-3.7526881720430083,93,83,0.8924731182795699,-29.68517303466797,44.953773498535156,0.0004594236088450998,4.036392688751221
2822,-12.968847352024923,107,101,0.9403115264797508,-21.963647842407227,35.76069259643555,0.0004587798030115664,2.9662041664123535
2823,68.9090909090909,22,20,0.9090909090909091,-3.1918723583221436,1.2273198366165161,0.0004585985152516514,0.5037109851837158
2824,43.888888888888886,45,40,0.8888888888888888,-17.72667694091797,20.995073318481445,0.0004644008004106581,9.735751152038574
2825,43.888888888888886,45,40,0.8888888888888888,-17.859148025512695,22.552387237548828,0.00046502481563948095,3.135263204574585
2826,41.52564102564102,52,49,0.9352564102564103,-42.92395782470703,173.87875366210938,0.0004776437708642334,17.872051239013672
2827,63.95652173913044,23,20,0.8695652173913043,-15.012683868408203,22.457866668701172,0.0004776666173711419,1.4748579263687134
2828,43.888888888888886,45,40,0.8888888888888888,19.274032592773438,28.367712020874023,0.00047139698290266097,5.761203765869141
2829,-16.47147147147146,111,106,0.9452852852852853,16.917722702026367,20.13518714904785,0.0004732118104584515,5.126381874084473
2830,-16.573573573573583,111,105,0.9442642642642642,22.424968719482422,36.889408111572266,0.0004732946399599314,2.317739486694336
2831,63.95652173913044,23,20,0.8695652173913043,6.370090007781982,5.5566205978393555,0.0004733242094516754,1.3513511419296265
2832,68.9090909090909,22,20,0.9090909090909091,24.48626136779785,64.47505187988281,0.0004752606910187751,5.337440490722656
2833,63.95652173913044,23,20,0.8695652173913043,5.669633388519287,4.7678022384643555,0.0004752542881760746,3.83827543258667
2834,-16.573573573573583,111,105,0.9442642642642642,15.626663208007812,17.59459114074707,0.0004764038312714547,5.31242036819458
2835,-3.7526881720430083,93,83,0.8924731182795699,-7.222053527832031,4.05066442489624,0.000475332752102986,1.0944846868515015
2836,63.95652173913044,23,20,0.8695652173913043,-2.239276647567749,0.7512684464454651,0.00047461161739192903,0.9676415920257568
2837,43.888888888888886,45,40,0.8888888888888888,21.790773391723633,36.64103317260742,0.00047569352318532765,3.9766247272491455
2838,-117.16037735849056,212,202,0.9483962264150944,19.682798385620117,19.640602111816406,0.0004410445399116725,2.048311710357666
2839,-12.968847352024923,107,101,0.9403115264797508,-9.908232688903809,8.688916206359863,0.00044105309643782675,0.28446754813194275
2840,-121.04012345679013,216,206,0.9495987654320988,-7.080772399902344,6.349186420440674,0.0004413298156578094,2.6356709003448486
2841,63.95652173913044,23,20,0.8695652173913043,-15.585785865783691,24.104663848876953,0.00044146430445834994,2.775840997695923
2842,42.294117647058826,51,48,0.9329411764705883,-39.28318405151367,143.0822296142578,0.0005229059024713933,37.433563232421875
2843,-112.46859903381642,207,196,0.9453140096618358,-6.03516960144043,3.217480182647705,0.00042677504825405777,1.6357781887054443
2844,43.888888888888886,45,40,0.8888888888888888,9.207558631896973,7.587794303894043,0.0004250524507369846,1.5049481391906738
2845,43.435374149659864,49,46,0.9243537414965987,-16.905460357666016,27.025672912597656,0.0004247990727890283,6.436707973480225
2846,43.888888888888886,45,40,0.8888888888888888,26.687620162963867,56.87959289550781,0.00042516671237535775,4.312209129333496
2847,-112.51368760064412,207,196,0.9448631239935588,9.305322647094727,5.774260997772217,0.00042493088403716683,1.9214465618133545
2848,63.95652173913044,23,20,0.8695652173913043,9.068161010742188,10.558947563171387,0.000420258438680321,2.2949647903442383
2849,63.95652173913044,23,20,0.8695652173913043,10.517156600952148,12.649209022521973,0.00042000511894002557,4.473155498504639
2850,41.3974358974359,52,49,0.933974358974359,24.925830841064453,61.43962478637695,0.0004906734684482217,32.63023376464844
2851,68.9090909090909,22,20,0.9090909090909091,21.334177017211914,52.48223114013672,0.0004900206113234162,2.808441638946533
2852,40.95652173913044,46,40,0.8695652173913043,10.4443998336792,8.834836959838867,0.0004895274760201573,2.4021694660186768
2853,-3.7526881720430083,93,83,0.8924731182795699,-22.809341430664062,28.05223846435547,0.0004916932666674256,4.930502891540527
2854,63.95652173913044,23,20,0.8695652173913043,-9.562337875366211,9.648904800415039,0.00045171051169745624,3.4639878273010254
2855,-15.45871559633028,109,103,0.9354128440366972,-24.73505210876465,42.783042907714844,0.00045399839291349053,7.648488998413086
2856,38.18787878787879,55,52,0.9318787878787879,-19.992380142211914,52.10594177246094,0.0004707616753876209,15.817343711853027
2857,-117.18553459119498,212,202,0.9481446540880503,-18.53475570678711,18.870452880859375,0.00047063862439244986,0.2377086877822876
2858,-3.7526881720430083,93,83,0.8924731182795699,-21.309232711791992,24.72132110595703,0.000470225524622947,5.186373233795166
2859,43.888888888888886,45,40,0.8888888888888888,10.718666076660156,9.746335983276367,0.0004669317277148366,1.3046237230300903
2860,-5.702127659574472,94,83,0.8829787234042553,-21.57231330871582,24.38348960876465,0.0004628711612895131,2.686084747314453
2861,-14.148148148148152,108,102,0.9385185185185185,9.045071601867676,6.309797763824463,0.0004631603369489312,1.3499490022659302
2862,63.95652173913044,23,20,0.8695652173913043,-6.147582530975342,3.8711822032928467,0.0004632005875464529,2.595764636993408
2863,46.90909090909091,44,40,0.9090909090909091,37.21389389038086,106.82962799072266,0.00046381924767047167,5.771206378936768
2864,63.95652173913044,23,20,0.8695652173913043,-6.136648654937744,3.957989454269409,0.00045313744340091944,0.9120949506759644
2865,40.95652173913044,46,40,0.8695652173913043,9.338865280151367,6.618758201599121,0.0004529341822490096,2.1722211837768555
2866,-12.271028037383175,107,102,0.9472897196261683,23.232521057128906,35.19258499145508,0.00045739137567579746,7.283175468444824
2867,42.85620915032679,51,48,0.938562091503268,-8.471095085144043,8.93500804901123,0.00045885355211794376,4.468478202819824
2868,-12.582554517133957,107,102,0.9441744548286605,16.872987747192383,18.9814453125,0.000464943062979728,8.791495323181152
2869,41.062893081761004,53,51,0.94062893081761,-11.623661994934082,16.751705169677734,0.0004643790889531374,4.533478736877441
2870,43.888888888888886,45,40,0.8888888888888888,0.28112074732780457,0.48544418811798096,0.0004622375126928091,0.40793460607528687
2871,-14.700305810397552,109,104,0.9429969418960245,5.962759971618652,3.2944185733795166,0.00046231315354816616,2.9285171031951904
2872,43.18300653594771,51,49,0.9418300653594771,-17.38890838623047,30.615081787109375,0.0004702388250734657,12.739749908447266
2873,-121.04012345679013,216,206,0.9495987654320988,26.080930709838867,34.888160705566406,0.0004695391689892858,1.3404403924942017
2874,63.95652173913044,23,20,0.8695652173913043,-9.078174591064453,7.9974236488342285,0.00046670905430801213,4.031177043914795
2875,43.435374149659864,49,46,0.9243537414965987,-19.22663688659668,38.286949157714844,0.0004615097714122385,11.576007843017578
2876,-117.26100628930818,212,201,0.9473899371069182,14.339475631713867,10.684574127197266,0.00046272092731669545,3.3480517864227295
2877,43.73202614379085,51,49,0.9473202614379085,22.861618041992188,53.761688232421875,0.0004625639703590423,0.7844240665435791
2878,63.95652173913044,23,20,0.8695652173913043,5.964028358459473,4.497323036193848,0.00046185412793420255,0.8446939587593079
2879,-14.092592592592595,108,102,0.9390740740740741,5.402007102966309,2.8487930297851562,0.00046156870666891336,2.959646701812744
2880,-121.56481481481481,216,204,0.9443518518518519,-31.185617446899414,52.999305725097656,0.00046391281648539007,4.755704879760742
2881,-12.271028037383175,107,102,0.9472897196261683,9.845232963562012,7.869796276092529,0.00046321479021571577,0.1765042096376419
2882,43.888888888888886,45,40,0.8888888888888888,27.71584701538086,57.59283447265625,0.0004594939819071442,1.27118980884552
2883,0.2087912087912116,91,83,0.9120879120879121,4.586936950683594,2.113802194595337,0.00045954305096529424,0.4674535095691681
2884,68.9090909090909,22,20,0.9090909090909091,17.656110763549805,35.232749938964844,0.00046274406486190856,8.718229293823242
2885,-120.2031007751938,215,204,0.947968992248062,-28.42299461364746,43.58684539794922,0.0004646865709219128,4.2611823081970215
2886,40.051282051282044,52,48,0.9205128205128205,-23.125213623046875,52.98710250854492,0.0004745616461150348,14.282173156738281
2887,-114.46411483253588,209,198,0.9453588516746412,-3.294649362564087,1.6165614128112793,0.0004745508194901049,0.4534575641155243
2888,46.90909090909091,44,40,0.9090909090909091,24.540637969970703,45.24680709838867,0.00046870115329511464,2.7172985076904297
2889,-112.46859903381642,207,196,0.9453140096618358,18.958702087402344,19.519582748413086,0.0004670828639063984,2.4643447399139404
2890,43.888888888888886,45,40,0.8888888888888888,8.903308868408203,6.699084758758545,0.00046658379142172635,2.125091552734375
2891,-16.47147147147146,111,106,0.9452852852852853,-6.04126501083374,3.3460147380828857,0.0004374905547592789,0.8757809400558472
2892,40.814814814814824,54,52,0.9481481481481482,-2.739866256713867,4.512796401977539,0.00043830095091834664,2.935044527053833
2893,43.888888888888886,45,40,0.8888888888888888,-0.763055145740509,0.5069669485092163,0.0004382803163025528,0.2063787430524826
2894,-7.631578947368411,95,83,0.8736842105263158,-40.30463790893555,84.58329772949219,0.00043771322816610336,3.6529221534729004
2895,-117.16037735849056,212,202,0.9483962264150944,20.761560440063477,22.53675079345703,0.0004332896205596626,5.22642183303833
2896,43.888888888888886,45,40,0.8888888888888888,-1.422925591468811,0.4891408681869507,0.0004212535568512976,0.9269039034843445
2897,-115.2063492063492,210,200,0.947936507936508,16.514476776123047,15.136951446533203,0.00042233674321323633,5.453110218048096
2898,-12.769470404984418,107,101,0.9423052959501558,-6.242757320404053,3.9606544971466064,0.00042234317515976727,0.6787863373756409
2899,43.888888888888886,45,40,0.8888888888888888,-2.3685038089752197,0.6991668343544006,0.0004175534413661808,0.42653998732566833
2900,38.18787878787879,55,52,0.9318787878787879,-13.530961036682129,24.814016342163086,0.0004168245068285614,0.3538669943809509
2901,-18.31547619047619,112,106,0.9368452380952381,-13.096304893493652,14.282828330993652,0.0003294537018518895,2.4873099327087402
2902,-5.702127659574472,94,83,0.8829787234042553,-24.290494918823242,31.086509704589844,0.0003298090014141053,4.387938499450684
2903,-5.702127659574472,94,83,0.8829787234042553,-19.92964744567871,21.21235466003418,0.0003316435613669455,6.533373832702637
2904,41.836601307189554,51,48,0.9283660130718955,2.913963556289673,1.6727174520492554,0.00033037527464330196,1.2297513484954834
2905,63.95652173913044,23,20,0.8695652173913043,-0.48136651515960693,0.4159851670265198,0.00032725167693570256,0.5271813869476318
2906,38.18787878787879,55,52,0.9318787878787879,31.680673599243164,106.30464172363281,0.00033773205359466374,14.140069961547852
2907,-9.237179487179489,104,99,0.9476282051282051,27.25661849975586,50.90132141113281,0.0003319997922517359,3.4166970252990723
2908,-18.31547619047619,112,106,0.9368452380952381,3.199861526489258,2.084028482437134,0.00033053100924007595,0.27055883407592773
2909,43.888888888888886,45,40,0.8888888888888888,11.201722145080566,10.295435905456543,0.0003324614663142711,5.587530612945557
2910,-3.7526881720430083,93,83,0.8924731182795699,-14.624616622924805,11.883926391601562,0.00033232494024559855,1.8627793788909912
2911,-112.51368760064412,207,196,0.9448631239935588,-32.3090705871582,54.74052429199219,0.00033243466168642044,3.5532586574554443
2912,-115.73617693522907,211,202,0.9526382306477094,-25.562061309814453,35.619728088378906,0.0003020801523234695,2.024366855621338
2913,-121.05246913580247,216,206,0.9494753086419753,-26.028003692626953,38.414432525634766,0.00030767451971769333,10.671183586120605
2914,46.90909090909091,44,40,0.9090909090909091,-0.052352555096149445,0.6698231101036072,0.00030628335662186146,1.1363507509231567
2915,-111.00970873786409,206,196,0.9499029126213592,26.007078170776367,36.42647171020508,0.00030641566263511777,3.5165607929229736
2916,43.888888888888886,45,40,0.8888888888888888,-13.614315032958984,13.311948776245117,0.00030608620727434754,3.4070136547088623
2917,38.09090909090909,55,52,0.9309090909090909,-26.112224578857422,80.54926300048828,0.0003094669373240322,6.571988582611084
2918,46.90909090909091,44,40,0.9090909090909091,9.699137687683105,8.542221069335938,0.0003099560854025185,3.664168357849121
2919,-5.702127659574472,94,83,0.8829787234042553,-9.703266143798828,5.086386203765869,0.0003090850659646094,0.2340618222951889
2920,38.18787878787879,55,52,0.9318787878787879,8.998677253723145,9.309441566467285,0.00030907164909876883,0.26424911618232727
2921,-8.134615384615387,104,100,0.9586538461538462,47.408447265625,168.81732177734375,0.00031299187685362995,9.855120658874512
2922,63.95652173913044,23,20,0.8695652173913043,-10.238518714904785,11.168652534484863,0.0003136162704322487,2.9156997203826904
2923,40.91358024691358,54,52,0.9491358024691358,15.946338653564453,29.55006217956543,0.0003135448496323079,1.1967647075653076
2924,63.95652173913044,23,20,0.8695652173913043,-12.79682445526123,17.056440353393555,0.000309604947688058,2.970733404159546
2925,41.52564102564102,52,49,0.9352564102564103,-16.121196746826172,25.351459503173828,0.00032117057708092034,15.105311393737793
2926,-3.7526881720430083,93,83,0.8924731182795699,-5.6590423583984375,2.0244736671447754,0.0003036442503798753,1.2013649940490723
2927,40.95652173913044,46,40,0.8695652173913043,-4.621158599853516,1.7070895433425903,0.0003034051042050123,0.5309890508651733
2928,-1.782608695652172,92,83,0.9021739130434783,3.748377799987793,1.3524049520492554,0.00030191970290616155,0.49245384335517883
2929,40.95652173913044,46,40,0.8695652173913043,1.2179840803146362,0.4865463376045227,0.0003000721917487681,1.4170600175857544
2930,43.888888888888886,45,40,0.8888888888888888,12.26056957244873,12.04967975616455,0.0003004090394824743,2.069246292114258
2931,-121.05246913580247,216,206,0.9494753086419753,50.95869064331055,131.5337677001953,0.0003021159500349313,6.072750091552734
2932,43.18300653594771,51,49,0.9418300653594771,-9.49390983581543,9.59375286102295,0.00029998240643180907,1.9168814420700073
2933,-5.702127659574472,94,83,0.8829787234042553,-20.992277145385742,24.045368194580078,0.00029981930856592953,1.8914541006088257
2934,38.09090909090909,55,52,0.9309090909090909,-7.762513160705566,9.887951850891113,0.00029879031353630126,1.2359133958816528
2935,46.06666666666666,50,49,0.9606666666666667,1.2294124364852905,0.39478686451911926,0.00029866545810364187,0.01688453182578087
2936,-3.7526881720430083,93,83,0.8924731182795699,-12.9142484664917,9.699867248535156,0.00029851298313587904,1.3865385055541992
2937,-11.710280373831779,107,103,0.9528971962616822,9.453102111816406,6.585134029388428,0.0002971648646052927,0.10948070138692856
2938,-121.04012345679013,216,206,0.9495987654320988,-30.335119247436523,53.080474853515625,0.0002969018241856247,2.805894374847412
2939,46.90909090909091,44,40,0.9090909090909091,31.25701332092285,75.02066040039062,0.00029761946643702686,3.231337785720825
2940,-10.688888888888883,105,100,0.9431111111111111,6.64441442489624,4.089854717254639,0.00029865189571864903,3.6749839782714844
2941,44.69333333333333,50,48,0.9469333333333333,-1.1836044788360596,0.6238124370574951,0.0002986633335240185,1.3828167915344238
2942,38.09090909090909,55,52,0.9309090909090909,0.6206262707710266,2.1382176876068115,0.00021527288481593132,2.291520118713379
2943,63.95652173913044,23,20,0.8695652173913043,7.51796817779541,7.200080871582031,0.00021527594071812928,1.1126025915145874
2944,43.888888888888886,45,40,0.8888888888888888,8.580251693725586,6.597687721252441,0.0002153301757061854,1.731508731842041
2945,-118.7601246105919,214,204,0.952398753894081,-23.193443298339844,31.09144401550293,0.00021310674492269754,1.090487003326416
2946,63.95652173913044,23,20,0.8695652173913043,2.260937213897705,1.0020354986190796,0.0002121023426298052,1.3437813520431519
2947,46.90909090909091,44,40,0.9090909090909091,11.332878112792969,11.847541809082031,0.00021226602257229388,2.4942634105682373
2948,68.9090909090909,22,20,0.9090909090909091,12.204236030578613,17.639896392822266,0.00021404445578809828,6.024319171905518
2949,44.228758169934636,51,49,0.9522875816993464,-23.930097579956055,64.40038299560547,0.00021631043637171388,7.201080322265625
2950,-115.2063492063492,210,200,0.947936507936508,3.9008595943450928,1.6775354146957397,0.0001494346361141652,0.06264553964138031
2951,40.95652173913044,46,40,0.8695652173913043,-14.00873851776123,14.296736717224121,0.00014987356553319842,3.13362193107605
2952,-113.75279106858054,209,200,0.9524720893141946,22.954368591308594,28.107404708862305,0.00015206760144792497,6.724267959594727
2953,-114.46411483253588,209,198,0.9453588516746412,13.856629371643066,10.28215503692627,0.00015053524111863226,1.6513811349868774
2954,-117.16037735849056,212,202,0.9483962264150944,6.618924140930176,3.1746177673339844,0.000149662620970048,1.592389464378357
2955,63.95652173913044,23,20,0.8695652173913043,-3.211226463317871,1.1414904594421387,0.00014661696332041174,0.909966230392456
2956,41.01282051282051,52,49,0.9301282051282052,-11.79893684387207,14.7201509475708,0.0001434101432096213,15.389720916748047
2957,44.69333333333333,50,48,0.9469333333333333,0.5127890110015869,0.7960171699523926,0.00014348153490573168,0.7014565467834473
2958,42.294117647058826,51,48,0.9329411764705883,0.343596488237381,0.7396356463432312,0.00014237480354495347,2.0766241550445557
2959,-113.75279106858054,209,200,0.9524720893141946,-8.949186325073242,5.906491279602051,0.0001424507499905303,0.8025188446044922
2960,-12.214953271028037,107,102,0.9478504672897197,11.37710952758789,10.029794692993164,0.00014316782471723855,4.92110013961792
2961,41.01282051282051,52,49,0.9301282051282052,14.169251441955566,21.03437042236328,0.00014432176249101758,4.060812950134277
2962,-5.702127659574472,94,83,0.8829787234042553,-18.021812438964844,18.51140785217285,0.0001447489339625463,2.6063618659973145
2963,-9.57142857142857,105,101,0.9542857142857143,14.590618133544922,15.701991081237793,0.00014310494589153677,0.39681684970855713
2964,63.95652173913044,23,20,0.8695652173913043,6.042167663574219,4.656043529510498,0.000143898039823398,3.0522284507751465
2965,-12.214953271028037,107,102,0.9478504672897197,3.1909632682800293,2.124955177307129,0.00014370943245012313,1.0563263893127441
2966,43.888888888888886,45,40,0.8888888888888888,18.84583854675293,27.424985885620117,0.0001399379689246416,0.5366803407669067
2967,41.062893081761004,53,51,0.94062893081761,0.7386320233345032,0.780286431312561,0.00013835191202815622,1.0096324682235718
2968,-16.47147147147146,111,106,0.9452852852852853,-15.796546936035156,21.07438850402832,0.00013303170271683484,3.029296636581421
2969,40.95652173913044,46,40,0.8695652173913043,-6.366876602172852,2.948164701461792,0.00013229264004621655,0.8775155544281006
2970,-12.214953271028037,107,102,0.9478504672897197,-11.5966215133667,11.46889877319336,0.00013222907728049904,0.4101395010948181
2971,46.90909090909091,44,40,0.9090909090909091,12.581650733947754,13.423150062561035,0.00013218159438110888,1.5914442539215088
2972,-1.782608695652172,92,83,0.9021739130434783,-16.618064880371094,15.58914566040039,0.00012347535812295973,1.343636393547058
2973,-3.7526881720430083,93,83,0.8924731182795699,-25.5628719329834,35.066829681396484,0.00012348218297120184,1.2108914852142334
2974,-3.7526881720430083,93,83,0.8924731182795699,-24.058565139770508,31.790740966796875,0.00012315806816332042,2.2062861919403076
2975,68.9090909090909,22,20,0.9090909090909091,7.5335259437561035,7.468592166900635,0.00011445131531218067,2.0946195125579834
2976,43.888888888888886,45,40,0.8888888888888888,-0.6394426226615906,0.4181564450263977,0.00011345525126671419,0.5763027667999268
2977,46.90909090909091,44,40,0.9090909090909091,12.101070404052734,12.954375267028809,0.00011408013961045071,3.93934965133667
2978,-121.04012345679013,216,206,0.9495987654320988,-42.895145416259766,96.23178100585938,0.00011439682566560805,3.1573143005371094
2979,63.95652173913044,23,20,0.8695652173913043,-9.35648250579834,9.78016471862793,0.00011531428754096851,3.778170108795166
2980,40.95652173913044,46,40,0.8695652173913043,-8.825407028198242,5.513911724090576,0.00011395656474633142,2.07568621635437
2981,68.9090909090909,22,20,0.9090909090909091,6.231691360473633,5.262118816375732,0.00011484242713777348,3.195889472961426
2982,-18.41666666666667,112,105,0.9358333333333333,4.379982948303223,1.67878258228302,0.00011490805627545342,0.959251880645752
2983,43.18300653594771,51,49,0.9418300653594771,-3.864462375640869,1.811118721961975,0.00011485561117297038,0.6331448554992676
2984,43.888888888888886,45,40,0.8888888888888888,14.052369117736816,15.68762493133545,0.00011085569713031873,0.5758965611457825
2985,-112.46859903381642,207,196,0.9453140096618358,45.695987701416016,109.19112396240234,0.00011275528959231451,8.078043937683105
2986,63.95652173913044,23,20,0.8695652173913043,-9.34831428527832,9.234728813171387,0.00010298062989022583,4.653770923614502
2987,-3.7526881720430083,93,83,0.8924731182795699,-2.0822484493255615,0.8309857249259949,0.00010295082029188052,0.8681225180625916
2988,-12.827160493827165,108,104,0.9517283950617283,21.749374389648438,36.41026306152344,0.00010292786464560777,3.661250591278076
2989,41.062893081761004,53,51,0.94062893081761,-7.926305770874023,8.385530471801758,0.0001030214480124414,2.831080198287964
2990,-113.00961538461539,208,198,0.9499038461538462,8.978910446166992,5.359516143798828,0.00010290845239069313,1.2785844802856445
2991,43.18300653594771,51,49,0.9418300653594771,-15.45469856262207,27.736894607543945,0.00010662678687367588,7.2295145988464355
2992,-113.75279106858054,209,200,0.9524720893141946,-2.0731420516967773,1.4465848207473755,0.00010600012319628149,0.8205490708351135
2993,-111.55072463768116,207,198,0.9544927536231884,0.4557148218154907,1.747883915901184,0.00010601856774883345,0.10470089316368103
2994,43.888888888888886,45,40,0.8888888888888888,14.156702995300293,16.76306915283203,0.00010534474131418392,0.149613618850708
2995,-12.827160493827165,108,104,0.9517283950617283,14.933330535888672,16.506254196166992,0.0001033250373438932,0.19662365317344666
2996,38.369696969696975,55,52,0.9336969696969697,3.706270694732666,2.544267177581787,0.0001039904382196255,2.771474838256836
2997,-14.148148148148152,108,102,0.9385185185185185,1.4672729969024658,1.6457905769348145,0.00010251322237309068,1.2225159406661987
2998,40.91025641025641,52,49,0.9291025641025641,-11.266321182250977,14.258509635925293,0.00010297311382601038,3.1925904750823975
2999,41.01282051282051,52,49,0.9301282051282052,-7.408171653747559,6.556450366973877,0.00010296374239260331,1.2437405586242676
3000,-3.7526881720430083,93,83,0.8924731182795699,-9.685346603393555,5.885830402374268,0.00010300962458131835,0.48040974140167236
3001,-10.047619047619051,105,100,0.9495238095238095,13.435742378234863,13.21292781829834,0.00010278604895574972,1.1282340288162231
3002,-9.57142857142857,105,101,0.9542857142857143,16.791772842407227,21.065444946289062,0.00010196257790084928,1.8510555028915405
3003,46.90909090909091,44,40,0.9090909090909091,35.30307388305664,98.13895416259766,0.00010000027396017686,2.0193209648132324
3004,-12.271028037383175,107,102,0.9472897196261683,2.158864736557007,1.5930731296539307,9.983816562453285e-05,0.3672141134738922
3005,-5.702127659574472,94,83,0.8829787234042553,-24.67214584350586,32.91471862792969,0.00010031159035861492,2.4141573905944824
3006,63.95652173913044,23,20,0.8695652173913043,1.7947273254394531,0.7056115865707397,8.856911881593987e-05,0.8123672604560852
3007,-14.700305810397552,109,104,0.9429969418960245,-14.864320755004883,18.472681045532227,8.794619498075917e-05,0.35124170780181885
3008,68.9090909090909,22,20,0.9090909090909091,13.767121315002441,23.811784744262695,8.924362919060513e-05,4.868312835693359
3009,63.95652173913044,23,20,0.8695652173913043,-2.814687728881836,0.9641565084457397,8.716889715287834e-05,1.0736035108566284
3010,-5.702127659574472,94,83,0.8829787234042553,-32.9959602355957,57.22110366821289,8.740881457924843e-05,2.677685022354126
3011,-7.631578947368411,95,83,0.8736842105263158,-40.33367919921875,85.68592834472656,8.678605081513524e-05,0.6928178668022156
3012,-109.59186991869919,205,196,0.9540813008130081,-53.14893341064453,145.39735412597656,8.666324720252305e-05,1.9639317989349365
3013,43.18300653594771,51,49,0.9418300653594771,-10.920685768127441,13.005974769592285,8.025011629797518e-05,2.2864110469818115
3014,46.3611111111111,48,46,0.9436111111111111,-7.139950752258301,5.672069072723389,8.049240568652749e-05,2.178168296813965
3015,-111.05501618122977,206,196,0.9494498381877022,-8.417535781860352,4.668191432952881,8.000904927030206e-05,2.7461836338043213
3016,41.062893081761004,53,51,0.94062893081761,32.43471145629883,113.17320251464844,8.52077137096785e-05,9.648187637329102
3017,63.95652173913044,23,20,0.8695652173913043,7.948956489562988,7.873101711273193,8.43849775264971e-05,5.538462162017822
3018,-8.782051282051285,104,100,0.9521794871794872,35.63081359863281,94.2740478515625,0.00010514142923057079,19.120508193969727
3019,43.435374149659864,49,46,0.9243537414965987,-4.692752838134766,2.5907444953918457,0.00010517730697756633,0.3389192223548889
3020,41.09876543209876,54,52,0.9509876543209876,19.423341751098633,41.634342193603516,0.00010671323252609,5.478517532348633
3021,43.888888888888886,45,40,0.8888888888888888,4.847626209259033,2.677086114883423,0.00010133313480764627,1.3505573272705078
3022,-14.715151515151518,110,105,0.9528484848484848,11.460531234741211,10.353610038757324,0.00010066704999189824,1.1096827983856201
3023,46.90909090909091,44,40,0.9090909090909091,-8.480183601379395,5.5677008628845215,0.0001007583414320834,1.7386795282363892
3024,43.888888888888886,45,40,0.8888888888888888,-29.368350982666016,60.26990509033203,0.00010507719707675278,8.873302459716797
3025,63.95652173913044,23,20,0.8695652173913043,-30.354795455932617,103.59087371826172,9.258983482141048e-05,3.5939691066741943
3026,-114.28253968253969,210,202,0.9571746031746031,29.024097442626953,49.45553970336914,9.257437341148034e-05,1.7237045764923096
3027,63.95652173913044,23,20,0.8695652173913043,-23.817819595336914,64.03570556640625,9.53663547988981e-05,6.47359561920166
3028,43.888888888888886,45,40,0.8888888888888888,-23.64881706237793,41.78816223144531,9.662109368946403e-05,4.754420280456543
3029,-111.55072463768116,207,198,0.9544927536231884,9.98222541809082,6.978733539581299,9.653205779613927e-05,0.8961051106452942
3030,43.888888888888886,45,40,0.8888888888888888,-9.07314682006836,5.881948947906494,9.626277460483834e-05,1.4496533870697021
3031,68.9090909090909,22,20,0.9090909090909091,16.99935531616211,34.66181945800781,9.50073663261719e-05,3.521165370941162
3032,46.90909090909091,44,40,0.9090909090909091,14.48993968963623,16.994670867919922,9.531462274026126e-05,2.5834619998931885
3033,43.888888888888886,45,40,0.8888888888888888,4.183498859405518,2.036409854888916,9.52352856984362e-05,1.5709155797958374
3034,46.90909090909091,44,40,0.9090909090909091,15.8842134475708,21.641252517700195,9.703011164674535e-05,5.873776912689209
3035,40.91358024691358,54,52,0.9491358024691358,-6.5409674644470215,6.417381763458252,9.703441173769534e-05,0.6132227182388306
3036,43.87179487179486,52,51,0.9587179487179487,-5.743302345275879,4.922482967376709,9.740229870658368e-05,2.419312000274658
3037,-12.769470404984418,107,101,0.9423052959501558,-10.034106254577637,8.312080383300781,9.752109326655045e-05,1.1423176527023315
3038,63.95652173913044,23,20,0.8695652173913043,13.887207984924316,23.723365783691406,0.00010208358435193077,9.257563591003418
3039,42.85620915032679,51,48,0.938562091503268,-15.101113319396973,23.906875610351562,0.00010488335101399571,7.938668251037598
3040,41.3974358974359,52,49,0.933974358974359,-8.740103721618652,9.342242240905762,0.00010392707190476358,0.6169091463088989
3041,43.83660130718954,51,49,0.9483660130718954,7.928597450256348,6.78873348236084,0.00010402224870631471,1.7800194025039673
3042,-1.782608695652172,92,83,0.9021739130434783,-1.2179136276245117,0.7429618239402771,0.0001036081594065763,0.4522022306919098
3043,-5.702127659574472,94,83,0.8829787234042553,-17.3431339263916,16.346210479736328,0.00010454289440531284,4.454801559448242
3044,38.369696969696975,55,52,0.9336969696969697,21.900455474853516,49.10160446166992,0.00010427233792142943,0.3590155839920044
3045,-7.317152103559877,103,99,0.9568284789644013,19.43647003173828,28.173158645629883,0.00010602299153106287,6.115235805511475
3046,-115.03492063492064,210,200,0.9496507936507936,-47.76526641845703,126.48914337158203,0.0001072640297934413,4.036688327789307
3047,-1.782608695652172,92,83,0.9021739130434783,-0.2058844417333603,0.5425287485122681,0.0001070362632162869,0.14486825466156006
3048,-3.7526881720430083,93,83,0.8924731182795699,-8.036772727966309,4.085290908813477,0.00010518327326280996,0.30440086126327515
3049,-10.047619047619051,105,100,0.9495238095238095,13.23873519897461,12.68252944946289,0.00010265400487696752,3.7534384727478027
3050,-118.6822429906542,214,204,0.9531775700934579,-14.834795951843262,15.174764633178711,0.00010351071250624955,3.301877737045288
3051,63.95652173913044,23,20,0.8695652173913043,16.935216903686523,34.31471633911133,0.00010360330634284765,4.306848526000977
3052,-115.2063492063492,210,200,0.947936507936508,5.860264301300049,2.3410098552703857,0.00010123092943103984,0.20679336786270142
3053,40.95652173913044,46,40,0.8695652173913043,9.569189071655273,7.837677955627441,0.00010177896911045536,4.16318416595459
3054,43.888888888888886,45,40,0.8888888888888888,17.17927360534668,23.932415008544922,0.00010249946353724226,3.2781145572662354
3055,63.95652173913044,23,20,0.8695652173913043,4.275668144226074,2.7106516361236572,0.00010267904144711792,2.540696859359741
3056,-3.7526881720430083,93,83,0.8924731182795699,-14.009771347045898,10.93581485748291,9.029035572893918e-05,4.564459800720215
3057,-1.782608695652172,92,83,0.9021739130434783,-7.109904766082764,3.4075186252593994,9.023052552947775e-05,0.31678178906440735
3058,-5.702127659574472,94,83,0.8829787234042553,-25.489900588989258,35.27900695800781,9.022188896778971e-05,1.9505565166473389
3059,-14.700305810397552,109,104,0.9429969418960245,-3.0634918212890625,1.4082778692245483,9.016231342684478e-05,0.231119766831398
3060,43.888888888888886,45,40,0.8888888888888888,-9.9193754196167,7.222415447235107,8.9324101281818e-05,2.583305597305298
3061,-12.827160493827165,108,104,0.9517283950617283,7.7151079177856445,7.060977935791016,8.929303294280544e-05,3.999011993408203
3062,-3.7526881720430083,93,83,0.8924731182795699,-14.194294929504395,11.137435913085938,8.8820444943849e-05,1.044215440750122
3063,-1.782608695652172,92,83,0.9021739130434783,-4.137260913848877,1.4785187244415283,8.882914698915556e-05,0.20451074838638306
3064,63.95652173913044,23,20,0.8695652173913043,-12.350540161132812,16.54962158203125,8.901094406610355e-05,3.59330153465271
3065,68.9090909090909,22,20,0.9090909090909091,3.7318661212921143,2.060950756072998,8.901819819584489e-05,1.1835966110229492
3066,-119.61085271317829,215,206,0.9538914728682171,67.53059387207031,243.64297485351562,9.031270019477233e-05,4.901613712310791
3067,46.3611111111111,48,46,0.9436111111111111,-34.19689178466797,116.00787353515625,0.00011766538955271244,21.46881866455078
3068,68.9090909090909,22,20,0.9090909090909091,10.500143051147461,13.274282455444336,0.00011845208064187318,4.004746913909912
3069,63.95652173913044,23,20,0.8695652173913043,-0.695960283279419,0.26725566387176514,0.00011837194324471056,0.20454758405685425
3070,43.888888888888886,45,40,0.8888888888888888,15.033685684204102,18.495914459228516,0.00011885829735547304,3.2867431640625
3071,-7.631578947368411,95,83,0.8736842105263158,-22.501155853271484,27.509235382080078,0.0001193388452520594,2.720491886138916
3072,46.90909090909091,44,40,0.9090909090909091,32.39649963378906,74.70662689208984,0.00014197923883330077,18.878618240356445
3073,41.836601307189554,51,48,0.9283660130718955,-7.2653093338012695,6.316883087158203,0.00014243926852941513,2.5795907974243164
3074,40.95652173913044,46,40,0.8695652173913043,5.920991897583008,3.1901373863220215,0.00014239457959774882,2.057861804962158
3075,43.888888888888886,45,40,0.8888888888888888,14.881851196289062,18.366798400878906,0.00014223440666683018,1.9336711168289185
3076,-7.631578947368411,95,83,0.8736842105263158,-27.99733543395996,41.179466247558594,0.00014437104982789606,5.763701915740967
3077,40.95652173913044,46,40,0.8695652173913043,-2.079568386077881,0.5310435891151428,0.0001436219026800245,0.8655952215194702
3078,-119.61085271317829,215,206,0.9538914728682171,-52.389530181884766,160.81729125976562,0.00014325641677714884,1.403701901435852
3079,-10.047619047619051,105,100,0.9495238095238095,11.865365982055664,10.248974800109863,0.00014319857291411608,3.684235095977783
3080,46.90909090909091,44,40,0.9090909090909091,21.04067611694336,35.42030715942383,0.0001450346171623096,6.153426170349121
3081,-117.16037735849056,212,202,0.9483962264150944,-29.71173667907715,53.48649215698242,0.00014652682875748724,5.744797229766846
3082,-3.7526881720430083,93,83,0.8924731182795699,-6.131445407867432,2.673257350921631,0.0001467218535253778,2.3756277561187744
3083,68.9090909090909,22,20,0.9090909090909091,10.992921829223633,13.982351303100586,0.00014737715537194163,3.3665122985839844
3084,-118.7601246105919,214,204,0.952398753894081,10.753375053405762,8.102344512939453,0.00014858563372399658,4.185108661651611
3085,-120.12558139534883,215,204,0.9487441860465117,12.717342376708984,9.991521835327148,0.0001448072725906968,0.804571807384491
3086,-10.880503144654085,106,101,0.9511949685534591,21.805082321166992,35.11953353881836,0.00014639965957030654,6.834808826446533
3087,43.888888888888886,45,40,0.8888888888888888,-8.932151794433594,5.681172847747803,0.0001464128290535882,0.9279931783676147
3088,44.373333333333335,50,48,0.9437333333333333,-32.888607025146484,116.4804916381836,0.00015516513667535037,12.580376625061035
3089,44.373333333333335,50,48,0.9437333333333333,-18.55747413635254,38.871971130371094,0.00015530420932918787,2.8653688430786133
3090,-113.75279106858054,209,200,0.9524720893141946,45.98015594482422,112.30785369873047,0.00015620414342265576,4.160807132720947
3091,-9.57142857142857,105,101,0.9542857142857143,37.74275207519531,105.16217041015625,0.00015282664389815181,0.8287162780761719
3092,40.95652173913044,46,40,0.8695652173913043,19.07473373413086,28.03573989868164,0.00015280753723345697,0.6618481278419495
3093,40.95652173913044,46,40,0.8695652173913043,19.941431045532227,29.949411392211914,0.0001544209517305717,4.891890048980713
3094,43.87179487179486,52,51,0.9587179487179487,26.335569381713867,81.1662826538086,0.00016127480193972588,10.817192077636719
3095,46.90909090909091,44,40,0.9090909090909091,23.70857810974121,45.90402603149414,0.0001616147201275453,2.5814719200134277
3096,44.69333333333333,50,48,0.9469333333333333,-21.648855209350586,55.333805084228516,0.00016553148452658206,8.237258911132812
3097,-14.61212121212121,110,106,0.9538787878787879,-10.87409782409668,10.269655227661133,0.0001692299556452781,7.58390474319458
3098,-14.61212121212121,110,106,0.9538787878787879,-15.9664945602417,20.22157859802246,0.00016890505503397435,1.889340877532959
3099,63.95652173913044,23,20,0.8695652173913043,-15.211318016052246,23.85626983642578,0.00017391708388458937,9.26522445678711
3100,43.888888888888886,45,40,0.8888888888888888,-17.527992248535156,21.817031860351562,0.0001748797221807763,4.238176345825195
3101,-120.12558139534883,215,204,0.9487441860465117,-75.72209167480469,307.89410400390625,0.00017563365690875798,3.345595121383667
3102,40.814814814814824,54,52,0.9481481481481482,-15.77676773071289,31.091644287109375,0.00017568237672094256,2.0758965015411377
3103,0.2087912087912116,91,83,0.9120879120879121,2.7361032962799072,1.058801531791687,0.00017540142289362848,0.47978153824806213
3104,43.888888888888886,45,40,0.8888888888888888,17.22279167175293,23.358360290527344,0.00017561143613420427,2.113657236099243
3105,43.18300653594771,51,49,0.9418300653594771,10.761516571044922,12.989145278930664,0.00017517291416879743,0.1572939157485962
3106,46.90909090909091,44,40,0.9090909090909091,37.769779205322266,109.86943817138672,0.00017640953592490405,4.628238677978516
3107,-7.631578947368411,95,83,0.8736842105263158,-19.188276290893555,19.61030387878418,0.00017696298891678452,3.0173110961914062
3108,43.888888888888886,45,40,0.8888888888888888,17.357324600219727,24.775300979614258,0.0001761380844982341,3.0137901306152344
3109,63.95652173913044,23,20,0.8695652173913043,-1.6801990270614624,0.49185100197792053,0.00017609096539672464,0.4423571228981018
3110,68.9090909090909,22,20,0.9090909090909091,9.946527481079102,12.627445220947266,0.00017581434804014862,1.6408519744873047
3111,68.9090909090909,22,20,0.9090909090909091,6.354872226715088,5.184172630310059,0.00017586442118044943,1.5666968822479248
3112,43.888888888888886,45,40,0.8888888888888888,-9.67424201965332,6.725716590881348,0.00017573700461070985,1.0598981380462646
3113,68.9090909090909,22,20,0.9090909090909091,-1.09279465675354,0.3432781398296356,0.0001754899712977931,0.43699461221694946
3114,63.95652173913044,23,20,0.8695652173913043,-18.976511001586914,37.687618255615234,0.00017770442354958504,6.2539448738098145
3115,-109.54634146341463,205,196,0.9545365853658536,57.30646896362305,184.55624389648438,0.00018280241056345403,9.333901405334473
3116,-121.05246913580247,216,206,0.9494753086419753,20.726613998413086,27.12445831298828,0.0001783026527846232,5.030358791351318
3117,-115.73617693522907,211,202,0.9526382306477094,8.344788551330566,7.736333847045898,0.00017713890701998025,3.625227451324463
3118,-121.05246913580247,216,206,0.9494753086419753,-23.81719970703125,33.69097900390625,0.0001567941071698442,5.23667049407959
3119,-14.61212121212121,110,106,0.9538787878787879,-15.982684135437012,19.448083877563477,0.00015744981647003442,3.233283042907715
3120,-3.7526881720430083,93,83,0.8924731182795699,-47.84770965576172,133.18853759765625,0.00015912295202724636,7.585967063903809
3121,41.836601307189554,51,48,0.9283660130718955,-73.99283599853516,608.202880859375,0.0002294143196195364,33.94540786743164
3122,43.888888888888886,45,40,0.8888888888888888,-4.81936502456665,1.7894054651260376,0.0002294398727826774,1.8927210569381714
3123,-113.00961538461539,208,198,0.9499038461538462,-16.529993057250977,21.453824996948242,0.00023103175044525415,5.8586249351501465
3124,43.18300653594771,51,49,0.9418300653594771,28.282651901245117,84.75249481201172,0.0002437850198475644,16.555320739746094
3125,-11.471698113207552,106,101,0.9452830188679245,39.904640197753906,113.72760772705078,0.00028735731029883027,26.775941848754883
3126,-3.7526881720430083,93,83,0.8924731182795699,19.582536697387695,19.942922592163086,0.000287237751763314,0.9626175165176392
3127,63.95652173913044,23,20,0.8695652173913043,49.157657623291016,267.11517333984375,0.00028992813895456493,9.45057487487793
3128,-3.7526881720430083,93,83,0.8924731182795699,17.206274032592773,15.27464771270752,0.00028897100128233433,2.15988826751709
3129,-120.2031007751938,215,204,0.947968992248062,-22.856403350830078,46.45280075073242,0.00029188208281993866,7.007582664489746
3130,42.85620915032679,51,48,0.938562091503268,47.19529724121094,224.55116271972656,0.000302082858979702,12.823596000671387
3131,-3.7526881720430083,93,83,0.8924731182795699,3.8461344242095947,1.0923106670379639,0.0003012854140251875,0.36539068818092346
3132,68.9090909090909,22,20,0.9090909090909091,38.07237243652344,169.32920837402344,0.0003115689323749393,13.114617347717285
3133,-7.631578947368411,95,83,0.8736842105263158,-29.44834327697754,43.95473861694336,0.00031299705733545125,5.0193610191345215
3134,63.95652173913044,23,20,0.8695652173913043,6.540570259094238,5.317180633544922,0.0003109580429736525,1.26533043384552
3135,-5.702127659574472,94,83,0.8829787234042553,-34.066585540771484,62.89728927612305,0.0003116210864391178,3.406672716140747
3136,-1.782608695652172,92,83,0.9021739130434783,-21.6221866607666,26.341218948364258,0.00031637787469662726,9.102900505065918
3137,43.888888888888886,45,40,0.8888888888888888,-22.028051376342773,36.053558349609375,0.0003174575394950807,4.452445983886719
3138,-1.782608695652172,92,83,0.9021739130434783,-24.148386001586914,32.826873779296875,0.0003123207134194672,1.4129531383514404
3139,-3.7526881720430083,93,83,0.8924731182795699,-31.13444709777832,51.005367279052734,0.0003098890301771462,4.8603010177612305
3140,-13.592592592592595,108,103,0.9440740740740741,-12.638158798217773,11.961050987243652,0.000309885450406,0.5344206690788269
3141,43.888888888888886,45,40,0.8888888888888888,-15.3743257522583,17.147367477416992,0.0003098931338172406,1.8809542655944824
3142,-109.59186991869919,205,196,0.9540813008130081,17.939170837402344,17.853633880615234,0.0003105360665358603,3.2686750888824463
3143,68.9090909090909,22,20,0.9090909090909091,2.2736868858337402,1.1450636386871338,0.00030931897344999015,0.5897300839424133
3144,43.888888888888886,45,40,0.8888888888888888,1.3137388229370117,2.762328624725342,0.00030936673283576965,0.846047580242157
3145,63.95652173913044,23,20,0.8695652173913043,-9.60080623626709,9.58866024017334,0.00030721243820153177,2.0506229400634766
3146,-13.592592592592595,108,103,0.9440740740740741,16.767574310302734,23.191755294799805,0.00031253372435458004,10.008731842041016
3147,-115.73617693522907,211,202,0.9526382306477094,18.389493942260742,17.554231643676758,0.00031281073461286724,2.1038413047790527
3148,46.90909090909091,44,40,0.9090909090909091,22.265451431274414,46.67366409301758,0.0003136323648504913,3.6221842765808105
3149,-3.7526881720430083,93,83,0.8924731182795699,-4.600519180297852,1.588857650756836,0.00031277441303245723,0.6401261687278748
3150,-1.782608695652172,92,83,0.9021739130434783,1.0786620378494263,0.7203957438468933,0.00031209690496325493,0.5146408081054688
3151,-3.7526881720430083,93,83,0.8924731182795699,-10.007081031799316,5.2746477127075195,0.0003115172730758786,3.0174014568328857
3152,-13.592592592592595,108,103,0.9440740740740741,4.257238864898682,1.7660554647445679,0.0003122167836409062,3.317871570587158
3153,-115.81200631911533,211,201,0.9518799368088467,-22.19052505493164,29.04014778137207,0.0003124904178548604,4.697482585906982
3154,63.95652173913044,23,20,0.8695652173913043,-12.995759963989258,17.53800392150879,0.0003118818858638406,1.1219595670700073
3155,-11.471698113207552,106,101,0.9452830188679245,5.739701747894287,2.8110573291778564,0.0003118769091088325,2.5655083656311035
3156,-5.702127659574472,94,83,0.8829787234042553,-21.057600021362305,22.980518341064453,0.00031123703229241073,3.2435176372528076
3157,38.369696969696975,55,52,0.9336969696969697,-16.883804321289062,33.003501892089844,0.00031244836281985044,4.379284381866455
3158,-3.7526881720430083,93,83,0.8924731182795699,-7.340337753295898,2.9041666984558105,0.00031240980024449527,1.6340152025222778
3159,43.888888888888886,45,40,0.8888888888888888,9.53187370300293,8.411750793457031,0.0003125006624031812,1.1709091663360596
3160,-16.573573573573583,111,105,0.9442642642642642,13.610692024230957,13.169328689575195,0.0003120957699138671,0.4334549307823181
3161,0.2087912087912116,91,83,0.9120879120879121,18.134572982788086,18.043821334838867,0.00031147635309025645,2.64310622215271
3162,-115.81200631911533,211,201,0.9518799368088467,-0.7792308926582336,2.3854715824127197,0.00031158275669440627,1.6682512760162354
3163,43.73202614379085,51,49,0.9473202614379085,10.620888710021973,14.001487731933594,0.0003133780846837908,5.328086853027344
3164,40.814814814814824,54,52,0.9481481481481482,16.417327880859375,29.636566162109375,0.0003158949548378587,7.3366265296936035
3165,-5.702127659574472,94,83,0.8829787234042553,-13.67449951171875,10.016705513000488,0.0003161013300996274,2.2383906841278076
3166,43.888888888888886,45,40,0.8888888888888888,3.156208038330078,1.1527494192123413,0.00031459968886338174,0.2649402618408203
3167,-7.631578947368411,95,83,0.8736842105263158,-29.134498596191406,44.093505859375,0.00028596847550943494,1.795737385749817
3168,40.95652173913044,46,40,0.8695652173913043,-18.01279067993164,22.81685447692871,0.00028632470639422536,4.272675037384033
3169,-113.75279106858054,209,200,0.9524720893141946,-13.765989303588867,11.473715782165527,0.00028634839691221714,0.4738902449607849
3170,-3.7526881720430083,93,83,0.8924731182795699,-11.150606155395508,7.057855129241943,0.00028560144710354507,0.2470797747373581
3171,46.90909090909091,44,40,0.9090909090909091,6.8977370262146,4.295401573181152,0.00028534987359307706,1.2578240633010864
3172,68.9090909090909,22,20,0.9090909090909091,9.028727531433105,10.152482986450195,0.0002639768354129046,2.477689266204834
3173,-14.700305810397552,109,104,0.9429969418960245,4.620978832244873,2.0223701000213623,0.00026364883524365723,1.0635501146316528
3174,63.95652173913044,23,20,0.8695652173913043,-8.191558837890625,7.225279808044434,0.0002640163293108344,3.1877660751342773
3175,43.888888888888886,45,40,0.8888888888888888,-6.147737503051758,2.7177436351776123,0.0002638680161908269,1.3041170835494995
3176,-113.75279106858054,209,200,0.9524720893141946,7.394036769866943,3.4585630893707275,0.000261889974353835,0.6370289325714111
3177,43.73202614379085,51,49,0.9473202614379085,-24.65483856201172,73.29016876220703,0.0003192097938153893,30.721569061279297
3178,-3.7526881720430083,93,83,0.8924731182795699,-3.1270790100097656,0.8503316044807434,0.00031916736043058336,1.0618375539779663
3179,-16.573573573573583,111,105,0.9442642642642642,15.982718467712402,18.1317081451416,0.0003190169809386134,3.2979748249053955
3180,43.888888888888886,45,40,0.8888888888888888,17.334501266479492,22.621171951293945,0.0003165139351040125,1.4560012817382812
3181,-3.7526881720430083,93,83,0.8924731182795699,3.931218385696411,1.1883119344711304,0.00031475559808313847,0.08356424421072006
3182,63.95652173913044,23,20,0.8695652173913043,5.738997459411621,4.196300983428955,0.00031451572431251407,2.2992188930511475
3183,45.733333333333334,50,48,0.9573333333333334,15.260913848876953,24.536121368408203,0.0003156723396386951,5.251186370849609
3184,-12.214953271028037,107,102,0.9478504672897197,24.36389923095703,41.370906829833984,0.0003163796500302851,5.477686882019043
3185,-1.782608695652172,92,83,0.9021739130434783,6.28676700592041,2.4791674613952637,0.0003164584923069924,0.8293972611427307
3186,-5.702127659574472,94,83,0.8829787234042553,-15.212586402893066,12.831613540649414,0.00031399857834912837,1.6635897159576416
3187,43.888888888888886,45,40,0.8888888888888888,0.33996742963790894,0.34812355041503906,0.00031395407859236,0.28394389152526855
3188,43.888888888888886,45,40,0.8888888888888888,-3.9499382972717285,1.2393052577972412,0.0003036310663446784,0.8950955867767334
3189,-111.05501618122977,206,196,0.9494498381877022,-5.903266906738281,2.803448438644409,0.0003033562679775059,0.8029173016548157
3190,-3.7526881720430083,93,83,0.8924731182795699,-16.11510467529297,14.130555152893066,0.00030269872513599694,2.806565761566162
3191,40.95652173913044,46,40,0.8695652173913043,-20.678451538085938,29.7624568939209,0.00030291106668300927,2.1697089672088623
3192,43.888888888888886,45,40,0.8888888888888888,-7.651003837585449,4.369251251220703,0.0003041441668756306,4.082581520080566
3193,-16.47147147147146,111,106,0.9452852852852853,-4.4644975662231445,2.2913005352020264,0.0003032271342817694,2.7305030822753906
3194,-109.59186991869919,205,196,0.9540813008130081,7.197635173797607,3.6303086280822754,0.00029550513136200607,0.458056777715683
3195,-11.471698113207552,106,101,0.9452830188679245,6.606273174285889,3.283519744873047,0.0002950340276584029,1.0323033332824707
3196,45.16,50,48,0.9516,-11.952136993408203,14.026627540588379,0.0002933875366579741,5.448848724365234
3197,63.95652173913044,23,20,0.8695652173913043,2.557252883911133,1.2829349040985107,0.00029022700618952513,1.4577683210372925
3198,-121.05246913580247,216,206,0.9494753086419753,-12.42245864868164,10.294034957885742,0.0002901372208725661,0.8351792097091675
3199,41.52287581699346,51,48,0.9252287581699347,-3.7103021144866943,2.284125328063965,0.0002845060371328145,0.1077764481306076
3200,-121.04012345679013,216,206,0.9495987654320988,-1.4811530113220215,2.0962135791778564,0.000283223605947569,0.9206200838088989
3201,-115.71090047393365,211,202,0.9528909952606635,16.84705924987793,15.1151762008667,0.0002827074204105884,0.3678228557109833
3202,43.888888888888886,45,40,0.8888888888888888,35.55009841918945,97.90406799316406,0.0002832384197972715,3.849111318588257
3203,63.95652173913044,23,20,0.8695652173913043,12.543841361999512,18.65931510925293,0.00028716278029605746,7.683321475982666
3204,68.9090909090909,22,20,0.9090909090909091,24.421722412109375,66.30937957763672,0.00028712741914205253,1.9773772954940796
3205,-3.7526881720430083,93,83,0.8924731182795699,-3.8210561275482178,1.0947984457015991,0.0002871581818908453,1.0074913501739502
3206,41.01282051282051,52,49,0.9301282051282052,-9.120101928710938,9.271135330200195,0.0002866373979486525,4.253990173339844
3207,-3.7526881720430083,93,83,0.8924731182795699,-7.812236309051514,3.5396957397460938,0.0002865763963200152,3.2849271297454834
3208,-1.782608695652172,92,83,0.9021739130434783,-0.7454972863197327,0.4007939100265503,0.0002859158266801387,0.1654532253742218
3209,-18.31547619047619,112,106,0.9368452380952381,-7.656569004058838,4.732827186584473,0.0002862890833057463,2.180022954940796
3210,-10.047619047619051,105,100,0.9495238095238095,10.179824829101562,7.622946739196777,0.00028618270880542696,0.6326398849487305
3211,43.888888888888886,45,40,0.8888888888888888,0.4886739253997803,0.3828597664833069,0.0002859830274246633,0.4751009941101074
3212,-117.18553459119498,212,202,0.9481446540880503,-11.333149909973145,7.675355434417725,0.00028592647868208587,0.6323637366294861
3213,40.95652173913044,46,40,0.8695652173913043,-14.232697486877441,14.910016059875488,0.0002860174572560936,1.4953675270080566
3214,42.85620915032679,51,48,0.938562091503268,-20.940134048461914,45.64611053466797,0.0002838924992829561,0.3927439749240875
3215,-117.16037735849056,212,202,0.9483962264150944,4.208265781402588,1.6064022779464722,0.0002788639976643026,0.3625602126121521
3216,63.95652173913044,23,20,0.8695652173913043,-6.972587585449219,6.13011360168457,0.00027742452220991254,2.5393614768981934
3217,46.90909090909091,44,40,0.9090909090909091,35.77839279174805,97.83708190917969,0.0002780154754873365,4.88385534286499
3218,-3.7526881720430083,93,83,0.8924731182795699,1.2233835458755493,0.40330368280410767,0.00027656767633743584,0.5324122905731201
3219,-1.782608695652172,92,83,0.9021739130434783,10.877374649047852,6.571391582489014,0.0002760895877145231,0.5787699818611145
3220,-114.46411483253588,209,198,0.9453588516746412,18.469758987426758,17.530664443969727,0.0002723064098972827,1.1662814617156982
3221,63.95652173913044,23,20,0.8695652173913043,-1.8084312677383423,0.8991689085960388,0.00020239253353793174,1.868114709854126
3222,68.9090909090909,22,20,0.9090909090909091,12.100353240966797,16.51321029663086,0.0002046611625701189,6.329853534698486
3223,-114.28253968253969,210,202,0.9571746031746031,13.484012603759766,9.803572654724121,0.0002026331058004871,0.8163200616836548
3224,-11.13968253968254,105,99,0.9386031746031746,8.973133087158203,5.332762241363525,0.00018578724120743573,1.8798185586929321
3225,68.9090909090909,22,20,0.9090909090909091,3.0515809059143066,1.8010671138763428,0.00014056048530619591,0.6951520442962646
3226,-115.73617693522907,211,202,0.9526382306477094,-20.856029510498047,23.112651824951172,0.00014083090354688466,2.6672019958496094
3227,46.90909090909091,44,40,0.9090909090909091,11.430549621582031,11.621721267700195,0.00013495942403096706,2.6311092376708984
3228,-118.6822429906542,214,204,0.9531775700934579,-29.300426483154297,45.81776809692383,0.00013479888730216771,0.3738254904747009
3229,44.69333333333333,50,48,0.9469333333333333,-24.55653190612793,67.44004821777344,0.00013980461517348886,12.113448143005371
3230,43.73202614379085,51,49,0.9473202614379085,-12.342875480651855,16.952531814575195,0.0001358792360406369,9.816807746887207
3231,50.02325581395348,43,40,0.9302325581395349,32.45009231567383,86.15215301513672,0.00013587568537332118,1.248264193534851
3232,63.95652173913044,23,20,0.8695652173913043,-12.147622108459473,16.004880905151367,0.000130600921693258,7.881687641143799
3233,-3.7526881720430083,93,83,0.8924731182795699,-4.223359107971191,1.3054159879684448,0.00012874812819063663,0.32878124713897705
3234,-5.702127659574472,94,83,0.8829787234042553,-9.923542976379395,5.481773376464844,0.00012861861614510417,1.6370573043823242
3235,41.52287581699346,51,48,0.9252287581699347,14.327240943908691,19.968421936035156,0.0001293358363909647,5.031257152557373
3236,-16.47147147147146,111,106,0.9452852852852853,22.954288482666016,35.20172119140625,0.00012590314145199955,6.958998680114746
3237,-16.573573573573583,111,105,0.9442642642642642,17.214099884033203,21.497081756591797,0.00012609663826879114,4.68478536605835
3238,63.95652173913044,23,20,0.8695652173913043,-7.591409206390381,6.500411510467529,0.0001271582004847005,5.241727828979492
3239,-5.702127659574472,94,83,0.8829787234042553,-15.37890338897705,12.409808158874512,0.00012530694948509336,0.6339960694313049
3240,63.95652173913044,23,20,0.8695652173913043,-11.09127426147461,14.214362144470215,0.00012533408880699426,1.5487574338912964
3241,40.814814814814824,54,52,0.9481481481481482,14.85875129699707,23.519968032836914,0.00012523014447651803,0.7493419647216797
3242,-10.047619047619051,105,100,0.9495238095238095,10.472982406616211,8.566780090332031,0.0001265127502847463,6.010898113250732
3243,68.9090909090909,22,20,0.9090909090909091,-1.7959636449813843,0.9319604635238647,0.0001267627812922001,1.2118250131607056
3244,43.888888888888886,45,40,0.8888888888888888,0.26195043325424194,0.5389378666877747,0.00012668102863244712,0.3968217372894287
3245,41.52287581699346,51,48,0.9252287581699347,-34.03123474121094,114.60822296142578,0.00013229201431386173,10.504658699035645
3246,44.373333333333335,50,48,0.9437333333333333,-14.634592056274414,21.171119689941406,0.00012575207802001387,4.88298225402832
3247,0.2087912087912116,91,83,0.9120879120879121,5.734500408172607,2.652888059616089,0.00012533084372989833,0.6163725256919861
3248,-3.7526881720430083,93,83,0.8924731182795699,-7.156894683837891,2.879119634628296,0.00012444589810911566,1.3069707155227661
3249,-13.592592592592595,108,103,0.9440740740740741,11.337325096130371,9.342168807983398,0.00012452280498109758,0.18454833328723907
3250,46.3611111111111,48,46,0.9436111111111111,31.801898956298828,102.33100128173828,0.00013284606393426657,10.618393898010254
3251,41.062893081761004,53,51,0.94062893081761,36.83682632446289,139.6527557373047,0.00018528055807109922,30.618553161621094
3252,43.73202614379085,51,49,0.9473202614379085,14.43773078918457,23.15761947631836,0.0001869023690233007,4.232425689697266
3253,43.888888888888886,45,40,0.8888888888888888,5.37027645111084,2.8026342391967773,0.00018479954451322556,0.648418128490448
3254,68.9090909090909,22,20,0.9090909090909091,-7.236605644226074,5.618410587310791,0.00018504689796827734,1.0098100900650024
3255,68.9090909090909,22,20,0.9090909090909091,-12.581962585449219,18.118793487548828,0.00018690094293560833,8.031902313232422
3256,40.95652173913044,46,40,0.8695652173913043,-46.15799331665039,153.11273193359375,0.0001904329692479223,6.98652982711792
3257,-3.7526881720430083,93,83,0.8924731182795699,-56.9865608215332,171.83340454101562,0.000190518592717126,2.861301898956299
3258,-1.782608695652172,92,83,0.9021739130434783,-44.397701263427734,108.48783874511719,0.0001912448788061738,5.155091762542725
3259,68.9090909090909,22,20,0.9090909090909091,-4.522080421447754,2.3480982780456543,0.00019159172370564193,1.642345905303955
3260,41.836601307189554,51,48,0.9283660130718955,-56.40998077392578,323.5227355957031,0.00028231285978108644,37.278785705566406
3261,-12.968847352024923,107,101,0.9403115264797508,-19.651016235351562,24.601459503173828,0.00028729368932545185,8.768068313598633
3262,-115.2063492063492,210,200,0.947936507936508,-3.517831325531006,3.8516111373901367,0.00028798083076253533,2.818669319152832
3263,0.2087912087912116,91,83,0.9120879120879121,17.884593963623047,18.733922958374023,0.0002868632727768272,1.2983553409576416
3264,-3.7526881720430083,93,83,0.8924731182795699,10.006006240844727,6.027490139007568,0.000284544745227322,3.108037233352661
3265,38.09090909090909,55,52,0.9309090909090909,76.88664245605469,572.9321899414062,0.00032983467099256814,27.266277313232422
3266,63.95652173913044,23,20,0.8695652173913043,58.35491180419922,373.6652526855469,0.000359746947651729,22.55500602722168
3267,35.52380952380952,56,52,0.9152380952380952,40.2990837097168,153.75030517578125,0.00048474466893821955,46.153717041015625
3268,-117.18553459119498,212,202,0.9481446540880503,-6.890749454498291,3.7336559295654297,0.0004830273683182895,0.6729066371917725
3269,38.18787878787879,55,52,0.9318787878787879,-7.391290664672852,6.527351379394531,0.00048283461364917457,1.288145661354065
3270,-9.57142857142857,105,101,0.9542857142857143,-8.835268020629883,5.292581558227539,0.00048273481661453843,1.6663612127304077
3271,-11.13968253968254,105,99,0.9386031746031746,-27.07175064086914,49.4825553894043,0.0004823278868570924,1.3779247999191284
3272,45.733333333333334,50,48,0.9573333333333334,-51.31790542602539,261.713134765625,0.00048232064000330865,1.4194450378417969
3273,63.95652173913044,23,20,0.8695652173913043,1.2066562175750732,0.5989602208137512,0.00048259375034831464,0.7479127049446106
3274,63.95652173913044,23,20,0.8695652173913043,3.270467758178711,1.684696078300476,0.0004824486677534878,1.6462395191192627
3275,43.888888888888886,45,40,0.8888888888888888,-10.444769859313965,7.9720354080200195,0.0004833759448956698,2.640491008758545
3276,68.9090909090909,22,20,0.9090909090909091,22.512950897216797,57.79902648925781,0.0004904298693872988,11.945237159729004
3277,38.09090909090909,55,52,0.9309090909090909,-45.44458770751953,208.86865234375,0.00045033489004708827,13.996411323547363
3278,-1.782608695652172,92,83,0.9021739130434783,-15.386425971984863,15.998583793640137,0.0004506000259425491,1.0808634757995605
3279,68.9090909090909,22,20,0.9090909090909091,32.450592041015625,122.89105224609375,0.00047352819819934666,18.51888084411621
3280,-124.50764525993884,218,204,0.9349235474006116,-29.650251388549805,49.48362731933594,0.00048058904940262437,10.065262794494629
3281,-18.31547619047619,112,106,0.9368452380952381,-5.901932716369629,4.119650363922119,0.0004805609059985727,1.0447113513946533
3282,-3.7526881720430083,93,83,0.8924731182795699,-1.6710810661315918,0.7556273341178894,0.0004804249037988484,0.27719494700431824
3283,40.95652173913044,46,40,0.8695652173913043,25.349098205566406,45.81291580200195,0.0004788141814060509,3.8667423725128174
3284,43.888888888888886,45,40,0.8888888888888888,36.63920593261719,98.81745147705078,0.00047932518646121025,6.125579357147217
3285,46.90909090909091,44,40,0.9090909090909091,44.53822708129883,142.72109985351562,0.0004819311434403062,7.303237438201904
3286,43.888888888888886,45,40,0.8888888888888888,22.360376358032227,37.80046844482422,0.0004910202696919441,11.464303016662598
3287,-14.456790123456784,108,102,0.9354320987654321,12.636479377746582,11.437971115112305,0.0004910856951028109,0.6634650230407715
3288,-121.64197530864197,216,204,0.9435802469135802,55.457069396972656,144.96217346191406,0.000494147592689842,7.448147296905518
3289,41.836601307189554,51,48,0.9283660130718955,-57.669952392578125,332.369140625,0.0006129927351139486,43.41559600830078
3290,-10.688888888888883,105,100,0.9431111111111111,1.8884563446044922,1.0554852485656738,0.0006128227105364203,2.382950782775879
3291,41.062893081761004,53,51,0.94062893081761,-33.07762908935547,104.82095336914062,0.0006144392536953092,5.410772800445557
3292,-1.782608695652172,92,83,0.9021739130434783,-2.4355053901672363,1.599256992340088,0.0006132646230980754,0.19577571749687195
3293,-16.0091743119266,109,102,0.929908256880734,-2.0759758949279785,2.664527416229248,0.0006129162502475083,0.21422795951366425
3294,-12.968847352024923,107,101,0.9403115264797508,13.864338874816895,13.590493202209473,0.0006131776608526707,2.5405020713806152
3295,-112.51368760064412,207,196,0.9448631239935588,20.624059677124023,20.36949348449707,0.0006152061396278441,6.148530960083008
3296,68.9090909090909,22,20,0.9090909090909091,36.14609146118164,138.37985229492188,0.0006190947024151683,9.922403335571289
3297,-121.04012345679013,216,206,0.9495987654320988,-8.91324234008789,6.456973075866699,0.0006190631538629532,0.6880108714103699
3298,68.9090909090909,22,20,0.9090909090909091,31.916759490966797,123.77216339111328,0.000620935985352844,5.48606538772583
3299,38.63522012578616,53,49,0.9163522012578617,14.631952285766602,22.479957580566406,0.0006224861717782915,4.656924247741699
3300,59.33333333333334,24,20,0.8333333333333334,-9.552594184875488,9.62043285369873,0.000622612948063761,1.599365234375
3301,63.95652173913044,23,20,0.8695652173913043,-0.6050149202346802,0.3087376654148102,0.0006226103287190199,0.3515607714653015
3302,68.9090909090909,22,20,0.9090909090909091,10.116347312927246,12.13027572631836,0.0006216915789991617,1.3220504522323608
3303,-11.943396226415103,106,100,0.940566037735849,-10.555266380310059,12.017739295959473,0.000617596204392612,0.6687877774238586
3304,-1.782608695652172,92,83,0.9021739130434783,-15.105521202087402,13.317020416259766,0.0006174313020892441,1.2985241413116455
3305,43.888888888888886,45,40,0.8888888888888888,-1.0252904891967773,0.5474058985710144,0.0006174407317303121,0.9270293116569519
3306,43.888888888888886,45,40,0.8888888888888888,-4.646406173706055,1.7470004558563232,0.000616533390711993,0.3363393247127533
3307,45.16,50,48,0.9516,-24.54241943359375,61.46538162231445,0.0006205548997968435,9.040765762329102
3308,-122.47772657450076,217,206,0.9452227342549924,-71.09698486328125,248.88291931152344,0.0006238328642211854,7.739004135131836
3309,41.01282051282051,52,49,0.9301282051282052,-10.013863563537598,10.345027923583984,0.0006237431080080569,1.922780990600586
3310,-14.456790123456784,108,102,0.9354320987654321,2.319815158843994,4.045963764190674,0.0006239022477529943,1.4845081567764282
3311,-3.7526881720430083,93,83,0.8924731182795699,-1.9812442064285278,1.4599279165267944,0.0006238522473722696,0.39069002866744995
3312,63.95652173913044,23,20,0.8695652173913043,5.3950629234313965,4.7848286628723145,0.000624208536464721,2.075561046600342
3313,-3.7526881720430083,93,83,0.8924731182795699,11.194496154785156,6.729249954223633,0.000624325592070818,2.3797922134399414
3314,63.95652173913044,23,20,0.8695652173913043,16.734899520874023,32.943660736083984,0.0006251356098800898,3.8019824028015137
3315,-1.782608695652172,92,83,0.9021739130434783,27.916770935058594,39.60639572143555,0.0006262121605686843,3.594897508621216
3316,-18.31547619047619,112,106,0.9368452380952381,54.90993118286133,208.9440155029297,0.0006654778262600303,24.90397834777832
3317,0.2087912087912116,91,83,0.9120879120879121,30.23099708557129,47.00047302246094,0.0006654312601312995,4.352408409118652
3318,43.18300653594771,51,49,0.9418300653594771,38.88589096069336,148.78558349609375,0.0006717941723763943,10.417830467224121
3319,42.294117647058826,51,48,0.9329411764705883,-0.4748070538043976,0.6611970663070679,0.000671754009090364,0.6275213360786438
3320,43.87179487179486,52,51,0.9587179487179487,-6.938261032104492,5.381925582885742,0.0006716899224556983,0.40264633297920227
3321,-14.700305810397552,109,104,0.9429969418960245,-19.346393585205078,26.363916397094727,0.0006721288082189858,2.928997039794922
3322,68.9090909090909,22,20,0.9090909090909091,-35.83247375488281,136.95986938476562,0.0006827994366176426,14.755505561828613
3323,68.9090909090909,22,20,0.9090909090909091,-35.0443229675293,137.2831573486328,0.0006980407051742077,16.244165420532227
3324,-3.7526881720430083,93,83,0.8924731182795699,-43.472862243652344,99.70552825927734,0.000698771676979959,3.621777296066284
3325,-120.12558139534883,215,204,0.9487441860465117,17.457839965820312,33.96591567993164,0.0007007844396866858,6.283981800079346
3326,-12.578616352201266,106,100,0.9342138364779874,-35.209800720214844,83.4085464477539,0.0007315693655982614,22.02631950378418
3327,-14.839506172839506,108,101,0.931604938271605,-33.6124382019043,74.8882064819336,0.000741523748729378,12.716573715209961
3328,-113.92307692307692,208,196,0.9407692307692308,13.023478507995605,21.574445724487305,0.0007422911585308611,3.718639612197876
3329,43.18300653594771,51,49,0.9418300653594771,-16.216997146606445,26.05634117126465,0.0007336089038290083,1.4220918416976929
3330,68.9090909090909,22,20,0.9090909090909091,20.439611434936523,50.19651794433594,0.0007297168485820293,5.633175373077393
3331,63.95652173913044,23,20,0.8695652173913043,11.465360641479492,15.418157577514648,0.0007301696459762752,3.145932912826538
3332,38.18787878787879,55,52,0.9318787878787879,19.128442764282227,34.248741149902344,0.0007323301397264004,9.912847518920898
3333,38.761006289308185,53,49,0.9176100628930818,0.9007793664932251,0.4512411952018738,0.0007323782192543149,0.9726293683052063
3334,-10.688888888888883,105,100,0.9431111111111111,8.948915481567383,5.82944393157959,0.0007322275778278708,0.2646089196205139
3335,43.888888888888886,45,40,0.8888888888888888,21.05910301208496,35.4316520690918,0.000731186184566468,2.7420973777770996
3336,43.888888888888886,45,40,0.8888888888888888,15.833484649658203,19.59046745300293,0.0007282901206053793,1.4579075574874878
3337,-115.2063492063492,210,200,0.947936507936508,2.9185690879821777,1.1566076278686523,0.0007270282949320972,0.7418063282966614
3338,-15.954128440366972,109,102,0.9304587155963303,-18.307247161865234,24.968332290649414,0.0007255037198774517,1.9268049001693726
3339,41.836601307189554,51,48,0.9283660130718955,-36.83266067504883,143.69219970703125,0.0007281139842234552,6.449136257171631
3340,-1.782608695652172,92,83,0.9021739130434783,-7.568829536437988,3.7932326793670654,0.0007280539139173925,0.9523837566375732
3341,-122.49001536098311,217,206,0.945099846390169,-13.794576644897461,12.44205379486084,0.00072852848097682,2.990757465362549
3342,-3.7526881720430083,93,83,0.8924731182795699,-7.718996047973633,3.7086122035980225,0.0007263296283781528,1.3082656860351562
3343,-3.7526881720430083,93,83,0.8924731182795699,-3.1898374557495117,1.0770084857940674,0.0007263090810738504,0.6920737624168396
3344,43.888888888888886,45,40,0.8888888888888888,30.119243621826172,66.79654693603516,0.000729041756130755,6.670391082763672
3345,-123.91131498470948,218,206,0.9408868501529052,7.42683219909668,5.4245285987854,0.0007229038164950907,3.8736088275909424
3346,-5.702127659574472,94,83,0.8829787234042553,-5.6820268630981445,2.286431312561035,0.0007213184726424515,0.6606898903846741
3347,-11.13968253968254,105,99,0.9386031746031746,23.52070426940918,36.040958404541016,0.0007283953600563109,10.498099327087402
3348,-14.148148148148152,108,102,0.9385185185185185,17.744110107421875,20.409887313842773,0.0007284517050720751,1.653416395187378
3349,-117.16037735849056,212,202,0.9483962264150944,19.32665252685547,18.62322425842285,0.0007291956571862102,3.3262674808502197
3350,-121.64197530864197,216,204,0.9435802469135802,-2.200411081314087,2.391789674758911,0.0007224084693007171,0.33091312646865845
3351,43.888888888888886,45,40,0.8888888888888888,16.82861328125,20.651004791259766,0.0006677090423181653,7.732957363128662
3352,-10.688888888888883,105,100,0.9431111111111111,6.286991596221924,2.949373483657837,0.0006667406414635479,0.29288339614868164
3353,-120.2031007751938,215,204,0.947968992248062,-23.883285522460938,31.19157600402832,0.000667872023768723,4.109092712402344
3354,45.16,50,48,0.9516,-18.66948127746582,34.225433349609375,0.0006783260614611208,12.862615585327148
3355,59.33333333333334,24,20,0.8333333333333334,-10.95508098602295,12.003281593322754,0.0006748413434252143,2.9383656978607178
3356,63.95652173913044,23,20,0.8695652173913043,5.482371807098389,4.0158867835998535,0.0006725569837726653,3.0421650409698486
3357,-13.592592592592595,108,103,0.9440740740740741,-1.3871091604232788,0.5294164419174194,0.0006721042445860803,1.0317822694778442
3358,-11.13968253968254,105,99,0.9386031746031746,1.0955677032470703,0.4174329340457916,0.000670423440169543,0.16421769559383392
3359,-116.48499210110585,211,200,0.9451500789889415,-7.216390132904053,4.196602821350098,0.0006703155813738704,0.6867777109146118
3360,-1.782608695652172,92,83,0.9021739130434783,-1.0340198278427124,0.4196173846721649,0.0005842180107720196,0.09479222446680069
3361,-18.31547619047619,112,106,0.9368452380952381,-6.573971271514893,3.2330543994903564,0.0005792105803266168,0.8942530751228333
3362,-11.943396226415103,106,100,0.940566037735849,6.231776237487793,3.1774039268493652,0.0005785782122984529,0.32939791679382324
3363,46.90909090909091,44,40,0.9090909090909091,30.842409133911133,74.71297454833984,0.0005797158810310066,4.321300506591797
3364,-118.6056338028169,213,202,0.943943661971831,4.885038375854492,3.578216791152954,0.0005793905584141612,1.9109715223312378
3365,63.95652173913044,23,20,0.8695652173913043,9.450826644897461,10.775507926940918,0.000534112739842385,3.8964040279388428
3366,40.95652173913044,46,40,0.8695652173913043,-2.977968692779541,0.816208004951477,0.0005038076778873801,1.4260234832763672
3367,-9.237179487179489,104,99,0.9476282051282051,5.83658504486084,2.6246554851531982,0.00037298715324141085,3.271496057510376
3368,-5.702127659574472,94,83,0.8829787234042553,-25.52344512939453,34.740203857421875,0.0003735744976438582,3.062357187271118
3369,35.70238095238096,56,52,0.9170238095238096,-29.471675872802734,94.12163543701172,0.0004236892855260521,28.39801788330078
3370,-16.557575757575762,110,104,0.9344242424242424,-10.271758079528809,7.384022235870361,0.0004268685297574848,7.44944953918457
3371,-123.92354740061161,218,206,0.9407645259938838,-2.9168882369995117,2.152686834335327,0.00042735596070997417,3.326042652130127
3372,59.33333333333334,24,20,0.8333333333333334,-4.333616256713867,2.0257041454315186,0.0004273058439139277,1.08475661277771
3373,-18.41666666666667,112,105,0.9358333333333333,4.474169731140137,1.9276947975158691,0.00042730270070023835,0.41351616382598877
3374,43.888888888888886,45,40,0.8888888888888888,30.980878829956055,72.86893463134766,0.00042863053386099637,5.1229777336120605
3375,41.52287581699346,51,48,0.9252287581699347,8.74653148651123,8.31619930267334,0.0004285735485609621,2.198179006576538
3376,46.90909090909091,44,40,0.9090909090909091,36.885868072509766,107.72026824951172,0.00042345610563643277,8.230464935302734
3377,43.435374149659864,49,46,0.9243537414965987,-13.551711082458496,16.481849670410156,0.00041183317080140114,1.3167434930801392
3378,-1.782608695652172,92,83,0.9021739130434783,3.0490524768829346,0.8362247347831726,0.00041179166873916984,0.19772103428840637
3379,-123.92354740061161,218,206,0.9407645259938838,8.275229454040527,4.545464515686035,0.00039120769361034036,1.8753000497817993
3380,63.95652173913044,23,20,0.8695652173913043,0.288642555475235,0.3859421908855438,0.000384938670322299,0.13970018923282623
3381,43.18300653594771,51,49,0.9418300653594771,-20.180265426635742,39.32817840576172,0.00039890012703835964,15.221423149108887
3382,63.95652173913044,23,20,0.8695652173913043,-0.9885938763618469,0.42459967732429504,0.0003989001561421901,0.1922312080860138
3383,40.95652173913044,46,40,0.8695652173913043,-6.329225063323975,3.078484058380127,0.00039814398041926324,1.2872284650802612
3384,63.95652173913044,23,20,0.8695652173913043,2.660153865814209,1.3950172662734985,0.00039605514029972255,1.399095892906189
3385,43.888888888888886,45,40,0.8888888888888888,10.274019241333008,8.97872543334961,0.00039326533442363143,2.5453715324401855
3386,43.888888888888886,45,40,0.8888888888888888,10.039113998413086,8.595458984375,0.0003850925131700933,1.0675082206726074
3387,-16.573573573573583,111,105,0.9442642642642642,3.485304594039917,1.4304070472717285,0.00038529193261638284,1.8194072246551514
3388,38.761006289308185,53,49,0.9176100628930818,-23.410381317138672,54.22093200683594,0.0003911289677489549,12.383174896240234
3389,46.90909090909091,44,40,0.9090909090909091,22.699687957763672,40.732181549072266,0.00027279090136289597,1.412619709968567
3390,40.95652173913044,46,40,0.8695652173913043,2.127382278442383,0.9669728875160217,0.00027229191618971527,0.4251505732536316
3391,38.09090909090909,55,52,0.9309090909090909,1.584723949432373,1.4306195974349976,0.0002705131482798606,0.34547895193099976
3392,42.294117647058826,51,48,0.9329411764705883,-10.97641658782959,11.160504341125488,0.00027051070355810225,1.175296664237976
3393,41.01282051282051,52,49,0.9301282051282052,-3.8126888275146484,1.6218374967575073,0.00027089755167253315,1.874967336654663
3394,-14.320872274143298,107,100,0.926791277258567,3.4567484855651855,1.3171379566192627,0.00027083506574854255,2.248868703842163
3395,43.888888888888886,45,40,0.8888888888888888,23.0582332611084,41.88801193237305,0.0002724630176089704,7.037342548370361
3396,-3.7526881720430083,93,83,0.8924731182795699,-2.0416159629821777,0.650397777557373,0.00026606195024214685,0.34066665172576904
3397,43.888888888888886,45,40,0.8888888888888888,21.22802734375,34.27847671508789,0.00026625386090017855,1.944775938987732
3398,-3.7526881720430083,93,83,0.8924731182795699,-4.806563854217529,1.676140546798706,0.0002645659842528403,0.5780810713768005
3399,68.9090909090909,22,20,0.9090909090909091,18.055200576782227,34.9852294921875,0.00026347936363890767,3.7337112426757812
3400,46.90909090909091,44,40,0.9090909090909091,15.354106903076172,19.30852699279785,0.0002644306805450469,5.000215530395508
3401,63.95652173913044,23,20,0.8695652173913043,-8.990779876708984,8.488157272338867,0.00027056815451942384,9.364067077636719
3402,33.09356725146199,57,52,0.9009356725146199,-45.62479782104492,206.32264709472656,0.0003281727258581668,30.159366607666016
3403,-1.782608695652172,92,83,0.9021739130434783,-2.9771008491516113,1.0464376211166382,0.00032820089836604893,0.5426188707351685
3404,63.95652173913044,23,20,0.8695652173913043,-4.96749210357666,2.6186704635620117,0.0003288312873337418,3.1784653663635254
3405,-10.688888888888883,105,100,0.9431111111111111,15.294654846191406,15.634025573730469,0.0003325497091282159,7.559139251708984
3406,68.9090909090909,22,20,0.9090909090909091,17.8205623626709,35.930694580078125,0.00033697401522658765,8.331877708435059
3407,-3.7526881720430083,93,83,0.8924731182795699,-1.3389379978179932,0.6238532066345215,0.0003320245014037937,0.29072993993759155
3408,63.95652173913044,23,20,0.8695652173913043,2.69956636428833,1.2181649208068848,0.00032839097548276186,1.0077828168869019
3409,46.90909090909091,44,40,0.9090909090909091,36.0701789855957,97.81220245361328,0.0003285039565525949,2.36395001411438
3410,43.888888888888886,45,40,0.8888888888888888,17.512632369995117,24.464576721191406,0.0003290878375992179,3.418997287750244
3411,-114.46411483253588,209,198,0.9453588516746412,16.66265296936035,13.589020729064941,0.0003299705858808011,3.7741823196411133
3412,40.95652173913044,46,40,0.8695652173913043,-11.182144165039062,8.851361274719238,0.0003301896795164794,2.8162834644317627
3413,-1.782608695652172,92,83,0.9021739130434783,-5.370366096496582,2.083522081375122,0.00032984832068905234,0.5678302645683289
3414,68.9090909090909,22,20,0.9090909090909091,-1.8959037065505981,0.5567581057548523,0.00032893422758206725,0.3377978503704071
3415,43.435374149659864,49,46,0.9243537414965987,-57.83617401123047,308.58197021484375,0.000548473559319973,60.14622497558594
3416,-112.51368760064412,207,196,0.9448631239935588,-7.207389831542969,3.714038372039795,0.0005118977860547602,1.2723852396011353
3417,63.95652173913044,23,20,0.8695652173913043,-4.58786153793335,2.3031222820281982,0.0005110094789415598,1.4924813508987427
3418,-117.18553459119498,212,202,0.9481446540880503,3.2983803749084473,1.3116602897644043,0.0005037878290750086,1.3307240009307861
3419,42.85620915032679,51,48,0.938562091503268,30.46657943725586,90.28411865234375,0.0005168708739802241,14.176362991333008
3420,38.761006289308185,53,49,0.9176100628930818,22.36618423461914,46.769989013671875,0.0005180734442546964,4.772136688232422
3421,-1.782608695652172,92,83,0.9021739130434783,8.044791221618652,3.615224838256836,0.0005177975399419665,1.047094464302063
3422,40.95652173913044,46,40,0.8695652173913043,15.513957977294922,17.52706527709961,0.0005073483334854245,7.395669460296631
3423,-3.7526881720430083,93,83,0.8924731182795699,-8.39927864074707,4.123251438140869,0.0004905389505438507,1.9810292720794678
3424,41.52287581699346,51,48,0.9252287581699347,-13.93695068359375,20.425762176513672,0.0004926699912175536,7.3144612312316895
3425,-3.7526881720430083,93,83,0.8924731182795699,-12.871846199035645,9.045771598815918,0.0004903403460048139,2.633755683898926
3426,-5.702127659574472,94,83,0.8829787234042553,-22.12789535522461,25.83486557006836,0.000462308875285089,2.1441471576690674
3427,-3.7526881720430083,93,83,0.8924731182795699,-12.780975341796875,8.93466567993164,0.00045310959103517234,1.594011664390564
3428,-3.7526881720430083,93,83,0.8924731182795699,-12.202577590942383,7.835968494415283,0.0004534937907010317,4.4412078857421875
3429,46.90909090909091,44,40,0.9090909090909091,21.221637725830078,35.42765426635742,0.00045399056398309767,3.102416515350342
3430,-1.782608695652172,92,83,0.9021739130434783,-1.423898696899414,0.5623683333396912,0.0004521020164247602,0.07331739366054535
3431,63.95652173913044,23,20,0.8695652173913043,-1.0413841009140015,0.38465458154678345,0.0004515948239713907,0.38183337450027466
3432,-112.46859903381642,207,196,0.9453140096618358,-17.896316528320312,15.920199394226074,0.0004461697826627642,3.753035306930542
3433,43.888888888888886,45,40,0.8888888888888888,2.7323451042175293,1.1341612339019775,0.0004461007483769208,0.49539726972579956
3434,-117.16037735849056,212,202,0.9483962264150944,-12.99860954284668,9.446664810180664,0.0004467884136829525,3.0664358139038086
3435,-10.880503144654085,106,101,0.9511949685534591,13.312311172485352,12.81544017791748,0.00044632915523834527,0.7212845683097839
3436,-5.702127659574472,94,83,0.8829787234042553,-16.134389877319336,13.655092239379883,0.00044622033601626754,0.2323475033044815
3437,-14.715151515151518,110,105,0.9528484848484848,11.567667961120605,10.285347938537598,0.00044881334179081023,6.799840927124023
3438,-16.573573573573583,111,105,0.9442642642642642,5.255356788635254,2.4227678775787354,0.00044866124517284334,1.2351278066635132
3439,59.33333333333334,24,20,0.8333333333333334,-21.770370483398438,49.92387008666992,0.0004505454853642732,9.210031509399414
3440,43.888888888888886,45,40,0.8888888888888888,-3.3918681144714355,1.1133965253829956,0.00045045444858260453,0.3252085745334625
3441,43.888888888888886,45,40,0.8888888888888888,-0.7094740271568298,0.3509737253189087,0.00045007947483099997,0.1045599952340126
3442,43.888888888888886,45,40,0.8888888888888888,1.6788818836212158,0.5965049862861633,0.0004499518545344472,0.49966520071029663
3443,38.369696969696975,55,52,0.9336969696969697,-9.021405220031738,10.577126502990723,0.00044998343219049275,1.8075186014175415
3444,-121.64197530864197,216,204,0.9435802469135802,15.842645645141602,13.612676620483398,0.00044795722351409495,3.5303432941436768
3445,-121.64197530864197,216,204,0.9435802469135802,13.376297950744629,10.04020881652832,0.0004484741948544979,4.009481430053711
3446,43.888888888888886,45,40,0.8888888888888888,10.220154762268066,7.969622611999512,0.00044878385961055756,2.0579802989959717
3447,41.836601307189554,51,48,0.9283660130718955,-14.553133964538574,22.231813430786133,0.0004413948336150497,0.6770915985107422
3448,41.3974358974359,52,49,0.933974358974359,-3.896514892578125,1.9757146835327148,0.0004414011200424284,0.8048433065414429
3449,-3.7526881720430083,93,83,0.8924731182795699,-1.7032982110977173,0.4262932240962982,0.0004405149957165122,0.028550460934638977
3450,-1.782608695652172,92,83,0.9021739130434783,8.285263061523438,3.8841233253479004,0.0004405490471981466,0.25345468521118164
3451,45.16,50,48,0.9516,17.742431640625,33.23422622680664,0.0004402976483106613,7.252975940704346
3452,43.888888888888886,45,40,0.8888888888888888,25.49065399169922,49.22412109375,0.00044127387809567153,4.023051738739014
3453,-1.782608695652172,92,83,0.9021739130434783,4.305428981781006,1.3073506355285645,0.00043998396722599864,0.35673168301582336
3454,43.888888888888886,45,40,0.8888888888888888,13.691276550292969,14.01264476776123,0.0004291455843485892,2.8027901649475098
3455,63.95652173913044,23,20,0.8695652173913043,11.789387702941895,15.53706169128418,0.0004285711038392037,2.7094435691833496
3456,63.95652173913044,23,20,0.8695652173913043,7.419346332550049,6.396566390991211,0.0004284293972887099,2.7283847332000732
3457,63.95652173913044,23,20,0.8695652173913043,1.999314546585083,0.8319799304008484,0.0004283627786207944,0.7206070423126221
3458,43.888888888888886,45,40,0.8888888888888888,-19.41590690612793,27.153562545776367,0.00042995953117497265,5.912989139556885
3459,40.91025641025641,52,49,0.9291025641025641,-57.16674041748047,331.6690979003906,0.0004750961088575423,28.063705444335938
3460,0.2087912087912116,91,83,0.9120879120879121,-2.2161247730255127,1.5244635343551636,0.0004750859516207129,0.4476117789745331
3461,-5.702127659574472,94,83,0.8829787234042553,-22.840988159179688,28.129709243774414,0.00047571476898156106,2.1178555488586426
3462,43.888888888888886,45,40,0.8888888888888888,15.118242263793945,17.904617309570312,0.0004777645808644593,6.982686996459961
3463,-1.782608695652172,92,83,0.9021739130434783,3.885476589202881,1.098359227180481,0.00047668322804383934,0.6416170001029968
3464,43.888888888888886,45,40,0.8888888888888888,31.468341827392578,75.9316177368164,0.00047970941523090005,8.465521812438965
3465,42.85620915032679,51,48,0.938562091503268,21.206430435180664,42.30059051513672,0.0005156863480806351,23.26000213623047
3466,63.95652173913044,23,20,0.8695652173913043,20.361133575439453,43.62939453125,0.0005170975346118212,6.01851224899292
3467,68.9090909090909,22,20,0.9090909090909091,31.006135940551758,101.23197174072266,0.0005218419246375561,8.176759719848633
3468,41.09876543209876,54,52,0.9509876543209876,8.686355590820312,8.617786407470703,0.0005221946048550308,4.648487091064453
3469,43.888888888888886,45,40,0.8888888888888888,-0.041221119463443756,0.18984083831310272,0.0004688570334110409,0.6385380625724792
3470,-10.047619047619051,105,100,0.9495238095238095,0.37673240900039673,0.4359029531478882,0.00046643606037832797,0.9628543853759766
3471,43.888888888888886,45,40,0.8888888888888888,-20.94715690612793,32.301029205322266,0.0004663947329390794,1.2204983234405518
3472,-14.715151515151518,110,105,0.9528484848484848,-11.60088062286377,10.74579906463623,0.0004674330120906234,3.4420979022979736
3473,-10.047619047619051,105,100,0.9495238095238095,-6.617933750152588,3.6831936836242676,0.0004674282972700894,0.4329756498336792
3474,68.9090909090909,22,20,0.9090909090909091,-9.901225090026855,10.255914688110352,0.0004670836206059903,3.253603935241699
3475,46.90909090909091,44,40,0.9090909090909091,-21.88232421875,33.94935989379883,0.000466524506919086,2.0815377235412598
3476,-12.214953271028037,107,102,0.9478504672897197,-6.85001802444458,3.992638111114502,0.000464052107417956,4.505133152008057
3477,-12.271028037383175,107,102,0.9472897196261683,-4.265275001525879,1.8415980339050293,0.0004637622623704374,1.7470629215240479
3478,-12.214953271028037,107,102,0.9478504672897197,0.10136880725622177,0.3082805275917053,0.00046371386270038784,0.7373848557472229
3479,-11.471698113207552,106,101,0.9452830188679245,2.937025547027588,0.8574822545051575,0.000463207921711728,0.7781423330307007
3480,43.888888888888886,45,40,0.8888888888888888,-16.518054962158203,18.890775680541992,0.00046337590902112424,3.0213539600372314
3481,43.888888888888886,45,40,0.8888888888888888,-10.18213176727295,7.393119812011719,0.0004470903368201107,1.2402379512786865
3482,68.9090909090909,22,20,0.9090909090909091,2.0713319778442383,0.9166889786720276,0.00044741400051862,1.4027020931243896
3483,40.95652173913044,46,40,0.8695652173913043,-6.568117141723633,3.2332231998443604,0.0004479574563447386,2.5332703590393066
3484,46.90909090909091,44,40,0.9090909090909091,21.118263244628906,36.3759880065918,0.00044870824785903096,3.8103394508361816
3485,-16.573573573573583,111,105,0.9442642642642642,14.5936861038208,14.650541305541992,0.0004511230217758566,5.357187747955322
3486,-111.05501618122977,206,196,0.9494498381877022,0.9703425168991089,1.750363826751709,0.00045137491542845964,1.3805654048919678
3487,40.814814814814824,54,52,0.9481481481481482,11.248001098632812,13.627288818359375,0.0004523526586126536,2.9345216751098633
3488,-10.047619047619051,105,100,0.9495238095238095,23.74817657470703,40.33123016357422,0.0004416093579493463,4.186959743499756
3489,43.18300653594771,51,49,0.9418300653594771,-12.801088333129883,18.617094039916992,0.00044506124686449766,6.322364330291748
3490,40.371794871794876,52,49,0.9237179487179488,-23.82166862487793,55.454383850097656,0.0005048809689469635,32.51432418823242
3491,40.95652173913044,46,40,0.8695652173913043,-0.6832634210586548,0.3129774034023285,0.0005048987222835422,0.7787441611289978
3492,41.3974358974359,52,49,0.933974358974359,1.303712010383606,0.7165947556495667,0.0005050025647506118,1.441379189491272
3493,42.85620915032679,51,48,0.938562091503268,10.40469741821289,11.550288200378418,0.000505588308442384,3.272378921508789
3494,63.95652173913044,23,20,0.8695652173913043,0.11107238382101059,0.6654882431030273,0.00050472462316975,1.2729052305221558
3495,-9.237179487179489,104,99,0.9476282051282051,23.527359008789062,37.945186614990234,0.0005031381151638925,1.760939121246338
3496,63.95652173913044,23,20,0.8695652173913043,0.700609564781189,0.7264149188995361,0.0005031226901337504,0.31913551688194275
3497,68.9090909090909,22,20,0.9090909090909091,14.46735954284668,26.34714126586914,0.0005026695434935391,1.2346575260162354
3498,68.9090909090909,22,20,0.9090909090909091,12.58745002746582,18.472801208496094,0.0005029632011428475,3.9385218620300293
3499,-10.047619047619051,105,100,0.9495238095238095,8.422947883605957,5.530338764190674,0.000502537121064961,2.963179349899292
3500,46.3611111111111,48,46,0.9436111111111111,-12.042792320251465,16.198108673095703,0.0005006506689824164,1.896990418434143
3501,-12.271028037383175,107,102,0.9472897196261683,-2.434225559234619,0.890105664730072,0.0004968831781297922,0.8390845656394958
3502,68.9090909090909,22,20,0.9090909090909091,2.49881911277771,1.202161192893982,0.00044569355668500066,0.17820632457733154
3503,-113.75279106858054,209,200,0.9524720893141946,-34.95806884765625,63.354854583740234,0.00044670558418147266,5.271373271942139
3504,-5.702127659574472,94,83,0.8829787234042553,-23.328683853149414,28.714603424072266,0.0004465923411771655,2.204343318939209
3505,-10.320754716981128,106,102,0.9567924528301887,8.595171928405762,5.318132400512695,0.00044429540866985917,3.0138819217681885
3506,68.9090909090909,22,20,0.9090909090909091,1.6631158590316772,0.9997093081474304,0.0004410471592564136,0.9336092472076416
3507,-16.573573573573583,111,105,0.9442642642642642,-2.6018197536468506,1.1134048700332642,0.0004409403190948069,0.7589208483695984
3508,63.95652173913044,23,20,0.8695652173913043,-13.054388046264648,17.78194236755371,0.0004418943717610091,3.27047061920166
3509,0.2087912087912116,91,83,0.9120879120879121,11.723538398742676,7.338407039642334,0.0004420797049533576,1.3448935747146606
3510,68.9090909090909,22,20,0.9090909090909091,8.242801666259766,7.739229679107666,0.0004463546792976558,8.359842300415039
3511,63.95652173913044,23,20,0.8695652173913043,-6.4286909103393555,4.594058990478516,0.000446577207185328,4.361339092254639
3512,-115.81200631911533,211,201,0.9518799368088467,33.33498001098633,58.14356231689453,0.0004539026995189488,12.056851387023926
3513,38.369696969696975,55,52,0.9336969696969697,27.23389434814453,79.61175537109375,0.00047117582289502025,17.90754508972168
3514,43.888888888888886,45,40,0.8888888888888888,19.636369705200195,30.250656127929688,0.0004712371446657926,2.0389227867126465
3515,43.18300653594771,51,49,0.9418300653594771,-8.088126182556152,8.083635330200195,0.0002574131649453193,5.176190376281738
3516,-113.5805422647528,209,200,0.954194577352472,-8.772921562194824,5.187080383300781,0.00025772181106731296,1.7744611501693726
3517,-12.827160493827165,108,104,0.9517283950617283,-13.682185173034668,14.791319847106934,0.0002592831151559949,4.588749408721924
3518,41.836601307189554,51,48,0.9283660130718955,-44.854034423828125,210.0955047607422,0.00026755701401270926,12.119499206542969
3519,43.888888888888886,45,40,0.8888888888888888,-3.414645195007324,0.9663504362106323,0.0002540428249631077,0.7672198414802551
3520,-120.12558139534883,215,204,0.9487441860465117,-23.093223571777344,30.89862060546875,0.00025347902555949986,2.029744863510132
3521,-119.61085271317829,215,206,0.9538914728682171,-4.474059581756592,3.0422139167785645,0.00025350210489705205,1.1948347091674805
3522,-114.28253968253969,210,202,0.9571746031746031,22.57167625427246,26.801002502441406,0.00024979969020932913,1.4838403463363647
3523,-115.73617693522907,211,202,0.9526382306477094,19.436304092407227,19.725589752197266,0.00025005204952321947,4.20348596572876
3524,-12.827160493827165,108,104,0.9517283950617283,19.478635787963867,27.501136779785156,0.0002477648085914552,2.282935380935669
3525,63.95652173913044,23,20,0.8695652173913043,12.06054401397705,17.37094497680664,0.0002472248743288219,2.1109747886657715
3526,63.95652173913044,23,20,0.8695652173913043,12.598149299621582,17.041099548339844,0.00024932477390393615,6.342876434326172
3527,63.95652173913044,23,20,0.8695652173913043,9.242768287658691,10.532577514648438,0.00024982617469504476,2.86734676361084
3528,-118.7601246105919,214,204,0.952398753894081,-17.228151321411133,18.40703582763672,0.0002484302967786789,1.4427952766418457
3529,43.73202614379085,51,49,0.9473202614379085,33.03132247924805,119.99482727050781,0.00025436762371100485,11.09820556640625
3530,63.95652173913044,23,20,0.8695652173913043,-8.354080200195312,7.701055526733398,0.00025445426581427455,1.3035798072814941
3531,43.18300653594771,51,49,0.9418300653594771,-0.4789264500141144,0.6472038626670837,0.0002546178293414414,0.9333902597427368
3532,-3.7526881720430083,93,83,0.8924731182795699,-24.554353713989258,30.59832000732422,0.0002560919674579054,6.293478012084961
3533,-115.73617693522907,211,202,0.9526382306477094,-34.728050231933594,64.90008544921875,0.00026002712547779083,7.245968341827393
3534,-3.7526881720430083,93,83,0.8924731182795699,-26.236637115478516,35.7856559753418,0.0002600422885734588,4.7167067527771
3535,-5.702127659574472,94,83,0.8829787234042553,-33.81910705566406,60.16717529296875,0.0002627042413223535,5.70470666885376
3536,68.9090909090909,22,20,0.9090909090909091,-16.279115676879883,29.724851608276367,0.0002633919066283852,3.174860715866089
3537,-16.47147147147146,111,106,0.9452852852852853,-10.378999710083008,7.956657409667969,0.00026117207016795874,0.9439160227775574
3538,-10.555555555555557,105,100,0.9444444444444444,3.3296773433685303,1.2786264419555664,0.0002611611853353679,0.7076188921928406
3539,-111.00970873786409,206,196,0.9499029126213592,37.42772674560547,76.45632934570312,0.0002587840717751533,5.086956977844238
3540,-10.047619047619051,105,100,0.9495238095238095,12.031867980957031,11.602133750915527,0.0002589018549770117,1.1284589767456055
3541,-121.04012345679013,216,206,0.9495987654320988,9.547473907470703,6.308000564575195,0.00025890383403748274,0.20960140228271484
3542,68.9090909090909,22,20,0.9090909090909091,-7.655198574066162,6.452597618103027,0.0002597944694571197,3.2907891273498535
3543,63.95652173913044,23,20,0.8695652173913043,-21.351661682128906,47.83731460571289,0.00025977735640481114,0.7348411679267883
3544,46.90909090909091,44,40,0.9090909090909091,8.94397258758545,7.358606338500977,0.0002588414936326444,1.819023847579956
3545,46.90909090909091,44,40,0.9090909090909091,9.175069808959961,7.080471515655518,0.00025854737032204866,3.55187726020813
3546,63.95652173913044,23,20,0.8695652173913043,-12.307162284851074,15.713028907775879,0.00025831928360275924,1.7462714910507202
3547,-121.05246913580247,216,206,0.9494753086419753,-39.498470306396484,83.7552719116211,0.00026994969812221825,14.483309745788574
3548,-12.271028037383175,107,102,0.9472897196261683,0.036505892872810364,0.157952681183815,0.00026982012786902487,0.14973554015159607
3549,-12.271028037383175,107,102,0.9472897196261683,2.673527956008911,0.6491371989250183,0.000269862066488713,0.3558511734008789
3550,-9.237179487179489,104,99,0.9476282051282051,9.547172546386719,6.726988792419434,0.000269869837211445,1.8587101697921753
3551,40.91025641025641,52,49,0.9291025641025641,-17.88492774963379,34.77094268798828,0.0002660683239810169,2.9173738956451416
3552,43.888888888888886,45,40,0.8888888888888888,12.040251731872559,11.692970275878906,0.0002659799356479198,2.93211030960083
3553,38.32098765432099,54,51,0.9232098765432099,-4.127081394195557,3.009984016418457,0.0002662738843355328,1.9191325902938843
3554,-1.782608695652172,92,83,0.9021739130434783,7.019336700439453,2.781018018722534,0.0002660201280377805,1.2167848348617554
3555,63.95652173913044,23,20,0.8695652173913043,14.372159004211426,23.15384292602539,0.00026585275190882385,0.5708403587341309
3556,-1.782608695652172,92,83,0.9021739130434783,9.828082084655762,5.530831336975098,0.0002651234099175781,0.9729911684989929
3557,43.888888888888886,45,40,0.8888888888888888,27.21826934814453,55.83292770385742,0.0002676621952559799,5.747958183288574
3558,-5.702127659574472,94,83,0.8829787234042553,-9.164758682250977,4.504508972167969,0.000266261980868876,1.3138047456741333
3559,-113.00961538461539,208,198,0.9499038461538462,26.626903533935547,37.76728439331055,0.00021993259724695235,1.2119355201721191
3560,46.90909090909091,44,40,0.9090909090909091,26.60879135131836,53.57853317260742,0.00022199051454663277,5.6109466552734375
3561,63.95652173913044,23,20,0.8695652173913043,6.289705753326416,5.14536190032959,0.00022311175416689366,5.487930774688721
3562,-12.582554517133957,107,102,0.9441744548286605,-2.9215967655181885,0.7399206757545471,0.00022076928871683776,1.6647695302963257
3563,-1.782608695652172,92,83,0.9021739130434783,-9.740193367004395,6.649531841278076,0.00022087967954576015,1.3532100915908813
3564,-5.702127659574472,94,83,0.8829787234042553,-31.135324478149414,54.32058334350586,0.0002170772204408422,2.1702516078948975
3565,40.95652173913044,46,40,0.8695652173913043,-30.27603530883789,66.9753189086914,0.00018577226728666574,8.098721504211426
3566,68.9090909090909,22,20,0.9090909090909091,9.646707534790039,11.88779354095459,0.00018422452558297664,2.781643867492676
3567,40.95652173913044,46,40,0.8695652173913043,-26.248292922973633,49.81080627441406,0.0001798260782379657,2.7699475288391113
3568,43.87179487179486,52,51,0.9587179487179487,-15.701730728149414,31.675155639648438,0.00018204981461167336,6.531803607940674
3569,-5.702127659574472,94,83,0.8829787234042553,-20.144128799438477,20.80988883972168,0.00018333340995013714,4.080489158630371
3570,-7.631578947368411,95,83,0.8736842105263158,-24.561908721923828,29.587055206298828,0.00018570553220342845,6.010466575622559
3571,-3.7526881720430083,93,83,0.8924731182795699,-0.9652148485183716,0.1675189584493637,0.0001855409354902804,0.14614783227443695
3572,-121.05246913580247,216,206,0.9494753086419753,-13.245696067810059,12.502974510192871,0.00018514286784920841,3.68467116355896
3573,63.95652173913044,23,20,0.8695652173913043,19.796113967895508,41.6523323059082,0.0001917097979458049,10.840917587280273
3574,-114.25714285714285,210,202,0.9574285714285714,25.05259132385254,34.03833770751953,0.00019434829300735146,8.446073532104492
3575,41.52287581699346,51,48,0.9252287581699347,38.64810562133789,155.7417449951172,0.0002111709472956136,15.820097923278809
3576,38.74358974358975,52,48,0.9074358974358975,18.864479064941406,36.663631439208984,0.0002142258163075894,7.469899654388428
3577,43.18300653594771,51,49,0.9418300653594771,17.667770385742188,35.74530792236328,0.00021419100812636316,0.8006531596183777
3578,68.9090909090909,22,20,0.9090909090909091,16.937252044677734,33.30776596069336,0.0002180666633648798,7.4267096519470215
3579,-3.7526881720430083,93,83,0.8924731182795699,-11.331395149230957,6.987004280090332,0.00021818513050675392,1.925888180732727
3580,-122.47772657450076,217,206,0.9452227342549924,-57.107078552246094,177.47909545898438,0.00023290120589081198,15.297811508178711
3581,-12.582554517133957,107,102,0.9441744548286605,-8.459718704223633,5.496104717254639,0.00023350937408395112,3.131725311279297
3582,-13.592592592592595,108,103,0.9440740740740741,-12.246203422546387,10.505346298217773,0.00023396371398121119,3.502525806427002
3583,63.95652173913044,23,20,0.8695652173913043,-38.182525634765625,148.42979431152344,0.00023769729887135327,8.657449722290039
3584,-10.555555555555557,105,100,0.9444444444444444,-4.0671820640563965,1.7547894716262817,0.00023690160014666617,1.439245581626892
3585,-119.5984496124031,215,206,0.954015503875969,6.105305194854736,6.240264892578125,0.00023508853337261826,2.5396196842193604
3586,-13.592592592592595,108,103,0.9440740740740741,-3.4979333877563477,2.053316116333008,0.00023494136985391378,0.6460221409797668
3587,-118.7601246105919,214,204,0.952398753894081,17.652629852294922,20.21615219116211,0.00023425379185937345,0.3693886399269104
3588,-3.7526881720430083,93,83,0.8924731182795699,-34.828163146972656,64.81973266601562,0.00023807403340470046,8.742650032043457
3589,63.95652173913044,23,20,0.8695652173913043,-29.849647521972656,101.1304702758789,0.00023755313304718584,6.104531288146973
3590,-5.702127659574472,94,83,0.8829787234042553,-27.968486785888672,43.38462829589844,0.00017667618521954864,6.363347053527832
3591,-3.7526881720430083,93,83,0.8924731182795699,-7.283651828765869,5.283507823944092,0.00017676867719274014,1.2560025453567505
3592,63.95652173913044,23,20,0.8695652173913043,-0.17520155012607574,1.1421356201171875,0.00017674750415608287,1.654618501663208
3593,-14.700305810397552,109,104,0.9429969418960245,29.521949768066406,75.40336608886719,0.00017693059635348618,3.407487392425537
3594,-18.31547619047619,112,106,0.9368452380952381,24.700576782226562,51.575660705566406,0.00017731936532072723,2.706590175628662
3595,41.062893081761004,53,51,0.94062893081761,-6.252534866333008,20.829545974731445,0.00017794762970879674,3.564039468765259
3596,46.90909090909091,44,40,0.9090909090909091,18.587610244750977,39.88768768310547,0.00017879746155813336,3.769101619720459
3597,-3.7526881720430083,93,83,0.8924731182795699,6.929265975952148,3.1766228675842285,0.00017874277546070516,0.5558919906616211
3598,43.888888888888886,45,40,0.8888888888888888,2.4656083583831787,3.2586381435394287,0.00017788268451113254,0.9045827388763428
3599,-3.7526881720430083,93,83,0.8924731182795699,1.716843605041504,0.2675236463546753,0.00017732326523400843,0.44977787137031555
3600,-118.7601246105919,214,204,0.952398753894081,9.901599884033203,8.221623420715332,0.0001785569329513237,5.042614936828613
3601,68.9090909090909,22,20,0.9090909090909091,27.632152557373047,88.29574584960938,0.00018352214829064906,9.199546813964844
3602,-115.03492063492064,210,200,0.9496507936507936,-3.1614816188812256,5.376753330230713,0.0001837079180404544,1.507409691810608
3603,-5.702127659574472,94,83,0.8829787234042553,-19.539003372192383,24.49703025817871,0.00018314283806830645,3.9022982120513916
3604,40.814814814814824,54,52,0.9481481481481482,-26.45621109008789,90.07145690917969,0.00019096763571724296,11.399860382080078
3605,-11.471698113207552,106,101,0.9452830188679245,8.489840507507324,5.432778358459473,0.00019043088832404464,0.6040903329849243
3606,43.888888888888886,45,40,0.8888888888888888,-3.099846124649048,0.9509314894676208,0.00019062875071540475,2.004412889480591
3607,-118.7601246105919,214,204,0.952398753894081,-5.488664150238037,10.299432754516602,0.0001907168625621125,1.447695255279541
3608,-16.47147147147146,111,106,0.9452852852852853,7.964711666107178,6.119370460510254,0.00019010540563613176,0.8874073624610901
3609,-12.271028037383175,107,102,0.9472897196261683,16.711795806884766,19.696809768676758,0.00019079266348853707,3.6245341300964355
3610,38.18787878787879,55,52,0.9318787878787879,1.3669742345809937,2.169523000717163,0.0001864598598331213,0.4269222617149353
3611,-115.03492063492064,210,200,0.9496507936507936,1.1314021348953247,3.0682437419891357,0.00018528581131249666,0.5254246592521667
3612,-14.700305810397552,109,104,0.9429969418960245,9.705300331115723,7.584253311157227,0.0001764189510140568,0.28937792778015137
3613,-10.555555555555557,105,100,0.9444444444444444,14.651638984680176,14.802313804626465,0.00015793055354151875,4.738968849182129
3614,-14.61212121212121,110,106,0.9538787878787879,11.481107711791992,10.144003868103027,0.00015878962585702538,4.2203369140625
3615,43.888888888888886,45,40,0.8888888888888888,17.23988914489746,21.558305740356445,0.00015722746320534497,0.6785555481910706
3616,-117.16037735849056,212,202,0.9483962264150944,-17.867828369140625,16.584121704101562,0.00015744951087981462,2.524651288986206
3617,-10.880503144654085,106,101,0.9511949685534591,3.591911792755127,1.1244646310806274,0.00015615303709637374,0.3372030258178711
3618,68.9090909090909,22,20,0.9090909090909091,26.173797607421875,75.24725341796875,0.00016489686095155776,17.193750381469727
3619,46.90909090909091,44,40,0.9090909090909091,13.298893928527832,13.63438892364502,0.0001651295315241441,2.1990163326263428
3620,-10.691823899371073,106,102,0.9530817610062893,-6.310734272003174,3.289308786392212,0.0001649549521971494,0.3417573869228363
3621,40.91358024691358,54,52,0.9491358024691358,-21.078418731689453,56.1464958190918,0.00016543133824598044,2.88480281829834
3622,46.90909090909091,44,40,0.9090909090909091,0.8327018618583679,0.4281596839427948,0.0001653979270486161,1.253417730331421
3623,-3.7526881720430083,93,83,0.8924731182795699,-24.394081115722656,32.46248245239258,0.0001642195857129991,0.7751639485359192
3624,46.3611111111111,48,46,0.9436111111111111,-35.14836883544922,130.40061950683594,0.0001679113629506901,7.828707695007324
3625,-1.782608695652172,92,83,0.9021739130434783,-7.794708728790283,3.372551679611206,0.00016793972463347018,2.2165229320526123
3626,-3.7526881720430083,93,83,0.8924731182795699,-10.644384384155273,6.013777732849121,0.00016554126341361552,0.672712504863739
3627,0.2087912087912116,91,83,0.9120879120879121,12.420074462890625,8.453879356384277,0.0001651905768085271,1.3596826791763306
3628,42.85620915032679,51,48,0.938562091503268,31.77688217163086,97.376953125,0.00018428351904731244,17.848182678222656
3629,40.95652173913044,46,40,0.8695652173913043,30.106412887573242,64.34745025634766,0.00017797973123379052,5.776264667510986
3630,-12.827160493827165,108,104,0.9517283950617283,15.788230895996094,19.26726722717285,0.00018143144552595913,7.164425849914551
3631,-122.47772657450076,217,206,0.9452227342549924,19.848913192749023,28.410371780395508,0.00018302428361494094,5.502408504486084
3632,43.888888888888886,45,40,0.8888888888888888,21.747150421142578,34.77872085571289,0.00018778217781800777,10.823810577392578
3633,-115.71090047393365,211,202,0.9528909952606635,9.712903022766113,11.668673515319824,0.00018504392937757075,1.2831757068634033
3634,44.69333333333333,50,48,0.9469333333333333,-18.419414520263672,37.30635070800781,0.00019182577671017498,11.368809700012207
3635,63.95652173913044,23,20,0.8695652173913043,-4.711822986602783,2.6889076232910156,0.00019022286869585514,2.290489673614502
3636,-3.7526881720430083,93,83,0.8924731182795699,-27.85436248779297,39.04889678955078,0.00019272153440397233,6.800420761108398
3637,-7.631578947368411,95,83,0.8736842105263158,-45.570499420166016,108.3382568359375,0.00019403423357289284,4.9161882400512695
3638,46.90909090909091,44,40,0.9090909090909091,9.145238876342773,6.670528411865234,0.00019407876243349165,1.0710439682006836
3639,43.888888888888886,45,40,0.8888888888888888,-1.6309032440185547,0.46237707138061523,0.00019261690613348037,0.8019841909408569
3640,-10.880503144654085,106,101,0.9511949685534591,-14.058311462402344,15.167176246643066,0.0001932314335135743,3.4654760360717773
3641,63.95652173913044,23,20,0.8695652173913043,-1.2077299356460571,0.3595511317253113,0.0001932357990881428,0.5883976817131042
3642,44.359477124183016,51,49,0.9535947712418301,-12.152369499206543,16.70729637145996,0.00019482911739032716,6.131634712219238
3643,-3.7526881720430083,93,83,0.8924731182795699,-17.99394416809082,17.00861358642578,0.00019497305038385093,1.7025115489959717
3644,43.73202614379085,51,49,0.9473202614379085,-2.239652395248413,0.9127222895622253,0.00019493942090775818,1.7157071828842163
3645,46.90909090909091,44,40,0.9090909090909091,28.802566528320312,65.15861511230469,0.0001971699093701318,6.702521324157715
3646,-13.592592592592595,108,103,0.9440740740740741,-3.179769515991211,1.5403789281845093,0.000197195156943053,1.8667197227478027
3647,63.95652173913044,23,20,0.8695652173913043,9.07961654663086,9.705039978027344,0.0001841352932387963,1.432539939880371
3648,-112.46859903381642,207,196,0.9453140096618358,-36.77970886230469,77.07351684570312,0.00018563319463282824,4.733348846435547
3649,-3.7526881720430083,93,83,0.8924731182795699,-5.270666599273682,1.761857271194458,0.00018564704805612564,0.40576204657554626
3650,-10.047619047619051,105,100,0.9495238095238095,16.2271671295166,18.6351375579834,0.00018574827117845416,2.6437549591064453
3651,43.888888888888886,45,40,0.8888888888888888,21.357189178466797,35.22720718383789,0.00018559012096375227,2.5754799842834473
3652,41.01282051282051,52,49,0.9301282051282052,-1.3321462869644165,0.43002384901046753,0.0001852252462413162,0.996558666229248
3653,-10.691823899371073,106,102,0.9530817610062893,19.902135848999023,27.08407211303711,0.00018758376245386899,6.440670490264893
3654,43.888888888888886,45,40,0.8888888888888888,9.611074447631836,8.18946647644043,0.00018761011597234756,1.736437439918518
3655,-113.92307692307692,208,196,0.9407692307692308,-0.016392303630709648,1.8380093574523926,0.0001876557362265885,1.1759653091430664
3656,43.888888888888886,45,40,0.8888888888888888,-2.013267993927002,0.8238779902458191,0.00018763572734314948,0.9638645052909851
3657,43.888888888888886,45,40,0.8888888888888888,-6.0700249671936035,2.705479383468628,0.00018574082059785724,0.7627321481704712
3658,43.888888888888886,45,40,0.8888888888888888,-10.364009857177734,7.253965854644775,0.00018741741951089352,5.190433502197266
3659,46.90909090909091,44,40,0.9090909090909091,0.3827091157436371,0.7643914818763733,0.0001873607252491638,0.7098702788352966
3660,-5.702127659574472,94,83,0.8829787234042553,-19.901620864868164,21.12240219116211,0.00018577311129774898,2.141319990158081
3661,46.3611111111111,48,46,0.9436111111111111,-37.90879821777344,149.26226806640625,0.00018497047130949795,4.257856369018555
3662,-117.18553459119498,212,202,0.9481446540880503,20.645954132080078,22.03791046142578,0.00018643376824911684,5.211423397064209
3663,44.69333333333333,50,48,0.9469333333333333,-0.26241785287857056,0.6755744814872742,0.00018654401355888695,1.8771355152130127
3664,43.18300653594771,51,49,0.9418300653594771,12.14807415008545,15.878670692443848,0.00018845965678337961,6.092146396636963
3665,-113.00961538461539,208,198,0.9499038461538462,30.87232208251953,49.32978439331055,0.0001867289247456938,6.157341957092285
3666,-12.578616352201266,106,100,0.9342138364779874,12.848737716674805,11.656547546386719,0.00018650871061254293,2.5445468425750732
3667,-3.7526881720430083,93,83,0.8924731182795699,1.2792234420776367,0.24041463434696198,0.0001860417687566951,0.09517665207386017
3668,0.2087912087912116,91,83,0.9120879120879121,17.03156280517578,15.502104759216309,0.0001838058524299413,1.6585034132003784
3669,46.90909090909091,44,40,0.9090909090909091,38.74937438964844,116.96077728271484,0.00018292717868462205,1.430891990661621
3670,-3.7526881720430083,93,83,0.8924731182795699,-8.13679313659668,3.598376989364624,0.00018066239135805517,0.7382022738456726
3671,-1.782608695652172,92,83,0.9021739130434783,-2.8811614513397217,0.640826940536499,0.00018067308701574802,0.22769063711166382
3672,-10.555555555555557,105,100,0.9444444444444444,-4.909540176391602,1.9675816297531128,0.00017990429478231817,1.8856134414672852
3673,68.9090909090909,22,20,0.9090909090909091,15.854619026184082,30.98227882385254,0.00017389307322446257,4.403371810913086
3674,-118.6822429906542,214,204,0.9531775700934579,-77.48661041259766,318.2225646972656,0.00016950331337284297,2.4025135040283203
3675,44.228758169934636,51,49,0.9522875816993464,-17.94477653503418,33.347957611083984,0.00017905434651765972,19.84423065185547
3676,46.90909090909091,44,40,0.9090909090909091,12.426987648010254,13.357709884643555,0.00017621286679059267,3.1467785835266113
3677,-9.237179487179489,104,99,0.9476282051282051,3.6637628078460693,1.0967217683792114,0.00017632250091992319,1.4940121173858643
3678,41.52564102564102,52,49,0.9352564102564103,-13.776476860046387,21.436433792114258,0.00017746322555467486,8.59638786315918
3679,43.888888888888886,45,40,0.8888888888888888,11.347448348999023,10.745193481445312,0.0001778237201506272,3.0813052654266357
3680,63.95652173913044,23,20,0.8695652173913043,-5.5645012855529785,3.3521170616149902,0.00016331858932971954,1.5026116371154785
3681,46.90909090909091,44,40,0.9090909090909091,28.913270950317383,64.47598266601562,0.0001684347225818783,9.520286560058594
3682,44.359477124183016,51,49,0.9535947712418301,9.435569763183594,10.054838180541992,0.00016775297990534455,0.5292080044746399
3683,43.73202614379085,51,49,0.9473202614379085,-1.4851207733154297,0.5404696464538574,0.00016318979032803327,0.3904416561126709
3684,-3.7526881720430083,93,83,0.8924731182795699,-2.9428672790527344,0.6982110142707825,0.00016307385521940887,0.46532830595970154
3685,-115.71090047393365,211,202,0.9528909952606635,51.637088775634766,139.25498962402344,0.00016276846872642636,1.2456493377685547
3686,63.95652173913044,23,20,0.8695652173913043,-17.884170532226562,35.1016960144043,0.0001728375063976273,12.874381065368652
3687,-12.271028037383175,107,102,0.9472897196261683,2.789867401123047,0.7134238481521606,0.000172880754689686,0.7409188747406006
3688,46.90909090909091,44,40,0.9090909090909091,-3.5052263736724854,1.2408984899520874,0.0001681098947301507,1.2084025144577026
3689,40.814814814814824,54,52,0.9481481481481482,-25.545093536376953,76.20433807373047,0.00016703149594832212,4.149714469909668
3690,-15.954128440366972,109,102,0.9304587155963303,-16.36915397644043,19.921125411987305,0.00016483280342072248,2.0083770751953125
3691,-16.573573573573583,111,105,0.9442642642642642,-7.072498798370361,4.517662525177002,0.00016501927166245878,2.1235716342926025
3692,-114.46411483253588,209,198,0.9453588516746412,-15.111854553222656,14.046063423156738,0.00016485889500472695,0.4359429180622101
3693,38.32098765432099,54,51,0.9232098765432099,-6.9341230392456055,6.604180335998535,0.00016474665608257055,3.120753765106201
3694,-3.7526881720430083,93,83,0.8924731182795699,-0.9352530837059021,0.2982017695903778,0.00016434873396065086,0.8368405699729919
3695,68.9090909090909,22,20,0.9090909090909091,24.803203582763672,71.82160186767578,0.00016563366807531565,5.824988842010498
3696,41.01282051282051,52,49,0.9301282051282052,21.509689331054688,46.17462921142578,0.00017088807362597436,9.915749549865723
3697,-10.047619047619051,105,100,0.9495238095238095,27.36537742614746,54.315486907958984,0.0001764621993061155,9.58282470703125
3698,43.888888888888886,45,40,0.8888888888888888,25.701618194580078,50.31597900390625,0.00017693598056212068,2.9364397525787354
3699,40.95652173913044,46,40,0.8695652173913043,5.608949184417725,2.551996946334839,0.00017695064889267087,0.6852998733520508
3700,-109.54634146341463,205,196,0.9545365853658536,2.3428616523742676,1.2561548948287964,0.00017551031487528235,1.2083158493041992
3701,0.2087912087912116,91,83,0.9120879120879121,6.397765159606934,2.351551055908203,0.00017033092444762588,0.7231199145317078
3702,40.95652173913044,46,40,0.8695652173913043,-23.423471450805664,37.90121078491211,0.00017132530047092587,4.255652904510498
3703,-12.214953271028037,107,102,0.9478504672897197,-4.872612476348877,2.2816414833068848,0.00017039028170984238,0.5979545712471008
3704,-12.769470404984418,107,101,0.9423052959501558,-10.77397346496582,8.664796829223633,0.0001658022083574906,7.850243091583252
3705,68.9090909090909,22,20,0.9090909090909091,-2.3114800453186035,0.7417067885398865,0.00016581543604843318,0.5263417363166809
3706,-5.702127659574472,94,83,0.8829787234042553,-27.96079444885254,43.30970764160156,0.00016628442972432822,3.3358168601989746
3707,43.888888888888886,45,40,0.8888888888888888,-17.28911018371582,21.973922729492188,0.00016676152881700546,3.006204843521118
3708,43.888888888888886,45,40,0.8888888888888888,-13.197464942932129,12.695182800292969,0.00016704291920177639,2.4873545169830322
3709,-13.592592592592595,108,103,0.9440740740740741,-2.8542089462280273,0.985264003276825,0.00016632281767670065,0.17421258985996246
3710,46.3611111111111,48,46,0.9436111111111111,-23.402307510375977,64.08113861083984,0.00017592923541087657,12.368207931518555
3711,-111.55072463768116,207,198,0.9544927536231884,0.37264564633369446,0.604023814201355,0.00017596609541215003,0.9010927081108093
3712,-115.81200631911533,211,201,0.9518799368088467,-0.8050267100334167,0.8238810896873474,0.00017595908138900995,0.18268513679504395
3713,41.52287581699346,51,48,0.9252287581699347,21.391565322875977,47.84311294555664,0.00017742034106049687,6.741818428039551
3714,59.33333333333334,24,20,0.8333333333333334,-1.8057432174682617,0.6144278645515442,0.0001763909385772422,1.2336076498031616
3715,43.888888888888886,45,40,0.8888888888888888,43.3641357421875,145.36349487304688,0.00018487416673451662,11.722843170166016
3716,-10.555555555555557,105,100,0.9444444444444444,28.280864715576172,55.68187713623047,0.0001964345428859815,13.997081756591797
3717,-13.592592592592595,108,103,0.9440740740740741,17.03970718383789,21.207061767578125,0.00020084944844711572,8.372955322265625
3718,-5.702127659574472,94,83,0.8829787234042553,-9.942353248596191,5.196908473968506,0.0001832064735936001,3.3412537574768066
3719,43.73202614379085,51,49,0.9473202614379085,5.765291690826416,3.5897624492645264,0.0001829562388593331,1.0923584699630737
3720,-3.7526881720430083,93,83,0.8924731182795699,-10.364925384521484,5.57871150970459,0.00018324059783481061,1.9955264329910278
3721,41.01282051282051,52,49,0.9301282051282052,-20.29066276550293,46.78047180175781,0.0001870951964519918,8.368744850158691
3722,0.2087912087912116,91,83,0.9120879120879121,3.0368900299072266,0.8575049638748169,0.00018699058273341507,0.032917436212301254
3723,-119.61085271317829,215,206,0.9538914728682171,-37.058414459228516,72.77762603759766,0.00018759610247798264,3.333580493927002
3724,-16.573573573573583,111,105,0.9442642642642642,-10.117464065551758,7.568075180053711,0.00018416327657178044,2.148831605911255
3725,-120.2031007751938,215,204,0.947968992248062,-21.430858612060547,25.521934509277344,0.00018403805734124035,1.6692219972610474
3726,63.95652173913044,23,20,0.8695652173913043,2.3083624839782715,1.0712517499923706,0.00018415834347251803,1.4779239892959595
3727,40.91358024691358,54,52,0.9491358024691358,15.660382270812988,27.500232696533203,0.00018538824224378914,4.720152854919434
3728,43.888888888888886,45,40,0.8888888888888888,17.33345603942871,21.559900283813477,0.00016801904712338,6.250150680541992
3729,-118.7601246105919,214,204,0.952398753894081,40.25126647949219,87.69258117675781,0.00016606021381448954,2.0600473880767822
3730,-12.214953271028037,107,102,0.9478504672897197,9.70852279663086,8.124229431152344,0.00016349120414815843,2.7719175815582275
3731,40.95652173913044,46,40,0.8695652173913043,-13.674816131591797,12.772378921508789,0.00016167570720426738,1.8297210931777954
3732,-5.702127659574472,94,83,0.8829787234042553,-22.477426528930664,26.547348022460938,0.00015551679825875908,3.57007098197937
3733,-5.702127659574472,94,83,0.8829787234042553,-24.207284927368164,29.77521324157715,0.0001556156639708206,1.558953046798706
3734,68.9090909090909,22,20,0.9090909090909091,4.418453693389893,2.768828868865967,0.0001477796322433278,0.5220658779144287
3735,40.95652173913044,46,40,0.8695652173913043,-21.148193359375,32.395957946777344,0.00014824791287537664,3.5869951248168945
3736,-3.7526881720430083,93,83,0.8924731182795699,-13.88840103149414,10.156678199768066,0.00014555722009390593,1.6801789999008179
3737,-3.7526881720430083,93,83,0.8924731182795699,-12.12623119354248,7.7934889793396,0.00014424916298594326,1.6780438423156738
3738,-114.46411483253588,209,198,0.9453588516746412,10.071352005004883,5.677473068237305,0.00014426192501559854,1.2346746921539307
3739,-1.782608695652172,92,83,0.9021739130434783,-0.025012968108057976,0.24716471135616302,0.0001442280045012012,0.1543101966381073
3740,-1.782608695652172,92,83,0.9021739130434783,1.3368151187896729,0.31478506326675415,0.0001434924197383225,0.4234378933906555
3741,68.9090909090909,22,20,0.9090909090909091,12.786792755126953,17.87523651123047,0.00014562910655513406,6.02422571182251
3742,-3.7526881720430083,93,83,0.8924731182795699,-5.782944202423096,1.9406648874282837,0.0001432369026588276,0.5143192410469055
3743,43.888888888888886,45,40,0.8888888888888888,5.941883563995361,3.1734774112701416,0.00014316351735033095,1.0929371118545532
3744,63.95652173913044,23,20,0.8695652173913043,-4.980542182922363,2.8119826316833496,0.00014308134268503636,1.1914399862289429
3745,-14.700305810397552,109,104,0.9429969418960245,3.363003969192505,1.1776641607284546,0.00014033931074663997,0.9418410658836365
3746,-1.782608695652172,92,83,0.9021739130434783,3.4272243976593018,0.7587829232215881,0.0001401390036335215,0.39556846022605896
3747,45.16,50,48,0.9516,-11.553150177001953,14.291726112365723,0.00014009582810103893,1.0969679355621338
3748,-3.7526881720430083,93,83,0.8924731182795699,-3.9401867389678955,1.0224099159240723,0.00013872924319002777,0.4838547706604004
3749,-111.00970873786409,206,196,0.9499029126213592,8.45953369140625,4.545432090759277,0.00013909395784139633,2.476832389831543
3750,-115.03492063492064,210,200,0.9496507936507936,-0.5197594165802002,1.934723973274231,0.0001386749354423955,0.2555360198020935
3751,68.9090909090909,22,20,0.9090909090909091,13.747608184814453,23.35260581970215,0.00013929558917880058,4.064760208129883
3752,38.09090909090909,55,52,0.9309090909090909,3.13346004486084,1.8016149997711182,0.00013924969243817031,0.37124234437942505
3753,41.01282051282051,52,49,0.9301282051282052,-5.553833961486816,3.697479009628296,0.00013705363380722702,2.3003249168395996
3754,-117.16037735849056,212,202,0.9483962264150944,-9.83671760559082,7.091477870941162,0.00013704816228710115,1.5711829662322998
3755,63.95652173913044,23,20,0.8695652173913043,-4.164365291595459,1.8903816938400269,0.00013706379104405642,1.2079668045043945
3756,0.2087912087912116,91,83,0.9120879120879121,19.76219367980957,19.667320251464844,0.00013928669795859605,6.157339572906494
3757,-12.214953271028037,107,102,0.9478504672897197,18.76131248474121,24.89060401916504,0.00013953800953458995,2.0079495906829834
3758,-109.59186991869919,205,196,0.9540813008130081,13.4346923828125,10.053949356079102,0.00013794982805848122,1.3115170001983643
3759,43.888888888888886,45,40,0.8888888888888888,15.53178882598877,18.234310150146484,0.00013797871361020952,1.1327009201049805
3760,68.9090909090909,22,20,0.9090909090909091,7.496787071228027,7.009716510772705,0.00013830831449013203,3.0003364086151123
3761,63.95652173913044,23,20,0.8695652173913043,-10.932588577270508,11.931757926940918,0.00013827456859871745,4.115768909454346
3762,-10.047619047619051,105,100,0.9495238095238095,5.940634727478027,2.649986505508423,0.00013677499373443425,1.736366629600525
3763,43.888888888888886,45,40,0.8888888888888888,-1.8790417909622192,0.5518921613693237,0.0001365477219223976,0.34625786542892456
3764,43.888888888888886,45,40,0.8888888888888888,-4.759464740753174,1.8066993951797485,0.00013430617400445044,1.352702021598816
3765,40.95652173913044,46,40,0.8695652173913043,-18.46331024169922,21.259525299072266,0.00013745260366704315,9.34727954864502
3766,43.888888888888886,45,40,0.8888888888888888,-5.4139084815979,2.2016801834106445,0.00013713224325329065,1.447925329208374
3767,0.2087912087912116,91,83,0.9120879120879121,0.5327107906341553,0.34490707516670227,0.00013713528460357338,0.43621155619621277
3768,43.888888888888886,45,40,0.8888888888888888,-0.9908888339996338,0.3127705156803131,0.00013699803093913943,0.4926629364490509
3769,42.294117647058826,51,48,0.9329411764705883,-21.229455947875977,49.456031799316406,0.00014388689305633307,10.851757049560547
3770,-5.702127659574472,94,83,0.8829787234042553,-23.152990341186523,26.859691619873047,0.00014473451301455498,3.677652597427368
3771,-119.61085271317829,215,206,0.9538914728682171,-41.05326843261719,88.53109741210938,0.00014521034609060735,2.629572629928589
3772,-1.782608695652172,92,83,0.9021739130434783,4.782411098480225,1.4127849340438843,0.00014505274884868413,1.1370069980621338
3773,-5.702127659574472,94,83,0.8829787234042553,-7.80340051651001,3.2655577659606934,0.00014431070303544402,2.400618553161621
3774,41.52564102564102,52,49,0.9352564102564103,40.63460922241211,174.8737030029297,0.0001503220701124519,10.354100227355957
3775,-12.271028037383175,107,102,0.9472897196261683,21.60003662109375,33.18349075317383,0.00012685883848462254,2.8472819328308105
3776,-12.214953271028037,107,102,0.9478504672897197,17.824237823486328,23.178430557250977,0.0001276760158361867,4.828597545623779
3777,-12.271028037383175,107,102,0.9472897196261683,11.834211349487305,10.121431350708008,0.00013043782382737845,6.852695941925049
3778,41.01282051282051,52,49,0.9301282051282052,4.08248233795166,2.002333641052246,0.000125993145047687,1.4161745309829712
3779,68.9090909090909,22,20,0.9090909090909091,13.180367469787598,21.024518966674805,0.00012715667253360152,5.379673957824707
3780,-12.769470404984418,107,101,0.9423052959501558,-10.557206153869629,7.565427780151367,0.00012803632125724107,4.162653923034668
3781,63.95652173913044,23,20,0.8695652173913043,-10.695744514465332,12.587653160095215,0.00012250027793925256,1.965657353401184
3782,-11.081761006289312,106,101,0.9491823899371069,-11.982584953308105,10.611391067504883,0.00012351595796644688,3.9432294368743896
3783,68.9090909090909,22,20,0.9090909090909091,0.25126659870147705,0.3229667842388153,0.00012353943020571023,0.7690199017524719
3784,-13.592592592592595,108,103,0.9440740740740741,-23.044218063354492,35.0189094543457,0.00013518476043827832,13.988247871398926
3785,-1.782608695652172,92,83,0.9021739130434783,-17.605552673339844,16.633943557739258,0.00013525424583349377,1.1016416549682617
3786,63.95652173913044,23,20,0.8695652173913043,-15.903671264648438,29.06771469116211,0.00013254943769425154,11.136940956115723
3787,-3.7526881720430083,93,83,0.8924731182795699,-22.108068466186523,25.27429962158203,0.0001325432094745338,0.30731385946273804
3788,44.69333333333333,50,48,0.9469333333333333,-28.80144691467285,98.34546661376953,0.00013281923020258546,2.2737438678741455
3789,40.95652173913044,46,40,0.8695652173913043,-4.4505109786987305,1.513909101486206,0.0001319610746577382,0.805473268032074
3790,-12.582554517133957,107,102,0.9441744548286605,8.19394588470459,6.555825710296631,0.00013366171333473176,5.403883934020996
3791,-1.782608695652172,92,83,0.9021739130434783,8.72357177734375,4.266140460968018,0.00013347584172151983,0.8854897618293762
3792,43.888888888888886,45,40,0.8888888888888888,37.010345458984375,103.39390563964844,0.0001352045073872432,5.207588195800781
3793,-14.715151515151518,110,105,0.9528484848484848,22.286130905151367,41.05889892578125,0.00013524472888093442,3.052910089492798
3794,63.95652173913044,23,20,0.8695652173913043,16.597610473632812,30.919715881347656,0.0001372280967188999,5.631631374359131
3795,43.888888888888886,45,40,0.8888888888888888,34.28542709350586,92.89970397949219,0.00013972660235594958,8.660561561584473
3796,-3.7526881720430083,93,83,0.8924731182795699,-1.8863075971603394,0.3639742136001587,0.0001334416156169027,0.2683534324169159
3797,40.95652173913044,46,40,0.8695652173913043,8.537688255310059,5.384424686431885,0.00012864128802902997,3.3497276306152344
3798,-10.880503144654085,106,101,0.9511949685534591,7.225634574890137,4.548923969268799,0.00012821033305954188,1.0413426160812378
3799,-3.7526881720430083,93,83,0.8924731182795699,-14.08796215057373,9.878885269165039,0.0001289680803893134,3.425356149673462
3800,-111.05501618122977,206,196,0.9494498381877022,22.52735137939453,31.175880432128906,0.0001291199296247214,2.026779890060425
3801,-10.880503144654085,106,101,0.9511949685534591,-8.938925743103027,5.4300031661987305,0.00013237544044386595,7.485614776611328
3802,-9.57142857142857,105,101,0.9542857142857143,-8.87724494934082,6.161322593688965,0.00013206465519033372,3.3139710426330566
3803,68.9090909090909,22,20,0.9090909090909091,0.21706120669841766,0.2723972201347351,0.00013205832510720938,0.3345281183719635
3804,-118.6822429906542,214,204,0.9531775700934579,-22.2778377532959,29.71201515197754,0.00012942009198013693,4.150022029876709
3805,68.9090909090909,22,20,0.9090909090909091,-3.3410708904266357,1.3179599046707153,0.00012945693742949516,0.9589207172393799
3806,-16.47147147147146,111,106,0.9452852852852853,-29.458736419677734,66.63459777832031,0.00013004611537326127,4.5239577293396
3807,-118.7601246105919,214,204,0.952398753894081,-14.463102340698242,13.953129768371582,0.000131282999063842,5.439284801483154
3808,41.52287581699346,51,48,0.9252287581699347,-67.8133544921875,477.44854736328125,0.0001316073175985366,3.328773260116577
3809,59.33333333333334,24,20,0.8333333333333334,-21.80518913269043,50.528560638427734,0.00013932572619523853,11.304186820983887
3810,-9.811320754716988,106,103,0.9618867924528302,25.33587646484375,49.212650299072266,0.0001427320676157251,14.97718620300293
3811,-14.700305810397552,109,104,0.9429969418960245,19.419681549072266,28.227195739746094,0.00014263553021010011,0.5798599720001221
3812,-10.047619047619051,105,100,0.9495238095238095,35.398681640625,97.83255004882812,0.0001697034458629787,21.521141052246094
3813,-10.047619047619051,105,100,0.9495238095238095,37.88679504394531,108.11299896240234,0.00016644156130496413,2.1849682331085205
3814,-3.7526881720430083,93,83,0.8924731182795699,13.120834350585938,9.278326988220215,0.0001662872964516282,0.6655698418617249
3815,-5.702127659574472,94,83,0.8829787234042553,2.3591201305389404,0.3905180096626282,0.00015882444859016687,0.28070491552352905
3816,68.9090909090909,22,20,0.9090909090909091,58.77018356323242,406.2483215332031,0.00016216881340369582,17.322309494018555
3817,43.888888888888886,45,40,0.8888888888888888,70.44837951660156,355.3333435058594,0.00016699031402822584,11.104389190673828
3818,43.83660130718954,51,49,0.9483660130718954,42.034881591796875,198.57945251464844,0.00017807625408750027,14.516609191894531
3819,45.733333333333334,50,48,0.9573333333333334,16.0921573638916,26.752017974853516,0.00017838664643932134,2.5229198932647705
3820,-3.7526881720430083,93,83,0.8924731182795699,-34.04576110839844,61.72573471069336,0.00017798179760575294,1.1623258590698242
3821,-11.081761006289312,106,101,0.9491823899371069,-41.34721374511719,130.02464294433594,0.00017856672639027238,8.887372016906738
3822,-115.03492063492064,210,200,0.9496507936507936,-46.532623291015625,122.96797943115234,0.00017880987434182316,2.430304527282715
3823,44.373333333333335,50,48,0.9437333333333333,-86.10774993896484,862.0675659179688,0.00018568347149994224,10.112442970275879
3824,-12.271028037383175,107,102,0.9472897196261683,-44.66425323486328,149.58651733398438,0.00019060690829064697,8.362629890441895
3825,43.888888888888886,45,40,0.8888888888888888,-20.628740310668945,31.401546478271484,0.0001928376586874947,5.824888706207275
3826,46.3611111111111,48,46,0.9436111111111111,-38.36172866821289,164.44528198242188,0.0001931990118464455,2.884434461593628
3827,-10.320754716981128,106,102,0.9567924528301887,7.713864326477051,7.314067840576172,0.00019219197565689683,0.789071798324585
3828,68.9090909090909,22,20,0.9090909090909091,48.00529098510742,236.05801391601562,0.00034074042923748493,50.13761520385742
3829,-111.00970873786409,206,196,0.9499029126213592,102.95156860351562,583.5839233398438,0.0003511331451591104,13.91962718963623
3830,-3.7526881720430083,93,83,0.8924731182795699,6.320321083068848,2.257540225982666,0.0003509889938868582,0.4461232125759125
3831,-121.04012345679013,216,206,0.9495987654320988,37.59884262084961,74.75713348388672,0.00035286761703900993,4.97904634475708
3832,43.18300653594771,51,49,0.9418300653594771,50.93429946899414,306.6248779296875,0.0003714827762451023,18.544849395751953
3833,-5.702127659574472,94,83,0.8829787234042553,-12.521078109741211,8.363616943359375,0.00037147715920582414,2.0343008041381836
3834,63.95652173913044,23,20,0.8695652173913043,46.4582633972168,206.65939331054688,0.0004293588863220066,31.043630599975586
3835,-119.5984496124031,215,206,0.954015503875969,-91.05854797363281,472.66070556640625,0.00043570547131821513,11.983452796936035
3836,44.373333333333335,50,48,0.9437333333333333,5.294615745544434,3.4450411796569824,0.00043622174416668713,3.706615924835205
3837,-122.49001536098311,217,206,0.945099846390169,-102.25398254394531,593.3689575195312,0.0005069137550890446,35.58929443359375
3838,-3.7526881720430083,93,83,0.8924731182795699,-15.249089241027832,14.094405174255371,0.0005074652144685388,3.6747074127197266
3839,43.888888888888886,45,40,0.8888888888888888,13.099635124206543,13.841453552246094,0.0005080258706584573,1.8409910202026367
3840,43.888888888888886,45,40,0.8888888888888888,9.481741905212402,7.563466548919678,0.0005080823902972043,2.193105936050415
3841,-10.555555555555557,105,100,0.9444444444444444,7.777851581573486,4.81269645690918,0.0005069758626632392,1.043813943862915
3842,-10.691823899371073,106,102,0.9530817610062893,14.831439018249512,16.20943260192871,0.0005091726197861135,4.4907331466674805
3843,44.373333333333335,50,48,0.9437333333333333,-24.474327087402344,68.05264282226562,0.0005095505621284246,4.654875755310059
3844,45.16,50,48,0.9516,-18.506366729736328,34.3170280456543,0.0005198787548579276,13.160582542419434
3845,43.888888888888886,45,40,0.8888888888888888,7.355590343475342,5.196383953094482,0.0005199213628657162,2.8044254779815674
3846,38.369696969696975,55,52,0.9336969696969697,4.137477874755859,3.06646990776062,0.000519916822668165,1.5370978116989136
3847,41.062893081761004,53,51,0.94062893081761,8.866889953613281,11.555870056152344,0.0005211031530052423,3.2551839351654053
3848,63.95652173913044,23,20,0.8695652173913043,1.3818676471710205,0.7220062613487244,0.0005210882518440485,0.48070523142814636
3849,40.91358024691358,54,52,0.9491358024691358,21.67945671081543,50.78622817993164,0.0005338446935638785,15.98082160949707
3850,40.91358024691358,54,52,0.9491358024691358,13.541479110717773,20.773822784423828,0.000536192674189806,4.797243595123291
3851,63.95652173913044,23,20,0.8695652173913043,-11.159818649291992,13.53206729888916,0.0005358013440854847,4.300050735473633
3852,63.95652173913044,23,20,0.8695652173913043,-15.228886604309082,25.570899963378906,0.0005396823980845511,7.007755279541016
3853,-1.782608695652172,92,83,0.9021739130434783,9.266822814941406,5.4294891357421875,0.0005394892068579793,1.8345232009887695
3854,43.888888888888886,45,40,0.8888888888888888,-13.815549850463867,12.91647720336914,0.000540595268830657,6.270604610443115
3855,63.95652173913044,23,20,0.8695652173913043,-19.909008026123047,35.1523551940918,0.0005556995747610927,15.231010437011719
3856,-1.782608695652172,92,83,0.9021739130434783,5.490015506744385,2.971903085708618,0.0005525242886506021,1.6704819202423096
3857,-3.7526881720430083,93,83,0.8924731182795699,-3.360567569732666,2.8265419006347656,0.0005527605535462499,1.1658090353012085
3858,44.69333333333333,50,48,0.9469333333333333,-31.799591064453125,105.51598358154297,0.0006210323190316558,35.334075927734375
3859,-5.702127659574472,94,83,0.8829787234042553,-5.148737907409668,2.9705982208251953,0.0006209646235220134,1.0395835638046265
3860,43.73202614379085,51,49,0.9473202614379085,-3.19024920463562,1.3775665760040283,0.0006228088750503957,3.952976942062378
3861,-5.702127659574472,94,83,0.8829787234042553,7.721298694610596,2.9506945610046387,0.0006225145771168172,1.357493281364441
3862,43.888888888888886,45,40,0.8888888888888888,31.02113151550293,68.99061584472656,0.0006231791921891272,2.908585786819458
3863,63.95652173913044,23,20,0.8695652173913043,20.187110900878906,44.0102653503418,0.0006288766744546592,8.495697021484375
3864,43.888888888888886,45,40,0.8888888888888888,32.30104064941406,75.86176300048828,0.0006348448805510998,7.8860626220703125
3865,-10.880503144654085,106,101,0.9511949685534591,68.66280364990234,330.4615173339844,0.0007657613605260849,45.401023864746094
3866,-5.702127659574472,94,83,0.8829787234042553,-3.0328941345214844,1.2720552682876587,0.0007658646791242063,0.5456730127334595
3867,-117.3129890453834,213,204,0.9568701095461659,154.597412109375,1199.4156494140625,0.0011131236096844077,76.61284637451172
3868,43.888888888888886,45,40,0.8888888888888888,-26.48013687133789,46.894126892089844,0.0014578421832993627,75.2034912109375
3869,-8.782051282051285,104,100,0.9521794871794872,-22.324792861938477,38.94706726074219,0.0014531095512211323,4.881786346435547
3870,-10.691823899371073,106,102,0.9530817610062893,-39.622135162353516,119.67241668701172,0.001451541786082089,4.97025203704834
3871,40.95652173913044,46,40,0.8695652173913043,-48.018253326416016,157.30557250976562,0.0014892242616042495,27.652475357055664
3872,68.9090909090909,22,20,0.9090909090909091,8.5597505569458,8.334546089172363,0.001488657551817596,1.527457594871521
3873,49.36879432624113,47,46,0.9636879432624114,-63.30224609375,468.95452880859375,0.0016782133607193828,57.55754852294922
3874,-3.7526881720430083,93,83,0.8924731182795699,-93.49520111083984,437.4457092285156,0.0017209667712450027,24.682514190673828
3875,43.73202614379085,51,49,0.9473202614379085,-37.51847457885742,144.07632446289062,0.0019081371137872338,58.04072952270508
3876,-10.047619047619051,105,100,0.9495238095238095,-49.60749435424805,155.02737426757812,0.0020653153769671917,48.28093719482422
3877,63.95652173913044,23,20,0.8695652173913043,65.86016845703125,414.9220886230469,0.0022633580956608057,55.190635681152344
3878,-118.7601246105919,214,204,0.952398753894081,-238.6038818359375,2592.878173828125,0.005834398791193962,240.40936279296875
3879,-11.081761006289312,106,101,0.9491823899371069,-26.439712524414062,44.5777702331543,0.005862551741302013,22.136869430541992
3880,-7.631578947368411,95,83,0.8736842105263158,-36.30753707885742,66.72113800048828,0.005964142270386219,40.86098098754883
3881,-111.00970873786409,206,196,0.9499029126213592,-128.24078369140625,900.1060791015625,0.00647721067070961,92.1894760131836
3882,40.91358024691358,54,52,0.9491358024691358,83.05159759521484,622.9396362304688,0.007295089773833752,117.06682586669922
3883,-113.5805422647528,209,200,0.954194577352472,-41.81096267700195,205.416015625,0.00921775121241808,177.68797302246094
3884,-119.5984496124031,215,206,0.954015503875969,-2.4566071033477783,122.3881607055664,0.009643607772886753,84.97320556640625
3885,43.83660130718954,51,49,0.9483660130718954,107.28013610839844,1117.28271484375,0.012824133038520813,228.368896484375
3886,-113.00961538461539,208,198,0.9499038461538462,78.47376251220703,332.1922607421875,0.014197222888469696,151.0253448486328
3887,-1.782608695652172,92,83,0.9021739130434783,37.49089050292969,63.80955505371094,0.01421232707798481,14.610784530639648
3888,-11.081761006289312,106,101,0.9491823899371069,54.916969299316406,185.7105712890625,0.015521522611379623,148.2541046142578
3889,63.95652173913044,23,20,0.8695652173913043,99.40133666992188,943.9954223632812,0.016727518290281296,140.6875457763672
3890,-7.631578947368411,95,83,0.8736842105263158,-13.673358917236328,8.489629745483398,0.01672932505607605,10.695045471191406
3891,68.9090909090909,22,20,0.9090909090909091,94.09810638427734,879.8150024414062,0.0177310723811388,125.9540786743164
3892,-1.782608695652172,92,83,0.9021739130434783,-8.840649604797363,6.733676433563232,0.017732618376612663,8.69575309753418
3893,63.95652173913044,23,20,0.8695652173913043,53.32355499267578,237.59764099121094,0.018289560452103615,96.14936065673828
3894,-1.782608695652172,92,83,0.9021739130434783,-43.136314392089844,73.35352325439453,0.01841084286570549,44.1353645324707
3895,63.95652173913044,23,20,0.8695652173913043,16.372243881225586,25.1173152923584,0.018408779054880142,5.976319313049316
3896,38.09090909090909,55,52,0.9309090909090909,-96.9236068725586,686.068115234375,0.02115710638463497,213.14183044433594
3897,59.33333333333334,24,20,0.8333333333333334,-13.833702087402344,15.477036476135254,0.021158084273338318,2.928809881210327
3898,-123.91131498470948,218,206,0.9408868501529052,26.426834106445312,110.85588836669922,0.021392539143562317,62.34468078613281
3899,-127.28181818181818,220,204,0.9271818181818182,-3.5768091678619385,71.12686920166016,0.021557364612817764,51.58882522583008
3900,-3.7526881720430083,93,83,0.8924731182795699,-69.391357421875,207.8813934326172,0.021727142855525017,53.023311614990234
3901,40.95652173913044,46,40,0.8695652173913043,2.7608649730682373,5.970434665679932,0.021728582680225372,6.220760822296143
3902,-118.1006289308176,212,200,0.9389937106918239,19.68539810180664,45.196231842041016,0.021866321563720703,48.08026885986328
3903,-5.702127659574472,94,83,0.8829787234042553,-43.81311798095703,77.25809478759766,0.0219089537858963,24.405839920043945
3904,-3.7526881720430083,93,83,0.8924731182795699,-20.991994857788086,20.258020401000977,0.021919723600149155,13.220287322998047
3905,-18.41666666666667,112,105,0.9358333333333333,-19.339630126953125,32.01047897338867,0.02195708453655243,24.81761360168457
3906,-12.44654088050315,106,100,0.9355345911949685,13.093713760375977,29.666296005249023,0.02208114042878151,45.14216995239258
3907,40.95652173913044,46,40,0.8695652173913043,108.6256103515625,588.492431640625,0.027859071269631386,309.0682067871094
3908,38.761006289308185,53,49,0.9176100628930818,45.35700988769531,146.02517700195312,0.028124356642365456,65.04495239257812
3909,59.33333333333334,24,20,0.8333333333333334,28.109201431274414,52.53721237182617,0.028150971978902817,26.421039581298828
3910,46.90909090909091,44,40,0.9090909090909091,-12.16655158996582,7.687852382659912,0.02814135141670704,3.707540512084961
3911,-16.308641975308646,108,100,0.9169135802469136,-105.22673797607422,434.5392150878906,0.030490070581436157,197.01515197753906
3912,-126.76666666666667,220,206,0.9323333333333333,-74.24182891845703,343.1045227050781,0.030643271282315254,54.729007720947266
3913,-115.41786283891547,209,196,0.9358213716108453,-33.66523742675781,186.7023468017578,0.030717546120285988,33.0091438293457
3914,-128.2006033182504,221,206,0.9279939668174962,-17.476070404052734,136.9843292236328,0.030739303678274155,19.51502227783203
3915,43.888888888888886,45,40,0.8888888888888888,-122.71142578125,707.2349243164062,0.03098192624747753,61.95134735107422
3916,46.90909090909091,44,40,0.9090909090909091,-92.3381576538086,411.69677734375,0.030997220426797867,23.519908905029297
3917,40.95652173913044,46,40,0.8695652173913043,-93.183349609375,394.88818359375,0.031202111393213272,56.313995361328125
3918,-17.799999999999997,110,102,0.922,11.49111557006836,5.59711217880249,0.031192710623145103,3.505760669708252
3919,-17.799999999999997,110,102,0.922,37.96687316894531,54.622100830078125,0.03202468529343605,117.58949279785156
3920,-3.7526881720430083,93,83,0.8924731182795699,28.576719284057617,27.30352210998535,0.032039642333984375,18.690595626831055
3921,-14.092592592592595,108,102,0.9390740740740741,106.20952606201172,420.0044860839844,0.03208101540803909,29.356212615966797
3922,40.95652173913044,46,40,0.8695652173913043,49.95646286010742,124.55068969726562,0.032147541642189026,29.755550384521484
3923,63.95652173913044,23,20,0.8695652173913043,75.03437805175781,364.31915283203125,0.032371312379837036,64.02235412597656
3924,-122.91666666666667,216,202,0.9308333333333333,180.9928741455078,909.8493041992188,0.11192302405834198,1142.109375
3925,-3.7526881720430083,93,83,0.8924731182795699,-10.1819429397583,3.7252864837646484,0.11191883683204651,5.385109901428223
3926,-122.24341085271318,215,200,0.9275658914728682,26.21923065185547,24.16663360595703,0.11192594468593597,14.549454689025879
3927,59.33333333333334,24,20,0.8333333333333334,31.672578811645508,69.26998901367188,0.11204977333545685,42.59053421020508
3928,40.95652173913044,46,40,0.8695652173913043,15.344022750854492,11.631672859191895,0.11192197352647781,1.7726566791534424
3929,63.95652173913044,23,20,0.8695652173913043,42.2790641784668,112.61343383789062,0.11192408949136734,12.745628356933594
3930,33.30303030303031,55,49,0.883030303030303,-88.0541000366211,401.6741638183594,0.11203404515981674,46.42533874511719
3931,36.06172839506172,54,49,0.9006172839506172,-77.64136505126953,288.7073059082031,0.11207209527492523,25.66106605529785
3932,-113.96794871794873,208,196,0.9403205128205128,-207.873046875,1137.955810546875,0.11210593581199646,26.230436325073242
3933,37.314465408805034,53,48,0.9031446540880503,-38.89205551147461,86.94548797607422,0.11225180327892303,44.85657501220703
3934,-3.7526881720430083,93,83,0.8924731182795699,-94.52215576171875,315.2338562011719,0.11227346956729889,35.90781784057617
3935,38.1063829787234,47,40,0.851063829787234,44.27057647705078,88.86351013183594,0.11229292303323746,16.086061477661133
3936,55.0,25,20,0.8,58.558929443359375,198.3799591064453,0.11240298300981522,45.93455505371094
3937,43.888888888888886,45,40,0.8888888888888888,89.21366119384766,326.1546630859375,0.11252182722091675,57.45195388793945
3938,32.93939393939394,55,49,0.8793939393939394,-3.0782182216644287,4.45325231552124,0.11253907531499863,16.696002960205078
3939,-5.702127659574472,94,83,0.8829787234042553,-74.40748596191406,179.17221069335938,0.11263415217399597,37.785335540771484
3940,59.33333333333334,24,20,0.8333333333333334,71.75931549072266,324.4698791503906,0.1133776605129242,108.81827545166016
3941,-3.7526881720430083,93,83,0.8924731182795699,-52.04131317138672,92.14130401611328,0.11340784281492233,22.656002044677734
3942,-7.631578947368411,95,83,0.8736842105263158,-69.87074279785156,165.24246215820312,0.11374779790639877,76.57868194580078
3943,-128.18853695324285,221,206,0.9281146304675716,-113.32625579833984,481.7870178222656,0.11389946937561035,53.00605773925781
3944,-7.631578947368411,95,83,0.8736842105263158,-49.80659866333008,85.28125,0.11390837281942368,21.622398376464844
3945,40.95652173913044,46,40,0.8695652173913043,59.89226531982422,140.71080017089844,0.11401047557592392,44.60536575317383
3946,68.9090909090909,22,20,0.9090909090909091,91.21733856201172,537.1297607421875,0.1255481243133545,433.7752685546875
3947,38.1063829787234,47,40,0.851063829787234,30.525177001953125,36.98595428466797,0.12659426033496857,131.2821044921875
3948,-3.7526881720430083,93,83,0.8924731182795699,7.510980129241943,2.274625778198242,0.12659952044487,10.463719367980957
3949,59.33333333333334,24,20,0.8333333333333334,18.181669235229492,18.884740829467773,0.1265937089920044,9.476861953735352
3950,-32.65555555555555,120,105,0.8734444444444445,8.818452835083008,46.33900833129883,0.12745966017246246,118.30059051513672
3951,40.95652173913044,46,40,0.8695652173913043,15.452523231506348,10.972050666809082,0.12746061384677887,6.140110969543457
3952,36.031446540880495,53,48,0.890314465408805,-35.846519470214844,66.01016235351562,0.12756356596946716,45.06508255004883
3953,-127.21613394216133,219,202,0.9178386605783866,243.69601440429688,1592.5736083984375,0.12763439118862152,31.01930046081543
3954,-17.85454545454546,110,102,0.9214545454545454,41.37877655029297,60.719276428222656,0.1276540905237198,15.344470024108887
3955,40.95652173913044,46,40,0.8695652173913043,-30.434431076049805,38.88065719604492,0.12766604125499725,21.850772857666016
3956,-118.260663507109,211,196,0.92739336492891,72.75125885009766,168.0150146484375,0.1277555376291275,36.3901252746582
3957,-5.702127659574472,94,83,0.8829787234042553,-38.27948760986328,61.50044631958008,0.1277826726436615,22.307497024536133
3958,59.33333333333334,24,20,0.8333333333333334,-58.410133361816406,205.18580627441406,0.1277908980846405,38.20248794555664
3959,40.95652173913044,46,40,0.8695652173913043,-58.92042541503906,147.50440979003906,0.12780815362930298,14.436924934387207
3960,39.5,52,48,0.915,-123.8511734008789,660.3646240234375,0.12797944247722626,50.078189849853516
3961,30.367816091954026,58,52,0.8836781609195402,-93.30384826660156,426.46893310546875,0.12982922792434692,176.87144470214844
3962,-5.702127659574472,94,83,0.8829787234042553,-39.671661376953125,48.544647216796875,0.12983815371990204,9.516775131225586
3963,43.888888888888886,45,40,0.8888888888888888,76.71837615966797,229.3324432373047,0.12988249957561493,32.557891845703125
3964,-131.02092675635276,223,206,0.9197907324364724,-258.9115295410156,1655.372314453125,0.13020998239517212,70.5088119506836
3965,27.77966101694915,59,52,0.8677966101694915,55.98124313354492,129.3345489501953,0.13101069629192352,128.84095764160156
3966,-20.35735735735736,111,101,0.9064264264264265,7.902080535888672,9.192182540893555,0.131010502576828,6.81760835647583
3967,-5.702127659574472,94,83,0.8829787234042553,-3.330820083618164,0.5600572228431702,0.1306864321231842,0.9806423187255859
3968,55.0,25,20,0.8,120.46883392333984,691.6992797851562,0.13225199282169342,181.87905883789062
3969,-21.660660660660653,111,100,0.8933933933933934,29.419145584106445,29.543209075927734,0.13227011263370514,24.938268661499023
3970,55.0,25,20,0.8,116.0367431640625,714.7090454101562,0.1323832869529724,48.415321350097656
3971,-127.21613394216133,219,202,0.9178386605783866,-130.2573699951172,375.59521484375,0.13242289423942566,27.383716583251953
3972,59.33333333333334,24,20,0.8333333333333334,121.28981018066406,749.0729370117188,0.13258390128612518,44.822540283203125
3973,38.1063829787234,47,40,0.851063829787234,116.68148040771484,543.90087890625,0.13276256620883942,70.43184661865234
3974,-131.45645645645646,222,202,0.9054354354354355,-79.72797393798828,140.61679077148438,0.13281209766864777,34.61502456665039
3975,35.33333333333334,48,40,0.8333333333333334,71.0733413696289,180.35003662109375,0.13302095234394073,85.30441284179688
3976,-9.541666666666657,96,83,0.8645833333333334,-15.903543472290039,7.395533084869385,0.1328521966934204,3.1850264072418213
3977,-136.6417033773862,227,206,0.903582966226138,-11.203620910644531,14.875000953674316,0.13266593217849731,14.353140830993652
3978,-7.631578947368411,95,83,0.8736842105263158,-8.478260040283203,2.6353416442871094,0.12903515994548798,0.42168718576431274
3979,-28.88985507246376,115,100,0.8611014492753624,-47.82080078125,68.06733703613281,0.12900452315807343,12.15872859954834
3980,40.95652173913044,46,40,0.8695652173913043,18.406864166259766,12.491127967834473,0.12889888882637024,13.503908157348633
3981,-32.361823361823355,117,100,0.8463817663817664,-58.238521575927734,99.4877700805664,0.12849943339824677,29.4045352935791
3982,32.63265306122449,49,40,0.8163265306122449,-41.61162185668945,62.124229431152344,0.12774227559566498,13.645604133605957
3983,-28.620689655172413,116,102,0.8737931034482759,2.0227625370025635,26.260265350341797,0.1258208155632019,7.832788467407227
3984,-11.432989690721655,97,83,0.8556701030927835,-21.756290435791016,16.745075225830078,0.12536577880382538,3.3039894104003906
3985,27.35151515151516,55,46,0.8235151515151515,-134.81724548339844,618.218017578125,0.12220751494169235,27.697982788085938
3986,-133.57100149476832,223,200,0.8942899850523169,225.3245391845703,1079.207763671875,0.12088973075151443,28.932645797729492
3987,38.1063829787234,47,40,0.851063829787234,23.35928726196289,23.13713836669922,0.12087155133485794,2.0315635204315186
3988,55.0,25,20,0.8,-2.435791254043579,2.2103865146636963,0.11955739557743073,5.7357378005981445
3989,22.93442622950819,61,52,0.839344262295082,-30.183237075805664,35.2914924621582,0.1183665469288826,4.3454508781433105
3990,-27.549707602339183,114,99,0.8645029239766082,21.221786499023438,14.461322784423828,0.11836717277765274,15.26029109954834
3991,55.0,25,20,0.8,23.418975830078125,33.654842376708984,0.11737224459648132,18.790285110473633
3992,32.63265306122449,49,40,0.8163265306122449,36.09688949584961,48.44807052612305,0.11737123131752014,14.908269882202148
3993,-9.541666666666657,96,83,0.8645833333333334,2.603395462036133,1.4499679803848267,0.11681132763624191,1.1717227697372437
3994,31.084848484848493,55,48,0.8608484848484849,19.2910099029541,14.5805025100708,0.11672087013721466,16.52422332763672
3995,35.33333333333334,48,40,0.8333333333333334,47.368473052978516,81.30963134765625,0.11672522872686386,19.116546630859375
3996,-34.34444444444445,120,104,0.8565555555555555,-45.50138473510742,55.42068862915039,0.11411706358194351,35.70386505126953
3997,30.845238095238102,56,49,0.868452380952381,2.096825122833252,1.126790165901184,0.11411943286657333,3.373877763748169
3998,-124.02945736434108,215,196,0.9097054263565891,-72.27413177490234,119.98381805419922,0.11394975334405899,36.25284194946289
3999,-130.1909090909091,220,198,0.898090909090909,-98.49774932861328,224.96351623535156,0.11403513699769974,58.55083465576172
4000,29.876543209876544,54,46,0.8387654320987654,-32.807064056396484,40.68851089477539,0.113950215280056,40.616065979003906
4001,-30.31623931623932,117,102,0.8668376068376068,-2.487138509750366,4.329277038574219,0.1139516606926918,4.948002338409424
4002,28.54761904761905,56,48,0.8454761904761905,-0.03481920808553696,0.9665325880050659,0.11382070928812027,6.458601951599121
4003,55.0,25,20,0.8,24.842823028564453,35.8489990234375,0.1137993112206459,17.002872467041016
4004,-25.380116959064324,114,102,0.8861988304093568,59.409996032714844,96.36979675292969,0.11380153894424438,18.726333618164062
4005,50.923076923076934,26,20,0.7692307692307693,4.145312786102295,2.6262614727020264,0.11376655846834183,4.399549961090088
4006,-5.702127659574472,94,83,0.8829787234042553,41.491905212402344,47.5447883605957,0.11365857720375061,3.9907824993133545
4007,-25.36578171091446,113,100,0.8763421828908554,40.233924865722656,43.84760665893555,0.10787492990493774,7.796315670013428
4008,50.923076923076934,26,20,0.7692307692307693,-13.561500549316406,9.105978965759277,0.10760898888111115,3.480137348175049
4009,55.0,25,20,0.8,0.1543283313512802,1.5256272554397583,0.10757986456155777,3.931582450866699
4010,-9.541666666666657,96,83,0.8645833333333334,1.4870833158493042,4.325376987457275,0.10757765173912048,1.2719686031341553
4011,-5.702127659574472,94,83,0.8829787234042553,20.24288558959961,14.95409107208252,0.10522192716598511,4.276825904846191
4012,50.923076923076934,26,20,0.7692307692307693,-32.61273956298828,47.28840637207031,0.10505486279726028,15.715063095092773
4013,35.33333333333334,48,40,0.8333333333333334,10.974206924438477,6.6461639404296875,0.10498682409524918,8.020782470703125
4014,35.33333333333334,48,40,0.8333333333333334,8.998268127441406,5.043641567230225,0.10496733337640762,1.765982985496521
4015,-3.7526881720430083,93,83,0.8924731182795699,22.679828643798828,18.521324157714844,0.10472644120454788,6.531376361846924
4016,55.0,25,20,0.8,-17.173870086669922,13.63253402709961,0.10470413416624069,9.868694305419922
4017,-25.555555555555557,114,101,0.8844444444444445,1.2637277841567993,0.8897704482078552,0.10449918359518051,1.0337666273117065
4018,26.06432748538012,57,48,0.8306432748538012,-75.81449127197266,203.85850524902344,0.10458087921142578,33.36203384399414
4019,-30.65242165242165,117,102,0.8634757834757835,-22.749008178710938,14.914987564086914,0.10376729816198349,5.3031463623046875
4020,-27.134502923976612,114,100,0.8686549707602339,-1.5131388902664185,0.7866056561470032,0.10375378280878067,1.7808140516281128
4021,31.509090909090915,55,48,0.8650909090909091,9.719868659973145,5.397402286529541,0.10372834652662277,14.579798698425293
4022,50.923076923076934,26,20,0.7692307692307693,10.369511604309082,7.215420246124268,0.10366322845220566,10.212471961975098
4023,-28.10344827586208,116,103,0.8789655172413793,26.683555603027344,19.847745895385742,0.1034364104270935,7.575387001037598
4024,38.1063829787234,47,40,0.851063829787234,72.01129913330078,201.70948791503906,0.023912571370601654,13.04055118560791
4025,38.1063829787234,47,40,0.851063829787234,71.13511657714844,178.25372314453125,0.023956403136253357,29.48380470275879
4026,-128.60909090909092,220,202,0.9139090909090909,85.63125610351562,170.79421997070312,0.02405841462314129,40.558937072753906
4027,35.33333333333334,48,40,0.8333333333333334,25.530364990234375,27.75662612915039,0.023942282423377037,3.744659900665283
4028,38.1063829787234,47,40,0.851063829787234,22.722570419311523,23.129655838012695,0.02395467646420002,12.142631530761719
4029,55.0,25,20,0.8,-22.864849090576172,28.28519058227539,0.023988647386431694,29.60381317138672
4030,40.95652173913044,46,40,0.8695652173913043,8.722762107849121,5.156790256500244,0.023868771269917488,3.549323558807373
4031,59.33333333333334,24,20,0.8333333333333334,-24.3053035736084,28.424808502197266,0.023827088996767998,4.497982501983643
4032,59.33333333333334,24,20,0.8333333333333334,-26.588897705078125,33.6612434387207,0.02380073070526123,15.630261421203613
4033,55.0,25,20,0.8,-44.39434051513672,99.06954956054688,0.0236915722489357,23.436792373657227
4034,-18.584097859327215,109,99,0.9041590214067279,-51.692378997802734,81.70901489257812,0.023669011890888214,26.03730010986328
4035,-138.60818713450294,228,204,0.8939181286549708,-146.39810180664062,477.68707275390625,0.023674311116337776,19.509599685668945
4036,20.58064516129032,62,52,0.8258064516129032,-130.29676818847656,635.8790893554688,0.0245936568826437,128.51113891601562
4037,-22.16666666666667,112,101,0.8983333333333333,-24.066572189331055,16.502336502075195,0.024393590167164803,11.464743614196777
4038,55.0,25,20,0.8,7.713369369506836,5.0750298500061035,0.024379538372159004,1.3778303861618042
4039,32.03030303030303,55,48,0.8703030303030304,6.623830795288086,2.6944944858551025,0.02429681457579136,1.3615591526031494
4040,43.888888888888886,45,40,0.8888888888888888,97.65727996826172,365.707763671875,0.02356848306953907,2.363083600997925
4041,27.870056497175142,59,52,0.8687005649717514,39.99650192260742,63.7936897277832,0.023554259911179543,15.775155067443848
4042,33.42424242424242,55,49,0.8842424242424243,46.59048843383789,96.22108459472656,0.023381128907203674,54.383968353271484
4043,29.876543209876544,54,46,0.8387654320987654,-0.9978058934211731,1.3122427463531494,0.0232013501226902,2.6885364055633545
4044,-127.1917808219178,219,202,0.918082191780822,104.91513061523438,254.0413360595703,0.023203188553452492,18.300825119018555
4045,35.33333333333334,48,40,0.8333333333333334,40.288124084472656,60.91810989379883,0.023211505264043808,46.48078918457031
4046,-121.13145539906104,213,196,0.9186854460093896,69.8034439086914,116.52873992919922,0.011744028888642788,22.91016960144043
4047,27.853801169590653,57,49,0.8485380116959065,-47.95281982421875,82.62464904785156,0.010825383476912975,45.70466613769531
4048,-7.631578947368411,95,83,0.8736842105263158,-23.253101348876953,21.033340454101562,0.010819168761372566,2.4401323795318604
4049,28.039548022598865,59,52,0.8703954802259887,-35.31399917602539,53.7329216003418,0.010838507674634457,21.044437408447266
4050,27.853801169590653,57,49,0.8485380116959065,-58.052452087402344,125.69414520263672,0.010091929696500301,41.70676803588867
4051,36.77358490566037,53,48,0.8977358490566038,-5.0112528800964355,1.438423752784729,0.010090180672705173,2.230048418045044
4052,-127.21613394216133,219,202,0.9178386605783866,-70.1129379272461,119.92081451416016,0.010157222859561443,56.4864616394043
4053,-5.702127659574472,94,83,0.8829787234042553,-5.3999481201171875,2.9937145709991455,0.010092450305819511,0.2195185273885727
4054,-127.35757575757576,220,204,0.9264242424242424,-46.146114349365234,53.75822830200195,0.010082094930112362,9.688615798950195
4055,37.314465408805034,53,48,0.9031446540880503,47.07963943481445,90.85198211669922,0.010163573548197746,44.246707916259766
4056,40.95652173913044,46,40,0.8695652173913043,80.09666442871094,258.89239501953125,0.010143544524908066,36.08771514892578
4057,-116.86349206349206,210,196,0.9313650793650794,11.212233543395996,3.8425822257995605,0.010114477947354317,2.7881243228912354
4058,43.888888888888886,45,40,0.8888888888888888,89.62081146240234,308.21856689453125,0.010037380270659924,5.71803617477417
4059,-7.631578947368411,95,83,0.8736842105263158,-8.700186729431152,3.743614435195923,0.010024589486420155,2.4682652950286865
4060,-16.308641975308646,108,100,0.9169135802469136,23.086368560791016,16.473438262939453,0.009866316802799702,10.441183090209961
4061,-5.702127659574472,94,83,0.8829787234042553,-7.835885047912598,4.3175482749938965,0.007982395589351654,1.7069817781448364
4062,55.0,25,20,0.8,28.395185470581055,47.20249557495117,0.00799751840531826,17.569387435913086
4063,-123.8395061728395,216,200,0.921604938271605,-29.56833839416504,20.53729820251465,0.007969943806529045,24.772659301757812
4064,38.1063829787234,47,40,0.851063829787234,10.165907859802246,4.7129411697387695,0.007661453448235989,4.401331901550293
4065,35.5679012345679,54,49,0.895679012345679,-42.45664596557617,73.84944915771484,0.0066755679436028,21.13656234741211
4066,-5.702127659574472,94,83,0.8829787234042553,-25.03174591064453,23.277151107788086,0.00667536910623312,6.908740520477295
4067,38.1063829787234,47,40,0.851063829787234,1.9210455417633057,0.8600749969482422,0.006675693206489086,2.2651124000549316
4068,-116.86349206349206,210,196,0.9313650793650794,26.67458724975586,19.29505729675293,0.004606360569596291,6.053144931793213
4069,-125.94930875576037,217,198,0.9105069124423963,-23.79940414428711,12.957584381103516,0.004569204989820719,14.146331787109375
4070,-123.67283950617283,216,200,0.9232716049382717,6.840038299560547,2.001608371734619,0.004420087207108736,2.779097318649292
4071,37.314465408805034,53,48,0.9031446540880503,-41.044219970703125,63.6064567565918,0.0043815430253744125,2.1842265129089355
4072,43.888888888888886,45,40,0.8888888888888888,33.67877960205078,46.42182922363281,0.0042715719901025295,9.759026527404785
4073,35.33333333333334,48,40,0.8333333333333334,-6.746671676635742,2.3993215560913086,0.003986158408224583,3.2994883060455322
4074,32.842424242424244,55,49,0.8784242424242424,-49.0175895690918,95.65242004394531,0.004157638177275658,61.712158203125
4075,59.33333333333334,24,20,0.8333333333333334,31.187179565429688,56.529788970947266,0.0037060254253447056,12.244636535644531
4076,40.95652173913044,46,40,0.8695652173913043,36.14122009277344,50.097930908203125,0.003713852958753705,10.716086387634277
4077,59.33333333333334,24,20,0.8333333333333334,32.88124084472656,57.83644485473633,0.0037314249202609062,20.04929542541504
4078,-17.53211009174312,109,100,0.9146788990825688,26.25436782836914,20.308382034301758,0.0037440177984535694,15.564801216125488
4079,-11.432989690721655,97,83,0.8556701030927835,-32.00475311279297,32.14564514160156,0.0037337113171815872,2.9195923805236816
4080,34.1111111111111,54,48,0.8811111111111111,-35.54247283935547,47.120975494384766,0.0038313844706863165,43.39895248413086
4081,-123.9860465116279,215,196,0.9101395348837209,29.75564956665039,20.555654525756836,0.003786249551922083,7.487355709075928
4082,40.58666666666667,50,46,0.9058666666666667,-6.627338409423828,2.3588078022003174,0.0037832981906831264,8.633179664611816
4083,-25.54597701149426,116,106,0.9045402298850574,7.897589206695557,3.1403534412384033,0.0037791342474520206,5.176530361175537
4084,-5.702127659574472,94,83,0.8829787234042553,8.997603416442871,2.9910991191864014,0.0037787517067044973,1.9308395385742188
4085,43.888888888888886,45,40,0.8888888888888888,57.9869270324707,131.83351135253906,0.003744110930711031,13.150127410888672
4086,43.888888888888886,45,40,0.8888888888888888,54.61992645263672,117.72831726074219,0.003756233025342226,30.338708877563477
4087,59.33333333333334,24,20,0.8333333333333334,16.398971557617188,15.854092597961426,0.003770791459828615,15.69405746459961
4088,33.67901234567901,54,48,0.8767901234567901,-41.50571060180664,66.4627685546875,0.0037908488884568214,19.952713012695312
4089,-5.702127659574472,94,83,0.8829787234042553,-3.6715526580810547,1.4805015325546265,0.003790476592257619,1.0339221954345703
4090,28.26190476190476,56,48,0.8426190476190476,-75.41547393798828,212.67807006835938,0.004173242021352053,82.39723205566406
4091,50.923076923076934,26,20,0.7692307692307693,-25.363697052001953,36.019569396972656,0.004156684968620539,1.630326509475708
4092,35.33333333333334,48,40,0.8333333333333334,13.070069313049316,7.076278209686279,0.0041454206220805645,8.263168334960938
4093,32.63265306122449,49,40,0.8163265306122449,7.183723449707031,2.541428327560425,0.004146483261138201,3.050870895385742
4094,33.30303030303031,55,49,0.883030303030303,19.666227340698242,15.573663711547852,0.004149679094552994,14.680489540100098
4095,25.333333333333343,60,52,0.8533333333333334,10.490687370300293,5.756899833679199,0.004126597661525011,6.721437454223633
4096,-3.7526881720430083,93,83,0.8924731182795699,24.64419174194336,18.339214324951172,0.00405630748718977,1.3098936080932617
4097,37.810457516339866,51,46,0.8881045751633987,22.063791275024414,19.04560661315918,0.004060425795614719,6.778770923614502
4098,-20.165165165165163,111,101,0.9083483483483483,24.156394958496094,18.285316467285156,0.00399002293124795,19.092769622802734
4099,33.42424242424242,55,49,0.8842424242424243,11.93691635131836,6.6171441078186035,0.003791186725720763,7.3915324211120605
4100,-1.782608695652172,92,83,0.9021739130434783,21.79949951171875,15.855947494506836,0.003682439448311925,5.230075359344482
4101,40.95652173913044,46,40,0.8695652173913043,40.70463180541992,69.32484436035156,0.003685192670673132,9.531611442565918
4102,-3.7526881720430083,93,83,0.8924731182795699,-2.55816912651062,1.1059001684188843,0.0036840117536485195,0.8195098042488098
4103,59.33333333333334,24,20,0.8333333333333334,9.818665504455566,5.954109191894531,0.003673756495118141,5.612458229064941
4104,55.0,25,20,0.8,-15.41174602508545,11.7935791015625,0.0036611275281757116,17.009906768798828
4105,40.95652173913044,46,40,0.8695652173913043,4.741647243499756,1.883219838142395,0.003658408997580409,2.29353928565979
4106,-19.684684684684683,111,102,0.9131531531531532,-36.28779602050781,41.70109558105469,0.003708915552124381,26.82723617553711
4107,-118.260663507109,211,196,0.92739336492891,-16.492265701293945,6.678464412689209,0.003704757895320654,4.957540512084961
4108,-123.67283950617283,216,200,0.9232716049382717,-29.69046974182129,21.531057357788086,0.003704653587192297,4.4295830726623535
4109,-123.01543209876543,216,201,0.9298456790123457,-5.7066330909729,1.944021463394165,0.003705035662278533,2.639866828918457
4110,-18.021406727828747,109,100,0.9097859327217125,-31.91246223449707,32.97794723510742,0.00372405000962317,16.043067932128906
4111,38.1063829787234,47,40,0.851063829787234,-26.14630126953125,26.335006713867188,0.003726858412846923,9.261396408081055
4112,-3.7526881720430083,93,83,0.8924731182795699,-16.489953994750977,10.46475887298584,0.0037156741600483656,2.9263486862182617
4113,59.33333333333334,24,20,0.8333333333333334,-6.346897602081299,2.352468490600586,0.0037159447092562914,5.443351745605469
4114,-115.37320574162679,209,196,0.936267942583732,72.26760864257812,123.75460052490234,0.0038057921919971704,39.85052490234375
4115,-5.702127659574472,94,83,0.8829787234042553,-15.28469467163086,8.469074249267578,0.0038053784519433975,2.154075860977173
4116,-118.260663507109,211,196,0.92739336492891,40.2061653137207,38.352203369140625,0.0038047884590923786,5.26984167098999
4117,-5.702127659574472,94,83,0.8829787234042553,-14.684263229370117,7.773172378540039,0.003804650856181979,0.7815733551979065
4118,-7.631578947368411,95,83,0.8736842105263158,-25.92377471923828,22.238731384277344,0.0037377895787358284,5.607855796813965
4119,-119.69811320754718,212,196,0.9230188679245283,-3.6220967769622803,0.7637641429901123,0.0037373851519078016,0.8660030364990234
4120,-131.03288490284007,223,206,0.9196711509715993,-39.39056396484375,41.86997985839844,0.0037712494377046824,24.944808959960938
4121,43.888888888888886,45,40,0.8888888888888888,30.98217010498047,40.70030212402344,0.0037663355469703674,11.060259819030762
4122,-7.631578947368411,95,83,0.8736842105263158,-18.467144012451172,11.487678527832031,0.003766910172998905,14.192261695861816
4123,40.95652173913044,46,40,0.8695652173913043,16.32316780090332,12.600102424621582,0.0037625678814947605,6.878531455993652
4124,-3.7526881720430083,93,83,0.8924731182795699,4.173588275909424,1.4635076522827148,0.0037568332627415657,3.4783432483673096
4125,63.95652173913044,23,20,0.8695652173913043,27.79629898071289,52.42584228515625,0.003795124590396881,42.49846649169922
4126,-7.631578947368411,95,83,0.8736842105263158,-17.289257049560547,11.009804725646973,0.003718316787853837,12.544386863708496
4127,40.95652173913044,46,40,0.8695652173913043,5.135350704193115,2.094891309738159,0.003718373831361532,0.6487951278686523
4128,-3.7526881720430083,93,83,0.8924731182795699,4.874773025512695,1.7984787225723267,0.0037133803125470877,2.386139392852783
4129,-128.7767722473605,221,204,0.9222322775263951,-19.283447265625,11.805747985839844,0.0036520615685731173,1.8827381134033203
4130,38.1063829787234,47,40,0.851063829787234,-16.402816772460938,11.777456283569336,0.003656424582004547,6.2758307456970215
4131,-5.702127659574472,94,83,0.8829787234042553,-6.408452033996582,2.6921377182006836,0.0036554427351802588,3.4724762439727783
4132,59.33333333333334,24,20,0.8333333333333334,-7.8993940353393555,3.5489230155944824,0.0036450366023927927,1.733301043510437
4133,40.58666666666667,50,46,0.9058666666666667,-53.217384338378906,113.18678283691406,0.00403149938210845,85.68728637695312
4134,-113.96794871794873,208,196,0.9403205128205128,66.57733917236328,114.87445831298828,0.004000576678663492,10.554645538330078
4135,35.33333333333334,48,40,0.8333333333333334,-12.299457550048828,7.046067714691162,0.003982295747846365,1.4053659439086914
4136,-7.631578947368411,95,83,0.8736842105263158,-2.713493585586548,0.8550404906272888,0.0029971373733133078,1.987735390663147
4137,-17.799999999999997,110,102,0.922,39.437416076660156,51.912811279296875,0.003057363908737898,35.41517639160156
4138,55.0,25,20,0.8,-3.458242416381836,1.1313042640686035,0.0030577918514609337,2.963665723800659
4139,-118.80188679245283,212,198,0.9319811320754717,13.922377586364746,5.264764785766602,0.0030580295715481043,1.2074010372161865
4140,59.33333333333334,24,20,0.8333333333333334,20.193674087524414,23.107492446899414,0.0031021563336253166,25.040897369384766
4141,63.95652173913044,23,20,0.8695652173913043,39.41371536254883,91.94956970214844,0.0032139464747160673,43.418174743652344
4142,40.95652173913044,46,40,0.8695652173913043,35.067928314208984,59.51885986328125,0.003043795470148325,9.022027969360352
4143,43.888888888888886,45,40,0.8888888888888888,43.4709587097168,83.97274017333984,0.003119999310001731,36.1751708984375
4144,38.1063829787234,47,40,0.851063829787234,4.187932968139648,1.8338487148284912,0.003096718341112137,0.9623559713363647
4145,-14.092592592592595,108,102,0.9390740740740741,27.11821937561035,25.024789810180664,0.002958253724500537,6.6100850105285645
4146,59.33333333333334,24,20,0.8333333333333334,-8.201825141906738,4.300462245941162,0.002929054433479905,2.274664878845215
4147,-16.694189602446485,109,101,0.9230581039755351,-6.290905952453613,3.386260747909546,0.0028090670239180326,3.863128662109375
4148,38.15723270440252,53,49,0.9115723270440251,-68.4651870727539,206.2471160888672,0.0028603302780538797,30.121183395385742
4149,63.95652173913044,23,20,0.8695652173913043,3.0909855365753174,1.46749746799469,0.0028308373875916004,3.284269332885742
4150,-17.309090909090912,110,103,0.9269090909090909,-8.771234512329102,5.061752796173096,0.0027433764189481735,15.378209114074707
4151,36.06172839506172,54,49,0.9006172839506172,-54.16639709472656,132.65139770507812,0.003118082880973816,79.8457260131836
4152,-123.92354740061161,218,206,0.9407645259938838,-67.54308319091797,127.04930877685547,0.002915668999776244,10.63151741027832
4153,40.95652173913044,46,40,0.8695652173913043,21.03955841064453,21.753326416015625,0.0029195884708315134,11.111623764038086
4154,-20.144542772861357,113,106,0.9285545722713864,13.718523979187012,8.533293724060059,0.0029143076390028,5.483250141143799
4155,-3.7526881720430083,93,83,0.8924731182795699,10.775561332702637,4.885657787322998,0.002778866095468402,3.1569292545318604
4156,-117.16037735849056,212,202,0.9483962264150944,11.141609191894531,3.8203494548797607,0.0026836623437702656,2.3295094966888428
4157,43.888888888888886,45,40,0.8888888888888888,63.155277252197266,198.02784729003906,0.0027403496205806732,34.541778564453125
4158,40.371794871794876,52,49,0.9237179487179488,42.665855407714844,106.29534912109375,0.0032920842058956623,99.60183715820312
4159,40.051282051282044,52,48,0.9205128205128205,25.4725341796875,37.371177673339844,0.0033699837513267994,41.54726791381836
4160,-3.7526881720430083,93,83,0.8924731182795699,5.6645917892456055,1.969340205192566,0.0033695301972329617,1.3463797569274902
4161,-16.308641975308646,108,100,0.9169135802469136,4.551898002624512,2.3276469707489014,0.00337998871691525,8.32376766204834
4162,41.836601307189554,51,48,0.9283660130718955,-21.626373291015625,26.925018310546875,0.003427432384341955,26.01544761657715
4163,-3.7526881720430083,93,83,0.8924731182795699,-8.965571403503418,4.620628833770752,0.0034062471240758896,3.6079928874969482
4164,-1.782608695652172,92,83,0.9021739130434783,-0.6520845293998718,1.6839358806610107,0.0034044308122247458,2.012416124343872
4165,46.90909090909091,44,40,0.9090909090909091,11.157974243164062,7.835379600524902,0.003365790471434593,4.709271430969238
4166,-115.91428571428571,210,198,0.9408571428571428,-15.938879013061523,8.20212459564209,0.0033659732434898615,1.993146538734436
4167,-14.839506172839506,108,101,0.931604938271605,-4.617897033691406,2.6811909675598145,0.0033662798814475536,3.236469268798828
4168,38.257861635220124,53,49,0.9125786163522013,-68.14481353759766,272.0414123535156,0.003383357310667634,14.57963752746582
4169,-118.1006289308176,212,200,0.9389937106918239,-8.544939994812012,3.1902143955230713,0.003378872061148286,1.7869877815246582
4170,63.95652173913044,23,20,0.8695652173913043,-0.45517852902412415,0.6389103531837463,0.0033793598413467407,3.224010944366455
4171,41.062893081761004,53,51,0.94062893081761,-11.369441986083984,8.465145111083984,0.003378957509994507,2.9108521938323975
4172,40.051282051282044,52,48,0.9205128205128205,-16.43682289123535,16.848464965820312,0.0033829561434686184,5.568298816680908
4173,-118.6056338028169,213,202,0.943943661971831,30.453933715820312,29.949758529663086,0.0033805444836616516,6.658821105957031
4174,-120.12558139534883,215,204,0.9487441860465117,33.649330139160156,38.529197692871094,0.0031310427002608776,22.168930053710938
4175,43.888888888888886,45,40,0.8888888888888888,49.89687728881836,120.4521713256836,0.0033065364696085453,50.7447624206543
4176,63.95652173913044,23,20,0.8695652173913043,27.282888412475586,53.74114990234375,0.0033262879587709904,19.068994522094727
4177,43.888888888888886,45,40,0.8888888888888888,46.62724304199219,115.39790344238281,0.003295300528407097,12.304614067077637
4178,40.95652173913044,46,40,0.8695652173913043,28.344491958618164,41.66099166870117,0.0033180287573486567,17.523847579956055
4179,55.0,25,20,0.8,-18.055057525634766,20.89171028137207,0.003317957976832986,6.801764965057373
4180,-113.92307692307692,208,196,0.9407692307692308,-13.29099178314209,5.89338493347168,0.003221761668100953,2.966017007827759
4181,-18.41666666666667,112,105,0.9358333333333333,2.026797294616699,2.0168983936309814,0.0032136652152985334,5.419669151306152
4182,41.01282051282051,52,49,0.9301282051282052,-18.34341049194336,21.305646896362305,0.003224332584068179,14.623507499694824
4183,-16.557575757575762,110,104,0.9344242424242424,-0.6303324699401855,1.6855299472808838,0.0032239588908851147,3.3288047313690186
4184,63.95652173913044,23,20,0.8695652173913043,4.829296588897705,2.7994003295898438,0.0032226110342890024,8.385293960571289
4185,46.3611111111111,48,46,0.9436111111111111,-25.460464477539062,35.66240310668945,0.003225041087716818,9.680800437927246
4186,43.18300653594771,51,49,0.9418300653594771,-13.159333229064941,10.982516288757324,0.00315338047221303,2.2807300090789795
4187,43.888888888888886,45,40,0.8888888888888888,17.964218139648438,17.66596031188965,0.003141964552924037,3.2752232551574707
4188,-5.702127659574472,94,83,0.8829787234042553,-18.863645553588867,14.837778091430664,0.0031305039301514626,6.008571624755859
4189,-3.7526881720430083,93,83,0.8924731182795699,-6.838108062744141,2.7912774085998535,0.0031320839188992977,2.5140461921691895
4190,-7.631578947368411,95,83,0.8736842105263158,-25.93517303466797,25.312541961669922,0.0027530223596841097,6.603786945343018
4191,36.06172839506172,54,49,0.9006172839506172,-17.999408721923828,20.299745559692383,0.0027589895762503147,10.792865753173828
4192,-16.179012345679013,108,100,0.9182098765432098,4.6178154945373535,2.305001974105835,0.0027528563514351845,2.812171459197998
4193,43.888888888888886,45,40,0.8888888888888888,42.26593017578125,91.50486755371094,0.0027621325571089983,11.386197090148926
4194,42.294117647058826,51,48,0.9329411764705883,16.546857833862305,16.571243286132812,0.0027443617582321167,3.236935615539551
4195,-116.48499210110585,211,200,0.9451500789889415,-17.932538986206055,11.176645278930664,0.0027383659034967422,4.794266700744629
4196,41.52287581699346,51,48,0.9252287581699347,8.212848663330078,4.535633087158203,0.002757512265816331,22.066858291625977
4197,37.62893081761007,53,49,0.9062893081761006,-7.379488468170166,3.5355541706085205,0.0027554428670555353,5.09312105178833
4198,38.09090909090909,55,52,0.9309090909090909,17.07258415222168,16.790708541870117,0.0027418259996920824,2.333482503890991
4199,-5.702127659574472,94,83,0.8829787234042553,-8.327067375183105,3.473003625869751,0.002742229960858822,1.34584641456604
4200,-120.97819314641744,214,200,0.9302180685358256,-35.63394546508789,41.74685287475586,0.0027474260423332453,7.925882339477539
4201,59.33333333333334,24,20,0.8333333333333334,-10.607709884643555,7.01471471786499,0.002752024680376053,14.43666934967041
4202,43.435374149659864,49,46,0.9243537414965987,-17.68362808227539,18.018409729003906,0.002754595596343279,5.570979595184326
4203,43.888888888888886,45,40,0.8888888888888888,26.68389129638672,36.430965423583984,0.0027712788432836533,15.050787925720215
4204,-5.702127659574472,94,83,0.8829787234042553,-4.458862781524658,1.4863297939300537,0.0027602834161370993,1.1948699951171875
4205,63.95652173913044,23,20,0.8695652173913043,5.971613883972168,3.133242607116699,0.002764855045825243,6.092656135559082
4206,-12.769470404984418,107,101,0.9423052959501558,38.76255416870117,63.65443420410156,0.00273081474006176,17.240283966064453
4207,46.90909090909091,44,40,0.9090909090909091,34.012542724609375,57.854591369628906,0.002759372116997838,18.188556671142578
4208,68.9090909090909,22,20,0.9090909090909091,17.18338394165039,22.817840576171875,0.002762921154499054,11.407083511352539
4209,-3.7526881720430083,93,83,0.8924731182795699,-1.3163111209869385,1.2517753839492798,0.002761770272627473,0.04536857455968857
4210,-5.702127659574472,94,83,0.8829787234042553,-15.578897476196289,11.767630577087402,0.002741271397098899,3.351393222808838
4211,-16.573573573573583,111,105,0.9442642642642642,16.818254470825195,12.146113395690918,0.00274284859187901,4.200196266174316
4212,-3.7526881720430083,93,83,0.8924731182795699,-11.698507308959961,8.188334465026855,0.002742862794548273,1.963589072227478
4213,63.95652173913044,23,20,0.8695652173913043,-24.12572479248047,39.8890266418457,0.0027452106587588787,7.540389060974121
4214,40.95652173913044,46,40,0.8695652173913043,-35.43107986450195,60.5280876159668,0.002663749037310481,7.161784648895264
4215,-20.144542772861357,113,106,0.9285545722713864,-6.349218845367432,2.9057514667510986,0.002662978135049343,6.318639278411865
4216,-10.047619047619051,105,100,0.9495238095238095,24.39031219482422,27.227415084838867,0.0026775547303259373,20.970304489135742
4217,-14.45171339563862,107,100,0.9254828660436137,0.951556921005249,1.433708667755127,0.002677870448678732,1.3379355669021606
4218,63.95652173913044,23,20,0.8695652173913043,-17.291807174682617,19.59786033630371,0.002681175945326686,6.538805961608887
4219,63.95652173913044,23,20,0.8695652173913043,-13.679255485534668,12.395291328430176,0.0026817077305167913,4.114168167114258
4220,-1.782608695652172,92,83,0.9021739130434783,-0.4847542941570282,1.8004411458969116,0.0026532167103141546,1.6725335121154785
4221,40.91025641025641,52,49,0.9291025641025641,-46.23387908935547,123.81983184814453,0.0026617594994604588,11.90085220336914
4222,-12.214953271028037,107,102,0.9478504672897197,26.605348587036133,30.490175247192383,0.002655565273016691,6.839472770690918
4223,-112.46859903381642,207,196,0.9453140096618358,37.368221282958984,47.4759407043457,0.0026555124204605818,4.730130195617676
4224,-118.63067292644757,213,202,0.9436932707355242,17.787391662597656,10.38454532623291,0.0026544034481048584,3.676506519317627
4225,43.435374149659864,49,46,0.9243537414965987,-14.096166610717773,11.772981643676758,0.002563060726970434,11.01046371459961
4226,41.52287581699346,51,48,0.9252287581699347,-0.342073529958725,0.5677456855773926,0.002555595012381673,6.058190822601318
4227,32.91812865497076,57,52,0.8991812865497076,-0.818459689617157,1.9828282594680786,0.00255649839527905,7.1070661544799805
4228,35.70238095238096,56,52,0.9170238095238096,18.504545211791992,19.686481475830078,0.0025939594488590956,27.27692222595215
4229,-14.456790123456784,108,102,0.9354320987654321,13.507047653198242,8.43130874633789,0.002595350844785571,9.34632396697998
4230,63.95652173913044,23,20,0.8695652173913043,42.40644073486328,137.9800262451172,0.0025927945971488953,9.789623260498047
4231,45.16,50,48,0.9516,33.619564056396484,67.15824890136719,0.0027430017944425344,47.10546112060547
4232,40.051282051282044,52,48,0.9205128205128205,5.06166410446167,1.6382498741149902,0.0027439878322184086,7.364184856414795
4233,-1.782608695652172,92,83,0.9021739130434783,-2.86761736869812,1.2188262939453125,0.0023134718649089336,2.285468816757202
4234,38.18787878787879,55,52,0.9318787878787879,2.5450146198272705,1.2541379928588867,0.0023118439130485058,5.1851091384887695
4235,39.5,52,48,0.915,-25.472946166992188,38.20750427246094,0.002340527717024088,21.241466522216797
4236,-9.237179487179489,104,99,0.9476282051282051,3.9480667114257812,1.7882379293441772,0.0023398257326334715,2.637261390686035
4237,38.32098765432099,54,51,0.9232098765432099,-18.759281158447266,21.137100219726562,0.0022726627066731453,10.118444442749023
4238,38.761006289308185,53,49,0.9176100628930818,-25.958847045898438,36.53645706176758,0.002296402584761381,22.19268035888672
4239,-12.582554517133957,107,102,0.9441744548286605,-5.467874050140381,2.1380951404571533,0.0022958393674343824,2.635425567626953
4240,43.888888888888886,45,40,0.8888888888888888,30.789796829223633,52.908836364746094,0.002277741441503167,22.803333282470703
4241,-117.26100628930818,212,201,0.9473899371069182,-69.05675506591797,160.94305419921875,0.0021638364996761084,13.130786895751953
4242,-3.7526881720430083,93,83,0.8924731182795699,-17.017831802368164,12.291181564331055,0.0021618406753987074,1.1209688186645508
4243,-117.36018957345972,211,198,0.9363981042654028,-60.72584915161133,125.0593490600586,0.0021062977612018585,14.364720344543457
4244,35.70238095238096,56,52,0.9170238095238096,10.778332710266113,7.651083469390869,0.0021069201175123453,5.573673248291016
4245,-14.092592592592595,108,102,0.9390740740740741,13.667498588562012,8.864863395690918,0.0021090859081596136,11.992963790893555
4246,63.95652173913044,23,20,0.8695652173913043,34.76498031616211,82.50239562988281,0.002134967828169465,18.68135643005371
4247,-3.7526881720430083,93,83,0.8924731182795699,1.1646344661712646,0.5466972589492798,0.0021348053123801947,1.770983099937439
4248,-18.41666666666667,112,105,0.9358333333333333,15.889632225036621,11.535041809082031,0.002103441394865513,18.181135177612305
4249,-18.31547619047619,112,106,0.9368452380952381,17.220422744750977,14.525419235229492,0.0021236271131783724,21.101411819458008
4250,-5.702127659574472,94,83,0.8829787234042553,-7.281542778015137,2.510676622390747,0.0021047021728008986,2.750037908554077
4251,-5.702127659574472,94,83,0.8829787234042553,-7.0636467933654785,2.3750391006469727,0.0017313818680122495,0.6547999382019043
4252,-11.081761006289312,106,101,0.9491823899371069,37.26862335205078,63.28856658935547,0.0017684982158243656,29.260622024536133
4253,63.95652173913044,23,20,0.8695652173913043,12.42043685913086,13.86203670501709,0.0017679502489045262,10.646553993225098
4254,43.888888888888886,45,40,0.8888888888888888,29.89535903930664,48.99069595336914,0.001771103823557496,10.286540985107422
4255,41.062893081761004,53,51,0.94062893081761,-3.1647684574127197,0.9752705693244934,0.001775894546881318,7.560967922210693
4256,41.52287581699346,51,48,0.9252287581699347,-23.69854164123535,35.311981201171875,0.0018337091896682978,29.512815475463867
4257,-18.41666666666667,112,105,0.9358333333333333,3.442937135696411,1.3996812105178833,0.0017677908763289452,0.8688510656356812
4258,40.95652173913044,46,40,0.8695652173913043,-0.18055401742458344,0.32962101697921753,0.0011677670991048217,0.940649688243866
4259,59.33333333333334,24,20,0.8333333333333334,-24.672929763793945,42.43439865112305,0.0011113918153569102,27.99105453491211
4260,43.18300653594771,51,49,0.9418300653594771,-14.516526222229004,14.433256149291992,0.0011258823797106743,14.71912670135498
4261,43.888888888888886,45,40,0.8888888888888888,15.920585632324219,14.886548042297363,0.0011216786224395037,3.1555607318878174
4262,40.95652173913044,46,40,0.8695652173913043,4.068864822387695,1.8536616563796997,0.0010791305685415864,2.358255624771118
4263,38.1063829787234,47,40,0.851063829787234,-6.613641738891602,2.6219985485076904,0.0010806508362293243,5.766463279724121
4264,-116.65560821484992,211,200,0.9434439178515008,92.8037109375,310.03826904296875,0.0011465823045000434,33.85895538330078
4265,43.888888888888886,45,40,0.8888888888888888,16.987098693847656,16.19315528869629,0.0011671669781208038,17.763633728027344
4266,-112.51368760064412,207,196,0.9448631239935588,58.839759826660156,116.92220306396484,0.0013445088407024741,53.34376525878906
4267,-115.2063492063492,210,200,0.947936507936508,26.78192138671875,25.174945831298828,0.0013641115510836244,18.489004135131836
4268,-112.51368760064412,207,196,0.9448631239935588,-6.301808834075928,2.412637948989868,0.0013513920130208135,3.972269296646118
4269,-11.13968253968254,105,99,0.9386031746031746,-29.387310028076172,39.14607238769531,0.0013634578790515661,15.282928466796875
4270,-7.631578947368411,95,83,0.8736842105263158,-65.57159423828125,177.22537231445312,0.0013717939145863056,11.770485877990723
4271,-11.943396226415103,106,100,0.940566037735849,-37.76016616821289,59.91164016723633,0.0014285981887951493,31.370098114013672
4272,-13.35514018691589,107,101,0.9364485981308411,-39.94369125366211,70.80464935302734,0.0014285341603681445,6.829428672790527
4273,44.373333333333335,50,48,0.9437333333333333,-30.263076782226562,64.9558334350586,0.001491184695623815,31.950332641601562
4274,-5.702127659574472,94,83,0.8829787234042553,-43.57677459716797,76.80143737792969,0.0014709068927913904,11.53528881072998
4275,-12.578616352201266,106,100,0.9342138364779874,-21.3221492767334,21.612024307250977,0.0013393528060987592,21.44475555419922
4276,46.90909090909091,44,40,0.9090909090909091,43.29590606689453,106.05565643310547,0.0013180723180994391,8.916943550109863
4277,-13.35514018691589,107,101,0.9364485981308411,-7.642840385437012,3.8273487091064453,0.001311525353230536,2.4744787216186523
4278,38.09090909090909,55,52,0.9309090909090909,24.47983169555664,36.636802673339844,0.0013069802662357688,15.099557876586914
4279,-121.05246913580247,216,206,0.9494753086419753,-112.52645874023438,448.51861572265625,0.001387129072099924,36.330204010009766
4280,-117.18553459119498,212,202,0.9481446540880503,-87.83644104003906,275.91259765625,0.001453630393370986,33.17906951904297
4281,68.9090909090909,22,20,0.9090909090909091,48.63917541503906,181.42510986328125,0.0015456515830010176,39.154415130615234
4282,40.371794871794876,52,49,0.9237179487179488,27.465129852294922,46.46059799194336,0.0016002857591956854,32.70957946777344
4283,-14.456790123456784,108,102,0.9354320987654321,33.9477424621582,52.222286224365234,0.0016299637500196695,22.263763427734375
4284,-11.471698113207552,106,101,0.9452830188679245,48.55742263793945,107.0914077758789,0.0017405931139364839,43.607322692871094
4285,63.95652173913044,23,20,0.8695652173913043,9.237537384033203,8.300963401794434,0.0017367640975862741,3.183468818664551
4286,40.91025641025641,52,49,0.9291025641025641,5.974752902984619,4.802655220031738,0.001737800077535212,5.611148834228516
4287,-3.7526881720430083,93,83,0.8924731182795699,13.84411907196045,7.687206268310547,0.001738044316880405,3.0682153701782227
4288,41.52287581699346,51,48,0.9252287581699347,-18.853479385375977,23.212675094604492,0.001741630956530571,8.894139289855957
4289,0.2087912087912116,91,83,0.9120879120879121,31.2757625579834,38.43203353881836,0.0017452524043619633,9.268061637878418
4290,-12.769470404984418,107,101,0.9423052959501558,35.22920227050781,59.58219909667969,0.0017696645809337497,21.7388858795166
4291,43.888888888888886,45,40,0.8888888888888888,-2.4695236682891846,1.5528475046157837,0.001762470114044845,1.744436264038086
4292,-14.092592592592595,108,102,0.9390740740740741,25.377525329589844,29.687837600708008,0.0017654125113040209,9.108253479003906
4293,-122.49001536098311,217,206,0.945099846390169,63.765464782714844,139.00518798828125,0.0017581210704520345,4.857788562774658
4294,68.9090909090909,22,20,0.9090909090909091,-21.347299575805664,34.1800651550293,0.0017681909957900643,13.407565116882324
4295,-13.35514018691589,107,101,0.9364485981308411,2.305018663406372,1.1566721200942993,0.00176810787525028,4.277044773101807
4296,-3.7526881720430083,93,83,0.8924731182795699,-17.347793579101562,13.253653526306152,0.0017431562300771475,7.809237957000732
4297,-12.44654088050315,106,100,0.9355345911949685,-8.554574012756348,4.678883075714111,0.0017442596144974232,7.807971954345703
4298,59.33333333333334,24,20,0.8333333333333334,-58.16831588745117,255.29031372070312,0.00188212632201612,48.02736282348633
4299,-114.46411483253588,209,198,0.9453588516746412,8.9563570022583,3.180110454559326,0.0018835589289665222,4.0413713455200195
4300,-15.45871559633028,109,103,0.9354128440366972,-20.543100357055664,21.314842224121094,0.0018802112899720669,4.402091026306152
4301,40.95652173913044,46,40,0.8695652173913043,-34.135353088378906,64.65518188476562,0.0018884334713220596,15.79713249206543
4302,68.9090909090909,22,20,0.9090909090909091,4.012779235839844,2.2990283966064453,0.001889089704491198,8.168238639831543
4303,43.888888888888886,45,40,0.8888888888888888,-6.898299694061279,2.7192511558532715,0.0018734083278104663,3.2975614070892334
4304,-14.700305810397552,109,104,0.9429969418960245,-8.184393882751465,3.9524757862091064,0.0018757436191663146,6.589659690856934
4305,-20.144542772861357,113,106,0.9285545722713864,-24.311134338378906,31.061416625976562,0.0018768764566630125,6.849399566650391
4306,-9.541666666666657,96,83,0.8645833333333334,-40.617916107177734,65.54869842529297,0.001859515206888318,7.612587928771973
4307,43.888888888888886,45,40,0.8888888888888888,21.565629959106445,28.547067642211914,0.0018416247330605984,12.190451622009277
4308,43.888888888888886,45,40,0.8888888888888888,25.618515014648438,40.59729766845703,0.0018673270242288709,24.628944396972656
4309,-112.46859903381642,207,196,0.9453140096618358,-4.555953025817871,1.526109218597412,0.001867600716650486,1.7488783597946167
4310,-10.691823899371073,106,102,0.9530817610062893,21.443593978881836,22.41122817993164,0.0019044596701860428,23.757740020751953
4311,-7.631578947368411,95,83,0.8736842105263158,-22.814115524291992,21.44202423095703,0.0019039742182940245,3.5100035667419434
4312,68.9090909090909,22,20,0.9090909090909091,47.24314498901367,145.03253173828125,0.002631619106978178,107.1705093383789
4313,-121.64197530864197,216,204,0.9435802469135802,-23.801513671875,21.142309188842773,0.0026281129103153944,3.7747139930725098
4314,38.369696969696975,55,52,0.9336969696969697,2.572380781173706,0.8784213662147522,0.0026266092900186777,4.504014492034912
4315,63.95652173913044,23,20,0.8695652173913043,17.8194580078125,24.120594024658203,0.002642439678311348,16.146427154541016
4316,40.95652173913044,46,40,0.8695652173913043,4.418871879577637,1.6304271221160889,0.002618298400193453,3.97517466545105
4317,-3.7526881720430083,93,83,0.8924731182795699,-3.89101243019104,0.9829344153404236,0.0026183731388300657,1.7244279384613037
4318,40.95652173913044,46,40,0.8695652173913043,-3.426521062850952,0.861432671546936,0.0026159135159105062,0.40480032563209534
4319,63.95652173913044,23,20,0.8695652173913043,1.572732925415039,0.9955547451972961,0.0026156383100897074,2.740219831466675
4320,40.95652173913044,46,40,0.8695652173913043,-8.7655668258667,4.203461170196533,0.002615435514599085,0.8035017251968384
4321,-15.45871559633028,109,103,0.9354128440366972,1.9430925846099854,0.4394772946834564,0.0026062640827149153,1.3435567617416382
4322,-121.56481481481481,216,204,0.9443518518518519,4.032949447631836,1.3456059694290161,0.00260410038754344,2.040785789489746
4323,-3.7526881720430083,93,83,0.8924731182795699,-4.951961517333984,1.3821226358413696,0.002602963475510478,1.1027684211730957
4324,41.836601307189554,51,48,0.9283660130718955,-43.145023345947266,122.17840576171875,0.003459755564108491,118.15483093261719
4325,43.888888888888886,45,40,0.8888888888888888,4.645369052886963,2.0903689861297607,0.0034512474667280912,2.4841039180755615
4326,-1.782608695652172,92,83,0.9021739130434783,12.774579048156738,6.766653060913086,0.00344963395036757,2.0246894359588623
4327,-1.782608695652172,92,83,0.9021739130434783,15.748400688171387,9.868281364440918,0.0034459647722542286,2.2272753715515137
4328,-1.782608695652172,92,83,0.9021739130434783,17.058027267456055,11.77795696258545,0.0033972549717873335,2.8772857189178467
4329,-111.05501618122977,206,196,0.9494498381877022,56.51422119140625,108.10733795166016,0.003412572667002678,20.408517837524414
4330,38.74358974358975,52,48,0.9074358974358975,-13.568126678466797,11.04100513458252,0.0034064725041389465,3.376352310180664
4331,-116.48499210110585,211,200,0.9451500789889415,22.642290115356445,17.25837516784668,0.003278651973232627,3.5508201122283936
4332,-123.91131498470948,218,206,0.9408868501529052,-8.685914039611816,4.743448257446289,0.0032748221419751644,2.7981209754943848
4333,46.90909090909091,44,40,0.9090909090909091,43.14028549194336,107.89557647705078,0.0033357690554112196,30.933862686157227
4334,-1.782608695652172,92,83,0.9021739130434783,12.14737606048584,6.075831413269043,0.0033351958263665438,3.5748093128204346
4335,38.09090909090909,55,52,0.9309090909090909,12.308427810668945,8.441451072692871,0.0033293713349848986,18.5319881439209
4336,-123.0,217,204,0.94,-49.24677658081055,79.64872741699219,0.0033458697143942118,17.709508895874023
4337,38.1063829787234,47,40,0.851063829787234,-9.690534591674805,4.793807506561279,0.0033385171554982662,0.532560408115387
4338,42.294117647058826,51,48,0.9329411764705883,-14.842963218688965,13.529097557067871,0.0033113390672951937,8.48193645477295
4339,-9.57142857142857,105,101,0.9542857142857143,22.360776901245117,20.312231063842773,0.0033116054255515337,3.0172171592712402
4340,43.888888888888886,45,40,0.8888888888888888,15.039783477783203,12.17068862915039,0.0032896408811211586,13.598349571228027
4341,59.33333333333334,24,20,0.8333333333333334,-14.152511596679688,14.186705589294434,0.0032792927231639624,4.321092128753662
4342,-118.6056338028169,213,202,0.943943661971831,-31.632160186767578,31.686006546020508,0.00327917467802763,3.0890700817108154
4343,-3.7526881720430083,93,83,0.8924731182795699,-7.072620391845703,2.0944736003875732,0.003270444693043828,4.332612991333008
4344,68.9090909090909,22,20,0.9090909090909091,22.755367279052734,38.85997009277344,0.0032713820692151785,7.432036876678467
4345,43.18300653594771,51,49,0.9418300653594771,-2.9736294746398926,0.8806392550468445,0.003261159872636199,2.741966962814331
4346,40.95652173913044,46,40,0.8695652173913043,-0.14599280059337616,0.4431414008140564,0.0032404642552137375,1.5055561065673828
4347,59.33333333333334,24,20,0.8333333333333334,-18.553667068481445,22.257186889648438,0.003241288475692272,5.856389045715332
4348,-12.44654088050315,106,100,0.9355345911949685,6.761943817138672,2.1557669639587402,0.0032183451112359762,2.4002368450164795
4349,38.257861635220124,53,49,0.9125786163522013,-19.35980796813965,22.245790481567383,0.003324983175843954,49.34807586669922
4350,-15.954128440366972,109,102,0.9304587155963303,-0.13802796602249146,0.5506588220596313,0.0033235643059015274,1.7763781547546387
4351,-14.092592592592595,108,102,0.9390740740740741,11.424457550048828,5.317615032196045,0.0033287883270531893,7.1276397705078125
4352,40.95652173913044,46,40,0.8695652173913043,13.722789764404297,10.790780067443848,0.0032688607461750507,2.2543675899505615
4353,63.95652173913044,23,20,0.8695652173913043,7.246689796447754,4.983293056488037,0.003268158994615078,9.37761402130127
4354,38.09090909090909,55,52,0.9309090909090909,24.046531677246094,31.547714233398438,0.003316991264000535,28.317359924316406
4355,-5.702127659574472,94,83,0.8829787234042553,-12.505834579467773,5.992828369140625,0.003315357957035303,1.3628942966461182
4356,43.888888888888886,45,40,0.8888888888888888,18.629072189331055,18.763864517211914,0.003270769026130438,3.905498743057251
4357,-12.271028037383175,107,102,0.9472897196261683,13.119414329528809,7.422088623046875,0.0032715012785047293,2.8462014198303223
4358,-11.13968253968254,105,99,0.9386031746031746,7.305744647979736,2.32812237739563,0.003272357862442732,2.2608816623687744
4359,-117.93081761006289,212,200,0.9406918238993711,5.286136150360107,2.50148606300354,0.0032184128649532795,2.903433322906494
4360,-123.07680491551459,217,204,0.9392319508448541,-9.838287353515625,4.541252136230469,0.003209664486348629,12.664763450622559
4361,-18.41666666666667,112,105,0.9358333333333333,-20.431386947631836,18.406543731689453,0.0032110901083797216,7.097306251525879
4362,63.95652173913044,23,20,0.8695652173913043,-15.209979057312012,17.024093627929688,0.003221077611669898,15.700061798095703
4363,-117.18553459119498,212,202,0.9481446540880503,11.12709903717041,5.674827575683594,0.0032208478078246117,3.6767027378082275
4364,-3.7526881720430083,93,83,0.8924731182795699,-18.488168716430664,12.437960624694824,0.003144040936604142,4.216121673583984
4365,63.95652173913044,23,20,0.8695652173913043,-14.900077819824219,15.57524299621582,0.0031309430487453938,6.120830535888672
4366,59.33333333333334,24,20,0.8333333333333334,-30.048641204833984,63.802040100097656,0.0029757898300886154,9.229174613952637
4367,-3.7526881720430083,93,83,0.8924731182795699,-16.796157836914062,10.482015609741211,0.0029595682863146067,2.258369207382202
4368,32.91812865497076,57,52,0.8991812865497076,-51.058048248291016,133.0760040283203,0.00304721063002944,36.48410415649414
4369,-3.7526881720430083,93,83,0.8924731182795699,-9.84263801574707,3.947364568710327,0.0030343213584274054,3.015773057937622
4370,-10.555555555555557,105,100,0.9444444444444444,15.509870529174805,10.202547073364258,0.003029042389243841,5.650479316711426
4371,63.95652173913044,23,20,0.8695652173913043,21.7474365234375,35.10224914550781,0.0029641021974384785,2.5725367069244385
4372,59.33333333333334,24,20,0.8333333333333334,8.867568969726562,6.2184834480285645,0.002960182260721922,3.242511749267578
4373,-5.702127659574472,94,83,0.8829787234042553,-6.755040645599365,1.7985334396362305,0.0029029138386249542,1.7262722253799438
4374,63.95652173913044,23,20,0.8695652173913043,30.79871940612793,71.77435302734375,0.0028976714238524437,7.895623683929443
4375,-20.244837758112098,113,105,0.927551622418879,4.7215776443481445,2.9370481967926025,0.0028668015729635954,3.620257616043091
4376,63.95652173913044,23,20,0.8695652173913043,29.238800048828125,67.77088165283203,0.002924291417002678,30.70942497253418
4377,41.52564102564102,52,49,0.9352564102564103,40.0799674987793,100.48461151123047,0.0029846045654267073,30.381383895874023
4378,-115.91428571428571,210,198,0.9408571428571428,26.732641220092773,22.5733642578125,0.0029790918342769146,9.392500877380371
4379,-113.96794871794873,208,196,0.9403205128205128,18.97681999206543,11.636147499084473,0.0029028840363025665,5.933842658996582
4380,-3.7526881720430083,93,83,0.8924731182795699,-4.910003662109375,1.1263315677642822,0.0028371119406074286,0.6611530780792236
4381,-18.3993993993994,111,104,0.926006006006006,-19.52263641357422,15.634215354919434,0.0027783983387053013,24.265024185180664
4382,41.3974358974359,52,49,0.933974358974359,-26.80638885498047,35.57638931274414,0.0030275611206889153,71.4526138305664
4383,63.95652173913044,23,20,0.8695652173913043,-4.550355434417725,1.585585117340088,0.00299834948964417,4.739609241485596
4384,41.836601307189554,51,48,0.9283660130718955,-36.936981201171875,76.23639678955078,0.002964860526844859,36.73855972290039
4385,-14.320872274143298,107,100,0.926791277258567,-10.316863059997559,5.291450500488281,0.0029665487818419933,6.417123317718506
4386,41.3974358974359,52,49,0.933974358974359,-7.362527847290039,3.292978525161743,0.0029649976640939713,2.0034470558166504
4387,-12.968847352024923,107,101,0.9403115264797508,8.065807342529297,2.954890489578247,0.002964707789942622,2.2008910179138184
4388,41.062893081761004,53,51,0.94062893081761,21.09589195251465,29.435379028320312,0.0029799141921103,18.308780670166016
4389,-112.46859903381642,207,196,0.9453140096618358,-6.101850509643555,2.068056344985962,0.0029750715475529432,1.8533306121826172
4390,-116.48499210110585,211,200,0.9451500789889415,-13.837904930114746,7.421333312988281,0.0029489847365766764,6.396886348724365
4391,38.09090909090909,55,52,0.9309090909090909,27.275026321411133,44.87898635864258,0.002951584989205003,6.657013416290283
4392,46.3611111111111,48,46,0.9436111111111111,8.217979431152344,5.269094944000244,0.0029502869583666325,7.798948764801025
4393,-7.631578947368411,95,83,0.8736842105263158,-21.75912094116211,18.004636764526367,0.00295673287473619,11.439871788024902
4394,59.33333333333334,24,20,0.8333333333333334,-13.540892601013184,13.174531936645508,0.002948902314528823,7.052128314971924
4395,-116.65560821484992,211,200,0.9434439178515008,-17.721176147460938,12.232706069946289,0.002950288588181138,6.380276679992676
4396,63.95652173913044,23,20,0.8695652173913043,2.348109483718872,1.208337664604187,0.002946486696600914,0.11307393014431
4397,-7.631578947368411,95,83,0.8736842105263158,-23.038131713867188,21.167680740356445,0.0029434021562337875,3.5361602306365967
4398,41.01282051282051,52,49,0.9301282051282052,-7.500565528869629,3.6971027851104736,0.002804017858579755,8.276711463928223
4399,-3.7526881720430083,93,83,0.8924731182795699,-1.5351848602294922,0.384217232465744,0.0028032457921653986,0.3288184404373169
4400,-5.702127659574472,94,83,0.8829787234042553,-9.79758071899414,4.140074729919434,0.0028017766308039427,0.6831797957420349
4401,45.16,50,48,0.9516,6.265880584716797,4.5251688957214355,0.002791794715449214,8.680909156799316
4402,59.33333333333334,24,20,0.8333333333333334,-14.325963020324707,15.168795585632324,0.0027874219231307507,1.0823503732681274
4403,-1.782608695652172,92,83,0.9021739130434783,12.588159561157227,6.347828388214111,0.0027871846687048674,2.173981189727783
4404,-3.7526881720430083,93,83,0.8924731182795699,2.6203012466430664,0.5031402111053467,0.002784175332635641,0.6823930144309998
4405,-3.7526881720430083,93,83,0.8924731182795699,3.6210310459136963,0.7071959376335144,0.002781565533950925,1.2329636812210083
4406,-14.148148148148152,108,102,0.9385185185185185,16.935523986816406,12.493370056152344,0.0027861057315021753,12.253774642944336
4407,-13.025157232704402,106,99,0.929748427672956,13.349031448364258,8.162590980529785,0.0027771738823503256,3.16497540473938
4408,-16.573573573573583,111,105,0.9442642642642642,13.187272071838379,7.927610397338867,0.0027391654439270496,4.349215507507324
4409,-112.46859903381642,207,196,0.9453140096618358,18.592226028442383,12.419734001159668,0.002750183455646038,14.445589065551758
4410,63.95652173913044,23,20,0.8695652173913043,6.068706035614014,3.749612808227539,0.0027176979929208755,1.7128047943115234
4411,41.836601307189554,51,48,0.9283660130718955,-17.490962982177734,19.17961883544922,0.002733357483521104,16.893144607543945
4412,42.294117647058826,51,48,0.9329411764705883,-12.846944808959961,10.922147750854492,0.0020320063922554255,5.248654842376709
4413,-10.047619047619051,105,100,0.9495238095238095,18.939571380615234,16.837257385253906,0.0020386853720992804,10.99505615234375
4414,63.95652173913044,23,20,0.8695652173913043,10.529501914978027,9.456022262573242,0.0020386504475027323,4.055091381072998
4415,46.90909090909091,44,40,0.9090909090909091,35.905372619628906,76.8755874633789,0.0020699170418083668,28.23647689819336
4416,-12.769470404984418,107,101,0.9423052959501558,3.834475040435791,0.9543927907943726,0.0020686998032033443,1.0531195402145386
4417,59.33333333333334,24,20,0.8333333333333334,-11.720786094665527,9.203693389892578,0.0020703505724668503,6.0531463623046875
4418,38.257861635220124,53,49,0.9125786163522013,-26.93246841430664,50.15800094604492,0.002095981501042843,20.672332763671875
4419,63.95652173913044,23,20,0.8695652173913043,6.850771427154541,4.7601118087768555,0.0020962173584848642,3.3089911937713623
4420,-123.91131498470948,218,206,0.9408868501529052,-42.69309616088867,68.2146987915039,0.0021053256932646036,12.415931701660156
4421,-112.46859903381642,207,196,0.9453140096618358,-6.183006763458252,2.0697720050811768,0.0021078912541270256,5.730788230895996
4422,-120.12558139534883,215,204,0.9487441860465117,-7.941601753234863,3.074693441390991,0.0021074400283396244,1.3806133270263672
4423,-5.702127659574472,94,83,0.8829787234042553,-14.905454635620117,8.831962585449219,0.0021078246645629406,3.5674917697906494
4424,-3.7526881720430083,93,83,0.8924731182795699,-1.989217758178711,0.44810792803764343,0.0012280115624889731,0.9222998023033142
4425,-109.59186991869919,205,196,0.9540813008130081,47.492454528808594,84.91159057617188,0.0012307883007451892,7.537968635559082
4426,-115.2063492063492,210,200,0.947936507936508,29.29691505432129,31.026426315307617,0.0012309877201914787,5.448374271392822
4427,39.5,52,48,0.915,6.622392177581787,3.501101016998291,0.001231819624081254,7.14486026763916
4428,-5.702127659574472,94,83,0.8829787234042553,-12.355766296386719,6.462551116943359,0.0012331237085163593,2.765831232070923
4429,-9.237179487179489,104,99,0.9476282051282051,19.37373924255371,16.93353843688965,0.0012097416911274195,8.7811918258667
4430,-15.222222222222214,108,101,0.9277777777777778,-7.33723258972168,3.2901968955993652,0.0012096872087568045,1.201705813407898
4431,-122.49001536098311,217,206,0.945099846390169,-28.40801239013672,30.272706985473633,0.0012110621901229024,7.29017972946167
4432,-114.28253968253969,210,202,0.9571746031746031,1.3415743112564087,0.753421425819397,0.0012109782546758652,1.8447996377944946
4433,-121.64197530864197,216,204,0.9435802469135802,-27.75508689880371,29.60990333557129,0.0011635386617854238,7.148970603942871
4434,-7.631578947368411,95,83,0.8736842105263158,-25.6877384185791,26.660463333129883,0.0011626224732026458,2.4852659702301025
4435,-14.148148148148152,108,102,0.9385185185185185,2.882669687271118,0.8039618134498596,0.0011377539485692978,1.9383736848831177
4436,-3.7526881720430083,93,83,0.8924731182795699,-3.374861240386963,0.7017128467559814,0.0011138167465105653,0.7398541569709778
4437,38.369696969696975,55,52,0.9336969696969697,32.986751556396484,64.34915161132812,0.0012159071629866958,38.82246398925781
4438,-111.05501618122977,206,196,0.9494498381877022,24.30149269104004,21.63114356994629,0.0012197258183732629,13.759488105773926
4439,43.435374149659864,49,46,0.9243537414965987,-9.632352828979492,5.824697494506836,0.0012306214775890112,12.206912994384766
4440,43.888888888888886,45,40,0.8888888888888888,22.871788024902344,30.83135414123535,0.0012309756129980087,13.647109031677246
4441,-113.92307692307692,208,196,0.9407692307692308,-4.709081172943115,1.1973956823349,0.0012295764172449708,1.3496794700622559
4442,43.83660130718954,51,49,0.9483660130718954,-3.7818665504455566,1.3502460718154907,0.0012375111691653728,10.4052152633667
4443,-16.49847094801224,109,101,0.9250152905198776,-21.883808135986328,21.6219425201416,0.0012441175058484077,11.903119087219238
4444,40.95652173913044,46,40,0.8695652173913043,-6.1125664710998535,2.2957944869995117,0.0012422538129612803,4.355655670166016
4445,-3.7526881720430083,93,83,0.8924731182795699,-13.162734031677246,7.131435871124268,0.001241916324943304,1.4224494695663452
4446,-14.839506172839506,108,101,0.931604938271605,-12.553383827209473,8.196442604064941,0.0012570542749017477,14.265748977661133
4447,-122.47772657450076,217,206,0.9452227342549924,-21.91044807434082,18.827390670776367,0.0012573166750371456,6.193999767303467
4448,40.371794871794876,52,49,0.9237179487179488,-28.286346435546875,54.588504791259766,0.0012647866969928145,11.317824363708496
4449,43.888888888888886,45,40,0.8888888888888888,11.998725891113281,8.516944885253906,0.0011030473979189992,2.2500295639038086
4450,43.435374149659864,49,46,0.9243537414965987,-22.391870498657227,29.555179595947266,0.001115276594646275,15.345427513122559
4451,68.9090909090909,22,20,0.9090909090909091,24.697690963745117,45.773719787597656,0.0011252164840698242,11.505718231201172
4452,-117.26100628930818,212,201,0.9473899371069182,31.39211082458496,34.734012603759766,0.0011263600317761302,2.5916130542755127
4453,63.95652173913044,23,20,0.8695652173913043,7.619531154632568,6.082119941711426,0.0011245094938203692,6.481571197509766
4454,43.888888888888886,45,40,0.8888888888888888,35.54582977294922,70.8846206665039,0.001096347812563181,17.15801239013672
4455,63.95652173913044,23,20,0.8695652173913043,4.920219898223877,2.831819772720337,0.0010990140726789832,5.481808662414551
4456,63.95652173913044,23,20,0.8695652173913043,1.5138583183288574,0.9211587905883789,0.0010987715795636177,2.3375403881073
4457,-11.13968253968254,105,99,0.9386031746031746,23.41952133178711,23.25105857849121,0.0012487098574638367,47.80207824707031
4458,43.888888888888886,45,40,0.8888888888888888,18.43831443786621,20.42473602294922,0.0012529130326583982,9.817317008972168
4459,-112.46859903381642,207,196,0.9453140096618358,19.551891326904297,13.812355995178223,0.0012636763276532292,12.247102737426758
4460,68.9090909090909,22,20,0.9090909090909091,4.19062614440918,2.4546520709991455,0.0012531455140560865,6.385798454284668
4461,-1.782608695652172,92,83,0.9021739130434783,2.1350908279418945,0.5335503220558167,0.0012492521200329065,0.6409945487976074
4462,43.83660130718954,51,49,0.9483660130718954,-29.19269561767578,52.553314208984375,0.0012726871063932776,27.69016456604004
4463,-12.769470404984418,107,101,0.9423052959501558,-0.5212538242340088,0.5100139379501343,0.0012710014125332236,2.743030548095703
4464,43.888888888888886,45,40,0.8888888888888888,-8.386551856994629,3.955875873565674,0.0012721000239253044,3.265270709991455
4465,-11.471698113207552,106,101,0.9452830188679245,4.26577091217041,1.124322772026062,0.0012682854430750012,1.5449469089508057
4466,-3.7526881720430083,93,83,0.8924731182795699,-10.52023983001709,4.657352924346924,0.0012624335940927267,3.3467118740081787
4467,-1.782608695652172,92,83,0.9021739130434783,0.30293744802474976,0.3844192326068878,0.0012629558332264423,1.4754986763000488
4468,-14.700305810397552,109,104,0.9429969418960245,-2.201605796813965,0.8587151765823364,0.0011882663238793612,3.692823648452759
4469,63.95652173913044,23,20,0.8695652173913043,-17.185258865356445,23.085140228271484,0.001192533760331571,10.610587120056152
4470,43.73202614379085,51,49,0.9473202614379085,-9.425654411315918,5.972717761993408,0.001192379160784185,4.882314205169678
4471,38.74358974358975,52,48,0.9074358974358975,-26.573657989501953,49.00480651855469,0.0012021478032693267,12.946128845214844
4472,59.33333333333334,24,20,0.8333333333333334,-23.085832595825195,35.34498977661133,0.0012152227573096752,17.186567306518555
4473,63.95652173913044,23,20,0.8695652173913043,3.3341214656829834,1.3563153743743896,0.0012177632888779044,4.707466125488281
4474,-14.641975308641975,108,101,0.9335802469135802,10.795989036560059,5.422046661376953,0.0012189192930236459,5.922173976898193
4475,46.90909090909091,44,40,0.9090909090909091,65.28089904785156,233.57481384277344,0.0012270670849829912,13.414229393005371
4476,-15.45871559633028,109,103,0.9354128440366972,12.055144309997559,6.562479496002197,0.001178234233520925,7.127214431762695
4477,-15.45871559633028,109,103,0.9354128440366972,9.158246994018555,4.100881099700928,0.001126038026995957,2.887723684310913
4478,-5.702127659574472,94,83,0.8829787234042553,-7.487764358520508,2.3129117488861084,0.0011224207701161504,2.712985038757324
4479,63.95652173913044,23,20,0.8695652173913043,15.963871955871582,20.95604705810547,0.0011495455401018262,23.730844497680664
4480,-5.702127659574472,94,83,0.8829787234042553,-10.126213073730469,4.152714729309082,0.0011496369261294603,1.2064661979675293
4481,-14.456790123456784,108,102,0.9354320987654321,2.857008457183838,0.8840903639793396,0.0011206346098333597,5.716121673583984
4482,63.95652173913044,23,20,0.8695652173913043,12.241233825683594,12.325248718261719,0.000815663835965097,5.687823295593262
4483,63.95652173913044,23,20,0.8695652173913043,9.70827865600586,8.546698570251465,0.0008163130260072649,4.765319347381592
4484,-115.2063492063492,210,200,0.947936507936508,-32.342071533203125,37.24625015258789,0.0007381714531220496,7.460537433624268
4485,-1.782608695652172,92,83,0.9021739130434783,3.8199431896209717,0.8761953115463257,0.0007359288283623755,0.8655338287353516
4486,55.0,25,20,0.8,-30.37880516052246,73.7402572631836,0.000757360365241766,19.132488250732422
4487,63.95652173913044,23,20,0.8695652173913043,1.5559145212173462,0.7947807908058167,0.0007572919712401927,1.3956694602966309
4488,-121.64197530864197,216,204,0.9435802469135802,-36.36383819580078,48.024471282958984,0.0007903250516392291,30.140544891357422
4489,46.90909090909091,44,40,0.9090909090909091,37.166358947753906,80.6355209350586,0.0008597745909355581,33.803924560546875
4490,-12.44654088050315,106,100,0.9355345911949685,5.876711368560791,1.7189733982086182,0.0008578210836276412,0.6946688890457153
4491,-3.7526881720430083,93,83,0.8924731182795699,-3.6818437576293945,0.7377832531929016,0.0008545498130843043,0.9566007256507874
4492,-117.93081761006289,212,200,0.9406918238993711,-3.4427993297576904,0.8962850570678711,0.0008508863393217325,0.9009929895401001
4493,40.95652173913044,46,40,0.8695652173913043,1.730811357498169,0.5758041739463806,0.0008437662618234754,1.589631199836731
4494,-117.36018957345972,211,198,0.9363981042654028,5.122941017150879,1.4817243814468384,0.0008406291017308831,1.5834225416183472
4495,63.95652173913044,23,20,0.8695652173913043,-8.088489532470703,5.44281005859375,0.00084127695299685,6.335537910461426
4496,59.33333333333334,24,20,0.8333333333333334,-25.451644897460938,48.982295989990234,0.0008447619038634002,7.079676628112793
4497,-12.769470404984418,107,101,0.9423052959501558,8.265007972717285,3.7881007194519043,0.0008443159167654812,1.1706972122192383
4498,-118.7057902973396,213,201,0.942942097026604,22.324810028076172,19.155597686767578,0.0008567445329390466,16.742219924926758
4499,40.95652173913044,46,40,0.8695652173913043,-0.20957468450069427,0.27893733978271484,0.0008567313780076802,0.6890617609024048
4500,-12.582554517133957,107,102,0.9441744548286605,8.150211334228516,3.111466646194458,0.0008616431732662022,8.59106159210205
4501,46.90909090909091,44,40,0.9090909090909091,24.099651336669922,32.38733673095703,0.0008574588573537767,1.7681063413619995
4502,59.33333333333334,24,20,0.8333333333333334,-18.07740020751953,22.962200164794922,0.0008813479798845947,20.074199676513672
4503,-120.04672897196261,214,202,0.9395327102803739,-6.2291340827941895,2.2435529232025146,0.0008813138119876385,1.3245083093643188
4504,40.95652173913044,46,40,0.8695652173913043,-7.474476337432861,3.0557117462158203,0.0008815350593067706,2.5923349857330322
4505,38.18787878787879,55,52,0.9318787878787879,-10.323769569396973,10.000864028930664,0.000925601227208972,26.396032333374023
4506,-3.7526881720430083,93,83,0.8924731182795699,-12.095378875732422,6.113916397094727,0.0009165760711766779,3.227731466293335
4507,-1.782608695652172,92,83,0.9021739130434783,-0.9893495440483093,0.3669699430465698,0.0009163066861219704,1.9079691171646118
4508,-112.46859903381642,207,196,0.9453140096618358,10.697763442993164,5.486717224121094,0.0009219679632224143,9.791415214538574
4509,43.18300653594771,51,49,0.9418300653594771,-3.385667324066162,1.2444661855697632,0.0009093257831409574,2.5280139446258545
4510,40.58666666666667,50,46,0.9058666666666667,-31.591461181640625,69.45706939697266,0.0009149680845439434,9.375165939331055
4511,63.95652173913044,23,20,0.8695652173913043,20.07748794555664,34.25697326660156,0.0008964232401922345,1.811911702156067
4512,63.95652173913044,23,20,0.8695652173913043,22.81974983215332,44.14140701293945,0.000926446111407131,23.545146942138672
4513,-12.578616352201266,106,100,0.9342138364779874,5.157128810882568,1.6188756227493286,0.0009219069615937769,6.318521976470947
4514,40.814814814814824,54,52,0.9481481481481482,41.899330139160156,121.48846435546875,0.0010549734579399228,46.016536712646484
4515,-11.13968253968254,105,99,0.9386031746031746,8.47426700592041,3.5834946632385254,0.0010081251384690404,4.576643466949463
4516,43.888888888888886,45,40,0.8888888888888888,25.315296173095703,35.20993423461914,0.0010102941887453198,6.273895740509033
4517,40.371794871794876,52,49,0.9237179487179488,-13.37181282043457,12.237020492553711,0.0010105206165462732,6.3781418800354
4518,68.9090909090909,22,20,0.9090909090909091,25.103742599487305,52.600948333740234,0.0010054352460429072,18.408645629882812
4519,38.369696969696975,55,52,0.9336969696969697,-10.76757526397705,9.62841510772705,0.0010114487959071994,10.327210426330566
4520,-13.025157232704402,106,99,0.929748427672956,-17.519935607910156,15.43339729309082,0.0010216988157480955,17.946989059448242
4521,-1.782608695652172,92,83,0.9021739130434783,-7.472098350524902,2.5179085731506348,0.0010198465315625072,0.9482339024543762
4522,63.95652173913044,23,20,0.8695652173913043,-7.903229713439941,4.582530975341797,0.0010209183674305677,4.33188009262085
4523,-20.144542772861357,113,106,0.9285545722713864,-33.712799072265625,56.241493225097656,0.0010285774478688836,11.711456298828125
4524,-5.702127659574472,94,83,0.8829787234042553,-26.69847869873047,27.25010871887207,0.0010374159319326282,11.962360382080078
4525,59.33333333333334,24,20,0.8333333333333334,-25.014936447143555,53.66032028198242,0.0010658132378011942,22.99330711364746
4526,38.761006289308185,53,49,0.9176100628930818,-32.182918548583984,68.88423156738281,0.0010640791151672602,0.6791414618492126
4527,55.0,25,20,0.8,-34.23932647705078,83.79216003417969,0.0010718548437580466,13.097779273986816
4528,63.95652173913044,23,20,0.8695652173913043,8.492365837097168,6.338120937347412,0.0010776990093290806,9.998991012573242
4529,-113.92307692307692,208,196,0.9407692307692308,21.689149856567383,16.7236328125,0.0010763138998299837,7.351556301116943
4530,-5.702127659574472,94,83,0.8829787234042553,-1.4595656394958496,0.2181142419576645,0.001076296903192997,1.1334465742111206
4531,68.9090909090909,22,20,0.9090909090909091,44.42784118652344,164.1276092529297,0.0014311872655525804,76.56758117675781
4532,40.371794871794876,52,49,0.9237179487179488,46.94308090209961,153.65524291992188,0.001466273213736713,23.512067794799805
4533,-114.46411483253588,209,198,0.9453588516746412,22.659889221191406,18.610950469970703,0.0014697796432301402,11.493425369262695
4534,35.70238095238096,56,52,0.9170238095238096,31.172555923461914,68.65544128417969,0.0015138282906264067,27.615699768066406
4535,-10.688888888888883,105,100,0.9431111111111111,20.130821228027344,19.71411895751953,0.0015274310717359185,14.376678466796875
4536,42.294117647058826,51,48,0.9329411764705883,-8.012969017028809,4.163918972015381,0.0015327493892982602,10.264764785766602
4537,-12.968847352024923,107,101,0.9403115264797508,-1.190158486366272,0.5180777907371521,0.0014341968344524503,0.6118314862251282
4538,-11.13968253968254,105,99,0.9386031746031746,-3.7471823692321777,1.1493110656738281,0.0014250293606892228,1.6170777082443237
4539,68.9090909090909,22,20,0.9090909090909091,12.939482688903809,14.763147354125977,0.0014158417470753193,2.7059061527252197
4540,-11.471698113207552,106,101,0.9452830188679245,-12.121203422546387,8.113216400146484,0.0014083284186199307,7.087409496307373
4541,-7.631578947368411,95,83,0.8736842105263158,-48.52082443237305,103.05998992919922,0.0014109796611592174,7.706247806549072
4542,-115.73617693522907,211,202,0.9526382306477094,-61.99288558959961,144.8308563232422,0.0014256591675803065,20.707481384277344
4543,-15.222222222222214,108,101,0.9277777777777778,-31.66163444519043,48.50456619262695,0.0015130668180063367,40.978057861328125
4544,43.888888888888886,45,40,0.8888888888888888,-22.33133888244629,27.630006790161133,0.00151931366417557,10.03358268737793
4545,41.01282051282051,52,49,0.9301282051282052,-56.35281753540039,238.34840393066406,0.0016626695869490504,47.144371032714844
4546,-3.7526881720430083,93,83,0.8924731182795699,-10.331107139587402,5.773528575897217,0.0016474757576361299,3.123610734939575
4547,-10.688888888888883,105,100,0.9431111111111111,18.625871658325195,17.662179946899414,0.0016447362722828984,4.942063331604004
4548,-5.702127659574472,94,83,0.8829787234042553,-5.044164657592773,1.303500771522522,0.0016384138725697994,1.1076430082321167
4549,-5.702127659574472,94,83,0.8829787234042553,0.6527473330497742,0.19113875925540924,0.0016383551992475986,0.9009479880332947
4550,-5.702127659574472,94,83,0.8829787234042553,6.841960906982422,1.9307889938354492,0.0016239059623330832,0.09521730244159698
4551,-118.7057902973396,213,201,0.942942097026604,31.986562728881836,38.478118896484375,0.001625776058062911,12.736474990844727
4552,-7.631578947368411,95,83,0.8736842105263158,3.6845943927764893,0.684079110622406,0.0016246952582150698,1.3381849527359009
4553,59.33333333333334,24,20,0.8333333333333334,26.741668701171875,63.28188705444336,0.001632876694202423,13.679600715637207
4554,68.9090909090909,22,20,0.9090909090909091,58.15092849731445,304.0890197753906,0.0018589585088193417,64.1679458618164
4555,63.95652173913044,23,20,0.8695652173913043,35.25160217285156,101.39813995361328,0.001858146395534277,4.437981605529785
4556,38.09090909090909,55,52,0.9309090909090909,44.00294876098633,135.4118194580078,0.0019746157340705395,41.55644607543945
4557,-14.148148148148152,108,102,0.9385185185185185,22.365398406982422,24.78984260559082,0.0018757784273475409,27.45362663269043
4558,-9.57142857142857,105,101,0.9542857142857143,28.090896606445312,38.6090087890625,0.0019052742281928658,21.567991256713867
4559,43.888888888888886,45,40,0.8888888888888888,-5.541834831237793,1.9722334146499634,0.0018934027757495642,2.152909994125366
4560,63.95652173913044,23,20,0.8695652173913043,-30.511043548583984,71.6716537475586,0.001900990610010922,11.24294376373291
4561,-1.782608695652172,92,83,0.9021739130434783,-23.220773696899414,28.818220138549805,0.0019010925898328424,1.3511213064193726
4562,-117.26100628930818,212,201,0.9473899371069182,-52.67557907104492,103.4673843383789,0.0018620567861944437,7.339165687561035
4563,43.888888888888886,45,40,0.8888888888888888,-47.33453369140625,125.79348754882812,0.0018669822020456195,7.712275505065918
4564,-5.702127659574472,94,83,0.8829787234042553,-52.890907287597656,130.75083923339844,0.0018682786030694842,7.631455421447754
4565,43.73202614379085,51,49,0.9473202614379085,-73.23246002197266,380.1601257324219,0.0024386083241552114,98.07774353027344
4566,-5.702127659574472,94,83,0.8829787234042553,-38.10639953613281,62.89823532104492,0.002444030251353979,11.177667617797852
4567,63.95652173913044,23,20,0.8695652173913043,-10.120528221130371,7.083491325378418,0.0024508212227374315,13.173576354980469
4568,-125.34094368340944,219,206,0.9365905631659056,-17.840595245361328,14.895882606506348,0.002453126944601536,7.8601250648498535
4569,38.32098765432099,54,51,0.9232098765432099,21.160314559936523,32.85026931762695,0.002490503713488579,23.957128524780273
4570,-14.456790123456784,108,102,0.9354320987654321,20.062463760375977,19.34138298034668,0.0025179963558912277,20.141948699951172
4571,63.95652173913044,23,20,0.8695652173913043,36.15690994262695,123.23701477050781,0.00260651926510036,42.4395866394043
4572,-118.6056338028169,213,202,0.943943661971831,52.75252914428711,114.91273498535156,0.002594607649371028,7.071661949157715
4573,63.95652173913044,23,20,0.8695652173913043,39.142948150634766,147.87989807128906,0.0026817715261131525,40.96371078491211
4574,43.888888888888886,45,40,0.8888888888888888,66.90084075927734,251.57862854003906,0.002715576207265258,24.909879684448242
4575,-3.7526881720430083,93,83,0.8924731182795699,2.844871997833252,0.6300877332687378,0.002709082094952464,0.6963602900505066
4576,38.1063829787234,47,40,0.851063829787234,21.369632720947266,28.670122146606445,0.0027033532969653606,4.985877513885498
4577,-9.541666666666657,96,83,0.8645833333333334,-33.78932189941406,50.181583404541016,0.0027024862356483936,2.137054681777954
4578,46.90909090909091,44,40,0.9090909090909091,38.587249755859375,90.66963195800781,0.002713635331019759,16.16727638244629
4579,63.95652173913044,23,20,0.8695652173913043,-5.147599697113037,2.496150255203247,0.0026875343173742294,2.0540499687194824
4580,63.95652173913044,23,20,0.8695652173913043,-13.006515502929688,14.909778594970703,0.0026959944516420364,9.172242164611816
4581,-5.702127659574472,94,83,0.8829787234042553,-28.803573608398438,38.44332504272461,0.0026936361100524664,7.21225118637085
4582,43.888888888888886,45,40,0.8888888888888888,-13.005005836486816,10.01731014251709,0.0026931939646601677,3.610534429550171
4583,-3.7526881720430083,93,83,0.8924731182795699,-22.545595169067383,24.650836944580078,0.0026898973155766726,2.2490720748901367
4584,-14.700305810397552,109,104,0.9429969418960245,-15.412461280822754,15.943254470825195,0.0026927287690341473,11.175640106201172
4585,55.0,25,20,0.8,-66.87860107421875,285.3253479003906,0.0032778854947537184,100.5250473022461
4586,0.2087912087912116,91,83,0.9120879120879121,0.3741396367549896,0.818004310131073,0.003247272688895464,0.4915010631084442
4587,63.95652173913044,23,20,0.8695652173913043,-14.851808547973633,20.11989402770996,0.0032798093743622303,19.28761863708496
4588,63.95652173913044,23,20,0.8695652173913043,-8.731218338012695,5.611130237579346,0.0032379701733589172,9.26741886138916
4589,40.95652173913044,46,40,0.8695652173913043,-8.524457931518555,4.383235931396484,0.0031815902329981327,2.5894577503204346
4590,-8.647435897435898,104,100,0.9535256410256411,15.671043395996094,15.043965339660645,0.0031829194631427526,8.553495407104492
4591,0.2087912087912116,91,83,0.9120879120879121,10.730546951293945,5.231679916381836,0.0031832188833504915,1.125559687614441
4592,38.18787878787879,55,52,0.9318787878787879,1.9293928146362305,1.2197210788726807,0.003183381399139762,5.760552883148193
4593,-5.702127659574472,94,83,0.8829787234042553,-15.881173133850098,11.368257522583008,0.0031822961755096912,1.84306800365448
4594,-15.954128440366972,109,102,0.9304587155963303,-4.383105754852295,2.2873802185058594,0.003182387910783291,1.4784308671951294
4595,-11.471698113207552,106,101,0.9452830188679245,12.298990249633789,9.01016616821289,0.003178247017785907,1.8996752500534058
4596,-111.00970873786409,206,196,0.9499029126213592,-2.826920509338379,1.0036684274673462,0.0031723889987915754,0.5876835584640503
4597,-9.237179487179489,104,99,0.9476282051282051,18.608684539794922,20.570980072021484,0.003174558514729142,4.72304630279541
4598,63.95652173913044,23,20,0.8695652173913043,35.1829948425293,114.14666748046875,0.0031642846297472715,1.7442232370376587
4599,63.95652173913044,23,20,0.8695652173913043,32.94442367553711,101.94390106201172,0.003167003858834505,6.358128070831299
4600,-15.45871559633028,109,103,0.9354128440366972,-3.9574108123779297,1.882489562034607,0.003159440355375409,1.3465543985366821
4601,-1.782608695652172,92,83,0.9021739130434783,2.1907718181610107,0.5585204362869263,0.0031592624727636576,0.7596950531005859
4602,-14.700305810397552,109,104,0.9429969418960245,-2.4252541065216064,1.1618331670761108,0.003143344772979617,1.7610595226287842
4603,63.95652173913044,23,20,0.8695652173913043,18.468700408935547,31.20453643798828,0.003163253189995885,15.368138313293457
4604,-121.64197530864197,216,204,0.9435802469135802,-35.93657684326172,56.29615020751953,0.0031758039258420467,17.158735275268555
4605,40.95652173913044,46,40,0.8695652173913043,-4.038622856140137,1.400134563446045,0.0031246384605765343,3.673624038696289
4606,-3.7526881720430083,93,83,0.8924731182795699,-11.09168815612793,6.151365756988525,0.0031241655815392733,2.6246211528778076
4607,-16.47147147147146,111,106,0.9452852852852853,-5.360962867736816,2.4507901668548584,0.0031228158622980118,1.0400818586349487
4608,-14.092592592592595,108,102,0.9390740740740741,-1.9717891216278076,0.757089376449585,0.003113176440820098,0.4992139935493469
4609,43.888888888888886,45,40,0.8888888888888888,-1.2129275798797607,0.622028648853302,0.0031121750362217426,0.7550331354141235
4610,-3.7526881720430083,93,83,0.8924731182795699,-8.604334831237793,4.0283942222595215,0.003102992195636034,1.5636839866638184
4611,59.33333333333334,24,20,0.8333333333333334,-21.86921501159668,42.35221481323242,0.0031133152078837156,10.44704818725586
4612,-3.7526881720430083,93,83,0.8924731182795699,-5.726199150085449,1.9350229501724243,0.003088877536356449,1.6311008930206299
4613,68.9090909090909,22,20,0.9090909090909091,10.699210166931152,13.49899673461914,0.0030925488099455833,11.635814666748047
4614,43.888888888888886,45,40,0.8888888888888888,2.651437997817993,1.5728806257247925,0.002953067421913147,0.47219714522361755
4615,-13.822429906542055,107,100,0.9317757009345794,4.069559574127197,1.1801365613937378,0.0029508352745324373,1.610189437866211
4616,0.2087912087912116,91,83,0.9120879120879121,15.991239547729492,11.613785743713379,0.0029530576430261135,5.021918296813965
4617,44.373333333333335,50,48,0.9437333333333333,-16.47270393371582,25.471559524536133,0.0029599503614008427,12.04506778717041
4618,-5.702127659574472,94,83,0.8829787234042553,-10.598508834838867,5.677377700805664,0.0029489677399396896,3.4818294048309326
4619,-3.7526881720430083,93,83,0.8924731182795699,0.16685856878757477,0.2753261923789978,0.0029383497312664986,0.36870235204696655
4620,-12.968847352024923,107,101,0.9403115264797508,18.48880958557129,20.313297271728516,0.002913645002990961,4.6052751541137695
4621,59.33333333333334,24,20,0.8333333333333334,-18.81976890563965,32.729034423828125,0.00292445020750165,10.35934066772461
4622,-120.12558139534883,215,204,0.9487441860465117,55.71925354003906,131.19125366210938,0.002995549002662301,30.786855697631836
4623,-5.702127659574472,94,83,0.8829787234042553,-8.145037651062012,3.12587571144104,0.0029898921493440866,1.385925054550171
4624,-3.7526881720430083,93,83,0.8924731182795699,-0.45361560583114624,0.2501155436038971,0.0029854748863726854,0.4186537563800812
4625,41.3974358974359,52,49,0.933974358974359,-2.7244813442230225,0.7553388476371765,0.0029466068372130394,0.31796514987945557
4626,-5.702127659574472,94,83,0.8829787234042553,-11.679360389709473,6.453012943267822,0.0029485386330634356,3.615689516067505
4627,-15.45871559633028,109,103,0.9354128440366972,1.0599071979522705,0.4519387185573578,0.0029396589379757643,0.9354469776153564
4628,-10.691823899371073,106,102,0.9530817610062893,18.400291442871094,19.786117553710938,0.0029399781487882137,10.410791397094727
4629,-3.7526881720430083,93,83,0.8924731182795699,-4.700289249420166,1.1980780363082886,0.002934152027592063,1.2243531942367554
4630,40.95652173913044,46,40,0.8695652173913043,9.857447624206543,6.881429672241211,0.0029339308384805918,3.246290683746338
4631,-5.702127659574472,94,83,0.8829787234042553,-16.193403244018555,11.667652130126953,0.002595712197944522,2.3468475341796875
4632,40.95652173913044,46,40,0.8695652173913043,7.136151313781738,4.086041450500488,0.0025599165819585323,2.1527438163757324
4633,41.52287581699346,51,48,0.9252287581699347,-9.884760856628418,7.970630168914795,0.00256682769395411,16.34210968017578
4634,-121.04012345679013,216,206,0.9495987654320988,-39.10343933105469,66.33734893798828,0.0025365815963596106,14.332099914550781
4635,-1.782608695652172,92,83,0.9021739130434783,1.6387372016906738,0.40387120842933655,0.0025205067358911037,0.6823071837425232
4636,38.18787878787879,55,52,0.9318787878787879,10.057084083557129,8.786893844604492,0.0025238902308046818,13.004566192626953
4637,40.95652173913044,46,40,0.8695652173913043,10.844813346862793,8.559013366699219,0.002523947972804308,1.8657950162887573
4638,-117.18553459119498,212,202,0.9481446540880503,-17.54783058166504,14.23045539855957,0.002530229277908802,8.31295108795166
4639,-115.2063492063492,210,200,0.947936507936508,-7.747429847717285,3.079620361328125,0.0025292527861893177,5.406997203826904
4640,-1.782608695652172,92,83,0.9021739130434783,3.6438982486724854,0.7501351237297058,0.0025290213525295258,2.2911760807037354
4641,-3.7526881720430083,93,83,0.8924731182795699,-5.167387962341309,1.397489070892334,0.0025266380980610847,0.8840737342834473
4642,-3.7526881720430083,93,83,0.8924731182795699,-4.201387882232666,0.9620268940925598,0.002504484262317419,1.6579645872116089
4643,-117.26100628930818,212,201,0.9473899371069182,12.861842155456543,7.483395099639893,0.0024214554578065872,11.108912467956543
4644,-14.148148148148152,108,102,0.9385185185185185,4.060588359832764,1.1749024391174316,0.0024127585347741842,1.6634074449539185
4645,-1.782608695652172,92,83,0.9021739130434783,5.839703559875488,1.8589016199111938,0.0022638076916337013,0.16928520798683167
4646,44.373333333333335,50,48,0.9437333333333333,0.26741155982017517,0.2050856649875641,0.002264223759993911,0.6847258806228638
4647,-15.45871559633028,109,103,0.9354128440366972,-1.2535537481307983,0.45290812849998474,0.002263914793729782,1.3624826669692993
4648,41.836601307189554,51,48,0.9283660130718955,-12.706493377685547,12.066069602966309,0.002270887605845928,13.364032745361328
4649,43.888888888888886,45,40,0.8888888888888888,18.47880744934082,23.745088577270508,0.0022725772578269243,6.0076518058776855
4650,-1.782608695652172,92,83,0.9021739130434783,5.548591613769531,1.679945707321167,0.0022728629410266876,0.9683377742767334
4651,43.888888888888886,45,40,0.8888888888888888,15.903947830200195,16.5844669342041,0.00225998112000525,2.714942216873169
4652,43.888888888888886,45,40,0.8888888888888888,12.434249877929688,11.906085968017578,0.002260105451568961,1.733245849609375
4653,-14.148148148148152,108,102,0.9385185185185185,0.047786928713321686,0.3878075182437897,0.0022523377556353807,1.125667691230774
4654,-12.578616352201266,106,100,0.9342138364779874,-1.0810823440551758,0.40648043155670166,0.0020159082487225533,1.8171589374542236
4655,41.01282051282051,52,49,0.9301282051282052,-24.893178939819336,53.215003967285156,0.0020381424110382795,20.961973190307617
4656,-7.631578947368411,95,83,0.8736842105263158,-28.21094512939453,34.749061584472656,0.001929152407683432,14.031261444091797
4657,41.836601307189554,51,48,0.9283660130718955,-23.880075454711914,47.26630783081055,0.0018797977827489376,12.425436019897461
4658,-15.45871559633028,109,103,0.9354128440366972,-0.6745019555091858,0.34866586327552795,0.001843509147875011,0.6771374344825745
4659,-120.2031007751938,215,204,0.947968992248062,26.544071197509766,30.028196334838867,0.0018452523509040475,4.281528949737549
4660,-5.702127659574472,94,83,0.8829787234042553,-9.249567985534668,4.087093353271484,0.0018397652311250567,4.708471775054932
4661,63.95652173913044,23,20,0.8695652173913043,19.009153366088867,32.44429397583008,0.0018675392493605614,18.4666805267334
4662,-14.092592592592595,108,102,0.9390740740740741,12.792598724365234,9.680059432983398,0.001865070080384612,3.4179015159606934
4663,-118.6056338028169,213,202,0.943943661971831,16.691898345947266,12.314379692077637,0.001860099844634533,4.400030612945557
4664,43.888888888888886,45,40,0.8888888888888888,34.632408142089844,76.78973388671875,0.0018598012393340468,3.524106502532959
4665,43.888888888888886,45,40,0.8888888888888888,30.225269317626953,55.707855224609375,0.0013280962593853474,21.52569007873535
4666,-11.13968253968254,105,99,0.9386031746031746,9.504105567932129,5.513613700866699,0.0013221555855125189,1.6725956201553345
4667,-13.592592592592595,108,103,0.9440740740740741,2.3929622173309326,0.6538577675819397,0.0013135607587173581,2.6158719062805176
4668,41.836601307189554,51,48,0.9283660130718955,-20.808244705200195,35.1265983581543,0.0013180195819586515,11.231191635131836
4669,-12.44654088050315,106,100,0.9355345911949685,-5.21396017074585,2.0899412631988525,0.0012788111343979836,1.4575543403625488
4670,-5.702127659574472,94,83,0.8829787234042553,-20.392671585083008,19.203359603881836,0.0012570678954944015,9.457526206970215
4671,68.9090909090909,22,20,0.9090909090909091,19.8493595123291,41.57539367675781,0.0011702184565365314,17.16872215270996
4672,-123.91131498470948,218,206,0.9408868501529052,-53.2511100769043,125.69341278076172,0.0011681986507028341,1.2470507621765137
4673,-5.702127659574472,94,83,0.8829787234042553,-20.447799682617188,18.44820213317871,0.0010741694131866097,8.384016036987305
4674,-3.7526881720430083,93,83,0.8924731182795699,-9.1592435836792,4.112977981567383,0.0010358350118622184,1.3378901481628418
4675,41.836601307189554,51,48,0.9283660130718955,-24.188806533813477,53.607486724853516,0.0010428098030388355,10.06710147857666
4676,-117.93081761006289,212,200,0.9406918238993711,-4.394646167755127,1.6550579071044922,0.0010419015306979418,0.7355364561080933
4677,-117.18553459119498,212,202,0.9481446540880503,15.838282585144043,11.372692108154297,0.0010418359888717532,1.4729310274124146
4678,-3.7526881720430083,93,83,0.8924731182795699,2.317159652709961,0.5584090352058411,0.0010270618367940187,0.4020555913448334
4679,-3.7526881720430083,93,83,0.8924731182795699,4.68854284286499,1.1736292839050293,0.0010265718447044492,0.5453259944915771
4680,63.95652173913044,23,20,0.8695652173913043,4.634653091430664,2.5600576400756836,0.001022492884658277,5.172677516937256
4681,40.95652173913044,46,40,0.8695652173913043,23.66583824157715,35.70229721069336,0.0010200808756053448,2.2794182300567627
4682,43.435374149659864,49,46,0.9243537414965987,7.167080402374268,5.184009075164795,0.0010199330281466246,5.046520709991455
4683,-113.5805422647528,209,200,0.954194577352472,55.995426177978516,132.68980407714844,0.001136515405960381,42.810585021972656
4684,38.761006289308185,53,49,0.9176100628930818,4.613248348236084,1.711616039276123,0.0011298437602818012,2.9255075454711914
4685,-12.769470404984418,107,101,0.9423052959501558,16.036848068237305,15.328879356384277,0.0005070841289125383,2.1330080032348633
4686,41.52564102564102,52,49,0.9352564102564103,-3.894521713256836,1.4785133600234985,0.0005096467793919146,6.018608570098877
4687,-13.35514018691589,107,101,0.9364485981308411,3.407318592071533,1.0415619611740112,0.000487650278955698,0.7877442836761475
4688,-118.7057902973396,213,201,0.942942097026604,-23.964811325073242,25.552122116088867,0.00048303225776180625,4.295437335968018
4689,40.95652173913044,46,40,0.8695652173913043,-12.349563598632812,8.900472640991211,0.0004837705928366631,4.137027740478516
4690,-115.73617693522907,211,202,0.9526382306477094,-16.379106521606445,11.775192260742188,0.00047931561130099,2.7007293701171875
4691,-123.92354740061161,218,206,0.9407645259938838,-40.41204071044922,73.15326690673828,0.0004865919181611389,11.154186248779297
4692,41.52564102564102,52,49,0.9352564102564103,-15.426240921020508,20.818071365356445,0.0004877896571997553,8.234954833984375
4693,43.888888888888886,45,40,0.8888888888888888,7.039684295654297,4.261529445648193,0.0004886690294370055,3.789764165878296
4694,-112.46859903381642,207,196,0.9453140096618358,18.207538604736328,14.697155952453613,0.0004895009915344417,3.5900702476501465
4695,-115.73617693522907,211,202,0.9526382306477094,24.290746688842773,26.62688446044922,0.0005037871305830777,15.759809494018555
4696,41.3974358974359,52,49,0.933974358974359,2.4613821506500244,0.799960732460022,0.0005050459294579923,5.247622966766357
4697,46.3611111111111,48,46,0.9436111111111111,-2.4523844718933105,0.6439701914787292,0.0005045106518082321,2.789482593536377
4698,43.73202614379085,51,49,0.9473202614379085,11.902145385742188,13.239986419677734,0.0005098760011605918,8.82448959350586
4699,63.95652173913044,23,20,0.8695652173913043,-5.873488903045654,3.3375372886657715,0.0005074684740975499,1.566818118095398
4700,-1.782608695652172,92,83,0.9021739130434783,7.124481201171875,2.5517923831939697,0.0005075160297565162,0.6760109066963196
4701,-1.782608695652172,92,83,0.9021739130434783,6.2189621925354,1.983445167541504,0.000507672259118408,1.6055877208709717
4702,-11.471698113207552,106,101,0.9452830188679245,10.295504570007324,5.776756763458252,0.0005098366527818143,6.2421956062316895
4703,41.062893081761004,53,51,0.94062893081761,0.20498481392860413,0.3752228915691376,0.0004970033769495785,4.131781578063965
4704,68.9090909090909,22,20,0.9090909090909091,9.38608169555664,8.303336143493652,0.0004846589872613549,11.261308670043945
4705,-3.7526881720430083,93,83,0.8924731182795699,-8.408842086791992,3.210706949234009,0.0004843264468945563,1.0716196298599243
4706,-113.75279106858054,209,200,0.9524720893141946,2.6521551609039307,0.9073610305786133,0.00048433608026243746,1.320237636566162
4707,-116.48499210110585,211,200,0.9451500789889415,-12.872138977050781,7.3642802238464355,0.00048574383254162967,4.443109035491943
4708,38.18787878787879,55,52,0.9318787878787879,-10.125179290771484,12.216464042663574,0.0004863776848651469,3.083681106567383
4709,-5.702127659574472,94,83,0.8829787234042553,-19.02181625366211,16.14225196838379,0.00048659005551598966,1.3949002027511597
4710,-14.839506172839506,108,101,0.931604938271605,-9.447125434875488,5.871260166168213,0.0004866116214543581,1.0933581590652466
4711,-115.73617693522907,211,202,0.9526382306477094,4.654662609100342,1.4026902914047241,0.00048059853725135326,0.15591511130332947
4712,40.371794871794876,52,49,0.9237179487179488,-17.091495513916016,25.761493682861328,0.0005081279086880386,21.696884155273438
4713,-1.782608695652172,92,83,0.9021739130434783,4.740556716918945,1.2349226474761963,0.0004991316818632185,1.093958854675293
4714,-14.700305810397552,109,104,0.9429969418960245,5.569934368133545,2.109006881713867,0.0004992065369151533,0.6984513998031616
4715,63.95652173913044,23,20,0.8695652173913043,-2.4321229457855225,0.8098548054695129,0.0005004637059755623,3.928947925567627
4716,-10.688888888888883,105,100,0.9431111111111111,17.302886962890625,17.18000030517578,0.0005306586972437799,23.310623168945312
4717,-10.047619047619051,105,100,0.9495238095238095,21.380701065063477,25.933603286743164,0.0005298451287671924,12.016600608825684
4718,-12.769470404984418,107,101,0.9423052959501558,11.591742515563965,8.040619850158691,0.000532349688000977,7.364630699157715
4719,-3.7526881720430083,93,83,0.8924731182795699,-1.0579686164855957,0.2763594686985016,0.0005322518409229815,0.6018530130386353
4720,38.761006289308185,53,49,0.9176100628930818,14.97006893157959,14.123465538024902,0.0006959295133128762,52.80061340332031
4721,63.95652173913044,23,20,0.8695652173913043,3.243227243423462,1.4812045097351074,0.0006910159718245268,1.6705713272094727
4722,43.888888888888886,45,40,0.8888888888888888,27.59840965270996,44.8040885925293,0.0006411437643691897,9.222929000854492
4723,63.95652173913044,23,20,0.8695652173913043,-1.9284348487854004,0.7225386500358582,0.0006407965556718409,1.7817014455795288
4724,-117.26100628930818,212,201,0.9473899371069182,-11.994845390319824,7.014002323150635,0.000641483988147229,4.566274642944336
4725,63.95652173913044,23,20,0.8695652173913043,-8.276744842529297,5.39009428024292,0.0006448438507504761,6.31294059753418
4726,-7.631578947368411,95,83,0.8736842105263158,-33.55147171020508,47.6097412109375,0.0006498016300611198,8.470070838928223
4727,-20.144542772861357,113,106,0.9285545722713864,-32.292884826660156,59.49578094482422,0.0006725402199663222,20.285781860351562
4728,63.95652173913044,23,20,0.8695652173913043,-11.273758888244629,8.813983917236328,0.0006781781557947397,14.043835639953613
4729,-10.555555555555557,105,100,0.9444444444444444,-0.9729838967323303,0.3840475082397461,0.0006782895070500672,1.3115793466567993
4730,-3.7526881720430083,93,83,0.8924731182795699,-11.582941055297852,5.977996826171875,0.0006773742497898638,1.0155054330825806
4731,-3.7526881720430083,93,83,0.8924731182795699,-10.374770164489746,4.879472732543945,0.00067690055584535,2.885972738265991
4732,43.888888888888886,45,40,0.8888888888888888,9.364811897277832,5.7785820960998535,0.000677415810059756,3.1644649505615234
4733,43.73202614379085,51,49,0.9473202614379085,-0.5015880465507507,0.24440298974514008,0.0006588310934603214,1.9819585084915161
4734,46.90909090909091,44,40,0.9090909090909091,22.213031768798828,31.289833068847656,0.0006458490388467908,4.821177959442139
4735,-122.47772657450076,217,206,0.9452227342549924,-8.000344276428223,3.8442673683166504,0.000645951833575964,4.018998146057129
4736,38.369696969696975,55,52,0.9336969696969697,-4.077181339263916,3.1208956241607666,0.0006329911993816495,0.186910942196846
4737,-10.555555555555557,105,100,0.9444444444444444,8.424586296081543,3.9631006717681885,0.000634068448562175,6.531562805175781
4738,38.761006289308185,53,49,0.9176100628930818,-28.168670654296875,64.45738983154297,0.000704537786077708,36.339744567871094
4739,-1.782608695652172,92,83,0.9021739130434783,5.533139228820801,1.686904788017273,0.0007013127906247973,0.4488988518714905
4740,-12.582554517133957,107,102,0.9441744548286605,11.225604057312012,7.2717461585998535,0.0007058899500407279,6.734390735626221
4741,40.95652173913044,46,40,0.8695652173913043,6.544219493865967,2.960336208343506,0.0007061074138619006,4.167659282684326
4742,-112.51368760064412,207,196,0.9448631239935588,32.37025451660156,44.72744369506836,0.0007164853741414845,15.504351615905762
4743,-117.26100628930818,212,201,0.9473899371069182,20.291671752929688,16.86585807800293,0.0007169386954046786,7.5994744300842285
4744,40.95652173913044,46,40,0.8695652173913043,9.862347602844238,6.535222053527832,0.0007200060645118356,6.2375054359436035
4745,39.5,52,48,0.915,-8.34997272491455,5.138223648071289,0.0007486586109735072,19.861845016479492
4746,68.9090909090909,22,20,0.9090909090909091,19.851350784301758,36.36760330200195,0.0007899010088294744,24.31963539123535
4747,43.888888888888886,45,40,0.8888888888888888,17.15199089050293,18.494224548339844,0.0007905600941739976,4.267196178436279
4748,38.1063829787234,47,40,0.851063829787234,-11.46711254119873,7.596909999847412,0.0007777073769830167,0.7987760901451111
4749,-115.81200631911533,211,201,0.9518799368088467,-21.057594299316406,18.015031814575195,0.0007756621926091611,0.5477641820907593
4750,-16.47147147147146,111,106,0.9452852852852853,-8.095924377441406,4.5565032958984375,0.000776006723754108,1.5472286939620972
4751,63.95652173913044,23,20,0.8695652173913043,-5.222328186035156,2.56370210647583,0.0007755997939966619,1.3303675651550293
4752,68.9090909090909,22,20,0.9090909090909091,11.925305366516113,12.325013160705566,0.000778299174271524,8.43509578704834
4753,41.52287581699346,51,48,0.9252287581699347,-17.95053482055664,24.2240047454834,0.000812394660897553,22.062437057495117
4754,63.95652173913044,23,20,0.8695652173913043,-6.728339195251465,3.497187376022339,0.0008140180725604296,3.88445782661438
4755,59.33333333333334,24,20,0.8333333333333334,-22.981353759765625,37.964115142822266,0.0008402768289670348,29.493427276611328
4756,-117.16037735849056,212,202,0.9483962264150944,-21.201242446899414,19.26218032836914,0.0008266030345112085,5.68065881729126
4757,40.051282051282044,52,48,0.9205128205128205,4.935183525085449,2.0843865871429443,0.0008149152272380888,2.0317904949188232
4758,63.95652173913044,23,20,0.8695652173913043,5.271533489227295,2.8829922676086426,0.0008171729277819395,7.966793537139893
4759,68.9090909090909,22,20,0.9090909090909091,22.858322143554688,49.2191276550293,0.00082282634684816,11.243695259094238
4760,-5.702127659574472,94,83,0.8829787234042553,-7.330634117126465,2.539477825164795,0.0008222992764785886,2.7353997230529785
4761,43.87179487179486,52,51,0.9587179487179487,47.61682891845703,186.2254638671875,0.0009430936770513654,49.32071304321289
4762,-14.456790123456784,108,102,0.9354320987654321,4.301576614379883,1.3643450736999512,0.0009420487331226468,1.6427721977233887
4763,-113.75279106858054,209,200,0.9524720893141946,9.153937339782715,3.8425636291503906,0.0009409183985553682,1.9194972515106201
4764,-119.5414710485133,213,200,0.934585289514867,-25.685874938964844,27.812856674194336,0.0009458589483983815,7.515161514282227
4765,-5.702127659574472,94,83,0.8829787234042553,-18.879337310791016,15.318241119384766,0.0009225938119925559,4.233793258666992
4766,41.01282051282051,52,49,0.9301282051282052,-36.724029541015625,108.73228454589844,0.0009230654104612768,2.206751585006714
4767,-12.968847352024923,107,101,0.9403115264797508,-1.0619406700134277,0.26805564761161804,0.0009218627237714827,1.1920448541641235
4768,-118.7601246105919,214,204,0.952398753894081,9.780237197875977,4.4896240234375,0.0009161040070466697,2.6216650009155273
4769,-7.631578947368411,95,83,0.8736842105263158,-24.728382110595703,28.787185668945312,0.0009231178555637598,11.298855781555176
4770,68.9090909090909,22,20,0.9090909090909091,-3.1872427463531494,1.2043980360031128,0.00092017010319978,4.553001403808594
4771,-122.47772657450076,217,206,0.9452227342549924,5.830848693847656,2.430166244506836,0.000901952211279422,1.4587910175323486
4772,-11.471698113207552,106,101,0.9452830188679245,15.264522552490234,12.809968948364258,0.0009041465236805379,8.623906135559082
4773,40.95652173913044,46,40,0.8695652173913043,-3.061556577682495,0.7269679307937622,0.0008987668552435935,1.3333470821380615
4774,59.33333333333334,24,20,0.8333333333333334,-31.85919761657715,78.46257019042969,0.0009262399398721755,20.218608856201172
4775,43.888888888888886,45,40,0.8888888888888888,16.03449821472168,16.367725372314453,0.0009251138544641435,9.531822204589844
4776,-5.702127659574472,94,83,0.8829787234042553,-8.09594440460205,3.02457332611084,0.0009254923788830638,1.0927627086639404
4777,63.95652173913044,23,20,0.8695652173913043,-3.980145215988159,1.578377604484558,0.0009254652541130781,1.7016239166259766
4778,-122.49001536098311,217,206,0.945099846390169,8.648408889770508,3.5946314334869385,0.0009259443613700569,1.5687485933303833
4779,63.95652173913044,23,20,0.8695652173913043,1.8642244338989258,0.980854332447052,0.0009257247438654304,0.5248021483421326
4780,43.888888888888886,45,40,0.8888888888888888,25.599842071533203,40.51155471801758,0.0009243920212611556,3.9167098999023438
4781,-3.7526881720430083,93,83,0.8924731182795699,1.4842833280563354,0.2826773226261139,0.0009245594847016037,0.9451396465301514
4782,42.85620915032679,51,48,0.938562091503268,6.414601802825928,3.549987316131592,0.0009241231600753963,7.015296459197998
4783,-111.00970873786409,206,196,0.9499029126213592,15.278947830200195,11.644206047058105,0.0008213360561057925,5.614434719085693
4784,-13.592592592592595,108,103,0.9440740740740741,6.178276538848877,2.200800895690918,0.0008207943174056709,3.3419971466064453
4785,43.888888888888886,45,40,0.8888888888888888,7.857390880584717,3.903871536254883,0.0008222536998800933,6.053562641143799
4786,38.63522012578616,53,49,0.9163522012578617,-28.332305908203125,60.2664680480957,0.0009385227458551526,43.0372428894043
4787,-12.769470404984418,107,101,0.9423052959501558,-0.0986340269446373,0.268001914024353,0.000938863551709801,1.3359088897705078
4788,41.062893081761004,53,51,0.94062893081761,-2.503206968307495,1.590614676475525,0.0009401023853570223,4.049724102020264
4789,43.888888888888886,45,40,0.8888888888888888,9.620696067810059,6.087985515594482,0.0009398458641953766,1.9516769647598267
4790,40.95652173913044,46,40,0.8695652173913043,-1.61769700050354,0.3177346885204315,0.0009388939943164587,1.009229302406311
4791,-5.702127659574472,94,83,0.8829787234042553,-16.49501609802246,11.861139297485352,0.0009358018287457526,5.458627700805664
4792,40.95652173913044,46,40,0.8695652173913043,0.5661110877990723,0.12551607191562653,0.0009319678647443652,0.6523442268371582
4793,-3.7526881720430083,93,83,0.8924731182795699,-6.636130332946777,2.049304246902466,0.000930891721509397,1.0174834728240967
4794,43.888888888888886,45,40,0.8888888888888888,15.370230674743652,13.954769134521484,0.0009318091906607151,5.114432334899902
4795,63.95652173913044,23,20,0.8695652173913043,9.72792911529541,8.59982967376709,0.0009187577525153756,1.853711485862732
4796,-11.081761006289312,106,101,0.9491823899371069,6.897266387939453,2.5755152702331543,0.0009185042581520975,4.409506797790527
4797,68.9090909090909,22,20,0.9090909090909091,23.082094192504883,47.024742126464844,0.0009182719513773918,3.3059380054473877
4798,38.369696969696975,55,52,0.9336969696969697,-3.278172254562378,3.50398850440979,0.0009130688267759979,1.7202308177947998
4799,-3.7526881720430083,93,83,0.8924731182795699,-9.023699760437012,3.8395676612854004,0.0009144165669567883,4.2524824142456055
4800,41.062893081761004,53,51,0.94062893081761,-10.5558500289917,10.583415031433105,0.0009166564559563994,7.421149730682373
4801,38.1063829787234,47,40,0.851063829787234,-25.01417350769043,36.29581832885742,0.0009287692955695093,13.131779670715332
4802,-9.57142857142857,105,101,0.9542857142857143,10.295083999633789,6.0968499183654785,0.0009352386114187539,13.40313720703125
4803,43.18300653594771,51,49,0.9418300653594771,-6.767387390136719,3.8855390548706055,0.0009384669829159975,6.798287391662598
4804,-5.702127659574472,94,83,0.8829787234042553,-15.593096733093262,10.56724739074707,0.0009329451713711023,3.807065963745117
4805,38.369696969696975,55,52,0.9336969696969697,10.771088600158691,9.401778221130371,0.0009437098051421344,14.369083404541016
4806,-11.471698113207552,106,101,0.9452830188679245,8.118392944335938,3.9244260787963867,0.0009441038127988577,4.780135631561279
4807,-5.702127659574472,94,83,0.8829787234042553,-12.679062843322754,7.2868828773498535,0.0009425049647688866,2.935117483139038
4808,-9.541666666666657,96,83,0.8645833333333334,-31.09527015686035,40.63469314575195,0.0009470861405134201,7.8453192710876465
4809,41.3974358974359,52,49,0.933974358974359,10.17163372039795,7.655116081237793,0.0009514055564068258,8.825281143188477
4810,-18.41666666666667,112,105,0.9358333333333333,-5.778885841369629,3.7150309085845947,0.000952890666667372,4.684667587280273
4811,-3.7526881720430083,93,83,0.8924731182795699,-0.874663770198822,0.2011680006980896,0.0009528971859253943,0.6477048993110657
4812,40.91025641025641,52,49,0.9291025641025641,5.428131580352783,2.8721513748168945,0.0009323398116976023,8.621591567993164
4813,-120.2031007751938,215,204,0.947968992248062,-29.285459518432617,38.82799530029297,0.0009400172857567668,11.968323707580566
4814,-3.7526881720430083,93,83,0.8924731182795699,1.229909062385559,0.2762529253959656,0.000940109312068671,0.9710190296173096
4815,40.95652173913044,46,40,0.8695652173913043,10.351868629455566,7.430131912231445,0.000939502555411309,2.9481570720672607
4816,68.9090909090909,22,20,0.9090909090909091,12.431944847106934,15.153735160827637,0.0009137538727372885,8.605962753295898
4817,-3.7526881720430083,93,83,0.8924731182795699,2.7974283695220947,0.5290428996086121,0.000905036402400583,0.23555506765842438
4818,-115.2063492063492,210,200,0.947936507936508,6.996958255767822,2.685971975326538,0.0009046912309713662,5.816286087036133
4819,63.95652173913044,23,20,0.8695652173913043,-12.97266674041748,13.291979789733887,0.0009077592985704541,6.916992664337158
4820,-122.49001536098311,217,206,0.945099846390169,-6.743124961853027,3.231839418411255,0.000735026434995234,1.2495838403701782
4821,63.95652173913044,23,20,0.8695652173913043,-13.698960304260254,17.01131820678711,0.0007377181900665164,6.27899694442749
4822,-13.35514018691589,107,101,0.9364485981308411,11.774618148803711,7.9622297286987305,0.0007353032706305385,7.501465797424316
4823,-3.7526881720430083,93,83,0.8924731182795699,3.0153419971466064,0.5568795800209045,0.0007349959341809154,0.1176135316491127
4824,63.95652173913044,23,20,0.8695652173913043,-11.195127487182617,11.254722595214844,0.0007394908461719751,9.089062690734863
4825,-12.769470404984418,107,101,0.9423052959501558,16.024181365966797,13.985410690307617,0.0007435570005327463,9.783746719360352
4826,-16.557575757575762,110,104,0.9344242424242424,3.3849005699157715,0.9092458486557007,0.000739517156034708,1.1780816316604614
4827,-1.782608695652172,92,83,0.9021739130434783,11.47281265258789,6.279804706573486,0.0007148108561523259,2.5244922637939453
4828,59.33333333333334,24,20,0.8333333333333334,-20.505855560302734,37.63581085205078,0.000714882044121623,13.335713386535645
4829,41.836601307189554,51,48,0.9283660130718955,-6.521048545837402,3.6697049140930176,0.0007149920566007495,1.8077991008758545
4830,-11.471698113207552,106,101,0.9452830188679245,16.099803924560547,15.12828540802002,0.0007175292703323066,6.610690593719482
4831,-118.6056338028169,213,202,0.943943661971831,3.64331316947937,1.3753212690353394,0.0007169440505094826,1.0109113454818726
4832,43.18300653594771,51,49,0.9418300653594771,14.856529235839844,16.051433563232422,0.0007447770913131535,21.378496170043945
4833,63.95652173913044,23,20,0.8695652173913043,8.865057945251465,7.514646053314209,0.0007466251263394952,5.552205562591553
4834,43.888888888888886,45,40,0.8888888888888888,20.069608688354492,25.927536010742188,0.0007471905555576086,6.026705265045166
4835,40.95652173913044,46,40,0.8695652173913043,3.6966052055358887,1.213295578956604,0.0007463854271918535,1.2748773097991943
4836,44.69333333333333,50,48,0.9469333333333333,-6.156064510345459,2.9186995029449463,0.0007601213292218745,14.833154678344727
4837,41.062893081761004,53,51,0.94062893081761,-3.348236322402954,1.6258097887039185,0.0007575985509902239,1.7131646871566772
4838,-5.702127659574472,94,83,0.8829787234042553,-20.079875946044922,17.825529098510742,0.0006755149224773049,2.134361982345581
4839,40.814814814814824,54,52,0.9481481481481482,1.20587956905365,0.7782909274101257,0.0006755770300514996,1.5465625524520874
4840,-111.05501618122977,206,196,0.9494498381877022,-5.169023513793945,3.5215260982513428,0.0006733153713867068,1.1298935413360596
4841,-15.45871559633028,109,103,0.9354128440366972,-17.06753921508789,16.89686393737793,0.0006849253550171852,14.846004486083984
4842,-12.582554517133957,107,102,0.9441744548286605,-6.002037525177002,2.2857584953308105,0.0006694749463349581,2.0052716732025146
4843,68.9090909090909,22,20,0.9090909090909091,19.34003257751465,33.343589782714844,0.0006679568323306739,5.026413917541504
4844,-5.702127659574472,94,83,0.8829787234042553,-20.91721534729004,18.70779800415039,0.000666134525090456,2.0134987831115723
4845,43.73202614379085,51,49,0.9473202614379085,-16.124858856201172,20.631315231323242,0.0006454864051192999,5.966151714324951
4846,-10.555555555555557,105,100,0.9444444444444444,2.9798617362976074,0.6482446193695068,0.0006099823513068259,1.855025291442871
4847,-10.688888888888883,105,100,0.9431111111111111,4.077845096588135,1.1186820268630981,0.000610093935392797,4.6985883712768555
4848,63.95652173913044,23,20,0.8695652173913043,0.2486429661512375,0.7015732526779175,0.0006104276981204748,2.711667776107788
4849,-3.7526881720430083,93,83,0.8924731182795699,-5.3516974449157715,1.3907612562179565,0.0006104298518039286,0.8795648217201233
4850,41.3974358974359,52,49,0.933974358974359,-3.814040184020996,1.5125408172607422,0.0006105187349021435,1.864295482635498
4851,-16.0091743119266,109,102,0.929908256880734,-6.3029465675354,2.6730051040649414,0.0006109976675361395,2.9736320972442627
4852,68.9090909090909,22,20,0.9090909090909091,20.49217987060547,34.480934143066406,0.0006211856962181628,15.433330535888672
4853,46.90909090909091,44,40,0.9090909090909091,29.35550880432129,57.18338394165039,0.0005996315157972276,11.474282264709473
4854,46.90909090909091,44,40,0.9090909090909091,23.815170288085938,37.720462799072266,0.0006014088867232203,6.648062229156494
4855,63.95652173913044,23,20,0.8695652173913043,-8.783759117126465,7.0366644859313965,0.0005506136803887784,7.4320759773254395
4856,-10.047619047619051,105,100,0.9495238095238095,13.218228340148926,9.484136581420898,0.0005551520735025406,10.477785110473633
4857,40.95652173913044,46,40,0.8695652173913043,-21.00511360168457,26.136014938354492,0.0005578927230089903,7.130362510681152
4858,-1.782608695652172,92,83,0.9021739130434783,2.1295459270477295,0.4767225384712219,0.0005543137085624039,0.45774102210998535
4859,63.95652173913044,23,20,0.8695652173913043,-21.837024688720703,38.88536071777344,0.0005530439084395766,10.556260108947754
4860,44.228758169934636,51,49,0.9522875816993464,-23.459930419921875,45.97809600830078,0.0007178982486948371,51.851593017578125
4861,43.888888888888886,45,40,0.8888888888888888,-6.57136344909668,2.532870054244995,0.0005640870076604187,1.0889033079147339
4862,63.95652173913044,23,20,0.8695652173913043,-9.685722351074219,7.772954940795898,0.0005645632627420127,2.879979372024536
4863,-1.782608695652172,92,83,0.9021739130434783,7.717586517333984,2.7721152305603027,0.0005647074431180954,1.9565460681915283
4864,-117.93081761006289,212,200,0.9406918238993711,4.383142471313477,1.0901272296905518,0.0005626386264339089,3.393836259841919
4865,-7.631578947368411,95,83,0.8736842105263158,-17.68256950378418,13.001177787780762,0.0005618924042209983,3.3482255935668945
4866,-3.7526881720430083,93,83,0.8924731182795699,3.3691024780273438,0.7453963756561279,0.0005618401919491589,0.6459888815879822
4867,46.90909090909091,44,40,0.9090909090909091,45.307456970214844,128.97930908203125,0.0005749859265051782,14.25765323638916
4868,-114.46411483253588,209,198,0.9453588516746412,17.80194664001465,13.209061622619629,0.000576390593778342,4.816965579986572
4869,-12.578616352201266,106,100,0.9342138364779874,8.53421401977539,4.27478551864624,0.0005697148735634983,3.1974644660949707
4870,68.9090909090909,22,20,0.9090909090909091,26.326889038085938,67.50682067871094,0.0005763843655586243,11.033023834228516
4871,-5.702127659574472,94,83,0.8829787234042553,-11.606927871704102,5.601075172424316,0.0005780620267614722,5.742643356323242
4872,43.888888888888886,45,40,0.8888888888888888,12.482617378234863,10.199305534362793,0.000576369755435735,7.216793060302734
4873,-16.573573573573583,111,105,0.9442642642642642,-6.24035120010376,2.771059274673462,0.0005767099210061133,2.76564621925354
4874,63.95652173913044,23,20,0.8695652173913043,-4.665577411651611,1.9217369556427002,0.0005511546623893082,1.692953109741211
4875,-11.471698113207552,106,101,0.9452830188679245,0.050089411437511444,0.22646170854568481,0.0005460249958559871,0.5978903770446777
4876,-11.471698113207552,106,101,0.9452830188679245,-1.2721978425979614,0.3222320079803467,0.0005461433320306242,0.9244334101676941
4877,-10.691823899371073,106,102,0.9530817610062893,2.102132797241211,0.3502335846424103,0.0005460287793539464,0.9877062439918518
4878,-5.702127659574472,94,83,0.8829787234042553,-23.20248031616211,23.68108367919922,0.0005509372567757964,8.753857612609863
4879,-1.782608695652172,92,83,0.9021739130434783,-3.828659772872925,1.5603835582733154,0.0005509016918949783,0.5434788465499878
4880,43.888888888888886,45,40,0.8888888888888888,-18.876598358154297,20.937240600585938,0.0005501994746737182,1.9977627992630005
4881,41.52564102564102,52,49,0.9352564102564103,-44.90071105957031,169.9180145263672,0.0005996167310513556,28.913732528686523
4882,38.18787878787879,55,52,0.9318787878787879,-17.395904541015625,28.7751522064209,0.0006104857893660665,15.172832489013672
4883,-18.41666666666667,112,105,0.9358333333333333,-9.277466773986816,5.876414775848389,0.0006135667790658772,9.251038551330566
4884,-3.7526881720430083,93,83,0.8924731182795699,2.433032274246216,0.4091346561908722,0.000612750940490514,0.9923203587532043
4885,-1.782608695652172,92,83,0.9021739130434783,16.600162506103516,12.064492225646973,0.0006125961081124842,5.404211044311523
4886,40.95652173913044,46,40,0.8695652173913043,41.18032455444336,106.42874908447266,0.0005190903902985156,18.541471481323242
4887,43.18300653594771,51,49,0.9418300653594771,54.959259033203125,236.87742614746094,0.0005909086903557181,35.04068374633789
4888,-18.31547619047619,112,106,0.9368452380952381,24.455642700195312,36.761260986328125,0.0005964322481304407,10.097168922424316
4889,40.95652173913044,46,40,0.8695652173913043,24.10737419128418,36.462501525878906,0.0006026307819411159,11.018969535827637
4890,43.888888888888886,45,40,0.8888888888888888,21.88494110107422,31.05925941467285,0.0006149153341539204,14.477738380432129
4891,-113.75279106858054,209,200,0.9524720893141946,-25.28557586669922,26.36492347717285,0.0006485499325208366,24.829172134399414
4892,40.91025641025641,52,49,0.9291025641025641,-33.81523132324219,92.1021499633789,0.0007001879275776446,27.954179763793945
4893,63.95652173913044,23,20,0.8695652173913043,-6.046995162963867,3.1994640827178955,0.0007003237842582166,2.4325945377349854
4894,-5.702127659574472,94,83,0.8829787234042553,-22.83763885498047,23.667909622192383,0.0007023900980129838,7.226930618286133
4895,-111.00970873786409,206,196,0.9499029126213592,-23.877399444580078,24.28384017944336,0.0007030177512206137,4.96380090713501
4896,46.90909090909091,44,40,0.9090909090909091,6.18866491317749,2.996373414993286,0.0007021941128186882,2.2902562618255615
4897,-18.31547619047619,112,106,0.9368452380952381,-20.99654769897461,25.022979736328125,0.0007025440572760999,4.539745807647705
4898,43.888888888888886,45,40,0.8888888888888888,-5.263155937194824,1.6659706830978394,0.0007021893979981542,2.929525136947632
4899,-112.46859903381642,207,196,0.9453140096618358,-4.230395793914795,1.615168571472168,0.0007017772295512259,2.948096513748169
4900,-3.7526881720430083,93,83,0.8924731182795699,-8.152464866638184,3.587327480316162,0.0006973835988901556,1.1222831010818481
4901,-10.555555555555557,105,100,0.9444444444444444,6.87986421585083,3.0535430908203125,0.0006889267242513597,2.4152190685272217
4902,-121.56481481481481,216,204,0.9443518518518519,-1.334120750427246,0.8866741061210632,0.0006764643476344645,1.3814960718154907
4903,38.18787878787879,55,52,0.9318787878787879,-16.181541442871094,24.27032470703125,0.000705429061781615,21.840023040771484
4904,68.9090909090909,22,20,0.9090909090909091,12.817584991455078,17.777240753173828,0.0007185277063399553,14.432177543640137
4905,-121.04012345679013,216,206,0.9495987654320988,26.568267822265625,30.20558738708496,0.0007077769841998816,6.824104309082031
4906,-12.44654088050315,106,100,0.9355345911949685,8.28409194946289,4.455097675323486,0.0007060734205879271,3.937739372253418
4907,-5.702127659574472,94,83,0.8829787234042553,-9.344880104064941,3.999497652053833,0.0007052715518511832,0.5598055124282837
4908,68.9090909090909,22,20,0.9090909090909091,15.222877502441406,19.893165588378906,0.0007045378442853689,6.4772186279296875
4909,63.95652173913044,23,20,0.8695652173913043,-3.8993396759033203,1.5312187671661377,0.0007000229670666158,0.5156626105308533
4910,-16.573573573573583,111,105,0.9442642642642642,4.109923362731934,1.4202146530151367,0.0006987832603044808,0.3771477937698364
4911,38.761006289308185,53,49,0.9176100628930818,-24.497312545776367,48.756717681884766,0.0007020045886747539,6.3160624504089355
4912,46.90909090909091,44,40,0.9090909090909091,24.130966186523438,38.33840560913086,0.0007113608298823237,14.848496437072754
4913,43.888888888888886,45,40,0.8888888888888888,12.79941177368164,11.240906715393066,0.0007053610752336681,8.309524536132812
4914,-12.769470404984418,107,101,0.9423052959501558,12.15908145904541,8.893755912780762,0.0007098512724041939,7.373382568359375
4915,63.95652173913044,23,20,0.8695652173913043,-7.65270471572876,4.471114158630371,0.0007112017483450472,5.0219550132751465
4916,-112.51368760064412,207,196,0.9448631239935588,26.76751708984375,29.9194393157959,0.0007100490620359778,7.484017848968506
4917,63.95652173913044,23,20,0.8695652173913043,-7.723888397216797,5.264286518096924,0.000710338877979666,2.3448548316955566
4918,40.95652173913044,46,40,0.8695652173913043,-4.77667760848999,1.470186471939087,0.0007087501580826938,0.7117086052894592
4919,-121.04012345679013,216,206,0.9495987654320988,-5.46160888671875,2.829679250717163,0.0007066792459227145,1.9327982664108276
4920,-3.7526881720430083,93,83,0.8924731182795699,-4.01092004776001,0.9131865501403809,0.0007065323879942298,1.2193242311477661
4921,63.95652173913044,23,20,0.8695652173913043,-4.845148086547852,1.9040310382843018,0.0007059533381834626,5.823058128356934
4922,42.85620915032679,51,48,0.938562091503268,-7.605544567108154,4.691453456878662,0.0007057571201585233,9.264156341552734
4923,68.9090909090909,22,20,0.9090909090909091,14.973820686340332,21.33269500732422,0.0007080981740728021,7.484058856964111
4924,38.1063829787234,47,40,0.851063829787234,-12.22049331665039,8.400564193725586,0.0007070439751259983,9.688131332397461
4925,43.888888888888886,45,40,0.8888888888888888,13.340747833251953,12.39720344543457,0.0007012948044575751,3.5336642265319824
4926,-5.702127659574472,94,83,0.8829787234042553,-13.980721473693848,8.59804630279541,0.0007012595306150615,1.6270246505737305
4927,63.95652173913044,23,20,0.8695652173913043,-1.4150712490081787,0.5515792965888977,0.0007011183770373464,1.0599780082702637
4928,-117.26100628930818,212,201,0.9473899371069182,-18.521528244018555,15.587601661682129,0.0006903914618305862,1.471082329750061
4929,-14.092592592592595,108,102,0.9390740740740741,-1.7365230321884155,0.44670799374580383,0.0006902627064846456,2.8029837608337402
4930,38.369696969696975,55,52,0.9336969696969697,12.216666221618652,12.666738510131836,0.0006947584333829582,11.534984588623047
4931,-1.782608695652172,92,83,0.9021739130434783,6.732838153839111,2.3273561000823975,0.0006949478993192315,1.5220201015472412
4932,-118.1006289308176,212,200,0.9389937106918239,-17.18674087524414,13.682994842529297,0.0006655910983681679,3.598526954650879
4933,-14.148148148148152,108,102,0.9385185185185185,-0.12672600150108337,0.24591290950775146,0.0006652480224147439,1.7444897890090942
4934,68.9090909090909,22,20,0.9090909090909091,9.854287147521973,10.807759284973145,0.0006629358977079391,5.1958417892456055
4935,-5.702127659574472,94,83,0.8829787234042553,-10.804509162902832,5.170639991760254,0.0006630449206568301,2.05665922164917
4936,43.888888888888886,45,40,0.8888888888888888,9.28740119934082,6.835995674133301,0.0006535386200994253,6.142275810241699
4937,38.369696969696975,55,52,0.9336969696969697,0.6747610569000244,0.6830547451972961,0.0006539305904880166,3.6180055141448975
4938,46.90909090909091,44,40,0.9090909090909091,16.19860076904297,16.569379806518555,0.0007093909080140293,28.821413040161133
4939,43.888888888888886,45,40,0.8888888888888888,-2.8341197967529297,1.0148346424102783,0.000709622516296804,1.0488032102584839
4940,-14.839506172839506,108,101,0.931604938271605,-5.141406536102295,1.614167332649231,0.0007101508090272546,2.5006296634674072
4941,46.90909090909091,44,40,0.9090909090909091,0.8044071793556213,1.1108920574188232,0.0006988004897721112,0.5972860455513
4942,63.95652173913044,23,20,0.8695652173913043,-28.57657814025879,70.36154174804688,0.0007171071483753622,16.33059310913086
4943,-12.769470404984418,107,101,0.9423052959501558,3.0501484870910645,0.9441639184951782,0.0007162728579714894,2.095876455307007
4944,-14.700305810397552,109,104,0.9429969418960245,0.814807653427124,0.28367409110069275,0.0007161412504501641,0.21799859404563904
4945,-116.48499210110585,211,200,0.9451500789889415,21.62281036376953,21.458202362060547,0.0007158315856941044,7.118573188781738
4946,-1.782608695652172,92,83,0.9021739130434783,4.151157379150391,1.079143762588501,0.0007153187179937959,1.0412925481796265
4947,-3.7526881720430083,93,83,0.8924731182795699,-6.7622551918029785,2.4900896549224854,0.0007150655146688223,3.8498387336730957
4948,63.95652173913044,23,20,0.8695652173913043,-20.086605072021484,39.04582595825195,0.0007588948938064277,25.92241859436035
4949,40.91025641025641,52,49,0.9291025641025641,-37.27727127075195,115.98408508300781,0.0007635030779056251,8.586069107055664
4950,63.95652173913044,23,20,0.8695652173913043,-7.611825466156006,5.507462024688721,0.0007651490159332752,5.441931247711182
4951,-111.05501618122977,206,196,0.9494498381877022,24.023681640625,25.485591888427734,0.0007684223237447441,7.325969219207764
4952,-114.46411483253588,209,198,0.9453588516746412,11.126687049865723,5.823273658752441,0.0007543347892351449,2.475656509399414
4953,43.888888888888886,45,40,0.8888888888888888,32.16082763671875,64.04922485351562,0.0007480793283320963,5.576021194458008
4954,43.888888888888886,45,40,0.8888888888888888,34.33988952636719,75.38729858398438,0.0007489060517400503,7.352835178375244
4955,43.888888888888886,45,40,0.8888888888888888,31.06850814819336,56.446022033691406,0.0007766148773953319,22.060361862182617
4956,41.062893081761004,53,51,0.94062893081761,14.84893798828125,18.61009979248047,0.0007726037292741239,8.133320808410645
4957,-12.968847352024923,107,101,0.9403115264797508,-3.1783835887908936,0.8685374855995178,0.0007696134271100163,1.4114975929260254
4958,63.95652173913044,23,20,0.8695652173913043,10.376229286193848,10.031081199645996,0.0007705808384343982,4.277092456817627
4959,-12.271028037383175,107,102,0.9472897196261683,-7.797285556793213,3.831770181655884,0.0007650530897080898,6.599737167358398
4960,63.95652173913044,23,20,0.8695652173913043,2.656911849975586,1.213416337966919,0.0006033199606463313,2.562926769256592
4961,-115.03492063492064,210,200,0.9496507936507936,-72.35991668701172,215.40731811523438,0.0006359221297316253,23.54484748840332
4962,-1.782608695652172,92,83,0.9021739130434783,-12.596573829650879,10.889416694641113,0.000636334007140249,3.8645248413085938
4963,-117.18553459119498,212,202,0.9481446540880503,-60.60665512084961,151.09445190429688,0.000673078466206789,24.37152862548828
4964,-15.45871559633028,109,103,0.9354128440366972,-20.05545425415039,23.051591873168945,0.000672231602948159,0.4698345959186554
4965,63.95652173913044,23,20,0.8695652173913043,-10.55904483795166,8.444347381591797,0.0006722703110426664,3.4813613891601562
4966,43.888888888888886,45,40,0.8888888888888888,-14.33121395111084,12.128564834594727,0.0006744096172042191,5.882944583892822
4967,-13.35514018691589,107,101,0.9364485981308411,2.70318865776062,0.8591927886009216,0.0006615535239689052,3.4318175315856934
4968,38.18787878787879,55,52,0.9318787878787879,-19.242494583129883,32.62345504760742,0.000664742081426084,9.543867111206055
4969,-16.573573573573583,111,105,0.9442642642642642,13.868963241577148,13.261302947998047,0.0006645927205681801,4.095340728759766
4970,-16.573573573573583,111,105,0.9442642642642642,19.850961685180664,26.785724639892578,0.0006688869325444102,14.028084754943848
4971,38.369696969696975,55,52,0.9336969696969697,8.477508544921875,6.617611885070801,0.0006760378018952906,11.347898483276367
4972,-115.2063492063492,210,200,0.947936507936508,96.38957214355469,392.4316101074219,0.0006842598086223006,14.468628883361816
4973,43.888888888888886,45,40,0.8888888888888888,11.763174057006836,10.017667770385742,0.0006849571946077049,4.419673919677734
4974,-5.702127659574472,94,83,0.8829787234042553,-4.3736958503723145,1.0142689943313599,0.0006848302436992526,1.072353720664978
4975,-116.48499210110585,211,200,0.9451500789889415,32.58536911010742,46.089088439941406,0.000696611765306443,14.70911693572998
4976,43.888888888888886,45,40,0.8888888888888888,-0.05621297284960747,0.3101939260959625,0.0006965501816011965,0.35763171315193176
4977,-5.702127659574472,94,83,0.8829787234042553,-16.494182586669922,13.413307189941406,0.0006965313805267215,2.9400887489318848
4978,63.95652173913044,23,20,0.8695652173913043,0.6165967583656311,0.4500713050365448,0.0006930187228135765,1.1042230129241943
4979,41.52287581699346,51,48,0.9252287581699347,-48.310157775878906,203.3455047607422,0.0007337549468502402,26.7762508392334
4980,-112.51368760064412,207,196,0.9448631239935588,-47.09197998046875,96.19189453125,0.0007514957105740905,18.530275344848633
4981,-111.05501618122977,206,196,0.9494498381877022,-37.457523345947266,64.21240234375,0.0007001371122896671,7.057640552520752
4982,63.95652173913044,23,20,0.8695652173913043,18.562044143676758,34.4028434753418,0.000692951784003526,13.686152458190918
4983,-16.47147147147146,111,106,0.9452852852852853,1.4858955144882202,0.662908136844635,0.000689319334924221,0.9514316916465759
4984,-5.702127659574472,94,83,0.8829787234042553,-6.211899280548096,1.8292710781097412,0.0006892750971019268,0.9043871164321899
4985,0.2087912087912116,91,83,0.9120879120879121,24.028322219848633,26.76803970336914,0.0006862638401798904,3.171945095062256
4986,-1.782608695652172,92,83,0.9021739130434783,16.547800064086914,12.770666122436523,0.0006690120208077133,0.6535066366195679
4987,-11.471698113207552,106,101,0.9452830188679245,23.33479118347168,33.34622573852539,0.0006016448605805635,11.682366371154785
4988,41.01282051282051,52,49,0.9301282051282052,24.085987091064453,52.37834930419922,0.0006040167645551264,11.825504302978516
4989,38.761006289308185,53,49,0.9176100628930818,13.649847984313965,16.0163631439209,0.0006013690144754946,9.00685977935791
4990,63.95652173913044,23,20,0.8695652173913043,24.468875885009766,60.82473373413086,0.0006074510747566819,18.023475646972656
4991,38.369696969696975,55,52,0.9336969696969697,14.75926399230957,17.72309684753418,0.0006001041037961841,20.749521255493164
4992,43.888888888888886,45,40,0.8888888888888888,21.870988845825195,32.19261169433594,0.000551800534594804,7.3430585861206055
4993,38.369696969696975,55,52,0.9336969696969697,-11.662240028381348,13.477829933166504,0.0005765218520537019,21.88442611694336
4994,-3.7526881720430083,93,83,0.8924731182795699,-9.372950553894043,5.090051651000977,0.0005747076356783509,3.4738659858703613
4995,-115.81200631911533,211,201,0.9518799368088467,-9.35555362701416,6.118834495544434,0.0005725693772546947,3.0136148929595947
4996,63.95652173913044,23,20,0.8695652173913043,-11.853732109069824,12.014721870422363,0.0005726758972741663,2.286686420440674
4997,40.95652173913044,46,40,0.8695652173913043,-24.42572784423828,40.42835998535156,0.0005955887609161437,18.510950088500977
4998,43.888888888888886,45,40,0.8888888888888888,-14.993547439575195,13.248502731323242,0.000595380028244108,3.1523406505584717
4999,63.95652173913044,23,20,0.8695652173913043,-12.66651439666748,14.937952041625977,0.0005973104853183031,4.553569316864014
