episode,reward,bins,optimal_bins,utilization,actor_loss,critic_loss,gradient_variance,gradient_norm
0,40.95652173913044,46,40,0.8695652173913043,-0.47192643453308847,10.076292546875932,0.0,0.7027069926261902
1,32.03030303030303,55,48,0.8703030303030304,-2.1533391863049474,8.42583967351527,1.753511605784297e-05,3.287428855895996
2,-144.82395382395384,231,200,0.8617604617604617,-0.00656019553571241,47.58637270966574,1.7663858670857735e-05,1.2915736436843872
3,-29.301449275362316,115,99,0.8569855072463768,1.1356371144065633,0.717555652510967,1.5513256585109048e-05,0.7638212442398071
4,43.888888888888886,45,40,0.8888888888888888,1.2528529187075037,28.98165110301019,3.153348370688036e-05,4.172033786773682
5,-30.82336182336182,117,101,0.8617663817663818,0.6652383417972487,1.3221769004837138,2.793539533740841e-05,1.0425429344177246
6,59.33333333333334,24,20,0.8333333333333334,1.4668820996303111,65.27656937178637,0.0017892421456053853,48.261634826660156
7,-145.45493562231758,233,204,0.875450643776824,-0.7645003072377241,44.62126351536945,0.0015980617608875036,0.8895900249481201
8,59.33333333333334,24,20,0.8333333333333334,0.48152933816891164,38.43770253076195,0.002099687699228525,32.17979049682617
9,22.93442622950819,61,52,0.839344262295082,-1.5044947629867238,0.2240308404963436,0.0019139026990160346,2.1453561782836914
10,55.0,25,20,0.8,-0.3506946206034627,18.245859184638253,0.0017876045312732458,8.69447135925293
11,40.95652173913044,46,40,0.8695652173913043,-1.3704538336023688,2.174351646233845,0.0016510449349880219,0.7538952827453613
12,63.95652173913044,23,20,0.8695652173913043,-0.9411113013047725,19.354974362637222,0.001536090741865337,2.0459673404693604
13,40.95652173913044,46,40,0.8695652173913043,-1.6412431220524013,0.6947961523401318,0.0014347085962072015,1.6829816102981567
14,-142.6753623188406,230,201,0.8732463768115942,-2.8957001015041897,60.946925024268786,0.0013461499474942684,1.3707990646362305
15,40.95652173913044,46,40,0.8695652173913043,-1.5089069039095193,0.99150159083365,0.0012673656456172466,0.7429202198982239
16,-143.984126984127,231,202,0.8701587301587301,-1.828256315603312,53.68807246841763,0.0011971453204751015,0.7609122395515442
17,63.95652173913044,23,20,0.8695652173913043,-0.6201093421259429,33.27481802105005,0.0011343244696035981,0.9246136546134949
18,23.316384180790962,59,49,0.8231638418079096,-0.9410720697778743,0.12397593675773622,0.0010781814344227314,1.3981170654296875
19,32.03030303030303,55,48,0.8703030303030304,-0.5450761536412756,2.5001116364680476,0.0010271610226482153,0.9177194237709045
20,59.33333333333334,24,20,0.8333333333333334,0.5330598743748851,43.99713002924315,0.0009816983947530389,2.40124773979187
21,-3.7526881720430083,93,83,0.8924731182795699,-0.22448832051293266,0.21869533215335296,0.0009390836348757148,0.9256321787834167
22,-135.13095238095238,224,200,0.8886904761904761,0.39349920581162223,34.34366771115952,0.0009000058053061366,0.6310302019119263
23,-5.702127659574472,94,83,0.8829787234042553,-0.14210819561571952,0.280061374554387,0.000864007044583559,0.12596789002418518
24,38.1063829787234,47,40,0.851063829787234,0.15962785307783633,8.888665507914315,0.0008641473250463605,11.84716796875
25,40.95652173913044,46,40,0.8695652173913043,0.2886376620817259,10.223407455789316,0.0009349638130515814,21.73017692565918
26,59.33333333333334,24,20,0.8333333333333334,0.6094548902765382,42.22024937755518,0.0010042354697361588,22.01510238647461
27,-142.58260869565217,230,202,0.8741739130434782,0.3606322242258102,39.160258300487996,0.000970108900219202,0.6374768018722534
28,24.034482758620683,58,48,0.8203448275862069,-0.5593395712057827,0.11192675099157512,0.0009382275748066604,0.7194374799728394
29,-39.4731182795699,124,105,0.845268817204301,-0.6610664902909775,11.398348786200948,0.0009082836331799626,0.6476905345916748
30,-24.00595238095238,112,99,0.8799404761904762,-0.6522712281403074,6.288576772245225,0.0008801906369626522,0.5984428524971008
31,-7.631578947368411,95,83,0.8736842105263158,-0.4803501888018218,1.242882314586934,0.0008537534158676863,0.3537393808364868
32,-26.860869565217385,115,102,0.8813913043478261,-0.2768627653514386,5.238448879786941,0.0008288365788757801,0.552578330039978
33,40.95652173913044,46,40,0.8695652173913043,0.32315912819831283,8.392688104829565,0.0008915886282920837,22.306142807006836
34,38.1063829787234,47,40,0.851063829787234,0.4403502843797469,7.833890262495786,0.0008669912931509316,0.07214049994945526
35,63.95652173913044,23,20,0.8695652173913043,1.08599945730748,50.65340860712835,0.0008463899721391499,3.647568941116333
36,40.58666666666667,50,46,0.9058666666666667,-0.00011927308514714241,5.369196315315086,0.0008244115160778165,0.7670484185218811
37,-3.7526881720430083,93,83,0.8924731182795699,-0.40090825393190244,0.6204356740515959,0.0008035085047595203,1.1657953262329102
38,38.1063829787234,47,40,0.851063829787234,-0.195577827442321,3.6832049317191746,0.0007841414771974087,1.6807310581207275
39,-7.631578947368411,95,83,0.8736842105263158,-0.7397559721321159,1.8161765477652416,0.000765182136092335,0.48269122838974
40,-5.702127659574472,94,83,0.8829787234042553,-0.7225062707948382,1.7183792634387367,0.0007470464915968478,0.1260545551776886
41,40.95652173913044,46,40,0.8695652173913043,-0.5234277813160588,2.6866890978586486,0.000730251194909215,2.086045503616333
42,32.03030303030303,55,48,0.8703030303030304,-1.0238990934740286,0.13675468594493623,0.0007138384389691055,0.7658798694610596
43,-23.458333333333343,112,100,0.8854166666666666,-0.8803161455762165,6.978853663946227,0.0006980589823797345,0.3535699248313904
44,-23.30088495575221,113,102,0.8969911504424779,-0.6104463111150835,5.521881138938275,0.00068300572456792,0.6944260001182556
45,-30.31623931623932,117,102,0.8668376068376068,-0.26216590633930537,5.644566400368714,0.0006685779662802815,0.4768795967102051
46,-27.549707602339183,114,99,0.8645029239766082,0.13023692332694736,3.1306953690553017,0.0006547505618073046,0.6168428063392639
47,36.33333333333333,53,48,0.8933333333333333,0.6411739462600963,7.496266199423289,0.0006418823031708598,1.9604649543762207
48,28.039548022598865,59,52,0.8703954802259887,0.6267418895922674,5.704960986865973,0.000629142508842051,0.5475844144821167
49,-34.28374655647383,121,106,0.8671625344352617,0.7233189850812778,2.068516609596898,0.0006168571999296546,0.31659355759620667
50,-28.620689655172413,116,102,0.8737931034482759,0.5713931480213432,1.343318278190855,0.0006050647934898734,0.5264797210693359
51,38.1063829787234,47,40,0.851063829787234,0.4099830365903472,9.0250298936081,0.0005937208188697696,0.6880319118499756
52,-30.89265536723164,118,104,0.8710734463276836,0.20190258204820566,2.2315008534030447,0.0005827833665534854,0.5056737065315247
53,30.36904761904762,56,49,0.8636904761904762,0.025043641931915772,3.1222140497085404,0.0005722499336116016,0.402517169713974
54,-27.15072463768115,115,102,0.8784927536231885,-0.16596497865430138,2.523108548383373,0.000562101136893034,0.4641033113002777
55,-23.961651917404126,113,101,0.8903834808259588,-0.29807467741738947,2.291350389638733,0.0005523024592548609,0.3966938257217407
56,40.95652173913044,46,40,0.8695652173913043,-0.09364329560776241,6.083791885823587,0.0005433977930806577,2.4040656089782715
57,32.03030303030303,55,48,0.8703030303030304,-0.35152866494172486,1.0611576369704159,0.0005342324730008841,0.3686314523220062
58,59.33333333333334,24,20,0.8333333333333334,0.5521274709844874,27.395446454002766,0.0005255010328255594,1.0099118947982788
59,-27.324637681159416,115,101,0.8767536231884058,-0.6374222659592306,4.8620555529300375,0.000516926113050431,0.38267266750335693
60,-34.37741046831957,121,105,0.8662258953168044,-0.6816109614164816,7.3886432856725754,0.0005086318124085665,0.41126492619514465
61,29.876543209876544,54,46,0.8387654320987654,-0.5905669598505483,0.0484580839832347,0.0005006192368455231,0.7125504016876221
62,-136.64285714285714,224,196,0.8735714285714286,0.22900970205364501,33.515355619433386,0.0004928484559059143,0.5245364904403687
63,40.95652173913044,46,40,0.8695652173913043,-0.22074019216233864,3.965653216710109,0.0004854279977735132,1.3234646320343018
64,-132.45701357466064,221,196,0.8854298642533937,0.5244056748233561,28.809938989923488,0.0004781142924912274,0.388843297958374
65,-22.21321321321321,111,99,0.8878678678678679,-0.21613942933254293,1.9918512907365802,0.0004710280627477914,0.49029916524887085
66,23.021857923497265,61,52,0.8402185792349727,0.0024765204652794637,0.3432168280130874,0.000464128126623109,0.34258848428726196
67,25.735632183908052,58,49,0.8373563218390805,0.058861261095444206,0.8636014026924127,0.0004574698687065393,0.7518070936203003
68,-5.702127659574472,94,83,0.8829787234042553,-0.004351509323896607,0.03802736094064274,0.0004509548598434776,0.038582414388656616
69,-5.702127659574472,94,83,0.8829787234042553,0.06685968451938606,0.017377752895050225,0.00044462355435825884,0.08657415211200714
70,40.95652173913044,46,40,0.8695652173913043,0.052351538641232764,8.504638542975435,0.0004384663770906627,0.12386765331029892
71,43.888888888888886,45,40,0.8888888888888888,0.035377449730845,9.712087722321895,0.0004324795154388994,0.14433340728282928
72,-141.22416302765646,229,202,0.8777583697234352,1.0784375754265056,27.314540415557797,0.00042666340596042573,0.35454055666923523
73,59.33333333333334,24,20,0.8333333333333334,0.4122675137296028,27.56690664489296,0.0004308188217692077,10.914215087890625
74,40.95652173913044,46,40,0.8695652173913043,-0.2034011006471701,3.8734674342491604,0.00042516860412433743,0.5174186825752258
75,38.1063829787234,47,40,0.851063829787234,-0.4222939135906927,1.7290524511007495,0.0004196853842586279,0.8590238094329834
76,-146.35612535612535,234,206,0.8764387464387464,0.38252843604459486,35.3296767889285,0.0004143152618780732,0.2936760187149048
77,23.316384180790962,59,49,0.8231638418079096,-1.0588066105556209,2.839325996217269,0.00040911007090471685,0.6588691473007202
78,40.95652173913044,46,40,0.8695652173913043,-0.8687729438534006,1.1392862758358433,0.0004040219646412879,0.26254376769065857
79,-9.541666666666657,96,83,0.8645833333333334,-0.8148809319482098,2.3931256313346143,0.00039905295125208795,0.13107751309871674
80,59.33333333333334,24,20,0.8333333333333334,0.0822769773658365,14.407515631569709,0.000394209724618122,0.6895622611045837
81,63.95652173913044,23,20,0.8695652173913043,-0.5241725284722634,18.94765459625546,0.00038947651046328247,0.24438706040382385
82,23.021857923497265,61,52,0.8402185792349727,-0.8458743600931484,2.0982225229073777,0.0003849038330372423,0.7260188460350037
83,40.95652173913044,46,40,0.8695652173913043,-0.5885362443368649,1.4256597479225235,0.0003804130246862769,0.42516466975212097
84,-33.31932773109243,119,103,0.8568067226890757,-0.4692650839022292,7.764130757177985,0.0003760096151381731,0.3047690987586975
85,-18.584097859327215,109,99,0.9041590214067279,-0.3827312693156273,2.731040974397845,0.000371706613805145,0.412009596824646
86,59.33333333333334,24,20,0.8333333333333334,0.26439545393407116,18.692817312258924,0.00036765827098861337,1.7547513246536255
87,-3.7526881720430083,93,83,0.8924731182795699,-0.2497749787316934,0.4209933573599194,0.0003635369648691267,0.18660755455493927
88,-7.631578947368411,95,83,0.8736842105263158,-0.19666552900466128,0.5746085486683817,0.0003595185116864741,0.3605388104915619
89,33.67901234567901,54,48,0.8767901234567901,0.046588381428591674,0.5895098209702074,0.00035558169474825263,0.4379597008228302
90,-34.37741046831957,121,105,0.8662258953168044,0.041569603210518835,2.553072888966572,0.0003517352160997689,0.2314024120569229
91,-137.0353982300885,226,202,0.889646017699115,0.7069749101722778,23.977451891532507,0.0003479612059891224,0.3082853853702545
92,40.95652173913044,46,40,0.8695652173913043,0.07124340553127695,5.092922538073726,0.00034426688216626644,0.04598366469144821
93,-9.541666666666657,96,83,0.8645833333333334,-0.09553204899020784,0.10786530579623244,0.00034065128420479596,0.25164559483528137
94,63.95652173913044,23,20,0.8695652173913043,1.2618026067357277,28.68212131657254,0.00033764843828976154,2.708056688308716
95,-136.52592592592595,225,200,0.8847407407407407,0.6709229686130129,21.713042245591772,0.0003341850242577493,0.352338969707489
96,23.185792349726768,61,52,0.8418579234972677,-0.152438233315479,0.5111463913590626,0.0003307861043140292,0.3973812162876129
97,-132.93423019431987,223,201,0.9006576980568012,0.463688442541752,19.608623186608437,0.0003274593618698418,0.4243719279766083
98,43.888888888888886,45,40,0.8888888888888888,-0.40523870095057646,1.6971358916360835,0.00032418931368738413,0.20317663252353668
99,-135.73481481481483,225,201,0.8926518518518518,0.16144507905573846,19.729019897866387,0.0003211252042092383,1.6281818151474
100,-138.4273127753304,227,202,0.885726872246696,0.2853188874209991,20.097491485083843,0.00032109610037878156,0.5303181409835815
101,40.95652173913044,46,40,0.8695652173913043,-0.6505756928745541,1.3149317571484167,0.00032050913432613015,0.4440465271472931
102,63.95652173913044,23,20,0.8695652173913043,-0.05812718870583922,11.94771842552912,0.0003214838507119566,4.0194010734558105
103,-3.7526881720430083,93,83,0.8924731182795699,-0.817152819592593,0.09159728546607403,0.00032145000295713544,0.40320834517478943
104,-134.97023809523807,224,200,0.8902976190476191,0.28565428955698735,15.98466168215736,0.0003203568630851805,0.42278584837913513
105,-136.52592592592595,225,200,0.8847407407407407,0.3442030945643637,15.745181552938108,0.000320295337587595,0.3987036645412445
106,59.33333333333334,24,20,0.8333333333333334,-0.23468550096731633,5.722642797566209,0.00017840573855210096,1.2122529745101929
107,22.88700564971751,59,49,0.8188700564971751,-1.1524838157638442,2.1564380209381966,0.00017835042672231793,0.6147816777229309
108,63.95652173913044,23,20,0.8695652173913043,0.27279266610275954,11.250670246100169,0.00011555295350262895,0.4375069737434387
109,-36.087431693989075,122,105,0.8591256830601093,-0.6497097933236091,0.46684321678103036,0.00011529208859428763,0.6103022694587708
110,-7.631578947368411,95,83,0.8736842105263158,-0.5309261707752739,0.055348551620416846,0.00011069331230828539,0.14954723417758942
111,38.1063829787234,47,40,0.851063829787234,-0.22774157697858755,2.145301478317673,0.00011069056927226484,0.6927325129508972
112,30.845238095238102,56,49,0.868452380952381,-0.07373795024614083,0.7161050408467275,0.00011046834697481245,0.9131709337234497
113,63.95652173913044,23,20,0.8695652173913043,1.0211444311826199,15.097702807080317,0.00011098838149337098,3.2951767444610596
114,-25.380116959064324,114,102,0.8861988304093568,-0.24081705508069717,0.16848592976511692,0.00011087951861554757,0.580793559551239
115,-138.45080763582968,227,202,0.8854919236417034,1.1264498530490528,12.443614878479266,0.00011085161531809717,0.3625544607639313
116,46.90909090909091,44,40,0.9090909090909091,-1.022569108128664,0.35240429880644086,0.00011085382720921189,0.8274184465408325
117,40.95652173913044,46,40,0.8695652173913043,-1.195221335045062,0.1564932109132542,0.00011085784353781492,0.6920450925827026
118,-9.541666666666657,96,83,0.8645833333333334,-0.8379031275890156,0.8972531199531659,0.00011409686703700572,7.41379451751709
119,23.316384180790962,59,49,0.8231638418079096,-0.7730605429969728,5.49409340606681,0.00011435353371780366,2.340427875518799
120,59.33333333333334,24,20,0.8333333333333334,0.5515688653249526,3.837690684050756,0.00011434902262408286,2.3827333450317383
121,-142.6969696969697,231,204,0.883030303030303,1.5225534551664168,11.796716609190854,0.00011432255269028246,0.32729774713516235
122,-9.541666666666657,96,83,0.8645833333333334,0.2844517629855545,0.33258144723592054,0.00011430429003667086,0.36514967679977417
123,40.95652173913044,46,40,0.8695652173913043,0.6299463094894691,5.2806067505786025,0.00011435351188993081,0.8666505813598633
124,55.0,25,20,0.8,1.3339880763087422,8.928347092773151,0.00010633835336193442,2.7499098777770996
125,59.33333333333334,24,20,0.8333333333333334,0.6293757637176896,5.720384845410592,7.761568849673495e-05,1.2400363683700562
126,59.33333333333334,24,20,0.8333333333333334,-0.005834998868522234,0.7120064668398403,4.8247791710309684e-05,1.8279012441635132
127,55.0,25,20,0.8,-0.7993017769185826,1.4918703977701853,4.826554504688829e-05,0.9851627349853516
128,-5.702127659574472,94,83,0.8829787234042553,-0.887701811556326,1.8285177040978695,4.828343662666157e-05,1.0315552949905396
129,-3.7526881720430083,93,83,0.8924731182795699,-0.9457524866993481,1.9867095332206128,4.827012162422761e-05,0.5782689452171326
130,40.95652173913044,46,40,0.8695652173913043,-1.2019600086496212,1.7177121688516763,4.8260575567837805e-05,0.6104764938354492
131,63.95652173913044,23,20,0.8695652173913043,-0.6195245458511636,0.16550490897645886,4.829115641769022e-05,0.8148757219314575
132,28.26190476190476,56,48,0.8426190476190476,-0.3480743838881608,7.059720634500906,4.8367954150307924e-05,1.3393608331680298
133,-7.631578947368411,95,83,0.8736842105263158,0.13898253891193235,0.17301713991561343,1.8041571820504032e-05,0.16790881752967834
134,-3.7526881720430083,93,83,0.8924731182795699,0.448437863702452,0.12031107495780068,1.8047381672658958e-05,0.24216900765895844
135,27.954022988505756,58,51,0.8595402298850575,0.9480428982578815,3.2596248594578623,1.7282798580708914e-05,1.2212293148040771
136,-9.541666666666657,96,83,0.8645833333333334,0.5480644615399797,0.11836154906105745,1.7238508007721975e-05,0.22043588757514954
137,40.95652173913044,46,40,0.8695652173913043,0.41623486641037744,8.053032900896294,1.7236416169907898e-05,1.0299534797668457
138,-17.53211009174312,109,100,0.9146788990825688,0.4250102910928035,0.5728491404026989,1.7060790924006142e-05,0.4063553810119629
139,59.33333333333334,24,20,0.8333333333333334,0.08475976233603433,16.036505295841458,1.7039046724676155e-05,0.1487508863210678
140,40.95652173913044,46,40,0.8695652173913043,-0.3563828842015937,1.743610204328327,1.7043243133230135e-05,0.4142494201660156
141,40.95652173913044,46,40,0.8695652173913043,-0.6875079715828178,0.4616943458590228,1.6785405023256317e-05,0.42500174045562744
142,-25.555555555555557,114,101,0.8844444444444445,-1.0947244756716827,3.422079308868465,1.6768961359048262e-05,0.44627898931503296
143,-7.631578947368411,95,83,0.8736842105263158,-1.0894541698744433,1.552737044829003,1.6767971828812733e-05,0.2656956911087036
144,-130.1909090909091,220,198,0.898090909090909,-0.12566447805852476,20.309253934031073,1.675943349255249e-05,0.46444448828697205
145,59.33333333333334,24,20,0.8333333333333334,-0.2543735601939261,1.9716023485183314,1.6907059034565464e-05,1.5295354127883911
146,30.461988304093566,57,51,0.8746198830409356,-0.6165202362235505,2.904925857452768,1.6962176232482307e-05,1.132167935371399
147,63.95652173913044,23,20,0.8695652173913043,0.2418670652914443,6.355838518510149,8.208182407543063e-05,32.74243927001953
148,-3.7526881720430083,93,83,0.8924731182795699,-0.2735951356080477,0.08282807728956243,8.206234633689746e-05,0.14660170674324036
149,-3.7526881720430083,93,83,0.8924731182795699,-0.13986691738864465,0.02158138680569177,8.206050551962107e-05,0.17865993082523346
150,30.72619047619048,56,49,0.8672619047619048,0.16796369125222554,0.13503416955005676,8.273933781310916e-05,3.5023481845855713
151,63.95652173913044,23,20,0.8695652173913043,0.6894768839847529,9.011504891727133,8.295187581097707e-05,1.9155410528182983
152,43.888888888888886,45,40,0.8888888888888888,-0.27461669097829144,1.7637489038971772,8.293985592899844e-05,0.36020180583000183
153,-26.10526315789474,114,101,0.8789473684210526,0.2511591574657359,0.653289453440804,8.30970675451681e-05,1.6316587924957275
154,27.870056497175142,59,52,0.8687005649717514,-0.3691330186811683,1.6196837796666017,8.321306813741103e-05,1.512864351272583
155,63.95652173913044,23,20,0.8695652173913043,-0.3192194249932072,1.9400293581158101,8.320334018208086e-05,0.29961493611335754
156,40.95652173913044,46,40,0.8695652173913043,-0.7674584957576371,0.1038189979902287,8.287176751764491e-05,0.5681132078170776
157,55.0,25,20,0.8,-0.33505438008432975,0.04175911780629882,8.287400123663247e-05,0.4395633935928345
158,-11.432989690721655,97,83,0.8556701030927835,-0.3428575213874865,0.5675333908687024,8.283815259346738e-05,0.6263565421104431
159,37.314465408805034,53,48,0.9031446540880503,-0.610860348897404,0.25107277527907,8.301982597913593e-05,1.7402070760726929
160,38.74358974358975,52,48,0.9074358974358975,-0.3148642308806302,0.3155501014675437,8.324645750690252e-05,1.937579870223999
161,63.95652173913044,23,20,0.8695652173913043,0.6417815916356631,8.935743575924507,8.388698188355193e-05,3.2535557746887207
162,40.95652173913044,46,40,0.8695652173913043,-0.22889281481911894,2.4637425882480946,9.607947140466422e-05,14.127548217773438
163,38.1063829787234,47,40,0.851063829787234,-0.23361959560133982,1.243790077588443,9.598335600458086e-05,0.2734093964099884
164,59.33333333333334,24,20,0.8333333333333334,0.3480780603858875,2.4637182841362844,9.599177428754047e-05,0.6346081495285034
165,63.95652173913044,23,20,0.8695652173913043,0.05812340005650185,2.1049514882153204,9.780643449630588e-05,5.521767616271973
166,-16.179012345679013,108,100,0.9182098765432098,0.32434943316184217,0.23339981344828242,9.797307575354353e-05,1.613222360610962
167,31.084848484848493,55,48,0.8608484848484849,-1.298102191009093,7.201852879246882,9.856827091425657e-05,3.2324910163879395
168,35.33333333333334,48,40,0.8333333333333334,-1.1986219552054536,0.5296670850329122,9.86110680969432e-05,0.8382112383842468
169,-116.86349206349206,210,196,0.9313650793650794,1.8262511182892922,8.153723218155136,9.88630490610376e-05,2.0400452613830566
170,38.74358974358975,52,48,0.9074358974358975,-0.38108462866875925,0.14536747263273206,9.928666986525059e-05,2.6246578693389893
171,55.0,25,20,0.8,0.587930261506699,1.7197746907314126,0.00010093924356624484,5.184637546539307
172,55.0,25,20,0.8,0.6733290692791343,2.7158324179614795,0.00010096963524119928,0.8230006694793701
173,-26.339130434782604,115,103,0.8866086956521739,0.8574536378291668,0.1651419239885712,9.447348566027358e-05,3.6972804069519043
174,-3.7526881720430083,93,83,0.8924731182795699,0.10736632104817545,0.04296058804463243,9.447027696296573e-05,0.5052062273025513
175,34.1111111111111,54,48,0.8811111111111111,-0.3195301079067576,0.24847136769369005,9.45740903262049e-05,1.6607630252838135
176,59.33333333333334,24,20,0.8333333333333334,-0.060370060622517485,1.111917952755862,9.460681758355349e-05,0.8365147113800049
177,-16.0091743119266,109,102,0.929908256880734,0.17241804345030687,0.19456795319196718,9.470226359553635e-05,1.4443516731262207
178,39.05128205128206,52,48,0.9105128205128206,-0.6895456335987546,0.6320918811354126,9.53936978476122e-05,3.4039556980133057
179,-14.641975308641975,108,101,0.9335802469135802,0.009709809941341518,0.3004337822005305,9.555184078635648e-05,1.6258357763290405
180,37.314465408805034,53,48,0.9031446540880503,-0.5977133708220208,0.61148639977315,9.590177796781063e-05,2.5198800563812256
181,-3.7526881720430083,93,83,0.8924731182795699,-0.28907952509598545,0.21754458163259824,9.590043919160962e-05,0.17110995948314667
182,-116.81904761904762,210,196,0.9318095238095238,0.5245432092287956,13.065476186222995,9.589950059307739e-05,0.6307754516601562
183,-19.630630630630634,111,102,0.9136936936936937,0.20262335210645688,0.2555169800300341,9.593577851774171e-05,0.8104103207588196
184,-14.45171339563862,107,100,0.9254828660436137,0.2061307683184168,0.0860950177632119,9.604208025848493e-05,1.342142105102539
185,46.90909090909091,44,40,0.9090909090909091,-0.19496872660965892,3.9252242793273564,9.644591773394495e-05,2.6026463508605957
186,55.0,25,20,0.8,0.3731565648486139,2.448661670004981,9.642558143241331e-05,1.6732078790664673
187,-17.85454545454546,110,102,0.9214545454545454,0.11122063309085206,0.16187582004853218,9.646104444982484e-05,0.7815985083580017
188,-123.0,217,204,0.94,0.20730481416899238,13.591520050122762,9.653266170062125e-05,1.0978482961654663
189,40.95652173913044,46,40,0.8695652173913043,-0.30492341732315253,1.0222914977036623,9.660183422965929e-05,1.1261231899261475
190,-117.36018957345972,211,198,0.9363981042654028,0.06918473557198013,11.61555075747336,9.769506868906319e-05,4.239389896392822
191,38.1063829787234,47,40,0.851063829787234,-0.38538255399089394,0.2893470142511424,9.769688040250912e-05,0.3860284984111786
192,-9.541666666666657,96,83,0.8645833333333334,-0.30114419735355114,0.657268633124067,9.770163160283118e-05,0.28664630651474
193,-121.58294573643411,215,201,0.9341705426356589,0.2471990667809223,10.468617657946364,9.781045810086653e-05,1.358872890472412
194,-125.77064220183486,218,202,0.9222935779816513,0.4253190762706254,10.683346793180348,9.740755922393873e-05,0.8114319443702698
195,59.33333333333334,24,20,0.8333333333333334,0.20878635205008322,1.9608649460711653,9.753597987582907e-05,1.5338351726531982
196,68.9090909090909,22,20,0.9090909090909091,0.2332857763103675,5.6097075223629815,9.835055243456736e-05,3.6207034587860107
197,-122.4108527131783,215,200,0.925891472868217,0.41909388616457477,6.927944739432189,9.87863022601232e-05,2.663050413131714
198,-122.94135802469135,216,202,0.9305864197530864,0.4144003502489113,6.25226285255347,9.885286999633536e-05,1.0300099849700928
199,43.18300653594771,51,49,0.9418300653594771,-0.751556962626637,0.5473710628394066,0.00010013587598223239,4.928768157958984
200,-3.7526881720430083,93,83,0.8924731182795699,-0.22157651986344717,0.17847794246140802,0.0001001189011731185,0.4025636315345764
201,40.95652173913044,46,40,0.8695652173913043,-0.784690621716436,0.14148392065655457,0.00010012265556724742,0.5740058422088623
202,-5.702127659574472,94,83,0.8829787234042553,0.015121132588518549,0.047981767474930555,9.912278619594872e-05,0.24038036167621613
203,-9.541666666666657,96,83,0.8645833333333334,0.1147290477383649,0.06256188101451166,9.912154928315431e-05,0.3522336781024933
204,-123.67283950617283,216,200,0.9232716049382717,0.8082913004207057,2.5869046239928304,9.985138603951782e-05,3.478282928466797
205,-120.2394366197183,213,198,0.9276056338028169,0.8732140649544817,2.0428292256575213,0.00010044540249509737,3.082282543182373
206,-115.37320574162679,209,196,0.936267942583732,0.7619514268699277,1.6205464467516997,0.0001004527512122877,1.2722734212875366
207,41.52287581699346,51,48,0.9252287581699347,0.13490372216983815,1.560775369406545,0.00010072941950056702,2.26293683052063
208,30.54022988505747,58,52,0.8854022988505748,0.40317220958240796,0.21318301054895272,0.0001008677136269398,1.6357876062393188
209,-3.7526881720430083,93,83,0.8924731182795699,0.04545176954343333,0.03721660371750701,0.00010084284440381452,0.29123640060424805
210,-5.702127659574472,94,83,0.8829787234042553,-0.0978958931109446,0.3055003900833104,0.00010086830297950655,0.713074266910553
211,-5.702127659574472,94,83,0.8829787234042553,-0.21766853788722074,0.5829267850158795,0.00010084686800837517,0.19469887018203735
212,-21.44642857142857,112,102,0.9055357142857143,-0.11785951394085714,1.2370745398415308,0.00010104662942467257,1.9409568309783936
213,55.0,25,20,0.8,-0.9549809613308753,3.4106427745523593,0.0001004471123451367,1.3628524541854858
214,59.33333333333334,24,20,0.8333333333333334,-0.5009376232046634,0.849800408406054,0.00010100194776896387,3.015418529510498
215,40.95652173913044,46,40,0.8695652173913043,-0.4137293505264097,0.058072070543085275,0.00010099561768583953,0.3639415502548218
216,-115.37320574162679,209,196,0.936267942583732,-0.1674332236018472,6.071208123910061,0.00010128900612471625,2.3510677814483643
217,-1.782608695652172,92,83,0.9021739130434783,0.22667586326110722,0.03234576755587561,0.00010126436245627701,0.3560200035572052
218,-5.702127659574472,94,83,0.8829787234042553,0.29800254577276064,0.05195504385968541,9.79297692538239e-05,0.26159530878067017
219,40.95652173913044,46,40,0.8695652173913043,0.5468730338616297,2.448495039618095,9.765391587279737e-05,0.6364847421646118
220,40.95652173913044,46,40,0.8695652173913043,0.56416096448811,2.495687764605908,9.739493543747813e-05,1.0760208368301392
221,-20.964285714285708,112,103,0.9103571428571429,0.23300748371184454,0.05754095577985474,9.749019955052063e-05,1.2584068775177002
222,-128.18853695324285,221,206,0.9281146304675716,-0.20433167495195903,8.761342036901059,9.811436029849574e-05,3.2456085681915283
223,-5.702127659574472,94,83,0.8829787234042553,0.2101215299553587,0.13613322534311378,9.807136666495353e-05,0.3897993564605713
224,38.1063829787234,47,40,0.851063829787234,0.11509278753442231,0.5128688212443608,9.764241985976696e-05,0.5858058929443359
225,38.1063829787234,47,40,0.851063829787234,-0.006408380635548383,0.3116809829639209,9.757254883879796e-05,0.6122192144393921
226,30.845238095238102,56,49,0.868452380952381,0.12407929515757132,1.2429251424527905,9.75318907876499e-05,1.6968132257461548
227,-7.631578947368411,95,83,0.8736842105263158,-0.008376997525374463,0.7100712810812975,9.756514918990433e-05,1.1093300580978394
228,-113.92307692307692,208,196,0.9407692307692308,-0.15164066917486707,4.955858999008137,9.75855509750545e-05,1.0329493284225464
229,32.45911949685535,53,46,0.8545911949685535,-0.7760596524749417,2.031412138050939,0.00010027435200754553,6.666216850280762
230,59.33333333333334,24,20,0.8333333333333334,-0.10002938430989161,2.374204619908049,0.00010101110819960013,3.496860980987549
231,-115.41786283891547,209,196,0.9358213716108453,-0.06805552971991347,3.638549190292094,0.00010122204548679292,1.9608087539672852
232,-23.857971014492747,115,105,0.9114202898550725,-0.03791163751066051,0.09665415609051752,0.00010122104868059978,1.1264572143554688
233,40.95652173913044,46,40,0.8695652173913043,-0.3750468056632599,1.5704132298354452,0.00010173568443860859,2.8643999099731445
234,40.95652173913044,46,40,0.8695652173913043,-0.29125277147977613,1.6697243258006793,0.00010177982767345384,0.8867507576942444
235,63.95652173913044,23,20,0.8695652173913043,0.16964918380836025,8.301905541952102,0.00010259737609885633,3.8283791542053223
236,35.1025641025641,52,46,0.8710256410256411,-0.6618275558794267,0.19280943372784165,0.00010259861301165074,0.47756919264793396
237,-13.822429906542055,107,100,0.9317757009345794,0.10817485386360204,0.36208443602287765,0.00010272294457536191,1.7495719194412231
238,-14.320872274143298,107,100,0.926791277258567,0.14906664670343162,0.2014699847258028,0.00010280057176714763,1.236746907234192
239,-3.7526881720430083,93,83,0.8924731182795699,-0.09445487603079528,0.13886793775277706,0.00010281027061864734,0.36687543988227844
240,-7.631578947368411,95,83,0.8736842105263158,-0.15899842339149473,0.5310844254726937,0.0001028119950206019,0.4570417106151581
241,37.314465408805034,53,48,0.9031446540880503,-0.8944799496384803,0.7792248958394232,0.00010362447937950492,3.69092059135437
242,-116.81904761904762,210,196,0.9318095238095238,0.3952578190364875,3.2718913772735663,0.00010381147149018943,1.728154182434082
243,-12.582554517133957,107,102,0.9441744548286605,0.4786619106926082,0.18513713180340294,0.00010388198279542848,1.1075928211212158
244,55.0,25,20,0.8,-0.29127785356831737,1.3991365962393303,0.00010453660797793418,3.2889060974121094
245,40.58666666666667,50,46,0.9058666666666667,-0.5032959892632789,0.10625978173939998,0.00010463826038176194,1.9594569206237793
246,-19.144144144144136,111,103,0.9185585585585586,0.5362721870660607,0.08367834816858988,0.0001046329562086612,0.822933554649353
247,38.1063829787234,47,40,0.851063829787234,-0.33104032620758517,0.8407291092522513,3.926098725060001e-05,1.2471380233764648
248,-3.7526881720430083,93,83,0.8924731182795699,0.20610648934234632,0.06803946723285592,3.9259568438865244e-05,0.14940443634986877
249,-23.759420289855072,115,106,0.9124057971014493,0.35293512858334,0.18686827646140358,3.929975355276838e-05,0.8079680800437927
250,-1.782608695652172,92,83,0.9021739130434783,0.14397071500843595,0.08062616010411938,3.858671698253602e-05,0.43632668256759644
251,59.33333333333334,24,20,0.8333333333333334,0.012284808093681931,3.3548830591007572,3.967927841586061e-05,4.730159282684326
252,38.32098765432099,54,51,0.9232098765432099,-0.30630419617227744,0.09342652112518834,4.001427805633284e-05,2.5390045642852783
253,63.95652173913044,23,20,0.8695652173913043,-0.03121056804957334,3.09274935544244,4.004846778116189e-05,1.6772798299789429
254,38.1063829787234,47,40,0.851063829787234,-0.623773049126612,0.03327681235516167,3.9940307033248246e-05,0.300828218460083
255,34.641975308641975,54,48,0.8864197530864197,-0.9646908895592787,3.093447260409654,4.254193481756374e-05,6.463578701019287
256,38.1063829787234,47,40,0.851063829787234,-0.5985666048509302,0.025948820542566864,4.252691360306926e-05,0.18282847106456757
257,37.62893081761007,53,49,0.9062893081761006,-0.39582896073989104,0.4465704042478009,4.305240508983843e-05,3.058751106262207
258,-5.702127659574472,94,83,0.8829787234042553,0.08659213366581753,0.607700374121712,4.30569052696228e-05,0.8045303225517273
259,-1.782608695652172,92,83,0.9021739130434783,0.2801561136698183,0.12491453880593983,4.29076753789559e-05,0.4114283621311188
260,-3.7526881720430083,93,83,0.8924731182795699,0.35045928237741464,0.0919772904678764,4.268209886504337e-05,0.3772442042827606
261,-27.319088319088323,117,106,0.8968091168091168,0.3682643070969789,0.4759972045212436,4.202316631563008e-05,0.5712918639183044
262,-122.4108527131783,215,200,0.925891472868217,0.43766604129837106,6.056920198324832,3.005088547070045e-05,1.8979527950286865
263,-11.471698113207552,106,101,0.9452830188679245,0.4908515131355671,0.27593650142178294,3.0195442377589643e-05,1.4874050617218018
264,27.954022988505756,58,51,0.8595402298850575,0.7979811348509429,1.4517317801419358,3.08172166114673e-05,3.411015748977661
265,-15.222222222222214,108,101,0.9277777777777778,0.32937565627617005,0.061300713535675344,2.9117183657945134e-05,1.4777917861938477
266,40.95652173913044,46,40,0.8695652173913043,0.17454078867740463,3.8348677672740226,2.896161277021747e-05,0.15749473869800568
267,-16.179012345679013,108,100,0.9182098765432098,-0.007567985700916324,0.460767634719073,2.8525106245069765e-05,1.4884620904922485
268,40.95652173913044,46,40,0.8695652173913043,-0.13719261880032718,1.8175543939945298,2.8670638130279258e-05,1.6483557224273682
269,40.58666666666667,50,46,0.9058666666666667,-0.45229516866311315,0.04199405149083457,2.8579910576809198e-05,1.6725865602493286
270,-7.631578947368411,95,83,0.8736842105263158,-0.3408988917071838,1.3740017478772837,2.822668284352403e-05,0.7699333429336548
271,-5.702127659574472,94,83,0.8829787234042553,-0.36583344406727747,1.23801576403035,2.6768777388497256e-05,1.8805288076400757
272,37.62893081761007,53,49,0.9062893081761006,-0.6136185474979357,0.3245584630119618,2.6740926841739565e-05,0.8088268637657166
273,-14.894080996884739,107,99,0.9210591900311527,-0.2871857004361118,1.6810396840311232,2.597737875476014e-05,0.9698750972747803
274,28.20467836257309,57,49,0.8520467836257309,-0.5148020474971418,0.708867950715593,2.651206887094304e-05,2.8997578620910645
275,-20.22619047619048,112,104,0.9177380952380952,-0.10242780767748627,0.8995960770357122,2.649570524226874e-05,1.4074369668960571
276,59.33333333333334,24,20,0.8333333333333334,0.6159803100163117,9.912357154445193,2.8254607968847267e-05,5.337555408477783
277,-13.35514018691589,107,101,0.9364485981308411,0.14423040660767583,0.042760801802338134,2.82532910205191e-05,1.3525904417037964
278,-123.67283950617283,216,200,0.9232716049382717,-0.1465983362904808,7.442831081763904,2.8190313969389535e-05,3.137988567352295
279,-11.432989690721655,97,83,0.8556701030927835,0.004598842844643514,0.35709325136069814,2.8070811822544783e-05,0.8228468298912048
280,38.369696969696975,55,52,0.9336969696969697,0.23943338296137995,3.311580284471216,3.0257473554229364e-05,6.545970439910889
281,43.888888888888886,45,40,0.8888888888888888,-0.17719531945294875,4.375611529153957,8.06823736638762e-05,28.780776977539062
282,36.77358490566037,53,48,0.8977358490566038,-0.20545009223860689,0.8142763663024546,8.160800643963739e-05,4.112513542175293
283,-14.641975308641975,108,101,0.9335802469135802,0.20029598224209622,0.09311177691269634,8.167931082425639e-05,1.121667742729187
284,-5.702127659574472,94,83,0.8829787234042553,-0.12225296838460054,0.3890708904732395,8.157388947438449e-05,0.1200869083404541
285,40.95652173913044,46,40,0.8695652173913043,-0.6087831821350846,1.0345941898095816,8.124367741402239e-05,0.9371189475059509
286,-121.58294573643411,215,201,0.9341705426356589,0.13799121489665822,6.013332005354871,8.265938959084451e-05,5.2931809425354
287,46.90909090909091,44,40,0.9090909090909091,-0.720200605042919,1.6435788486848537,8.270770194940269e-05,1.078447699546814
288,-13.025157232704402,106,99,0.929748427672956,0.12363299944263417,0.6384832131231462,8.287652599392459e-05,1.8431940078735352
289,43.888888888888886,45,40,0.8888888888888888,-0.6083893744762463,0.8556523708580548,8.292379061458632e-05,1.127569556236267
290,63.95652173913044,23,20,0.8695652173913043,-0.48151297148433514,4.201860351042001,8.297775639221072e-05,4.248644828796387
291,38.1063829787234,47,40,0.851063829787234,-0.5724713649397017,0.13042917087878436,8.298484317492694e-05,0.38510119915008545
292,-115.81200631911533,211,201,0.9518799368088467,0.27948765614110016,4.27619766778493,8.532488573109731e-05,6.348995208740234
293,63.95652173913044,23,20,0.8695652173913043,-0.19739781838143244,3.96454993328328,8.52572702569887e-05,1.4431260824203491
294,38.1063829787234,47,40,0.851063829787234,-0.4274121740818373,0.12159803886333087,8.522791176801547e-05,0.17899656295776367
295,-114.28253968253969,210,202,0.9571746031746031,0.4050838510615904,3.8649274336048545,8.5402287368197e-05,2.288248062133789
296,-10.047619047619051,105,100,0.9495238095238095,0.30343529639355893,0.2901103176949894,8.475290087517351e-05,0.8355193734169006
297,38.09090909090909,55,52,0.9309090909090909,0.05172049230168341,0.1984887617400375,8.464841812383384e-05,2.0549137592315674
298,68.9090909090909,22,20,0.9090909090909091,0.025889906810789398,5.76313138627235,8.479040116071701e-05,2.1696293354034424
299,63.95652173913044,23,20,0.8695652173913043,-0.03640176495537162,2.1317762010529577,8.323565998580307e-05,1.247025966644287
300,43.888888888888886,45,40,0.8888888888888888,-0.40940133251388033,0.08120269555064352,8.325165981659666e-05,0.5317927002906799
301,-3.7526881720430083,93,83,0.8924731182795699,-0.07293688692882228,1.3413732139817325,8.331783465109766e-05,1.1089128255844116
302,38.15723270440252,53,49,0.9115723270440251,-0.7271945013981167,3.3018107926607145,8.779710333328694e-05,8.802146911621094
303,59.33333333333334,24,20,0.8333333333333334,-0.31940795577247627,0.046740249882873286,8.791314758127555e-05,1.1862843036651611
304,-116.48499210110585,211,200,0.9451500789889415,0.1878599967756145,3.6771756523939576,0.0001324184995610267,27.174779891967773
305,36.77358490566037,53,48,0.8977358490566038,-0.2704810264403932,0.39756717188677726,0.0001319716830039397,1.2516882419586182
306,40.95652173913044,46,40,0.8695652173913043,-0.19463366500713164,1.069470155102934,0.0001318551949225366,0.12563477456569672
307,33.09356725146199,57,52,0.9009356725146199,0.40679242947953753,0.527766794319966,0.0001325603952864185,3.96271014213562
308,45.16,50,48,0.9516,0.11753581190714613,2.4912983273123928,0.00013297502300702035,3.0366592407226562
309,-5.702127659574472,94,83,0.8829787234042553,0.17046868893521605,0.0286693537987307,0.00013296566612552851,0.21240557730197906
310,-5.702127659574472,94,83,0.8829787234042553,0.09222206224694673,0.08123139231946118,0.00013292842777445912,0.49983862042427063
311,-10.880503144654085,106,101,0.9511949685534591,0.26086262315311615,0.23635621026067594,0.00013294199015945196,0.5966057181358337
312,-114.25714285714285,210,202,0.9574285714285714,0.3576604193140156,2.646709799115359,0.00013294495875015855,1.4913071393966675
313,-7.631578947368411,95,83,0.8736842105263158,-0.10655647734893137,0.6846573665239941,0.00013295112876221538,1.3712331056594849
314,-7.631578947368411,95,83,0.8736842105263158,-0.1704558392711295,0.899264675775808,0.00013247555762063712,0.38423070311546326
315,-12.769470404984418,107,101,0.9423052959501558,0.11813188542691933,0.21314809378651267,0.00013259834668133408,1.4759306907653809
316,-12.44654088050315,106,100,0.9355345911949685,0.07017164065200632,0.3550222942311044,0.00013239971303846687,1.717332124710083
317,38.369696969696975,55,52,0.9336969696969697,-0.39806736548780464,0.624721215590057,0.00013517637853510678,6.691074848175049
318,-9.237179487179489,104,99,0.9476282051282051,0.07292737609623146,0.09775369375442756,0.00013524561654776335,1.0205163955688477
319,-5.702127659574472,94,83,0.8829787234042553,-0.1413066116515438,0.48398300825594903,0.00013529130956158042,0.9834669828414917
320,63.95652173913044,23,20,0.8695652173913043,-0.22828107385430485,2.83000190559477,0.00013531088188756257,0.8695929646492004
321,63.95652173913044,23,20,0.8695652173913043,-0.12312145672331098,3.088062436581801,0.00013878826575819403,7.828292369842529
322,-5.702127659574472,94,83,0.8829787234042553,-0.13973661174441077,0.40398235364315527,0.0001380857574986294,0.5914934277534485
323,-12.840978593272169,109,105,0.9615902140672783,0.07992709970494616,0.030413593879361045,0.00013821448374073952,1.6701838970184326
324,40.95652173913044,46,40,0.8695652173913043,-0.5848599868586462,0.14405729530813208,0.00013839855091646314,1.5200419425964355
325,44.69333333333333,50,48,0.9469333333333333,-0.6423781646954012,0.15695135737228583,0.00014273363922256976,8.484487533569336
326,-14.148148148148152,108,102,0.9385185185185185,0.09778582100170752,0.033751215039653615,0.00014263785851653665,1.322445034980774
327,-5.702127659574472,94,83,0.8829787234042553,-0.03683736498624057,0.2574190910522277,0.00014263635966926813,0.7267463803291321
328,-5.702127659574472,94,83,0.8829787234042553,0.004041818734549452,0.1581545760937098,0.00014258918236009777,0.48494526743888855
329,38.1063829787234,47,40,0.851063829787234,-0.31926187880162615,0.6708493021088948,0.00014012354949954897,1.3807899951934814
330,63.95652173913044,23,20,0.8695652173913043,0.20362141879741102,5.011299436320158,0.00014085292059462517,5.332082748413086
331,-112.2948717948718,208,200,0.9570512820512821,0.4125099969101029,2.8777872173504124,0.00014095616643317044,2.175147771835327
332,38.1063829787234,47,40,0.851063829787234,-0.319400258915266,0.3660106332485604,0.00014095574442762882,0.8584287166595459
333,40.95652173913044,46,40,0.8695652173913043,-0.2927446761414103,0.4411968324152988,0.00014035090862307698,0.5163496732711792
334,43.888888888888886,45,40,0.8888888888888888,-0.35614336977687344,0.653519370321685,0.00014035403728485107,0.9873648881912231
335,-12.769470404984418,107,101,0.9423052959501558,0.15001645490701776,0.03449108912143506,0.00013979568029753864,1.8281686305999756
336,40.371794871794876,52,49,0.9237179487179488,-0.28518735586476396,0.45953104858248445,0.00013988077989779413,1.5396156311035156
337,-16.47147147147146,111,106,0.9452852852852853,0.09723037878757168,0.04380940941544251,0.00014120370906312019,4.886651039123535
338,63.95652173913044,23,20,0.8695652173913043,0.1109175365709234,0.5962251510463245,0.0001414225116604939,2.2275452613830566
339,63.95652173913044,23,20,0.8695652173913043,0.07217161982771358,0.3002576596053057,0.00014225716586224735,3.740960121154785
340,40.95652173913044,46,40,0.8695652173913043,-0.2993824870645767,0.044028420027530046,0.00014225677296053618,0.5760679841041565
341,40.95652173913044,46,40,0.8695652173913043,-0.36646005402872106,0.07396218546193012,0.00014135109086055309,0.8464686870574951
342,-114.28253968253969,210,202,0.9571746031746031,0.23471569760749844,3.788828893152879,0.00014135631499812007,2.017101526260376
343,-109.59186991869919,205,196,0.9540813008130081,0.2488952528228765,3.64069999218468,0.00014140678104013205,1.048157811164856
344,63.95652173913044,23,20,0.8695652173913043,-0.03268309654959012,0.04024861911250355,0.00014068142627365887,0.8633106350898743
345,-11.943396226415103,106,100,0.940566037735849,0.11710078174729688,0.2913233126904807,0.00014070920587982982,2.044593572616577
346,63.95652173913044,23,20,0.8695652173913043,-0.05706862256920431,0.054476412445296774,0.0001406778465025127,0.525583028793335
347,63.95652173913044,23,20,0.8695652173913043,-0.09959760574565735,0.08149454851863425,0.0001405385264661163,0.7835202813148499
348,-114.25714285714285,210,202,0.9574285714285714,0.15177534114724267,3.402548114061978,0.0001409669202985242,2.9999027252197266
349,-12.840978593272169,109,105,0.9615902140672783,0.06387372757899357,0.0384447417124007,0.00014099558757152408,1.166003942489624
350,-3.7526881720430083,93,83,0.8924731182795699,-0.02761667164031678,0.6129962742461648,0.00014098890824243426,0.9321703910827637
351,-5.702127659574472,94,83,0.8829787234042553,0.010715125064962194,0.7524984875351927,0.00013942975783720613,0.5841414928436279
352,-112.12179487179488,208,200,0.9587820512820513,0.23662743384943496,2.7276048470680756,0.0001389897079207003,0.8286406993865967
353,46.90909090909091,44,40,0.9090909090909091,-0.3300567840633448,0.3764829259559832,0.00013892690185457468,0.5855726599693298
354,-5.702127659574472,94,83,0.8829787234042553,-0.029835322451617685,0.42436835934597616,0.00013891392154619098,0.7308391332626343
355,-11.710280373831779,107,103,0.9528971962616822,0.05410409435717156,0.05917388487589115,0.0001367087388643995,0.8083593249320984
356,46.06666666666666,50,49,0.9606666666666667,-0.19757045378173643,0.06648466387282076,0.00013736140681430697,3.0408589839935303
357,43.888888888888886,45,40,0.8888888888888888,-0.2803264003523509,0.37305290377991085,0.0001366751384921372,0.4786635935306549
358,-9.237179487179489,104,99,0.9476282051282051,0.1381020724010682,0.1466780354786716,0.00013742360169999301,3.6355698108673096
359,-5.702127659574472,94,83,0.8829787234042553,0.050555817845065576,0.18378985396705166,0.00013741756265517324,0.4692273437976837
360,41.52564102564102,52,49,0.9352564102564103,0.009140915470197797,0.062004039821303536,0.00013836573634762317,3.698573589324951
361,40.95652173913044,46,40,0.8695652173913043,-0.24540102163791744,0.29312682237239174,0.00013834940909873694,0.13089199364185333
362,-7.631578947368411,95,83,0.8736842105263158,0.055123586005720426,0.2837573550321397,0.00013818057777825743,0.19830407202243805
363,43.888888888888886,45,40,0.8888888888888888,-0.24965294479261502,0.7736521361903104,0.00013810931704938412,0.6483799815177917
364,-10.880503144654085,106,101,0.9511949685534591,0.1605377107014192,0.16855965596845368,0.00013771580415777862,2.4907004833221436
365,-6.721682847896432,103,100,0.9627831715210357,0.09849109161768865,0.21753588849873046,0.0001376398140564561,0.6336275935173035
366,-9.811320754716988,106,103,0.9618867924528302,0.06362120963694906,0.05140019743791014,0.00013770976511295885,1.1096599102020264
367,38.1063829787234,47,40,0.851063829787234,-0.3017469828191679,0.027337154805664454,0.00013764698815066367,0.43679922819137573
368,-5.702127659574472,94,83,0.8829787234042553,0.04135980294438468,0.7188932251861972,0.0001375804713461548,0.48027896881103516
369,40.95652173913044,46,40,0.8695652173913043,-0.27788463687011244,0.07592387475144458,0.0001373632112517953,0.37746769189834595
370,-110.83252818035427,207,200,0.9616747181964573,0.16861493667349237,3.1673921710154374,0.00013749014760833234,1.673050045967102
371,41.01282051282051,52,49,0.9301282051282052,-0.10589594239172584,0.17074683320228054,0.00013753950770478696,2.389388084411621
372,46.06666666666666,50,49,0.9606666666666667,-0.08653219400002854,0.11398288494510211,0.0001379580789944157,2.549297571182251
373,45.16,50,48,0.9516,-0.13002410663284536,0.10285205947104364,0.0001380693429382518,1.3812952041625977
374,43.888888888888886,45,40,0.8888888888888888,-0.1255550321775445,0.8156662558469475,0.0001379529421683401,1.9064631462097168
375,-12.582554517133957,107,102,0.9441744548286605,0.062346200640604366,0.2063266500747304,0.000137969313072972,0.9528123140335083
376,-112.12179487179488,208,200,0.9587820512820513,0.19646161406535612,2.807547924606253,0.00013654404028784484,1.542676568031311
377,38.1063829787234,47,40,0.851063829787234,-0.19159331365335674,0.24475785659672106,0.00013698285329155624,2.751796007156372
378,38.1063829787234,47,40,0.851063829787234,-0.16370820570955402,0.22173941708093992,0.0001365514617646113,1.2983455657958984
379,-7.631578947368411,95,83,0.8736842105263158,0.07873028516269187,0.47360456988360145,0.00013652107736561447,0.21290229260921478
380,38.1063829787234,47,40,0.851063829787234,-0.18426723586162552,0.28582386931255144,0.00013405989739112556,1.1363524198532104
381,63.95652173913044,23,20,0.8695652173913043,0.18499548893305473,2.6693266683104184,8.357287879334763e-05,1.9086923599243164
382,40.95652173913044,46,40,0.8695652173913043,-0.26567149413676816,0.3114086716049975,8.256817818619311e-05,0.5477135181427002
383,43.888888888888886,45,40,0.8888888888888888,-0.24577149510605523,0.33591349650893476,8.249724487541243e-05,0.5171976089477539
384,40.95652173913044,46,40,0.8695652173913043,-0.2957660705942544,0.034659668060811555,8.251034159911796e-05,0.5480574369430542
385,44.373333333333335,50,48,0.9437333333333333,-0.2605336044653086,0.6533309454093228,8.261104812845588e-05,1.6987553834915161
386,-110.83252818035427,207,200,0.9616747181964573,0.35457964703459766,1.0929461320756282,8.092391362879425e-05,1.049755573272705
387,-114.35873015873017,210,201,0.9564126984126984,0.358779237043791,1.2207106034390318,8.098669786704704e-05,1.3365051746368408
388,43.435374149659864,49,46,0.9243537414965987,-0.27297176845604554,0.6358282112666416,8.10164783615619e-05,1.9680348634719849
389,59.33333333333334,24,20,0.8333333333333334,-0.08727245614682033,0.18276515645474473,8.12151629361324e-05,2.147015333175659
390,-116.7151799687011,213,206,0.962848200312989,0.3337487663339971,1.2103595248336683,8.059910032898188e-05,2.7618744373321533
391,43.888888888888886,45,40,0.8888888888888888,-0.11243134204414673,1.4786958988933396,8.081190753728151e-05,1.9470585584640503
392,-9.57142857142857,105,101,0.9542857142857143,0.1358566392073044,0.5958692447723435,7.844105857657269e-05,1.327099084854126
393,40.95652173913044,46,40,0.8695652173913043,-0.0884073009247004,0.9672769232090321,7.837711746105924e-05,1.0796000957489014
394,43.888888888888886,45,40,0.8888888888888888,-0.10322040102619212,1.2848817826253942,7.845148502383381e-05,1.1382008790969849
395,59.33333333333334,24,20,0.8333333333333334,0.025505242389044724,0.5486769314078188,7.869872933952138e-05,3.1812310218811035
396,40.95652173913044,46,40,0.8695652173913043,-0.1602282012536307,0.15827637799472516,7.86809396231547e-05,0.64589923620224
397,-9.177777777777777,105,101,0.9582222222222222,0.042624519634955504,0.15367136791315983,7.846835069358349e-05,0.6498854756355286
398,42.85620915032679,51,48,0.938562091503268,-0.16466930292517645,0.823124703101379,7.856015145080164e-05,2.5808684825897217
399,45.733333333333334,50,48,0.9573333333333334,-0.07046948479910498,0.4713191911236656,8.053574856603518e-05,5.851140022277832
400,-12.840978593272169,109,105,0.9615902140672783,-0.021519908261325327,0.2646726137647271,8.089843322522938e-05,2.520089626312256
401,-10.320754716981128,106,102,0.9567924528301887,0.05419042572884791,0.17564267245995313,8.084649016382173e-05,0.5391963720321655
402,40.95652173913044,46,40,0.8695652173913043,-0.2398359267044725,0.09457299705895617,7.604451820952818e-05,0.46401479840278625
403,-14.715151515151518,110,105,0.9528484848484848,0.053302431162592256,0.019474312735861865,7.601606921525672e-05,0.6437165141105652
404,-7.631578947368411,95,83,0.8736842105263158,0.09444285126028262,0.4715653062825399,3.0913408409105614e-05,0.48249581456184387
405,40.95652173913044,46,40,0.8695652173913043,-0.16253259655786678,0.5401444238954678,3.085727075813338e-05,0.5975645780563354
406,40.95652173913044,46,40,0.8695652173913043,-0.12218516219763842,0.726370998531618,3.089284655288793e-05,0.6484003663063049
407,40.95652173913044,46,40,0.8695652173913043,-0.03181535343901487,0.6867381717674335,3.163087603752501e-05,5.274801731109619
408,40.95652173913044,46,40,0.8695652173913043,-0.1260131703566003,0.6851904088101435,3.1186264095595106e-05,1.023659348487854
409,-9.541666666666657,96,83,0.8645833333333334,0.08106007221613254,0.4494765498198481,3.11960575345438e-05,0.34064528346061707
410,-10.047619047619051,105,100,0.9495238095238095,0.19297710021828607,0.13695553005208871,3.12789597955998e-05,1.2324883937835693
411,-109.59186991869919,205,196,0.9540813008130081,0.16206787735097805,2.028611218502991,3.154942533001304e-05,2.278797149658203
412,-10.691823899371073,106,102,0.9530817610062893,0.16526391768820758,0.03926394010153267,3.158049003104679e-05,1.5606764554977417
413,-5.702127659574472,94,83,0.8829787234042553,0.07956883380938962,0.4462560863220333,3.152347926516086e-05,0.9032530784606934
414,38.09090909090909,55,52,0.9309090909090909,0.04363180764232766,0.34442405470402376,3.1609044526703656e-05,1.499509572982788
415,-10.377358490566039,106,102,0.9562264150943396,0.06770401889048117,0.02366856428216565,3.1480252800974995e-05,0.5827654004096985
416,43.888888888888886,45,40,0.8888888888888888,-0.25680940330767044,0.14202497348601822,3.1311705242842436e-05,0.16741254925727844
417,43.73202614379085,51,49,0.9473202614379085,-0.06286075498792343,0.3474000120158678,2.9291779355844483e-05,3.378981113433838
418,-111.33653846153847,208,202,0.9666346153846154,0.030391811116260214,2.055431240226649,2.9287264624144882e-05,1.0236504077911377
419,-11.710280373831779,107,103,0.9528971962616822,0.03311800418259736,0.019968791317698353,2.9463068131008185e-05,1.7388360500335693
420,43.888888888888886,45,40,0.8888888888888888,-0.23346973938168958,0.3875056962536263,2.9525021091103554e-05,1.128265142440796
421,-105.17491749174917,202,196,0.9682508250825083,0.11515339269402602,1.6165182407622116,2.5750270651769824e-05,0.7478744387626648
422,-10.688888888888883,105,100,0.9431111111111111,0.051257825328320905,0.017338443638950315,2.577558916527778e-05,0.690873384475708
423,-7.631578947368411,95,83,0.8736842105263158,-0.02177993133898326,0.4685160127108312,2.5748677217052318e-05,1.8580883741378784
424,-7.631578947368411,95,83,0.8736842105263158,-0.021324323247426946,0.34584356665053895,2.5782390366657637e-05,1.3837088346481323
425,49.36879432624113,47,46,0.9636879432624114,-0.09262678556115134,0.4000718951322355,2.172340828110464e-05,2.078496217727661
426,40.95652173913044,46,40,0.8695652173913043,-0.19016460046441352,0.6201133725730323,2.196574496338144e-05,2.3288686275482178
427,-7.631578947368411,95,83,0.8736842105263158,-0.004472392511161161,0.1956338415039794,2.211576429544948e-05,1.5664613246917725
428,-9.541666666666657,96,83,0.8645833333333334,0.01749409311742056,0.26283920413527023,2.218079498561565e-05,1.0003832578659058
429,-8.134615384615387,104,100,0.9586538461538462,0.19268076299249515,0.44586695184207215,2.2608446670346893e-05,3.1189424991607666
430,-109.36569579288026,206,200,0.9663430420711974,0.17088548949800497,1.1725999976578194,2.3869391952757724e-05,6.953711032867432
431,-9.57142857142857,105,101,0.9542857142857143,0.16721591093846655,0.18054378962286852,2.360628786846064e-05,0.9594816565513611
432,-9.811320754716988,106,103,0.9618867924528302,0.12583229281335662,0.10887173521670677,2.3820708520361222e-05,1.855648398399353
433,40.95652173913044,46,40,0.8695652173913043,-0.21655950783315348,0.2539173730203532,2.438825322315097e-05,3.033785581588745
434,59.33333333333334,24,20,0.8333333333333334,0.01695486817334313,0.23985587193092783,2.5843290131888352e-05,5.103366851806641
435,-9.177777777777777,105,101,0.9582222222222222,0.018510991150492373,0.19083159809169659,2.7794501875177957e-05,5.988370895385742
436,-9.541666666666657,96,83,0.8645833333333334,-0.13357336581066193,1.5089625955118322,2.8081312848371454e-05,2.562361001968384
437,55.0,25,20,0.8,-0.342634268628899,0.25409959254174197,2.7913525627809577e-05,4.528278827667236
438,-7.631578947368411,95,83,0.8736842105263158,-0.09147450713589933,1.166461552928197,2.769314596662298e-05,1.2394533157348633
439,40.95652173913044,46,40,0.8695652173913043,-0.2822355534262897,0.12614985514771737,2.6877571144723333e-05,0.5291134119033813
440,63.95652173913044,23,20,0.8695652173913043,0.04871476795960916,1.7450402388276132,2.8335844035609625e-05,4.796351432800293
441,45.733333333333334,50,48,0.9573333333333334,-0.08282361311648856,0.07152046368776865,2.832937207131181e-05,0.7853409051895142
442,-109.89533011272141,207,202,0.9710466988727858,0.09099931679679685,1.8962890411572335,2.813898572640028e-05,1.2269333600997925
443,-9.031446540880495,106,104,0.969685534591195,0.002321278690942563,0.020643011068376182,2.807498640322592e-05,0.5486180186271667
444,-11.432989690721655,97,83,0.8556701030927835,-0.10410167078248378,1.141398377754529,2.8486825613072142e-05,2.5892271995544434
445,43.87179487179486,52,51,0.9587179487179487,0.042189423681520566,0.07567733466739325,2.8265072614885867e-05,0.6135817766189575
446,-18.41666666666667,112,105,0.9358333333333333,0.06539889934128951,0.05111988949092494,2.8337377443676814e-05,1.0477937459945679
447,-7.631578947368411,95,83,0.8736842105263158,0.011011906731710042,0.3195702972101693,2.8305545129114762e-05,0.3058931827545166
448,42.294117647058826,51,48,0.9329411764705883,0.0666642185242381,0.0726267551633839,2.7805372155853547e-05,1.0475748777389526
449,40.95652173913044,46,40,0.8695652173913043,-0.12606994000816485,0.38749426562354117,2.781289367703721e-05,1.175236701965332
450,38.1063829787234,47,40,0.851063829787234,-0.08799596864628256,0.22323626992278278,2.8364705940475687e-05,3.2457401752471924
451,-9.811320754716988,106,103,0.9618867924528302,0.06267577703420102,0.7968223071336142,2.8572812880156562e-05,1.8176628351211548
452,41.09876543209876,54,52,0.9509876543209876,0.11717732868419262,0.7172334623839518,2.8586049666046165e-05,1.2207871675491333
453,-7.653846153846146,104,101,0.9634615384615385,0.07718106829952376,0.38311279302678297,2.8735454179695807e-05,1.5279102325439453
454,-11.081761006289312,106,101,0.9491823899371069,0.05527603589098362,0.0229207645717574,2.8779655622201972e-05,1.0603283643722534
455,40.95652173913044,46,40,0.8695652173913043,-0.3645579577605531,0.043857951208476464,2.87445309368195e-05,0.5718070268630981
456,38.32098765432099,54,51,0.9232098765432099,-0.39543314515276506,1.4120858566863912,2.888772723963484e-05,3.281543016433716
457,-8.974603174603175,105,101,0.9602539682539682,0.01867384523995952,0.11498857037759624,2.8899195967824198e-05,0.6199110746383667
458,-115.24842767295598,212,206,0.9675157232704402,0.17263642195791817,2.223099611594676,2.837556712620426e-05,2.0809061527252197
459,-6.858974358974365,104,102,0.9714102564102564,0.0636889794246116,0.017346178415922328,2.8384039978845976e-05,0.5587632656097412
460,-9.541666666666657,96,83,0.8645833333333334,-0.02281977997421336,0.7670947028328449,2.758242226263974e-05,0.4467133581638336
461,46.733333333333334,50,49,0.9673333333333334,-0.0735380235237244,1.3714657520873175,2.791135193547234e-05,2.3180861473083496
462,43.888888888888886,45,40,0.8888888888888888,-0.19607119912870985,1.7925887960910292,2.8030712201143615e-05,1.4420772790908813
463,-5.379084967320253,102,99,0.9662091503267974,0.07325099119225342,0.03982526989779055,2.803107418003492e-05,0.613527238368988
464,-6.857605177993534,103,100,0.9614239482200647,0.0692153149850725,0.017338376512853082,2.7648566174320877e-05,0.29767632484436035
465,42.294117647058826,51,48,0.9329411764705883,-0.147433755279053,0.2278706737470637,2.785479045996908e-05,2.0152194499969482
466,38.1063829787234,47,40,0.851063829787234,-0.17870362116445904,0.31630604249607863,2.8020233003189787e-05,1.9476031064987183
467,40.95652173913044,46,40,0.8695652173913043,-0.20867053296751692,0.6090615584640915,2.8013640985591337e-05,0.3385734260082245
468,-4.915032679738559,102,100,0.9708496732026144,0.02988942999820665,0.021833278661793958,2.8002656108583324e-05,0.22573015093803406
469,63.95652173913044,23,20,0.8695652173913043,0.026445274328580126,2.733527049987833,2.8120830393163487e-05,1.4863171577453613
470,-9.177777777777777,105,101,0.9582222222222222,-0.008586920923079333,0.19712640244028157,2.795881846395787e-05,0.47514843940734863
471,43.60377358490567,53,52,0.9660377358490566,-0.13036150118114165,0.05289068426182997,2.7685464374371804e-05,1.0933489799499512
472,35.33333333333334,48,40,0.8333333333333334,-0.45486219759186497,0.2261159548764553,2.7484215024742298e-05,1.9141494035720825
473,-9.541666666666657,96,83,0.8645833333333334,-0.09769243865787303,1.0985954276455927,2.7376034267945215e-05,0.2693607807159424
474,35.33333333333334,48,40,0.8333333333333334,-0.3045200688411569,0.07039230111606615,2.7135338314110413e-05,0.4516274034976959
475,59.33333333333334,24,20,0.8333333333333334,-0.0905631483765319,0.32946314639607976,2.7099951694253832e-05,0.9360555410385132
476,43.888888888888886,45,40,0.8888888888888888,-0.11364505693018145,0.8173549970220866,2.6937572329188697e-05,0.3066135346889496
477,48.102040816326536,49,48,0.9710204081632653,-0.028916499943079543,0.8149909054133992,2.6735797291621566e-05,2.1654512882232666
478,-112.32698412698412,210,206,0.9767301587301588,0.21036828560954746,0.8980181954674161,2.6785381123772822e-05,1.833783745765686
479,63.95652173913044,23,20,0.8695652173913043,-0.02330213262757752,1.1134416944274754,2.684556966414675e-05,1.1022202968597412
480,43.704402515723274,53,52,0.9670440251572328,0.12193425119949097,0.1547407268456107,2.6794969016918913e-05,0.7726460099220276
481,63.95652173913044,23,20,0.8695652173913043,-0.2348630811466137,0.04006479884318459,2.666405271156691e-05,0.78670734167099
482,59.33333333333334,24,20,0.8333333333333334,-0.5781108955707168,0.4972308581309903,3.214487514924258e-05,9.676570892333984
483,-7.895238095238099,105,103,0.971047619047619,-0.019528630356944632,0.028688599557785632,3.214305979781784e-05,0.38339248299598694
484,-7.631578947368411,95,83,0.8736842105263158,-0.12727322868886404,0.7222614297448038,3.2136675145011395e-05,0.3627208471298218
485,40.95652173913044,46,40,0.8695652173913043,-0.21770679893961642,0.02871378519729184,3.1969928386388347e-05,0.5770688056945801
486,-7.051282051282058,104,101,0.9694871794871794,-0.052530719847709406,0.17484887869044385,3.1934854632709175e-05,1.1401891708374023
487,-109.89533011272141,207,202,0.9710466988727858,0.15740288345011777,1.4676236641274178,3.197528712917119e-05,1.6474026441574097
488,43.888888888888886,45,40,0.8888888888888888,-0.10739055526028096,0.7887944719359583,3.18053898809012e-05,0.13583344221115112
489,43.8930817610063,53,52,0.9689308176100629,0.13345133427355904,0.8164431310099474,3.158918480039574e-05,1.2545126676559448
490,63.95652173913044,23,20,0.8695652173913043,-0.046371422768061166,1.433418261634007,3.130987170152366e-05,1.171690821647644
491,63.95652173913044,23,20,0.8695652173913043,-0.13725025407620706,0.5304769779155585,3.114589708275162e-05,0.6072050333023071
492,63.95652173913044,23,20,0.8695652173913043,-0.16323020069830818,0.031539669020830274,3.1069383112480864e-05,0.4068208932876587
493,43.704402515723274,53,52,0.9670440251572328,-0.043186809911276214,1.0086256258952062,3.163455767207779e-05,3.00174617767334
494,-10.95061728395062,108,105,0.9704938271604938,-0.0507489334481761,0.32233331634686146,3.1581665098201483e-05,0.15212301909923553
495,43.435374149659864,49,46,0.9243537414965987,-0.4174112483015051,3.1389461045886833,3.116247171419673e-05,1.9218471050262451
496,-5.379084967320253,102,99,0.9662091503267974,0.023755377375664466,0.04158225525329455,3.124295108136721e-05,1.3035743236541748
497,59.33333333333334,24,20,0.8333333333333334,0.34222052674158476,0.674468366418381,3.302940967842005e-05,5.271817207336426
498,43.60377358490567,53,52,0.9660377358490566,0.1345306105458235,1.3107584935293666,3.2619285775581375e-05,0.6433830857276917
499,-112.33968253968254,210,206,0.9766031746031746,0.08043602265848904,2.1123262813474333,3.0530180083587766e-05,1.3246856927871704
500,40.95652173913044,46,40,0.8695652173913043,-0.12624644036986865,0.7731143005101107,3.0147213692544028e-05,0.8129599690437317
501,63.95652173913044,23,20,0.8695652173913043,0.10442758882709313,1.9412862203886903,3.015633592440281e-05,1.0822206735610962
502,-7.631578947368411,95,83,0.8736842105263158,-0.08487766903726879,0.44564250626431806,3.0215807782951742e-05,0.7943129539489746
503,-6.203883495145632,103,100,0.9679611650485437,-0.056287441444965225,0.03178523057809929,3.030052175745368e-05,1.2889195680618286
504,-10.95061728395062,108,105,0.9704938271604938,-0.0632822619104445,0.02626452966511028,3.0402456104638986e-05,1.6404125690460205
505,-10.95061728395062,108,105,0.9704938271604938,-0.02634919941397129,0.027467180430269772,3.069026570301503e-05,2.3953607082366943
506,47.625850340136054,49,48,0.9662585034013605,-0.3006849698431324,2.79918055753906,3.080622263951227e-05,1.1699057817459106
507,-9.541666666666657,96,83,0.8645833333333334,-0.18913032836599086,0.9017211687785157,2.8915777875226922e-05,0.33457452058792114
508,43.8930817610063,53,52,0.9689308176100629,-0.20479556125610543,0.46668221040673785,2.9074271878926083e-05,2.048590660095215
509,40.95652173913044,46,40,0.8695652173913043,-0.31183163490550214,1.0212990680122858,2.9075494239805266e-05,0.404629111289978
510,-107.71869918699187,205,200,0.9728130081300813,0.5788395103077164,0.16600779823531697,2.9308503144420683e-05,2.550145149230957
511,45.16,50,48,0.9516,0.0537205385917332,5.92569234880107,2.98759805446025e-05,4.31352424621582
512,44.359477124183016,51,49,0.9535947712418301,0.017346604152407963,4.1390074476470815,3.0264518500189297e-05,3.2287755012512207
513,47.29931972789116,49,48,0.9629931972789115,-0.16441642728022998,0.8762019897144597,3.053836553590372e-05,2.3996036052703857
514,-105.66995073891626,203,198,0.9733004926108374,0.08795778030707879,1.6880687703958042,3.0376026188605465e-05,1.1728228330612183
515,-11.432989690721655,97,83,0.8556701030927835,-0.28666770443123823,1.552097940521699,3.118306631222367e-05,4.198686122894287
516,-7.051282051282058,104,101,0.9694871794871794,-0.0563656396414558,0.16630402220702709,3.1220279197441414e-05,0.8327451348304749
517,-6.480769230769226,104,102,0.9751923076923077,-0.04975216238426583,0.356635078163068,3.0468703698716126e-05,1.3122870922088623
518,47.13333333333334,50,49,0.9713333333333334,-0.22195791232661577,3.7106158621508354,3.133718928438611e-05,3.542290687561035
519,-9.541666666666657,96,83,0.8645833333333334,-0.09596023634048834,2.0065796883908837,3.121884947177023e-05,0.09445889294147491
520,40.95652173913044,46,40,0.8695652173913043,-0.2556579454103485,0.03724403575252211,3.123356873402372e-05,0.4054030179977417
521,63.95652173913044,23,20,0.8695652173913043,0.03747811551875202,0.6183255944045101,3.1219002266880125e-05,0.4334692358970642
522,63.95652173913044,23,20,0.8695652173913043,0.1412294407164154,1.3639966491448092,3.122630369034596e-05,1.1869728565216064
523,-104.93760262725779,203,200,0.980623973727422,0.05227394255160789,3.837543716399477,3.090885002166033e-05,0.3782808184623718
524,-8.466666666666669,105,102,0.9653333333333334,0.07143827245181456,0.5378952716399095,3.086575088673271e-05,0.4216432571411133
525,49.36879432624113,47,46,0.9636879432624114,-0.06452199519571877,1.07720475586678,3.115562867606059e-05,2.395019054412842
526,43.888888888888886,45,40,0.8888888888888888,-0.13742310849556816,1.01070778518503,3.0934861570131034e-05,0.6370767951011658
527,63.95652173913044,23,20,0.8695652173913043,-0.12035722871587495,0.36328459107345096,3.0868675821693614e-05,0.6800320148468018
528,-10.95061728395062,108,105,0.9704938271604938,0.07601227798932086,0.4066112731407133,3.116916195722297e-05,2.660036087036133
529,43.704402515723274,53,52,0.9670440251572328,0.01656858140154327,0.10095637091797016,3.0402188713196665e-05,0.21752260625362396
530,-9.811320754716988,106,103,0.9618867924528302,0.10174480816885989,0.027635277839462347,2.7843589123222046e-05,1.5189491510391235
531,47.13333333333334,50,49,0.9713333333333334,-0.1752411292686702,1.6496638529377314,2.781977309496142e-05,0.5942038893699646
532,40.95652173913044,46,40,0.8695652173913043,-0.4980476712316886,0.4804192601806021,2.7696325560100377e-05,0.4063277840614319
533,43.704402515723274,53,52,0.9670440251572328,-0.031867467620031675,0.22673238966400788,2.720726297411602e-05,0.5114316344261169
534,63.95652173913044,23,20,0.8695652173913043,-0.17613215062738163,0.02109344906403976,2.5472410925431177e-05,1.057906985282898
535,-4.2549019607843235,102,100,0.9774509803921568,0.1283614580036101,0.40888456195289,2.3284077542484738e-05,1.6372679471969604
536,-7.895238095238099,105,103,0.971047619047619,0.07882912469312942,0.2815168925811742,2.3087201043381356e-05,1.321652889251709
537,-7.631578947368411,95,83,0.8736842105263158,0.10124785161252703,0.171460753213026,2.2047985112294555e-05,0.0522615872323513
538,-105.66995073891626,203,198,0.9733004926108374,0.16276467462728306,3.4620082675513166,2.1989964807289653e-05,1.5305482149124146
539,43.60377358490567,53,52,0.9660377358490566,0.13758778869578236,4.135381697368627,2.2026702936273068e-05,1.1260950565338135
540,-111.40191387559808,209,204,0.9759808612440192,0.06451042496721016,4.117906177572352,2.0874109395663254e-05,0.7378105521202087
541,-102.16,200,196,0.9784,0.06048802675130105,3.6200588594063676,2.083694562315941e-05,1.081929326057434
542,46.733333333333334,50,49,0.9673333333333334,-0.1419151586751468,1.4858829862233804,2.074157055176329e-05,0.4785481095314026
543,43.888888888888886,45,40,0.8888888888888888,-0.3155486338155242,1.085646880089972,2.070668779197149e-05,0.17644262313842773
544,-4.915032679738559,102,100,0.9708496732026144,-0.0259375585304511,0.10816838298169831,2.0435407350305468e-05,1.0615990161895752
545,-6.203883495145632,103,100,0.9679611650485437,-0.049298579064725345,0.269876841004165,2.0432431483641267e-05,0.22081534564495087
546,40.95652173913044,46,40,0.8695652173913043,-0.4372583340664278,0.06139422131727912,2.0389707060530782e-05,0.39477717876434326
547,46.3611111111111,48,46,0.9436111111111111,-0.367745658104468,0.46078564173456016,2.047412817773875e-05,0.9639922380447388
548,40.95652173913044,46,40,0.8695652173913043,-0.30721694634758023,0.17671975955432545,2.0441342712729238e-05,0.15673895180225372
549,40.95652173913044,46,40,0.8695652173913043,-0.16777868229837622,0.44423551099333736,2.0417666746652685e-05,0.27697262167930603
550,-9.541666666666657,96,83,0.8645833333333334,0.14372561555001084,0.5814801728538217,1.9642311599454843e-05,0.16554231941699982
551,-9.541666666666657,96,83,0.8645833333333334,0.19340356224279276,0.38945270233252627,1.9497378161759116e-05,0.06926152110099792
552,-6.538461538461533,104,102,0.9746153846153847,0.2338518416794635,0.566084860947173,1.938187051564455e-05,0.9472178220748901
553,-4.915032679738559,102,100,0.9708496732026144,0.2392063603257384,0.5776954121733464,1.9345723558217287e-05,0.7838818430900574
554,40.95652173913044,46,40,0.8695652173913043,0.09645185005865642,1.8741869516222671,1.9302699001855217e-05,0.39787277579307556
555,-9.541666666666657,96,83,0.8645833333333334,0.17403848055869275,0.5675028229841,1.9268916730652563e-05,0.1475212723016739
556,47.29931972789116,49,48,0.9629931972789115,0.12646036144906248,0.7973434409061763,1.9031404008273967e-05,1.9444406032562256
557,-112.33968253968254,210,206,0.9766031746031746,0.03205994111692689,1.703393230955944,1.9015171346836723e-05,0.8995793461799622
558,40.95652173913044,46,40,0.8695652173913043,-0.1915554072274972,0.044359376990609434,1.878819784906227e-05,0.17111985385417938
559,47.29931972789116,49,48,0.9629931972789115,-0.12046797356561001,0.4909545744961311,2.0789206246263348e-05,5.492600917816162
560,-105.66995073891626,203,198,0.9733004926108374,-0.032023750859139,2.3584921408503092,2.0784471416845918e-05,0.6695203185081482
561,63.95652173913044,23,20,0.8695652173913043,-0.05117409856393351,0.019538488928454,2.052164199994877e-05,0.35621803998947144
562,48.68707482993197,49,48,0.9768707482993197,-0.15794406488049617,0.33727620434622935,2.1090900190756656e-05,3.1194493770599365
563,46.626666666666665,50,49,0.9662666666666667,-0.07144202873496397,0.28372020289580746,2.1138310330570675e-05,0.84001624584198
564,-6.480769230769226,104,102,0.9751923076923077,-0.10789290686230402,0.3167203243684811,2.11716669582529e-05,0.9390780925750732
565,-107.71869918699187,205,200,0.9728130081300813,0.08597127190910214,0.9877884336959469,2.101704740198329e-05,1.0201457738876343
566,-9.541666666666657,96,83,0.8645833333333334,0.029225671921722096,1.062325419416238,2.0758210666826926e-05,0.3722892999649048
567,-9.541666666666657,96,83,0.8645833333333334,0.039359833024263935,0.6957423288175659,2.076052624033764e-05,0.05331039056181908
568,48.68707482993197,49,48,0.9768707482993197,0.20539705056307866,2.408298952204758,2.1197569367359392e-05,2.559159278869629
569,-102.16,200,196,0.9784,0.2788471902319998,0.29007381167738466,2.1097024728078395e-05,0.39105212688446045
570,-6.538461538461533,104,102,0.9746153846153847,-0.06349315419922519,0.3691173502262431,2.116798350471072e-05,1.3424491882324219
571,40.95652173913044,46,40,0.8695652173913043,-0.0629820796648346,0.9236804542755876,2.1083533283672296e-05,0.3157636821269989
572,-104.93760262725779,203,200,0.980623973727422,0.17098388480053472,0.40917776328434097,2.0943296476616524e-05,0.9624603390693665
573,46.7516339869281,51,51,0.977516339869281,-0.015431055731596643,0.32021725985263316,2.132301415258553e-05,2.387014389038086
574,46.7516339869281,51,51,0.977516339869281,-0.06404546263752309,0.0558528782910237,2.1398343960754573e-05,1.0312614440917969
575,-111.48165869218501,209,204,0.9751834130781499,0.01932300594694425,0.9054252164852123,2.143912934116088e-05,1.2067205905914307
576,63.95652173913044,23,20,0.8695652173913043,-0.10501669529185165,0.03944505675087839,2.144364407286048e-05,0.4551597237586975
577,-7.051282051282058,104,101,0.9694871794871794,-0.17637970611576748,0.4718545291111199,2.1134217604412697e-05,0.16332490742206573
578,63.95652173913044,23,20,0.8695652173913043,-0.19683096525841393,0.06151868503775404,2.099893754348159e-05,0.8737428784370422
579,46.06666666666666,50,49,0.9606666666666667,-0.27848893461487023,1.4801279483279934,2.166381455026567e-05,3.443756103515625
580,-7.631578947368411,95,83,0.8736842105263158,-0.1256490572968687,1.0794529355522353,2.166653393942397e-05,0.8846518993377686
581,40.95652173913044,46,40,0.8695652173913043,-0.2390546535680187,0.09782676554818437,2.162401142413728e-05,0.32963797450065613
582,-111.40191387559808,209,204,0.9759808612440192,0.16062909976744777,0.5528462597661498,1.632570092624519e-05,2.4786036014556885
583,40.95652173913044,46,40,0.8695652173913043,-0.0818427762351348,0.9681120513418477,1.6318892448907718e-05,0.20467686653137207
584,63.95652173913044,23,20,0.8695652173913043,0.158937963162316,4.173636072616446,1.6321137081831694e-05,0.5391573309898376
585,-6.858974358974365,104,102,0.9714102564102564,-0.03127164723946407,0.8765132217220253,1.650293961574789e-05,1.8837254047393799
586,43.888888888888886,45,40,0.8888888888888888,-0.08282587601206615,0.8260598372456265,1.6433559721917845e-05,0.1805475950241089
587,-6.538461538461533,104,102,0.9746153846153847,-0.02402879162860927,0.3090003430374955,1.6380718079744838e-05,1.464807152748108
588,40.95652173913044,46,40,0.8695652173913043,-0.1656728906018543,0.029594121356939063,1.6385123672080226e-05,0.2269255369901657
589,-7.895238095238099,105,103,0.971047619047619,-0.02135220997812759,0.018134633660776427,1.6285068340948783e-05,0.4527396261692047
590,46.626666666666665,50,49,0.9662666666666667,0.0020356165878183674,1.5195572989791801,1.618991154828109e-05,0.12024546414613724
591,-7.1079365079365004,105,104,0.978920634920635,0.018849559550659478,0.052770037447543494,1.6204336134251207e-05,0.8433390259742737
592,-7.631578947368411,95,83,0.8736842105263158,-0.04366559321465502,1.3041433294680254,1.6205818610615097e-05,0.3375118672847748
593,47.29931972789116,49,48,0.9629931972789115,-0.14265990283047358,0.9411370702763833,1.641527887841221e-05,3.51483154296875
594,-5.702127659574472,94,83,0.8829787234042553,-0.0035100124250675435,0.44380228540376676,1.641700328036677e-05,0.14672066271305084
595,40.95652173913044,46,40,0.8695652173913043,-0.14351197525684256,0.09533221351382792,1.616850022401195e-05,0.364486962556839
596,-111.43910256410257,208,201,0.9656089743589743,0.18740198993350532,0.762461459637859,1.6085716197267175e-05,0.47540006041526794
597,-5.379084967320253,102,99,0.9662091503267974,0.033635666288319044,0.6124567730743434,1.4286685654951725e-05,0.568443238735199
598,-7.051282051282058,104,101,0.9694871794871794,0.051315477683772315,0.657631090978952,1.4294406355475076e-05,0.9830935597419739
599,-7.631578947368411,95,83,0.8736842105263158,-0.012052115214601145,0.046337044151520845,1.4213927897799294e-05,0.12192057073116302
600,63.95652173913044,23,20,0.8695652173913043,0.20513690522830075,2.8043608315860564,1.4239799384085927e-05,0.7484297752380371
601,-9.541666666666657,96,83,0.8645833333333334,-0.026843192797969095,0.2941568910890429,1.4189486137183849e-05,0.03187907114624977
602,-3.4224422442244276,101,99,0.9757755775577558,-0.026714425981964496,0.16233320750436628,1.4155965800455306e-05,0.7279700040817261
603,38.1063829787234,47,40,0.851063829787234,-0.2255146953948497,0.016221685287053145,1.405061539117014e-05,0.25832682847976685
604,43.888888888888886,45,40,0.8888888888888888,-0.22364980437055237,0.120825713473898,1.391792011418147e-05,0.23602943122386932
605,-108.39805825242718,206,202,0.9760194174757282,0.06252516826725696,1.3055673750873793,1.3605082131107338e-05,0.403279572725296
606,38.09090909090909,55,52,0.9309090909090909,-0.2508822626955407,0.7549360588191415,1.3591857168648858e-05,1.3757652044296265
607,40.95652173913044,46,40,0.8695652173913043,-0.2588899094971566,0.04206648319387907,1.3593799849331845e-05,0.41480767726898193
608,-10.845679012345684,108,106,0.9715432098765432,-0.03499981151242082,0.029857076396999638,1.3445600416162051e-05,1.2098805904388428
609,40.95652173913044,46,40,0.8695652173913043,-0.23239884377471753,0.025748580391555365,1.345124746876536e-05,0.5555524230003357
610,40.95652173913044,46,40,0.8695652173913043,-0.1721382082432683,0.1338666517050573,1.3086620128888171e-05,0.09951300919055939
611,-9.541666666666657,96,83,0.8645833333333334,-0.008530629574664772,0.5052644344934023,1.1983892363787163e-05,0.09548414498567581
612,43.60377358490567,53,52,0.9660377358490566,0.1319933388813297,0.7660725205737744,1.1427977369748987e-05,1.0495480298995972
613,63.95652173913044,23,20,0.8695652173913043,0.09561012402991764,0.2762515170905573,1.1076365808548871e-05,0.23784475028514862
614,-9.541666666666657,96,83,0.8645833333333334,0.0004710130178864347,0.43128888464119974,1.0998604011547286e-05,0.13821665942668915
615,63.95652173913044,23,20,0.8695652173913043,-0.060806847672211006,0.03902377245339039,9.937385584635194e-06,0.2686281204223633
616,63.95652173913044,23,20,0.8695652173913043,-0.07566878103534691,0.13430428542255868,9.907354979077354e-06,0.44434964656829834
617,43.704402515723274,53,52,0.9670440251572328,0.08270391381756781,0.07504825805057447,1.0333867066947278e-05,2.9323410987854004
618,40.95652173913044,46,40,0.8695652173913043,-0.17469936382485685,0.017536300629392265,9.561385013512336e-06,0.06249157339334488
619,40.95652173913044,46,40,0.8695652173913043,-0.1825441785986186,0.01849178353085268,9.56178701017052e-06,0.13775569200515747
620,-106.9479674796748,205,202,0.980520325203252,0.234932958320897,0.2649022730863555,9.554382813803386e-06,0.1759166568517685
621,40.95652173913044,46,40,0.8695652173913043,-0.18415045211258985,0.01792032709210223,9.546708497509826e-06,0.123813197016716
622,48.102040816326536,49,48,0.9710204081632653,-0.041630550856098125,0.0911012788227743,9.529820090392604e-06,1.042309284210205
623,49.36879432624113,47,46,0.9636879432624114,-0.09343187600438796,0.040737779083233505,9.663679520599544e-06,1.527043104171753
624,63.95652173913044,23,20,0.8695652173913043,-0.05545162791531766,0.05760116158986861,9.665746802056674e-06,0.5383121371269226
625,-4.915032679738559,102,100,0.9708496732026144,-0.026216413803240357,0.33786581930713305,9.370920452056453e-06,0.9731993675231934
626,-4.915032679738559,102,100,0.9708496732026144,-0.027185890234477483,0.2672596780804604,9.50865705817705e-06,1.6310895681381226
627,-11.432989690721655,97,83,0.8556701030927835,-0.17370511139552036,0.6288203928475691,9.981599760067184e-06,2.9069628715515137
628,-112.32698412698412,210,206,0.9767301587301588,0.06320309780073785,1.102615017758989,9.57144675339805e-06,0.3996399939060211
629,-10.95061728395062,108,105,0.9704938271604938,-0.0334604310238813,0.056849356581028916,9.679165486886632e-06,1.3707451820373535
630,43.8930817610063,53,52,0.9689308176100629,0.030187768893782163,0.7416431355520778,9.861922990239691e-06,2.2445366382598877
631,-4.2549019607843235,102,100,0.9774509803921568,-0.033466840430165234,0.036800186359742804,9.910330845741555e-06,1.1277260780334473
632,-10.95061728395062,108,105,0.9704938271604938,-0.03204476053412009,0.04595170481820392,9.913192116073333e-06,0.45527511835098267
633,-108.42394822006472,206,202,0.9757605177993528,0.10629474101637015,1.2649939901478933,9.919329386320896e-06,0.541592001914978
634,40.95652173913044,46,40,0.8695652173913043,-0.21221177100005661,0.056551758951539854,9.850955393631011e-06,0.30090588331222534
635,63.95652173913044,23,20,0.8695652173913043,-0.09581419493770227,0.16876570362276766,9.700700502435211e-06,0.3821698725223541
636,-6.203883495145632,103,100,0.9679611650485437,-0.009088309325534283,0.18950934925227123,9.595448318577837e-06,0.09118074923753738
637,-5.702127659574472,94,83,0.8829787234042553,-0.039401659124450816,0.7248985457709403,9.59670614975039e-06,0.10922330617904663
638,43.60377358490567,53,52,0.9660377358490566,0.002431538813198131,0.03625064679764067,9.531783689453732e-06,1.1473615169525146
639,-6.480769230769226,104,102,0.9751923076923077,0.05855460221670228,0.017474892423325117,9.607358151697554e-06,1.5841518640518188
640,40.95652173913044,46,40,0.8695652173913043,-0.1373347024382383,0.023223473612596024,9.58051623456413e-06,0.3614366054534912
641,63.95652173913044,23,20,0.8695652173913043,0.0005504134187503951,0.10596672620031633,9.507233698968776e-06,0.1258661150932312
642,-4.2549019607843235,102,100,0.9774509803921568,0.0678079924985795,0.04193175356262375,9.535679964756127e-06,0.7927026748657227
643,59.33333333333334,24,20,0.8333333333333334,-0.06036786416370887,0.08416256093992125,9.536011020827573e-06,0.18199725449085236
644,-111.48165869218501,209,204,0.9751834130781499,0.1868123727939519,0.5606566069445529,9.478663741901983e-06,0.49554553627967834
645,40.95652173913044,46,40,0.8695652173913043,-0.11170823219799786,0.08584470855256665,9.477704224991612e-06,0.23185911774635315
646,-7.895238095238099,105,103,0.971047619047619,0.05692009095582762,0.009518360848957519,9.484970178164076e-06,0.47498080134391785
647,63.95652173913044,23,20,0.8695652173913043,-0.056420335538859945,0.24529540848051568,9.431895705347415e-06,0.2470419704914093
648,-10.95061728395062,108,105,0.9704938271604938,0.04496807467489816,0.035698588196797054,9.457151463720948e-06,0.625758171081543
649,-103.64676616915422,201,196,0.9735323383084578,0.12754937790262488,0.9986607712228044,9.45735246205004e-06,0.253071665763855
650,40.95652173913044,46,40,0.8695652173913043,-0.11398234281864461,0.011260455698242966,9.456005500396714e-06,0.18212011456489563
651,63.95652173913044,23,20,0.8695652173913043,-0.10457437799777836,0.07289652081844622,9.456299267185386e-06,0.17747163772583008
652,40.95652173913044,46,40,0.8695652173913043,-0.11125943524530157,0.012447401529634305,9.400080671184696e-06,0.061377834528684616
653,38.1063829787234,47,40,0.851063829787234,-0.11044836616338216,0.07210258574470313,9.363510798721109e-06,0.04903806746006012
654,46.626666666666665,50,49,0.9662666666666667,0.013597644529205866,0.0695252840815197,9.796168342290912e-06,2.6971044540405273
655,-3.4224422442244276,101,99,0.9757755775577558,-0.014591825535795522,0.010646266586917141,9.79450032900786e-06,0.08365343511104584
656,-100.71524288107203,199,196,0.9828475711892797,0.04177063625415656,0.9112829156209985,9.574978321325034e-06,0.2847864031791687
657,40.95652173913044,46,40,0.8695652173913043,-0.06241032943216851,0.06722451057926548,9.52086065808544e-06,0.16986066102981567
658,63.95652173913044,23,20,0.8695652173913043,-0.051872534733774955,0.4094469885643406,9.521857464278582e-06,0.24213340878486633
659,46.626666666666665,50,49,0.9662666666666667,0.02430752923783075,0.049906803393734475,8.654781595396344e-06,4.012632846832275
660,43.83660130718954,51,49,0.9483660130718954,0.0033995792218775023,0.1418821494878273,8.70335497893393e-06,1.1542603969573975
661,-6.480769230769226,104,102,0.9751923076923077,-0.026370399507015918,0.011755783737225403,8.753903784963768e-06,0.9287419319152832
662,-6.538461538461533,104,102,0.9746153846153847,-0.021052416920497308,0.010522058368132716,8.197784154617693e-06,0.7943485379219055
663,43.87179487179486,52,51,0.9587179487179487,-0.024625731205105694,0.20624110875194765,8.29953933134675e-06,1.526592493057251
664,40.95652173913044,46,40,0.8695652173913043,-0.1763981108160806,0.029695778162025732,8.247104233305436e-06,0.2576291263103485
665,-9.541666666666657,96,83,0.8645833333333334,-0.0608538986616054,0.8393958174227039,8.179804353858344e-06,0.07257799059152603
666,-4.91585760517799,103,102,0.98084142394822,-0.03376715703376476,0.1909870505501101,8.208270628529135e-06,0.7903975248336792
667,38.1063829787234,47,40,0.851063829787234,-0.16008638166817946,0.014405317884787418,8.207417522498872e-06,0.11323215067386627
668,48.102040816326536,49,48,0.9710204081632653,-0.06628465234268788,0.24026882521237017,7.871048183005769e-06,1.0756148099899292
669,-7.631578947368411,95,83,0.8736842105263158,-0.03932447723468613,0.20730252691529222,7.86745749792317e-06,0.2864237129688263
670,-102.20666666666666,200,196,0.9779333333333333,0.19322543002772363,0.09080726804840514,7.918696610431653e-06,1.637690544128418
671,-9.541666666666657,96,83,0.8645833333333334,-0.12464799617100653,0.2178033582274248,8.07594187790528e-06,1.6703845262527466
672,-11.432989690721655,97,83,0.8556701030927835,-0.13590535861476383,0.2780247069181725,8.249744496424682e-06,1.9980539083480835
673,40.95652173913044,46,40,0.8695652173913043,-0.1277103261090815,0.8158320196442652,7.88068791734986e-06,0.16984149813652039
674,-10.845679012345684,108,106,0.9715432098765432,-0.006351166740842018,0.5611842499462655,7.866356099839322e-06,1.053834319114685
675,40.95652173913044,46,40,0.8695652173913043,-0.10992199545034964,0.7884303740217737,7.784064109728206e-06,0.18720228970050812
676,-108.50161812297735,206,201,0.9749838187702266,0.028890545585340988,0.46913866017452677,7.827594345144462e-06,0.9038795232772827
677,43.888888888888886,45,40,0.8888888888888888,-0.09357833994727116,0.6688880014148442,7.829633432265837e-06,0.21428532898426056
678,55.0,25,20,0.8,-0.393142704428044,0.30559449926842414,9.237091035174672e-06,4.986368656158447
679,-102.20666666666666,200,196,0.9779333333333333,0.03770515067196811,0.7665868855969075,8.534412700100802e-06,0.7386186122894287
680,-4.2549019607843235,102,100,0.9774509803921568,-0.006627847126111419,0.037969404040489346,8.495911060890649e-06,0.6253811717033386
681,38.1063829787234,47,40,0.851063829787234,-0.10505471411215694,0.023742444804015328,8.4945522758062e-06,0.2085438072681427
682,-9.541666666666657,96,83,0.8645833333333334,-0.014775854810523015,0.7408799052627066,8.154099305102136e-06,0.06841253489255905
683,-4.91585760517799,103,102,0.98084142394822,0.03009058227783612,0.015171438851288353,8.248089216067456e-06,1.1485047340393066
684,-7.631578947368411,95,83,0.8736842105263158,0.008642951253591491,0.4840139293606491,8.240157512773294e-06,0.0472378209233284
685,48.68707482993197,49,48,0.9768707482993197,0.0260028766049345,0.31929287447988003,8.378851816814858e-06,2.2605254650115967
686,-6.538461538461533,104,102,0.9746153846153847,0.054421231748165155,0.009132628643442997,8.385033652302809e-06,0.35615336894989014
687,-7.631578947368411,95,83,0.8736842105263158,-0.0053620563203367055,0.5931779063190081,8.266268196166493e-06,0.1446349173784256
688,63.95652173913044,23,20,0.8695652173913043,-0.15761957421818806,0.671223056027701,8.262851224571932e-06,0.22644731402397156
689,-4.91585760517799,103,102,0.98084142394822,0.025560416666739805,0.010333121500858746,8.366247129742987e-06,1.3972480297088623
690,-7.631578947368411,95,83,0.8736842105263158,-0.017245866170469526,0.6758137611117938,8.384976354136597e-06,0.5541670322418213
691,40.95652173913044,46,40,0.8695652173913043,-0.07285986900387798,0.011122644337258514,8.34607271826826e-06,0.034683454781770706
692,43.888888888888886,45,40,0.8888888888888888,-0.08284749230642774,0.07895404919409083,8.336938662978355e-06,0.272596150636673
693,-7.631578947368411,95,83,0.8736842105263158,-0.03674487905482238,0.6363051236065846,7.555749107268639e-06,0.13961122930049896
694,-106.41830065359477,204,200,0.9758169934640523,0.11294075858842234,0.4844758917143992,7.558984634670196e-06,0.3299330770969391
695,-102.20666666666666,200,196,0.9779333333333333,0.1696469632950084,0.4648445199132045,7.652492058696225e-06,1.3033899068832397
696,-12.737003058103966,109,106,0.9626299694189603,0.012109926656137304,0.012621762851993082,7.824009117030073e-06,1.8005292415618896
697,-3.7526881720430083,93,83,0.8924731182795699,-0.0280393129201002,0.10299715869036863,7.811498107912485e-06,0.17770400643348694
698,-10.95061728395062,108,105,0.9704938271604938,-0.019445049913279,0.050328793726858195,8.054380487010349e-06,2.2616424560546875
699,40.95652173913044,46,40,0.8695652173913043,-0.03750002773176675,0.07407911891315266,8.05184663477121e-06,0.175477996468544
700,59.33333333333334,24,20,0.8333333333333334,-0.1347392850293545,0.03232336053582685,8.009242264961358e-06,0.3642219007015228
701,-9.541666666666657,96,83,0.8645833333333334,-0.049342179995107927,0.441778728761139,8.009707016753964e-06,0.16718146204948425
702,-9.541666666666657,96,83,0.8645833333333334,-0.04343551755603414,0.3384158362540738,7.992156497493852e-06,0.19904376566410065
703,-9.031446540880495,106,104,0.969685534591195,0.009256076283577386,0.1831949191142941,8.709175745025277e-06,3.4937856197357178
704,40.95652173913044,46,40,0.8695652173913043,0.01765704632634879,0.2488778012971995,8.71222437126562e-06,0.327431857585907
705,-6.480769230769226,104,102,0.9751923076923077,-0.01651021889756521,0.2252683239245421,8.75986097526038e-06,1.0789635181427002
706,43.888888888888886,45,40,0.8888888888888888,-0.0012795328584616072,0.3771412433831429,8.670353054185398e-06,0.21436652541160583
707,48.68707482993197,49,48,0.9768707482993197,0.01477416154580169,0.09562038179037469,9.671401130617596e-06,3.945711851119995
708,-107.0260162601626,205,201,0.979739837398374,-0.05326418088270657,0.6063727514908304,9.725597919896245e-06,1.5028878450393677
709,40.95652173913044,46,40,0.8695652173913043,-0.09894803677138952,0.11518765273434942,9.717511602502782e-06,0.2777600884437561
710,-106.9219512195122,205,202,0.980780487804878,-0.019184246712029562,0.5457618479798858,9.771850272954907e-06,0.9675393104553223
711,-5.71844660194175,103,101,0.9728155339805825,-0.016570153582399882,0.11807326109003924,9.79336164164124e-06,0.6394798755645752
712,-102.20666666666666,200,196,0.9779333333333333,0.1243014052593594,0.5227785194144594,9.85412498266669e-06,1.4089229106903076
713,63.95652173913044,23,20,0.8695652173913043,-0.329721783840796,0.11834101344932435,9.856656106421724e-06,0.2682371139526367
714,-106.9219512195122,205,202,0.980780487804878,0.1560033373496026,0.17211854318446623,9.951616448233835e-06,1.3007941246032715
715,63.95652173913044,23,20,0.8695652173913043,-0.22189671093656216,0.10865231073421455,9.948480510502122e-06,0.26621976494789124
716,44.228758169934636,51,49,0.9522875816993464,0.05498396710641629,0.2004187652488696,1.0547514648351353e-05,3.086940050125122
717,48.68707482993197,49,48,0.9768707482993197,0.027831805576028046,0.11597180843001453,1.035069453791948e-05,2.2910032272338867
718,59.33333333333334,24,20,0.8333333333333334,-0.04860071081202477,0.5286821427760131,1.0357366591051687e-05,0.30528315901756287
719,-7.653846153846146,104,101,0.9634615384615385,0.04807006375756373,0.05492963529824255,1.0503903467906639e-05,1.603144645690918
720,-7.631578947368411,95,83,0.8736842105263158,-0.0661675700912383,0.26323458078824297,1.0501111319172196e-05,0.14651374518871307
721,59.33333333333334,24,20,0.8333333333333334,-0.0858933089330094,0.8202740046583017,1.0663251487130765e-05,1.6151001453399658
722,-109.9326923076923,208,204,0.9806730769230769,0.1292320991731657,0.13171817242320105,1.094709659810178e-05,2.393181324005127
723,40.95652173913044,46,40,0.8695652173913043,-0.16586193522562098,0.10598766487950506,1.0790378837555181e-05,0.17722119390964508
724,59.33333333333334,24,20,0.8333333333333334,-0.1736634721091832,0.32789644669497875,1.079427693184698e-05,0.6028745174407959
725,46.626666666666665,50,49,0.9662666666666667,-0.13056776100627587,0.05901141471369664,1.0779788681247737e-05,0.688819944858551
726,-9.541666666666657,96,83,0.8645833333333334,-0.1567638501046531,0.675368379550084,1.0633293641149066e-05,0.1941375583410263
727,-9.541666666666657,96,83,0.8645833333333334,-0.13917005166422314,0.49724516720950895,1.0138493962585926e-05,0.13405713438987732
728,-7.631578947368411,95,83,0.8736842105263158,-0.11773193097724288,0.18632161876109268,1.0131038834515493e-05,0.1615549474954605
729,59.33333333333334,24,20,0.8333333333333334,-0.12174830267031211,0.9464621987032955,1.0020930858445354e-05,0.2851894199848175
730,-11.432989690721655,97,83,0.8556701030927835,-0.08454617905590567,0.1662316769829597,9.704351214168128e-06,0.11858461052179337
731,-102.20666666666666,200,196,0.9779333333333333,0.18717667335988608,0.0918096034137281,9.822445463214535e-06,1.776502013206482
732,-7.1079365079365004,105,104,0.978920634920635,0.044432129667633546,1.2865462138911181,1.044312011799775e-05,3.2488770484924316
733,-112.32698412698412,210,206,0.9767301587301588,0.034844768611776544,0.13153256370278651,1.0485705388418864e-05,1.066054105758667
734,40.95652173913044,46,40,0.8695652173913043,-0.1447370116025013,0.7024345298988934,1.0484946869837586e-05,0.19268113374710083
735,-4.777777777777786,102,100,0.9722222222222222,-0.015622522848389053,0.3924587487989637,1.0664196452125907e-05,1.7922550439834595
736,-102.20666666666666,200,196,0.9779333333333333,0.010706518827603873,0.884605729114648,1.0697664947656449e-05,0.7138806581497192
737,43.888888888888886,45,40,0.8888888888888888,-0.11320081576923258,0.1694482875259311,1.070382677426096e-05,0.4846745431423187
738,-9.541666666666657,96,83,0.8645833333333334,-0.07252774386233796,0.7072033430355182,1.0612130608933512e-05,0.06410114467144012
739,63.95652173913044,23,20,0.8695652173913043,-0.20976240986055927,0.13749818254603952,1.0474966984475031e-05,0.21841208636760712
740,-9.541666666666657,96,83,0.8645833333333334,-0.04882179123683272,0.8707256212157709,1.0471248060639482e-05,0.24151477217674255
741,46.06666666666666,50,49,0.9606666666666667,-0.0044937515776837245,0.28011824243633043,1.0472906069480814e-05,0.28806716203689575
742,-5.317152103559877,103,101,0.9768284789644013,0.04646448275661896,0.013826195303195593,1.0468289474374615e-05,0.683036208152771
743,-9.043613707165107,107,105,0.979563862928349,0.05774523800677729,0.011911040098466217,1.05960161818075e-05,1.4248831272125244
744,43.704402515723274,53,52,0.9670440251572328,0.15329106285730631,0.09728157322089714,1.1453747902123723e-05,3.718013048171997
745,46.733333333333334,50,49,0.9673333333333334,0.04228864118704223,0.029264243309282456,1.1527659808052704e-05,1.0803754329681396
746,59.33333333333334,24,20,0.8333333333333334,-0.1275087484100368,0.020148283857821525,1.1516126505739521e-05,0.12997615337371826
747,-112.32698412698412,210,206,0.9767301587301588,0.014169920814538273,0.834286386810492,1.1528922186698765e-05,0.49196675419807434
748,-6.538461538461533,104,102,0.9746153846153847,0.004629325511132265,0.03858615271504493,1.1529490620887373e-05,0.5912282466888428
749,43.73202614379085,51,49,0.9473202614379085,-0.1429445861176366,0.11069618850121023,1.1850567716464866e-05,2.30100417137146
750,63.95652173913044,23,20,0.8695652173913043,-0.09057141582889017,0.6963328759235736,1.1854705917357933e-05,0.3290402889251709
751,-7.631578947368411,95,83,0.8736842105263158,-0.1035294530045121,0.35644082981066616,1.1857880963361822e-05,0.20678263902664185
752,48.102040816326536,49,48,0.9710204081632653,-0.12108728417203451,0.2025234970877312,1.1925761100428645e-05,1.0655912160873413
753,-9.541666666666657,96,83,0.8645833333333334,-0.09792793430210622,0.31521172667672054,1.1930285836569965e-05,0.257432222366333
754,-9.541666666666657,96,83,0.8645833333333334,-0.09005220967537753,0.1676973812659167,1.1488969903439283e-05,0.3960740864276886
755,-4.2549019607843235,102,100,0.9774509803921568,0.04609616777007375,0.6187637220198228,1.2086513379472308e-05,3.160834550857544
756,40.95652173913044,46,40,0.8695652173913043,-0.14765697609254858,0.6298728895305299,1.2081738532288e-05,0.20386716723442078
757,40.95652173913044,46,40,0.8695652173913043,-0.11925980824889848,0.40143663356593606,1.208172307087807e-05,0.16633008420467377
758,40.95652173913044,46,40,0.8695652173913043,-0.1144549778837245,0.25069248640161845,1.208095909532858e-05,0.23568978905677795
759,-108.50161812297735,206,201,0.9749838187702266,0.23092167699064703,0.10851048363117599,1.1208340765733737e-05,1.6429073810577393
760,-7.631578947368411,95,83,0.8736842105263158,-0.08545280742828254,0.26553536579638576,1.111335132009117e-05,0.05428529158234596
761,63.95652173913044,23,20,0.8695652173913043,-0.21969089574122336,0.10546854987286736,1.1075350812461693e-05,0.3576916456222534
762,-10.95061728395062,108,105,0.9704938271604938,0.03231692974395628,0.014038203429409452,1.111811707232846e-05,1.129734992980957
763,-106.9219512195122,205,202,0.980780487804878,0.06944223471092492,0.31784201385745237,1.1045754035876598e-05,1.3122024536132812
764,-7.631578947368411,95,83,0.8736842105263158,-0.103640762087025,0.5263766573644029,1.104171769839013e-05,0.03102836199104786
765,-7.1079365079365004,105,104,0.978920634920635,0.02091705079554607,0.020445168850220963,1.1086171980423387e-05,0.9574992656707764
766,63.95652173913044,23,20,0.8695652173913043,-0.1299466911368654,0.031586776534041405,1.1059324606321752e-05,0.19359642267227173
767,40.95652173913044,46,40,0.8695652173913043,-0.04112722531090185,0.03421362623881952,1.1060492397518829e-05,0.07326561212539673
768,40.95652173913044,46,40,0.8695652173913043,-0.012562664037432114,0.021493371195852262,1.0979508260788862e-05,0.12030873447656631
769,63.95652173913044,23,20,0.8695652173913043,-0.0029163811122998595,0.1596229332288459,1.104543207475217e-05,1.0750385522842407
770,-7.631578947368411,95,83,0.8736842105263158,-0.03971773622748742,0.45693433087933305,1.089946545107523e-05,0.10367412120103836
771,-107.0260162601626,205,201,0.979739837398374,-0.09848285041840654,0.8679154903696226,1.0762514648376964e-05,0.4609784781932831
772,-5.317152103559877,103,101,0.9768284789644013,0.04673986373177286,0.0386944779542881,1.0640148502716329e-05,1.2623265981674194
773,-9.541666666666657,96,83,0.8645833333333334,0.02202060712443199,0.4530211416940141,1.064748994394904e-05,0.3411872386932373
774,-9.541666666666657,96,83,0.8645833333333334,0.03140587663574479,0.3452091748267248,1.0585995369183365e-05,0.006890834309160709
775,43.8930817610063,53,52,0.9689308176100629,0.23770811565927386,0.2591809409040424,1.1515217011037748e-05,3.829179286956787
776,-108.50161812297735,206,201,0.9749838187702266,0.04884653472643663,0.19952430404187907,1.1543444088601973e-05,1.080488681793213
777,-4.91585760517799,103,102,0.98084142394822,0.03337115368374555,0.16876107098409643,1.162921489594737e-05,1.2571767568588257
778,-7.051282051282058,104,101,0.9694871794871794,0.03939794759895676,0.02067175575803329,1.0166365427721757e-05,0.8267897963523865
779,40.95652173913044,46,40,0.8695652173913043,-0.11238870612578467,0.40445384857929056,1.0135575394087937e-05,0.1964671015739441
780,40.95652173913044,46,40,0.8695652173913043,-0.10644468759801384,0.400226738287285,1.0111662049894221e-05,0.05339502543210983
781,-9.541666666666657,96,83,0.8645833333333334,-0.14880978027059655,0.9725669200206593,1.0112019481312018e-05,0.19909334182739258
782,47.625850340136054,49,48,0.9662585034013605,-0.05713028963191391,0.6108979685107165,1.0865718650165945e-05,3.516857862472534
783,49.36879432624113,47,46,0.9636879432624114,-0.09957818675992769,0.16916005608977294,1.1256610378040932e-05,2.8228843212127686
784,-9.541666666666657,96,83,0.8645833333333334,-0.04443450953340289,0.2271442677371908,1.1256919606239535e-05,0.08629599213600159
785,-6.480769230769226,104,102,0.9751923076923077,0.07202362611376456,0.42885107936438915,1.1296258890070021e-05,2.322397232055664
786,40.95652173913044,46,40,0.8695652173913043,-0.06122450536349788,2.2359543699774633,1.1288743735349271e-05,0.02698384039103985
787,-7.631578947368411,95,83,0.8736842105263158,-0.01437857825840183,0.00611972159274532,1.1288134373899084e-05,0.02542889304459095
788,-7.631578947368411,95,83,0.8736842105263158,-0.0035086091079392645,0.006925755837924985,1.12872703539324e-05,0.12142014503479004
789,63.95652173913044,23,20,0.8695652173913043,0.24658763356455893,7.973671023289958,1.1179887223988771e-05,0.5918196439743042
790,-109.9326923076923,208,204,0.9806730769230769,0.09828215334115065,0.3460411275093688,1.1216609891562257e-05,0.9414212703704834
791,-107.0260162601626,205,201,0.979739837398374,0.06054541888543952,0.4360170661242988,1.12845009425655e-05,1.0469087362289429
792,-9.043613707165107,107,105,0.979563862928349,-0.02212481417891898,0.1858264977756221,1.1312890819681343e-05,0.717690110206604
793,47.29931972789116,49,48,0.9629931972789115,-0.30970796601598494,1.8293498309567973,1.3076456525595859e-05,5.381254196166992
794,-6.538461538461533,104,102,0.9746153846153847,-0.03536648271462285,0.3606296747585873,1.3072458386886865e-05,0.22026313841342926
795,40.95652173913044,46,40,0.8695652173913043,-0.2626070160094969,0.36945365974107475,1.2963812878297176e-05,0.21742184460163116
796,-9.541666666666657,96,83,0.8645833333333334,-0.17305636941955527,0.6827871391516462,1.2764231541950721e-05,0.08494656533002853
797,-108.39805825242718,206,202,0.9760194174757282,0.09707639836085491,0.13865767795015552,1.2797778254025616e-05,0.6847768425941467
798,46.733333333333334,50,49,0.9673333333333334,-0.08806142214609736,0.4934648552119062,1.2492277164710686e-05,0.46690016984939575
799,38.1063829787234,47,40,0.851063829787234,-0.08391758647849201,0.23127404967499388,1.249059641850181e-05,0.10098657757043839
800,-9.541666666666657,96,83,0.8645833333333334,-0.02885693187056404,0.018534872909636905,1.2482502825150732e-05,0.025887809693813324
801,48.102040816326536,49,48,0.9710204081632653,0.04007636201021114,2.014228108066978,1.2948376934218686e-05,2.6976327896118164
802,47.29931972789116,49,48,0.9629931972789115,0.0308159060550679,0.833945171446068,1.2957026228832547e-05,0.4777199625968933
803,-110.87240829346092,209,206,0.9812759170653907,0.08683300586437781,0.04790747517934224,1.2281383533263579e-05,1.0981718301773071
804,-5.71844660194175,103,101,0.9728155339805825,0.039852210148183076,0.1953159098754377,1.2357616469671484e-05,1.103996753692627
805,40.95652173913044,46,40,0.8695652173913043,-0.21888803010369884,0.29553192598320166,1.2281550880288705e-05,0.2988288998603821
806,41.09876543209876,54,52,0.9509876543209876,0.08315617842045242,1.2811741184242544,1.2564232747536153e-05,2.2176501750946045
807,-7.631578947368411,95,83,0.8736842105263158,-0.09929208116830068,0.886079654229898,1.1639283002295997e-05,0.1082286387681961
808,-6.480769230769226,104,102,0.9751923076923077,0.012683877280856848,0.09910025339988893,1.1508016541483812e-05,0.2992441952228546
809,43.8930817610063,53,52,0.9689308176100629,0.011511312558909026,0.274191196712467,1.1699693459377158e-05,1.837355613708496
810,63.95652173913044,23,20,0.8695652173913043,-0.15649524007676519,0.07580576829180519,1.16422597784549e-05,0.25501230359077454
811,63.95652173913044,23,20,0.8695652173913043,-0.07673570463521173,0.024537029911101627,1.1623521459114272e-05,0.4194636642932892
812,-7.631578947368411,95,83,0.8736842105263158,-0.04408845559009933,0.3786387785472818,1.150243406300433e-05,0.24230290949344635
813,63.95652173913044,23,20,0.8695652173913043,0.016445991102955304,0.7098311046126469,1.1512065611896105e-05,0.44976264238357544
814,40.95652173913044,46,40,0.8695652173913043,-0.09753333544085763,0.42529787279599823,1.1397562957426999e-05,0.16417770087718964
815,-7.051282051282058,104,101,0.9694871794871794,0.03097220585755167,0.011243701645699211,1.1694147360685747e-05,2.197396755218506
816,-110.01282051282051,208,204,0.9798717948717949,-0.1002112013921419,1.2825705801307348,1.1151091712235939e-05,0.5755928158760071
817,40.95652173913044,46,40,0.8695652173913043,-0.0907583445077762,0.282688949199839,1.0841108633030672e-05,0.15064387023448944
818,43.888888888888886,45,40,0.8888888888888888,-0.09081687783162806,0.4683673230718909,1.0904130249400623e-05,1.0921615362167358
819,59.33333333333334,24,20,0.8333333333333334,-0.08813840543371043,0.03055678304037457,1.0769890650408342e-05,0.6928995847702026
820,-7.895238095238099,105,103,0.971047619047619,0.06512907009891933,0.059485988291230585,1.0794700756378006e-05,0.5984340906143188
821,-106.9479674796748,205,202,0.980520325203252,0.10146572324139536,0.2514841058010635,1.073698149411939e-05,1.2804324626922607
822,63.95652173913044,23,20,0.8695652173913043,-0.1588277362716326,0.046356932082048274,1.0464678780408576e-05,1.1349048614501953
823,-5.317152103559877,103,101,0.9768284789644013,0.06762478450121989,0.0372755858582554,1.0540230505284853e-05,1.1054573059082031
824,59.33333333333334,24,20,0.8333333333333334,-0.36265391283995996,0.27306247012708745,1.161314230557764e-05,4.220819473266602
825,-4.915032679738559,102,100,0.9708496732026144,0.06696278612767514,0.012896031033348007,1.1588465895329136e-05,0.24130025506019592
826,-6.480769230769226,104,102,0.9751923076923077,0.055500888162086426,0.023983027704919557,1.162111948360689e-05,0.7434515357017517
827,63.95652173913044,23,20,0.8695652173913043,-0.09356469628983177,0.28238622016942827,1.1621805242612027e-05,0.21774308383464813
828,-108.50161812297735,206,201,0.9749838187702266,0.06918604627009017,0.4763252766328845,1.1632940186245833e-05,0.44645246863365173
829,40.95652173913044,46,40,0.8695652173913043,-0.0011690394649122027,0.05743477155077281,1.1634283509920351e-05,0.29237449169158936
830,47.625850340136054,49,48,0.9662585034013605,0.01501403621841746,0.2517876017944367,3.489214213914238e-05,19.516178131103516
831,43.888888888888886,45,40,0.8888888888888888,-0.005060875044364366,0.01990334527372184,3.470043156994507e-05,0.44729021191596985
832,47.625850340136054,49,48,0.9662585034013605,-0.011048573878952084,0.11903057040922249,3.462614768068306e-05,3.282006025314331
833,-5.702127659574472,94,83,0.8829787234042553,-0.039083673623736104,0.4972599100975775,3.455389742157422e-05,0.4719783663749695
834,59.33333333333334,24,20,0.8333333333333334,0.1649555303301895,0.21874100716205191,3.531619950081222e-05,3.644399881362915
835,-111.36217948717949,208,202,0.9663782051282052,0.07106385011411476,0.5244027689917716,3.509922680677846e-05,0.5216015577316284
836,-107.71869918699187,205,200,0.9728130081300813,0.08190480870132433,0.36715622523611513,3.510931855998933e-05,0.6089296936988831
837,63.95652173913044,23,20,0.8695652173913043,-0.004097249492133415,1.2935359486814153,3.5127904993714765e-05,0.7534450888633728
838,-7.631578947368411,95,83,0.8736842105263158,-0.09462537124204573,0.42312466676260824,3.5360899346414953e-05,1.965348243713379
839,47.29931972789116,49,48,0.9629931972789115,-0.16737768754333615,0.027886880007304216,3.552229100023396e-05,1.8102333545684814
840,48.68707482993197,49,48,0.9768707482993197,-0.1390511231909386,0.12023914211077091,3.5620734706753865e-05,1.4630063772201538
841,-110.01282051282051,208,204,0.9798717948717949,0.17033888582705004,0.03545705349785262,3.58807374141179e-05,2.0540261268615723
842,-9.541666666666657,96,83,0.8645833333333334,-0.11745821409203927,0.3035016909579402,3.584123987820931e-05,0.33704787492752075
843,43.8930817610063,53,52,0.9689308176100629,-0.01772629319839325,0.5310770553870856,3.601176285883412e-05,1.8890302181243896
844,-105.66995073891626,203,198,0.9733004926108374,0.1388002690500798,0.02789828690793135,3.535327050485648e-05,1.3139551877975464
845,43.704402515723274,53,52,0.9670440251572328,0.048966750990075525,0.18066201805129545,3.530105095705949e-05,0.3976176381111145
846,63.95652173913044,23,20,0.8695652173913043,-0.20218488851969596,0.02891540720178476,3.531085167196579e-05,0.5242899656295776
847,-106.41830065359477,204,200,0.9758169934640523,0.02675990341231227,0.10009532754077399,3.53194227500353e-05,0.6132887005805969
848,59.33333333333334,24,20,0.8333333333333334,-0.23211105366135598,0.4494017322044641,3.5298766306368634e-05,0.2312052845954895
849,46.3611111111111,48,46,0.9436111111111111,-0.03679202502098633,0.761794763679152,3.518758967402391e-05,1.8139621019363403
850,-106.9479674796748,205,202,0.980520325203252,-0.0360265779380029,0.1736754072439404,3.52354982169345e-05,0.8731000423431396
851,40.95652173913044,46,40,0.8695652173913043,-0.01866835968758096,0.29379477158878675,3.524441854096949e-05,0.33465930819511414
852,40.95652173913044,46,40,0.8695652173913043,0.019590946696553146,0.5391611447555543,3.51897906512022e-05,0.10035260766744614
853,59.33333333333334,24,20,0.8333333333333334,-0.00563795720518101,0.6784705701315765,3.5189561458537355e-05,0.3114871084690094
854,-6.858974358974365,104,102,0.9714102564102564,0.034293860371690243,0.3113883113389577,3.553567876224406e-05,2.3340675830841064
855,-9.541666666666657,96,83,0.8645833333333334,-0.03366831418179572,0.18275606264439642,3.4840835724025965e-05,0.11526485532522202
856,-9.541666666666657,96,83,0.8645833333333334,-0.03542822872623219,0.2614616205890443,3.4838882129406556e-05,0.2349170446395874
857,-6.857605177993534,103,100,0.9614239482200647,0.04388057997857686,0.06878720537153882,3.5077882785117254e-05,1.894392728805542
858,-10.95061728395062,108,105,0.9704938271604938,0.03758117494180624,0.02163569002368892,3.523138730088249e-05,1.5243585109710693
859,-9.541666666666657,96,83,0.8645833333333334,-0.021076190479789148,0.4820861905447796,3.505960194161162e-05,0.33510255813598633
860,-5.702127659574472,94,83,0.8829787234042553,-0.03408325411646729,0.16923581281344408,3.5064833355136216e-05,0.2731545567512512
861,48.68707482993197,49,48,0.9768707482993197,0.015849978758978978,0.15084468135621165,3.551042391336523e-05,2.752946376800537
862,-107.0260162601626,205,201,0.979739837398374,-0.01501671184632869,0.5990255824358498,3.544910214259289e-05,0.5680705308914185
863,-7.631578947368411,95,83,0.8736842105263158,-0.026957686746072795,0.3192465789743,3.532993287080899e-05,0.1975492388010025
864,59.33333333333334,24,20,0.8333333333333334,-0.1748690300942144,0.10075699982545991,3.533082781359553e-05,0.29181668162345886
865,-7.631578947368411,95,83,0.8736842105263158,-0.02679937474908911,0.24239900007346385,3.526773798512295e-05,0.28451648354530334
866,-4.91585760517799,103,102,0.98084142394822,0.04968897210483192,0.193412674668622,3.5335327993379906e-05,0.9509740471839905
867,63.95652173913044,23,20,0.8695652173913043,-0.1946078980472521,0.9486382971540728,3.5344499337952584e-05,0.3519098162651062
868,-111.40191387559808,209,204,0.9759808612440192,0.16368574121256074,0.0674505790743864,3.548111271811649e-05,1.397769808769226
869,40.95652173913044,46,40,0.8695652173913043,-0.09602108327817405,0.01469878175898609,3.543995990185067e-05,0.27391138672828674
870,47.29931972789116,49,48,0.9629931972789115,-0.0004965359257766977,0.07275426920281802,3.5514334740582854e-05,1.0421451330184937
871,-110.01282051282051,208,204,0.9798717948717949,0.10517638571548105,0.07191703783184845,3.5604160075308755e-05,1.2503920793533325
872,-9.541666666666657,96,83,0.8645833333333334,-0.07053698693744082,0.39902888413461346,3.5508815926732495e-05,0.24144776165485382
873,46.06666666666666,50,49,0.9606666666666667,-0.044738850059076185,0.041315993881729206,3.551206100382842e-05,0.49696892499923706
874,38.1063829787234,47,40,0.851063829787234,-0.1323484440363245,0.020147580426495892,3.5511693567968905e-05,0.10465539991855621
875,59.33333333333334,24,20,0.8333333333333334,-0.06945378010277636,0.20177411362595876,3.46461747540161e-05,0.25858598947525024
876,63.95652173913044,23,20,0.8695652173913043,-0.03308425054365216,1.0279533527978555,3.461121741565876e-05,0.7598628401756287
877,43.704402515723274,53,52,0.9670440251572328,-0.02975706593315408,0.4011117317359272,3.466676571406424e-05,1.5676023960113525
878,43.60377358490567,53,52,0.9660377358490566,0.021241229745015744,0.10017819306548859,3.480635496089235e-05,1.7035284042358398
879,46.3611111111111,48,46,0.9436111111111111,-0.1257397696717817,0.8433207879689445,3.480727900750935e-05,0.15643616020679474
880,59.33333333333334,24,20,0.8333333333333334,-0.15677069278171984,0.21946566790145994,3.4809563658200204e-05,0.23356838524341583
881,47.266666666666666,50,49,0.9726666666666667,-0.05147740526930278,0.0639755838578091,3.5246688639745116e-05,2.7075588703155518
882,-112.33968253968254,210,206,0.9766031746031746,0.0035627063873562292,0.1472198883404105,3.455131081864238e-05,0.8878350853919983
883,40.95652173913044,46,40,0.8695652173913043,-0.11255610017383333,0.1774377111474377,3.4061413316521794e-05,0.159541055560112
884,43.888888888888886,45,40,0.8888888888888888,-0.08557389182715269,0.5039970585788582,3.406381802051328e-05,0.23124033212661743
885,47.13333333333334,50,49,0.9713333333333334,0.019074835643891674,0.5828682246013273,3.373515937710181e-05,0.26152217388153076
886,-7.631578947368411,95,83,0.8736842105263158,-0.08872763410272455,0.0661034339005336,3.3736239856807515e-05,0.12384700775146484
887,46.626666666666665,50,49,0.9662666666666667,0.04522876113796315,0.04747149356969338,3.3786851417971775e-05,0.9015857577323914
888,63.95652173913044,23,20,0.8695652173913043,-0.173855271172215,0.11810024345372483,3.385229501873255e-05,1.060756802558899
889,-10.845679012345684,108,106,0.9715432098765432,0.0514403450415557,0.16086748780116977,3.444926187512465e-05,3.135801076889038
890,-5.379084967320253,102,99,0.9662091503267974,0.018281672191733378,0.110578006594948,3.4533652069512755e-05,1.5177981853485107
891,40.95652173913044,46,40,0.8695652173913043,-0.20030128584949125,0.24652231334127553,3.447749622864649e-05,0.4230784773826599
892,38.1063829787234,47,40,0.851063829787234,-0.19734247033920838,0.4664761192878579,3.444835965638049e-05,0.21864137053489685
893,40.95652173913044,46,40,0.8695652173913043,-0.13613223401080177,0.09719005718179385,3.2627242035232484e-05,0.29091840982437134
894,40.95652173913044,46,40,0.8695652173913043,-0.11016045764336013,0.017611518332881104,3.262643440393731e-05,0.20257852971553802
895,-110.85964912280701,209,206,0.9814035087719298,0.036402651900743876,0.23892823071315852,3.2661951991030946e-05,0.8552016019821167
896,63.95652173913044,23,20,0.8695652173913043,0.13380631446489133,0.6968903453202192,3.266158455517143e-05,0.148741215467453
897,49.02721088435375,49,49,0.9802721088435374,0.008925618899837673,0.4953212748497009,3.2949097658274695e-05,2.205388069152832
898,-6.538461538461533,104,102,0.9746153846153847,0.06277189494710722,0.02293476828372587,3.3155072742374614e-05,1.894134283065796
899,46.7516339869281,51,51,0.977516339869281,0.025473589481407544,0.0639305233314138,3.3210271794814616e-05,0.9965327382087708
900,-9.541666666666657,96,83,0.8645833333333334,-0.06730573856293631,1.008429329940021,3.321033000247553e-05,0.1027475893497467
901,40.95652173913044,46,40,0.8695652173913043,-0.12644837501011352,0.11766220718922771,3.277317955507897e-05,0.0747215747833252
902,59.33333333333334,24,20,0.8333333333333334,-0.37708228863266413,0.8369509626802181,3.592423308873549e-05,7.245425224304199
903,-4.915032679738559,102,100,0.9708496732026144,0.03296607301786025,0.07783873808805222,3.5882796510122716e-05,0.5593768358230591
904,-7.631578947368411,95,83,0.8736842105263158,-0.07318182252674887,0.515378009645137,3.5816399758914486e-05,0.10095719993114471
905,40.95652173913044,46,40,0.8695652173913043,-0.03594043176508421,0.011283977323483185,3.5812849091598764e-05,0.13774895668029785
906,-6.538461538461533,104,102,0.9746153846153847,0.06307982839723536,0.01973734368951939,3.5509605368133634e-05,0.6501198410987854
907,63.95652173913044,23,20,0.8695652173913043,0.0794765848663701,0.4216449335023157,3.550998371792957e-05,0.22713349759578705
908,40.95652173913044,46,40,0.8695652173913043,0.0117328727246786,0.038965916962286684,3.5510969610186294e-05,0.2005067765712738
909,-4.777777777777786,102,100,0.9722222222222222,0.04004964831528923,0.022553783571891195,3.5302655305713415e-05,0.6143466830253601
910,-11.432989690721655,97,83,0.8556701030927835,-0.06800956281904291,0.899283454730722,3.5299752198625356e-05,0.06949839740991592
911,-3.4224422442244276,101,99,0.9757755775577558,0.0375358847784355,0.018106692699804406,3.530815592966974e-05,0.5130795836448669
912,-9.541666666666657,96,83,0.8645833333333334,-0.07657944483798929,0.6451191413166247,3.53042887581978e-05,0.14881880581378937
913,-6.857605177993534,103,100,0.9614239482200647,0.01355815838246599,0.04350729695077116,3.5471730370773e-05,1.7912888526916504
914,-7.631578947368411,95,83,0.8736842105263158,-0.07131430534400351,0.42176276883875186,3.5470013244776055e-05,0.07088018208742142
915,-102.20666666666666,200,196,0.9779333333333333,0.23852134224875954,0.11590761990614568,3.537627708283253e-05,1.8734009265899658
916,-104.1881188118812,202,198,0.9781188118811881,0.17012613011178246,0.11044284744298116,3.5383964132051915e-05,0.8433115482330322
917,38.1063829787234,47,40,0.851063829787234,-0.02049900965175766,0.2184986418165007,3.538238524924964e-05,0.10052663832902908
918,-10.845679012345684,108,106,0.9715432098765432,-0.004256835468735787,0.02680375449795591,3.544855280779302e-05,1.658092737197876
919,-106.41830065359477,204,200,0.9758169934640523,-0.033698513428191745,0.5039436154614314,3.543770799296908e-05,0.5073457360267639
920,40.95652173913044,46,40,0.8695652173913043,0.007386454290099209,0.012735780756756299,3.5428456612862647e-05,0.1808752715587616
921,43.60377358490567,53,52,0.9660377358490566,0.09856688054651386,0.03954065847080557,3.534257484716363e-05,0.3916914761066437
922,-8.409523809523805,105,102,0.9659047619047619,-0.04888713153899005,0.04161325066550712,3.5324108466738835e-05,0.7402359843254089
923,47.29931972789116,49,48,0.9629931972789115,0.04460123577511865,0.24995763908039,3.669372745207511e-05,4.6933135986328125
924,-7.631578947368411,95,83,0.8736842105263158,-0.11669363916280417,0.3533667853385608,3.565287624951452e-05,0.05357423052191734
925,40.95652173913044,46,40,0.8695652173913043,-0.04215514251890795,0.05264674936353254,3.5653942177305e-05,0.2549962103366852
926,49.36879432624113,47,46,0.9636879432624114,-0.028671924071204558,0.4325515788455524,3.5689819924300537e-05,1.0262523889541626
927,-6.203883495145632,103,100,0.9679611650485437,-0.009477482712647145,0.026764754461414686,3.594670124584809e-05,2.1195011138916016
928,-106.24183006535948,204,200,0.9775816993464053,-0.07334816521053789,0.33717835665626283,3.593789369915612e-05,0.4116114377975464
929,63.95652173913044,23,20,0.8695652173913043,0.013101279112561315,0.3379242053729288,3.594363442971371e-05,0.356371134519577
930,63.95652173913044,23,20,0.8695652173913043,-0.010818976785230916,0.3275721650358676,1.2628655895241536e-05,0.20028693974018097
931,-106.24183006535948,204,200,0.9775816993464053,0.08335029336585364,0.08375167178136067,1.2656640137720387e-05,0.9687566757202148
932,48.102040816326536,49,48,0.9710204081632653,0.04494179621082717,0.07561341763509333,1.2161602171545383e-05,1.7879215478897095
933,63.95652173913044,23,20,0.8695652173913043,-0.1450730146098067,0.03290000671402282,1.2286654055060353e-05,1.5217607021331787
934,-112.33968253968254,210,206,0.9766031746031746,0.10670775966252677,0.04019198274872697,1.1696174624375999e-05,2.46856689453125
935,-7.631578947368411,95,83,0.8736842105263158,-0.0797620309258491,0.21632380023657422,1.1688024642353412e-05,0.09238322824239731
936,-9.541666666666657,96,83,0.8645833333333334,-0.09099035256986099,0.36438211528719355,1.1673681910906453e-05,0.15005123615264893
937,-9.541666666666657,96,83,0.8645833333333334,-0.08080289861709389,0.32671294510518495,1.1659081792458892e-05,0.13859923183918
938,-110.01282051282051,208,204,0.9798717948717949,0.1200958715731133,0.026591186348201415,1.1499582797114272e-05,1.3370704650878906
939,43.60377358490567,53,52,0.9660377358490566,0.05615280483721108,0.10349937681809251,1.1319361874484457e-05,1.3622874021530151
940,40.95652173913044,46,40,0.8695652173913043,-0.09108753279144821,0.02009854152061242,1.1140657079522498e-05,0.05419338122010231
941,-7.631578947368411,95,83,0.8736842105263158,-0.08324394811052116,0.04912658252155239,1.0911432582361158e-05,0.04800649732351303
942,-5.961538461538453,104,103,0.9803846153846154,0.03833020940420795,0.4439918300976355,1.0935915270238183e-05,0.9989423155784607
943,63.95652173913044,23,20,0.8695652173913043,-0.24792515636090684,0.03241077080137311,1.078376590157859e-05,0.2706056535243988
944,-104.93760262725779,203,200,0.980623973727422,-0.01220676540424237,0.1772964944051442,1.0749383363872766e-05,0.9359545111656189
945,-7.631578947368411,95,83,0.8736842105263158,-0.09756423295721106,0.07261739257512573,1.0728098459367175e-05,0.06611548364162445
946,-9.541666666666657,96,83,0.8645833333333334,-0.08656446919218297,0.1348236520197449,1.0700836355681531e-05,0.053452204912900925
947,40.95652173913044,46,40,0.8695652173913043,-0.06825301673029571,0.07140720194389123,1.0684247172321193e-05,0.21139708161354065
948,46.733333333333334,50,49,0.9673333333333334,-0.0242496577404836,0.22674362058137076,1.0902586836891714e-05,1.7027595043182373
949,-5.702127659574472,94,83,0.8829787234042553,-0.05809312970359315,0.005628087638175462,1.0642082088452298e-05,0.04725761339068413
950,41.09876543209876,54,52,0.9509876543209876,0.0006856522589089309,0.07993809300781307,1.14047970782849e-05,3.360710620880127
951,-104.93760262725779,203,200,0.980623973727422,0.06272865501385771,0.11641795171594538,1.1422666830185335e-05,0.7490611672401428
952,-106.9479674796748,205,202,0.980520325203252,0.0708783988247319,0.0844137888470133,1.1444823030615225e-05,0.8086065053939819
953,40.95652173913044,46,40,0.8695652173913043,-0.1531284500779293,0.12462442271126761,1.1442407412687317e-05,0.2531457841396332
954,48.68707482993197,49,48,0.9768707482993197,-0.03815136539465769,0.24691330923243981,1.2200969649711624e-05,3.9221880435943604
955,63.95652173913044,23,20,0.8695652173913043,-0.3332952327327803,0.05768953619758577,1.2234781024744734e-05,0.7342574596405029
956,49.36879432624113,47,46,0.9636879432624114,-0.08228503572498785,0.2782243449090185,1.2582892850332428e-05,2.26692271232605
957,-104.93760262725779,203,200,0.980623973727422,0.03636265312911746,0.12160638235144564,1.2422756299201865e-05,0.8544173240661621
958,-110.87240829346092,209,206,0.9812759170653907,0.032072000281686996,0.06208677951231925,1.2360149412415922e-05,1.0736885070800781
959,-4.2549019607843235,102,100,0.9774509803921568,0.12306628893164628,0.8425632596099152,1.2639645319723058e-05,2.2923948764801025
960,-3.4224422442244276,101,99,0.9757755775577558,0.09547093942475726,0.6565204228389064,1.2645690731005743e-05,0.46145740151405334
961,-3.4224422442244276,101,99,0.9757755775577558,0.0663934279895102,0.22576747411492182,1.2290809536352754e-05,1.6059125661849976
962,-104.1881188118812,202,198,0.9781188118811881,-0.06824488058140332,0.9840224556881081,1.2290815902815666e-05,0.5955538153648376
963,63.95652173913044,23,20,0.8695652173913043,-0.0009674698012531735,2.638286249121542,1.2290565791772678e-05,0.48585137724876404
964,40.95652173913044,46,40,0.8695652173913043,-0.24641559335941565,0.4001629449012123,1.2282050192879979e-05,0.02143368124961853
965,40.95652173913044,46,40,0.8695652173913043,-0.27212529923781403,0.12012761880609801,1.2272821550141089e-05,0.20101004838943481
966,-110.01282051282051,208,204,0.9798717948717949,-0.09492695044548327,0.851778361544632,1.2250383406353649e-05,0.5223129391670227
967,-4.777777777777786,102,100,0.9722222222222222,-0.0004999891617671892,0.832959976573493,1.2249679457454477e-05,0.33479222655296326
968,-102.16,200,196,0.9784,0.022220384620482037,0.8593429438648923,1.2162325219833292e-05,0.21186161041259766
969,40.95652173913044,46,40,0.8695652173913043,-0.2511364328483978,0.08459120312951018,1.2151960618211888e-05,0.16563543677330017
970,63.95652173913044,23,20,0.8695652173913043,-0.198839335219418,0.023127034895532028,1.2101902939321008e-05,0.06086440756917
971,63.95652173913044,23,20,0.8695652173913043,-0.23220951342955232,0.05148107338504815,1.203939609695226e-05,0.49293968081474304
972,-9.541666666666657,96,83,0.8645833333333334,-0.03475911443729274,0.6152580545482363,1.2038131899316795e-05,0.16440773010253906
973,46.626666666666665,50,49,0.9662666666666667,0.04092860632272277,0.2760826790032489,1.2047038580931257e-05,0.6216773986816406
974,47.266666666666666,50,49,0.9726666666666667,0.10279607684935854,0.4408439497786425,1.2759261153405532e-05,3.275411367416382
975,-100.71524288107203,199,196,0.9828475711892797,0.4499293860089626,0.19156476358959254,1.2795870134141296e-05,0.8872233033180237
976,63.95652173913044,23,20,0.8695652173913043,-0.146047748021374,0.11600087699037331,1.2772922673320863e-05,0.1586848497390747
977,47.266666666666666,50,49,0.9726666666666667,-0.018886113145981653,0.20617024682719887,1.3201075489632785e-05,2.922313690185547
978,63.95652173913044,23,20,0.8695652173913043,-0.2527965876356575,0.028718936130534778,1.3047795619058888e-05,0.4738346338272095
979,63.95652173913044,23,20,0.8695652173913043,-0.2051256922277389,0.032326658883057746,1.3049229892203584e-05,0.29030323028564453
980,-7.631578947368411,95,83,0.8736842105263158,-0.1726259191000281,1.0777689684937073,1.3060052879154682e-05,0.49688032269477844
981,48.68707482993197,49,48,0.9768707482993197,-0.05125331253248078,0.2238975966429564,1.3233079698693473e-05,3.1759095191955566
982,-110.01282051282051,208,204,0.9798717948717949,0.006807829994215808,0.3316384286373198,1.3199729437474161e-05,0.44379183650016785
983,-9.541666666666657,96,83,0.8645833333333334,-0.1105366664213534,0.9767366739302555,1.3237092389317695e-05,0.7996737360954285
984,-7.895238095238099,105,103,0.971047619047619,0.0047515390660421986,0.2772558134656413,1.3245186892163474e-05,0.47623929381370544
985,-7.631578947368411,95,83,0.8736842105263158,-0.032041112301612884,0.392387400584545,1.324356344412081e-05,0.05694698542356491
986,63.95652173913044,23,20,0.8695652173913043,0.20702291387715377,4.351190935695001,1.3246603884908836e-05,0.2754976451396942
987,63.95652173913044,23,20,0.8695652173913043,0.13815568041900406,3.0793928223253886,1.318965860264143e-05,0.2146688997745514
988,-7.631578947368411,95,83,0.8736842105263158,-0.033976416267705645,0.23199752101445292,1.3129258150001988e-05,0.3419119417667389
989,40.95652173913044,46,40,0.8695652173913043,-0.1325205839048067,0.019755920698843354,1.2541246178443544e-05,0.24665555357933044
990,43.888888888888886,45,40,0.8888888888888888,-0.1996160841481469,0.04700480143579222,1.2402058018778916e-05,0.12394601851701736
991,-106.41830065359477,204,200,0.9758169934640523,0.0863861582673735,0.2907973129682623,1.2712228453892749e-05,2.3172836303710938
992,-9.541666666666657,96,83,0.8645833333333334,-0.017803529935008555,1.3870922478212797,1.2712664101854898e-05,0.1983834058046341
993,40.95652173913044,46,40,0.8695652173913043,-0.36465746523754206,0.6207460734239056,1.2712714124063496e-05,0.20775733888149261
994,38.1063829787234,47,40,0.851063829787234,-0.3137375568639982,0.4656104139622974,1.2713468095171265e-05,0.15860839188098907
995,48.102040816326536,49,48,0.9710204081632653,0.20471956204087285,0.11487992795752722,1.2951915778103285e-05,2.1410157680511475
996,-5.317152103559877,103,101,0.9768284789644013,-0.027064992454427284,0.5727407715017273,1.3124491488269996e-05,1.6870670318603516
997,59.33333333333334,24,20,0.8333333333333334,0.001675855295616202,0.0682092710836315,1.2826575584767852e-05,0.3272055983543396
998,-4.91585760517799,103,102,0.98084142394822,0.03174407830357584,0.6008560445395357,1.2644297385122627e-05,0.8150278329849243
999,-4.777777777777786,102,100,0.9722222222222222,0.05630566700347117,0.32712674647691026,1.2661710570682772e-05,1.1351591348648071
1000,38.1063829787234,47,40,0.851063829787234,-0.17880276043786125,0.10734140305263896,1.2667871487792581e-05,0.3503135144710541
1001,38.1063829787234,47,40,0.851063829787234,-0.18668439325438158,0.08537075374636305,1.2668695489992388e-05,0.1374073028564453
1002,-7.1079365079365004,105,104,0.978920634920635,0.08976010860131245,0.039519059975145154,9.484627298661508e-06,0.7933415174484253
1003,47.29931972789116,49,48,0.9629931972789115,-0.09384168527145675,0.07769224645470985,1.2129658898629714e-05,6.595504283905029
1004,43.60377358490567,53,52,0.9660377358490566,-0.022280529490547707,0.1129403347151805,1.2165379303041846e-05,0.8441858291625977
1005,-105.54575163398692,204,201,0.9845424836601308,0.08168824473573634,2.0251503255385344,1.2221484212204814e-05,0.9427525997161865
1006,-5.702127659574472,94,83,0.8829787234042553,-0.08583615199859196,0.8403770453097423,1.2193992915854324e-05,0.1611420065164566
1007,-3.4224422442244276,101,99,0.9757755775577558,0.038086717565221306,0.5147947180602626,1.2236198926984798e-05,0.781722366809845
1008,40.95652173913044,46,40,0.8695652173913043,-0.3137404717745085,0.029115550708482374,1.2236060683790129e-05,0.1974724531173706
1009,-110.01282051282051,208,204,0.9798717948717949,0.12979513022110178,1.1567133443844864,1.2248113307578024e-05,0.7287447452545166
1010,40.95652173913044,46,40,0.8695652173913043,-0.24384908666252159,0.21084600037630707,1.2247559425304644e-05,0.17364658415317535
1011,63.95652173913044,23,20,0.8695652173913043,0.06999842487857677,0.5983512526047114,1.226224958372768e-05,0.8128069639205933
1012,40.95652173913044,46,40,0.8695652173913043,-0.17154423927422613,0.222960800760859,1.226171116286423e-05,0.037242233753204346
1013,59.33333333333334,24,20,0.8333333333333334,-0.0002074874864774756,0.011824232771115106,1.2047749805788044e-05,0.1372995674610138
1014,-9.541666666666657,96,83,0.8645833333333334,0.011367888814447724,0.8350778060727732,1.2048182725266088e-05,0.08675749599933624
1015,-107.0260162601626,205,201,0.979739837398374,0.22654631570242145,0.15365765023912337,1.1840431398013607e-05,0.6541103720664978
1016,43.8930817610063,53,52,0.9689308176100629,0.052378615569647735,0.16055547220410205,1.1853574505948927e-05,0.8990333676338196
1017,-104.93760262725779,203,200,0.980623973727422,0.17058859339279264,0.17267321884179176,1.1892439033545088e-05,0.6976360082626343
1018,-9.541666666666657,96,83,0.8645833333333334,-0.04569273703361887,1.0936695452797587,1.1704745702445507e-05,0.15596066415309906
1019,46.733333333333334,50,49,0.9673333333333334,-0.08813171527981467,0.2474157571268023,1.1722535418812186e-05,0.7171192169189453
1020,-109.9326923076923,208,204,0.9806730769230769,0.04426213382481592,0.10784810967602664,1.1941378033952788e-05,1.7885639667510986
1021,47.625850340136054,49,48,0.9662585034013605,-0.10951572978827251,0.19980491807012868,1.1940801414311863e-05,0.5341082215309143
1022,40.95652173913044,46,40,0.8695652173913043,-0.15579318125674035,0.020940919439759398,1.1914722563233227e-05,0.32924461364746094
1023,43.60377358490567,53,52,0.9660377358490566,0.08667368836682954,0.15941372686312683,1.229515237355372e-05,5.250583171844482
1024,-112.32698412698412,210,206,0.9767301587301588,-0.032121360788096354,0.0869540446121009,1.2351612895145081e-05,0.9026474952697754
1025,-9.541666666666657,96,83,0.8645833333333334,-0.009941911470271236,0.5290417827355117,1.2349695680313744e-05,0.007145630195736885
1026,-7.051282051282058,104,101,0.9694871794871794,0.11181236030915898,0.03602613380956257,1.2589714060595725e-05,2.191721200942993
1027,40.95652173913044,46,40,0.8695652173913043,-0.07756520146358525,0.14430771011278054,1.2313081242609769e-05,0.09981492161750793
1028,59.33333333333334,24,20,0.8333333333333334,-0.042624799974873895,0.08051054512004185,1.231196347362129e-05,0.43252280354499817
1029,40.95652173913044,46,40,0.8695652173913043,-0.07207348635711242,0.14878160744733293,1.2308148143347353e-05,0.1848054975271225
1030,47.29931972789116,49,48,0.9629931972789115,0.03343718280848407,0.09445023155413068,1.2610006706381682e-05,2.2484476566314697
1031,-107.0260162601626,205,201,0.979739837398374,-0.0052574590309291125,0.10021529502296976,1.2566672012326308e-05,0.5828346014022827
1032,-5.317152103559877,103,101,0.9768284789644013,0.06150928592614946,0.03746921362010447,1.2577344023156911e-05,1.7877464294433594
1033,-9.541666666666657,96,83,0.8645833333333334,-0.03556915233411928,0.7346284954692319,1.2438295925676357e-05,0.04537145793437958
1034,-9.541666666666657,96,83,0.8645833333333334,-0.04598993076259106,0.799089966355966,1.2051491466991138e-05,0.06437907367944717
1035,38.1063829787234,47,40,0.851063829787234,-0.17410175537861505,0.058483056404786765,1.2063938811479602e-05,0.4597669839859009
1036,63.95652173913044,23,20,0.8695652173913043,0.021570312846961315,0.012463699052896793,1.2208012776682153e-05,1.5851573944091797
1037,-9.541666666666657,96,83,0.8645833333333334,0.007036354604679218,0.4674400108177691,1.2207722647872288e-05,0.02018987387418747
1038,63.95652173913044,23,20,0.8695652173913043,0.04182033055121792,0.26067602365350695,1.2090441487089265e-05,0.2617103159427643
1039,-9.541666666666657,96,83,0.8645833333333334,0.022712268255190793,0.3335797233859884,1.1966930287599098e-05,0.20302614569664001
1040,-106.9479674796748,205,202,0.980520325203252,0.11955693330471417,0.10414749797084578,1.1982652722508647e-05,0.4355429708957672
1041,48.102040816326536,49,48,0.9710204081632653,0.043726295658188974,0.2804903022941131,1.2356372280919459e-05,2.5269646644592285
1042,-4.91585760517799,103,102,0.98084142394822,0.11217763405882764,0.025589458462796352,1.2423475709510967e-05,1.4421266317367554
1043,-5.961538461538453,104,103,0.9803846153846154,0.08496361127288488,0.04014476183645785,1.2877936569566373e-05,2.686281681060791
1044,-110.01282051282051,208,204,0.9798717948717949,-0.0045109233027460505,0.29926348787677687,1.2853894077125005e-05,0.7210441827774048
1045,-10.845679012345684,108,106,0.9715432098765432,0.05418083459157885,0.44069343867390964,1.3137719179212581e-05,2.113534688949585
1046,47.625850340136054,49,48,0.9662585034013605,-0.20654755308306783,1.284457539683892,1.3715741260966752e-05,3.1484534740448
1047,47.13333333333334,50,49,0.9713333333333334,-0.11198280433018226,0.27792981125298866,1.5022696970845573e-05,4.723289966583252
1048,40.95652173913044,46,40,0.8695652173913043,-0.1944714113515147,0.0616554490778114,1.4871920939185657e-05,0.083732470870018
1049,-110.85964912280701,209,206,0.9814035087719298,0.017039920583975743,0.2605022894388058,1.4884663869452197e-05,0.37426820397377014
1050,40.95652173913044,46,40,0.8695652173913043,-0.033609915346460184,1.3052028853142268,1.423321373295039e-05,0.023569095879793167
1051,40.95652173913044,46,40,0.8695652173913043,-0.024976243296805478,1.8013081544704832,1.4191100490279496e-05,0.06773985922336578
1052,43.73202614379085,51,49,0.9473202614379085,0.009654167957705795,2.1173678426196796,1.4440085578826256e-05,2.166297435760498
1053,-108.39805825242718,206,202,0.9760194174757282,0.05363603749356116,0.393154604102503,1.4459773410635535e-05,0.6072778105735779
1054,63.95652173913044,23,20,0.8695652173913043,-0.03874115650251042,0.13060741040726498,1.356159737042617e-05,0.422399640083313
1055,40.95652173913044,46,40,0.8695652173913043,-0.23327561712903844,0.020387830884946112,1.353506013401784e-05,0.3489149510860443
1056,47.625850340136054,49,48,0.9662585034013605,-0.09556464253495278,0.43321463059506016,1.3828683222527616e-05,3.165661573410034
1057,40.95652173913044,46,40,0.8695652173913043,-0.2784416993108607,0.16471423175835653,1.3777135791315231e-05,0.1942601054906845
1058,46.626666666666665,50,49,0.9662666666666667,-0.00949861838513022,0.2644440421107923,1.4105263289820869e-05,2.683804750442505
1059,38.1063829787234,47,40,0.851063829787234,-0.1859881686295921,0.05690709313726661,1.3747661796514876e-05,0.1974850296974182
1060,-5.317152103559877,103,101,0.9768284789644013,0.08956530495345305,0.03190895020820772,1.3823588233208284e-05,1.1273857355117798
1061,63.95652173913044,23,20,0.8695652173913043,0.045711531396591454,0.3761573688342894,1.3657430827151984e-05,0.2696245014667511
1062,-7.631578947368411,95,83,0.8736842105263158,0.02285747967653151,0.2364102516497764,1.3626328836835455e-05,0.025719894096255302
1063,49.02721088435375,49,49,0.9802721088435374,0.07247800963722639,1.2468988840212438,1.3822336768498644e-05,1.716487169265747
1064,-107.0260162601626,205,201,0.979739837398374,0.06214015989132804,0.29414855853621263,1.3859260434401222e-05,0.6637107133865356
1065,-104.76026272577997,203,200,0.9823973727422003,0.03186797350144843,0.24504759002190069,1.3868279893358704e-05,0.3110966384410858
1066,-10.95061728395062,108,105,0.9704938271604938,0.03751553277078368,0.31851345918500407,1.3908816072216723e-05,0.9489740133285522
1067,63.95652173913044,23,20,0.8695652173913043,-0.2778539807040943,0.8769397587412868,1.3910580491938163e-05,0.5817424654960632
1068,59.33333333333334,24,20,0.8333333333333334,-0.2219301001750864,1.1026043950687665,1.390986653859727e-05,0.2629376947879791
1069,63.95652173913044,23,20,0.8695652173913043,-0.04514837361421087,0.24067614323981346,1.3909184417570941e-05,0.23374991118907928
1070,47.625850340136054,49,48,0.9662585034013605,0.14514089826298004,1.4385498487986033,1.3913105249230284e-05,0.283980131149292
1071,-7.631578947368411,95,83,0.8736842105263158,0.020000457526293758,0.0843117885268096,1.3904043044021819e-05,0.07246790081262589
1072,40.95652173913044,46,40,0.8695652173913043,0.029738798060861882,0.8677020115559437,1.3902645150665194e-05,0.12720772624015808
1073,40.95652173913044,46,40,0.8695652173913043,-0.014991946169175208,0.674204898470526,1.3888245121052023e-05,0.12750095129013062
1074,43.888888888888886,45,40,0.8888888888888888,-0.0628238221124775,0.5678443622530711,1.326608435192611e-05,0.05502689257264137
1075,-7.631578947368411,95,83,0.8736842105263158,-0.0124317941897516,0.5197254502736485,1.3207913070800714e-05,0.03298516571521759
1076,-7.631578947368411,95,83,0.8736842105263158,-0.021059197818317443,0.714364704397143,1.3206836229073815e-05,0.13425181806087494
1077,48.68707482993197,49,48,0.9768707482993197,-0.042980610796593766,0.3020788762438258,1.321772469964344e-05,2.954035758972168
1078,40.95652173913044,46,40,0.8695652173913043,-0.298388052455266,0.13873224626941488,1.3208114978624508e-05,0.10799504816532135
1079,-110.85964912280701,209,206,0.9814035087719298,-0.03532500077383455,0.038298082998916856,1.322909702139441e-05,0.6013675928115845
1080,-106.9479674796748,205,202,0.980520325203252,0.03172847440671944,0.03144279809514833,1.3262160791782662e-05,0.7711595892906189
1081,-9.541666666666657,96,83,0.8645833333333334,0.0018935433213300712,0.7254296320985547,1.2664999303524382e-05,0.06768813729286194
1082,-10.845679012345684,108,106,0.9715432098765432,0.021300368022821203,0.022313255186060754,1.2816215530619957e-05,1.594628930091858
1083,49.36879432624113,47,46,0.9636879432624114,-0.004980703725880192,0.07386968974083885,1.2818357390642632e-05,0.8046957850456238
1084,-4.2549019607843235,102,100,0.9774509803921568,0.06432466927431335,0.11806209663457744,1.2814728506782558e-05,0.3890136778354645
1085,-5.961538461538453,104,103,0.9803846153846154,0.029882925768285773,0.07487152265642819,1.2857898582296912e-05,0.8505258560180664
1086,-104.1881188118812,202,198,0.9781188118811881,0.1394196348804826,0.06110772341793003,1.288795920117991e-05,0.7051365375518799
1087,-2.8151815181518174,101,100,0.9818481848184818,0.06725315007648514,0.050594431845718546,1.296894970437279e-05,1.1624979972839355
1088,-9.541666666666657,96,83,0.8645833333333334,-0.023740429751228476,0.5331835134788064,1.2961453649040777e-05,0.11766349524259567
1089,-100.71524288107203,199,196,0.9828475711892797,0.060176905803274394,0.42465800389246644,1.3024893632973544e-05,1.0723365545272827
1090,-104.93760262725779,203,200,0.980623973727422,0.030477509604423858,0.37347347931308406,1.306280682911165e-05,0.7894607186317444
1091,-9.541666666666657,96,83,0.8645833333333334,-0.0757685657008551,0.5691081257222323,1.2735428754240274e-05,0.04925521835684776
1092,-104.1881188118812,202,198,0.9781188118811881,0.037124054440555554,0.3427930932727105,1.2773365597240627e-05,0.8002945780754089
1093,-7.631578947368411,95,83,0.8736842105263158,-0.0498710860938445,0.28908379695373854,1.2770300600095652e-05,0.047213029116392136
1094,63.95652173913044,23,20,0.8695652173913043,-0.05923423473541334,2.2940839463871763,1.2777632036886644e-05,0.41755032539367676
1095,-6.721682847896432,103,100,0.9627831715210357,0.017569510552675638,0.04911016949060476,1.2513098226918373e-05,0.5902603268623352
1096,63.95652173913044,23,20,0.8695652173913043,-0.17505131684447406,0.9478189749378316,1.2344398783170618e-05,0.48313450813293457
1097,-104.76026272577997,203,200,0.9823973727422003,0.12595967744118752,0.04230026460715284,1.2469777175283525e-05,1.4918317794799805
1098,-104.93760262725779,203,200,0.980623973727422,0.10585970019664792,0.06363961747893662,1.2480236364353914e-05,0.9904792308807373
1099,47.266666666666666,50,49,0.9726666666666667,-0.09452847241300333,0.4660001291442443,2.7164478524355218e-05,15.520366668701172
1100,-100.71524288107203,199,196,0.9828475711892797,0.11124028803369868,0.25458312180342807,2.7193975256523117e-05,0.6705187559127808
1101,-9.541666666666657,96,83,0.8645833333333334,-0.11996805683975253,1.2685092786839254,2.7201711418456398e-05,0.3692587614059448
1102,-3.4224422442244276,101,99,0.9757755775577558,0.025763994642602484,0.11550915996878831,2.7197493182029575e-05,0.7426534295082092
1103,-110.01282051282051,208,204,0.9798717948717949,0.04362626131188474,0.1516993037361786,2.461205076542683e-05,0.9856859445571899
1104,40.95652173913044,46,40,0.8695652173913043,-0.333143875735459,0.08406578267920871,2.45728951995261e-05,0.3459326922893524
1105,43.704402515723274,53,52,0.9670440251572328,0.06944125297817294,0.03782445910515975,2.4558839868404903e-05,0.8802979588508606
1106,-5.702127659574472,94,83,0.8829787234042553,-0.05870656637944194,0.17224898849330783,2.455525282130111e-05,0.07801380753517151
1107,-9.541666666666657,96,83,0.8645833333333334,-0.02386726330178135,0.33402675142635785,2.451947148074396e-05,0.02812974341213703
1108,40.95652173913044,46,40,0.8695652173913043,-0.0892036994046066,0.3603310866197331,2.45209284912562e-05,0.2594532072544098
1109,-110.01282051282051,208,204,0.9798717948717949,0.14170980312434267,0.09682739640136934,2.449981366225984e-05,0.4282541275024414
1110,63.95652173913044,23,20,0.8695652173913043,-0.027005623771401588,1.7659160759347827,2.450209103699308e-05,0.27556928992271423
1111,-5.317152103559877,103,101,0.9768284789644013,0.02517272178397434,0.0999331648476054,2.4723973183427006e-05,2.1056621074676514
1112,63.95652173913044,23,20,0.8695652173913043,-0.09185599036391068,0.3107113358807401,2.4725974071770906e-05,0.2091376781463623
1113,40.95652173913044,46,40,0.8695652173913043,-0.16810808262562205,0.015285451807763195,2.4728738935664296e-05,0.24707448482513428
1114,40.95652173913044,46,40,0.8695652173913043,-0.19986764280474745,0.04427968161243001,2.4732458768994547e-05,0.20580832660198212
1115,-11.432989690721655,97,83,0.8556701030927835,-0.057136360454023816,0.9157534530634452,2.470787694619503e-05,0.047613468021154404
1116,-102.16,200,196,0.9784,0.012494606232152705,0.5795019285413342,2.471873267495539e-05,1.002248764038086
1117,-106.9479674796748,205,202,0.980520325203252,0.03431777163557115,0.2471251910505996,2.4749238946242258e-05,1.0083184242248535
1118,-106.9479674796748,205,202,0.980520325203252,0.07534406505055813,0.17800831982473128,2.4777116777841002e-05,0.7349839806556702
1119,-7.631578947368411,95,83,0.8736842105263158,0.0013564630417590706,0.23444488920731973,2.4750834199949168e-05,0.032316625118255615
1120,-106.9219512195122,205,202,0.980780487804878,0.11907044981031234,0.082539946581193,2.4729886717977934e-05,1.644913673400879
1121,-110.01282051282051,208,204,0.9798717948717949,0.13659493697275593,0.06071906230875457,2.482505442458205e-05,1.3741878271102905
1122,47.13333333333334,50,49,0.9713333333333334,0.13406062970891444,0.06009504417322109,2.5482993805781007e-05,3.2474067211151123
1123,-110.87240829346092,209,206,0.9812759170653907,0.08795252259315411,0.06039228206408148,2.402021891612094e-05,1.8684639930725098
1124,43.704402515723274,53,52,0.9670440251572328,0.12855182329917625,0.09142273226263509,2.4210452465922572e-05,1.928631067276001
1125,46.06666666666666,50,49,0.9606666666666667,0.03714745459637925,0.8805653116713695,2.4227629182860255e-05,0.5468652844429016
1126,38.1063829787234,47,40,0.851063829787234,-0.2440829848528665,0.6284614593300617,2.394323928456288e-05,0.31870177388191223
1127,40.91358024691358,54,52,0.9491358024691358,-0.027113822025913947,0.1054012850484689,2.3956472432473674e-05,0.506618320941925
1128,63.95652173913044,23,20,0.8695652173913043,-0.06008020545777981,0.2292725910923199,2.395010960754007e-05,0.2807334363460541
1129,-3.7526881720430083,93,83,0.8924731182795699,-0.09108698744041988,0.01936520530193232,2.394828334217891e-05,0.03722218796610832
1130,-9.031446540880495,106,104,0.969685534591195,-0.1162767302840848,0.021746843931720328,2.379321631451603e-05,1.6161155700683594
1131,-7.631578947368411,95,83,0.8736842105263158,-0.059951023122948754,0.05644208843042971,2.3773083739797585e-05,0.023043006658554077
1132,47.625850340136054,49,48,0.9662585034013605,-0.04608627802659471,3.6812069088102684,2.3808357582311146e-05,1.891447901725769
1133,63.95652173913044,23,20,0.8695652173913043,0.06059609421208734,2.604661591794775,2.3810302081983536e-05,0.21048220992088318
1134,-5.71844660194175,103,101,0.9728155339805825,0.0024788479134413843,0.029803952789370425,2.4021914214245044e-05,1.8965157270431519
1135,63.95652173913044,23,20,0.8695652173913043,-0.21807148254447384,0.037268887548698615,2.4011151253944263e-05,0.2236073911190033
1136,-6.857605177993534,103,100,0.9614239482200647,-0.037146406812397004,0.1931938734005174,2.3868686184869148e-05,0.7131264209747314
1137,-106.24183006535948,204,200,0.9775816993464053,-0.03404146125956231,0.5749025305865861,2.392474198131822e-05,1.0525845289230347
1138,40.95652173913044,46,40,0.8695652173913043,-0.4750544096932572,0.7207978832895918,2.392671740381047e-05,0.2628752589225769
1139,59.33333333333334,24,20,0.8333333333333334,-0.37872278422582895,2.2056254174603964,2.3926922949613072e-05,0.19371448457241058
1140,-5.71844660194175,103,101,0.9728155339805825,0.13393784943127685,0.02740605343676128,2.3920605599414557e-05,0.3055410385131836
1141,-9.541666666666657,96,83,0.8645833333333334,0.1154310775173144,0.14823906782884677,2.3518985472037457e-05,0.07620303332805634
1142,63.95652173913044,23,20,0.8695652173913043,0.036713422887260094,5.378187744631426,2.339792627026327e-05,0.22161073982715607
1143,-6.538461538461533,104,102,0.9746153846153847,0.1475592441347544,0.19398051736530875,2.3081294784788042e-05,1.5765650272369385
1144,43.888888888888886,45,40,0.8888888888888888,0.03210683360885014,1.83614481423948,2.3056698410073295e-05,0.2153397500514984
1145,43.60377358490567,53,52,0.9660377358490566,0.05808534431980661,1.4757524778543853,2.281897650391329e-05,0.6738214492797852
1146,-7.631578947368411,95,83,0.8736842105263158,-0.056244419994072814,0.4977638072110633,2.2180582163855433e-05,0.03673667088150978
1147,-7.631578947368411,95,83,0.8736842105263158,-0.12343729424992489,0.8235157348756309,2.0750054318341427e-05,0.02245423011481762
1148,-104.1881188118812,202,198,0.9781188118811881,0.014859689524464372,0.8108660445268824,2.0754845536430366e-05,0.20659977197647095
1149,59.33333333333334,24,20,0.8333333333333334,-0.36162695748498663,1.3688812641794357,2.0841211153310724e-05,1.2190569639205933
1150,40.95652173913044,46,40,0.8695652173913043,-0.36279674914476345,0.26368619941140725,2.0849654902121983e-05,0.3571060001850128
1151,-110.85964912280701,209,206,0.9814035087719298,0.07414928707429169,0.27293640085586657,2.0911502360831946e-05,1.1400573253631592
1152,-102.16,200,196,0.9784,0.12445428718871199,0.4408972821211591,2.066563320113346e-05,0.3077951669692993
1153,46.7516339869281,51,51,0.977516339869281,-0.014979676745497272,0.2610484560728965,2.0766085071954876e-05,1.306337833404541
1154,-7.631578947368411,95,83,0.8736842105263158,-0.010863266835301033,0.29154051527320485,2.0759764083777554e-05,0.05122316628694534
1155,43.704402515723274,53,52,0.9670440251572328,0.07698291437809246,0.6965242152438136,2.0815719835809432e-05,0.9078052043914795
1156,-7.1079365079365004,105,104,0.978920634920635,0.09818566752903735,0.015257095722146063,2.0340703485999256e-05,1.9193952083587646
1157,-109.9326923076923,208,204,0.9806730769230769,0.16871783543340602,0.029400277577503076,2.0373518054839224e-05,0.9178981781005859
1158,-9.541666666666657,96,83,0.8645833333333334,-0.028528521310590804,0.37558581374957695,1.986806637432892e-05,0.0688907727599144
1159,47.29931972789116,49,48,0.9629931972789115,0.012422582491552703,0.24382242114526775,2.1022724467911758e-05,4.162405014038086
1160,-110.01282051282051,208,204,0.9798717948717949,0.04038526336656201,0.045467070385345684,2.097029755532276e-05,0.45976749062538147
1161,-9.541666666666657,96,83,0.8645833333333334,-0.07275673714048025,0.5230327707021118,2.097008837154135e-05,0.057293448597192764
1162,-104.93760262725779,203,200,0.980623973727422,0.01744693202606129,0.13016274935774516,2.0973398932255805e-05,0.36827462911605835
1163,43.888888888888886,45,40,0.8888888888888888,-0.09414278091526285,0.5693597032438482,2.0827426851610653e-05,0.3103620707988739
1164,-102.16,200,196,0.9784,0.014269122604559925,0.21556131607697376,2.0811108697671443e-05,0.15528802573680878
1165,-9.541666666666657,96,83,0.8645833333333334,-0.07771717736943629,0.5934018253122701,2.0809176930924878e-05,0.02127016894519329
1166,-110.85964912280701,209,206,0.9814035087719298,0.000412204450583431,0.05233295764507588,2.0761759515153244e-05,0.5582365989685059
1167,-110.01282051282051,208,204,0.9798717948717949,0.05152452700282595,0.050023379479529256,2.076159398711752e-05,0.7869130969047546
1168,63.95652173913044,23,20,0.8695652173913043,-0.026428987327562936,2.074897764044853,2.0758025129907764e-05,0.12271072715520859
1169,-9.541666666666657,96,83,0.8645833333333334,-0.05458822145232034,0.664325835983839,2.0756455342052504e-05,0.019387200474739075
1170,-10.95061728395062,108,105,0.9704938271604938,-0.000862863042572215,0.0822260922394845,2.080781450786162e-05,1.109129548072815
1171,-9.541666666666657,96,83,0.8645833333333334,-0.04105380860892183,0.8827581352430398,2.0808871340705082e-05,0.05811388045549393
1172,-4.915032679738559,102,100,0.9708496732026144,0.03446454441610135,0.014490488600593043,2.0870718799415044e-05,1.1771665811538696
1173,47.266666666666666,50,49,0.9726666666666667,0.06570904084933105,0.5793205532707475,2.180619048886001e-05,3.7613229751586914
1174,-9.541666666666657,96,83,0.8645833333333334,-0.01717349978639504,0.8895517986332381,2.1807140001328662e-05,0.07234226912260056
1175,-5.961538461538453,104,103,0.9803846153846154,0.044002628349350204,0.07690089597561434,2.1819079847773537e-05,0.584089457988739
1176,-9.541666666666657,96,83,0.8645833333333334,0.010304018174402074,0.6489417749497658,2.181487980124075e-05,0.036678340286016464
1177,-104.93760262725779,203,200,0.980623973727422,0.30065024338528956,0.04572607948666265,2.133275665983092e-05,1.1555203199386597
1178,63.95652173913044,23,20,0.8695652173913043,-0.11503427215211559,0.4091708455034109,2.1332065443857573e-05,0.1851179301738739
1179,-11.432989690721655,97,83,0.8556701030927835,-0.0023122487737055053,0.9014442742854862,2.1319508960004896e-05,0.002755741123110056
1180,-7.631578947368411,95,83,0.8736842105263158,-0.03955941674666974,0.3375290113405387,2.129639142367523e-05,0.05668933689594269
1181,63.95652173913044,23,20,0.8695652173913043,-0.14792381927691167,0.4444851440879205,2.1301599190337583e-05,0.24798719584941864
1182,-7.631578947368411,95,83,0.8736842105263158,-0.041454485248550554,0.2759840349553785,2.116758878401015e-05,0.0020899984519928694
1183,-112.32698412698412,210,206,0.9767301587301588,-0.01921214756248446,0.342725141841138,2.1146057406440377e-05,0.3032096326351166
1184,38.1063829787234,47,40,0.851063829787234,-0.2924998844318907,0.05581908141397207,2.1148753148736432e-05,0.30588260293006897
1185,40.95652173913044,46,40,0.8695652173913043,-0.16861472550408507,0.062382984568102984,2.1099760488141328e-05,0.04295046254992485
1186,-2.8151815181518174,101,100,0.9818481848184818,-0.010773858796037317,0.4856707539127364,2.1080193619127385e-05,0.2927376329898834
1187,-7.631578947368411,95,83,0.8736842105263158,-0.030690045821643253,0.07513084717822749,2.1001098502893e-05,0.008512480184435844
1188,-5.317152103559877,103,101,0.9768284789644013,0.005688214509760314,0.304200500748019,2.1112538888701238e-05,1.4613209962844849
1189,63.95652173913044,23,20,0.8695652173913043,0.055417469162421185,2.20054903524869,2.1051762814749964e-05,0.1533924639225006
1190,46.626666666666665,50,49,0.9662666666666667,0.0021192640155049958,0.1881632181209909,2.1236302927718498e-05,1.78036367893219
1191,-7.1079365079365004,105,104,0.978920634920635,-0.04210795009123558,0.01310892244105144,2.14848478208296e-05,2.100889205932617
1192,40.95652173913044,46,40,0.8695652173913043,-0.33181464556582796,0.05073917091016906,2.1455973183037713e-05,0.1359114944934845
1193,-106.24183006535948,204,200,0.9775816993464053,-0.12348212010338955,1.3044219975332865,2.147315717593301e-05,0.6166583895683289
1194,63.95652173913044,23,20,0.8695652173913043,-0.10198431558092125,0.07631738766528429,2.1469015337061137e-05,0.13201072812080383
1195,63.95652173913044,23,20,0.8695652173913043,-0.09268383828941751,0.040906090937824074,2.1443878722493537e-05,0.13801082968711853
1196,43.888888888888886,45,40,0.8888888888888888,-0.3112044515175967,0.042899896580070936,2.1426842067739926e-05,0.226715549826622
1197,-106.9219512195122,205,202,0.980780487804878,-0.011068420391561418,0.3559772338168612,2.1332272808649577e-05,0.7323810458183289
1198,40.95652173913044,46,40,0.8695652173913043,-0.23483355010284868,0.2245337114173731,2.1284218746586703e-05,0.17839859426021576
1199,40.95652173913044,46,40,0.8695652173913043,-0.19271162306267797,0.4082184889171856,6.442559879360488e-06,0.025286352261900902
1200,63.95652173913044,23,20,0.8695652173913043,0.13291600567754358,1.7421521529425377,6.425007086363621e-06,0.405950129032135
1201,-102.16,200,196,0.9784,0.14107399016126365,0.07060177230752154,6.414180461433716e-06,0.3717220425605774
1202,-9.541666666666657,96,83,0.8645833333333334,-0.11705474108168801,0.22113749011823575,6.3937918639567215e-06,0.06339676678180695
1203,-4.2549019607843235,102,100,0.9774509803921568,0.03046119478602538,0.06347825456274792,6.569254765054211e-06,2.031602144241333
1204,40.95652173913044,46,40,0.8695652173913043,-0.26035300143894347,0.1313116957642535,6.5615104176686145e-06,0.09002680331468582
1205,-7.631578947368411,95,83,0.8736842105263158,-0.1325875066068818,0.22997215077499,6.529048278025584e-06,0.021993322297930717
1206,-110.87240829346092,209,206,0.9812759170653907,0.09250103604214033,0.06257337125810113,6.5752005866670515e-06,0.9947731494903564
1207,43.888888888888886,45,40,0.8888888888888888,-0.19499843408698325,0.04098200713617306,6.577751264558174e-06,0.20820917189121246
1208,-6.480769230769226,104,102,0.9751923076923077,0.01353709098233935,0.019511116984785245,6.5848294070747215e-06,0.6192777752876282
1209,47.625850340136054,49,48,0.9662585034013605,-0.048045600730332705,0.28870575504489615,6.704431143589318e-06,1.3014037609100342
1210,46.06666666666666,50,49,0.9606666666666667,-0.041093666541200946,0.1179156350826247,6.719730208715191e-06,0.7341277599334717
1211,40.95652173913044,46,40,0.8695652173913043,-0.054273496617497585,0.023432539890944848,6.485899575636722e-06,0.1921428143978119
1212,-9.541666666666657,96,83,0.8645833333333334,-0.08476810053747386,0.15204447608531801,6.483586275862763e-06,0.02767004258930683
1213,-102.16,200,196,0.9784,0.03209539763860647,0.0559319132400695,6.479535386461066e-06,0.20364290475845337
1214,46.733333333333334,50,49,0.9673333333333334,0.0008939403969634441,0.3121740164190321,6.4990476857929025e-06,0.7855237126350403
1215,-102.70149253731343,201,198,0.9829850746268657,0.002003162457619113,0.012522554997243083,6.50808533464442e-06,0.5177173614501953
1216,-4.915032679738559,102,100,0.9708496732026144,0.028465023335237927,0.15036350091647907,6.581595698662568e-06,1.531633734703064
1217,63.95652173913044,23,20,0.8695652173913043,-0.04198028223390793,0.05388686202141457,6.539106834679842e-06,0.2174331694841385
1218,43.8930817610063,53,52,0.9689308176100629,0.021568032120240055,0.08941875292866759,6.624958132306347e-06,1.2164950370788574
1219,-9.541666666666657,96,83,0.8645833333333334,-0.08608909546819632,0.4632578145686566,6.624940851907013e-06,0.03260013088583946
1220,-7.051282051282058,104,101,0.9694871794871794,-0.04527880933981265,0.026781791105303668,6.507758371299133e-06,0.7996440529823303
1221,-6.538461538461533,104,102,0.9746153846153847,-0.007008989126461529,0.03724962052724212,6.462009423557902e-06,0.9257838129997253
1222,-7.631578947368411,95,83,0.8736842105263158,-0.053867066784277995,0.8299484675872284,5.768559276475571e-06,0.043569546192884445
1223,-9.541666666666657,96,83,0.8645833333333334,-0.04742089898547874,1.194317449426599,5.580267952609574e-06,0.03426514193415642
1224,-6.480769230769226,104,102,0.9751923076923077,-0.017025995243186372,0.02014651646112818,5.325156507751672e-06,0.21450459957122803
1225,-110.87240829346092,209,206,0.9812759170653907,0.06485193605314876,0.04258171915530701,5.3738294809591025e-06,1.099805474281311
1226,-9.541666666666657,96,83,0.8645833333333334,0.0023188523451835863,0.9898960843761051,5.3670405577577185e-06,0.019144605845212936
1227,-9.541666666666657,96,83,0.8645833333333334,0.01069970962998923,0.8444048714018058,5.350710125640035e-06,0.022646820172667503
1228,-4.915032679738559,102,100,0.9708496732026144,0.06586599874374244,0.1374323314139757,5.583262918662513e-06,2.124783515930176
1229,-106.24183006535948,204,200,0.9775816993464053,0.11631310355960522,0.032322748039666394,5.585424332821276e-06,0.09397047013044357
1230,46.06666666666666,50,49,0.9606666666666667,-0.06503594172681915,0.938005535262036,7.2069797170115635e-06,5.215226650238037
1231,-112.32698412698412,210,206,0.9767301587301588,0.09438618191856563,0.0643827988118954,7.232205462059937e-06,0.7296542525291443
1232,-110.85964912280701,209,206,0.9814035087719298,0.08525765961093157,0.05083200501248669,7.04935155226849e-06,0.5818737745285034
1233,-4.2549019607843235,102,100,0.9774509803921568,0.07403766837062267,0.49115699321995576,7.141623427742161e-06,1.3321119546890259
1234,-7.051282051282058,104,101,0.9694871794871794,0.053952355058825174,0.19423188120011048,6.949149792490061e-06,0.45273932814598083
1235,63.95652173913044,23,20,0.8695652173913043,0.006721779490362678,1.1112649023766505,6.947218025743496e-06,0.15276610851287842
1236,43.888888888888886,45,40,0.8888888888888888,-0.22004549572193355,0.44201799879014914,6.92783441991196e-06,0.28203997015953064
1237,40.95652173913044,46,40,0.8695652173913043,-0.23702103530672503,0.133326015747182,6.8694635046995245e-06,0.11855021119117737
1238,59.33333333333334,24,20,0.8333333333333334,-0.062094347944366746,0.03177667828472508,6.867567208246328e-06,0.21456268429756165
1239,59.33333333333334,24,20,0.8333333333333334,-0.04077269774461456,0.035674314110462735,6.8681856646435335e-06,0.1627761423587799
1240,-110.85964912280701,209,206,0.9814035087719298,-0.2282525477186006,2.257980196458696,6.874670816614525e-06,0.48666372895240784
1241,-10.845679012345684,108,106,0.9715432098765432,-0.02760224939873815,0.9153182012593484,6.9272959990485106e-06,1.0060558319091797
1242,-7.631578947368411,95,83,0.8736842105263158,-0.10226079355970796,0.46734261493549634,6.924287845322397e-06,0.02526124380528927
1243,43.60377358490567,53,52,0.9660377358490566,-0.09968182799716185,0.7043352988225138,6.804308213759214e-06,0.5040435194969177
1244,63.95652173913044,23,20,0.8695652173913043,0.040746243153080286,0.5922337395012501,6.802487405366264e-06,0.06716443598270416
1245,-9.541666666666657,96,83,0.8645833333333334,-0.045175527973242424,0.3409542462869451,6.771288099116646e-06,0.01030705776065588
1246,-100.66834170854271,199,196,0.9833165829145729,0.08289069561444329,0.22878306678811097,6.771359949198086e-06,0.06233778968453407
1247,47.625850340136054,49,48,0.9662585034013605,-0.10651755728715284,0.4935314571496292,7.187640221673064e-06,2.5467565059661865
1248,43.888888888888886,45,40,0.8888888888888888,-0.4112971220823276,0.031305408716949756,7.194134013843723e-06,0.4467952847480774
1249,43.8930817610063,53,52,0.9689308176100629,0.0753101761752426,0.07786611976515001,8.826729754218832e-06,5.270358085632324
1250,47.625850340136054,49,48,0.9662585034013605,-0.08871233603790074,0.14369459437492285,9.920861884893384e-06,4.257122039794922
1251,47.266666666666666,50,49,0.9726666666666667,-0.037885240611430504,0.22858121845814594,1.1932113920920528e-05,5.929625034332275
1252,63.95652173913044,23,20,0.8695652173913043,-0.14317138207798052,0.1365707718409226,1.1930963410122786e-05,0.22958876192569733
1253,-100.71524288107203,199,196,0.9828475711892797,0.3700042299624329,0.06935967601640496,1.1885968888236675e-05,0.730644702911377
1254,-109.9326923076923,208,204,0.9806730769230769,0.2672248621257367,0.07180428180044186,1.212914867210202e-05,1.9009190797805786
1255,-9.541666666666657,96,83,0.8645833333333334,-0.003998484347675912,0.293726036264496,1.2086854439985473e-05,0.02223665826022625
1256,-6.538461538461533,104,102,0.9746153846153847,0.08204462007370239,0.07078642235651367,1.1894022463820875e-05,0.8442070484161377
1257,40.95652173913044,46,40,0.8695652173913043,-0.505941563724889,0.043857260169108514,1.183471340482356e-05,0.2673744261264801
1258,-9.541666666666657,96,83,0.8645833333333334,-0.07259821178786297,0.5264775256246795,1.1833677490358241e-05,0.05950826779007912
1259,-7.631578947368411,95,83,0.8736842105263158,-0.04657446150963551,0.2867029871893089,1.08029053080827e-05,0.05291157588362694
1260,63.95652173913044,23,20,0.8695652173913043,-0.014443487484186335,0.6278519989712739,1.0788524377858266e-05,0.16889284551143646
1261,40.95652173913044,46,40,0.8695652173913043,-0.29239862923850524,0.3455169686777415,1.0788682629936375e-05,0.024367649108171463
1262,43.704402515723274,53,52,0.9670440251572328,-0.055482080235170386,0.733594738395433,1.0778659088828135e-05,0.10841492563486099
1263,47.13333333333334,50,49,0.9713333333333334,-0.11945200042677229,0.3932052716879113,1.2105088899261318e-05,4.728703022003174
1264,-106.9479674796748,205,202,0.980520325203252,-0.16928289875538827,4.498163600511185,1.2106835129088722e-05,0.16699540615081787
1265,-104.93760262725779,203,200,0.980623973727422,-0.12607956574651524,4.201874659932585,1.2118623089918401e-05,0.3624526858329773
1266,40.95652173913044,46,40,0.8695652173913043,-0.36746502578080253,0.029117409581875364,1.2098746083211154e-05,0.3313677906990051
1267,-3.4224422442244276,101,99,0.9757755775577558,0.03954382134259049,0.030238950433406103,1.2317314940446522e-05,1.9829317331314087
1268,-11.432989690721655,97,83,0.8556701030927835,0.021956348281946703,0.5439945980138368,1.231738042406505e-05,0.041968535631895065
1269,-109.40064102564102,208,206,0.9859935897435897,0.030140409210308694,1.3631509782624462,1.2356638762867078e-05,0.7166503667831421
1270,-2.953795379537965,101,100,0.9804620462046204,0.10410553580039306,0.3200382907884407,1.2592196981131565e-05,2.2096621990203857
1271,40.95652173913044,46,40,0.8695652173913043,-0.14456521218380658,0.09724809333868478,1.2592519851750694e-05,0.038919031620025635
1272,40.95652173913044,46,40,0.8695652173913043,-0.14068384198617423,0.11763694545068226,1.2496785529947374e-05,0.21950380504131317
1273,40.95652173913044,46,40,0.8695652173913043,-0.0958340241922997,0.10945118221676964,1.165829598903656e-05,0.20007088780403137
1274,-106.9219512195122,205,202,0.980780487804878,0.16388596214255813,0.25300298736004345,1.1726283446478192e-05,1.0088346004486084
1275,-9.541666666666657,96,83,0.8645833333333334,0.049283985053151014,0.16718811752144241,1.1702213669195771e-05,0.017698444426059723
1276,46.626666666666665,50,49,0.9662666666666667,0.0824600676384577,0.18603797817091852,1.1799987078120466e-05,1.31768798828125
1277,40.95652173913044,46,40,0.8695652173913043,-0.06012346325951512,0.022024508779484364,1.1720575457729865e-05,0.02171800099313259
1278,-4.2549019607843235,102,100,0.9774509803921568,0.10541639800260993,0.027571070219872595,1.2009819329250604e-05,2.1311123371124268
1279,48.68707482993197,49,48,0.9768707482993197,-0.10734876558127006,0.3275270845046929,1.3301422768563498e-05,4.631145477294922
1280,40.95652173913044,46,40,0.8695652173913043,-0.17514027576544322,0.1101092462682951,1.3301187209435739e-05,0.04727756604552269
1281,40.95652173913044,46,40,0.8695652173913043,-0.18374830059110536,0.04132488324830064,1.3299576494318899e-05,0.19413180649280548
1282,43.60377358490567,53,52,0.9660377358490566,0.0005148255736457941,0.046552913254318984,1.3950255379313603e-05,3.3449652194976807
1283,40.95652173913044,46,40,0.8695652173913043,-0.1465465031956228,0.08457256267105032,1.3945398677606136e-05,0.04216485843062401
1284,-102.16,200,196,0.9784,0.11130283663670681,0.22100301653156823,1.3946962098998483e-05,0.18503211438655853
1285,48.102040816326536,49,48,0.9710204081632653,-0.04093462470328513,0.27352221538319554,1.3965548532723915e-05,0.46809661388397217
1286,-5.317152103559877,103,101,0.9768284789644013,0.03253712052338642,0.1097972201316476,1.406415321980603e-05,1.2247544527053833
1287,43.8930817610063,53,52,0.9689308176100629,0.023801645615197486,0.31437080053463545,1.4585404642275535e-05,3.015852928161621
1288,-9.541666666666657,96,83,0.8645833333333334,-0.03677900626925634,0.919585099708567,1.4431162526307162e-05,0.0324198417365551
1289,-9.541666666666657,96,83,0.8645833333333334,-0.0405456311486887,0.933254994297285,1.4431087947741617e-05,0.0481947623193264
1290,40.95652173913044,46,40,0.8695652173913043,-0.06300778616423486,0.012910433924461229,1.4264725905377418e-05,0.034937553107738495
1291,-106.24183006535948,204,200,0.9775816993464053,0.09740897513726132,0.1786595452413685,1.398722997691948e-05,0.5568434596061707
1292,-3.4224422442244276,101,99,0.9757755775577558,0.04113204768108858,0.1113816391693581,1.4306169759947807e-05,2.15697979927063
1293,40.95652173913044,46,40,0.8695652173913043,-0.041932470185201964,0.045537880072340386,1.4274084605858661e-05,0.09412088245153427
1294,48.68707482993197,49,48,0.9768707482993197,0.017141413380947768,0.2918125590186387,1.4451207789534237e-05,1.8274580240249634
1295,63.95652173913044,23,20,0.8695652173913043,0.14640468978586796,0.03225876449271681,1.4453041330853011e-05,0.22854812443256378
1296,40.95652173913044,46,40,0.8695652173913043,-0.06798404364963062,0.14652563737459978,1.4451343304244801e-05,0.14576752483844757
1297,43.8930817610063,53,52,0.9689308176100629,0.20165756390556755,0.6053919194531662,1.44082005135715e-05,0.17217610776424408
1298,40.95652173913044,46,40,0.8695652173913043,-0.1481991085838672,0.25264379602257137,1.440780033590272e-05,0.15429534018039703
1299,46.7516339869281,51,51,0.977516339869281,0.12006572669531579,0.6519718192247907,1.6751029761508107e-05,6.3412065505981445
1300,-5.71844660194175,103,101,0.9728155339805825,0.07806710058366662,0.029380486752215162,1.6807558495202102e-05,0.8236063122749329
1301,38.1063829787234,47,40,0.851063829787234,-0.17233266664334224,0.19192151272361002,1.6791389498393983e-05,0.053749095648527145
1302,-4.2549019607843235,102,100,0.9774509803921568,0.07997775116644412,0.03054780144704245,1.689436612650752e-05,1.1071076393127441
1303,-4.777777777777786,102,100,0.9722222222222222,0.038437531936779123,0.031612940582636195,1.69550930877449e-05,2.2482550144195557
1304,-104.93760262725779,203,200,0.980623973727422,0.10418857196221865,0.023212462624313916,1.6974760001176037e-05,0.40755969285964966
1305,-6.480769230769226,104,102,0.9751923076923077,0.06853480841079092,0.013008053683210091,1.7131062122643925e-05,1.4287861585617065
1306,59.33333333333334,24,20,0.8333333333333334,0.036556649956253295,0.36073415168498807,1.7050697351805866e-05,0.20052914321422577
1307,40.95652173913044,46,40,0.8695652173913043,-0.17091520172107266,0.1420863189061663,1.7050897440640256e-05,0.0867578312754631
1308,47.29931972789116,49,48,0.9629931972789115,-0.15089290898458785,0.055014557298989075,1.7171792933368124e-05,1.8077287673950195
1309,38.1063829787234,47,40,0.851063829787234,-0.20243176169969956,0.031211055760977047,1.7099127944675274e-05,0.06043890491127968
1310,47.29931972789116,49,48,0.9629931972789115,-0.13679873956380106,0.1260434390122065,1.740386687743012e-05,2.612159490585327
1311,-4.777777777777786,102,100,0.9722222222222222,-0.013845682135070092,0.09420892244386181,1.759310907800682e-05,1.5449795722961426
1312,63.95652173913044,23,20,0.8695652173913043,0.12794600126653677,1.986364043465656,1.7608726921025664e-05,0.4344993531703949
1313,-5.702127659574472,94,83,0.8829787234042553,-0.07530249869159888,0.21849783474789852,1.760088707669638e-05,0.07294273376464844
1314,38.1063829787234,47,40,0.851063829787234,-0.19087571002091863,0.018447467167838738,1.754248296492733e-05,0.1909194141626358
1315,-9.541666666666657,96,83,0.8645833333333334,-0.08860749937343826,0.5603661429521674,1.7511229088995606e-05,0.09342578053474426
1316,-9.541666666666657,96,83,0.8645833333333334,-0.07900134214969512,0.5029379134894228,1.7321970517514274e-05,0.09221519529819489
1317,43.704402515723274,53,52,0.9670440251572328,0.018578278984819008,0.03575474835562176,1.732882810756564e-05,0.6455343961715698
1318,63.95652173913044,23,20,0.8695652173913043,-0.08506756857605069,0.07969220115519704,1.727431663312018e-05,0.3211950361728668
1319,63.95652173913044,23,20,0.8695652173913043,-0.10266866875099367,0.025183481276859432,1.7272846889682114e-05,0.12468184530735016
1320,-110.01282051282051,208,204,0.9798717948717949,0.13529817441036596,0.14955812730105789,1.7246524294023402e-05,0.5550587177276611
1321,-5.71844660194175,103,101,0.9728155339805825,0.19948700828479105,0.3899220029493692,1.7519452740089037e-05,2.0928492546081543
1322,-9.541666666666657,96,83,0.8645833333333334,0.016443706766040123,0.11671782777216777,1.7522832422400825e-05,0.0932350903749466
1323,43.888888888888886,45,40,0.8888888888888888,-0.16583906229971035,0.20431240598924205,1.7526081137475558e-05,0.2906862199306488
1324,40.95652173913044,46,40,0.8695652173913043,-0.13600129128462868,0.05231457341635348,1.7523567294119857e-05,0.14670999348163605
1325,63.95652173913044,23,20,0.8695652173913043,-0.025904483711201465,0.2387053866289497,1.7419017240172252e-05,0.12872780859470367
1326,-104.76026272577997,203,200,0.9823973727422003,0.09969357879354677,0.44897754679263036,1.753996912157163e-05,1.2210131883621216
1327,45.733333333333334,50,48,0.9573333333333334,0.03488171088861236,0.07108387048236864,1.753868127707392e-05,0.3154977858066559
1328,40.95652173913044,46,40,0.8695652173913043,-0.15146875055688724,0.021703136652714505,1.720268301141914e-05,0.10413516312837601
1329,63.95652173913044,23,20,0.8695652173913043,-0.0945670955679816,0.027298454908880387,1.7203998140757903e-05,0.2666964530944824
1330,48.102040816326536,49,48,0.9710204081632653,0.060695285563021395,0.06595401419059577,1.5788305972819217e-05,1.2770390510559082
1331,40.95652173913044,46,40,0.8695652173913043,-0.1662466253437742,0.01761526019847537,1.574140515003819e-05,0.02811765857040882
1332,63.95652173913044,23,20,0.8695652173913043,-0.04778822957632656,0.03676628752008071,1.570815766172018e-05,0.15867020189762115
1333,-110.87240829346092,209,206,0.9812759170653907,0.03202104151722595,0.7819176401569158,1.5596759112668224e-05,0.5229579210281372
1334,47.625850340136054,49,48,0.9662585034013605,-0.0883156514064467,0.06789956787027629,1.5585726941935718e-05,0.7008714079856873
1335,38.1063829787234,47,40,0.851063829787234,-0.21152233799148235,0.022320938424755354,1.5584992070216686e-05,0.13127590715885162
1336,-3.4224422442244276,101,99,0.9757755775577558,0.10986056061838667,0.01849496585677013,1.6201645848923363e-05,2.9894726276397705
1337,-110.01282051282051,208,204,0.9798717948717949,0.04431628384675701,0.5481599854960238,1.6240956028923392e-05,0.6523234248161316
1338,40.95652173913044,46,40,0.8695652173913043,-0.12797479271739576,0.3594529169865035,1.624196556804236e-05,0.11515635251998901
1339,-5.317152103559877,103,101,0.9768284789644013,0.08266308792136101,0.023806784078976406,1.6530964785488322e-05,2.0205812454223633
1340,-5.702127659574472,94,83,0.8829787234042553,-0.013008712531245692,0.07688498170399591,1.650984449952375e-05,0.027063686400651932
1341,63.95652173913044,23,20,0.8695652173913043,0.10216217326160404,0.7328371345280402,1.642973074922338e-05,0.2718578577041626
1342,-5.702127659574472,94,83,0.8829787234042553,-0.03530930946567423,0.11782616095595119,1.642898678255733e-05,0.03124123439192772
1343,40.95652173913044,46,40,0.8695652173913043,-0.17612512917088452,0.01863076479148712,1.642277311475482e-05,0.05995386466383934
1344,-5.961538461538453,104,103,0.9803846153846154,0.05220819321506909,0.06773744195703268,1.6614918422419578e-05,1.6322135925292969
1345,-9.541666666666657,96,83,0.8645833333333334,-0.0546229151600528,0.4833896686391496,1.6614090782240964e-05,0.05789849907159805
1346,40.95652173913044,46,40,0.8695652173913043,-0.2358236338777715,0.24743232474542687,1.6612622857792303e-05,0.22643570601940155
1347,-9.541666666666657,96,83,0.8645833333333334,-0.031084029781140998,0.3371144048949849,1.62521428137552e-05,0.045676831156015396
1348,-7.631578947368411,95,83,0.8736842105263158,-0.016914834139242885,0.10277439830602086,1.6241974662989378e-05,0.016937503591179848
1349,43.8930817610063,53,52,0.9689308176100629,0.10093251182540985,0.14580707471521065,1.4791260582569521e-05,1.8947868347167969
1350,-100.71524288107203,199,196,0.9828475711892797,0.14586268763764565,0.06907252153950649,1.372680526401382e-05,0.5194689631462097
1351,-7.631578947368411,95,83,0.8736842105263158,0.005164122373116697,0.11734300735053327,1.1565457498363685e-05,0.014357952401041985
1352,63.95652173913044,23,20,0.8695652173913043,-0.07661111973129664,0.7013304885981825,1.156950747827068e-05,0.3235318958759308
1353,-7.631578947368411,95,83,0.8736842105263158,0.0046413035724981455,0.12615233416820004,1.1538499165908433e-05,0.05303977429866791
1354,40.95652173913044,46,40,0.8695652173913043,-0.11877700644981815,0.0924999834410869,1.1320147677906789e-05,0.2614975571632385
1355,40.95652173913044,46,40,0.8695652173913043,-0.06053285086520788,0.018215669094789888,1.1320074918330647e-05,0.027753202244639397
1356,-7.895238095238099,105,103,0.971047619047619,0.06347334976724284,0.14847121253676676,1.1343871847202536e-05,1.0528147220611572
1357,-4.2549019607843235,102,100,0.9774509803921568,0.14828274937849528,0.29192216322991815,1.1712649211403914e-05,2.4659409523010254
1358,63.95652173913044,23,20,0.8695652173913043,0.13917269049670722,0.3864724958426088,1.1713672392943408e-05,0.1896345168352127
1359,40.95652173913044,46,40,0.8695652173913043,0.012118077602281119,0.0582459511994875,1.1713227650034241e-05,0.011128023266792297
1360,40.95652173913044,46,40,0.8695652173913043,-0.022835513652353256,0.021325006780409494,1.1713223102560733e-05,0.1472853273153305
1361,-4.59223300970875,103,102,0.9840776699029126,0.0335673944134669,0.01324006897506769,1.1816083315352444e-05,1.3284963369369507
1362,-4.59223300970875,103,102,0.9840776699029126,0.03310551228492642,0.03457800323816996,1.1847688256239053e-05,0.7552924752235413
1363,-8.974603174603175,105,101,0.9602539682539682,0.015518904490015913,0.27739377506959484,1.0654044672264718e-05,2.0033061504364014
1364,38.1063829787234,47,40,0.851063829787234,-0.21277135768650624,0.9584585071416036,1.0654463949322235e-05,0.10326652228832245
1365,-9.541666666666657,96,83,0.8645833333333334,-0.05031696308424216,0.5163479336470286,1.0649727300915401e-05,0.021054580807685852
1366,-2.8151815181518174,101,100,0.9818481848184818,0.008863105164926,0.009059127149129154,1.0684749213396572e-05,0.914943277835846
1367,63.95652173913044,23,20,0.8695652173913043,0.009098696992491995,0.013783967283991672,1.0469075277796946e-05,0.13526107370853424
1368,-106.9479674796748,205,202,0.980520325203252,-0.053618488786156604,0.34140434345895965,1.0482099241926335e-05,0.5599173903465271
1369,-105.44117647058823,204,202,0.9855882352941177,-0.05667930518430353,0.1950504785632898,1.0459087206982076e-05,0.23398087918758392
1370,-5.702127659574472,94,83,0.8829787234042553,-0.00017161145970590042,0.005623348532058481,1.0181682227994315e-05,0.022448118776082993
1371,40.95652173913044,46,40,0.8695652173913043,0.0720732637673791,0.35399235994162365,1.0182012374571059e-05,0.082102932035923
1372,40.95652173913044,46,40,0.8695652173913043,0.05626628024401725,0.32749205148387883,1.0181931429542601e-05,0.220872700214386
1373,43.8930817610063,53,52,0.9689308176100629,0.2384091995616715,0.41174161871143333,1.1645171070995275e-05,4.8251776695251465
1374,59.33333333333334,24,20,0.8333333333333334,-0.2582389473973308,0.8732072131965438,1.1585947504499927e-05,0.19638794660568237
1375,40.95652173913044,46,40,0.8695652173913043,-0.30522811761807134,0.2302584564952408,1.1586680557229556e-05,0.1705697625875473
1376,63.95652173913044,23,20,0.8695652173913043,-0.2097618994075674,0.019382850338534485,1.1478756277938373e-05,0.1609460711479187
1377,59.33333333333334,24,20,0.8333333333333334,-0.16542637224847567,0.025145995312414016,1.1479409295134246e-05,0.1451236456632614
1378,63.95652173913044,23,20,0.8695652173913043,-0.053570240854242,1.771463596136288,1.120537217502715e-05,0.23276062309741974
1379,63.95652173913044,23,20,0.8695652173913043,-0.06911480393500824,2.265090276535393,9.868851520877797e-06,0.23805271089076996
1380,-104.1881188118812,202,198,0.9781188118811881,0.22048989502701244,0.05096166431217346,9.885635336104315e-06,0.5634437799453735
1381,-9.541666666666657,96,83,0.8645833333333334,0.04989414368174039,0.6764308152842117,9.883819984679576e-06,0.021184604614973068
1382,-9.541666666666657,96,83,0.8645833333333334,0.039336479708254046,0.9317313087104349,9.163857612293214e-06,0.009507694281637669
1383,38.1063829787234,47,40,0.851063829787234,-0.23656804897973416,0.2511727130875545,9.164660696114879e-06,0.13544969260692596
1384,38.1063829787234,47,40,0.851063829787234,-0.19828753696856438,0.16671893364582663,9.1653382696677e-06,0.12851741909980774
1385,63.95652173913044,23,20,0.8695652173913043,-0.08935992641272605,0.8157458281786067,9.158627108263317e-06,0.20605483651161194
1386,-100.71524288107203,199,196,0.9828475711892797,0.09501239957171492,0.39350788081103877,9.092005711863749e-06,0.5477193593978882
1387,63.95652173913044,23,20,0.8695652173913043,0.01056646923552762,1.0302799515738281,8.497236194671132e-06,0.21917110681533813
1388,-7.631578947368411,95,83,0.8736842105263158,0.0012443297546269605,0.5368489956807323,8.49745629238896e-06,0.020221544429659843
1389,-3.4224422442244276,101,99,0.9757755775577558,0.08465285635303132,0.012126903995212103,8.73457520356169e-06,2.084449291229248
1390,-4.915032679738559,102,100,0.9708496732026144,0.06557660576793234,0.030443464425193568,8.882045221980661e-06,1.6911181211471558
1391,43.8930817610063,53,52,0.9689308176100629,0.1812989202062738,0.5019106288976403,9.91995693766512e-06,4.006786346435547
1392,-112.32698412698412,210,206,0.9767301587301588,-0.017697944817822275,0.49280531920903875,9.763673006091267e-06,1.390438437461853
1393,46.06666666666666,50,49,0.9606666666666667,-0.05178823268306587,1.905932388716188,1.0404237400507554e-05,3.1532349586486816
1394,-2.8151815181518174,101,100,0.9818481848184818,0.02479030959307238,0.040172123675274035,1.0265205673931632e-05,1.2393629550933838
1395,-9.541666666666657,96,83,0.8645833333333334,-0.008110367837389276,0.9165678252022106,1.0263010153721552e-05,0.00663304328918457
1396,40.95652173913044,46,40,0.8695652173913043,-0.1471773978537385,0.03540819229446224,1.0261276656819973e-05,0.062297843396663666
1397,47.29931972789116,49,48,0.9629931972789115,-0.03217418248641857,0.05577810268862038,1.037486163113499e-05,1.2856274843215942
1398,46.7516339869281,51,51,0.977516339869281,0.04523935117019606,0.5194915017675328,1.0875222869799472e-05,2.7848055362701416
1399,-7.1079365079365004,105,104,0.978920634920635,0.1597862509362713,0.041696793171835445,9.08549645828316e-06,3.638633966445923
1400,63.95652173913044,23,20,0.8695652173913043,0.062452713004859106,0.6144265746381308,9.05877459445037e-06,0.20147404074668884
1401,-10.95061728395062,108,105,0.9704938271604938,0.11421574514009358,0.10198969900185785,9.440245776204392e-06,2.6293139457702637
1402,63.95652173913044,23,20,0.8695652173913043,-0.0495715891229338,0.07017456031967484,9.38805806072196e-06,0.13043534755706787
1403,-109.9326923076923,208,204,0.9806730769230769,-0.023314447440900388,0.12009470054159316,9.145442163571715e-06,0.8102176785469055
1404,48.68707482993197,49,48,0.9768707482993197,-0.24531726349778182,0.757531836562066,1.0263190233672503e-05,4.154630661010742
1405,-7.631578947368411,95,83,0.8736842105263158,-0.02597437770128863,0.6972194780009457,1.0153011317015626e-05,0.0438346303999424
1406,-109.9326923076923,208,204,0.9806730769230769,0.0019279262432121413,0.0740627419620981,1.0233862667519134e-05,1.2395998239517212
1407,63.95652173913044,23,20,0.8695652173913043,-0.006160641788937937,0.6301614729659885,1.0236535672447644e-05,0.2598986327648163
1408,43.60377358490567,53,52,0.9660377358490566,0.11519686989026923,0.6537256391151658,1.1386599908291828e-05,4.633801460266113
1409,-5.317152103559877,103,101,0.9768284789644013,0.05106253382072623,0.021899146833882277,1.1684366654662881e-05,2.2648701667785645
1410,38.1063829787234,47,40,0.851063829787234,-0.3162223672352411,0.022708028339004427,1.1237393664487172e-05,0.25517380237579346
1411,40.95652173913044,46,40,0.8695652173913043,-0.2851868978641505,0.03584044182560353,1.111053006752627e-05,0.18961653113365173
1412,-4.915032679738559,102,100,0.9708496732026144,0.060112500906269954,0.023911881294530812,1.1193495083716698e-05,1.276721715927124
1413,-105.4673202614379,204,202,0.9853267973856209,0.049377864261771265,0.02241590811118708,1.1195862498425413e-05,0.32547929883003235
1414,46.7516339869281,51,51,0.977516339869281,0.03685466027670259,0.34210440877197645,1.1192950296390336e-05,0.1582256406545639
1415,-7.895238095238099,105,103,0.971047619047619,0.006348645062921321,0.04823805281071731,1.1212161552975886e-05,0.5155056715011597
1416,-110.87240829346092,209,206,0.9812759170653907,0.021034085658856446,0.027516316552576654,1.1381880540284328e-05,1.775661587715149
1417,-4.59223300970875,103,102,0.9840776699029126,0.022093897569317456,0.030856521991808664,1.1763465408876073e-05,2.643723249435425
1418,-107.0260162601626,205,201,0.979739837398374,0.02376410946877172,0.04888241033613096,1.1769477168854792e-05,0.5313266515731812
1419,40.95652173913044,46,40,0.8695652173913043,-0.20127835358738366,0.016667445657061686,1.1769356206059456e-05,0.13239644467830658
1420,47.266666666666666,50,49,0.9726666666666667,0.0488582493303511,0.04630673066084534,1.258069369214354e-05,3.550097942352295
1421,43.888888888888886,45,40,0.8888888888888888,-0.13192695094971896,0.08655219215899379,1.2329411219980102e-05,0.07293210178613663
1422,47.13333333333334,50,49,0.9713333333333334,-0.012329349223190178,0.051492419143386314,1.2394935765769333e-05,0.9825711250305176
1423,40.95652173913044,46,40,0.8695652173913043,-0.16119170202603073,0.026905760537772716,1.2392134522087872e-05,0.17741496860980988
1424,-9.043613707165107,107,105,0.979563862928349,0.04847695424899712,0.08767602910051508,1.2444998901628423e-05,1.0109039545059204
1425,-4.91585760517799,103,102,0.98084142394822,0.03412408815807267,0.02422701180582454,1.2464996871131007e-05,0.6518465280532837
1426,-4.91585760517799,103,102,0.98084142394822,0.035777034742520586,0.015242044317544945,1.239062567037763e-05,0.36882224678993225
1427,40.95652173913044,46,40,0.8695652173913043,-0.09457430143675083,0.11065619202032906,1.2384664842102211e-05,0.1232733428478241
1428,-110.85964912280701,209,206,0.9814035087719298,0.08547595575190851,0.029361746340136885,1.2596029591804836e-05,1.8591821193695068
1429,-9.043613707165107,107,105,0.979563862928349,0.017576614172725158,0.01982187895716834,1.2647560652112588e-05,1.0460419654846191
1430,-7.631578947368411,95,83,0.8736842105263158,-0.04182682705918239,0.25991347172727175,1.2560873983602505e-05,0.017599493265151978
1431,-5.71844660194175,103,101,0.9728155339805825,0.025436225304510392,0.02585986168444221,1.2636989595193882e-05,1.1891816854476929
1432,-104.93760262725779,203,200,0.980623973727422,0.07042937153932982,0.05001906501092601,1.265593346033711e-05,0.6392520666122437
1433,43.704402515723274,53,52,0.9670440251572328,0.05467995027453654,0.30864729032108307,1.2692752534348983e-05,0.9843576550483704
1434,-110.87240829346092,209,206,0.9812759170653907,0.05696396740884329,0.0513818642688529,1.2681371117650997e-05,0.7342377305030823
1435,-7.631578947368411,95,83,0.8736842105263158,-0.04745697779071634,0.4391497015674386,1.2682750821113586e-05,0.2877415418624878
1436,-4.59223300970875,103,102,0.9840776699029126,-0.012510901522034601,0.012755496825435643,1.2175185474916361e-05,0.48274704813957214
1437,38.1063829787234,47,40,0.851063829787234,-0.15274944964676251,0.31827037111643136,1.2155447620898485e-05,0.11906444281339645
1438,-104.1881188118812,202,198,0.9781188118811881,0.06599134528442718,0.25669613307080613,1.2176560630905442e-05,0.6579062342643738
1439,63.95652173913044,23,20,0.8695652173913043,-0.04565419793698311,0.141532048286372,1.194564720208291e-05,0.24590377509593964
1440,43.888888888888886,45,40,0.8888888888888888,-0.05858328852343675,0.03571384539618627,1.194629930978408e-05,0.11144678294658661
1441,-9.043613707165107,107,105,0.979563862928349,-0.01633653673260005,0.015971799440715275,1.1990384336968418e-05,0.950618326663971
1442,-109.40064102564102,208,206,0.9859935897435897,0.05966818516248862,0.15033179270047325,1.2132677511544898e-05,1.5972553491592407
1443,-9.541666666666657,96,83,0.8645833333333334,0.0060482463416065,0.415513610859376,1.2132402844144963e-05,0.014179736375808716
1444,43.704402515723274,53,52,0.9670440251572328,0.10955187854939652,0.38409050242649073,1.2111760042898823e-05,1.3899787664413452
1445,46.733333333333334,50,49,0.9673333333333334,0.08897065808514526,0.069608172132968,1.2120816791139077e-05,0.3441365659236908
1446,-100.66834170854271,199,196,0.9833165829145729,0.0799025272195073,0.36188791910997004,1.212941606354434e-05,0.49736911058425903
1447,63.95652173913044,23,20,0.8695652173913043,-0.09656548391649267,0.2993772384154667,1.2134591088397428e-05,0.3034508526325226
1448,40.95652173913044,46,40,0.8695652173913043,-0.13290359504026128,0.25680554993247795,1.213506402564235e-05,0.06921707093715668
1449,-2.8151815181518174,101,100,0.9818481848184818,0.004725055650434684,0.017644638135466018,1.1907945918210316e-05,0.2986209988594055
1450,-7.051282051282058,104,101,0.9694871794871794,0.0004531194738719435,0.11263386190007464,1.1930359505640808e-05,0.7446455359458923
1451,63.95652173913044,23,20,0.8695652173913043,-0.09006886190718433,0.022642220608283026,1.1930466826015618e-05,0.050911519676446915
1452,47.29931972789116,49,48,0.9629931972789115,0.014422726477249626,0.3038615395044424,1.3658513125847094e-05,5.272979736328125
1453,43.888888888888886,45,40,0.8888888888888888,-0.04452447036965168,0.14588496613342095,1.3659436262969393e-05,0.18061965703964233
1454,49.36879432624113,47,46,0.9636879432624114,-0.0241211640634873,0.05166030280601697,1.4757293683942407e-05,4.240066051483154
1455,-5.317152103559877,103,101,0.9768284789644013,0.0347916247754938,0.021457604316711846,1.4775381714571267e-05,0.5668141841888428
1456,63.95652173913044,23,20,0.8695652173913043,0.013622874344946467,1.7114750674580819,1.4701253348903265e-05,0.08509380370378494
1457,-2.8151815181518174,101,100,0.9818481848184818,0.014720804422779565,0.02626112974545549,1.4316235137812328e-05,0.45351770520210266
1458,-9.541666666666657,96,83,0.8645833333333334,-0.029924123388610724,0.6734631772609466,1.431541022611782e-05,0.19246262311935425
1459,40.95652173913044,46,40,0.8695652173913043,-0.18257899755730023,0.014848239270812469,1.431576947652502e-05,0.16548188030719757
1460,46.626666666666665,50,49,0.9662666666666667,0.016297528308044207,0.25929617237206537,1.4400241525436286e-05,1.2615317106246948
1461,-9.541666666666657,96,83,0.8645833333333334,-0.04878388295901459,0.7111994631055841,1.427538154530339e-05,0.08411596715450287
1462,-5.961538461538453,104,103,0.9803846153846154,0.02317480184610865,0.035138949192063035,1.4230055967345834e-05,0.0907016173005104
1463,-6.480769230769226,104,102,0.9751923076923077,0.01538224108978023,0.027165477010258697,1.3958573617856018e-05,0.2200985997915268
1464,-7.631578947368411,95,83,0.8736842105263158,-0.02790854922568542,0.2381381309335726,1.3959136595076416e-05,0.0177950169891119
1465,38.1063829787234,47,40,0.851063829787234,-0.15511521652297233,0.08947476839709267,1.395849722030107e-05,0.08648339658975601
1466,43.704402515723274,53,52,0.9670440251572328,0.06573854780788224,0.5594637502936948,1.3919283446739428e-05,0.8336235880851746
1467,40.95652173913044,46,40,0.8695652173913043,-0.10810639167175395,0.26799136397458945,1.3919290722697042e-05,0.017250526696443558
1468,-109.40064102564102,208,206,0.9859935897435897,0.05315223458927554,0.02457402245643942,1.4082079360377975e-05,1.638132095336914
1469,-7.1079365079365004,105,104,0.978920634920635,0.02465183143671723,0.05343401641416723,1.4302891031547915e-05,1.8121850490570068
1470,-9.541666666666657,96,83,0.8645833333333334,-0.023026241281968396,0.40419546329700595,1.430235442967387e-05,0.06140320003032684
1471,-5.317152103559877,103,101,0.9768284789644013,-0.006992796649456068,0.0269593801188661,1.4323695722850971e-05,0.490721732378006
1472,40.95652173913044,46,40,0.8695652173913043,-0.2413549510321502,0.020931549520227577,1.4322055903903674e-05,0.10663793981075287
1473,-100.71524288107203,199,196,0.9828475711892797,0.08512254698724762,0.18628012382308326,1.3010463590035215e-05,0.9974110722541809
1474,63.95652173913044,23,20,0.8695652173913043,-0.16911125095793977,0.19573735885605714,1.3009808753849939e-05,0.11799810081720352
1475,40.95652173913044,46,40,0.8695652173913043,-0.1901561924323687,0.05545344436994171,1.3010016118641943e-05,0.1803687959909439
1476,-9.541666666666657,96,83,0.8645833333333334,-0.02166633083152192,0.33692037803871266,1.3020795449847355e-05,0.3703359365463257
1477,40.95652173913044,46,40,0.8695652173913043,-0.1287259004493535,0.22233597206718356,1.3034522453381214e-05,0.5638459920883179
1478,-7.631578947368411,95,83,0.8736842105263158,-0.00825017933948402,0.08531350427342355,1.3033558388997335e-05,0.27701160311698914
1479,63.95652173913044,23,20,0.8695652173913043,-0.01756130669673439,1.8168463545980558,1.303575663769152e-05,0.26770755648612976
1480,63.95652173913044,23,20,0.8695652173913043,-0.05682646921741252,1.021697695216396,1.3014863725402392e-05,0.17917460203170776
1481,63.95652173913044,23,20,0.8695652173913043,-0.11432427659019595,0.05781865116554741,1.3015061995247379e-05,0.11343728005886078
1482,47.266666666666666,50,49,0.9726666666666667,-0.03830928989481208,0.5279060157525123,1.4712061783939134e-05,5.338939666748047
1483,-100.71524288107203,199,196,0.9828475711892797,0.03633199607156712,0.32125724020933144,1.474126929679187e-05,0.5861032605171204
1484,63.95652173913044,23,20,0.8695652173913043,-0.21298782271969685,1.0277190939968799,1.4741091035830323e-05,0.1791154146194458
1485,-105.44117647058823,204,202,0.9855882352941177,0.014160289043823018,0.07125438056253523,1.4757834833289962e-05,0.45850592851638794
1486,63.95652173913044,23,20,0.8695652173913043,-0.08404335429804632,0.014633250539503706,1.4732587260368746e-05,0.09203668683767319
1487,40.95652173913044,46,40,0.8695652173913043,-0.11904634006714332,0.09480751380494312,1.4730898328707553e-05,0.20574729144573212
1488,46.06666666666666,50,49,0.9606666666666667,-0.014267597220168682,0.32968362917001315,1.5604404325131327e-05,3.677328586578369
1489,-9.541666666666657,96,83,0.8645833333333334,-0.0012586880098979236,0.12171006060019444,1.530761073809117e-05,0.07878635823726654
1490,-2.8151815181518174,101,100,0.9818481848184818,0.08442639237796357,0.30686868525881095,1.511172013124451e-05,0.24253039062023163
1491,-5.317152103559877,103,101,0.9768284789644013,0.06679303799813852,0.10856414129711157,1.4258526789490134e-05,1.2157005071640015
1492,-7.631578947368411,95,83,0.8736842105263158,-0.020585098329974016,0.05240441051087565,1.4122075299383141e-05,0.0373702310025692
1493,-7.631578947368411,95,83,0.8736842105263158,-0.04445542433563787,0.09178294741492513,1.355131189484382e-05,0.015629218891263008
1494,47.266666666666666,50,49,0.9726666666666667,-0.07000056376909924,1.5404125279287335,1.3627117368741892e-05,1.849855899810791
1495,-106.24183006535948,204,200,0.9775816993464053,0.0276823808146478,0.21823011929242286,1.3707054677070118e-05,1.0411475896835327
1496,38.1063829787234,47,40,0.851063829787234,-0.04774743315709884,0.05584201885556324,1.3841075087839272e-05,1.581244707107544
1497,-7.631578947368411,95,83,0.8736842105263158,-0.11441816470460253,0.31513457184653715,1.3758584827883169e-05,0.01758432760834694
1498,40.95652173913044,46,40,0.8695652173913043,-0.12865772823215593,0.030767690323433627,1.331595649389783e-05,0.20483039319515228
1499,59.33333333333334,24,20,0.8333333333333334,-0.01842173278600967,0.05777513159321224,1.2452913324523252e-05,0.05168255418539047
1500,-104.93760262725779,203,200,0.980623973727422,-0.0006247217830868124,0.01628692288786729,1.2457364391593728e-05,0.24466031789779663
1501,-100.71524288107203,199,196,0.9828475711892797,0.0712302472542774,0.031870079034346445,1.2034167411911767e-05,0.6171517372131348
1502,46.733333333333334,50,49,0.9673333333333334,0.01950213406476564,0.21836878866884213,1.2034360224788543e-05,0.2370196282863617
1503,40.95652173913044,46,40,0.8695652173913043,-0.12126845366219641,0.015012776476726497,1.1979983355558943e-05,0.12539710104465485
1504,40.95652173913044,46,40,0.8695652173913043,-0.11565621697081951,0.0175892294903357,1.098212851502467e-05,0.1691237986087799
1505,-4.91585760517799,103,102,0.98084142394822,0.010544245872765146,0.017431963874243336,1.106584841181757e-05,1.0824156999588013
1506,-7.631578947368411,95,83,0.8736842105263158,-0.016905329654491652,0.1565353968149361,1.0957071026496124e-05,0.010181156918406487
1507,63.95652173913044,23,20,0.8695652173913043,-0.002570125112470123,0.9945255918522388,1.0954546269204002e-05,0.18200863897800446
1508,47.13333333333334,50,49,0.9713333333333334,0.1357076254849214,0.050643401606263794,9.922948265739251e-06,2.0572733879089355
1509,63.95652173913044,23,20,0.8695652173913043,-0.09155646204089862,0.0871631918581599,9.597046300768852e-06,0.1515629142522812
1510,59.33333333333334,24,20,0.8333333333333334,-0.1649343198441784,0.3797656686636053,9.596235940989573e-06,0.2257312387228012
1511,-9.541666666666657,96,83,0.8645833333333334,-0.06036199932441377,0.5567488272973287,9.595999472367112e-06,0.189505934715271
1512,63.95652173913044,23,20,0.8695652173913043,-0.17278382536096615,0.08610225822319961,9.505188245384488e-06,0.5778623819351196
1513,38.1063829787234,47,40,0.851063829787234,-0.15441274436238928,0.04253643957372761,9.494825462752488e-06,0.024976471439003944
1514,47.625850340136054,49,48,0.9662585034013605,0.052228473168820955,0.06054679432128296,9.847237379290164e-06,2.3107728958129883
1515,-106.41830065359477,204,200,0.9758169934640523,0.0911590816864738,0.16789816209596164,9.875551768345758e-06,0.7780554294586182
1516,-5.317152103559877,103,101,0.9768284789644013,0.023790375741327807,0.07705838578878582,9.67491723713465e-06,0.3550085425376892
1517,-110.85964912280701,209,206,0.9814035087719298,0.042657493871028684,0.11412044208415838,9.27131713979179e-06,0.636086106300354
1518,-4.777777777777786,102,100,0.9722222222222222,0.01811479194338972,0.019385505774931686,9.26168286241591e-06,0.3714016079902649
1519,-9.541666666666657,96,83,0.8645833333333334,-0.04919416658731279,0.19242612546673565,9.261449122277554e-06,0.03897439315915108
1520,-105.44117647058823,204,202,0.9855882352941177,-0.02905916701189426,0.06264647159894227,8.596241059422027e-06,1.1324408054351807
1521,-109.9326923076923,208,204,0.9806730769230769,-0.02792161281094652,0.07149133933482071,8.621104825579096e-06,0.6183189749717712
1522,40.95652173913044,46,40,0.8695652173913043,-0.03979275263372983,1.2777900247279725,8.565321877540555e-06,0.032416846603155136
1523,-7.631578947368411,95,83,0.8736842105263158,-0.04584331871410541,0.09816920398898557,8.563916708226316e-06,0.041130825877189636
1524,-9.541666666666657,96,83,0.8645833333333334,-0.04585354435403133,0.19404967634766687,8.500624062435236e-06,0.16862085461616516
1525,49.36879432624113,47,46,0.9636879432624114,-0.05449972401038394,0.9377252748488392,8.478426025249064e-06,0.34084030985832214
1526,63.95652173913044,23,20,0.8695652173913043,0.015300229551939992,3.0772608323163526,8.46978036861401e-06,0.17160247266292572
1527,-7.631578947368411,95,83,0.8736842105263158,-0.057577731840865454,0.24204134052271106,8.469270142086316e-06,0.07181868702173233
1528,63.95652173913044,23,20,0.8695652173913043,-0.11606460826988041,0.023767971327335324,8.254184649558738e-06,0.03762352094054222
1529,46.733333333333334,50,49,0.9673333333333334,-0.0706422385252381,1.633037022131262,8.83913799043512e-06,3.3488614559173584
1530,43.888888888888886,45,40,0.8888888888888888,-0.28616410698668915,0.17934861982263683,8.842214811011218e-06,0.1459500789642334
1531,40.95652173913044,46,40,0.8695652173913043,-0.2723282043173185,0.11952589727795328,8.742748832446523e-06,0.05145565792918205
1532,-7.631578947368411,95,83,0.8736842105263158,0.015206863643015822,0.14296183952245123,8.714105206308886e-06,0.030244313180446625
1533,47.13333333333334,50,49,0.9713333333333334,0.11509457710149107,0.49177188907407526,8.645592970424332e-06,0.40123361349105835
1534,-3.4224422442244276,101,99,0.9757755775577558,0.062122066395687625,0.3119626648453195,9.369127837999258e-06,3.4713191986083984
1535,-110.85964912280701,209,206,0.9814035087719298,0.08984566049094476,0.02464662543023488,9.459699867875315e-06,1.1597672700881958
1536,-110.85964912280701,209,206,0.9814035087719298,0.08611743419371853,0.024650542083201665,9.553145901008975e-06,1.2785719633102417
1537,43.8930817610063,53,52,0.9689308176100629,0.07845303097871437,1.1203901805753347,9.62668582360493e-06,1.19960355758667
1538,-9.541666666666657,96,83,0.8645833333333334,-0.04517176227659547,0.2904928427160006,9.592677997716237e-06,0.009587540291249752
1539,46.06666666666666,50,49,0.9606666666666667,-0.024405264019151218,0.043107385516843344,9.821736057347152e-06,1.8398975133895874
1540,63.95652173913044,23,20,0.8695652173913043,0.028775376124031027,0.3995251475544377,9.822359970712569e-06,0.1730559915304184
1541,43.888888888888886,45,40,0.8888888888888888,-0.19171207531672785,0.017057131185380214,9.758538908499759e-06,0.24344313144683838
1542,-6.480769230769226,104,102,0.9751923076923077,-0.06658704403128525,0.736021610706321,9.603671060176566e-06,0.5975170731544495
1543,40.95652173913044,46,40,0.8695652173913043,-0.2335046768112079,0.4137127106280631,9.603132639313117e-06,0.0650191679596901
1544,63.95652173913044,23,20,0.8695652173913043,-0.11260512150465729,0.18248929976334693,9.505165508016944e-06,0.2291346788406372
1545,46.7516339869281,51,51,0.977516339869281,-0.04097491363617678,0.6919897810348158,9.99785424937727e-06,2.9566712379455566
1546,-7.051282051282058,104,101,0.9694871794871794,-0.041550971895084825,0.49800462015240893,9.98438372334931e-06,0.2870642840862274
1547,-4.777777777777786,102,100,0.9722222222222222,-0.04338208800800203,0.1655526203226518,1.0015067346103024e-05,0.6297019124031067
1548,40.95652173913044,46,40,0.8695652173913043,-0.04992633051915618,0.25009392198204594,1.0016299711423926e-05,0.09948354959487915
1549,59.33333333333334,24,20,0.8333333333333334,0.19902073981938884,0.9766137474226753,1.0015672160079703e-05,0.18607217073440552
1550,63.95652173913044,23,20,0.8695652173913043,0.11728417462290963,1.2800732310421665,9.998319910664577e-06,0.38949692249298096
1551,43.888888888888886,45,40,0.8888888888888888,-0.04826067818135016,0.031104155581303417,9.998440873459913e-06,0.057785093784332275
1552,-7.631578947368411,95,83,0.8736842105263158,-0.024724067439137798,0.879246684090996,8.345102287421469e-06,0.06188308820128441
1553,40.95652173913044,46,40,0.8695652173913043,-0.3069528444611933,1.0786388734591128,8.34544152894523e-06,0.17284061014652252
1554,-5.317152103559877,103,101,0.9768284789644013,0.018983483163083292,0.1107100649838584,7.324326361413114e-06,1.007264256477356
1555,46.626666666666665,50,49,0.9662666666666667,0.018097781750042508,3.589694809756587,8.330447599291801e-06,4.09431266784668
1556,59.33333333333334,24,20,0.8333333333333334,-0.3317006660072366,1.0447981419110874,8.345777132490184e-06,0.5520167350769043
1557,-11.432989690721655,97,83,0.8556701030927835,0.028436522843477974,0.5843399331618865,8.330843229487073e-06,0.04443643242120743
1558,-100.71524288107203,199,196,0.9828475711892797,0.05068511371564455,1.0525897940281999,8.352053555427119e-06,0.6819844841957092
1559,-4.59223300970875,103,102,0.9840776699029126,0.007111181886443774,0.42639286749541644,8.409644578932784e-06,1.0211838483810425
1560,46.46153846153847,52,52,0.9846153846153847,0.23746639266912695,5.8338361529538645,8.347799848706927e-06,0.9040406346321106
1561,-4.91585760517799,103,102,0.98084142394822,0.020006904583262042,0.3236296111558372,8.357661499758251e-06,0.5014414191246033
1562,48.68707482993197,49,48,0.9768707482993197,0.09136086373378577,3.0234093140769502,9.761974979483057e-06,4.773676872253418
1563,43.888888888888886,45,40,0.8888888888888888,-0.05112578332898465,1.189325949486822,9.760731700225733e-06,0.08725747466087341
1564,43.60377358490567,53,52,0.9660377358490566,0.20335336660251002,0.07503775150879832,9.947794751496986e-06,1.6901822090148926
1565,-9.541666666666657,96,83,0.8645833333333334,0.020095217940934162,1.424660276457295,9.948067599907517e-06,0.06321971118450165
1566,-5.961538461538453,104,103,0.9803846153846154,0.015594015590393084,0.760852634694321,9.903132195177022e-06,0.13455136120319366
1567,-7.1079365079365004,105,104,0.978920634920635,0.013213810478447385,1.280508972598307,9.906777449941728e-06,0.3246975839138031
1568,-110.85964912280701,209,206,0.9814035087719298,-0.09604635029387908,1.304820413000795,9.755275641509797e-06,0.19157253205776215
1569,46.626666666666665,50,49,0.9662666666666667,-0.2342160730366487,4.04628506493075,9.606870662537403e-06,0.8422812819480896
1570,-102.70149253731343,201,198,0.9829850746268657,-0.07108980261432699,0.8344971392865742,9.607442734704819e-06,0.07888790220022202
1571,47.266666666666666,50,49,0.9726666666666667,-0.12425427568361513,1.202032910223164,1.1816770893346984e-05,6.024877071380615
1572,40.95652173913044,46,40,0.8695652173913043,-0.27302991286705947,0.04083737557508016,1.1816567166533787e-05,0.024418067187070847
1573,40.95652173913044,46,40,0.8695652173913043,-0.2365576586998941,0.3841955069590508,1.1750792509701569e-05,0.13874554634094238
1574,-110.01282051282051,208,204,0.9798717948717949,0.09743515889823584,0.1651710416422501,1.1754233128158376e-05,0.2855052947998047
1575,-104.1881188118812,202,198,0.9781188118811881,0.10394355868502503,0.17785401533139492,1.177396006823983e-05,0.637384831905365
1576,40.95652173913044,46,40,0.8695652173913043,-0.09599208538747916,2.5248848342693204,1.1770329365390353e-05,0.1919744461774826
1577,63.95652173913044,23,20,0.8695652173913043,-0.041407379550946644,18.91984645430137,1.1748778888431843e-05,0.09942489117383957
1578,-106.9219512195122,205,202,0.980780487804878,0.1457616425782362,0.21789203968472487,1.1743404684239067e-05,0.0974879264831543
1579,-104.76026272577997,203,200,0.9823973727422003,0.13512100959744178,0.3014344660881287,1.1739821275114082e-05,0.08529754728078842
1580,40.95652173913044,46,40,0.8695652173913043,-0.03671052869140112,1.3763834826684667,1.1738779903680552e-05,0.0042162612080574036
1581,-7.631578947368411,95,83,0.8736842105263158,0.00206338541192963,1.287888862870083,1.178223465103656e-05,0.8029823899269104
1582,63.95652173913044,23,20,0.8695652173913043,-0.03906259640643839,6.893458829760352,1.0051225217466708e-05,0.20492997765541077
1583,59.33333333333334,24,20,0.8333333333333334,-0.0579861009009619,1.7141063503373866,1.0032511454483029e-05,0.18332403898239136
1584,43.60377358490567,53,52,0.9660377358490566,-0.029438880296978262,1.0193954523631454,1.0248470061924309e-05,1.9004114866256714
1585,43.704402515723274,53,52,0.9670440251572328,-0.07027139389447257,2.3874835058848167,1.0235482477582991e-05,0.172855943441391
1586,47.29931972789116,49,48,0.9629931972789115,-0.21469195140400643,2.504644376279998,1.0307869160897098e-05,1.1224851608276367
1587,-7.631578947368411,95,83,0.8736842105263158,-0.15551032008625043,2.7567380409478988,1.0308481250831392e-05,0.19786351919174194
1588,-104.93760262725779,203,200,0.980623973727422,0.03770083298049198,2.741929812843547,9.478822903474793e-06,0.06556841731071472
1589,40.95652173913044,46,40,0.8695652173913043,-0.25967534924757274,0.19303150739603225,9.47828266362194e-06,0.038264572620391846
1590,47.266666666666666,50,49,0.9726666666666667,-0.13365995979756917,0.20332742076892962,9.479189429839607e-06,0.26016777753829956
1591,47.625850340136054,49,48,0.9662585034013605,-0.18872759533410743,0.5507044140166872,9.394204425916541e-06,0.09637978672981262
1592,46.56410256410257,52,52,0.9856410256410256,-0.11569054701152481,1.2416053874760875,9.395777851750609e-06,0.1575251817703247
1593,-7.631578947368411,95,83,0.8736842105263158,0.008733064876821572,1.0626612139545526,9.41505641094409e-06,0.5518289804458618
1594,-4.2549019607843235,102,100,0.9774509803921568,0.023526216624610186,0.15014980923739396,9.233323908119928e-06,0.5881286859512329
1595,-9.541666666666657,96,83,0.8645833333333334,0.03122197495098078,1.0331802113088449,9.163294635072816e-06,0.07879393547773361
1596,-110.85964912280701,209,206,0.9814035087719298,0.16385096002631092,1.6504290435773719,9.364924153487664e-06,2.377178192138672
1597,-110.85964912280701,209,206,0.9814035087719298,0.15690893078907767,1.340996114399028,9.522527761873789e-06,1.6127609014511108
1598,-100.71524288107203,199,196,0.9828475711892797,0.1814326310841352,1.362344747792292,9.556266377330758e-06,0.7887945771217346
1599,-5.317152103559877,103,101,0.9768284789644013,-0.011593894395332427,0.15282829213766708,9.557606972521171e-06,0.12162964046001434
1600,46.626666666666665,50,49,0.9662666666666667,0.00758969843811208,2.6607953993706577,9.744550879986491e-06,1.7514958381652832
1601,-104.76026272577997,203,200,0.9823973727422003,0.02249704562716559,0.2592676140095337,9.749113814905286e-06,0.6798193454742432
1602,-3.3594771241830017,102,101,0.9864052287581699,-0.02045845431806015,0.04613622142343966,9.779841093404684e-06,0.756713330745697
1603,-9.541666666666657,96,83,0.8645833333333334,-0.005442969612317938,0.6718397719040637,9.77958734438289e-06,0.10272525250911713
1604,-7.051282051282058,104,101,0.9694871794871794,-0.024633582443357227,0.095831542260618,9.848663466982543e-06,1.0600762367248535
1605,47.625850340136054,49,48,0.9662585034013605,0.05448856017283532,0.08544083142524528,1.035169952956494e-05,3.0766491889953613
1606,-109.9326923076923,208,204,0.9806730769230769,-0.09830698380761833,0.07748383997291414,1.0364633453718852e-05,0.438351035118103
1607,40.95652173913044,46,40,0.8695652173913043,-0.08585047668861989,0.00897577844450878,1.0363147339376155e-05,0.046248793601989746
1608,-7.631578947368411,95,83,0.8736842105263158,-0.020764051972946618,0.5806728007663012,1.010892719932599e-05,0.016048241406679153
1609,-3.4224422442244276,101,99,0.9757755775577558,-0.008012860025953472,0.013886616620924205,1.0122986168425996e-05,0.5029587149620056
1610,47.625850340136054,49,48,0.9662585034013605,-0.0014785988400944916,0.5873563478657928,1.0480877790541854e-05,2.446657657623291
1611,63.95652173913044,23,20,0.8695652173913043,-0.045729931436653715,0.7993966338265057,1.047917794494424e-05,0.05522441491484642
1612,46.06666666666666,50,49,0.9606666666666667,0.01320954994002932,0.4558127144498033,1.046144370775437e-05,0.3248552083969116
1613,46.626666666666665,50,49,0.9662666666666667,0.0033006802726163187,0.2547916078206427,1.0545749319135211e-05,1.223264455795288
1614,47.266666666666666,50,49,0.9726666666666667,0.042388104527645964,0.05579190342262952,1.1865925443999004e-05,5.313546657562256
1615,-9.541666666666657,96,83,0.8645833333333334,-0.030723622157836417,0.18457015324559223,1.1816911865025759e-05,0.05062201991677284
1616,47.625850340136054,49,48,0.9662585034013605,-0.028804530078559765,0.07625853284381634,1.1894026101799682e-05,1.3071316480636597
1617,63.95652173913044,23,20,0.8695652173913043,-0.04930884302666527,3.210087240855806,1.1858332982228603e-05,0.2601703703403473
1618,-106.9479674796748,205,202,0.980520325203252,0.12241515329364461,1.5671252793289636,1.2150131624366622e-05,2.1028966903686523
1619,-7.1079365079365004,105,104,0.978920634920635,-0.04502000075535051,0.8471761025207573,1.3021925042266957e-05,3.7562320232391357
1620,38.1063829787234,47,40,0.851063829787234,-0.29627417589654215,0.022017342327790068,1.2924869224661961e-05,0.12259810417890549
1621,43.888888888888886,45,40,0.8888888888888888,-0.2703287278072821,0.19996210168284811,1.289101146539906e-05,0.1567777842283249
1622,-6.480769230769226,104,102,0.9751923076923077,-0.010418303041342725,0.11070291344360879,1.2908443750347942e-05,0.41328611969947815
1623,40.95652173913044,46,40,0.8695652173913043,-0.24423336435575038,0.04820647685522772,1.2907627933600452e-05,0.11499685049057007
1624,59.33333333333334,24,20,0.8333333333333334,-0.08305876710801385,0.1964847542348167,1.2907061318401247e-05,0.16936491429805756
1625,-109.40064102564102,208,206,0.9859935897435897,-0.06571695035289872,0.43159128437881206,1.294841513299616e-05,0.7236270308494568
1626,-4.2549019607843235,102,100,0.9774509803921568,0.02040685662286279,0.22880494105752772,1.295752554142382e-05,0.5263106226921082
1627,-7.631578947368411,95,83,0.8736842105263158,-0.054408695682013786,0.8753994780555221,1.2957358194398694e-05,0.04823947697877884
1628,-5.961538461538453,104,103,0.9803846153846154,-0.008219873760452856,0.1205134088652728,1.296129630645737e-05,0.14675478637218475
1629,-5.702127659574472,94,83,0.8829787234042553,-0.013035812148359582,0.40105365993416997,1.2325236639298964e-05,0.05361369997262955
1630,-110.87240829346092,209,206,0.9812759170653907,0.0644204155474064,0.8357213829704894,1.2385431546135806e-05,0.9292166233062744
1631,-9.541666666666657,96,83,0.8645833333333334,0.017055378022178047,0.6356002264362828,1.2385420632199384e-05,0.08684493601322174
1632,-5.702127659574472,94,83,0.8829787234042553,0.025666719035200458,0.1500912107857072,1.2385577974782791e-05,0.015854239463806152
1633,-6.480769230769226,104,102,0.9751923076923077,0.05082110470665602,0.1127073980229164,1.2617503671208397e-05,1.8886679410934448
1634,-4.915032679738559,102,100,0.9708496732026144,0.09248950039238757,0.1575424169919177,1.2076432540197857e-05,1.7763655185699463
1635,-5.71844660194175,103,101,0.9728155339805825,0.09717965945259266,0.06506111595156683,1.2197195246699266e-05,1.796722412109375
1636,48.68707482993197,49,48,0.9768707482993197,-0.09467992939901379,0.24088132240620297,1.2214523849252146e-05,1.5423250198364258
1637,-3.4224422442244276,101,99,0.9757755775577558,0.062531610847266,0.04864566337153796,1.2286831406527199e-05,1.4789378643035889
1638,-100.71524288107203,199,196,0.9828475711892797,0.1382734797863634,1.6344095461857362,1.2389293260639533e-05,1.2428977489471436
1639,40.95652173913044,46,40,0.8695652173913043,-0.15393821072211722,0.04926643914961559,1.2165332918812055e-05,0.14717739820480347
1640,47.29931972789116,49,48,0.9629931972789115,-0.15320205005582466,0.1529248496869684,1.2317348591750488e-05,1.501133918762207
1641,59.33333333333334,24,20,0.8333333333333334,0.038414792093135475,0.046007853291402334,1.231548776559066e-05,0.14886826276779175
1642,46.733333333333334,50,49,0.9673333333333334,-0.13694358092561743,0.08765600894059844,1.2540062016341835e-05,2.081958532333374
1643,-5.71844660194175,103,101,0.9728155339805825,0.05521730419037496,1.4456455222828175,1.2642730325751472e-05,1.3114194869995117
1644,-109.40064102564102,208,206,0.9859935897435897,0.014398987326080803,1.6891187240090815,1.2765649444190785e-05,1.4083540439605713
1645,-109.9326923076923,208,204,0.9806730769230769,0.038979410167410244,1.4623111712781216,1.2433851225068793e-05,1.6901675462722778
1646,38.1063829787234,47,40,0.851063829787234,-0.07360237641478307,0.037082249200693695,1.2428320587787312e-05,0.008231216110289097
1647,43.704402515723274,53,52,0.9670440251572328,-0.03220736128918321,0.06808870728309557,1.2420703569659963e-05,0.5977606177330017
1648,59.33333333333334,24,20,0.8333333333333334,0.08628074728767388,0.28603625699780366,1.242200960405171e-05,0.19713248312473297
1649,-3.4224422442244276,101,99,0.9757755775577558,0.022439053981716306,0.11341370554197677,1.2427256478986237e-05,0.3164799213409424
1650,63.95652173913044,23,20,0.8695652173913043,-0.0032802670193632366,0.1289719947427559,1.2417569450917654e-05,0.04952334612607956
1651,-9.541666666666657,96,83,0.8645833333333334,0.056635732895529145,0.6498211297748888,1.2417581274348777e-05,0.037042222917079926
1652,-7.051282051282058,104,101,0.9694871794871794,0.052132305970960496,0.01401857295742961,1.2536131180240773e-05,1.3708869218826294
1653,63.95652173913044,23,20,0.8695652173913043,-0.15916301795004983,0.6839859268543381,1.253684786206577e-05,0.2619660794734955
1654,-100.71524288107203,199,196,0.9828475711892797,0.330498938748633,0.09256712318724693,1.2519778465502895e-05,0.8644710183143616
1655,-104.93760262725779,203,200,0.980623973727422,0.22338001992526557,0.05517197690315699,1.1450093552412e-05,0.24164965748786926
1656,-7.631578947368411,95,83,0.8736842105263158,0.008875759129750804,0.39818505272452137,1.1425544471421745e-05,0.08962427824735641
1657,-105.54575163398692,204,201,0.9845424836601308,0.007300673936327939,0.10205993353992016,1.147505554399686e-05,0.8950101733207703
1658,-102.70149253731343,201,198,0.9829850746268657,-0.04951924887979686,0.376196242225311,1.1446745702414773e-05,0.26729846000671387
1659,38.1063829787234,47,40,0.851063829787234,-0.14662115814053323,0.246218048770047,1.137581784860231e-05,0.12285146117210388
1660,43.888888888888886,45,40,0.8888888888888888,-0.09519113594706141,0.02997467386801933,1.1319079021632206e-05,0.15779820084571838
1661,-106.9479674796748,205,202,0.980520325203252,-0.11724337539141061,0.7616229194973424,1.133623572968645e-05,0.7908415794372559
1662,48.68707482993197,49,48,0.9768707482993197,0.18577146263385735,0.061548996873686646,1.0252112588204909e-05,2.1622939109802246
1663,-7.051282051282058,104,101,0.9694871794871794,-0.030325052988933066,0.11786671171000507,1.0329137694498058e-05,1.1627633571624756
1664,-110.85964912280701,209,206,0.9814035087719298,-0.07443973479557897,0.28924704989765126,1.0185176506638527e-05,0.45872917771339417
1665,-6.480769230769226,104,102,0.9751923076923077,-0.02788742867715488,0.03219500416347021,1.0206151273450814e-05,0.5490953326225281
1666,46.733333333333334,50,49,0.9673333333333334,0.19149850934400092,0.062459472965873175,1.4211583220458124e-05,8.17801284790039
1667,-4.91585760517799,103,102,0.98084142394822,-0.03487978753799048,0.5309241061524984,1.4241887583921198e-05,0.6911267042160034
1668,43.888888888888886,45,40,0.8888888888888888,-0.1009835674635724,0.09434837327618162,1.4884735719533637e-05,3.13356351852417
1669,63.95652173913044,23,20,0.8695652173913043,-0.06736149673542968,0.27631813690766727,1.4852947970211972e-05,0.19725844264030457
1670,-5.702127659574472,94,83,0.8829787234042553,0.02639066906404608,0.015707517654582864,1.4853268112346996e-05,0.08074883371591568
1671,-9.541666666666657,96,83,0.8645833333333334,0.04634983300826434,0.0931084068709858,1.265956052520778e-05,0.03041994944214821
1672,-6.480769230769226,104,102,0.9751923076923077,0.027690807716056476,0.5842002169577212,1.2659849744522944e-05,0.05517078936100006
1673,63.95652173913044,23,20,0.8695652173913043,-0.16214392249639786,0.300836394098285,1.268528194486862e-05,0.5842795372009277
1674,-104.93760262725779,203,200,0.980623973727422,0.22834691897176196,0.04574058981123412,1.2682934539043345e-05,0.21985171735286713
1675,-109.40064102564102,208,206,0.9859935897435897,0.165366714637073,0.037580657728039694,1.2723293366434518e-05,1.0710712671279907
1676,40.95652173913044,46,40,0.8695652173913043,-0.26344844530558476,0.15326778078492634,1.272743429581169e-05,0.31733042001724243
1677,47.13333333333334,50,49,0.9713333333333334,-0.02607616193473579,0.4734215929922492,2.00353424588684e-05,10.933199882507324
1678,40.95652173913044,46,40,0.8695652173913043,-0.18031794032776816,0.02547130980686608,2.0034487533848733e-05,0.05065620318055153
1679,-106.9219512195122,205,202,0.980780487804878,-0.092581997779007,1.2097417471632552,2.005380520131439e-05,0.5334325432777405
1680,63.95652173913044,23,20,0.8695652173913043,0.052873239568725694,2.4170724983689422,2.016798134718556e-05,1.2824980020523071
1681,40.95652173913044,46,40,0.8695652173913043,-0.11914817945944378,0.257043402212183,2.0140219930908643e-05,0.26833227276802063
1682,-105.44117647058823,204,202,0.9855882352941177,-0.10161085981216186,1.2466814477791253,2.0160747226327658e-05,0.5199006199836731
1683,43.704402515723274,53,52,0.9670440251572328,-0.004768608390044449,0.034945219336234956,2.3593465812155046e-05,7.596689224243164
1684,-8.937694704049846,107,106,0.9806230529595016,-0.02129042176896456,0.49202771321623173,2.3437291019945405e-05,0.5221509337425232
1685,63.95652173913044,23,20,0.8695652173913043,-0.0035284513949136453,0.4941592716019167,2.3540955226053484e-05,1.2300976514816284
1686,-106.9479674796748,205,202,0.980520325203252,0.08261546386371776,0.3848033298470436,2.3582237190566957e-05,1.1471534967422485
1687,63.95652173913044,23,20,0.8695652173913043,-0.06544897294491392,0.010037041788375944,2.5130946596618742e-05,4.981640338897705
1688,-105.54575163398692,204,201,0.9845424836601308,0.14518474010251747,0.16516025333981507,2.5278717657784e-05,1.536950707435608
1689,-9.541666666666657,96,83,0.8645833333333334,0.0011952802749988223,0.6404447263580827,2.527903052396141e-05,0.008827606216073036
1690,40.95652173913044,46,40,0.8695652173913043,-0.2693230248787586,0.5065240517421357,2.6952946427627467e-05,5.2800493240356445
1691,-106.24183006535948,204,200,0.9775816993464053,0.21943034311487608,0.1040696170062982,2.7018309992854483e-05,0.9424960613250732
1692,46.733333333333334,50,49,0.9673333333333334,-0.0076817156323159,0.4076045288098007,4.2052164644701406e-05,15.653739929199219
1693,40.95652173913044,46,40,0.8695652173913043,-0.23788239342025008,0.019259699388622677,4.203036587568931e-05,0.14846955239772797
1694,40.95652173913044,46,40,0.8695652173913043,-0.19671022610373257,0.13911059948506954,4.202452691970393e-05,0.19120441377162933
1695,40.95652173913044,46,40,0.8695652173913043,-0.13782571411411482,0.40554633313454264,4.202655691187829e-05,0.19486099481582642
1696,-6.480769230769226,104,102,0.9751923076923077,0.012385162286982165,0.2016212192754611,4.200305193080567e-05,2.303046464920044
1697,63.95652173913044,23,20,0.8695652173913043,0.12819917678280035,2.386845590527837,4.182228076388128e-05,0.6146520972251892
1698,-9.541666666666657,96,83,0.8645833333333334,0.03557739963314788,0.05210004349110849,4.1767660150071606e-05,0.012547560036182404
1699,63.95652173913044,23,20,0.8695652173913043,0.09479967842707993,0.9338742430744276,4.177093433099799e-05,0.19651269912719727
1700,-9.541666666666657,96,83,0.8645833333333334,0.04797119895556534,0.19648261141941992,4.1619703551987186e-05,0.015040027908980846
1701,63.95652173913044,23,20,0.8695652173913043,-0.013045536612480646,0.1302463407557113,4.1577073716325685e-05,0.07262375950813293
1702,-7.1079365079365004,105,104,0.978920634920635,0.03051312403198758,0.011649818167443732,4.1648363549029455e-05,1.2006666660308838
1703,-7.1079365079365004,105,104,0.978920634920635,0.04110220133331666,0.009977302201446993,4.192741835140623e-05,1.9815551042556763
1704,-9.541666666666657,96,83,0.8645833333333334,0.02666373819272394,0.46261758072087716,4.1858525946736336e-05,0.2604358196258545
1705,63.95652173913044,23,20,0.8695652173913043,-0.20735594084180775,3.7829152170660336,4.1373867134097964e-05,0.9040127396583557
1706,-104.93760262725779,203,200,0.980623973727422,0.019652712713663756,0.19107993516503022,4.1407802200410515e-05,0.799605131149292
1707,40.95652173913044,46,40,0.8695652173913043,-0.2345387674126158,0.029804077927658268,4.1413557482883334e-05,0.3078484535217285
1708,63.95652173913044,23,20,0.8695652173913043,-0.011540902385604568,0.024691501250146075,4.143006299273111e-05,0.5740052461624146
1709,46.06666666666666,50,49,0.9606666666666667,0.049788654760959616,0.8680173431481015,4.156900104135275e-05,1.457889437675476
1710,40.95652173913044,46,40,0.8695652173913043,-0.07754126290092245,0.5731725518449569,4.122964310226962e-05,0.23016028106212616
1711,63.95652173913044,23,20,0.8695652173913043,0.0829322787858473,0.5374614734005984,4.12298395531252e-05,0.13078835606575012
1712,-104.1881188118812,202,198,0.9781188118811881,-0.025839895086415154,0.1770516832061704,4.127710053580813e-05,0.8656186461448669
1713,40.95652173913044,46,40,0.8695652173913043,-0.1888275149335641,0.10188028678741337,4.1198538383468986e-05,0.22940301895141602
1714,-99.21885521885523,198,196,0.9878114478114478,0.017419785663344345,0.09765638996231471,3.953369377995841e-05,0.8984501957893372
1715,-3.4224422442244276,101,99,0.9757755775577558,-0.03864907804512541,0.06062987784557372,3.9741200453136116e-05,1.7980287075042725
1716,-8.937694704049846,107,106,0.9806230529595016,-0.044908217694654695,0.03364148498292785,4.002403875347227e-05,2.4836995601654053
1717,40.95652173913044,46,40,0.8695652173913043,-0.3021276862182276,0.0756932116618545,4.005577284260653e-05,0.783728301525116
1718,-9.541666666666657,96,83,0.8645833333333334,-0.06213443796923457,0.1787063610956009,3.978182576247491e-05,0.04666746035218239
1719,48.68707482993197,49,48,0.9768707482993197,0.027691319985319596,0.048402168119433986,3.8986094295978546e-05,1.227813720703125
1720,59.33333333333334,24,20,0.8333333333333334,-0.09744162891001906,0.475455225778596,3.8988899177638814e-05,0.25135311484336853
1721,63.95652173913044,23,20,0.8695652173913043,-0.0456656004935212,0.04664932278479483,3.898975774063729e-05,0.20676042139530182
1722,40.95652173913044,46,40,0.8695652173913043,-0.07949421543366952,0.2703463800114612,3.897921851603314e-05,0.09462472796440125
1723,-112.32698412698412,210,206,0.9767301587301588,0.12065651966540614,0.05797259058407955,3.898050636053085e-05,0.12464607506990433
1724,40.95652173913044,46,40,0.8695652173913043,-0.014465595968431444,0.4911158998072551,3.898050636053085e-05,0.12547117471694946
1725,38.1063829787234,47,40,0.851063829787234,-0.020001114587103075,0.23707636528922027,3.894567271345295e-05,0.09220662713050842
1726,40.95652173913044,46,40,0.8695652173913043,0.01842124121321831,0.25591928966875077,3.893289976986125e-05,0.21824911236763
1727,46.06666666666666,50,49,0.9606666666666667,0.06250017328511603,0.13080953049442773,3.8950609450694174e-05,0.5419189929962158
1728,-4.59223300970875,103,102,0.9840776699029126,0.011695952329894066,0.08730547964412688,3.8966380088822916e-05,0.5548076629638672
1729,63.95652173913044,23,20,0.8695652173913043,-0.028867068747786107,0.008213705214508593,3.8966230931691825e-05,0.14767040312290192
1730,-9.043613707165107,107,105,0.979563862928349,-0.018240562275431138,0.02827845557188371,3.896455746144056e-05,1.002056360244751
1731,63.95652173913044,23,20,0.8695652173913043,-0.11109389888588339,0.22057091476003876,3.8964517443673685e-05,0.1323373168706894
1732,49.36879432624113,47,46,0.9636879432624114,-0.05604881764702441,2.036142035584522,3.896472117048688e-05,0.12975220382213593
1733,-104.1881188118812,202,198,0.9781188118811881,0.03329102023104724,0.3318841704820899,3.8824291550554335e-05,1.152854561805725
1734,-108.53945249597423,207,204,0.9846054750402576,0.04611260978077764,0.21637061425175932,3.865270991809666e-05,0.7140530347824097
1735,40.95652173913044,46,40,0.8695652173913043,-0.057328956551828014,0.05414171121174454,3.8436573959188536e-05,0.010822014883160591
1736,40.95652173913044,46,40,0.8695652173913043,-0.045109436622624344,0.15275249155519788,3.8303980545606464e-05,0.12778566777706146
1737,-100.71524288107203,199,196,0.9828475711892797,0.07924761803133151,0.2371033973926541,3.8251779187703505e-05,1.1736295223236084
1738,-109.40064102564102,208,206,0.9859935897435897,0.07022211468790428,0.16675854517285363,3.83061524189543e-05,1.5447839498519897
1739,47.29931972789116,49,48,0.9629931972789115,0.06611411536869127,0.8204701556584908,3.8374266296159476e-05,1.023216962814331
1740,-8.937694704049846,107,106,0.9806230529595016,-0.03645216211989677,0.11163900985243372,3.8518821384059265e-05,2.1085894107818604
1741,-5.702127659574472,94,83,0.8829787234042553,-0.03815814678773677,0.0022222205518011577,3.8518410292454064e-05,0.015569007955491543
1742,-110.01282051282051,208,204,0.9798717948717949,0.07064298626005794,0.2983631081154565,3.831110370811075e-05,0.8210864067077637
1743,63.95652173913044,23,20,0.8695652173913043,0.038661850416247034,2.2676747995750546,3.8201680581551045e-05,0.15423265099525452
1744,40.95652173913044,46,40,0.8695652173913043,-0.04514975106667407,0.03480292709296218,3.8069134461693466e-05,0.050265323370695114
1745,-9.541666666666657,96,83,0.8645833333333334,-0.017598805483146407,0.3915452613696573,3.788200774579309e-05,0.017945734784007072
1746,43.704402515723274,53,52,0.9670440251572328,0.18642206779077242,0.4666104190368401,3.8075500924605876e-05,1.7358933687210083
1747,-7.1079365079365004,105,104,0.978920634920635,0.00557902241646957,0.012181777350111833,3.813992589130066e-05,1.0955091714859009
1748,-7.631578947368411,95,83,0.8736842105263158,-0.005295373542477222,0.522806112399044,3.8138783565955237e-05,0.021159976720809937
1749,-11.432989690721655,97,83,0.8556701030927835,0.010958481523630326,1.2570089662724064,3.813651346717961e-05,0.19828161597251892
1750,-100.71524288107203,199,196,0.9828475711892797,0.10916539333111785,0.49760353077082503,3.81505633413326e-05,0.4471072852611542
1751,-7.631578947368411,95,83,0.8736842105263158,0.01562815449960908,0.6111215344730361,3.815067611867562e-05,0.08964148163795471
1752,-5.961538461538453,104,103,0.9803846153846154,0.026213995769793996,0.014134268305074802,3.8079455407569185e-05,0.7832204699516296
1753,38.1063829787234,47,40,0.851063829787234,-0.3683000855453429,1.5596568280579817,3.8076439523138106e-05,0.07451412826776505
1754,43.87179487179486,52,51,0.9587179487179487,0.13457804744899704,1.0659609263386776,3.843731974484399e-05,2.5965871810913086
1755,40.95652173913044,46,40,0.8695652173913043,-0.15896964382227452,0.027131953074357895,3.8435024180216715e-05,0.1400057077407837
1756,63.95652173913044,23,20,0.8695652173913043,0.044462167265010066,0.7132158020716339,3.8436774048022926e-05,0.2343343049287796
1757,-104.76026272577997,203,200,0.9823973727422003,0.1364453375584418,0.27821121806196514,3.843613012577407e-05,0.8373333215713501
1758,-5.110032362459549,103,101,0.9788996763754045,0.061780809989159025,0.20001711528257382,3.848736741929315e-05,0.9234490394592285
1759,-104.1881188118812,202,198,0.9781188118811881,0.10755042861652254,0.4330838057144041,3.8542752008652315e-05,0.921832799911499
1760,47.266666666666666,50,49,0.9726666666666667,-0.0026419252023401896,5.202126696326397,3.882874807459302e-05,2.1541383266448975
1761,-107.0260162601626,205,201,0.979739837398374,0.00591544645067188,0.39273283417114957,3.8799549656687304e-05,0.3729688823223114
1762,-9.541666666666657,96,83,0.8645833333333334,-0.03246059815745639,0.20042869419990175,3.85090424970258e-05,0.1408742517232895
1763,-3.4224422442244276,101,99,0.9757755775577558,-0.036968394771567104,0.005976039960185114,3.844138700515032e-05,0.5550841093063354
1764,40.95652173913044,46,40,0.8695652173913043,-0.13848352253808116,0.18818307713726057,3.842755904770456e-05,0.12769213318824768
1765,-9.541666666666657,96,83,0.8645833333333334,-0.07339928955468622,0.30470161852878236,3.840720819425769e-05,0.10754862427711487
1766,43.704402515723274,53,52,0.9670440251572328,0.08352741765361316,0.05266019308118999,3.447130075073801e-05,2.053297519683838
1767,63.95652173913044,23,20,0.8695652173913043,-0.12972427570275613,0.01859813223502016,3.445277252467349e-05,0.2188301682472229
1768,-5.961538461538453,104,103,0.9803846153846154,-0.0656046653663744,0.015102344967097059,3.388876575627364e-05,0.23454684019088745
1769,63.95652173913044,23,20,0.8695652173913043,-0.19867774831254792,0.0812068535281174,3.388969707884826e-05,0.2137431800365448
1770,43.888888888888886,45,40,0.8888888888888888,-0.24498508828173726,0.031452885239289685,3.38894096785225e-05,0.05013100802898407
1771,-106.9479674796748,205,202,0.980520325203252,-0.06071560889994032,0.02068347480887298,3.389042103663087e-05,0.13063696026802063
1772,-9.541666666666657,96,83,0.8645833333333334,-0.019934963826472085,0.19955803792115145,3.3895415981533006e-05,0.2226710021495819
1773,40.95652173913044,46,40,0.8695652173913043,-0.18395481225888943,0.029051943242066613,3.38794598064851e-05,0.05326146259903908
1774,63.95652173913044,23,20,0.8695652173913043,-0.06828568935225121,0.9351971132741471,3.387613833183423e-05,0.12746214866638184
1775,-11.432989690721655,97,83,0.8556701030927835,0.013374067720132388,0.1470079277558733,3.38076933985576e-05,0.04427294433116913
1776,63.95652173913044,23,20,0.8695652173913043,-0.06955660620587878,1.2241971257400905,3.3805550629040226e-05,0.24128413200378418
1777,-110.85964912280701,209,206,0.9814035087719298,0.02732294082696285,0.09272651035538149,2.63668716797838e-05,0.4092133641242981
1778,-9.541666666666657,96,83,0.8645833333333334,0.03886795357141182,0.04419580292344118,2.6366511519881897e-05,0.011494853533804417
1779,40.95652173913044,46,40,0.8695652173913043,-0.12111382516332014,0.03042851128911339,2.63542533502914e-05,0.031315892934799194
1780,-106.9479674796748,205,202,0.980520325203252,0.06861807241039086,0.029386690228470725,2.6266545319231227e-05,0.1325996220111847
1781,-11.432989690721655,97,83,0.8556701030927835,0.06968007426416989,0.22090530863947733,2.6261859602527693e-05,0.04799887537956238
1782,40.95652173913044,46,40,0.8695652173913043,-0.1035023176264076,0.017579240507519245,2.625219349283725e-05,0.073687843978405
1783,-4.2549019607843235,102,100,0.9774509803921568,0.030429496615921536,0.34654500306447855,2.2573147361981682e-05,0.3210713565349579
1784,63.95652173913044,23,20,0.8695652173913043,0.02469283343089046,0.05708435171218618,2.2567824998986907e-05,0.11231765896081924
1785,-8.937694704049846,107,106,0.9806230529595016,-0.014728571391515288,0.09311019746118633,2.2483955035568215e-05,0.425133615732193
1786,63.95652173913044,23,20,0.8695652173913043,0.011345345246809302,0.026736449100155824,2.243882408947684e-05,0.41763386130332947
1787,40.95652173913044,46,40,0.8695652173913043,-0.0458645927519683,0.0525443840518468,2.092927388730459e-05,0.21861135959625244
1788,43.888888888888886,45,40,0.8888888888888888,-0.033654701001125886,0.01218909189312356,2.079242403851822e-05,0.08221462368965149
1789,63.95652173913044,23,20,0.8695652173913043,0.06385835194851097,0.1257306827784035,2.0794093870790675e-05,0.15248659253120422
1790,-109.40064102564102,208,206,0.9859935897435897,-0.027199215047325923,0.5787266465749406,1.9049019101657905e-05,0.2807890474796295
1791,-3.3594771241830017,102,101,0.9864052287581699,0.026871586455570196,0.006895559702628562,1.9015007637790404e-05,0.17729997634887695
1792,63.95652173913044,23,20,0.8695652173913043,0.014061474370464566,0.2857274434637584,3.821097379841376e-06,0.187176913022995
1793,-7.631578947368411,95,83,0.8736842105263158,0.03945715015333917,0.39998139719360476,3.8219850466703065e-06,0.09759814292192459
1794,-6.538461538461533,104,102,0.9746153846153847,0.024453716234347667,0.06329822363916593,3.820169695245568e-06,0.3045724630355835
1795,-5.702127659574472,94,83,0.8829787234042553,0.0288239705128035,0.1940236860862395,3.8202388168429025e-06,0.015975752845406532
1796,-105.44117647058823,204,202,0.9855882352941177,0.008278589381149004,0.3428000361779259,3.545325625964324e-06,0.08791348338127136
1797,40.95652173913044,46,40,0.8695652173913043,-0.02336333707171434,0.08566410411587189,3.5098423722956795e-06,0.08758698403835297
1798,-5.71844660194175,103,101,0.9728155339805825,0.03716454208314257,0.007404745594953965,3.644889375209459e-06,1.6896979808807373
1799,63.95652173913044,23,20,0.8695652173913043,-0.022157438470458146,0.02470977215436676,3.643712489065365e-06,0.07107792049646378
1800,-9.541666666666657,96,83,0.8645833333333334,0.03574381497867307,0.1966755863576067,3.6449009712669067e-06,0.061894677579402924
1801,-7.631578947368411,95,83,0.8736842105263158,0.018638974220209548,0.023536730303875767,3.655081400211202e-06,0.3403538465499878
1802,46.7516339869281,51,51,0.977516339869281,0.21053193452530738,0.0972320357910661,3.8079595015005907e-06,1.7303355932235718
1803,-4.91585760517799,103,102,0.98084142394822,0.01377782849340825,0.3055018144124084,3.6113056012254674e-06,0.3849414885044098
1804,40.95652173913044,46,40,0.8695652173913043,-0.10848016804993676,0.08037312984462375,3.610198291426059e-06,0.09071832150220871
1805,-7.631578947368411,95,83,0.8736842105263158,-0.007766987783156765,0.023445435492669933,3.55984366251505e-06,0.11091284453868866
1806,43.60377358490567,53,52,0.9660377358490566,0.21040563360830333,0.38586760957561594,3.7878839975746814e-06,1.8948982954025269
1807,-9.043613707165107,107,105,0.979563862928349,-0.04082638406034533,0.16032831807378922,3.851220753858797e-06,0.9924907088279724
1808,-7.631578947368411,95,83,0.8736842105263158,-0.024034209844103316,0.06881490603777358,3.836008545476943e-06,0.40970107913017273
1809,-5.702127659574472,94,83,0.8829787234042553,-0.022010490202774236,0.035511341263282044,3.739169187610969e-06,0.37690848112106323
1810,40.95652173913044,46,40,0.8695652173913043,-0.3380097313056467,0.6611590705288677,3.73666375708126e-06,0.16611617803573608
1811,63.95652173913044,23,20,0.8695652173913043,-0.2233452057625982,0.29990363737408643,3.736782218766166e-06,0.19216321408748627
1812,-104.76026272577997,203,200,0.9823973727422003,0.09913214050713037,0.05229279170875152,3.7018407965661027e-06,0.37148207426071167
1813,63.95652173913044,23,20,0.8695652173913043,-0.1554928284658672,0.4489901086799364,3.7100999179529026e-06,0.5226991772651672
1814,-110.85964912280701,209,206,0.9814035087719298,0.05107847327196602,0.029213541502536203,3.6723993162013358e-06,0.08330479264259338
1815,47.13333333333334,50,49,0.9713333333333334,0.09567441191118363,0.6292071521380979,3.850504981528502e-06,2.369973659515381
1816,47.266666666666666,50,49,0.9726666666666667,0.04465744225505652,0.5128477666554474,4.138772055739537e-06,3.1886203289031982
1817,-9.541666666666657,96,83,0.8645833333333334,-0.07413754320987209,0.11695800912552921,4.113476734346477e-06,0.30029499530792236
1818,-9.043613707165107,107,105,0.979563862928349,-0.0716441701429287,0.018862396160791047,4.219824404572137e-06,1.2706657648086548
1819,48.102040816326536,49,48,0.9710204081632653,0.059494639578795715,0.05807676513591786,4.372911007521907e-06,1.9298298358917236
1820,-7.631578947368411,95,83,0.8736842105263158,-0.08558221507564667,0.09743247362845855,4.371397608338157e-06,0.13376787304878235
1821,-5.317152103559877,103,101,0.9768284789644013,-0.05184306141677553,0.03674845400711357,4.378207904665032e-06,0.3462013304233551
1822,40.95652173913044,46,40,0.8695652173913043,-0.1983282703358782,0.05094861364710612,4.380355221655918e-06,0.213465616106987
1823,46.733333333333334,50,49,0.9673333333333334,0.0876839533252678,0.3477784642812791,8.380301551369485e-06,8.07800006866455
1824,47.29931972789116,49,48,0.9629931972789115,-0.05309858697455638,0.3047732071487914,8.67994185682619e-06,2.2776718139648438
1825,46.06666666666666,50,49,0.9606666666666667,0.06925893355310109,0.1041714858639089,9.407081961398944e-06,3.53586745262146
1826,48.68707482993197,49,48,0.9768707482993197,0.010169472854888895,0.16143406838159535,9.772327757673338e-06,2.566534996032715
1827,40.95652173913044,46,40,0.8695652173913043,-0.22380822495870234,0.2570398870378927,9.762302397575695e-06,0.10262444615364075
1828,59.33333333333334,24,20,0.8333333333333334,-0.1786917885838193,1.3179599197842293,9.752133337315172e-06,0.16325099766254425
1829,48.102040816326536,49,48,0.9710204081632653,0.061376990802671116,0.5662199431467201,9.7524043667363e-06,0.2641439735889435
1830,-6.538461538461533,104,102,0.9746153846153847,-0.04588391029506056,1.3091592515659274,9.759827662492171e-06,0.8701154589653015
1831,-9.541666666666657,96,83,0.8645833333333334,0.08818832780798402,0.06011979957067304,9.76587034529075e-06,0.33121269941329956
1832,40.95652173913044,46,40,0.8695652173913043,-0.3558471139770063,0.16282970652612389,9.76566025201464e-06,0.1845441311597824
1833,-110.01282051282051,208,204,0.9798717948717949,0.05332339513300943,0.5417660762925551,9.760049579199404e-06,1.0373512506484985
1834,-9.541666666666657,96,83,0.8645833333333334,0.07752294636441093,0.2120260469542814,9.723195034894161e-06,0.23170168697834015
1835,-112.32698412698412,210,206,0.9767301587301588,0.024221220219473594,0.7814735140634158,9.754474376677535e-06,0.6361145377159119
1836,63.95652173913044,23,20,0.8695652173913043,-0.23510673981127184,1.6364466170382619,9.759176464285702e-06,0.2289133369922638
1837,-11.432989690721655,97,83,0.8556701030927835,-0.22602830603193524,0.4609345867300971,1.2831943422497716e-05,7.094285011291504
1838,46.7516339869281,51,51,0.977516339869281,-0.1620653168093611,0.10764030290985005,1.2689450159086846e-05,0.5347199440002441
1839,47.29931972789116,49,48,0.9629931972789115,-0.23541924306090323,0.07443168797993849,1.2697953025053721e-05,1.0860768556594849
1840,-5.317152103559877,103,101,0.9768284789644013,0.004190907944007449,0.19333543805943232,1.2483668797358405e-05,1.0263944864273071
1841,43.704402515723274,53,52,0.9670440251572328,0.10255610565008055,0.6292044811303974,1.2487489584600553e-05,0.2620890736579895
1842,63.95652173913044,23,20,0.8695652173913043,-0.16564677869610023,2.617440064918867,1.2439231795724481e-05,0.14808382093906403
1843,-9.541666666666657,96,83,0.8645833333333334,0.05810167230413299,0.11461288856722346,1.2440167665772606e-05,0.18764406442642212
1844,-109.9326923076923,208,204,0.9806730769230769,0.06673047298375846,0.42261769588547704,1.2912716556456871e-05,2.7124030590057373
1845,-9.541666666666657,96,83,0.8645833333333334,0.04351388331451744,0.1453201538801311,1.291382432100363e-05,0.13772425055503845
1846,-2.8151815181518174,101,100,0.9818481848184818,0.0348649142490558,0.0988455530265353,1.2786508705175947e-05,1.0610816478729248
1847,-106.9479674796748,205,202,0.980520325203252,0.0588856919443721,0.40499828918071534,1.2722607607429381e-05,0.46398696303367615
1848,48.102040816326536,49,48,0.9710204081632653,-0.028490052350991557,0.04198445978426335,1.2732780305668712e-05,0.3392554819583893
1849,40.95652173913044,46,40,0.8695652173913043,-0.262444648269593,0.06749454644168651,1.2730371054203715e-05,0.09438704699277878
1850,63.95652173913044,23,20,0.8695652173913043,-0.19381427609187085,0.4328325297839086,1.2715493539872114e-05,0.1758965700864792
1851,-7.631578947368411,95,83,0.8736842105263158,-0.009020812143717194,0.052847652856423906,1.2715634511550888e-05,0.023963775485754013
1852,43.8930817610063,53,52,0.9689308176100629,0.01724100603826173,0.33645516021637434,1.3098683666612487e-05,2.563709259033203
1853,-5.702127659574472,94,83,0.8829787234042553,-0.004885244374918329,0.004331568051846895,1.3098772797093261e-05,0.04897652938961983
1854,48.68707482993197,49,48,0.9768707482993197,0.003460705853026269,0.12304583944526826,1.2719137885142118e-05,0.6744476556777954
1855,40.95652173913044,46,40,0.8695652173913043,-0.1836769810079204,0.057775092946414856,1.2719003279926255e-05,0.12949120998382568
1856,-9.541666666666657,96,83,0.8645833333333334,0.010437758891669091,0.1316724058885272,1.2716990568151232e-05,0.04335810989141464
1857,-106.9219512195122,205,202,0.980780487804878,0.07484015939233757,0.20124871335194963,1.27049188449746e-05,0.708294153213501
1858,46.733333333333334,50,49,0.9673333333333334,0.047025801851987126,0.03925819120793206,1.2668579984165262e-05,0.5523344278335571
1859,-104.76026272577997,203,200,0.9823973727422003,0.06952189374741119,0.15464480459030874,1.2748560948239174e-05,1.4519908428192139
1860,-104.76026272577997,203,200,0.9823973727422003,0.07922108417647422,0.16085105444200853,1.249869183084229e-05,0.8869614601135254
1861,63.95652173913044,23,20,0.8695652173913043,-0.07824356749188155,0.017512518767347274,1.2523770237748977e-05,0.831745982170105
1862,40.95652173913044,46,40,0.8695652173913043,-0.14862459797478778,0.019685894794247538,1.252278161700815e-05,0.027771592140197754
1863,63.95652173913044,23,20,0.8695652173913043,-0.07503597658615035,0.056534780243476135,1.2515397429524455e-05,0.4530089795589447
1864,49.02721088435375,49,49,0.9802721088435374,0.09122733101783842,0.04233035319204448,1.254304970643716e-05,0.7464267611503601
1865,63.95652173913044,23,20,0.8695652173913043,-0.018303237943655404,0.10524514685706471,1.2543003322207369e-05,0.08219382911920547
1866,-7.631578947368411,95,83,0.8736842105263158,-0.00527055836710133,0.04603017097346082,1.2261561096238438e-05,0.07086114585399628
1867,-9.541666666666657,96,83,0.8645833333333334,0.0009110375182217467,0.1598972315496928,1.22604642456281e-05,0.06097013130784035
1868,46.733333333333334,50,49,0.9673333333333334,0.05127920443965195,0.10246367891547603,1.2751500435115304e-05,2.9365525245666504
1869,-108.42394822006472,206,202,0.9757605177993528,0.03890924689680819,0.28002247727470064,1.2769620298058726e-05,0.46457594633102417
1870,59.33333333333334,24,20,0.8333333333333334,-0.12392787019780371,0.22477114665190356,1.2783892088918947e-05,0.4391176104545593
1871,43.60377358490567,53,52,0.9660377358490566,0.12358613085689285,0.05512610062748102,1.3698901966563426e-05,3.769563913345337
1872,-4.2549019607843235,102,100,0.9774509803921568,0.009305540347199326,0.10870010798074113,1.3694786503037903e-05,0.10122578591108322
1873,40.95652173913044,46,40,0.8695652173913043,-0.10375884485074494,0.016682362456833744,1.369467736367369e-05,0.10573524236679077
1874,43.888888888888886,45,40,0.8888888888888888,-0.11373962859943276,0.08060212535172262,1.3696233509108424e-05,0.1580604910850525
1875,-109.9326923076923,208,204,0.9806730769230769,0.013556530848755965,0.1407938699543507,1.3748842320637777e-05,0.8648945689201355
1876,-3.4224422442244276,101,99,0.9757755775577558,0.0011213697579819382,0.06113608201575127,1.3748631317866966e-05,0.2223038673400879
1877,63.95652173913044,23,20,0.8695652173913043,-0.05772867888936162,0.09771311739598332,1.3736462278757244e-05,0.2454627901315689
1878,-9.541666666666657,96,83,0.8645833333333334,-0.04493430293769052,0.15576287859694937,1.3736302207689732e-05,0.013377968221902847
1879,-5.702127659574472,94,83,0.8829787234042553,-0.041950738370587715,0.015794402524030637,1.3736512300965842e-05,0.06151873245835304
1880,40.95652173913044,46,40,0.8695652173913043,-0.16472711459937273,0.01764334288658631,1.3735579159401823e-05,0.1390107274055481
1881,40.95652173913044,46,40,0.8695652173913043,-0.14706249789014691,0.01793646843959773,1.3736995242652483e-05,0.2598230838775635
1882,-3.4224422442244276,101,99,0.9757755775577558,0.01624927272057164,0.1586348512310708,1.3737995686824434e-05,0.10282102972269058
1883,-5.702127659574472,94,83,0.8829787234042553,-0.010974669157349126,0.013932830212057991,1.3734064850723371e-05,0.04397532716393471
1884,40.95652173913044,46,40,0.8695652173913043,-0.08611601420415127,0.11243497867784326,1.3734093045059126e-05,0.19821971654891968
1885,40.95652173913044,46,40,0.8695652173913043,-0.07108904415144934,0.13202406434661906,1.3722817129746545e-05,0.32934829592704773
1886,47.29931972789116,49,48,0.9629931972789115,0.027832066974269765,0.03562669066578139,1.3720317838306073e-05,0.21751859784126282
1887,46.733333333333334,50,49,0.9673333333333334,-0.016317963908477395,0.04176510352326565,1.4211720554158092e-05,2.921511173248291
1888,-7.631578947368411,95,83,0.8736842105263158,-0.016996782272968858,0.03725262523426216,1.4211800589691848e-05,0.08070389181375504
1889,-5.71844660194175,103,101,0.9728155339805825,0.03594602889438647,0.01904342156183861,1.523303217254579e-05,4.037539482116699
1890,-5.702127659574472,94,83,0.8829787234042553,-0.03193162919637871,0.009573763551010028,1.5226579307636712e-05,0.016576413065195084
1891,-8.937694704049846,107,106,0.9806230529595016,-0.01485815494891618,0.019705786435993744,1.5295634511858225e-05,0.9903824925422668
1892,-4.2549019607843235,102,100,0.9774509803921568,0.02276745657582424,0.032988578592903745,1.5352592527051456e-05,0.9064942002296448
1893,40.95652173913044,46,40,0.8695652173913043,-0.12553176595554305,0.033673645330343484,1.535314368084073e-05,0.09200181812047958
1894,59.33333333333334,24,20,0.8333333333333334,-0.09551247417266495,0.22496489877858467,1.5345800420618616e-05,0.17969436943531036
1895,63.95652173913044,23,20,0.8695652173913043,0.008265505852705246,0.09669198417217711,1.53461514855735e-05,0.09415298700332642
1896,-7.631578947368411,95,83,0.8736842105263158,-0.018424819327492514,0.04072531329083462,1.5346817235695198e-05,0.16109463572502136
1897,-106.24183006535948,204,200,0.9775816993464053,0.09493394939482158,0.10321450434397389,1.535783121653367e-05,0.36543092131614685
1898,-9.541666666666657,96,83,0.8645833333333334,-0.009068731539628061,0.07741623278680723,1.5177533896348905e-05,0.2806803286075592
1899,-9.541666666666657,96,83,0.8645833333333334,-0.002112539913468936,0.06886542275711571,1.5178015928540844e-05,0.06555480509996414
1900,-4.915032679738559,102,100,0.9708496732026144,0.04494642231480839,0.1306299932010388,1.518856606708141e-05,0.3591020107269287
1901,-9.541666666666657,96,83,0.8645833333333334,0.008831099936060127,0.04072494265068367,1.5181682101683691e-05,0.05128810927271843
1902,-104.1881188118812,202,198,0.9781188118811881,0.07727627066183373,0.08734291022070641,1.5015330063761212e-05,0.18937069177627563
1903,-2.953795379537965,101,100,0.9804620462046204,0.042948757489861746,0.20420276084437158,1.5021450053609442e-05,0.5851735472679138
1904,-106.9479674796748,205,202,0.980520325203252,0.03030676510418573,0.05755413718818163,1.5046257431095e-05,0.5767132043838501
1905,-104.93760262725779,203,200,0.980623973727422,0.008202412777841062,0.11639825700690366,1.5097592950041872e-05,0.8866627812385559
1906,-4.59223300970875,103,102,0.9840776699029126,-0.007463842861592518,0.02734827044533672,1.489244186814176e-05,0.16124781966209412
1907,-4.91585760517799,103,102,0.98084142394822,-0.018342218938066424,0.013096342202106287,1.4830632608209271e-05,0.022976104170084
1908,-109.40064102564102,208,206,0.9859935897435897,-0.02550965443969365,0.049185401492465496,1.4875906344968826e-05,0.9415626525878906
1909,-112.32698412698412,210,206,0.9767301587301588,-0.018297606529324554,0.09154658481367924,1.493252239015419e-05,1.0474493503570557
1910,40.95652173913044,46,40,0.8695652173913043,-0.035088803325834306,0.32903722263620455,1.4934790669940412e-05,0.24565738439559937
1911,-9.541666666666657,96,83,0.8645833333333334,-0.03465468086506007,0.12474704591658337,1.494720891059842e-05,0.44407132267951965
1912,40.95652173913044,46,40,0.8695652173913043,-0.046776016173680546,0.17807555814957254,1.4937283594917972e-05,0.051857415586709976
1913,-5.317152103559877,103,101,0.9768284789644013,0.03475981732239575,0.04671061319597509,1.4920033208909445e-05,0.05620117858052254
1914,-5.702127659574472,94,83,0.8829787234042553,-0.013892874898303376,0.002666549962981879,1.4924472452548798e-05,0.31446021795272827
1915,63.95652173913044,23,20,0.8695652173913043,-0.039743004919728264,0.3270552235021569,1.459174291085219e-05,0.1979566365480423
1916,40.95652173913044,46,40,0.8695652173913043,-0.16285482505247728,0.01981226284613058,1.3969900464871898e-05,0.10651323199272156
1917,-2.953795379537965,101,100,0.9804620462046204,0.07449297099059135,0.08032664508652171,1.4836673472018447e-05,3.813887596130371
1918,63.95652173913044,23,20,0.8695652173913043,-0.09377617417339934,0.029005754536649775,1.4731901501363609e-05,0.33612629771232605
1919,-104.76026272577997,203,200,0.9823973727422003,0.1187065732636261,0.04044225381565153,1.4525974620482884e-05,0.7373744249343872
1920,-110.85964912280701,209,206,0.9814035087719298,0.07235262323981884,0.024255452721302678,1.4546233614964876e-05,0.6629477143287659
1921,43.60377358490567,53,52,0.9660377358490566,-0.02904586515271035,0.666428009351691,1.5154058928601444e-05,3.103360176086426
1922,47.625850340136054,49,48,0.9662585034013605,-0.09802477355601802,0.6474042510501619,1.7815662431530654e-05,6.653997898101807
1923,63.95652173913044,23,20,0.8695652173913043,-0.04110822217626264,0.09514649519165275,1.3715803106606472e-05,0.11003058403730392
1924,-10.845679012345684,108,106,0.9715432098765432,-0.057435196556014034,0.36544779130188165,1.3449522157316096e-05,1.373608946800232
1925,43.8930817610063,53,52,0.9689308176100629,0.021606953484780658,0.08669789407950836,1.3984046745463274e-05,4.575584411621094
1926,49.02721088435375,49,49,0.9802721088435374,-0.04855378683623712,0.18694344511581562,1.4045005627849605e-05,2.747027635574341
1927,-5.961538461538453,104,103,0.9803846153846154,-0.005397634820084818,0.05984793511473707,1.404120212100679e-05,0.13930030167102814
1928,-110.87240829346092,209,206,0.9812759170653907,-0.029847118502006494,0.25411713255881657,1.4046095202502329e-05,0.4436001181602478
1929,-104.1881188118812,202,198,0.9781188118811881,0.008486674252648374,0.31986578716144864,1.404106296831742e-05,0.4346364140510559
1930,-9.541666666666657,96,83,0.8645833333333334,0.04523045461005549,0.14348891684874668,1.4011654457135592e-05,0.009394117631018162
1931,-110.01282051282051,208,204,0.9798717948717949,0.0658225171993223,0.03445085244910706,1.4008604921400547e-05,0.205832839012146
1932,-100.71524288107203,199,196,0.9828475711892797,0.1114608560719148,0.043471350602365066,1.4004798686073627e-05,0.2794784605503082
1933,-6.480769230769226,104,102,0.9751923076923077,0.06452478937321596,0.23184914235048426,1.3946224498795345e-05,0.13146010041236877
1934,47.29931972789116,49,48,0.9629931972789115,0.13116086912907915,0.10823600356382013,1.8402652131044306e-05,8.399731636047363
1935,40.95652173913044,46,40,0.8695652173913043,-0.1328646000656457,0.026816052751100845,1.838059506553691e-05,0.0250032190233469
1936,-9.541666666666657,96,83,0.8645833333333334,0.06537363168914467,0.24017612854482667,1.8379541870672256e-05,0.025455720722675323
1937,47.625850340136054,49,48,0.9662585034013605,0.0017086848509592892,0.20706935169676832,1.711840923235286e-05,5.436956405639648
1938,-9.541666666666657,96,83,0.8645833333333334,0.016655205087129588,0.27562488494499865,1.7104403013945557e-05,0.04481828585267067
1939,-6.480769230769226,104,102,0.9751923076923077,-0.013983688274338962,0.03454244859229169,1.7058182493201457e-05,0.6654303073883057
1940,-104.76026272577997,203,200,0.9823973727422003,-0.0411965009718842,0.04505786572594044,1.7030501112458296e-05,0.7918710708618164
1941,-104.93760262725779,203,200,0.980623973727422,-0.03821678251727967,0.0458807642852682,1.7034733900800347e-05,0.3127300441265106
1942,-9.541666666666657,96,83,0.8645833333333334,-0.048153626704333874,0.14094619817819026,1.7034051779774018e-05,0.004695252049714327
1943,40.95652173913044,46,40,0.8695652173913043,-0.2436414263109583,0.15077435219265212,1.7029698938131332e-05,0.11327920854091644
1944,-109.40064102564102,208,206,0.9859935897435897,0.018089437899693785,0.06382358461057054,1.666026764723938e-05,1.235062599182129
1945,-104.1881188118812,202,198,0.9781188118811881,0.05187019760438005,0.011387215049285318,1.673865335760638e-05,1.0930362939834595
1946,-9.541666666666657,96,83,0.8645833333333334,-0.0268937390230235,0.034066867506458785,1.6652273188810796e-05,0.013100115582346916
1947,-9.541666666666657,96,83,0.8645833333333334,-0.020532971573629766,0.012867535260041973,1.6635456631775014e-05,0.030599340796470642
1948,-7.051282051282058,104,101,0.9694871794871794,0.018858580984623785,0.26241779608082727,1.6676891391398385e-05,0.849420428276062
1949,-100.66834170854271,199,196,0.9833165829145729,0.07837734230267523,0.025423134158607908,1.6699448678991757e-05,0.5471978783607483
1950,40.95652173913044,46,40,0.8695652173913043,-0.15215835263734334,0.7345339490174716,1.669873745413497e-05,0.10619860887527466
1951,-106.24183006535948,204,200,0.9775816993464053,0.0588475957619119,0.033045240452689834,1.6762247469159774e-05,0.9680341482162476
1952,-111.40191387559808,209,204,0.9759808612440192,-0.013726821944263086,0.04348905427149099,1.69343693414703e-05,3.053443193435669
1953,-5.71844660194175,103,101,0.9728155339805825,0.015830795457769498,0.07500467898670005,1.6999110812321305e-05,0.9951337575912476
1954,63.95652173913044,23,20,0.8695652173913043,-0.009090403756999876,2.5077671591364776,1.697393599897623e-05,0.12245660275220871
1955,59.33333333333334,24,20,0.8333333333333334,-0.09751737971237162,0.3418492393810165,1.6973635865724646e-05,0.09385179728269577
1956,46.7516339869281,51,51,0.977516339869281,-0.13336218744695572,0.05801536263208007,1.907901605591178e-05,5.895605564117432
1957,40.95652173913044,46,40,0.8695652173913043,-0.3022390832734345,0.04718442334629225,1.904066994029563e-05,0.07203102111816406
1958,40.95652173913044,46,40,0.8695652173913043,-0.29025577628441823,0.063184526112593,1.9016351870959625e-05,0.05853483825922012
1959,59.33333333333334,24,20,0.8333333333333334,-0.1999831543143955,0.31561485255207344,1.8899920178228058e-05,0.6100982427597046
1960,46.733333333333334,50,49,0.9673333333333334,-0.08340341671737406,0.05879381705058646,1.8987841031048447e-05,1.7046843767166138
1961,40.95652173913044,46,40,0.8695652173913043,-0.10744328591511021,0.10306315398963882,1.8956947315018624e-05,0.10426722466945648
1962,40.95652173913044,46,40,0.8695652173913043,-0.03381642239764915,0.21153936042441668,1.895648347272072e-05,0.033586110919713974
1963,40.95652173913044,46,40,0.8695652173913043,0.01721150653975201,0.30803697035619315,1.893942135211546e-05,0.02763696387410164
1964,-4.2549019607843235,102,100,0.9774509803921568,-0.016354011693652696,0.05010299619724254,1.89513430086663e-05,0.6619075536727905
1965,-107.0260162601626,205,201,0.979739837398374,-0.05087186996900073,0.8451363559299016,1.8964945411426015e-05,0.37059393525123596
1966,-2.8151815181518174,101,100,0.9818481848184818,0.0007890618122132764,0.0040825078463888305,1.8988226656802e-05,0.5087903141975403
1967,46.46153846153847,52,52,0.9846153846153847,0.09755491503171268,1.0797188098312063,1.9033874195883982e-05,0.9672390818595886
1968,40.95652173913044,46,40,0.8695652173913043,0.06453286114036416,0.11695014061122566,1.8532960893935524e-05,0.0658944621682167
1969,-9.541666666666657,96,83,0.8645833333333334,-0.03734799274758416,0.23007692874820565,1.8514623661758378e-05,0.006097204517573118
1970,-5.379084967320253,102,99,0.9662091503267974,0.018502689340749612,0.010460333128630817,1.859114308899734e-05,1.128482699394226
1971,63.95652173913044,23,20,0.8695652173913043,-0.09103619661159712,0.22134543240792054,1.7680085875326768e-05,0.23567648231983185
1972,43.8930817610063,53,52,0.9689308176100629,0.1834076388112887,2.1033166660514766,1.90642531379126e-05,4.875641822814941
1973,-5.702127659574472,94,83,0.8829787234042553,-0.01758704842222869,0.46163201571183793,1.906506804516539e-05,0.05568903312087059
1974,59.33333333333334,24,20,0.8333333333333334,-0.18341014923498733,1.708709476195395,1.9063398212892935e-05,0.20860274136066437
1975,40.95652173913044,46,40,0.8695652173913043,-0.2876874331183501,0.5725376024798668,1.9004528439836577e-05,0.3527745306491852
1976,40.95652173913044,46,40,0.8695652173913043,-0.13852658299856557,0.12423523987657603,1.900558709166944e-05,0.09831493347883224
1977,59.33333333333334,24,20,0.8333333333333334,-0.011943286703171907,0.4550334652733934,1.900704955914989e-05,0.04891674593091011
1978,40.95652173913044,46,40,0.8695652173913043,0.03754103032952116,0.19663974566555023,1.90069513337221e-05,0.12856602668762207
1979,47.266666666666666,50,49,0.9726666666666667,0.12868317175352217,0.4661133530509929,2.018517625401728e-05,4.565903663635254
1980,-106.9219512195122,205,202,0.980780487804878,0.14973154270791156,0.05440684040104399,2.035202669503633e-05,1.4494248628616333
1981,48.102040816326536,49,48,0.9710204081632653,0.07749303446704925,0.2789973170895017,2.1285573893692344e-05,4.117167949676514
1982,-9.541666666666657,96,83,0.8645833333333334,-0.0020154474459559424,0.2044169356085711,2.1287338313413784e-05,0.005326081067323685
1983,-3.3594771241830017,102,101,0.9864052287581699,0.02530489807924141,0.17850571999465542,2.1301621018210426e-05,0.3162660300731659
1984,63.95652173913044,23,20,0.8695652173913043,-0.07448953774292022,2.928171166441345,2.1305409973138012e-05,0.163077250123024
1985,38.1063829787234,47,40,0.851063829787234,-0.2688384185094037,0.08122924085948235,2.1306545022525825e-05,0.08476375788450241
1986,63.95652173913044,23,20,0.8695652173913043,-0.16407973145783217,1.1411086988431514,2.1298024876159616e-05,0.20228633284568787
1987,63.95652173913044,23,20,0.8695652173913043,-0.1972474665599293,0.45165218230103754,2.0843634047196247e-05,0.11977066844701767
1988,47.29931972789116,49,48,0.9629931972789115,-0.21770048307447043,2.797192981141521,2.3001242880127393e-05,6.159209251403809
1989,-7.051282051282058,104,101,0.9694871794871794,0.06624349172637056,0.521029739721103,2.203588701377157e-05,0.37817659974098206
1990,-8.937694704049846,107,106,0.9806230529595016,0.024907070405248533,0.21696317980712101,2.2153240934130736e-05,1.138583779335022
1991,-9.541666666666657,96,83,0.8645833333333334,0.04456536205009343,1.4615402344251183,2.2059968614485115e-05,0.04602190479636192
1992,49.02721088435375,49,49,0.9802721088435374,0.006222233681000944,0.23125276748513884,2.352099727431778e-05,5.318857669830322
1993,-7.631578947368411,95,83,0.8736842105263158,0.014747027774262733,0.4167726386366143,2.3519429305451922e-05,0.03245212137699127
1994,-7.631578947368411,95,83,0.8736842105263158,0.02386101208389846,0.2310905257556131,2.3521519324276596e-05,0.0184115469455719
1995,47.625850340136054,49,48,0.9662585034013605,-0.00032945569207498693,0.2810276922133852,2.354398566239979e-05,1.0337740182876587
1996,-110.87240829346092,209,206,0.9812759170653907,0.011146674028225334,0.07028507655579397,2.3716464056633413e-05,1.3874120712280273
1997,-9.541666666666657,96,83,0.8645833333333334,0.020512222027733173,0.02348989161591995,2.369576395722106e-05,0.027272872626781464
1998,-100.66834170854271,199,196,0.9833165829145729,0.03880754433154987,0.03600024582582436,2.3913560653454624e-05,1.5896005630493164
1999,63.95652173913044,23,20,0.8695652173913043,0.027823122989502735,11.1330767226978,2.3924774723127484e-05,0.2346932291984558
2000,-4.915032679738559,102,100,0.9708496732026144,-0.0399627281102255,1.443301762369936,2.3971266273292713e-05,0.7854900360107422
2001,-9.541666666666657,96,83,0.8645833333333334,-0.01952654263459408,0.021870498753030813,2.3970820620888844e-05,0.012577861547470093
2002,59.33333333333334,24,20,0.8333333333333334,-0.13074562634847098,1.663834873126234,2.3972612325451337e-05,0.14170041680335999
2003,-5.702127659574472,94,83,0.8829787234042553,-0.04662152841729039,0.0772730846214727,2.3965880245668814e-05,0.0319942943751812
2004,-106.9219512195122,205,202,0.980780487804878,0.024928020094359127,0.27500998516932534,2.3935166609589942e-05,0.2278755158185959
2005,46.06666666666666,50,49,0.9606666666666667,-0.26620389518029697,2.625171459637737,2.3982875063666143e-05,1.6902250051498413
2006,63.95652173913044,23,20,0.8695652173913043,-0.21392353637122596,0.07121298214541222,2.3987437089090236e-05,0.016692597419023514
2007,63.95652173913044,23,20,0.8695652173913043,-0.1911595428164219,0.24861413327534299,2.398828110017348e-05,0.25711679458618164
2008,40.95652173913044,46,40,0.8695652173913043,-0.3287883839894903,0.03269335471618789,2.3929551389301196e-05,0.16210360825061798
2009,-5.71844660194175,103,101,0.9728155339805825,0.009940996432106622,0.009316953239664194,2.389191104157362e-05,0.5284451246261597
2010,-9.541666666666657,96,83,0.8645833333333334,-0.058961215660856325,0.17630094600366947,2.388936627539806e-05,0.016163965687155724
2011,-9.541666666666657,96,83,0.8645833333333334,-0.05017550589718667,0.10914329983579167,2.3876011255197227e-05,0.07764182984828949
2012,40.95652173913044,46,40,0.8695652173913043,-0.06327648623891946,0.7944900537727478,2.387594031461049e-05,0.12525692582130432
2013,-5.317152103559877,103,101,0.9768284789644013,-0.003938744629351731,0.09400305423032687,2.4009668777580373e-05,1.1931687593460083
2014,-5.961538461538453,104,103,0.9803846153846154,-0.01030299958557035,0.16228776263331365,2.40831432165578e-05,0.8480125069618225
2015,-8.937694704049846,107,106,0.9806230529595016,-0.017234337892190865,0.178953810445249,2.4507140551577322e-05,2.3420379161834717
2016,59.33333333333334,24,20,0.8333333333333334,0.13776161381974816,5.623588029262393,2.4507427951903082e-05,0.11219247430562973
2017,47.13333333333334,50,49,0.9713333333333334,0.2302289758150891,1.215299678665022,2.3708103981334716e-05,0.9343906044960022
2018,40.95652173913044,46,40,0.8695652173913043,-0.09431687686151236,0.40225774947438264,2.3711791072855704e-05,0.28248918056488037
2019,63.95652173913044,23,20,0.8695652173913043,-0.015285654144463479,1.1801418087596507,2.3661061277380213e-05,0.2923614978790283
2020,49.02721088435375,49,49,0.9802721088435374,0.017712736246267013,0.9726985134929085,2.4035707610892132e-05,2.9461727142333984
2021,48.102040816326536,49,48,0.9710204081632653,-0.057231158940662136,2.9429295561908475,2.3460774173145182e-05,1.2385034561157227
2022,-7.051282051282058,104,101,0.9694871794871794,0.01940350714942607,0.0391503348286234,2.0942166884196922e-05,1.3130615949630737
2023,-2.8151815181518174,101,100,0.9818481848184818,-0.0023029920498913725,0.007894989184224783,2.1025109163019806e-05,0.8843575119972229
2024,46.7516339869281,51,51,0.977516339869281,-0.17175474507380883,2.756471730804908,2.089496592816431e-05,0.5444921851158142
2025,-8.937694704049846,107,106,0.9806230529595016,-0.013525833355397865,0.01645766743767169,1.9923107174690813e-05,1.3292045593261719
2026,-4.2549019607843235,102,100,0.9774509803921568,0.005858357819275572,0.02812907288821759,1.9649767637019977e-05,1.1169980764389038
2027,-7.631578947368411,95,83,0.8736842105263158,-0.04012882158642128,0.1142708205158979,1.9645094653242268e-05,0.03377789258956909
2028,-8.937694704049846,107,106,0.9806230529595016,-0.0331531120485451,0.12443129313677999,1.9773289750446565e-05,1.3715393543243408
2029,48.102040816326536,49,48,0.9710204081632653,0.012723112553896687,0.3112362078833417,2.0360066628200002e-05,3.3806192874908447
2030,63.95652173913044,23,20,0.8695652173913043,-9.056762428372167e-05,3.058950818291592,2.0362380382721312e-05,0.1503402590751648
2031,63.95652173913044,23,20,0.8695652173913043,-0.00908832037907814,2.3759970531485237,2.035507350228727e-05,0.10971254110336304
2032,38.1063829787234,47,40,0.851063829787234,-0.3178446285710379,0.03739009090810441,2.034047975030262e-05,0.08567991107702255
2033,-7.631578947368411,95,83,0.8736842105263158,-0.05066855917741009,0.030554470101312944,2.034415774687659e-05,0.050143174827098846
2034,-100.71524288107203,199,196,0.9828475711892797,0.11992515716289631,0.7845117427705679,1.645991505938582e-05,1.8383681774139404
2035,48.68707482993197,49,48,0.9768707482993197,-0.18795098175090175,0.4320183539638265,1.7373302398482338e-05,4.020221710205078
2036,63.95652173913044,23,20,0.8695652173913043,-0.12836391470851183,0.012865831651144966,1.7372725778841414e-05,0.008248642086982727
2037,63.95652173913044,23,20,0.8695652173913043,-0.10505736052766679,0.060566721507601784,1.5661473298678175e-05,0.07607170939445496
2038,-105.44117647058823,204,202,0.9855882352941177,0.10809441767233352,0.4938895756061686,1.592136140970979e-05,1.9348673820495605
2039,-7.631578947368411,95,83,0.8736842105263158,-0.05350606920615064,0.04847773137672,1.5884557797107846e-05,0.03133289888501167
2040,47.625850340136054,49,48,0.9662585034013605,0.01586995476064601,0.137186066651509,1.5878093108767644e-05,0.7322511076927185
2041,63.95652173913044,23,20,0.8695652173913043,0.011780900176290743,0.7724396572754141,1.5866537069086917e-05,0.09142141044139862
2042,46.7516339869281,51,51,0.977516339869281,0.04878423785945962,0.22727817817046825,1.5882442312431522e-05,0.6550069451332092
2043,38.1063829787234,47,40,0.851063829787234,-0.295765420592943,0.028379904633186293,1.5887677363934927e-05,0.3839247524738312
2044,-7.631578947368411,95,83,0.8736842105263158,-0.034388058716643854,0.011029505686856969,1.5772537153679878e-05,0.060769110918045044
2045,46.06666666666666,50,49,0.9606666666666667,-0.018763614320960187,0.26103313203055356,1.569593405292835e-05,0.7296217083930969
2046,47.625850340136054,49,48,0.9662585034013605,-0.013913201397286912,0.22500366317127396,1.5697725757490844e-05,0.147203728556633
2047,-9.541666666666657,96,83,0.8645833333333334,-0.02623353154905317,0.0505157210741974,1.569706182635855e-05,0.021927908062934875
2048,-6.480769230769226,104,102,0.9751923076923077,-0.060890313496472004,0.572112334730152,1.5742942196084186e-05,1.1735337972640991
2049,63.95652173913044,23,20,0.8695652173913043,-0.016727778307085828,0.0690627954572296,1.5714094843133353e-05,0.2873125970363617
2050,-104.1881188118812,202,198,0.9781188118811881,0.02178180464616064,0.8735168493032084,1.5828902178327553e-05,1.2099300622940063
2051,63.95652173913044,23,20,0.8695652173913043,0.04390027960471343,0.02505096496222592,1.5750092643429525e-05,0.11169677972793579
2052,-104.93760262725779,203,200,0.980623973727422,0.02491824031090339,0.7108046324826339,1.5250280739564914e-05,1.3368809223175049
2053,38.1063829787234,47,40,0.851063829787234,-0.22553764582153235,0.06713396334539544,1.5163630450842902e-05,0.19576355814933777
2054,-7.051282051282058,104,101,0.9694871794871794,-0.024138523095850836,0.2961408532729499,1.530158260720782e-05,1.3207085132598877
2055,-106.9479674796748,205,202,0.980520325203252,0.07453452538743477,0.3590809862178474,1.541633355373051e-05,1.1980527639389038
2056,47.13333333333334,50,49,0.9713333333333334,0.14147950312640198,0.05226015774230497,1.3486453099176288e-05,1.4534988403320312
2057,46.626666666666665,50,49,0.9662666666666667,0.025598102465071732,0.10329296889381823,1.3587291505245958e-05,1.4184789657592773
2058,-9.541666666666657,96,83,0.8645833333333334,-0.008938804968266822,0.146557724888824,1.3588569345301948e-05,0.047303441911935806
2059,40.95652173913044,46,40,0.8695652173913043,-0.25673902573453233,0.046531921432499956,1.3562088497565128e-05,0.24324209988117218
2060,46.7516339869281,51,51,0.977516339869281,0.01603818241065813,0.10879221064687594,1.4103753528615925e-05,3.4911346435546875
2061,-9.043613707165107,107,105,0.979563862928349,-0.035671736285706857,0.16077449121034698,1.447804879717296e-05,2.3190665245056152
2062,-6.480769230769226,104,102,0.9751923076923077,-0.01606273922832363,0.1042687593515152,1.4786035535507835e-05,2.115003824234009
2063,-103.45214521452145,202,200,0.9854785478547855,0.10495242119943704,0.1497764271129006,1.48897952385596e-05,1.1910842657089233
2064,59.33333333333334,24,20,0.8333333333333334,0.022334280211907753,0.5720365460860063,1.4853767424938269e-05,0.15548928081989288
2065,-4.915032679738559,102,100,0.9708496732026144,0.010794236921384925,0.06221644282639294,1.4998126061982475e-05,1.500144600868225
2066,-6.480769230769226,104,102,0.9751923076923077,0.002780187617310691,0.020063923350942262,1.5361034456873313e-05,2.410731077194214
2067,-7.631578947368411,95,83,0.8736842105263158,-0.03680864905001613,0.07579716020024621,1.5312692994484678e-05,0.05547257885336876
2068,63.95652173913044,23,20,0.8695652173913043,0.08748532013493104,0.22271204456058058,1.531336602056399e-05,0.17529287934303284
2069,40.95652173913044,46,40,0.8695652173913043,-0.13458579352791844,0.08691474620817573,1.5314486518036574e-05,0.07810133695602417
2070,-100.71524288107203,199,196,0.9828475711892797,0.11920479021969754,0.3971826786631189,1.5415063899126835e-05,1.6763478517532349
2071,-110.85964912280701,209,206,0.9814035087719298,0.09276977566000144,0.11470386317808712,1.5717640053480864e-05,2.165834903717041
2072,46.733333333333334,50,49,0.9673333333333334,0.0647756636539043,0.06862773015719625,1.5151587831496727e-05,3.8024539947509766
2073,63.95652173913044,23,20,0.8695652173913043,0.04309342691763618,0.03968383198388281,1.5151772458921187e-05,0.1017288789153099
2074,-9.541666666666657,96,83,0.8645833333333334,-0.06047014298928843,0.16879119231340667,1.5150468243518844e-05,0.020708700641989708
2075,59.33333333333334,24,20,0.8333333333333334,-0.03793086433688586,1.0363861047691945,1.5144873032113537e-05,0.10617079585790634
2076,-5.702127659574472,94,83,0.8829787234042553,-0.07775991002533368,0.007498240317909841,1.5144693861657288e-05,0.05041586980223656
2077,47.29931972789116,49,48,0.9629931972789115,-0.03004904097523431,0.16302834490792725,1.709427851892542e-05,5.68343448638916
2078,-8.937694704049846,107,106,0.9806230529595016,-0.03082028356521782,0.3489144999685812,1.7167996702482924e-05,1.0139492750167847
2079,47.625850340136054,49,48,0.9662585034013605,0.03372300949828855,0.12828913970715305,1.6176696590264328e-05,2.1006691455841064
2080,-4.59223300970875,103,102,0.9840776699029126,-0.0269571522826908,0.6456557203928477,1.6095644241431728e-05,0.9214823246002197
2081,40.95652173913044,46,40,0.8695652173913043,-0.14197107633683004,0.22917188517285858,1.507072192907799e-05,0.023362120613455772
2082,-5.317152103559877,103,101,0.9768284789644013,-0.01923184777302822,0.35598739350618475,1.5139155948418193e-05,1.041760802268982
2083,-7.1079365079365004,105,104,0.978920634920635,-0.019809553098949054,0.2190224944945693,1.5137501577555668e-05,0.28910791873931885
2084,-7.1079365079365004,105,104,0.978920634920635,-0.013358551649328199,0.0921309821376911,1.5648616681573913e-05,2.886385440826416
2085,-6.480769230769226,104,102,0.9751923076923077,-0.015996054989743987,0.01122532782822805,1.5726966012152843e-05,1.1536228656768799
2086,40.95652173913044,46,40,0.8695652173913043,-0.1250770034075117,0.3612474866367563,1.572501969349105e-05,0.0594068318605423
2087,-109.40064102564102,208,206,0.9859935897435897,0.03269621599962114,0.02776570285425184,1.587884980835952e-05,1.6210229396820068
2088,-5.702127659574472,94,83,0.8829787234042553,-0.06242858400261042,0.01675044813518581,1.3483472685038578e-05,0.014640324749052525
2089,43.888888888888886,45,40,0.8888888888888888,-0.052805098669750805,0.5921177655011837,1.3479372682922985e-05,0.06518591195344925
2090,38.1063829787234,47,40,0.851063829787234,-0.09627840416032996,0.06884821416651477,1.341714414593298e-05,0.17570947110652924
2091,43.888888888888886,45,40,0.8888888888888888,-0.053360051925153584,0.3922583495325634,1.341683673672378e-05,0.05450645834207535
2092,-106.9479674796748,205,202,0.980520325203252,0.04508735792023578,0.09067601789958181,1.1644267942756414e-05,1.039994478225708
2093,-100.71524288107203,199,196,0.9828475711892797,0.06206449420164972,0.28117595923876126,1.1661349162750412e-05,0.714105486869812
2094,63.95652173913044,23,20,0.8695652173913043,0.029787692028548918,0.04383237445050303,1.1663871191558428e-05,0.173248291015625
2095,63.95652173913044,23,20,0.8695652173913043,0.013526407003624286,0.013698947038250253,1.1580390491872095e-05,0.20100565254688263
2096,48.68707482993197,49,48,0.9768707482993197,0.009840751750371801,0.4083104596610072,1.188102123705903e-05,2.3827176094055176
2097,-5.317152103559877,103,101,0.9768284789644013,0.026206729272644225,0.025971196874813227,1.1903229278686922e-05,0.7469578981399536
2098,-106.9479674796748,205,202,0.980520325203252,0.11498914109535363,0.019922401079014936,1.1894723684235942e-05,1.5390126705169678
2099,63.95652173913044,23,20,0.8695652173913043,-0.1055527428361529,1.1377107976256804,1.19026026368374e-05,0.3130480945110321
2100,-108.53945249597423,207,204,0.9846054750402576,0.09012253937670778,0.02485476874310988,1.1911548426724039e-05,0.8852678537368774
2101,-4.59223300970875,103,102,0.9840776699029126,0.030463400150036235,0.026427419782081962,1.197668370878091e-05,1.1826283931732178
2102,63.95652173913044,23,20,0.8695652173913043,-0.014843215177535285,0.14388201643659215,1.1977102076343726e-05,0.1544339656829834
2103,-3.4224422442244276,101,99,0.9757755775577558,0.026252930006290143,0.011684641773923162,1.2008183148282114e-05,0.8822647333145142
2104,-102.16,200,196,0.9784,0.0353737957646405,0.6146827837430501,1.2157523087807931e-05,1.7233048677444458
2105,40.95652173913044,46,40,0.8695652173913043,-0.05172231081451173,0.03166094832940303,1.1945009646296967e-05,0.06588083505630493
2106,-5.702127659574472,94,83,0.8829787234042553,-0.04890233742507988,0.011665464800189769,1.194495962408837e-05,0.017833100631833076
2107,43.888888888888886,45,40,0.8888888888888888,-0.018230537649287726,0.3050262408188542,1.1942064702452626e-05,0.14284247159957886
2108,-7.631578947368411,95,83,0.8736842105263158,-0.02793527731228096,0.006821704977048704,1.1941534467041492e-05,0.023182855919003487
2109,-100.71524288107203,199,196,0.9828475711892797,0.11339889824500915,0.2586121397939515,1.206582055601757e-05,1.6506924629211426
2110,47.266666666666666,50,49,0.9726666666666667,0.1303861994362454,0.29139964528378925,1.3589669833891094e-05,4.799524784088135
2111,46.56410256410257,52,52,0.9856410256410256,0.16254017460607395,0.31514612131780595,1.4738026038685348e-05,4.185343265533447
2112,63.95652173913044,23,20,0.8695652173913043,-0.02857689360052973,0.01927378664237711,1.4737405763298739e-05,0.08707956224679947
2113,40.95652173913044,46,40,0.8695652173913043,-0.24531292002939153,0.26664574933919516,1.4666810784547124e-05,0.14508803188800812
2114,-8.937694704049846,107,106,0.9806230529595016,0.0017998911362717678,0.14070005814378386,1.4836940863460768e-05,1.9236825704574585
2115,-105.54575163398692,204,201,0.9845424836601308,0.04703595891965051,0.07222029391017618,1.462329146306729e-05,1.3434255123138428
2116,38.1063829787234,47,40,0.851063829787234,-0.38761320306184643,1.26175896880914,1.462421550968429e-05,0.15460069477558136
2117,-6.480769230769226,104,102,0.9751923076923077,0.008449274229804793,0.023625436793600196,1.4652387108071707e-05,1.173749566078186
2118,-4.2549019607843235,102,100,0.9774509803921568,0.026326601473877692,0.013080431280549532,1.478011290600989e-05,1.5861461162567139
2119,48.68707482993197,49,48,0.9768707482993197,-0.010629064386311726,0.8644829419467328,1.6625186617602594e-05,5.389004707336426
2120,-9.541666666666657,96,83,0.8645833333333334,-0.08857335601014427,0.41013925020237907,1.606167461432051e-05,0.01992003805935383
2121,43.888888888888886,45,40,0.8888888888888888,-0.1389277295343021,0.09653889911475044,1.5954468835843727e-05,0.18501520156860352
2122,40.95652173913044,46,40,0.8695652173913043,-0.08634949439692718,0.08311120699423391,1.5865418390603736e-05,0.12052475661039352
2123,-4.59223300970875,103,102,0.9840776699029126,0.005792863193619269,0.011031624632920789,1.5842075299588032e-05,0.5871062278747559
2124,46.7516339869281,51,51,0.977516339869281,0.1395315991839281,0.35023627710366934,1.5927125787129626e-05,1.182063341140747
2125,-104.76026272577997,203,200,0.9823973727422003,-0.050261396111721285,0.3007127307064947,1.59402970894007e-05,1.4106327295303345
2126,48.68707482993197,49,48,0.9768707482993197,0.057550408976624494,0.40283421489375915,1.6350490113836713e-05,2.7368879318237305
2127,46.7516339869281,51,51,0.977516339869281,0.1098239445387037,0.23775767812613477,1.6434252756880596e-05,1.1378767490386963
2128,-7.051282051282058,104,101,0.9694871794871794,0.0007871484433508158,0.028377351940878984,1.6466956367366947e-05,1.555770993232727
2129,-9.541666666666657,96,83,0.8645833333333334,-0.0779002185772697,0.09997961069228622,1.57453087012982e-05,0.009819465689361095
2130,-106.9219512195122,205,202,0.980780487804878,0.05890560080160867,0.017484420396358558,1.5815912774996832e-05,1.1403162479400635
2131,40.95652173913044,46,40,0.8695652173913043,-0.209267885720692,0.017954608471800526,1.581590731802862e-05,0.042040981352329254
2132,-7.631578947368411,95,83,0.8736842105263158,-0.0862592099949282,0.04011481580217779,1.5815210645087063e-05,0.029851555824279785
2133,-7.051282051282058,104,101,0.9694871794871794,0.0384938307956304,0.10787371666698588,1.6076362953754142e-05,2.139246702194214
2134,43.888888888888886,45,40,0.8888888888888888,-0.25108743153896285,0.018720127291032895,1.5887764675426297e-05,0.12849076092243195
2135,-9.043613707165107,107,105,0.979563862928349,-0.016721334865831494,0.04751447788842239,1.5223011359921657e-05,2.598930835723877
2136,40.95652173913044,46,40,0.8695652173913043,-0.24292082369538548,0.03485106581437325,1.52230850289925e-05,0.014397026039659977
2137,-4.91585760517799,103,102,0.98084142394822,0.025212414258916738,0.01936554638914248,1.5332036127801985e-05,1.4870469570159912
2138,-100.66834170854271,199,196,0.9833165829145729,0.04856865558335332,0.029293716313754808,1.5434927263413556e-05,2.3540592193603516
2139,43.888888888888886,45,40,0.8888888888888888,-0.16680354818390697,0.1346436291489311,1.5435249224537984e-05,0.04203890636563301
2140,-5.317152103559877,103,101,0.9768284789644013,0.016589040533460775,0.09372667619832958,1.546717612654902e-05,1.082298755645752
2141,49.36879432624113,47,46,0.9636879432624114,-0.14035170329992752,0.03632052006051757,1.633433384995442e-05,3.6144192218780518
2142,40.95652173913044,46,40,0.8695652173913043,-0.13679963730828604,0.24251493120790357,1.629782491363585e-05,0.027532994747161865
2143,43.704402515723274,53,52,0.9670440251572328,0.031770558465616716,0.1911295300607878,1.6698770195944235e-05,2.468916893005371
2144,43.60377358490567,53,52,0.9660377358490566,0.04405694769559621,0.21450876981254804,1.70675411936827e-05,2.3531389236450195
2145,49.02721088435375,49,49,0.9802721088435374,-0.043337005208059054,0.3599864599643807,1.7198155546793714e-05,1.586205244064331
2146,-5.702127659574472,94,83,0.8829787234042553,-0.09445003584134781,0.12676171765616048,1.7196531189256348e-05,0.033628594130277634
2147,-7.631578947368411,95,83,0.8736842105263158,-0.09106336564657624,0.28636291706696354,1.7196518456330523e-05,0.04476592317223549
2148,-7.631578947368411,95,83,0.8736842105263158,-0.0762723680715851,0.2078144539149083,1.7121767086791806e-05,0.021461481228470802
2149,-7.1079365079365004,105,104,0.978920634920635,0.019751805914182796,0.04225790834638956,1.725014953990467e-05,1.548473834991455
2150,-9.541666666666657,96,83,0.8645833333333334,-0.04559316596987628,0.1306679350738218,1.717097075015772e-05,0.012852252461016178
2151,59.33333333333334,24,20,0.8333333333333334,0.0004035144447698258,0.38684182181249316,1.7170110368169844e-05,0.057277530431747437
2152,-99.21885521885523,198,196,0.9878114478114478,0.15596743513535216,0.22234933342376506,1.741749838402029e-05,2.4423270225524902
2153,49.36879432624113,47,46,0.9636879432624114,-0.11542381561412185,0.256024316533616,1.8598717360873707e-05,4.326857089996338
2154,63.95652173913044,23,20,0.8695652173913043,-0.01557109281384328,0.8528840581506074,1.8496801203582436e-05,0.09332674741744995
2155,-105.44117647058823,204,202,0.9855882352941177,0.0926516571303182,0.3013779881150472,1.855087793956045e-05,1.5259652137756348
2156,-7.631578947368411,95,83,0.8736842105263158,0.00034853969839687693,0.020382470949129622,1.841447920014616e-05,0.03580710291862488
2157,40.95652173913044,46,40,0.8695652173913043,-0.20433502965170192,0.04269902725306791,1.8283570170751773e-05,0.14379213750362396
2158,40.95652173913044,46,40,0.8695652173913043,-0.22244698303074983,0.06603476016761656,1.828621134336572e-05,0.1909547746181488
2159,-7.1079365079365004,105,104,0.978920634920635,-0.020919809984533466,0.39001477375751836,1.935082400450483e-05,4.242797374725342
2160,-9.541666666666657,96,83,0.8645833333333334,-0.04325634717952198,0.1016354369735513,1.8549675587564707e-05,0.03517485409975052
2161,46.626666666666665,50,49,0.9662666666666667,0.03990239669172979,0.33993512606899223,1.9434961359365843e-05,4.291886806488037
2162,-7.1079365079365004,105,104,0.978920634920635,-0.03665569958106838,0.0814775527266893,2.067653986159712e-05,5.0099334716796875
2163,-7.1079365079365004,105,104,0.978920634920635,-0.0473027762069014,0.04667028382707816,2.138217860192526e-05,3.661799907684326
2164,40.95652173913044,46,40,0.8695652173913043,-0.14108377075535827,0.11052938493507103,2.1384135834523477e-05,0.22602102160453796
2165,43.8930817610063,53,52,0.9689308176100629,0.11364539915536774,0.0819595990035129,2.199349728471134e-05,3.3471903800964355
2166,-7.051282051282058,104,101,0.9694871794871794,-0.044948857057765405,0.014813304912534297,2.1683381419279613e-05,0.7516319751739502
2167,-9.541666666666657,96,83,0.8645833333333334,-0.03840853623677276,0.10680105672977568,2.1683006707462482e-05,0.021272551268339157
2168,40.95652173913044,46,40,0.8695652173913043,-0.12478543617908144,0.12185965211777372,2.1680660211131908e-05,0.03536330536007881
2169,-105.54575163398692,204,201,0.9845424836601308,-0.1365309539086219,1.3516011661891216,2.1680836653104052e-05,0.0947101041674614
2170,43.704402515723274,53,52,0.9670440251572328,0.0695596887700578,0.038957744643878245,2.257961568830069e-05,4.1320953369140625
2171,63.95652173913044,23,20,0.8695652173913043,-0.052416964557096435,1.0436773878510206,2.2287909814622253e-05,0.09154506027698517
2172,-109.9326923076923,208,204,0.9806730769230769,0.01223991196060657,0.24470868785027475,2.1515366825042292e-05,1.396204948425293
2173,-5.961538461538453,104,103,0.9803846153846154,0.0382856490869341,0.5178804066197082,2.1622628992190585e-05,1.3606200218200684
2174,59.33333333333334,24,20,0.8333333333333334,-0.15670851172399125,0.31775724952494144,2.1622712665703148e-05,0.017636649310588837
2175,-5.317152103559877,103,101,0.9768284789644013,0.09766585522083915,0.1815456793310526,2.2143251044326462e-05,2.9675776958465576
2176,40.95652173913044,46,40,0.8695652173913043,-0.32570171194583963,0.24446100771910073,2.2144678951008245e-05,0.14278733730316162
2177,-10.845679012345684,108,106,0.9715432098765432,0.04173808094753895,0.10916760007666465,2.050684815912973e-05,2.766026258468628
2178,-104.76026272577997,203,200,0.9823973727422003,0.0398032689457537,0.10748520016596089,2.0627840058295988e-05,1.8009719848632812
2179,-104.76026272577997,203,200,0.9823973727422003,0.01783956370645523,0.09930019424429633,2.0377628970891237e-05,1.2498893737792969
2180,-109.9326923076923,208,204,0.9806730769230769,0.020683283050354006,0.04333838857313736,2.0493744159466587e-05,1.7513365745544434
2181,40.95652173913044,46,40,0.8695652173913043,-0.2176752616318609,0.021481842953615216,2.049639806500636e-05,0.1424049288034439
2182,49.02721088435375,49,49,0.9802721088435374,-0.10259348299444283,0.034420766073478326,2.0758132450282574e-05,2.0403504371643066
2183,-3.3594771241830017,102,101,0.9864052287581699,-0.0002368432622574801,0.22638372357738767,2.089734152832534e-05,1.7602951526641846
2184,-7.631578947368411,95,83,0.8736842105263158,-0.12560140584764667,0.23281361838876513,2.044842221948784e-05,0.0076029375195503235
2185,-3.4224422442244276,101,99,0.9757755775577558,0.05607122881204418,0.047869346108917674,2.0398132619448006e-05,0.5649557709693909
2186,-7.631578947368411,95,83,0.8736842105263158,-0.09391871566389653,0.06618031021626822,2.039832361333538e-05,0.0027135845739394426
2187,-9.541666666666657,96,83,0.8645833333333334,-0.05958576584549746,0.04534235449756837,2.0266657884349115e-05,0.059118904173374176
2188,-3.4224422442244276,101,99,0.9757755775577558,0.12669023477018726,0.3761845691992188,2.0271070752642117e-05,0.4546140432357788
2189,-5.702127659574472,94,83,0.8829787234042553,-0.03651432102781271,0.17624134882435727,2.0271429093554616e-05,0.060687754303216934
2190,-99.21885521885523,198,196,0.9878114478114478,0.25164968302206603,0.49947754993735916,2.044520078925416e-05,1.869870901107788
2191,63.95652173913044,23,20,0.8695652173913043,0.10868619670509361,7.2981926757718725,2.0444531401153654e-05,0.06045806407928467
2192,-4.59223300970875,103,102,0.9840776699029126,0.0026679499630972714,0.031827419324750056,2.041443804046139e-05,0.6912792325019836
2193,43.888888888888886,45,40,0.8888888888888888,-0.061379154758753884,0.7542730216653748,2.0398849301273003e-05,0.11504227668046951
2194,-4.91585760517799,103,102,0.98084142394822,-0.0747209993464284,0.07678889588103793,2.044470420514699e-05,0.7473946809768677
2195,63.95652173913044,23,20,0.8695652173913043,-0.029664522200619103,0.6184155111348133,2.0442366803763434e-05,0.1177491769194603
2196,-7.1079365079365004,105,104,0.978920634920635,-0.07609695507605962,0.2538424261358241,2.024204695771914e-05,1.9843634366989136
2197,40.95652173913044,46,40,0.8695652173913043,-0.28738358474493,0.4510142673106905,2.0225479602231644e-05,0.009667537175118923
2198,63.95652173913044,23,20,0.8695652173913043,-0.16898411576439543,0.3713768016470267,2.0113900973228738e-05,0.03714624047279358
2199,63.95652173913044,23,20,0.8695652173913043,-0.1285168906342733,0.27808453912521713,2.010629941651132e-05,0.10270846635103226
2200,-7.1079365079365004,105,104,0.978920634920635,-0.035961063284953854,0.017888952502841615,2.016083635680843e-05,1.3537734746932983
2201,-5.317152103559877,103,101,0.9768284789644013,-0.036302428930952146,0.03122463696775668,2.011677497648634e-05,0.38812321424484253
2202,40.95652173913044,46,40,0.8695652173913043,-0.15223363216864527,0.014949669358913065,2.011878495977726e-05,0.22698992490768433
2203,63.95652173913044,23,20,0.8695652173913043,-0.0015734079866689399,0.6311290018083753,2.0090044927201234e-05,0.13656017184257507
2204,63.95652173913044,23,20,0.8695652173913043,0.023995965725053026,0.668895137379285,1.9939356207032688e-05,0.13244391977787018
2205,-106.9479674796748,205,202,0.980520325203252,0.04177837142591085,0.016414299168305047,1.9941226128139533e-05,0.3487108647823334
2206,59.33333333333334,24,20,0.8333333333333334,-0.03469039515766781,0.015573825596391089,1.994155354623217e-05,0.0498732253909111
2207,59.33333333333334,24,20,0.8333333333333334,-0.06331009926725528,0.04492400598589219,1.9943561710533686e-05,0.21340173482894897
2208,48.102040816326536,49,48,0.9710204081632653,0.03577281423277512,0.24852531465724859,2.265807233925443e-05,6.533440589904785
2209,46.06666666666666,50,49,0.9606666666666667,0.015856831557243822,0.2474275830301842,2.2777652702643536e-05,2.0665395259857178
2210,-3.764705882352942,102,101,0.9823529411764705,0.027950750084329457,1.452730898409603,2.2388574507203884e-05,4.264881134033203
2211,40.95652173913044,46,40,0.8695652173913043,-0.3119652010225664,0.03694880559373814,2.1233707229839638e-05,0.05159344896674156
2212,-7.631578947368411,95,83,0.8736842105263158,-0.02025501084295911,0.08485169670051089,2.1232544895610772e-05,0.03504262864589691
2213,-105.44117647058823,204,202,0.9855882352941177,0.07022009544837005,0.019189717616188696,2.1245954485493712e-05,0.7026052474975586
2214,-104.93760262725779,203,200,0.980623973727422,0.062827069911922,0.022695718259831382,2.1057827325421385e-05,0.32056373357772827
2215,-5.317152103559877,103,101,0.9768284789644013,0.022229693816630203,0.8334103353730692,2.0971343474229798e-05,0.0730135515332222
2216,40.95652173913044,46,40,0.8695652173913043,-0.3556237608520867,0.21276168000841622,2.0969999241060577e-05,0.09218315780162811
2217,63.95652173913044,23,20,0.8695652173913043,-0.07569639341454604,0.558501744180461,2.0905894416500814e-05,0.054297011345624924
2218,40.95652173913044,46,40,0.8695652173913043,-0.3073747470625676,0.18363660664060433,2.0779109036084265e-05,0.1992802768945694
2219,-9.043613707165107,107,105,0.979563862928349,-0.05509073318583256,0.032068182558857176,1.8894941604230553e-05,0.42656639218330383
2220,43.8930817610063,53,52,0.9689308176100629,-0.02595273474662685,0.4685886036994574,1.9656084987218492e-05,3.358893394470215
2221,-5.961538461538453,104,103,0.9803846153846154,-0.046132299112205205,0.11035396421937128,1.9658626115415245e-05,0.1924213171005249
2222,43.60377358490567,53,52,0.9660377358490566,-0.03660779291201521,0.12979577242349194,2.065194712486118e-05,3.897646903991699
2223,59.33333333333334,24,20,0.8333333333333334,-0.08198079551220872,0.014614978201620943,2.0645471522584558e-05,0.325506329536438
2224,-104.1881188118812,202,198,0.9781188118811881,-0.18065082940852586,2.135299719811042,2.0548282918753102e-05,0.1673162430524826
2225,-11.432989690721655,97,83,0.8556701030927835,-0.09201439619310747,0.6768901722041636,2.044295979430899e-05,0.0019715651869773865
2226,59.33333333333334,24,20,0.8333333333333334,-0.1596324689598987,0.07465020793216581,1.995438833546359e-05,0.35819318890571594
2227,63.95652173913044,23,20,0.8695652173913043,-0.1002166704279901,0.15680071000603002,1.985829476325307e-05,0.12124210596084595
2228,43.704402515723274,53,52,0.9670440251572328,0.03744250090724677,0.0540846354381479,2.0204437532811426e-05,2.6682794094085693
2229,40.95652173913044,46,40,0.8695652173913043,-0.3219523659790866,0.02775739159630053,2.020901592914015e-05,0.2639302611351013
2230,-9.541666666666657,96,83,0.8645833333333334,0.011591320536581406,0.06587553977835112,2.0139903426752426e-05,0.02195563353598118
2231,-2.953795379537965,101,100,0.9804620462046204,0.0746616076368012,1.06134039160203,2.0467543436097912e-05,2.394688367843628
2232,38.1063829787234,47,40,0.851063829787234,-0.29904065718824313,0.024998875409315058,2.04718453460373e-05,0.25196394324302673
2233,-7.1079365079365004,105,104,0.978920634920635,0.058283233808871245,0.500279632403959,2.0724157366203144e-05,2.9723739624023438
2234,43.704402515723274,53,52,0.9670440251572328,0.019133676907436836,0.22215349950061228,2.232816223113332e-05,5.023305892944336
2235,40.95652173913044,46,40,0.8695652173913043,-0.12318926131774788,0.10687889421589958,2.1926607587374747e-05,0.055249832570552826
2236,63.95652173913044,23,20,0.8695652173913043,-0.021544249224263012,1.4857179904802322,2.1928566638962366e-05,0.18944036960601807
2237,63.95652173913044,23,20,0.8695652173913043,-0.03319388551699376,0.8391026239552001,2.1801110051455908e-05,0.28991201519966125
2238,63.95652173913044,23,20,0.8695652173913043,-0.08225517234761526,0.22899307996447504,2.1463467419380322e-05,0.2507132291793823
2239,48.68707482993197,49,48,0.9768707482993197,-0.13994120786022712,1.0915184048278412,2.248260898340959e-05,4.09988260269165
2240,-9.043613707165107,107,105,0.979563862928349,0.033438708875197065,0.5660035727771809,2.244595088995993e-05,0.7798601984977722
2241,63.95652173913044,23,20,0.8695652173913043,-0.10932863478809907,0.2849445955353067,2.1657026081811637e-05,0.031635042279958725
2242,-7.631578947368411,95,83,0.8736842105263158,-0.05698466762623866,1.338404389909404,2.1657133402186446e-05,0.01157387811690569
2243,43.704402515723274,53,52,0.9670440251572328,0.032559341382995655,1.8234390923924515,2.1979742086841725e-05,3.371115207672119
2244,63.95652173913044,23,20,0.8695652173913043,-0.08252256702326122,0.013761640274726594,2.1645453671226278e-05,0.2481851428747177
2245,38.1063829787234,47,40,0.851063829787234,-0.20727467790493392,0.17731755249213954,2.1489604478119873e-05,0.06972882896661758
2246,43.8930817610063,53,52,0.9689308176100629,0.08765832961788966,0.19467317463506362,2.183927790611051e-05,2.38153338432312
2247,-8.937694704049846,107,106,0.9806230529595016,0.023850567885226326,0.1720217082243292,2.199371374445036e-05,1.5806970596313477
2248,-4.2549019607843235,102,100,0.9774509803921568,0.030038530075811476,0.049933421641061626,2.2041296688257717e-05,0.8892843127250671
2249,-7.631578947368411,95,83,0.8736842105263158,-0.030478133467738644,0.24092334351133454,2.1894416931900196e-05,0.022614331915974617
2250,-9.541666666666657,96,83,0.8645833333333334,-0.023849137702555367,0.30514476920380157,2.1894289602641948e-05,0.02895074337720871
2251,40.95652173913044,46,40,0.8695652173913043,-0.048907852797128726,0.7212310943371502,2.1894324163440615e-05,0.06780225783586502
2252,46.733333333333334,50,49,0.9673333333333334,0.09130765173904365,0.6811535046630947,2.15592317545088e-05,0.814898669719696
2253,40.95652173913044,46,40,0.8695652173913043,-0.07144827951486832,0.6560206942202054,2.041297557298094e-05,0.09316287189722061
2254,40.95652173913044,46,40,0.8695652173913043,-0.0747943717342423,0.45854151510211305,2.041317020484712e-05,0.11240765452384949
2255,47.29931972789116,49,48,0.9629931972789115,0.03455631144586438,0.06350126445127247,2.301999666087795e-05,6.722130298614502
2256,46.733333333333334,50,49,0.9673333333333334,0.058208324613360674,0.030402853422893727,2.3028334908303805e-05,0.4663056433200836
2257,-11.432989690721655,97,83,0.8556701030927835,0.00046758479280128995,0.3625742019160274,2.3028433133731596e-05,0.024336140602827072
2258,63.95652173913044,23,20,0.8695652173913043,-0.1361497129581153,0.2839520782190448,2.3027600036584772e-05,0.1168794184923172
2259,-108.53945249597423,207,204,0.9846054750402576,0.2183617390417032,0.041703180052995836,2.1916419427725486e-05,0.7889232039451599
2260,43.60377358490567,53,52,0.9660377358490566,-0.029204170601076385,0.9967167666943126,2.283343201270327e-05,3.993229866027832
2261,59.33333333333334,24,20,0.8333333333333334,-0.19295121155300876,0.3706414137267302,2.176686393795535e-05,0.05668530613183975
2262,43.888888888888886,45,40,0.8888888888888888,-0.30410485961604306,0.026802945342581097,2.01368129637558e-05,0.0914929211139679
2263,-5.961538461538453,104,103,0.9803846153846154,0.03450743624420439,0.9020975727540989,1.9462771888356656e-05,1.7641987800598145
2264,40.95652173913044,46,40,0.8695652173913043,-0.24926773804918412,0.15370687748784587,1.946179872902576e-05,0.09061885625123978
2265,-7.631578947368411,95,83,0.8736842105263158,0.048462397918264344,0.019962635174955612,1.8837357856682502e-05,0.01622525043785572
2266,40.95652173913044,46,40,0.8695652173913043,-0.1606422685194957,0.5762554711854204,1.8789953173836693e-05,0.05088620260357857
2267,-3.4224422442244276,101,99,0.9757755775577558,0.01860738849353316,0.6329730434927997,1.9023642380489036e-05,1.8134355545043945
2268,47.625850340136054,49,48,0.9662585034013605,-0.009059614817488182,1.2973469646235651,1.9023160348297097e-05,0.2796422243118286
2269,-9.541666666666657,96,83,0.8645833333333334,-0.0440333054643105,0.04636978334027003,1.902191615954507e-05,0.01844143494963646
2270,-7.631578947368411,95,83,0.8736842105263158,-0.056708986867597844,0.027737772131674332,1.8029068087344058e-05,0.007882005535066128
2271,43.8930817610063,53,52,0.9689308176100629,0.16238801137044584,0.7839510369462848,1.8639710106072016e-05,3.2579586505889893
2272,-2.8151815181518174,101,100,0.9818481848184818,0.0038264424394043317,0.008637332257806975,1.8531416571931913e-05,0.6317428946495056
2273,-2.953795379537965,101,100,0.9804620462046204,-0.005140398028391061,0.03171648256460248,1.8397520761936903e-05,0.15237736701965332
2274,63.95652173913044,23,20,0.8695652173913043,-0.008590968987846281,3.516833852133395,1.839909964473918e-05,0.1458781659603119
2275,-104.76026272577997,203,200,0.9823973727422003,-0.07886578499392582,2.3889021700329676,1.7799668057705276e-05,0.10350537300109863
2276,43.8930817610063,53,52,0.9689308176100629,-0.014095972357568572,0.43962538626524983,1.7982738427235745e-05,1.913615107536316
2277,63.95652173913044,23,20,0.8695652173913043,-0.12572952310944174,0.2238072703142393,1.7439162547816522e-05,0.051530249416828156
2278,40.95652173913044,46,40,0.8695652173913043,-0.37102269660681486,0.2609452988758676,1.7186592231155373e-05,0.18091179430484772
2279,63.95652173913044,23,20,0.8695652173913043,-0.19244412642641961,0.01657517674408382,1.7051044778781943e-05,0.059434909373521805
2280,-5.961538461538453,104,103,0.9803846153846154,0.014860123542794468,0.30799825091724764,1.6867015801835805e-05,0.7705977559089661
2281,63.95652173913044,23,20,0.8695652173913043,-0.11528901904239319,0.036709854002488385,1.686769974185154e-05,0.024161145091056824
2282,47.13333333333334,50,49,0.9713333333333334,-0.13147695121008418,0.9003332580267429,1.6674530343152583e-05,0.4559357762336731
2283,-11.432989690721655,97,83,0.8556701030927835,-0.03982162085799246,1.588477107021658,1.6428022718173452e-05,0.005068961530923843
2284,-5.702127659574472,94,83,0.8829787234042553,-0.03831070052119401,0.36738537003703003,1.6427644368377514e-05,0.016492420807480812
2285,-110.87240829346092,209,206,0.9812759170653907,0.05047721931319784,0.59382005549996,1.6442656487924978e-05,0.7051880955696106
2286,-104.93760262725779,203,200,0.980623973727422,0.05223174507408168,0.43106295042631343,1.6457635865663178e-05,0.2939404249191284
2287,40.95652173913044,46,40,0.8695652173913043,-0.13065126073456668,0.9605038036538129,1.6456038792966865e-05,0.03041074424982071
2288,-9.541666666666657,96,83,0.8645833333333334,-0.04515448738510486,0.08688929012547422,1.6428788512712345e-05,0.03287584334611893
2289,63.95652173913044,23,20,0.8695652173913043,0.0790492107657883,8.023646970297449,1.6426753063569777e-05,0.18842072784900665
2290,40.95652173913044,46,40,0.8695652173913043,-0.10792716055220808,0.914721353974123,1.614676511962898e-05,0.006083677988499403
2291,59.33333333333334,24,20,0.8333333333333334,0.06534706707770965,1.5929856565466354,1.614516986592207e-05,0.029776470735669136
2292,-4.2549019607843235,102,100,0.9774509803921568,0.03651648946065933,0.3954331705511817,1.632446947041899e-05,1.687113642692566
2293,63.95652173913044,23,20,0.8695652173913043,-0.0679121300636325,0.04599305254872377,1.6324716852977872e-05,0.1760125458240509
2294,-109.40064102564102,208,206,0.9859935897435897,0.14675355032238888,0.08863111214347341,1.6905509255593643e-05,2.854933261871338
2295,43.8930817610063,53,52,0.9689308176100629,0.02502099529109149,4.884712499783854,1.7389833374181762e-05,3.0619542598724365
2296,40.95652173913044,46,40,0.8695652173913043,-0.410364914901038,1.630037920471613,1.7075741197913885e-05,0.10671357065439224
2297,-4.91585760517799,103,102,0.98084142394822,0.00933774884657268,0.03240491066301665,1.7269914678763598e-05,1.5176860094070435
2298,-9.541666666666657,96,83,0.8645833333333334,-0.01590985683924373,1.093957115913908,1.7270340322284028e-05,0.015340770594775677
2299,47.29931972789116,49,48,0.9629931972789115,-0.05919991355443566,1.8916716249971117,1.7526825104141608e-05,2.3391644954681396
2300,43.888888888888886,45,40,0.8888888888888888,-0.1581641879742932,0.022884083472051966,1.736170997901354e-05,0.10603734850883484
2301,38.1063829787234,47,40,0.851063829787234,-0.10412179178359793,0.011915581579646192,1.7366437532473356e-05,0.07189356535673141
2302,47.13333333333334,50,49,0.9713333333333334,0.14889869491051133,0.3833079207658065,1.7362195649184287e-05,0.305120050907135
2303,-7.631578947368411,95,83,0.8736842105263158,-0.007064359049991253,0.22573472875897885,1.7363698134431615e-05,0.003918732050806284
2304,-109.40064102564102,208,206,0.9859935897435897,-0.03247580366705871,0.5577958132498944,1.7449299775762483e-05,0.9043943285942078
2305,40.95652173913044,46,40,0.8695652173913043,0.047110994239119464,1.2046136764181377,1.7431479136575945e-05,0.03997242450714111
2306,-110.85964912280701,209,206,0.9814035087719298,-0.0004234132207168102,0.4400998051207928,1.7427861166652292e-05,0.3207609951496124
2307,-9.541666666666657,96,83,0.8645833333333334,0.0012594667209668842,0.22649281693351075,1.7428477804060094e-05,0.013356480747461319
2308,-3.764705882352942,102,101,0.9823529411764705,0.06305699469321677,0.01234191948061994,1.5062827515066601e-05,0.62937992811203
2309,40.95652173913044,46,40,0.8695652173913043,0.04387758057987412,1.22615733389326,1.4857588212180417e-05,0.004203127697110176
2310,59.33333333333334,24,20,0.8333333333333334,0.16510566309443675,2.144554687096587,1.3611884241981898e-05,0.1641916036605835
2311,46.733333333333334,50,49,0.9673333333333334,0.11931690080785984,0.37459466050716017,1.362030889140442e-05,0.696014940738678
2312,-5.702127659574472,94,83,0.8829787234042553,0.002669153623855891,0.007069214511056826,1.361988324788399e-05,0.017472637817263603
2313,63.95652173913044,23,20,0.8695652173913043,-0.03469614047558878,0.009866177197119796,1.3565627341449726e-05,0.02495642378926277
2314,-105.54575163398692,204,201,0.9845424836601308,0.12767271205575526,0.07287602442598523,1.3687061255041044e-05,1.2584258317947388
2315,-9.541666666666657,96,83,0.8645833333333334,-0.0350545231842716,0.7955535828765414,1.3683638826478273e-05,0.04913528263568878
2316,-11.432989690721655,97,83,0.8556701030927835,-0.05717213638047269,1.6029858929890017,1.3684192708751652e-05,0.04274474084377289
2317,38.1063829787234,47,40,0.851063829787234,-0.5443417724018218,3.337183715056483,1.368477660435019e-05,0.02688460983335972
2318,59.33333333333334,24,20,0.8333333333333334,-0.29704020576537005,5.058438442533031,1.368482207908528e-05,0.23275400698184967
2319,43.704402515723274,53,52,0.9670440251572328,0.009514132303693135,0.8691120287935424,1.3665848200616892e-05,0.6835773587226868
2320,-9.541666666666657,96,83,0.8645833333333334,0.026352759501861556,0.03331837832331155,1.3077039511699695e-05,0.016880540177226067
2321,48.102040816326536,49,48,0.9710204081632653,0.08223511604495574,1.3783202264762897,1.3154196494724602e-05,1.3591578006744385
2322,-7.631578947368411,95,83,0.8736842105263158,-0.005630085298435006,0.15616139792403305,1.2330689060036093e-05,0.018714413046836853
2323,48.68707482993197,49,48,0.9768707482993197,0.06888184825002258,5.023342154435151,1.3914167539041955e-05,5.313984394073486
2324,47.625850340136054,49,48,0.9662585034013605,0.06667113101298128,4.237109773513168,1.3924068298365455e-05,0.20483899116516113
2325,40.95652173913044,46,40,0.8695652173913043,-0.08463567679063999,2.6218740938155274,1.3925198800279759e-05,0.08889932930469513
2326,63.95652173913044,23,20,0.8695652173913043,0.03554928256198764,9.755571806884847,1.3928474800195545e-05,0.23886026442050934
2327,-105.54575163398692,204,201,0.9845424836601308,0.001229958138608822,0.36765534083955353,1.3931882676843088e-05,0.12279464304447174
2328,40.95652173913044,46,40,0.8695652173913043,-0.23682633720898139,0.3002625297194683,1.3576321180153172e-05,0.08572666347026825
2329,40.95652173913044,46,40,0.8695652173913043,-0.28375739678449463,0.041100934544971324,1.3575069715443533e-05,0.04915141686797142
2330,-4.2549019607843235,102,100,0.9774509803921568,0.05069535773653533,0.5216202505860399,1.3734451385971624e-05,1.4060364961624146
2331,49.02721088435375,49,49,0.9802721088435374,-0.16865312130317633,0.8801617325970489,1.3498688531399239e-05,1.517698049545288
2332,40.95652173913044,46,40,0.8695652173913043,-0.2877468557198881,0.19555146931432432,1.3499667147698347e-05,0.0901079773902893
2333,40.95652173913044,46,40,0.8695652173913043,-0.31026254260359565,0.07104180329533882,1.2866528777522035e-05,0.13956892490386963
2334,63.95652173913044,23,20,0.8695652173913043,-0.03746888485011368,0.9649101910321747,1.145292571891332e-05,0.09056976437568665
2335,46.733333333333334,50,49,0.9673333333333334,-0.10839625393873575,0.06079959080031738,1.1930003893212415e-05,3.0106241703033447
2336,-106.9479674796748,205,202,0.980520325203252,-0.03552986054683771,1.5793045803883494,1.1971301319135819e-05,0.6249784231185913
2337,-7.631578947368411,95,83,0.8736842105263158,-0.0014948086641197733,1.541168797983926,1.1969453225901816e-05,0.0030338086653500795
2338,63.95652173913044,23,20,0.8695652173913043,0.07722631704382366,2.7012304567614365,1.1971129424637184e-05,0.13174623250961304
2339,-7.1079365079365004,105,104,0.978920634920635,0.05234128261253446,0.9637135404736199,1.113380494643934e-05,1.071854829788208
2340,-7.051282051282058,104,101,0.9694871794871794,0.037715678407268305,1.0444476535995708,1.1088436622230802e-05,0.24433743953704834
2341,-9.541666666666657,96,83,0.8645833333333334,0.00645204444947467,1.7758699934398456,1.1088250175816938e-05,0.011095194146037102
2342,-9.541666666666657,96,83,0.8645833333333334,0.002615312097645983,1.7264494779571415,1.1087601706094574e-05,0.03895072266459465
2343,46.733333333333334,50,49,0.9673333333333334,0.05172409580063686,0.6468482995777116,1.063777381205e-05,1.8852428197860718
2344,-11.432989690721655,97,83,0.8556701030927835,0.008924049838412884,1.9304906975432181,1.063655327016022e-05,0.03535523638129234
2345,-103.45214521452145,202,200,0.9854785478547855,0.08820386935406761,0.16953650013860722,1.0701031897042412e-05,0.8727759122848511
2346,63.95652173913044,23,20,0.8695652173913043,-0.0171442676144693,0.19744806169942175,1.0393207958259154e-05,0.035669904202222824
2347,-110.85964912280701,209,206,0.9814035087719298,0.17194750511274892,0.0836798916435553,1.0334125363442581e-05,1.2714769840240479
2348,-7.1079365079365004,105,104,0.978920634920635,0.021529919610964843,0.14553130007840054,1.0376866157457698e-05,1.1867539882659912
2349,-9.541666666666657,96,83,0.8645833333333334,0.029622363336258672,1.0866824076422859,1.0376695172453765e-05,0.012929370626807213
2350,63.95652173913044,23,20,0.8695652173913043,-0.019391850616784723,0.06593050246038956,1.0377359103586059e-05,0.04985888674855232
2351,43.704402515723274,53,52,0.9670440251572328,0.2436727937622023,0.3947561237993824,1.038672689901432e-05,0.5320459008216858
2352,-100.71524288107203,199,196,0.9828475711892797,0.17738996012052155,0.24841690040647507,1.0439297511766199e-05,1.0257482528686523
2353,-6.480769230769226,104,102,0.9751923076923077,0.0756337933100749,0.03192898766721736,1.1476005965960212e-05,4.0068511962890625
2354,-7.631578947368411,95,83,0.8736842105263158,0.06644215045776036,0.8675883434071667,1.1475740393507294e-05,0.005612857174128294
2355,63.95652173913044,23,20,0.8695652173913043,-0.15617890639092025,0.10704471993136622,8.730188710615039e-06,0.23309239745140076
2356,-109.9326923076923,208,204,0.9806730769230769,0.16842853608532565,0.343874280076012,8.964156222646125e-06,2.0059125423431396
2357,47.29931972789116,49,48,0.9629931972789115,-0.05377908110806118,0.9681982239321201,9.848541594692506e-06,3.793393135070801
2358,-9.541666666666657,96,83,0.8645833333333334,0.06896896606315295,0.777074754649395,9.848052286542952e-06,0.008409976027905941
2359,-9.541666666666657,96,83,0.8645833333333334,0.07019140937904922,0.5151748833735861,9.807085916690994e-06,0.02582034282386303
2360,-5.961538461538453,104,103,0.9803846153846154,0.03172816887005325,0.013661268547233707,9.165177289105486e-06,2.3538076877593994
2361,63.95652173913044,23,20,0.8695652173913043,-0.00687782035993223,1.968988743604207,9.165157280222047e-06,0.07268606871366501
2362,-7.631578947368411,95,83,0.8736842105263158,0.04404632939835551,0.12284673284691076,9.16471799428109e-06,0.0011890670284628868
2363,-7.051282051282058,104,101,0.9694871794871794,0.029531269622469877,0.013204112199169338,9.810363735596184e-06,3.709512948989868
2364,-104.93760262725779,203,200,0.980623973727422,0.0811133212263404,1.2452624108433332,9.810533811105415e-06,0.15436245501041412
2365,48.102040816326536,49,48,0.9710204081632653,0.1919348566720601,0.3387394201830052,9.857199074758682e-06,0.8277807831764221
2366,-9.541666666666657,96,83,0.8645833333333334,0.013927838443578366,0.3023319385378604,9.857215445663314e-06,0.01275573018938303
2367,-5.317152103559877,103,101,0.9768284789644013,0.0011783996108363226,0.009060920137367697,9.849078196566552e-06,1.7753640413284302
2368,-9.541666666666657,96,83,0.8645833333333334,-0.011199742974895344,0.4476597674333291,9.842946383287199e-06,0.015907207503914833
2369,-104.1881188118812,202,198,0.9781188118811881,0.07939744356436328,1.070068979025252,9.902758392854594e-06,1.0389440059661865
2370,47.29931972789116,49,48,0.9629931972789115,-0.18094225617515747,0.5356308640356175,1.1183832612005062e-05,4.524925231933594
2371,-5.961538461538453,104,103,0.9803846153846154,-0.004099836609276263,0.014415806539787523,1.0640860637067817e-05,1.4667742252349854
2372,-7.051282051282058,104,101,0.9694871794871794,0.009568248892664194,0.01035712187220546,1.0776047020044643e-05,1.652540922164917
2373,48.68707482993197,49,48,0.9768707482993197,-0.02341058530530704,0.07873466020438347,1.2318089829932433e-05,4.958917617797852
2374,63.95652173913044,23,20,0.8695652173913043,-0.11207519432622348,0.47361417775311576,1.2318309927650262e-05,0.14624561369419098
2375,63.95652173913044,23,20,0.8695652173913043,-0.08813385448439703,0.4986919892456511,1.2317680557316635e-05,0.013338783755898476
2376,43.888888888888886,45,40,0.8888888888888888,-0.22128167146908595,0.3026930888471509,1.208566845889436e-05,0.04912739247083664
2377,-4.915032679738559,102,100,0.9708496732026144,0.005856852302116522,0.008662916201286563,1.2342134141363204e-05,2.0880870819091797
2378,-8.974603174603175,105,101,0.9602539682539682,-0.07016625832704904,0.06015343504734582,1.3442388990370091e-05,4.311960697174072
2379,-9.043613707165107,107,105,0.979563862928349,0.015419617806033884,0.012811624958787654,1.3707226571568754e-05,2.1892831325531006
2380,-100.71524288107203,199,196,0.9828475711892797,0.08641315909343916,0.17043971739531974,1.3705513083550613e-05,0.7444691061973572
2381,-4.2549019607843235,102,100,0.9774509803921568,0.010954215323919048,0.10949477009928658,1.4129911505733617e-05,2.766077756881714
2382,40.95652173913044,46,40,0.8695652173913043,-0.21751834910537582,0.0750454860122245,1.4113627912593074e-05,0.2300669401884079
2383,-9.541666666666657,96,83,0.8645833333333334,-0.054138935793389464,0.07189679490641099,1.411379980709171e-05,0.018853016197681427
2384,40.95652173913044,46,40,0.8695652173913043,-0.10407491303703864,0.1244262814145598,1.4113467841525562e-05,0.0070069762878119946
2385,-110.85964912280701,209,206,0.9814035087719298,0.08624040979501224,0.029338328786531438,1.4121224012342282e-05,0.810432493686676
2386,47.625850340136054,49,48,0.9662585034013605,0.14931662153286407,0.3176094413036257,1.4121391359367408e-05,0.3117848038673401
2387,-9.541666666666657,96,83,0.8645833333333334,-0.03906891605157625,0.04462775034913938,1.4121253116172738e-05,0.023289885371923447
2388,-7.631578947368411,95,83,0.8736842105263158,-0.029109207158683148,0.00740002519072222,1.412114124832442e-05,0.001880499767139554
2389,-9.541666666666657,96,83,0.8645833333333334,-0.02154001558847085,0.0412049865606926,1.4118585568212438e-05,0.02331945113837719
2390,-4.2549019607843235,102,100,0.9774509803921568,0.0497761207564249,0.213571033481546,1.4396044207387604e-05,2.296147584915161
2391,-107.0260162601626,205,201,0.979739837398374,0.06641208239355478,0.08731022440686252,1.441575659555383e-05,0.7758901119232178
2392,43.704402515723274,53,52,0.9670440251572328,0.10857299754854388,0.9589594565865838,1.5832098142709583e-05,4.881976127624512
2393,-7.631578947368411,95,83,0.8736842105263158,-0.010236173157771589,0.0839421744374165,1.5829975382075645e-05,0.0011985419550910592
2394,40.95652173913044,46,40,0.8695652173913043,-0.4305423629939469,0.6622060109746659,1.537273965368513e-05,0.32508137822151184
2395,40.95652173913044,46,40,0.8695652173913043,-0.33367530377574894,0.3281425961038316,1.4754420590179507e-05,0.05329626053571701
2396,-5.317152103559877,103,101,0.9768284789644013,0.028158768951414004,0.0768062523682123,1.4807907973590773e-05,1.0808300971984863
2397,-106.9479674796748,205,202,0.980520325203252,0.04203868668454458,0.20482368370003878,1.470485221943818e-05,0.6241330504417419
2398,-9.541666666666657,96,83,0.8645833333333334,-0.038839132408270416,0.06089563163319696,1.4704870409332216e-05,0.013938933610916138
2399,-8.937694704049846,107,106,0.9806230529595016,0.024217197763255007,0.010533978122866048,1.4566340723831672e-05,2.130673408508301
2400,-7.631578947368411,95,83,0.8736842105263158,-0.04629310658128816,0.02349059212352239,1.4565607671102043e-05,0.036835841834545135
2401,-106.9479674796748,205,202,0.980520325203252,0.03409506886824687,0.3277683078564696,1.4567778634955175e-05,0.1170477420091629
2402,-7.631578947368411,95,83,0.8736842105263158,-0.0479829396069249,0.014251547550863117,1.4555543202732224e-05,0.016650022938847542
2403,63.95652173913044,23,20,0.8695652173913043,0.24355641128204297,7.554423226077603,1.4559191185981035e-05,0.25099053978919983
2404,-106.9219512195122,205,202,0.980780487804878,0.0623367457105557,0.23866738749279037,1.4526626728184056e-05,0.22206245362758636
2405,-7.631578947368411,95,83,0.8736842105263158,0.0024195850248465156,0.0018943830737954929,1.4527367056871299e-05,0.004484449978917837
2406,-8.937694704049846,107,106,0.9806230529595016,0.05334485253813082,0.12352412240394005,1.4665060916740913e-05,1.7497084140777588
2407,-6.480769230769226,104,102,0.9751923076923077,0.09113076840404055,0.14033644747846546,1.4739255675522145e-05,1.3060227632522583
2408,59.33333333333334,24,20,0.8333333333333334,-0.06192028608711553,0.21304056466228793,1.4732292584085371e-05,0.1587013602256775
2409,-5.961538461538453,104,103,0.9803846153846154,0.04959134944281696,0.1263900359646494,1.4922597983968444e-05,1.969587802886963
2410,-4.59223300970875,103,102,0.9840776699029126,0.08259667932441062,0.11635790611638919,1.4985884263296612e-05,1.2704697847366333
2411,40.95652173913044,46,40,0.8695652173913043,-0.29674653283382213,0.19891170927471283,1.4941881090635434e-05,0.25107869505882263
2412,-7.1079365079365004,105,104,0.978920634920635,0.059665912016726,0.008116365951287952,1.556243296363391e-05,3.4296934604644775
2413,-9.541666666666657,96,83,0.8645833333333334,0.002963321673973951,0.21615741721596848,1.5562192857032642e-05,0.0072903744876384735
2414,46.733333333333334,50,49,0.9673333333333334,0.05856614187905507,0.43140733695386047,1.655616142670624e-05,3.9060513973236084
2415,40.95652173913044,46,40,0.8695652173913043,-0.26604398829140763,0.04953492997184128,1.6559852156206034e-05,0.23297826945781708
2416,-7.1079365079365004,105,104,0.978920634920635,-0.0005151432011860635,0.04930928384746675,1.6587247955612838e-05,0.9185091853141785
2417,40.95652173913044,46,40,0.8695652173913043,-0.1989773334998972,0.03590216776666466,1.6588139260420576e-05,0.09624418616294861
2418,40.95652173913044,46,40,0.8695652173913043,-0.13386347897630912,0.09826047074856903,1.6584086552029476e-05,0.07545922696590424
2419,-102.16,200,196,0.9784,-0.07652346853100345,0.6929865267027586,1.6565121768508106e-05,0.9544974565505981
2420,-109.9326923076923,208,204,0.9806730769230769,-0.024878904249648316,0.27683744407813876,1.6666137526044622e-05,1.5458674430847168
2421,46.56410256410257,52,52,0.9856410256410256,0.15388683756782484,1.0871530422344715,1.6972700905171223e-05,2.502309799194336
2422,63.95652173913044,23,20,0.8695652173913043,0.05922115868452238,1.0428578279525311,1.6975185644696467e-05,0.16883458197116852
2423,-109.9326923076923,208,204,0.9806730769230769,0.10864516528868257,0.07010683427510105,1.5334375348174945e-05,2.439746618270874
2424,40.95652173913044,46,40,0.8695652173913043,-0.21081018919994676,0.02104115784965238,1.534035982331261e-05,0.1320173293352127
2425,38.1063829787234,47,40,0.851063829787234,-0.26051089824068185,0.20734369935195307,1.534194962005131e-05,0.03800520300865173
2426,-2.8151815181518174,101,100,0.9818481848184818,0.023457253039566694,0.07635823120696072,1.5338711818912998e-05,0.1521843671798706
2427,-5.702127659574472,94,83,0.8829787234042553,-0.006910147051790716,0.042948182050245975,1.5338519006036222e-05,0.01849612221121788
2428,-7.1079365079365004,105,104,0.978920634920635,0.06732332505867865,0.010631053895789222,1.566498576721642e-05,2.6428945064544678
2429,48.68707482993197,49,48,0.9768707482993197,-0.026453366399816294,0.6399120411642087,1.606729165359866e-05,2.2495710849761963
2430,59.33333333333334,24,20,0.8333333333333334,-0.08534966394654475,0.869070381490701,1.599982897459995e-05,0.028743207454681396
2431,-100.66834170854271,199,196,0.9833165829145729,0.19860118991944792,0.14273566513107938,1.592692206031643e-05,0.8376346826553345
2432,47.29931972789116,49,48,0.9629931972789115,-0.016190571250256677,0.07179741794895644,2.3058817532728426e-05,10.516287803649902
2433,-9.541666666666657,96,83,0.8645833333333334,-0.035920390777619104,0.21906301431790726,2.305666021129582e-05,0.0166108850389719
2434,-105.4673202614379,204,202,0.9853267973856209,0.15396029291334634,0.16483869031043596,2.3132010028348304e-05,1.3314313888549805
2435,47.266666666666666,50,49,0.9726666666666667,0.10287233296730847,0.6130298414363864,2.610329283925239e-05,7.459532737731934
2436,-7.631578947368411,95,83,0.8736842105263158,-0.05283611878469773,0.15371059264475956,2.609100192785263e-05,0.013795721344649792
2437,-4.91585760517799,103,102,0.98084142394822,0.028360981555350384,0.020752224880575286,2.6103289201273583e-05,0.6225235462188721
2438,-5.961538461538453,104,103,0.9803846153846154,-0.0010224347223163903,0.03164590728888006,2.6122932467842475e-05,0.7470924258232117
2439,-9.541666666666657,96,83,0.8645833333333334,-0.055638613556027394,0.29351484564003255,2.6074223569594324e-05,0.02320711500942707
2440,-6.480769230769226,104,102,0.9751923076923077,0.021462410294464718,0.024389568606377754,2.6120091206394136e-05,1.0304405689239502
2441,63.95652173913044,23,20,0.8695652173913043,-0.040926779601335284,2.3664654910430483,2.6120787879335694e-05,0.07563108950853348
2442,-9.541666666666657,96,83,0.8645833333333334,-0.028215045699198527,0.20621773559137638,2.6119938411284238e-05,0.04962245374917984
2443,-9.541666666666657,96,83,0.8645833333333334,-0.019859689124814395,0.20078627155406223,2.5859830202534795e-05,0.00845016073435545
2444,-7.631578947368411,95,83,0.8736842105263158,6.242542212930857e-05,0.08337324370474608,2.5860308596747927e-05,0.019724730402231216
2445,47.266666666666666,50,49,0.9726666666666667,-0.021975899084850425,0.08913954598699814,2.654063246154692e-05,3.2325997352600098
2446,40.95652173913044,46,40,0.8695652173913043,-0.31273390820571606,0.02864630362660492,2.654066338436678e-05,0.0431978702545166
2447,59.33333333333334,24,20,0.8333333333333334,-0.15935532082676218,0.11140263415601659,2.646661778271664e-05,0.24572037160396576
2448,47.266666666666666,50,49,0.9726666666666667,-0.03022513902578794,0.05124194194474185,2.796809894789476e-05,4.952749729156494
2449,59.33333333333334,24,20,0.8333333333333334,-0.08843944440013729,0.01618924313243042,2.7968246286036447e-05,0.05019869655370712
2450,-8.937694704049846,107,106,0.9806230529595016,0.11452914173321815,0.33933281203995086,2.8719468900817446e-05,3.5812599658966064
2451,48.102040816326536,49,48,0.9710204081632653,-0.06035094713536182,0.2603843007447164,2.8795262551284395e-05,1.1796672344207764
2452,40.95652173913044,46,40,0.8695652173913043,-0.2043489572170074,0.3355092739626926,2.8742477297782898e-05,0.031611938029527664
2453,46.06666666666666,50,49,0.9606666666666667,-0.033028702134288324,0.267268565043283,2.8228512746864e-05,2.736476421356201
2454,59.33333333333334,24,20,0.8333333333333334,-0.04336029727164714,0.43806819616357906,2.8229906092747115e-05,0.1553715318441391
2455,40.95652173913044,46,40,0.8695652173913043,-0.23073618809310403,0.33852756192502675,2.8227570510352962e-05,0.12478332966566086
2456,38.1063829787234,47,40,0.851063829787234,-0.23937930270767538,0.08211871834455398,2.799742651404813e-05,0.13392776250839233
2457,47.13333333333334,50,49,0.9713333333333334,0.00988197418019529,0.22938217380447234,2.7088319257018156e-05,0.38362887501716614
2458,-9.541666666666657,96,83,0.8645833333333334,-0.013552770585874896,0.019791888491089482,2.70884956989903e-05,0.03991914913058281
2459,-104.76026272577997,203,200,0.9823973727422003,0.06608574923563348,1.6049220915728015,2.712098284973763e-05,0.8242736458778381
2460,-99.21885521885523,198,196,0.9878114478114478,0.07643946025179105,1.4956922615615134,2.6825478926184587e-05,0.6471750140190125
2461,-5.702127659574472,94,83,0.8829787234042553,-0.017369168240747968,0.022741640223342102,2.6825158784049563e-05,0.008809502236545086
2462,63.95652173913044,23,20,0.8695652173913043,-0.048165043835979304,0.08138103399420515,2.682515696506016e-05,0.029425431042909622
2463,-5.71844660194175,103,101,0.9728155339805825,0.054045345881348794,0.2233868635363593,2.633471740409732e-05,2.3630788326263428
2464,47.13333333333334,50,49,0.9713333333333334,-0.0016676378390652613,0.17208734935928421,2.6823501684702933e-05,2.7653186321258545
2465,47.625850340136054,49,48,0.9662585034013605,-0.10686329659694138,0.2743375933365968,2.6835163225769065e-05,1.023435115814209
2466,-9.541666666666657,96,83,0.8645833333333334,-0.016040513521545563,0.009720224555180807,2.6835066819330677e-05,0.007934513501822948
2467,48.102040816326536,49,48,0.9710204081632653,0.025697661059472517,0.0836731105583901,2.6933030312648043e-05,2.1040050983428955
2468,-9.541666666666657,96,83,0.8645833333333334,-0.016008124400741508,0.011620755987410303,2.6933230401482433e-05,0.04662025719881058
2469,49.36879432624113,47,46,0.9636879432624114,-0.12286178813668158,0.05614049290210432,3.015210859302897e-05,7.327632904052734
2470,40.95652173913044,46,40,0.8695652173913043,-0.16440157564852598,0.1664489623502453,2.8914049835293554e-05,0.1175822988152504
2471,-6.480769230769226,104,102,0.9751923076923077,-0.0011553336094558518,0.10266819925168563,2.8953156288480386e-05,1.6666887998580933
2472,63.95652173913044,23,20,0.8695652173913043,0.021296670658813355,1.4875962381261467,2.8780052161891945e-05,0.08826632052659988
2473,-105.54575163398692,204,201,0.9845424836601308,0.07083856990791304,0.09032607178283919,2.727646096900571e-05,0.33755385875701904
2474,-5.317152103559877,103,101,0.9768284789644013,-0.020195770111953948,0.11362248159040486,2.7376860089134425e-05,1.3103035688400269
2475,40.95652173913044,46,40,0.8695652173913043,-0.13499043600313598,0.15701061345758838,2.7376825528335758e-05,0.01202312484383583
2476,40.95652173913044,46,40,0.8695652173913043,-0.16076999903023648,0.11465078790633099,2.7376767320674844e-05,0.027213074266910553
2477,48.102040816326536,49,48,0.9710204081632653,0.08561238024372173,0.08639032965298199,2.7196887458558194e-05,1.1804358959197998
2478,-106.9479674796748,205,202,0.980520325203252,0.04293576084856454,0.11750387371329092,2.609209514048416e-05,0.7695335149765015
2479,49.02721088435375,49,49,0.9802721088435374,-0.026704791554266194,0.06422403058994064,2.631378811202012e-05,2.963538408279419
2480,-5.702127659574472,94,83,0.8829787234042553,-0.03777071270224042,0.007794555332888808,2.6273464754922315e-05,0.029138080775737762
2481,63.95652173913044,23,20,0.8695652173913043,-0.101266691996301,0.10874958384289357,2.5773339075385593e-05,0.058144669979810715
2482,-9.541666666666657,96,83,0.8645833333333334,-0.03154993886039392,0.04374607601523277,2.577179839136079e-05,0.02338053286075592
2483,-100.71524288107203,199,196,0.9828475711892797,0.06311964803970227,0.29410253914010903,2.5787681806832552e-05,0.4211062788963318
2484,43.704402515723274,53,52,0.9670440251572328,0.07390312572194557,0.40588730928332595,2.6141144189750776e-05,2.504732131958008
2485,-9.541666666666657,96,83,0.8645833333333334,-0.006093424677771964,0.03344732963716474,2.608897011668887e-05,0.05372590199112892
2486,47.266666666666666,50,49,0.9726666666666667,0.05840208289001225,0.7457038857791726,2.646692519192584e-05,2.6562418937683105
2487,-9.043613707165107,107,105,0.979563862928349,0.06216843808607564,0.06434865448122751,2.6868434360949323e-05,2.413756847381592
2488,63.95652173913044,23,20,0.8695652173913043,-0.16755990558340272,0.4211545558314498,2.6869265639106743e-05,0.08667146414518356
2489,63.95652173913044,23,20,0.8695652173913043,-0.13946735653735232,0.12047208763200956,2.6869165594689548e-05,0.06103488802909851
2490,-9.541666666666657,96,83,0.8645833333333334,0.034735279575670575,0.0032138050630255155,2.6503908884478733e-05,0.009555709548294544
2491,40.95652173913044,46,40,0.8695652173913043,-0.23957359925469746,0.1725274313027665,2.645131644385401e-05,0.021057242527604103
2492,-3.4224422442244276,101,99,0.9757755775577558,0.11359569369317057,0.32949289931187353,2.541519279475324e-05,2.27872896194458
2493,46.7516339869281,51,51,0.977516339869281,0.07263754871355843,2.014619747900472,2.5430905225221068e-05,0.44915345311164856
2494,-7.631578947368411,95,83,0.8736842105263158,0.010291626051587066,0.0015704910747491412,2.542653601267375e-05,0.005318686831742525
2495,43.888888888888886,45,40,0.8888888888888888,-0.13255242048691684,1.0113739885104422,2.5426727006561123e-05,0.08998429775238037
2496,-9.541666666666657,96,83,0.8645833333333334,-0.035653899482440465,0.0785418140532653,2.5342485969304107e-05,0.004292559809982777
2497,43.8930817610063,53,52,0.9689308176100629,0.182546901047985,0.41428085843304885,2.543832852097694e-05,1.348488211631775
2498,-104.1881188118812,202,198,0.9781188118811881,-0.07570858910933836,0.3270752779431015,2.55276208918076e-05,1.1226667165756226
2499,-5.71844660194175,103,101,0.9728155339805825,-0.046120202707756776,0.012702032867229873,2.524638875911478e-05,0.5061701536178589
2500,-7.631578947368411,95,83,0.8736842105263158,-0.05450097058037073,0.09444500192104754,2.5246201403206214e-05,0.016361873596906662
2501,-9.541666666666657,96,83,0.8645833333333334,-0.0512177861460259,0.3224414693272472,2.524594856367912e-05,0.01275314949452877
2502,-7.631578947368411,95,83,0.8736842105263158,-0.04719420194584245,0.25928137552857666,2.524575756979175e-05,0.014720715582370758
2503,63.95652173913044,23,20,0.8695652173913043,-0.2127822751072017,0.02409863403366508,2.5242738047381863e-05,0.05866367742419243
2504,63.95652173913044,23,20,0.8695652173913043,-0.2371301475141081,0.03708597975157346,2.5237828594981693e-05,0.17505712807178497
2505,-5.71844660194175,103,101,0.9728155339805825,-0.01966101834244116,0.03246041290182827,2.56154962698929e-05,2.3927688598632812
2506,46.7516339869281,51,51,0.977516339869281,-0.09570001344211843,0.3795831150424007,2.5418401492061093e-05,0.4603654146194458
2507,-7.051282051282058,104,101,0.9694871794871794,-0.04352738302020498,0.03411278893110961,2.5607563657104038e-05,2.1514365673065186
2508,-5.961538461538453,104,103,0.9803846153846154,-0.04549946557176185,0.088711187418705,2.5639978048275225e-05,0.6537081599235535
2509,-9.541666666666657,96,83,0.8645833333333334,-0.025659576266178874,0.14570496977439815,2.53795205935603e-05,0.017079491168260574
2510,46.7516339869281,51,51,0.977516339869281,0.010451947326155508,0.20572599335791608,2.5358443963341415e-05,1.1385587453842163
2511,48.102040816326536,49,48,0.9710204081632653,-0.05368667740709818,0.21803009080337546,2.588567804195918e-05,3.048799753189087
2512,63.95652173913044,23,20,0.8695652173913043,-0.07351233882491215,3.6441591486856963,2.509943260520231e-05,0.040174175053834915
2513,-9.541666666666657,96,83,0.8645833333333334,-0.024464259478804706,0.07182499948465228,2.5099549020524137e-05,0.011107376776635647
2514,63.95652173913044,23,20,0.8695652173913043,-0.10117981104303908,2.020678523492691,2.4230090275523253e-05,0.17466741800308228
2515,47.13333333333334,50,49,0.9713333333333334,-0.031429667338082216,0.13715839893758108,2.5303732400061563e-05,4.324991226196289
2516,-9.541666666666657,96,83,0.8645833333333334,-0.0020189364466887127,0.2825102802651026,2.5232084226445295e-05,0.018443994224071503
2517,63.95652173913044,23,20,0.8695652173913043,-0.18003879082607455,0.11362136138686196,2.523264629417099e-05,0.01766570843756199
2518,40.95652173913044,46,40,0.8695652173913043,-0.3873051417313036,0.18079362926156556,2.523289185774047e-05,0.15407751500606537
2519,46.733333333333334,50,49,0.9673333333333334,-0.03270142837243384,0.9305499592539217,2.5208564693457447e-05,0.7667850255966187
2520,63.95652173913044,23,20,0.8695652173913043,-0.10782306872170011,0.3177441388391209,2.5026583898579702e-05,0.05149459466338158
2521,63.95652173913044,23,20,0.8695652173913043,-0.08569433816956007,0.7193614079569112,2.4697117623873055e-05,0.15209242701530457
2522,63.95652173913044,23,20,0.8695652173913043,-0.1025794494428851,0.9596696284905448,2.469658647896722e-05,0.14415891468524933
2523,-9.541666666666657,96,83,0.8645833333333334,-0.002580351138021797,0.049398488450298095,2.4275279429275542e-05,0.023080581799149513
2524,63.95652173913044,23,20,0.8695652173913043,-0.07601632923339707,0.6953295738389222,2.4275121177197434e-05,0.0947476178407669
2525,63.95652173913044,23,20,0.8695652173913043,-0.06452794650067517,0.32960615041609054,2.4275404939544387e-05,0.04769580066204071
2526,40.95652173913044,46,40,0.8695652173913043,-0.26583053795455314,0.03923797710008614,2.4270100766443647e-05,0.13874441385269165
2527,38.1063829787234,47,40,0.851063829787234,-0.27770608734863345,0.22866243618101123,2.4269616915262304e-05,0.142389178276062
2528,-9.541666666666657,96,83,0.8645833333333334,-0.004794352469488672,0.01916517016675884,2.3771694031893276e-05,0.05181539058685303
2529,-106.9219512195122,205,202,0.980780487804878,0.2864330665812531,0.34728098459752765,2.356190816499293e-05,0.672483503818512
2530,59.33333333333334,24,20,0.8333333333333334,-0.009914350017425022,0.02147397908313664,2.3561189664178528e-05,0.05637376382946968
2531,46.7516339869281,51,51,0.977516339869281,0.1309415705843094,0.07980036898204546,2.50237608270254e-05,5.209289073944092
2532,-7.631578947368411,95,83,0.8736842105263158,-0.03789880360045572,0.004960113783310321,1.8471690054866485e-05,0.018155667930841446
2533,-9.541666666666657,96,83,0.8645833333333334,-0.03769996903815809,0.06971987637725734,1.8471768271410838e-05,0.0246906578540802
2534,-3.4224422442244276,101,99,0.9757755775577558,-0.02782247728870857,0.08870994097435651,1.8476233890396543e-05,1.3565402030944824
2535,-7.1079365079365004,105,104,0.978920634920635,-0.029286973851320397,0.007853176975249898,1.5360452380264178e-05,1.7840449810028076
2536,-9.541666666666657,96,83,0.8645833333333334,-0.03713497243796127,0.11618639403154488,1.536048876005225e-05,0.019803384318947792
2537,-2.953795379537965,101,100,0.9804620462046204,-0.023050967795017807,0.048383139503289055,1.549506669107359e-05,1.5742907524108887
2538,46.733333333333334,50,49,0.9673333333333334,0.11039329316628255,0.1866235928067333,1.559316115162801e-05,1.5553665161132812
2539,63.95652173913044,23,20,0.8695652173913043,0.033317407524137366,0.07953984649032719,1.55930538312532e-05,0.0028865928761661053
2540,-7.631578947368411,95,83,0.8736842105263158,-0.035217374404965085,0.0672042227786868,1.5518135114689358e-05,0.012611277401447296
2541,-5.71844660194175,103,101,0.9728155339805825,-0.024339325214526752,0.005025114321761393,1.5651301509933546e-05,1.3993464708328247
2542,40.95652173913044,46,40,0.8695652173913043,-0.2537091358660746,0.17787794274383373,1.565108868817333e-05,0.1051236093044281
2543,49.36879432624113,47,46,0.9636879432624114,-0.09021209885481074,1.1206549273055448,1.8828101019607857e-05,7.283441543579102
2544,-7.631578947368411,95,83,0.8736842105263158,-0.03802855786804571,0.058388009787163166,1.882805190689396e-05,0.0261373370885849
2545,-109.40064102564102,208,206,0.9859935897435897,-0.05080407966516615,1.9219333451969514,1.8327076759305783e-05,1.1362346410751343
2546,63.95652173913044,23,20,0.8695652173913043,0.09389675242709927,0.5724167899774102,1.832738234952558e-05,0.07165921479463577
2547,40.95652173913044,46,40,0.8695652173913043,-0.12662437274593685,0.12376057021701925,1.8325506971450523e-05,0.1362496316432953
2548,-4.91585760517799,103,102,0.98084142394822,-0.013216883270043667,0.07556270950308203,1.7091047993744723e-05,1.9145569801330566
2549,-110.85964912280701,209,206,0.9814035087719298,0.050353277898211195,0.8647276972840244,1.7107791791204363e-05,0.4973529279232025
2550,-7.631578947368411,95,83,0.8736842105263158,-0.02151845983495737,0.0015944025916281718,1.6300355127896182e-05,0.01136425044387579
2551,40.95652173913044,46,40,0.8695652173913043,-0.10842594333144007,0.12239769714199022,1.6222464182646945e-05,0.10404587537050247
2552,-5.961538461538453,104,103,0.9803846153846154,0.01706880443919717,0.21105275024703293,1.6559679352212697e-05,2.306786060333252
2553,-110.85964912280701,209,206,0.9814035087719298,0.13592880718444716,0.12068386839473934,1.6242589481407776e-05,1.5508015155792236
2554,-8.937694704049846,107,106,0.9806230529595016,0.06318197713249951,0.14645001661462542,1.6935391613515094e-05,3.3394482135772705
2555,-108.53945249597423,207,204,0.9846054750402576,0.12513182007826806,0.043829331786332554,1.7110414773924276e-05,1.6980645656585693
2556,-9.541666666666657,96,83,0.8645833333333334,-0.004084248538958946,0.009658233105999572,1.710943251964636e-05,0.008317605592310429
2557,-100.71524288107203,199,196,0.9828475711892797,0.08664972841721408,0.1851440719253519,1.7123275029007345e-05,0.6452441811561584
2558,40.95652173913044,46,40,0.8695652173913043,-0.07830678338359576,0.07358477665000707,1.7123165889643133e-05,0.00327013386413455
2559,63.95652173913044,23,20,0.8695652173913043,0.060805908366219796,0.2133073376648109,1.7083624697988853e-05,0.004798147361725569
2560,43.8930817610063,53,52,0.9689308176100629,0.17573273663565603,0.07741491376803927,1.7603644664632156e-05,2.975280284881592
2561,-4.91585760517799,103,102,0.98084142394822,-0.007058369201676129,0.05383903405286519,1.774095835571643e-05,1.484250783920288
2562,-104.1881188118812,202,198,0.9781188118811881,-0.016831134494597947,0.2444668353220403,1.782333492883481e-05,1.1603446006774902
2563,-9.541666666666657,96,83,0.8645833333333334,-0.0009290088205489155,0.14804742075365465,1.7478827430750243e-05,0.0203115064650774
2564,38.1063829787234,47,40,0.851063829787234,-0.39865757086954545,1.4388868728148623,1.700775283097755e-05,0.03293726220726967
2565,-5.702127659574472,94,83,0.8829787234042553,-0.0038334106918922473,0.013851374511159836,1.6944579328992404e-05,0.023938298225402832
2566,49.36879432624113,47,46,0.9636879432624114,-0.18029194521329828,2.2634931619417884,1.7472097169957124e-05,2.936882495880127
2567,47.625850340136054,49,48,0.9662585034013605,-0.007563143580185283,0.48852044332690525,1.7256283172173426e-05,0.9394779801368713
2568,-4.533980582524279,103,102,0.9846601941747573,0.006076271993006088,0.023263977124506785,1.73670250660507e-05,1.3349449634552002
2569,63.95652173913044,23,20,0.8695652173913043,0.06849108618808941,1.6171700835637068,1.4028839359525591e-05,0.20816513895988464
2570,63.95652173913044,23,20,0.8695652173913043,0.10310351725360078,2.2703397912735,1.4028750229044817e-05,0.11221647262573242
2571,-7.631578947368411,95,83,0.8736842105263158,-0.03248428190170216,0.01291890846358469,1.3870765542378649e-05,0.003310639876872301
2572,40.95652173913044,46,40,0.8695652173913043,-0.10577943682073965,0.41314984354348905,1.3871760529582389e-05,0.15415608882904053
2573,-5.961538461538453,104,103,0.9803846153846154,-0.0075379924475772455,0.006460620333290312,1.4007095160195604e-05,1.5714085102081299
2574,40.95652173913044,46,40,0.8695652173913043,-0.1336858634679814,0.1893751532246073,1.3911760106566362e-05,0.0809500589966774
2575,59.33333333333334,24,20,0.8333333333333334,-0.019829292317808722,0.054868768451926085,1.3912069334764965e-05,0.06581001728773117
2576,-9.541666666666657,96,83,0.8645833333333334,-0.014311345759438154,0.07231360208911895,1.3912042959418613e-05,0.012296162545681
2577,-110.87240829346092,209,206,0.9812759170653907,0.04780474032005555,0.025596700350451945,1.3934148228145204e-05,1.32700777053833
2578,46.733333333333334,50,49,0.9673333333333334,0.010812658180427093,0.059518553573120414,1.390617762808688e-05,0.28349149227142334
2579,-9.541666666666657,96,83,0.8645833333333334,-0.0073996359762986685,0.044257293268267495,1.334162152488716e-05,0.01723082736134529
2580,40.95652173913044,46,40,0.8695652173913043,-0.28177401505244504,0.04667463814515038,1.334178614342818e-05,0.04227792099118233
2581,48.68707482993197,49,48,0.9768707482993197,-0.07156539568444147,0.13103857563406507,1.4247462786443066e-05,3.775460958480835
2582,-4.59223300970875,103,102,0.9840776699029126,0.04054707484182529,0.05409464486790472,1.4281354197009932e-05,0.7888765931129456
2583,-8.937694704049846,107,106,0.9806230529595016,0.04996641433038462,0.014893829475991271,1.4706081856274977e-05,2.7109622955322266
2584,47.625850340136054,49,48,0.9662585034013605,-0.031866915600467394,0.06650546716952022,1.4486276086245198e-05,1.6819899082183838
2585,-7.631578947368411,95,83,0.8736842105263158,-0.011415618635862046,0.003801824825205519,1.4485921383311506e-05,0.030045542865991592
2586,-104.93760262725779,203,200,0.980623973727422,0.06014308801873103,0.1302226122900235,1.4031174941919744e-05,0.5493148565292358
2587,40.95652173913044,46,40,0.8695652173913043,-0.18401789416566317,0.0855259460713711,1.3702270734938793e-05,0.01250411756336689
2588,-5.961538461538453,104,103,0.9803846153846154,0.02082466014467407,0.02913025149941914,1.3729832971876021e-05,0.7749118804931641
2589,63.95652173913044,23,20,0.8695652173913043,0.0010250734470105272,0.18827740655886618,1.3731106264458504e-05,0.15075309574604034
2590,40.95652173913044,46,40,0.8695652173913043,-0.14850060844401014,0.16945651178590282,1.3731342733080965e-05,0.05019388347864151
2591,46.626666666666665,50,49,0.9662666666666667,0.08857044068187941,0.17743404892555548,1.3996954294270836e-05,1.991396427154541
2592,49.36879432624113,47,46,0.9636879432624114,-0.09551156246091086,0.06263931218618524,1.5191974853223655e-05,4.900027751922607
2593,40.95652173913044,46,40,0.8695652173913043,-0.1864835506057716,0.06300559340339973,1.5180298760242295e-05,0.002775350119918585
2594,-105.44117647058823,204,202,0.9855882352941177,0.015467869900483322,0.14023397849224511,1.5213366168609355e-05,0.7372648119926453
2595,-2.953795379537965,101,100,0.9804620462046204,0.01696315230939485,0.07309120290719934,1.5421916032209992e-05,1.8596503734588623
2596,-105.44117647058823,204,202,0.9855882352941177,0.028709451227996396,0.12076944791043448,1.5424313460243866e-05,0.2226436287164688
2597,40.95652173913044,46,40,0.8695652173913043,-0.16562446543214904,0.048812989211011404,1.5316301869461313e-05,0.020023707300424576
2598,47.29931972789116,49,48,0.9629931972789115,-0.008383090339962389,0.061610860607213325,1.6505748135386966e-05,4.550806522369385
2599,-9.541666666666657,96,83,0.8645833333333334,-0.024203386476870037,0.0653829712089414,1.6487265384057537e-05,0.009582054801285267
2600,40.95652173913044,46,40,0.8695652173913043,-0.16359485015163955,0.0571294227720176,1.6488746041432023e-05,0.19462153315544128
2601,63.95652173913044,23,20,0.8695652173913043,-0.013795926083603582,0.015388413669703366,1.6490188500029035e-05,0.18877506256103516
2602,46.733333333333334,50,49,0.9673333333333334,0.10971708754914289,0.08811835816749583,1.7152811778942123e-05,3.3428874015808105
2603,-105.44117647058823,204,202,0.9855882352941177,0.05016119995216428,0.025799797674728456,1.719664578558877e-05,0.7688850164413452
2604,-4.915032679738559,102,100,0.9708496732026144,0.035636963756496165,0.062153140100593474,1.7453605323680677e-05,1.9856480360031128
2605,40.95652173913044,46,40,0.8695652173913043,-0.2506018699134813,0.03748072645015599,1.7086684238165617e-05,0.3221675455570221
2606,47.625850340136054,49,48,0.9662585034013605,-0.028966200618768312,0.16892882255259245,1.725562833598815e-05,1.6424503326416016
2607,46.06666666666666,50,49,0.9606666666666667,0.006532844919888703,0.181592786824897,1.721708758850582e-05,2.007347822189331
2608,63.95652173913044,23,20,0.8695652173913043,-0.018805287194481934,0.12524196682823074,1.7185668184538372e-05,0.08646197617053986
2609,-110.87240829346092,209,206,0.9812759170653907,0.057178046393322295,0.06270721646343856,1.7630129150347784e-05,2.6343448162078857
2610,49.36879432624113,47,46,0.9636879432624114,-0.10316015403019074,0.04144212858188645,1.84210657607764e-05,3.845268964767456
2611,49.02721088435375,49,49,0.9802721088435374,0.07316335415248432,0.3538245499760555,1.7899163140100427e-05,0.5609959959983826
2612,-9.541666666666657,96,83,0.8645833333333334,-0.031887511465441776,0.07745244590423858,1.789887755876407e-05,0.00964961014688015
2613,63.95652173913044,23,20,0.8695652173913043,0.03874257553256655,0.0806902746254039,1.7898695659823716e-05,0.06213690713047981
2614,-7.631578947368411,95,83,0.8736842105263158,-0.02630159732700399,0.014093777187648836,1.789773887139745e-05,0.014776375144720078
2615,63.95652173913044,23,20,0.8695652173913043,-0.00839874405937735,0.015277105275103509,1.676280407991726e-05,0.18812568485736847
2616,63.95652173913044,23,20,0.8695652173913043,-0.0075158904619456735,0.09364495765876768,1.6763007806730457e-05,0.0934145525097847
2617,63.95652173913044,23,20,0.8695652173913043,-0.009418281173566356,0.10992872414701083,1.6762853192631155e-05,0.026865046471357346
2618,63.95652173913044,23,20,0.8695652173913043,-0.06246202858892502,0.11085095115609533,1.6764130123192444e-05,0.22185513377189636
2619,-8.937694704049846,107,106,0.9806230529595016,0.011637761947966396,0.025164582433776603,1.7039743397617713e-05,2.252321481704712
2620,-109.9326923076923,208,204,0.9806730769230769,0.0739428749706231,0.02960700388397425,1.7321146515314467e-05,2.1529715061187744
2621,-105.44117647058823,204,202,0.9855882352941177,0.04669589741851876,0.028420274754353228,1.736945159791503e-05,0.9236570596694946
2622,46.7516339869281,51,51,0.977516339869281,0.014517947410357834,0.13532485392816343,1.741513733577449e-05,0.8391752243041992
2623,59.33333333333334,24,20,0.8333333333333334,-0.05732734677440021,0.29292090511429336,1.7415588445146568e-05,0.12220705300569534
2624,-9.043613707165107,107,105,0.979563862928349,0.0016017301229777417,0.016462204838838878,1.7593523807590827e-05,1.7362639904022217
2625,38.1063829787234,47,40,0.851063829787234,-0.21674394902402128,0.0209410731585864,1.7594937162357382e-05,0.16818907856941223
2626,63.95652173913044,23,20,0.8695652173913043,-0.047660046297593794,0.22191187773137244,1.7595590179553255e-05,0.1774408370256424
2627,-9.541666666666657,96,83,0.8645833333333334,-0.042352511777266955,0.02632815442317377,1.7594662494957447e-05,0.0037010114174336195
2628,38.1063829787234,47,40,0.851063829787234,-0.18025534897151374,0.037639682866078904,1.7594389646546915e-05,0.000941675971262157
2629,49.36879432624113,47,46,0.9636879432624114,-0.07981508233353907,0.10706722280799141,1.8553084373706952e-05,3.9790163040161133
2630,38.1063829787234,47,40,0.851063829787234,-0.15807871864126355,0.0941563925548985,1.8553686459199525e-05,0.13704417645931244
2631,40.95652173913044,46,40,0.8695652173913043,-0.09431020954934866,0.3163053249665584,1.6865738871274516e-05,0.029732700437307358
2632,-7.051282051282058,104,101,0.9694871794871794,-0.016038387577623325,0.05579935813599127,1.7001024389173836e-05,1.5417377948760986
2633,-5.702127659574472,94,83,0.8829787234042553,-0.054193935416076755,0.04450442666449993,1.7001066225930117e-05,0.03185093402862549
2634,40.95652173913044,46,40,0.8695652173913043,-0.06831740809684561,0.4392998788201398,1.6898253306862898e-05,0.12300030142068863
2635,-105.44117647058823,204,202,0.9855882352941177,0.018259367510627733,0.08045517658031169,1.6734136806917377e-05,0.6386407017707825
2636,-4.2549019607843235,102,100,0.9774509803921568,0.003588500101663673,0.2051901326791934,1.6902775314520113e-05,1.7036499977111816
2637,40.95652173913044,46,40,0.8695652173913043,-0.016211758356426742,0.394779410456497,1.6759784557507373e-05,0.01621525175869465
2638,40.95652173913044,46,40,0.8695652173913043,-0.06793950673454674,0.25079104832547294,1.6608079022262245e-05,0.34543824195861816
2639,63.95652173913044,23,20,0.8695652173913043,0.03532037552758993,0.3130483227359946,1.6608037185505964e-05,0.01844705641269684
2640,63.95652173913044,23,20,0.8695652173913043,-0.012683248609249631,0.04576238080540307,1.660914858803153e-05,0.16457195580005646
2641,46.626666666666665,50,49,0.9662666666666667,0.1488088846558071,0.26993657734562415,1.7004220353555866e-05,2.843763589859009
2642,-2.8151815181518174,101,100,0.9818481848184818,-0.011062238380183623,0.2268114803134283,1.701616565696895e-05,0.46237093210220337
2643,63.95652173913044,23,20,0.8695652173913043,-0.17352948044242567,1.3102337083902995,1.3699562259716913e-05,0.1474386751651764
2644,47.13333333333334,50,49,0.9713333333333334,0.07533101118105145,1.2076308606101414,1.4084801478020381e-05,2.4241793155670166
2645,40.95652173913044,46,40,0.8695652173913043,-0.270539503371765,0.3116017193887153,1.4013691725267563e-05,0.09568857401609421
2646,48.68707482993197,49,48,0.9768707482993197,0.02546426691825158,0.22175775065392944,1.6411888282164e-05,6.213326930999756
2647,47.13333333333334,50,49,0.9713333333333334,0.08355091382631175,0.06000004017991856,1.6743006199249066e-05,2.3401291370391846
2648,-5.71844660194175,103,101,0.9728155339805825,0.007785593010680714,0.01571105279213758,1.6646921721985564e-05,1.4604675769805908
2649,40.95652173913044,46,40,0.8695652173913043,-0.16368685719044151,0.19090597237164042,1.66290883498732e-05,0.10963360965251923
2650,40.95652173913044,46,40,0.8695652173913043,-0.15735034095015266,0.37128471196788887,1.6629117453703657e-05,0.015778176486492157
2651,-4.2549019607843235,102,100,0.9774509803921568,0.0032330484483338033,0.02504408065351227,1.6941377907642163e-05,2.2229361534118652
2652,40.95652173913044,46,40,0.8695652173913043,-0.12662527722568484,0.6803137583178116,1.6605694327154197e-05,0.01811954937875271
2653,40.95652173913044,46,40,0.8695652173913043,-0.15851758077103284,0.7904944746641741,1.644772601139266e-05,0.10664477944374084
2654,-104.1881188118812,202,198,0.9781188118811881,-0.023407096168447605,0.19175096063953856,1.5807430827408098e-05,1.0342894792556763
2655,43.704402515723274,53,52,0.9670440251572328,0.07888477040148373,0.9577650991556741,1.732256350805983e-05,5.394313335418701
2656,63.95652173913044,23,20,0.8695652173913043,-0.009290714760481933,1.9887777409776315,1.7322654457530007e-05,0.06119841709733009
2657,46.626666666666665,50,49,0.9662666666666667,-0.06011599828710956,0.10262907235880338,1.7903941625263542e-05,3.0376133918762207
2658,-8.937694704049846,107,106,0.9806230529595016,0.01054535513251409,0.015206315667646493,1.830421206250321e-05,2.4389407634735107
2659,63.95652173913044,23,20,0.8695652173913043,-0.15866968267075165,0.026680945785130916,1.830394467106089e-05,0.11813889443874359
2660,-7.631578947368411,95,83,0.8736842105263158,-0.04766344082180396,0.06744562237818995,1.7791348000173457e-05,0.01660102792084217
2661,38.1063829787234,47,40,0.851063829787234,-0.3617872022487063,0.6601406814061785,1.7640712030697614e-05,0.05236348509788513
2662,-9.043613707165107,107,105,0.979563862928349,0.0350677509721411,0.006637215036056998,1.7765029042493552e-05,1.806194543838501
2663,-3.4224422442244276,101,99,0.9757755775577558,0.040163524273653356,0.052288598736258685,1.818695272959303e-05,2.5513916015625
2664,-104.93760262725779,203,200,0.980623973727422,0.07206045840154013,0.028041943599526952,1.8242830265080556e-05,0.9049079418182373
2665,-4.91585760517799,103,102,0.98084142394822,0.03110317349785774,0.009234145170555836,1.8548638763604686e-05,2.1940484046936035
2666,-4.59223300970875,103,102,0.9840776699029126,0.01900202733885692,0.0033796645043715225,1.809923560358584e-05,1.1332496404647827
2667,-7.631578947368411,95,83,0.8736842105263158,-0.03108488223287509,0.07517470633099944,1.8042388546746224e-05,0.015111273154616356
2668,-104.76026272577997,203,200,0.9823973727422003,0.034240712891894176,0.024456173031178415,1.8079415895044804e-05,1.5465844869613647
2669,-7.631578947368411,95,83,0.8736842105263158,-0.038023748543196234,0.08373500026452536,1.807773151085712e-05,0.010656457394361496
2670,59.33333333333334,24,20,0.8333333333333334,-0.10627829686563928,0.14036386058668882,1.807854641810991e-05,0.17450161278247833
2671,63.95652173913044,23,20,0.8695652173913043,-0.07467937767069088,0.1394191181991804,1.807913758966606e-05,0.14747929573059082
2672,46.46153846153847,52,52,0.9846153846153847,0.12622247861372582,0.06716341514429836,1.9289856936666183e-05,4.428404331207275
2673,40.95652173913044,46,40,0.8695652173913043,-0.1446852271174066,0.024244263740659466,1.9134089598082937e-05,0.06547055393457413
2674,-5.702127659574472,94,83,0.8829787234042553,-0.03832078679031703,0.028891559967746283,1.9133000023430213e-05,0.022394640371203423
2675,-5.702127659574472,94,83,0.8829787234042553,-0.0353174860670089,0.028668209161100137,1.9133200112264603e-05,0.0010206321021541953
2676,-3.4224422442244276,101,99,0.9757755775577558,0.008524732442128535,0.002034010175064882,1.9259525288362056e-05,1.408469796180725
2677,40.95652173913044,46,40,0.8695652173913043,-0.17732059143394618,0.02316444721959876,1.9146169506711885e-05,0.12035558372735977
2678,-7.631578947368411,95,83,0.8736842105263158,-0.026184012066551077,0.058836840149355266,1.9142100427416153e-05,0.007168780546635389
2679,-7.1079365079365004,105,104,0.978920634920635,0.030129429653141138,0.021536852570436183,1.9363502360647544e-05,1.871867299079895
2680,-110.85964912280701,209,206,0.9814035087719298,0.0376823584666397,0.17100955325707087,1.9472319763735868e-05,1.317588210105896
2681,48.68707482993197,49,48,0.9768707482993197,0.008108452638168718,0.04027332060429245,2.0408131604199298e-05,5.4267377853393555
2682,49.36879432624113,47,46,0.9636879432624114,-0.039197140726258795,0.05911903610981106,2.1584493879345246e-05,4.492606163024902
2683,-5.961538461538453,104,103,0.9803846153846154,0.028228618151126372,0.007711636103798325,2.1238456611172296e-05,1.3939558267593384
2684,-7.631578947368411,95,83,0.8736842105263158,-0.0024085081900580008,0.010798286517237136,2.1080377337057143e-05,0.020657604560256004
2685,46.06666666666666,50,49,0.9606666666666667,0.008514715858837008,0.04565405229879893,2.1868208932573907e-05,3.6643917560577393
2686,48.68707482993197,49,48,0.9768707482993197,0.013443566916993045,0.04620297813257019,2.2050426196074113e-05,1.9618101119995117
2687,-3.764705882352942,102,101,0.9823529411764705,0.07058915697473367,0.0884388913693838,2.2160174921737053e-05,1.2167781591415405
2688,47.29931972789116,49,48,0.9629931972789115,-0.03691250476162522,0.12211618851351247,2.2732905563316308e-05,3.320528745651245
2689,-9.541666666666657,96,83,0.8645833333333334,0.004788151322372869,0.054800547605111716,2.2733145669917576e-05,0.008051972836256027
2690,63.95652173913044,23,20,0.8695652173913043,-0.043477550794705166,0.2911153831037124,2.273324571433477e-05,0.06952248513698578
2691,46.626666666666665,50,49,0.9662666666666667,-0.0024666859170991984,0.23487676557748216,2.3754917492624372e-05,4.62958288192749
2692,63.95652173913044,23,20,0.8695652173913043,-0.06578583488749956,0.18379276162829683,2.2372152670868672e-05,0.08626820892095566
2693,49.02721088435375,49,49,0.9802721088435374,-0.07081482293580166,0.15010926362387586,2.331723771931138e-05,4.073741912841797
2694,-4.59223300970875,103,102,0.9840776699029126,0.02801167967400886,0.03781412404532561,2.345458597119432e-05,1.578404188156128
2695,63.95652173913044,23,20,0.8695652173913043,-0.04090046583496587,0.12975553110162474,2.3200636860565282e-05,0.0696677640080452
2696,-9.541666666666657,96,83,0.8645833333333334,0.003619838219030669,0.07865376623348264,2.3192573280539364e-05,0.025716688483953476
2697,43.888888888888886,45,40,0.8888888888888888,-0.1922523151910127,0.0525060013956494,2.3191896616481245e-05,0.04123878479003906
2698,-7.631578947368411,95,83,0.8736842105263158,-0.00429916860002777,0.01995869153052604,2.2009551685187034e-05,0.0051190475933253765
2699,-105.44117647058823,204,202,0.9855882352941177,0.025998920216188992,0.054206135478021854,2.2356030967785046e-05,2.2449734210968018
2700,-104.93760262725779,203,200,0.980623973727422,0.054297323105030104,0.0909587333795779,2.3012064048089087e-05,3.1626737117767334
2701,-7.1079365079365004,105,104,0.978920634920635,0.01514885419017087,0.007007258067875306,2.3157643227023073e-05,1.4647325277328491
2702,-3.4224422442244276,101,99,0.9757755775577558,0.02647164774245636,0.06799134319129191,2.277844942000229e-05,2.1292099952697754
2703,63.95652173913044,23,20,0.8695652173913043,0.003359679423738271,0.2747907358174093,2.273966310895048e-05,0.08317918330430984
2704,-4.59223300970875,103,102,0.9840776699029126,0.0030234271166023063,0.016351494691345624,2.2665923097520135e-05,1.664554476737976
2705,40.95652173913044,46,40,0.8695652173913043,-0.13789885809273983,0.016818063502532787,2.2661393813905306e-05,0.038839999586343765
2706,-7.631578947368411,95,83,0.8736842105263158,-0.006537545326587235,0.028942260390309116,2.248866258014459e-05,0.022282324731349945
2707,47.266666666666666,50,49,0.9726666666666667,0.09066440051125985,0.1701253167939747,2.334512464585714e-05,4.34486722946167
2708,40.95652173913044,46,40,0.8695652173913043,-0.16974202166440833,0.035507807347297415,2.334520104341209e-05,0.05117768421769142
2709,40.95652173913044,46,40,0.8695652173913043,-0.13514356031510033,0.0398434954045781,2.2877875380800106e-05,0.006704782135784626
2710,47.266666666666666,50,49,0.9726666666666667,0.10102184740043185,0.16693591371155556,2.3192835215013474e-05,4.476652145385742
2711,-9.541666666666657,96,83,0.8645833333333334,-0.009140518801956432,0.12423180320040991,2.3163882360677235e-05,0.004652721807360649
2712,-7.1079365079365004,105,104,0.978920634920635,-0.003176564435922735,0.01216649497670265,2.3280592358787544e-05,1.2437472343444824
2713,63.95652173913044,23,20,0.8695652173913043,-0.00162370185717009,0.04354138067686808,2.3280681489268318e-05,0.053639043122529984
2714,-9.541666666666657,96,83,0.8645833333333334,-0.005026750227443699,0.07457593317697234,2.3280614186660387e-05,0.008627505041658878
2715,63.95652173913044,23,20,0.8695652173913043,-0.01745555062643689,0.013608662777687242,2.327987749595195e-05,0.04215819761157036
2716,40.95652173913044,46,40,0.8695652173913043,-0.1482450247522138,0.06404531913386363,2.3279986635316163e-05,0.016686439514160156
2717,43.888888888888886,45,40,0.8888888888888888,-0.1464793515067484,0.023576400164030897,2.3279955712496303e-05,0.05484825745224953
2718,-9.541666666666657,96,83,0.8645833333333334,0.014759376966424043,0.03627424807682257,2.3279055312741548e-05,0.017327159643173218
2719,-10.95061728395062,108,105,0.9704938271604938,0.006854100240389016,0.007213586291559313,2.3276863430510275e-05,2.2458622455596924
2720,-110.87240829346092,209,206,0.9812759170653907,0.10131597887915862,0.025823182123520107,2.409467560937628e-05,4.174806118011475
2721,40.95652173913044,46,40,0.8695652173913043,-0.08445596314413706,0.018754709658779234,2.402879181317985e-05,0.010141029953956604
2722,43.60377358490567,53,52,0.9660377358490566,0.17990475729213415,0.059584025661825635,2.4241890059784055e-05,1.8896050453186035
2723,-9.541666666666657,96,83,0.8645833333333334,0.016530626345570454,0.010454038081470014,2.4241955543402582e-05,0.011288967914879322
2724,40.95652173913044,46,40,0.8695652173913043,-0.07994394470315269,0.015676961093276615,2.4035251044551842e-05,0.08810485154390335
2725,-9.043613707165107,107,105,0.979563862928349,0.002589018352068706,0.03566109928128147,2.4246352040790953e-05,1.7551720142364502
2726,63.95652173913044,23,20,0.8695652173913043,-0.02520415812682586,0.08221323423788562,2.4246439352282323e-05,0.18356530368328094
2727,-9.541666666666657,96,83,0.8645833333333334,0.024057684953959324,0.011367690877916038,2.4246613975265063e-05,0.01815837249159813
2728,-105.54575163398692,204,201,0.9845424836601308,0.01619880683842112,0.12221547570720578,2.4474529709550552e-05,1.841862678527832
2729,40.95652173913044,46,40,0.8695652173913043,-0.10717388459670474,0.09716942231243308,2.3526094082626514e-05,0.07390419393777847
2730,40.95652173913044,46,40,0.8695652173913043,-0.10035140103536833,0.09948744840188617,2.352548654016573e-05,0.051823925226926804
2731,48.102040816326536,49,48,0.9710204081632653,0.053778371594944474,0.43136075852446965,2.3779526600264944e-05,2.0087287425994873
2732,-9.043613707165107,107,105,0.979563862928349,0.0012432618504407689,0.06658879831471554,2.4213692086050287e-05,3.067431688308716
2733,-5.71844660194175,103,101,0.9728155339805825,0.048417586472169205,0.14837282046408706,2.5598077627364546e-05,4.765711784362793
2734,-9.541666666666657,96,83,0.8645833333333334,0.021286450906359278,0.0044056459994794555,2.5597440981073305e-05,0.017214573919773102
2735,-99.21885521885523,198,196,0.9878114478114478,0.027118847780535305,0.2752759494352968,2.56171879300382e-05,0.8690410256385803
2736,-110.01282051282051,208,204,0.9798717948717949,0.05428571919734526,0.11409386888336502,2.5777248083613813e-05,2.360217809677124
2737,-105.44117647058823,204,202,0.9855882352941177,0.010568423472310684,0.07392945547361073,2.577731902420055e-05,0.12337146699428558
2738,-4.533980582524279,103,102,0.9846601941747573,0.0055586837676333545,0.13271923818508038,2.5918212486431003e-05,1.6179813146591187
2739,43.60377358490567,53,52,0.9660377358490566,0.1388334439192885,0.0515928962166754,2.5926703528966755e-05,0.3081296980381012
2740,59.33333333333334,24,20,0.8333333333333334,-0.008291268107313954,0.021355630207871457,2.5926694434019737e-05,0.16221842169761658
2741,63.95652173913044,23,20,0.8695652173913043,-0.004649228377189729,0.14448439538446678,2.539966590120457e-05,0.1406201869249344
2742,49.36879432624113,47,46,0.9636879432624114,-0.07242861898143182,0.5507977198436187,2.5798286515055224e-05,2.486218214035034
2743,-11.432989690721655,97,83,0.8556701030927835,0.007128949040634325,0.1044475452349447,2.579704778327141e-05,0.015418237075209618
2744,49.02721088435375,49,49,0.9802721088435374,-0.03618259897405096,0.255295307152638,2.5570248908479698e-05,1.722325086593628
2745,46.46153846153847,52,52,0.9846153846153847,0.07938211539260465,0.140146194465808,2.716714152484201e-05,5.005197525024414
2746,40.95652173913044,46,40,0.8695652173913043,-0.18557847385671344,0.05076886500829285,2.4715436666156165e-05,0.0116592887789011
2747,48.102040816326536,49,48,0.9710204081632653,-0.0081304650580023,0.285129163622047,2.525501258787699e-05,3.727597713470459
2748,59.33333333333334,24,20,0.8333333333333334,-0.09892066160682589,0.04530897191057193,2.51425699389074e-05,0.03756086155772209
2749,-7.631578947368411,95,83,0.8736842105263158,-0.00456417388695507,0.005478546767575085,2.514181142032612e-05,0.011720134876668453
2750,46.626666666666665,50,49,0.9662666666666667,-0.0369085221446781,0.03926045737632711,2.5908568204613402e-05,3.449584484100342
2751,-105.54575163398692,204,201,0.9845424836601308,0.08969255590389125,0.032190410259451935,2.566196781117469e-05,0.8861316442489624
2752,-9.043613707165107,107,105,0.979563862928349,0.0005491235531268615,0.052504465224459757,2.5850951715256087e-05,1.8108673095703125
2753,-5.317152103559877,103,101,0.9768284789644013,0.011600752965414074,0.05700279787153202,2.5898736566887237e-05,0.9601877927780151
2754,-5.702127659574472,94,83,0.8829787234042553,-0.036242259451203296,0.040408103921346285,2.5842029572231695e-05,0.015093092806637287
2755,-2.8151815181518174,101,100,0.9818481848184818,-0.003777379284883864,0.07503104805626404,2.4014134396566078e-05,0.8082011342048645
2756,-9.043613707165107,107,105,0.979563862928349,-0.010066115601225832,0.006247995205008378,2.4175611542887054e-05,1.7612459659576416
2757,43.888888888888886,45,40,0.8888888888888888,-0.11606125660163258,1.3232816464154544,2.365762702538632e-05,0.08223982900381088
2758,63.95652173913044,23,20,0.8695652173913043,-0.015070962042500469,3.6746893328287897,2.3322943889070302e-05,0.06918628513813019
2759,40.95652173913044,46,40,0.8695652173913043,-0.1558341150821434,0.4001900405045343,2.332200347154867e-05,0.03040502965450287
2760,47.13333333333334,50,49,0.9713333333333334,0.022632647341809406,0.08683900093529662,2.4509510694770142e-05,4.320240020751953
2761,-112.32698412698412,210,206,0.9767301587301588,0.003640116856666495,0.3176016334853116,2.4544468033127487e-05,0.8071406483650208
2762,-6.480769230769226,104,102,0.9751923076923077,0.0014985864720102882,0.018381836856282745,2.4442064386676066e-05,1.240156888961792
2763,-100.66834170854271,199,196,0.9833165829145729,0.02719578580022786,0.3748048103182037,2.4073142412817106e-05,0.5942607522010803
2764,-109.9326923076923,208,204,0.9806730769230769,0.05712649737504921,0.08139154279447652,2.417119685560465e-05,1.567566990852356
2765,63.95652173913044,23,20,0.8695652173913043,-0.22978436706605976,0.8793481354789172,2.388287612120621e-05,0.09728330373764038
2766,40.95652173913044,46,40,0.8695652173913043,-0.33537971743635353,0.47431903399646624,2.3805832825019024e-05,0.07415884733200073
2767,-105.54575163398692,204,201,0.9845424836601308,0.12543595743478897,0.017518149187439772,2.3843225790187716e-05,0.7893872857093811
2768,-4.59223300970875,103,102,0.9840776699029126,0.048218153746672376,0.10459081660846727,2.3766662707203068e-05,1.0680264234542847
2769,-3.4224422442244276,101,99,0.9757755775577558,0.04353992950744978,0.1259566550927995,2.3920023522805423e-05,1.5940431356430054
2770,63.95652173913044,23,20,0.8695652173913043,-0.07337175984503119,1.376691622942566,2.3919705199659802e-05,0.16019956767559052
2771,43.888888888888886,45,40,0.8888888888888888,-0.11232118058135043,0.5652944102119598,2.3919217710499652e-05,0.1124623715877533
2772,47.625850340136054,49,48,0.9662585034013605,0.04216250821787426,0.14712764926088276,2.2901662305230275e-05,1.8138375282287598
2773,-6.480769230769226,104,102,0.9751923076923077,0.0032164204905157784,0.02500856975381638,2.2964510208112188e-05,1.0695292949676514
2774,-9.541666666666657,96,83,0.8645833333333334,-0.02968170645920054,0.1357304027260689,2.2964484742260538e-05,0.010033453814685345
2775,-7.631578947368411,95,83,0.8736842105263158,-0.03198011565590164,0.05990890591011432,2.296448656124994e-05,0.008193396031856537
2776,63.95652173913044,23,20,0.8695652173913043,-0.0317605179888929,1.074588717297998,2.2851918402011506e-05,0.05223595350980759
2777,59.33333333333334,24,20,0.8333333333333334,-0.0776389529928565,0.05422282154086133,2.2851194444228895e-05,0.046270113438367844
2778,-105.54575163398692,204,201,0.9845424836601308,-0.030836083529612538,0.485550722902731,2.286011840624269e-05,0.34370917081832886
2779,40.95652173913044,46,40,0.8695652173913043,-0.20198779080226625,0.02749625624477159,2.265517832711339e-05,0.22682397067546844
2780,-6.480769230769226,104,102,0.9751923076923077,0.022815923840274976,0.010497789831752983,2.2665639335173182e-05,1.3829500675201416
2781,-9.541666666666657,96,83,0.8645833333333334,-0.002926148652921512,0.06830106411634944,2.0815830794163048e-05,0.0062940772622823715
2782,38.1063829787234,47,40,0.851063829787234,-0.19348303936294542,0.2408834239362343,1.9516815882525407e-05,0.1350221335887909
2783,-7.631578947368411,95,83,0.8736842105263158,0.013979218695036487,0.0034354511725009917,1.941735899890773e-05,0.016852259635925293
2784,38.1063829787234,47,40,0.851063829787234,-0.1885311943888155,0.1451347373531271,1.941933987836819e-05,0.16673927009105682
2785,-8.937694704049846,107,106,0.9806230529595016,0.06942846709825638,0.06818963732308814,1.8826109226210974e-05,2.3403303623199463
2786,40.95652173913044,46,40,0.8695652173913043,-0.06656286180623283,0.029211425271133518,1.8545508282841183e-05,0.0016539657954126596
2787,-9.541666666666657,96,83,0.8645833333333334,0.014375701274161656,0.0013777699685822847,1.8481765437172726e-05,0.014168611727654934
2788,-104.93760262725779,203,200,0.980623973727422,0.164016361492946,0.047732440144120064,1.7777916582417674e-05,1.1810317039489746
2789,-9.541666666666657,96,83,0.8645833333333334,0.0017273640575865556,0.0018930105973044245,1.7777838365873322e-05,0.005346936639398336
2790,59.33333333333334,24,20,0.8333333333333334,0.03867086226819083,0.5324554902528691,1.778042860678397e-05,0.1798260658979416
2791,40.95652173913044,46,40,0.8695652173913043,-0.004635520288502448,0.263832003238722,1.6321948351105675e-05,0.1559499353170395
2792,43.704402515723274,53,52,0.9670440251572328,0.10215049057129333,0.21793012104999754,1.763283580658026e-05,4.375240802764893
2793,43.888888888888886,45,40,0.8888888888888888,-0.040697184791856245,0.12872873497795578,1.6488880646647885e-05,0.12468236684799194
2794,-11.432989690721655,97,83,0.8556701030927835,-0.013220951589424601,0.14479337434665218,1.638560206629336e-05,0.003405329305678606
2795,63.95652173913044,23,20,0.8695652173913043,-0.0816594008250302,0.14201048364321167,1.638520734559279e-05,0.030024852603673935
2796,-9.541666666666657,96,83,0.8645833333333334,-0.015583922106088721,0.11290139584075687,1.6385267372243106e-05,0.00391349708661437
2797,47.13333333333334,50,49,0.9713333333333334,0.06403736379359433,1.596397041168392,2.1089090296300128e-05,8.53463077545166
2798,59.33333333333334,24,20,0.8333333333333334,-0.17228035426524002,1.5368433386363458,2.109336492139846e-05,0.24219174683094025
2799,47.625850340136054,49,48,0.9662585034013605,0.034467875130664745,0.7911376284468508,2.1597677914542146e-05,3.419269561767578
2800,40.95652173913044,46,40,0.8695652173913043,-0.09467938922352914,0.014446086480411291,2.101742575177923e-05,0.08628220111131668
2801,-104.1881188118812,202,198,0.9781188118811881,-0.06592679895128682,0.3397750272245961,2.101475911331363e-05,1.446323275566101
2802,40.95652173913044,46,40,0.8695652173913043,-0.03374766147135233,0.46301407931981714,2.0752495402120985e-05,0.03148973733186722
2803,43.888888888888886,45,40,0.8888888888888888,-0.028223366352072787,1.2575850845459584,2.0752509954036213e-05,0.06909655779600143
2804,-9.541666666666657,96,83,0.8645833333333334,-0.053398251188923496,0.0013654638570385015,2.059136750176549e-05,0.011532924138009548
2805,-7.631578947368411,95,83,0.8736842105263158,-0.058137823992721493,0.04196342536673162,2.0591400243574753e-05,0.0182715505361557
2806,63.95652173913044,23,20,0.8695652173913043,0.07177687056282878,5.991527181002311,2.05913220270304e-05,0.0025425474159419537
2807,48.68707482993197,49,48,0.9768707482993197,0.08994230861066654,1.0057605338272477,2.0802403014386073e-05,4.719690799713135
2808,63.95652173913044,23,20,0.8695652173913043,-0.06671616248242174,2.099742279870746,2.080401282000821e-05,0.18194878101348877
2809,40.95652173913044,46,40,0.8695652173913043,-0.14626629208467534,0.015338054770081832,2.080441299767699e-05,0.0527479313313961
2810,-109.40064102564102,208,206,0.9859935897435897,0.14941036357500723,0.21750929674690495,2.026346010097768e-05,3.525148391723633
2811,63.95652173913044,23,20,0.8695652173913043,-0.24148314787386482,0.8146903612558329,2.0263603801140562e-05,0.038496825844049454
2812,43.888888888888886,45,40,0.8888888888888888,-0.3470026438761167,0.5851684891762972,2.0186507754260674e-05,0.1728120595216751
2813,40.95652173913044,46,40,0.8695652173913043,-0.3489868988242506,0.752205886154845,2.019189196289517e-05,0.2960461676120758
2814,-9.541666666666657,96,83,0.8645833333333334,-0.03166746894902417,0.19687213828382197,2.019186649704352e-05,0.005639343056827784
2815,-2.8151815181518174,101,100,0.9818481848184818,0.008835835204422438,0.2338650401632844,2.022415355895646e-05,0.83458012342453
2816,63.95652173913044,23,20,0.8695652173913043,-0.06171649080897623,0.4175018859527597,2.0223957108100876e-05,0.009922545403242111
2817,-4.59223300970875,103,102,0.9840776699029126,-0.012638090394830215,0.05673776159144531,2.0259336451999843e-05,0.8801221251487732
2818,-105.44117647058823,204,202,0.9855882352941177,-0.027933687100819782,0.354060558381522,2.0301771655795164e-05,0.9571969509124756
2819,63.95652173913044,23,20,0.8695652173913043,-0.010536082147154957,1.8297315708633874,2.0024510376970284e-05,0.17342384159564972
2820,63.95652173913044,23,20,0.8695652173913043,-0.01831311631030985,1.6330166257010879,1.9002085537067614e-05,0.45816370844841003
2821,47.29931972789116,49,48,0.9629931972789115,0.02689609840592766,0.07781484008491191,2.0143490473856218e-05,4.261264324188232
2822,40.95652173913044,46,40,0.8695652173913043,-0.11115542409137902,0.016222641114291003,1.9926203094655648e-05,0.05921106040477753
2823,49.36879432624113,47,46,0.9636879432624114,-0.0466129304774654,0.6257065700604796,2.0714489437523298e-05,3.5912842750549316
2824,63.95652173913044,23,20,0.8695652173913043,-0.05630713201662729,0.009830984583803826,2.0713554476969875e-05,0.09468484669923782
2825,48.102040816326536,49,48,0.9710204081632653,0.036715488897982596,0.42530764980559305,2.1043382730567828e-05,2.9951858520507812
2826,40.95652173913044,46,40,0.8695652173913043,-0.13146176681175348,0.04811496758968075,2.1042433218099177e-05,0.07686819136142731
2827,-9.541666666666657,96,83,0.8645833333333334,-0.027116645693922692,0.10128993671772615,2.1042247681180015e-05,0.006288421340286732
2828,40.95652173913044,46,40,0.8695652173913043,-0.09712321742687635,0.015593465072195667,2.0813191440538503e-05,0.03466363623738289
2829,40.95652173913044,46,40,0.8695652173913043,-0.08495652352667094,0.04349830039267477,2.0813351511606015e-05,0.09835144877433777
2830,-104.1881188118812,202,198,0.9781188118811881,0.022783107141684397,0.23824311971567652,2.125860373780597e-05,2.604722023010254
2831,48.102040816326536,49,48,0.9710204081632653,0.09063901383109396,0.11620236783707472,2.102087819366716e-05,0.6297690272331238
2832,-9.541666666666657,96,83,0.8645833333333334,-0.030251745573970368,0.04124886084134041,2.0402909285621718e-05,0.0077348132617771626
2833,-4.533980582524279,103,102,0.9846601941747573,0.0043044168983943365,0.05317788735803758,1.9069047993980348e-05,1.400775671005249
2834,-104.76026272577997,203,200,0.9823973727422003,0.09607937787522358,0.02884328421173167,1.9659051758935675e-05,2.962383985519409
2835,40.95652173913044,46,40,0.8695652173913043,-0.0559151459383429,0.13831485252504017,1.9598961443989538e-05,0.027275806292891502
2836,43.888888888888886,45,40,0.8888888888888888,-0.046511870692711454,0.3171542847917179,1.921481998579111e-05,0.04298187047243118
2837,43.888888888888886,45,40,0.8888888888888888,-0.055633299227338284,0.2529691399795908,1.9211236576666124e-05,0.08361276984214783
2838,40.95652173913044,46,40,0.8695652173913043,-0.06187051802521637,0.03826412592619696,1.9017023078049533e-05,0.05428700149059296
2839,47.625850340136054,49,48,0.9662585034013605,0.033521100634565926,0.0951126615331006,2.0407538613653742e-05,4.944169044494629
2840,46.626666666666665,50,49,0.9662666666666667,0.07261958975533389,0.17960044157138277,2.0437606508494355e-05,0.9542330503463745
2841,-109.9326923076923,208,204,0.9806730769230769,0.07037636630391182,0.02890571040163556,2.1297923012753017e-05,3.5342729091644287
2842,-4.2549019607843235,102,100,0.9774509803921568,0.027502630822631602,0.06062607476829207,2.1565027054748498e-05,2.955143928527832
2843,-2.8151815181518174,101,100,0.9818481848184818,0.007151771046210342,0.06977900054335738,2.164930810977239e-05,1.0476505756378174
2844,-7.631578947368411,95,83,0.8736842105263158,-0.01363316492040667,0.012727665729640222,2.143865276593715e-05,0.006430929992347956
2845,63.95652173913044,23,20,0.8695652173913043,-0.10000837981351651,0.33110874242953514,1.9968470951425843e-05,0.023986907675862312
2846,-7.1079365079365004,105,104,0.978920634920635,-0.0032611736788497048,0.026899039300083517,2.0121382476645522e-05,1.4927343130111694
2847,-100.66834170854271,199,196,0.9833165829145729,-0.018929096011920204,0.3445118497111187,1.9308474293211475e-05,0.46493715047836304
2848,-104.76026272577997,203,200,0.9823973727422003,0.026502725987484155,0.16854140904207437,1.9948767658206634e-05,3.2031197547912598
2849,43.8930817610063,53,52,0.9689308176100629,0.13723266992892746,0.389312130254563,2.0310986656113528e-05,2.4413013458251953
2850,-5.961538461538453,104,103,0.9803846153846154,0.006505436188032121,0.003238355990262967,1.9667362721520476e-05,1.1804616451263428
2851,-106.9479674796748,205,202,0.980520325203252,0.10339721825941782,0.029725053582553725,1.9816601707134396e-05,1.8038097620010376
2852,-9.541666666666657,96,83,0.8645833333333334,0.0024559434211823827,0.038929747281420374,1.9618391888798214e-05,0.00486036017537117
2853,63.95652173913044,23,20,0.8695652173913043,-0.12564227906841552,0.012087786254824096,1.9562707166187465e-05,0.15585550665855408
2854,40.95652173913044,46,40,0.8695652173913043,-0.2046129664665397,0.037410160089616014,1.9564457033993676e-05,0.20784859359264374
2855,-106.9479674796748,205,202,0.980520325203252,0.13439518452775423,0.029703860866985468,1.974614497157745e-05,1.8999745845794678
2856,46.733333333333334,50,49,0.9673333333333334,0.004939048033861582,0.08763076050516783,2.010856223932933e-05,3.0226855278015137
2857,40.95652173913044,46,40,0.8695652173913043,-0.1178672140947441,0.029183156313251975,2.0108484022784978e-05,0.03574838861823082
2858,63.95652173913044,23,20,0.8695652173913043,-0.040230987822269526,0.6817538026861563,2.010857679124456e-05,0.012065306305885315
2859,59.33333333333334,24,20,0.8333333333333334,-0.041965055252148886,0.07795198791905289,2.01085458684247e-05,0.05643598735332489
2860,63.95652173913044,23,20,0.8695652173913043,-0.05538644728471098,0.5743420970072286,1.8967895812238567e-05,0.09265066683292389
2861,-105.54575163398692,204,201,0.9845424836601308,0.026922133332149656,0.2739737103773869,1.8989880118169822e-05,1.0076138973236084
2862,-109.9326923076923,208,204,0.9806730769230769,0.06941422026179678,0.2898363989113494,1.940753463713918e-05,2.8910915851593018
2863,63.95652173913044,23,20,0.8695652173913043,-0.0890229349289191,0.03522976080984819,1.938687637448311e-05,0.01567765697836876
2864,46.7516339869281,51,51,0.977516339869281,0.0019890571075080743,0.2896977945645503,1.9964798411820084e-05,3.4524660110473633
2865,-2.953795379537965,101,100,0.9804620462046204,0.03360998221562822,0.011087688508229963,2.0238181605236605e-05,2.0873639583587646
2866,-5.702127659574472,94,83,0.8829787234042553,-0.002881649112264517,0.0035227995943764995,2.023768684011884e-05,0.03014632686972618
2867,63.95652173913044,23,20,0.8695652173913043,-0.12840806534377958,0.032662552684485036,2.0197636331431568e-05,0.0727236345410347
2868,40.95652173913044,46,40,0.8695652173913043,-0.17650400215673656,0.0812340900465103,2.0123723516007885e-05,0.021500853821635246
2869,40.95652173913044,46,40,0.8695652173913043,-0.18180101643378288,0.02850016051856663,1.996152786887251e-05,0.21463274955749512
2870,-104.76026272577997,203,200,0.9823973727422003,0.03735177035059678,0.19550097466628502,2.029708593909163e-05,2.3008882999420166
2871,38.1063829787234,47,40,0.851063829787234,-0.10015327997774648,0.012860664867932137,2.029706593020819e-05,0.02232842706143856
2872,48.102040816326536,49,48,0.9710204081632653,0.08904608777091028,0.12327372819701621,2.11569440580206e-05,4.173254013061523
2873,-104.93760262725779,203,200,0.980623973727422,0.03993229117414329,0.15521004192112928,2.1168987586861476e-05,1.1531829833984375
2874,48.102040816326536,49,48,0.9710204081632653,0.11643416873808321,0.26283144670651226,2.1171181288082153e-05,0.23403823375701904
2875,38.1063829787234,47,40,0.851063829787234,-0.09589994547604874,0.07689692724630254,2.1171557818888687e-05,0.1404172033071518
2876,-9.541666666666657,96,83,0.8645833333333334,-0.02244864627576959,0.032004727657787335,2.117175972671248e-05,0.0047599077224731445
2877,-2.8151815181518174,101,100,0.9818481848184818,0.02109298347140579,0.10007876519477839,2.1184119759709574e-05,0.40080726146698
2878,-108.53945249597423,207,204,0.9846054750402576,0.08994660470071447,0.031024194172655978,2.1675672542187385e-05,2.8143270015716553
2879,46.7516339869281,51,51,0.977516339869281,0.06583861505430066,0.13928175149939187,2.1699726858059876e-05,0.6638532876968384
2880,-4.91585760517799,103,102,0.98084142394822,0.024223826066332776,0.010562885092845016,2.1677631593775004e-05,1.2487032413482666
2881,47.29931972789116,49,48,0.9629931972789115,-0.0445769362815267,0.09125029694728592,2.216582106484566e-05,2.851322889328003
2882,47.266666666666666,50,49,0.9726666666666667,0.04778871460079159,0.06143266943974646,2.2504416847368702e-05,2.406804084777832
2883,47.266666666666666,50,49,0.9726666666666667,0.011930401060396889,0.13458821793928477,2.3629163479199633e-05,4.368442058563232
2884,40.95652173913044,46,40,0.8695652173913043,-0.18222168804277317,0.03145322761231384,2.3628717826795764e-05,0.023567337542772293
2885,43.888888888888886,45,40,0.8888888888888888,-0.20419235946960557,0.03469955413266934,2.3254624466062523e-05,0.17549382150173187
2886,49.02721088435375,49,49,0.9802721088435374,-0.07766580733692763,0.0988834016996703,2.4067971025942825e-05,3.7953994274139404
2887,40.95652173913044,46,40,0.8695652173913043,-0.20815791596487543,0.01694622639516563,2.4068351194728166e-05,0.2160811722278595
2888,63.95652173913044,23,20,0.8695652173913043,-0.0293661833538863,0.5599728057179644,2.3954986318130977e-05,0.09518646448850632
2889,-5.317152103559877,103,101,0.9768284789644013,0.0002687279647606289,0.032678938840274896,2.409168882877566e-05,1.3174399137496948
2890,63.95652173913044,23,20,0.8695652173913043,-0.01011271029034333,0.705278282085736,2.4092019884847105e-05,0.028140908107161522
2891,47.266666666666666,50,49,0.9726666666666667,0.05423102937174917,0.03662769235755281,2.5289185941801406e-05,4.609393119812012
2892,49.36879432624113,47,46,0.9636879432624114,-0.09618336633229774,0.21576109825929166,2.552708610892296e-05,4.815348148345947
2893,40.95652173913044,46,40,0.8695652173913043,-0.14445603307171817,0.01427883426082323,2.552719524828717e-05,0.0439717099070549
2894,-109.40064102564102,208,206,0.9859935897435897,-0.02872823505324576,0.19634056899698504,2.741835851338692e-05,5.347184181213379
2895,-8.937694704049846,107,106,0.9806230529595016,0.008805477136196924,0.039135298090834575,2.7582491384237073e-05,1.473934292793274
2896,-109.40064102564102,208,206,0.9859935897435897,0.05260054054197383,0.05938503358091002,2.9404842280200683e-05,5.308256149291992
2897,-110.85964912280701,209,206,0.9814035087719298,0.052139952928484945,0.03340575908961003,2.5564952011336572e-05,3.0653889179229736
2898,63.95652173913044,23,20,0.8695652173913043,-0.026292189583614345,0.4558031261168578,2.5562620066921227e-05,0.12115151435136795
2899,40.95652173913044,46,40,0.8695652173913043,-0.0920485671977076,0.017034769183214227,2.4831299015204422e-05,0.1233925074338913
2900,-7.631578947368411,95,83,0.8736842105263158,0.03057368464880028,0.026924311096872194,2.4831022528815083e-05,0.007259254343807697
2901,43.888888888888886,45,40,0.8888888888888888,-0.06862807194579368,0.06324794432431347,2.4708722776267678e-05,0.037078239023685455
2902,40.95652173913044,46,40,0.8695652173913043,-0.06801827273511662,0.015953408292523896,2.4708884666324593e-05,0.02804500237107277
2903,40.95652173913044,46,40,0.8695652173913043,-0.097618853872659,0.017272508078658877,2.4709630451980047e-05,0.14022718369960785
2904,40.95652173913044,46,40,0.8695652173913043,-0.05224283916140848,0.02052522996864603,2.47096068051178e-05,0.005320453085005283
2905,-5.702127659574472,94,83,0.8829787234042553,0.04913191845264464,0.16709115768688226,2.4709577701287344e-05,0.012131196446716785
2906,-7.051282051282058,104,101,0.9694871794871794,0.09672619445358509,0.178450012462124,2.592895361885894e-05,4.502421855926514
2907,40.95652173913044,46,40,0.8695652173913043,-0.017779614333250038,0.0109645249996514,2.4499284336343408e-05,0.0972888171672821
2908,59.33333333333334,24,20,0.8333333333333334,0.027926851929805707,0.059798012833937264,2.4497319827787578e-05,0.048847299069166183
2909,-9.541666666666657,96,83,0.8645833333333334,0.021897481466503832,0.005291046819659639,2.449634121148847e-05,0.011541684158146381
2910,40.95652173913044,46,40,0.8695652173913043,0.017639797785705014,0.016106678140786812,2.3776983653078787e-05,0.07417895644903183
2911,48.102040816326536,49,48,0.9710204081632653,0.07376790165585234,0.05202777427038541,2.3904993213363923e-05,1.3680505752563477
2912,-7.051282051282058,104,101,0.9694871794871794,0.03509279885734884,0.010591651378168476,2.4408976969425566e-05,2.9565768241882324
2913,40.95652173913044,46,40,0.8695652173913043,-0.019559260441763815,0.018714695480266733,2.4404291252722032e-05,0.11952432990074158
2914,47.266666666666666,50,49,0.9726666666666667,0.06195039806038949,0.2275961931787549,2.507258795958478e-05,3.2057926654815674
2915,-4.91585760517799,103,102,0.98084142394822,0.014862074553097848,0.009773235777461295,2.521845635783393e-05,1.7930434942245483
2916,-104.93760262725779,203,200,0.980623973727422,0.028060371096877756,0.023347681760491127,2.527108881622553e-05,1.0119428634643555
2917,-109.40064102564102,208,206,0.9859935897435897,0.05732141252827942,0.0237425124750445,2.5751980501809157e-05,3.002779245376587
2918,-3.3594771241830017,102,101,0.9864052287581699,0.0017063923826867722,0.0037698764022583305,2.5765148166101426e-05,1.0784375667572021
2919,48.68707482993197,49,48,0.9768707482993197,0.010184333227217257,1.5985485343882366,2.767519254120998e-05,5.483634948730469
2920,-2.8151815181518174,101,100,0.9818481848184818,-0.00817900773938618,0.0032478120459925597,2.7674552256939933e-05,0.43799492716789246
2921,43.60377358490567,53,52,0.9660377358490566,0.08806499812275767,1.3184449030949728,2.6864578103413805e-05,2.300025224685669
2922,-9.541666666666657,96,83,0.8645833333333334,-0.043436697220272436,0.27653879522342667,2.6864456231123768e-05,0.02098485641181469
2923,59.33333333333334,24,20,0.8333333333333334,-0.14340931022252335,1.0494608557114233,2.602657514216844e-05,0.08493604511022568
2924,-110.85964912280701,209,206,0.9814035087719298,-0.02967338876031178,0.12886904735232046,2.60911401710473e-05,1.156956434249878
2925,46.626666666666665,50,49,0.9662666666666667,0.011703771123883655,0.0343582318282436,2.5660687242634594e-05,1.542872667312622
2926,-104.93760262725779,203,200,0.980623973727422,-0.01568809473472242,0.10031567312005928,2.5709683541208506e-05,1.055766224861145
2927,63.95652173913044,23,20,0.8695652173913043,-0.01422931039451214,1.8919380009286035,2.570976721472107e-05,0.057553887367248535
2928,46.626666666666665,50,49,0.9662666666666667,0.005517362114758839,0.3823949398112765,2.5773582819965668e-05,0.8807315230369568
2929,-7.631578947368411,95,83,0.8736842105263158,-0.028563192245542268,0.01076573548558968,2.5772851586225443e-05,0.016837051138281822
2930,-2.8151815181518174,101,100,0.9818481848184818,0.015489308248390898,0.076333717947363,2.5465551516390406e-05,1.1839823722839355
2931,47.13333333333334,50,49,0.9713333333333334,0.011213800136827202,0.09258297540278804,2.6187421099166386e-05,3.3505640029907227
2932,48.68707482993197,49,48,0.9768707482993197,-0.056662431403561114,0.042618903412779297,2.6844616513699293e-05,3.193242073059082
2933,46.733333333333334,50,49,0.9673333333333334,-0.020198020135978823,0.050738745553104536,2.6753057682071812e-05,0.5351030230522156
2934,40.95652173913044,46,40,0.8695652173913043,-0.22633237570448728,0.01978053097227761,2.6221545340376906e-05,0.04043816030025482
2935,-6.480769230769226,104,102,0.9751923076923077,0.03334667695804683,0.03850325631428575,2.661606777110137e-05,2.553751230239868
2936,43.888888888888886,45,40,0.8888888888888888,-0.21259755995450114,0.10021587841307245,2.6615933165885508e-05,0.04149920120835304
2937,49.36879432624113,47,46,0.9636879432624114,-0.1191144045668811,0.11958477802888368,2.6831166906049475e-05,1.8450188636779785
2938,49.02721088435375,49,49,0.9802721088435374,-0.0221732301006341,0.09913764162238259,2.6867579435929656e-05,0.7914991974830627
2939,40.95652173913044,46,40,0.8695652173913043,-0.1561628968504465,0.19084027747150617,2.533066253818106e-05,0.08902202546596527
2940,63.95652173913044,23,20,0.8695652173913043,-0.09029473799346732,1.8500929885884716,2.5266132070100866e-05,0.07102055847644806
2941,-109.40064102564102,208,206,0.9859935897435897,0.2838244646091379,0.3565241649940946,2.6906536731985398e-05,6.296562194824219
2942,49.36879432624113,47,46,0.9636879432624114,-0.051435541539427754,0.1388920013588475,2.6919708034256473e-05,2.827416181564331
2943,-9.541666666666657,96,83,0.8645833333333334,-0.042548838796604656,0.14607994051508982,2.6858380806515925e-05,0.023264767602086067
2944,40.95652173913044,46,40,0.8695652173913043,-0.10680484145609626,0.2208214179323096,2.685841354832519e-05,0.050010014325380325
2945,46.733333333333334,50,49,0.9673333333333334,0.03600239851857623,0.1840012324342144,2.8376251066219993e-05,4.944446563720703
2946,-9.541666666666657,96,83,0.8645833333333334,-0.04491246232572621,0.29742400125865115,2.82364653685363e-05,0.004244509618729353
2947,48.68707482993197,49,48,0.9768707482993197,0.012366542150815896,0.0899937628143408,2.8315938834566623e-05,1.270684003829956
2948,-7.631578947368411,95,83,0.8736842105263158,-0.042756393074796506,0.1656465829963911,2.7662195861921646e-05,0.006766128819435835
2949,-4.59223300970875,103,102,0.9840776699029126,-0.015228010411703963,0.09850126172338541,2.7405023502069525e-05,1.1853715181350708
2950,-7.631578947368411,95,83,0.8736842105263158,-0.037373258478055504,0.12607351521598845,2.7313360988046043e-05,0.005527287255972624
2951,63.95652173913044,23,20,0.8695652173913043,-0.15789356417561962,0.056475147468972864,2.7101114028482698e-05,0.14199094474315643
2952,63.95652173913044,23,20,0.8695652173913043,-0.14097814216074767,0.033802243468720405,2.7100964871351607e-05,0.02917163446545601
2953,-4.2549019607843235,102,100,0.9774509803921568,0.004827035791296071,0.006620173464460463,2.7362564651411958e-05,2.009620189666748
2954,-9.541666666666657,96,83,0.8645833333333334,-0.010869724812039294,0.16165856473629175,2.7360922103980556e-05,0.01669895462691784
2955,-4.91585760517799,103,102,0.98084142394822,1.650633153223602e-05,0.0026552240666424323,2.7283993404125795e-05,1.5479060411453247
2956,-6.480769230769226,104,102,0.9751923076923077,0.00518975755838369,0.0046769504106558835,2.692689849936869e-05,1.7646926641464233
2957,49.02721088435375,49,49,0.9802721088435374,0.01999957387776774,0.044551987460612064,2.6981966584571637e-05,0.9526811838150024
2958,40.95652173913044,46,40,0.8695652173913043,-0.17436312696721057,0.026204651201731155,2.6982170311384834e-05,0.09258120507001877
2959,40.95652173913044,46,40,0.8695652173913043,-0.16435509108059154,0.046853289552168054,2.6982204872183502e-05,0.06648939102888107
2960,-4.59223300970875,103,102,0.9840776699029126,0.008871427858814007,0.050044117559524315,2.7138155928696506e-05,1.5918599367141724
2961,-7.631578947368411,95,83,0.8736842105263158,0.018348353899455105,0.008526420212612497,2.70758246188052e-05,0.0024375205393880606
2962,63.95652173913044,23,20,0.8695652173913043,-0.06520434680314935,1.2446595700728373,2.6554083888186142e-05,0.03059912845492363
2963,-110.01282051282051,208,204,0.9798717948717949,-0.02045771548964767,2.052600838669566,2.670999128895346e-05,1.5661911964416504
2964,46.626666666666665,50,49,0.9662666666666667,0.04537412979011582,0.043856680244792084,2.6466426788829267e-05,2.8200926780700684
2965,63.95652173913044,23,20,0.8695652173913043,-0.07841027449075,0.6011961252137379,2.619306542328559e-05,0.13218650221824646
2966,46.46153846153847,52,52,0.9846153846153847,0.07774095163688344,0.07538745716231254,2.651384966156911e-05,2.3256759643554688
2967,43.888888888888886,45,40,0.8888888888888888,-0.1890750980942717,0.027075021160558717,2.6513829652685672e-05,0.06002899259328842
2968,63.95652173913044,23,20,0.8695652173913043,-0.10166045994355954,0.03129901366528287,2.651419708854519e-05,0.035931963473558426
2969,-4.91585760517799,103,102,0.98084142394822,0.07816000048303806,0.32502981586491225,2.830295306921471e-05,5.364617824554443
2970,48.68707482993197,49,48,0.9768707482993197,-0.06910311226815419,0.44684061827782934,2.871458127629012e-05,3.512279748916626
2971,40.95652173913044,46,40,0.8695652173913043,-0.1984363690407953,0.0635411444643516,2.8714313884847797e-05,0.02222423069179058
2972,-100.71524288107203,199,196,0.9828475711892797,0.08487558581910193,0.21884680637934598,2.775175016722642e-05,1.1977366209030151
2973,-7.631578947368411,95,83,0.8736842105263158,0.10123578157767199,0.0062742633458705566,2.76681239483878e-05,0.02656896412372589
2974,-104.1881188118812,202,198,0.9781188118811881,0.06946746888332543,0.10201669046564811,2.7887004762305878e-05,1.8909282684326172
2975,-9.541666666666657,96,83,0.8645833333333334,0.10277390835881306,0.011839285930148602,2.788655001495499e-05,0.04425213485956192
2976,63.95652173913044,23,20,0.8695652173913043,0.0324086115542741,1.2141691493578166,2.788648816931527e-05,0.017246048897504807
2977,40.95652173913044,46,40,0.8695652173913043,-0.1377938909330556,0.23268154275391062,2.7876656531589106e-05,0.009222898632287979
2978,-104.93760262725779,203,200,0.980623973727422,0.022339202824310508,0.02747996217653149,2.751841748249717e-05,1.4579912424087524
2979,47.13333333333334,50,49,0.9713333333333334,-0.02024873968499019,0.12578225664072917,2.8132031729910523e-05,3.246657371520996
2980,-7.631578947368411,95,83,0.8736842105263158,0.030381071570239726,0.006021750071162966,2.8029002351104282e-05,0.014456105418503284
2981,-6.480769230769226,104,102,0.9751923076923077,0.032930050575645464,0.011229480248738643,2.8113074222346768e-05,3.0378451347351074
2982,-4.2549019607843235,102,100,0.9774509803921568,0.045011630329422604,0.029391790205101465,2.8100190320401452e-05,2.425901174545288
2983,-104.1881188118812,202,198,0.9781188118811881,-0.029581925018105082,0.06684303889752438,2.7225811209063977e-05,2.473036289215088
2984,-5.317152103559877,103,101,0.9768284789644013,0.00043927663413212414,0.005470552931923639,2.727898936427664e-05,1.0683401823043823
2985,46.7516339869281,51,51,0.977516339869281,-0.035094010439480794,0.1212114935829427,2.7827294616145082e-05,2.869880437850952
2986,-9.541666666666657,96,83,0.8645833333333334,-0.06424702448475728,0.13462295507231092,2.6881194571615197e-05,0.0394299142062664
2987,-5.702127659574472,94,83,0.8829787234042553,-0.05710426317346884,0.005582642121449129,2.68778621830279e-05,0.027009354904294014
2988,-109.9326923076923,208,204,0.9806730769230769,0.0035532171900391346,0.027351344778184135,2.7516081900103018e-05,3.3852436542510986
2989,-5.317152103559877,103,101,0.9768284789644013,-0.003249494515614515,0.00785647439702644,2.7553754989639856e-05,1.560750126838684
2990,-9.541666666666657,96,83,0.8645833333333334,-0.053814755354491865,0.09127543873798952,2.7553811378311366e-05,0.0017493971390649676
2991,-105.44117647058823,204,202,0.9855882352941177,0.027526949425919156,0.02101167420881447,2.612837852211669e-05,0.46305736899375916
2992,46.7516339869281,51,51,0.977516339869281,-0.02365069093389849,0.17434375458711404,2.4552604372729547e-05,0.1232585534453392
2993,63.95652173913044,23,20,0.8695652173913043,-0.06168494828399851,0.046551773189526115,2.4553521143388934e-05,0.10234566777944565
2994,63.95652173913044,23,20,0.8695652173913043,-0.041228451575079816,0.022055573683342877,2.2958392946748063e-05,0.07802852243185043
2995,-109.40064102564102,208,206,0.9859935897435897,0.09268475766795,0.026648910505708397,2.298921754118055e-05,1.6582218408584595
2996,-3.4224422442244276,101,99,0.9757755775577558,0.05838637051594486,0.05268733016818816,2.1550011297222227e-05,1.8322268724441528
2997,63.95652173913044,23,20,0.8695652173913043,0.0037508278902360637,0.14007648450760435,2.1038640625192784e-05,0.07524120807647705
2998,43.8930817610063,53,52,0.9689308176100629,0.058776859186205926,0.04918491164323058,2.1042504158685915e-05,0.16849341988563538
2999,-9.541666666666657,96,83,0.8645833333333334,-0.030722554667736105,0.09032639988279934,2.1041216314188205e-05,0.0013914430746808648
3000,63.95652173913044,23,20,0.8695652173913043,-0.02316476194232564,0.011481973311617821,2.104143459291663e-05,0.036786023527383804
3001,-104.1881188118812,202,198,0.9781188118811881,0.038828503354103816,0.46233638597342375,2.1149502572370693e-05,1.5030686855316162
3002,-7.631578947368411,95,83,0.8736842105263158,-0.03679225874515246,0.026217099906274854,2.114952621923294e-05,0.00548275001347065
3003,63.95652173913044,23,20,0.8695652173913043,-0.07296936777683527,0.18775839037277933,2.1149180611246265e-05,0.12038885802030563
3004,43.888888888888886,45,40,0.8888888888888888,-0.13659652825288823,0.02542332669857217,2.1149282474652864e-05,0.017515754327178
3005,63.95652173913044,23,20,0.8695652173913043,-0.03508983233223262,0.03641295596277594,2.1149289750610478e-05,0.029500136151909828
3006,63.95652173913044,23,20,0.8695652173913043,-0.00901974669250194,0.009412699113369172,1.9985553080914542e-05,0.011516332626342773
3007,40.95652173913044,46,40,0.8695652173913043,-0.07531987501749882,0.012632124045771465,1.998474726860877e-05,0.01629132777452469
3008,46.733333333333334,50,49,0.9673333333333334,0.022646517558357004,0.03732209771103001,2.151871558453422e-05,4.885222911834717
3009,-9.541666666666657,96,83,0.8645833333333334,-0.015001018522298182,0.02628027317751203,2.1518722860491835e-05,0.012862925417721272
3010,63.95652173913044,23,20,0.8695652173913043,-0.020648317511586356,0.4394507844146034,2.1520314476219937e-05,0.1766015887260437
3011,-105.4673202614379,204,202,0.9853267973856209,0.12104209856654968,0.04535106181400596,2.1471552827279083e-05,1.2507810592651367
3012,59.33333333333334,24,20,0.8333333333333334,-0.029740417525317753,0.017162310103323364,2.096748175972607e-05,0.07174818962812424
3013,40.95652173913044,46,40,0.8695652173913043,-0.08392447263307368,0.019072318762404672,2.0966572265024297e-05,0.024302078410983086
3014,-9.541666666666657,96,83,0.8645833333333334,-0.020405063098444365,0.026283343840437443,2.0295985450502485e-05,0.019435571506619453
3015,-11.432989690721655,97,83,0.8556701030927835,-0.020879412212252646,0.08077991487666508,2.0120469343964942e-05,0.017937583848834038
3016,-106.9479674796748,205,202,0.980520325203252,0.06967623417470335,0.21001749248982196,2.0077415683772415e-05,0.47852352261543274
3017,-4.91585760517799,103,102,0.98084142394822,0.03190537299512863,0.04134193718555246,1.9692699424922466e-05,1.5956692695617676
3018,47.13333333333334,50,49,0.9713333333333334,0.0761337411684202,0.0779091874356439,2.0704315829789266e-05,4.133913516998291
3019,46.46153846153847,52,52,0.9846153846153847,0.06370571115621715,0.05083724430931391,2.2464108042186126e-05,7.654460906982422
3020,40.95652173913044,46,40,0.8695652173913043,-0.11571188195784998,0.05201342075906723,2.2452324628829956e-05,0.028055977076292038
3021,-5.71844660194175,103,101,0.9728155339805825,0.043483932658318736,0.03653149746389203,2.285305345139932e-05,3.4741082191467285
3022,48.68707482993197,49,48,0.9768707482993197,-0.010159398690200308,0.3739426048606269,2.4423576178378426e-05,5.021188735961914
3023,47.13333333333334,50,49,0.9713333333333334,0.028983441997233905,0.337867493149675,2.6985819204128347e-05,6.478496551513672
3024,-105.54575163398692,204,201,0.9845424836601308,-0.006127187933859801,0.16733326214125543,2.6898074793280102e-05,0.2040933519601822
3025,-7.631578947368411,95,83,0.8736842105263158,-0.019370604575140064,0.01907892556016294,2.676379335753154e-05,0.03882787376642227
3026,-105.54575163398692,204,201,0.9845424836601308,0.017763916553121817,0.05910144574935944,2.6731020625447854e-05,0.7835179567337036
3027,63.95652173913044,23,20,0.8695652173913043,-0.12951783986546328,0.3150399975956004,2.673189010238275e-05,0.1605835258960724
3028,-105.44117647058823,204,202,0.9855882352941177,0.043532342096597176,0.015226514799232932,2.676035546755884e-05,1.024166226387024
3029,49.36879432624113,47,46,0.9636879432624114,-0.15826377671868513,0.05055072499528901,2.7889425837201998e-05,4.343066215515137
3030,40.95652173913044,46,40,0.8695652173913043,-0.19008386691125168,0.27617164015983253,2.779058922897093e-05,0.05877143517136574
3031,63.95652173913044,23,20,0.8695652173913043,-0.09189271712702052,1.580772798892447,2.713213507377077e-05,0.16718164086341858
3032,38.1063829787234,47,40,0.851063829787234,-0.2032544574176427,0.1663826822580896,2.6522327971179038e-05,0.05016370117664337
3033,63.95652173913044,23,20,0.8695652173913043,-0.06370635946190362,1.2857890609027507,2.6506617359700613e-05,0.05131443962454796
3034,48.102040816326536,49,48,0.9710204081632653,-0.07321364735307156,0.1933315974060985,2.665743522811681e-05,1.5504393577575684
3035,40.95652173913044,46,40,0.8695652173913043,-0.16352656624212614,0.08083031856180697,2.6248757421853952e-05,0.00912753026932478
3036,48.102040816326536,49,48,0.9710204081632653,-0.055212209794300596,0.04044499266207868,2.6263993277098052e-05,0.5377988219261169
3037,-9.541666666666657,96,83,0.8645833333333334,-0.03115092378737927,0.019719763143027005,2.606163252494298e-05,0.031232468783855438
3038,-7.631578947368411,95,83,0.8736842105263158,-0.03700783011285402,0.07559382134058244,2.602083441161085e-05,0.04061650484800339
3039,43.8930817610063,53,52,0.9689308176100629,-0.04590899260900727,0.05572504181958582,2.6037489078589715e-05,0.49746090173721313
3040,40.95652173913044,46,40,0.8695652173913043,-0.15549349553475622,0.019687917027748192,2.603749089757912e-05,0.024589819833636284
3041,40.95652173913044,46,40,0.8695652173913043,-0.14707210491542355,0.02649310399573057,2.3551923732156865e-05,0.021698180586099625
3042,-99.21885521885523,198,196,0.9878114478114478,-0.030901657755740608,0.11001008893420114,2.318860060768202e-05,1.2471661567687988
3043,59.33333333333334,24,20,0.8333333333333334,-0.03023961374310602,0.188781178833204,2.3189137209556065e-05,0.12312962114810944
3044,46.46153846153847,52,52,0.9846153846153847,0.03608548145959389,0.29222808279985457,2.3250517187989317e-05,0.9559389352798462
3045,63.95652173913044,23,20,0.8695652173913043,0.0029494591176888463,0.07695587975019791,2.1751553504145704e-05,0.08741733431816101
3046,-104.1881188118812,202,198,0.9781188118811881,0.01266246098754209,0.058668814979272704,2.216388747910969e-05,2.612410306930542
3047,-11.432989690721655,97,83,0.8556701030927835,-0.03737931502837455,0.03048617570711032,2.2057412934373133e-05,0.0015853019431233406
3048,-7.631578947368411,95,83,0.8736842105263158,-0.03336544327015778,0.016065559639336313,2.205742748628836e-05,0.023431889712810516
3049,-106.9479674796748,205,202,0.980520325203252,0.06643479219198767,0.024457086839585137,2.231515281891916e-05,2.393045425415039
3050,43.888888888888886,45,40,0.8888888888888888,-0.14526745612273517,0.02759069617660066,2.231582038803026e-05,0.10328803956508636
3051,-106.9479674796748,205,202,0.980520325203252,0.07356929298651305,0.03516640951970387,2.2666785298497416e-05,2.4681732654571533
3052,-2.8151815181518174,101,100,0.9818481848184818,-0.026241797886257245,0.3004413992965795,2.2760776118957438e-05,1.3348873853683472
3053,-9.043613707165107,107,105,0.979563862928349,-0.036958423705755195,0.044058145715091146,2.2684376745019108e-05,1.6513081789016724
3054,-2.8151815181518174,101,100,0.9818481848184818,-0.028367613105309886,0.18983030218370178,2.270254844916053e-05,0.6574269533157349
3055,40.95652173913044,46,40,0.8695652173913043,-0.11487806447985349,0.1603405568780799,2.2573549358639866e-05,0.034813035279512405
3056,-4.91585760517799,103,102,0.98084142394822,-0.01801048247075876,0.04545112078814281,2.2483120119431987e-05,1.2470370531082153
3057,-104.1881188118812,202,198,0.9781188118811881,0.009138370914026226,0.5164849280081008,2.251415207865648e-05,1.3592764139175415
3058,-7.631578947368411,95,83,0.8736842105263158,-0.050471454108560465,0.005598827975933293,2.251343357784208e-05,0.005280611105263233
3059,47.266666666666666,50,49,0.9726666666666667,0.041999595743618556,0.08844165004139715,2.2995811377768405e-05,2.706799030303955
3060,40.95652173913044,46,40,0.8695652173913043,-0.09228535883084987,0.02588398422972822,2.2854348571854644e-05,0.06522499024868011
3061,-7.631578947368411,95,83,0.8736842105263158,-0.0284779985354362,0.001925824271604426,2.2854370399727486e-05,0.027697235345840454
3062,-9.541666666666657,96,83,0.8645833333333334,-0.019146958045325846,0.015125850683949796,2.2854286726214923e-05,0.0010874166619032621
3063,63.95652173913044,23,20,0.8695652173913043,-0.0008708993505024409,0.011677887620781924,2.2714211809216067e-05,0.036493703722953796
3064,63.95652173913044,23,20,0.8695652173913043,-0.012831754658918726,0.011255460650293259,2.2203081243787892e-05,0.09928309172391891
3065,-104.93760262725779,203,200,0.980623973727422,0.11845223683543105,0.05969388358218189,2.231370126537513e-05,1.4340121746063232
3066,63.95652173913044,23,20,0.8695652173913043,-0.03891748091109548,0.014914292331683399,2.195209526689723e-05,0.12316346168518066
3067,63.95652173913044,23,20,0.8695652173913043,-0.02921693070618403,0.013447446361459475,2.195212073274888e-05,0.06284527480602264
3068,48.102040816326536,49,48,0.9710204081632653,0.035016369175200346,0.12971015081897974,2.19522844417952e-05,0.21190613508224487
3069,48.102040816326536,49,48,0.9710204081632653,0.001352745032660252,0.1088186610099875,2.0322326236055233e-05,1.1164215803146362
3070,63.95652173913044,23,20,0.8695652173913043,-0.055833956234863535,0.02397309988287856,1.9534138118615374e-05,0.15712158381938934
3071,63.95652173913044,23,20,0.8695652173913043,-0.021638082473145914,0.028625947028922738,1.9535271349013783e-05,0.1316123902797699
3072,40.95652173913044,46,40,0.8695652173913043,-0.114967090853213,0.015893796069976762,1.9458540919004008e-05,0.020484579727053642
3073,46.7516339869281,51,51,0.977516339869281,-0.0307914172628605,0.04286353438749302,1.9471588529995643e-05,0.39595460891723633
3074,40.95652173913044,46,40,0.8695652173913043,-0.09970237897301021,0.01777995220650852,1.926568802446127e-05,0.0881144255399704
3075,46.733333333333334,50,49,0.9673333333333334,-0.021861329555349585,0.06746858909417597,1.931050246639643e-05,0.8103122115135193
3076,-4.91585760517799,103,102,0.98084142394822,0.033813290251719426,0.13526218898676362,1.958687607839238e-05,2.1722028255462646
3077,63.95652173913044,23,20,0.8695652173913043,-0.06485381765833154,0.036514843222875015,1.9587254428188317e-05,0.08168622106313705
3078,-9.541666666666657,96,83,0.8645833333333334,0.010354691187217213,0.02452596059616743,1.9466511730570346e-05,0.0016800849698483944
3079,-110.85964912280701,209,206,0.9814035087719298,0.05930154706225288,0.09091054098172732,1.887775943032466e-05,1.2793915271759033
3080,40.95652173913044,46,40,0.8695652173913043,-0.15629436640188032,0.01693732198884733,1.887796497612726e-05,0.05065784603357315
3081,-105.4673202614379,204,202,0.9853267973856209,0.046243436212968884,0.053655025328272876,1.8410875782137737e-05,1.1485426425933838
3082,43.8930817610063,53,52,0.9689308176100629,0.043152888584813726,0.05650823224032564,1.8070517398882657e-05,0.291280061006546
3083,-5.71844660194175,103,101,0.9728155339805825,0.03827709468373541,0.018457764753085,1.790904025256168e-05,1.8521398305892944
3084,63.95652173913044,23,20,0.8695652173913043,-0.05947315141693821,0.023444525152285678,1.7844422472990118e-05,0.00538279116153717
3085,-3.3594771241830017,102,101,0.9864052287581699,0.008305224680595469,0.05118846342412463,1.7463229596614838e-05,1.6093244552612305
3086,-4.91585760517799,103,102,0.98084142394822,0.00307428466863513,0.009808846794869054,1.7688646039459854e-05,2.0080204010009766
3087,47.29931972789116,49,48,0.9629931972789115,-0.035252298309755264,0.30164819858505976,1.817371230572462e-05,2.719315767288208
3088,-3.4224422442244276,101,99,0.9757755775577558,-0.0014527965664289932,0.013897375039662263,1.757399513735436e-05,1.2040627002716064
3089,63.95652173913044,23,20,0.8695652173913043,-0.07786266198414316,0.09217588866644633,1.7433727407478727e-05,0.13485278189182281
3090,-7.631578947368411,95,83,0.8736842105263158,-0.03617685336780596,0.020932588494457616,1.7433843822800554e-05,0.032012272626161575
3091,48.68707482993197,49,48,0.9768707482993197,-0.0023266598336828537,0.03879966616563202,1.7742986528901383e-05,2.2595903873443604
3092,63.95652173913044,23,20,0.8695652173913043,-0.03766428895784468,0.20789471700800277,1.774209704308305e-05,0.03422008082270622
3093,40.95652173913044,46,40,0.8695652173913043,-0.1359020297329592,0.026240694175017985,1.7741756892064586e-05,0.05506584048271179
3094,40.95652173913044,46,40,0.8695652173913043,-0.1574803556199259,0.02521425412387701,1.7742042473400943e-05,0.10962683707475662
3095,-102.70149253731343,201,198,0.9829850746268657,-0.06649916881517065,0.1580826301768798,1.7594831660971977e-05,0.5912374258041382
3096,-104.93760262725779,203,200,0.980623973727422,-0.03886237454441849,0.06699973479480342,1.739358231134247e-05,0.3309556841850281
3097,-7.631578947368411,95,83,0.8736842105263158,0.0026953829643048266,0.006895291304686937,1.7393553207512014e-05,0.01474700029939413
3098,-9.541666666666657,96,83,0.8645833333333334,0.02658967380637023,0.021468953692550675,1.7392165318597108e-05,0.025292588397860527
3099,40.95652173913044,46,40,0.8695652173913043,-0.0927187349916494,0.10203822628845471,1.739214530971367e-05,0.009033835493028164
3100,38.1063829787234,47,40,0.851063829787234,-0.09680712980389217,0.023019241530412016,1.7392316294717602e-05,0.027290089055895805
3101,-9.541666666666657,96,83,0.8645833333333334,0.04752961701003788,0.01220913853041317,1.7249325537704863e-05,0.022753924131393433
3102,46.733333333333334,50,49,0.9673333333333334,0.047062111269493556,0.12893279965568225,1.7281399777857587e-05,0.6967621445655823
3103,-6.480769230769226,104,102,0.9751923076923077,0.0923030568514973,0.583258521946226,1.8086269847117364e-05,3.6132972240448
3104,-5.702127659574472,94,83,0.8829787234042553,0.02314889503953399,0.278396090871429,1.808630804589484e-05,0.008970956318080425
3105,47.13333333333334,50,49,0.9713333333333334,0.006351026183363168,0.036862754326182134,2.2300295313470997e-05,8.296279907226562
3106,48.68707482993197,49,48,0.9768707482993197,0.03021352676644443,0.05238314206415495,2.284203037561383e-05,3.047288179397583
3107,40.95652173913044,46,40,0.8695652173913043,-0.1523443391749501,0.016058122541601216,2.2842026737635024e-05,0.12307171523571014
3108,43.888888888888886,45,40,0.8888888888888888,-0.14006503807058834,0.01744644439539181,2.14157480513677e-05,0.07388148456811905
3109,47.29931972789116,49,48,0.9629931972789115,-0.002660824987555449,0.39346016011489127,2.2258771423366852e-05,3.7666380405426025
3110,-9.043613707165107,107,105,0.979563862928349,0.009351077283835081,0.015223116400511535,2.2559348508366384e-05,2.1375041007995605
3111,-7.631578947368411,95,83,0.8736842105263158,-0.05483687559228656,0.016563983870781798,2.2452119083027355e-05,0.02585592493414879
3112,-9.541666666666657,96,83,0.8645833333333334,-0.05496881265992215,0.08391018162594992,2.2452204575529322e-05,0.0025258418172597885
3113,-2.8151815181518174,101,100,0.9818481848184818,0.0023631684592828606,0.03793772301228058,2.247387237730436e-05,0.5255980491638184
3114,-4.2549019607843235,102,100,0.9774509803921568,0.021497389307207827,0.019199869632994748,2.285856862727087e-05,2.440232515335083
3115,-7.631578947368411,95,83,0.8736842105263158,-0.05501096831989116,0.008150721517204989,2.2858483134768903e-05,0.002483049174770713
3116,63.95652173913044,23,20,0.8695652173913043,-0.016353713233779432,0.7119139119856415,2.2841262762085535e-05,0.06040263921022415
3117,40.95652173913044,46,40,0.8695652173913043,-0.09313472303620074,0.04999695344782218,2.2672791601507924e-05,0.02285108156502247
3118,-9.541666666666657,96,83,0.8645833333333334,-0.045352154002898715,0.03113555418178178,2.1643996660714038e-05,0.0022880288306623697
3119,-108.53945249597423,207,204,0.9846054750402576,0.20411078376505987,0.5406263550330291,1.8612945495988242e-05,3.158633232116699
3120,38.1063829787234,47,40,0.851063829787234,-0.14691350200519082,0.06233017302184152,1.861349846876692e-05,0.09422032535076141
3121,-9.541666666666657,96,83,0.8645833333333334,-0.038242878723324214,0.08990265118955867,1.789713860489428e-05,0.00029279172304086387
3122,40.95652173913044,46,40,0.8695652173913043,-0.10099962928552486,0.012343448358784814,1.629958933335729e-05,0.0416833870112896
3123,43.888888888888886,45,40,0.8888888888888888,-0.09737518496000663,0.12780143273775063,1.3610634596261661e-05,0.031018398702144623
3124,59.33333333333334,24,20,0.8333333333333334,-0.028895274786634673,0.009675678414127123,1.3612344446300995e-05,0.057954318821430206
3125,59.33333333333334,24,20,0.8333333333333334,-0.010898082818584953,0.00791542949204277,1.3612626389658544e-05,0.043583180755376816
3126,-9.541666666666657,96,83,0.8645833333333334,-0.04020459341022864,0.14433196482633154,1.3589685295301024e-05,0.00420140428468585
3127,47.625850340136054,49,48,0.9662585034013605,-0.007525733469574303,0.047157649495199294,1.418086321791634e-05,2.9711551666259766
3128,-7.631578947368411,95,83,0.8736842105263158,-0.03855745510759334,0.048790753624050956,1.4131037460174412e-05,0.00637515913695097
3129,46.46153846153847,52,52,0.9846153846153847,0.06618223196360873,0.1242923879000131,1.3331258742255159e-05,2.515033006668091
3130,40.95652173913044,46,40,0.8695652173913043,-0.0855948596588405,0.013412042494992317,1.3331725313037168e-05,0.08461537957191467
3131,59.33333333333334,24,20,0.8333333333333334,-0.07338239883290498,0.11851306179668127,1.3330372894415632e-05,0.0905088484287262
3132,-105.54575163398692,204,201,0.9845424836601308,-0.04982141331160317,1.193524220078501,1.3331471564015374e-05,0.07726185768842697
3133,40.95652173913044,46,40,0.8695652173913043,-0.11431203737629403,0.03495738831781203,1.3331280570128001e-05,0.05410581827163696
3134,-7.631578947368411,95,83,0.8736842105263158,0.023351083005666573,0.03159778287771157,1.3206939001975115e-05,0.013559272512793541
3135,-4.2549019607843235,102,100,0.9774509803921568,0.01618592873396233,0.1664858859366353,1.3670799489773344e-05,2.875981092453003
3136,-104.76026272577997,203,200,0.9823973727422003,0.05546360895853297,0.3828566735939671,1.3848031812813133e-05,1.9866125583648682
3137,40.95652173913044,46,40,0.8695652173913043,-0.10179635534276477,0.014070502123148088,1.3848046364728361e-05,0.03584679961204529
3138,43.888888888888886,45,40,0.8888888888888888,-0.1152190863169753,0.11301571931475429,1.3848750313627534e-05,0.07764964550733566
3139,-7.631578947368411,95,83,0.8736842105263158,0.05625296609332503,0.01732296016526938,1.3843749911757186e-05,0.016471490263938904
3140,48.102040816326536,49,48,0.9710204081632653,0.042577822191923076,0.04593859866953715,1.4119944353296887e-05,1.9701446294784546
3141,-6.480769230769226,104,102,0.9751923076923077,0.042486998459480674,0.23019787597069172,1.4509349057334475e-05,2.6750097274780273
3142,40.95652173913044,46,40,0.8695652173913043,-0.11618351104004887,0.06300539812716416,1.4442302017414477e-05,0.21648983657360077
3143,-2.8151815181518174,101,100,0.9818481848184818,0.02720773223990136,0.39870620619138747,1.4558835573552642e-05,1.5574895143508911
3144,-9.541666666666657,96,83,0.8645833333333334,0.047581633303508175,0.08428457655902148,1.4522026503982488e-05,0.05718874931335449
3145,40.95652173913044,46,40,0.8695652173913043,-0.07598969013270107,0.0862306561433428,1.4522055607812945e-05,0.0898243859410286
3146,-105.54575163398692,204,201,0.9845424836601308,0.065879268130538,0.04248410645486356,1.4176075637806207e-05,0.8074261546134949
3147,-108.53945249597423,207,204,0.9846054750402576,0.08440913218982615,0.03604982871467885,1.4425796507566702e-05,2.1737265586853027
3148,-11.432989690721655,97,83,0.8556701030927835,-0.023249223002608232,0.24887854764617037,1.4425858353206422e-05,0.004767551552504301
3149,40.95652173913044,46,40,0.8695652173913043,-0.056645655906322645,0.10605463270246318,1.4119214029051363e-05,0.060575127601623535
3150,48.102040816326536,49,48,0.9710204081632653,0.03411465913208367,0.06611721626761202,1.479870388720883e-05,3.198742389678955
3151,40.95652173913044,46,40,0.8695652173913043,-0.06039124672794971,0.09156263623142705,1.4453539733949583e-05,0.011898797936737537
3152,47.29931972789116,49,48,0.9629931972789115,0.023547566704883147,0.04807600355979336,1.5813298887223937e-05,4.812483787536621
3153,-110.85964912280701,209,206,0.9814035087719298,-0.05705206545320607,0.5774279648691271,1.5711268133600242e-05,1.0185047388076782
3154,46.7516339869281,51,51,0.977516339869281,0.023119240183915757,0.05056081876186269,1.5692561646574177e-05,0.3237133324146271
3155,-4.2549019607843235,102,100,0.9774509803921568,-0.008920818464583959,0.037073872468521736,1.5749523299746215e-05,0.9764527082443237
3156,40.95652173913044,46,40,0.8695652173913043,-0.12023524724827439,0.05279222208423606,1.5655747120035812e-05,0.06029580906033516
3157,-109.40064102564102,208,206,0.9859935897435897,0.026943249611406428,0.22225762939055552,1.5887138943071477e-05,2.371983766555786
3158,-5.702127659574472,94,83,0.8829787234042553,-0.04402882799510399,0.06179757736792438,1.588714076206088e-05,0.002665911102667451
3159,43.888888888888886,45,40,0.8888888888888888,-0.13306691606266752,0.014616957879102443,1.5425759556819685e-05,0.008915199898183346
3160,-7.631578947368411,95,83,0.8736842105263158,-0.027962653514691738,0.08367107028328134,1.5425550373038277e-05,0.0029640730936080217
3161,48.102040816326536,49,48,0.9710204081632653,-0.0024243672201474426,0.35110687301521953,1.6584357581450604e-05,4.315722942352295
3162,43.8930817610063,53,52,0.9689308176100629,0.07403893438015685,0.2027036156093116,1.719574174785521e-05,3.1645700931549072
3163,40.95652173913044,46,40,0.8695652173913043,-0.13611231387876235,0.01232829667973423,1.7197125998791307e-05,0.17925399541854858
3164,-7.631578947368411,95,83,0.8736842105263158,0.001894144065294645,0.0070536905856379,1.7196853150380775e-05,0.009089449420571327
3165,40.95652173913044,46,40,0.8695652173913043,-0.0819622545996026,0.03332959114516276,1.7063537598005496e-05,0.04193345829844475
3166,46.7516339869281,51,51,0.977516339869281,-0.012387748317911562,0.06711364522605479,1.8879280105466023e-05,5.502599239349365
3167,-99.21885521885523,198,196,0.9878114478114478,0.24522211458780244,0.04598202011782948,1.8989758245879784e-05,1.2466545104980469
3168,-104.1881188118812,202,198,0.9781188118811881,0.1695294001328033,0.032745082247721685,1.947338205354754e-05,2.739138603210449
3169,-106.9479674796748,205,202,0.980520325203252,0.07257067200571399,0.08284630821642117,1.9520424757502042e-05,1.327020525932312
3170,43.704402515723274,53,52,0.9670440251572328,0.05881828657408816,0.045634291289216034,2.065103944914881e-05,4.345091819763184
3171,-9.541666666666657,96,83,0.8645833333333334,-0.02878779375411922,0.14360070219294452,2.065064290945884e-05,0.02116471901535988
3172,-3.7526881720430083,93,83,0.8924731182795699,-0.03569156167437675,0.0013722062531539327,2.0650877559091896e-05,0.0302975345402956
3173,-4.2549019607843235,102,100,0.9774509803921568,-0.034458087554402494,0.06398313985382031,2.066376146103721e-05,0.4819828271865845
3174,47.266666666666666,50,49,0.9726666666666667,0.07610444941603206,0.08277331366112861,2.2275666196946986e-05,5.214288234710693
3175,-7.051282051282058,104,101,0.9694871794871794,-0.04943030788520275,0.16670309511422732,2.225928255938925e-05,0.3435659110546112
3176,-7.631578947368411,95,83,0.8736842105263158,-0.017726574553458718,0.09392534283383719,2.193564250774216e-05,0.00011633071699179709
3177,63.95652173913044,23,20,0.8695652173913043,-0.07985684451614361,0.05847171905287496,2.1935657059657387e-05,0.08337194472551346
3178,-7.631578947368411,95,83,0.8736842105263158,0.012466198597568923,0.08010708746310213,2.193591535615269e-05,0.032591719180345535
3179,-7.631578947368411,95,83,0.8736842105263158,0.011343902362193958,0.0716374994441275,2.1812908016727306e-05,0.00489045912399888
3180,-9.043613707165107,107,105,0.979563862928349,-0.03524683746724144,0.02932347357164361,2.2131582227302715e-05,2.142155408859253
3181,40.95652173913044,46,40,0.8695652173913043,-0.20653494297312136,0.15050636450745003,2.203189615102019e-05,0.11671574413776398
3182,59.33333333333334,24,20,0.8333333333333334,-0.10460553012308083,0.15014318630063883,2.2021713448339142e-05,0.036462586373090744
3183,46.626666666666665,50,49,0.9662666666666667,-0.0003772401814556255,0.3453765982901249,2.3295157006941736e-05,5.152167320251465
3184,-5.317152103559877,103,101,0.9768284789644013,0.004892038303552226,0.11512324562681474,2.375871736148838e-05,2.55302357673645
3185,-109.40064102564102,208,206,0.9859935897435897,-0.07995483027748305,2.368273456507224,2.3679000150877982e-05,1.2031364440917969
3186,49.02721088435375,49,49,0.9802721088435374,0.03590564815851138,0.44755690243604246,2.3394470190396532e-05,0.2967575788497925
3187,-5.71844660194175,103,101,0.9728155339805825,0.07065418597335338,0.39320767270423795,2.3111497284844518e-05,1.1645203828811646
3188,-9.043613707165107,107,105,0.979563862928349,0.03921194103910697,0.2775280579666837,2.3305392460315488e-05,2.0770280361175537
3189,-5.317152103559877,103,101,0.9768284789644013,0.038717914456106284,0.4569255590426097,2.402665813860949e-05,3.284045457839966
3190,-9.541666666666657,96,83,0.8645833333333334,0.08283828541948424,0.0040477627519016615,2.402641075605061e-05,0.005211192183196545
3191,-110.85964912280701,209,206,0.9814035087719298,-0.03296303957731084,0.589253173833612,2.3818995032343082e-05,1.0141335725784302
3192,-9.541666666666657,96,83,0.8645833333333334,0.07607747463394698,0.00330615267264842,2.3818794943508692e-05,0.0014371532015502453
3193,-3.3594771241830017,102,101,0.9864052287581699,0.04155302420871543,0.3618652819714955,2.4132294129231013e-05,2.1759700775146484
3194,59.33333333333334,24,20,0.8333333333333334,0.03434485820616828,3.760933082221362,2.41320813074708e-05,0.08519687503576279
3195,-5.317152103559877,103,101,0.9768284789644013,0.0294988342725891,0.1131953543147664,2.431021857773885e-05,1.758142352104187
3196,-104.76026272577997,203,200,0.9823973727422003,-0.06109829311434677,0.021084871092630186,2.4416449377895333e-05,1.3146547079086304
3197,-99.21885521885523,198,196,0.9878114478114478,-0.04672669609672609,0.02164614522492287,2.441979813738726e-05,0.1922336220741272
3198,47.29931972789116,49,48,0.9629931972789115,-0.08926716791564093,0.040902772079957295,2.4928680431912653e-05,2.9364116191864014
3199,48.68707482993197,49,48,0.9768707482993197,-0.07761435735674382,0.03442685068640434,2.582196975708939e-05,3.904702663421631
3200,63.95652173913044,23,20,0.8695652173913043,-0.08019862805374878,0.4082986470893779,2.5821751478360966e-05,0.007564106956124306
3201,40.95652173913044,46,40,0.8695652173913043,-0.194789529866095,0.017360236325904697,2.5821993403951637e-05,0.10571223497390747
3202,63.95652173913044,23,20,0.8695652173913043,-0.11987646504894656,0.11702165412159715,2.578236671979539e-05,0.14450234174728394
3203,40.95652173913044,46,40,0.8695652173913043,-0.17802735829316926,0.028279120140889846,2.491483792255167e-05,0.07327014952898026
3204,-4.59223300970875,103,102,0.9840776699029126,0.052591722722972634,0.44242793377095535,2.499258698662743e-05,0.9798711538314819
3205,40.95652173913044,46,40,0.8695652173913043,-0.13621901729621502,0.012654627742825941,2.086288805003278e-05,0.011687041260302067
3206,43.8930817610063,53,52,0.9689308176100629,0.02194446070761291,0.06008270872498045,2.0318484530434944e-05,0.40839704871177673
3207,48.68707482993197,49,48,0.9768707482993197,-0.03846095965513996,0.030539319147282695,2.054570722975768e-05,1.9738259315490723
3208,40.95652173913044,46,40,0.8695652173913043,-0.08875383893609978,0.018390434680592094,2.054585456789937e-05,0.09400564432144165
3209,-9.541666666666657,96,83,0.8645833333333334,-0.07892859757839688,0.040570791469004774,1.9690662156790495e-05,0.013851238414645195
3210,-9.541666666666657,96,83,0.8645833333333334,-0.06727834481138473,0.05791020743920475,1.940076435857918e-05,0.05046840384602547
3211,-7.631578947368411,95,83,0.8736842105263158,-0.08163767617234896,0.004033357639902554,1.9400633391342126e-05,0.02437262050807476
3212,63.95652173913044,23,20,0.8695652173913043,0.034937534895476574,0.8590132458347753,1.9400709788897075e-05,0.06098216027021408
3213,40.95652173913044,46,40,0.8695652173913043,-0.039791753032204724,0.024590335766350613,1.9380770027055405e-05,0.06558211892843246
3214,63.95652173913044,23,20,0.8695652173913043,-0.005638092812660034,0.15537251770559024,1.8995899154106155e-05,0.12183962762355804
3215,-5.702127659574472,94,83,0.8829787234042553,-0.058838293173180574,0.07245594951662421,1.8995959180756472e-05,0.014730596914887428
3216,-99.21885521885523,198,196,0.9878114478114478,0.13272386788685428,0.631828699557734,1.9074039300903678e-05,1.0591319799423218
3217,-109.40064102564102,208,206,0.9859935897435897,0.10264371566156733,0.5071922979576291,2.0346391465864144e-05,4.503963947296143
3218,-105.54575163398692,204,201,0.9845424836601308,0.015650188603365756,0.0446309427641008,2.0434124962775968e-05,1.1809632778167725
3219,-9.541666666666657,96,83,0.8645833333333334,-0.037624487554808184,0.48708482679864445,1.9810720914392732e-05,0.010155890136957169
3220,-9.541666666666657,96,83,0.8645833333333334,-0.03439738867100229,0.7197297512724546,1.981038622034248e-05,0.006753426976501942
3221,40.95652173913044,46,40,0.8695652173913043,-0.15255608882944216,1.0460844648528251,1.9810353478533216e-05,0.030901679769158363
3222,47.266666666666666,50,49,0.9726666666666667,0.10958808258245176,1.6908523912832294,2.0426603441592306e-05,3.2173125743865967
3223,59.33333333333334,24,20,0.8333333333333334,-0.05107429958115972,1.470000742895536,2.0426658011274412e-05,0.0592956580221653
3224,40.95652173913044,46,40,0.8695652173913043,-0.03295284878595339,0.028305218571840794,2.0426818082341924e-05,0.08774107694625854
3225,40.95652173913044,46,40,0.8695652173913043,0.030811936020654684,0.08807185594844036,2.0427052731974982e-05,0.09180992841720581
3226,-8.937694704049846,107,106,0.9806230529595016,-0.0052900478454884926,0.62366750456483,2.0426788978511468e-05,0.03916832432150841
3227,40.95652173913044,46,40,0.8695652173913043,0.07351415255561733,0.6542145748294967,1.990434066101443e-05,0.13499261438846588
3228,46.7516339869281,51,51,0.977516339869281,0.15522007052146947,1.5689527623257091,2.282613786519505e-05,6.962773323059082
3229,46.46153846153847,52,52,0.9846153846153847,0.14874355214014656,1.0417870395938955,2.2485304725705646e-05,0.6422791481018066
3230,63.95652173913044,23,20,0.8695652173913043,0.017037507257686713,0.6688460669670839,2.2485453882836737e-05,0.038658078759908676
3231,43.8930817610063,53,52,0.9689308176100629,0.20304709470589488,0.5510053680091467,2.2516644094139338e-05,0.8153142333030701
3232,-9.541666666666657,96,83,0.8645833333333334,0.018117015031350547,1.8236840361429965,2.2516729586641304e-05,0.06329238414764404
3233,-108.53945249597423,207,204,0.9846054750402576,0.07700780101616599,8.26470436714808,2.2747786715626717e-05,1.8499715328216553
3234,63.95652173913044,23,20,0.8695652173913043,-0.37457807449356295,5.628545437220964,2.275282167829573e-05,0.31887927651405334
3235,47.625850340136054,49,48,0.9662585034013605,-0.2218582876851798,5.3388627175313275,2.2659609385300428e-05,2.608452796936035
3236,46.7516339869281,51,51,0.977516339869281,0.0386386708583748,0.7181010740938689,2.3194437744677998e-05,3.7307305335998535
3237,48.102040816326536,49,48,0.9710204081632653,0.04422160231121808,0.12190644974816944,2.3355258235824294e-05,1.7749311923980713
3238,-9.541666666666657,96,83,0.8645833333333334,0.028831827448300373,0.2317876825439443,2.3355576558969915e-05,0.0208832286298275
3239,-5.317152103559877,103,101,0.9768284789644013,0.08512023275799807,0.010281085797269383,2.3457971110474318e-05,1.144944429397583
3240,-5.702127659574472,94,83,0.8829787234042553,0.013996595608887219,0.0014212325070602772,2.3252352548297495e-05,0.007730938959866762
3241,63.95652173913044,23,20,0.8695652173913043,0.06763661143419597,24.064671210730385,2.2765652829548344e-05,0.04422902688384056
3242,46.7516339869281,51,51,0.977516339869281,0.07483034870528549,7.341794215849037,2.288873838551808e-05,1.5916093587875366
3243,-9.541666666666657,96,83,0.8645833333333334,0.04041811559309849,0.0839715497783487,2.2705295123159885e-05,0.016691317781805992
3244,-9.541666666666657,96,83,0.8645833333333334,0.04115928422413617,0.08701612945456835,2.2704616640112363e-05,0.00188456813339144
3245,46.733333333333334,50,49,0.9673333333333334,0.062453208464244625,3.6867264425124096,2.273563040944282e-05,0.5484573245048523
3246,-2.953795379537965,101,100,0.9804620462046204,0.12408837162319754,0.01963265868537256,2.276208033435978e-05,1.0060490369796753
3247,63.95652173913044,23,20,0.8695652173913043,-0.11369590809140107,8.90369930405184,2.2420494133257307e-05,0.15005527436733246
3248,-102.70149253731343,201,198,0.9829850746268657,0.14791649595771172,4.724363642123508,2.2512349460157566e-05,1.0414727926254272
3249,40.95652173913044,46,40,0.8695652173913043,-0.30980965122908977,0.06294026061817704,2.2512584109790623e-05,0.001362430164590478
3250,63.95652173913044,23,20,0.8695652173913043,-0.23015117580871447,0.3633173482683105,2.1951180315227248e-05,0.05256810411810875
3251,-109.40064102564102,208,206,0.9859935897435897,0.13802534321181845,3.107993439661498,2.2174092009663582e-05,1.759507656097412
3252,-99.21885521885523,198,196,0.9878114478114478,0.10749684875356103,2.5536222336540155,2.1238311092020012e-05,2.5418622493743896
3253,-4.91585760517799,103,102,0.98084142394822,0.05312825378123165,0.11322166088038291,2.129716449417174e-05,1.3948194980621338
3254,59.33333333333334,24,20,0.8333333333333334,-0.37949610858095184,2.9187267835204693,2.1293155441526324e-05,0.01160926092416048
3255,63.95652173913044,23,20,0.8695652173913043,-0.2953865287126973,0.38071981516441156,2.122894693457056e-05,0.22569552063941956
3256,-109.9326923076923,208,204,0.9806730769230769,0.20906190830067625,0.38610777735583246,2.5208928491338156e-05,8.008448600769043
3257,63.95652173913044,23,20,0.8695652173913043,-0.11277136541139043,1.1783134091675436,2.486173434590455e-05,0.027675677090883255
3258,-9.541666666666657,96,83,0.8645833333333334,-0.04157415168760892,0.37670258065059653,2.486173434590455e-05,0.003427731804549694
3259,49.36879432624113,47,46,0.9636879432624114,-0.16763139484656087,0.31934147514707956,2.4919212592067197e-05,0.9592159986495972
3260,48.68707482993197,49,48,0.9768707482993197,-0.08542619442533805,1.2341002058700747,2.4975146516226232e-05,0.9631005525588989
3261,40.95652173913044,46,40,0.8695652173913043,-0.11057875536607753,1.398577003397719,2.382380080234725e-05,0.050651125609874725
3262,-4.59223300970875,103,102,0.9840776699029126,-0.016736479174488506,0.01944069610466948,2.3278316803043708e-05,1.2731226682662964
3263,-100.66834170854271,199,196,0.9833165829145729,0.03487759646102218,0.029468694109565093,2.34792514675064e-05,1.9012688398361206
3264,-104.76026272577997,203,200,0.9823973727422003,0.08424220688519135,0.10331360527640746,2.5183915568049997e-05,5.381511688232422
3265,43.8930817610063,53,52,0.9689308176100629,0.01811938737414723,2.346391916515004,2.526374919398222e-05,1.3014508485794067
3266,-5.317152103559877,103,101,0.9768284789644013,-0.05203752127968553,0.01592024233347252,2.327808215341065e-05,0.6170138120651245
3267,-5.702127659574472,94,83,0.8829787234042553,-0.08659971061319993,0.02766395567484809,2.3215010514832102e-05,0.014875355176627636
3268,38.1063829787234,47,40,0.851063829787234,-0.07786374802935825,0.8753818246615569,2.2819449441158213e-05,0.09532704949378967
3269,46.626666666666665,50,49,0.9662666666666667,-0.023652513899898198,0.8161954616349725,2.328439586563036e-05,2.825169324874878
3270,-9.541666666666657,96,83,0.8645833333333334,-0.05992780193855651,0.1394527144629064,2.203483018092811e-05,0.008904124610126019
3271,63.95652173913044,23,20,0.8695652173913043,-0.017083696771656776,5.556381229932669,2.2035936126485467e-05,0.098520927131176
3272,-9.541666666666657,96,83,0.8645833333333334,-0.02606438641123532,0.22492722354908848,2.203600888606161e-05,0.00044319103471934795
3273,-3.3594771241830017,102,101,0.9864052287581699,-0.062126579424988566,0.28019108134319576,2.2030497348168865e-05,0.13971777260303497
3274,-105.44117647058823,204,202,0.9855882352941177,0.03297866230505253,0.06764249065789392,2.02246355911484e-05,0.06707718223333359
3275,-9.541666666666657,96,83,0.8645833333333334,-0.021115225676339833,0.9584385690566295,2.0227880668244325e-05,0.07854447513818741
3276,63.95652173913044,23,20,0.8695652173913043,-0.23278222067165188,0.030026260745785294,2.0231840608175844e-05,0.21201972663402557
3277,-5.961538461538453,104,103,0.9803846153846154,0.0025738997486532754,0.04654993019050478,2.0419625798240304e-05,2.0015621185302734
3278,40.95652173913044,46,40,0.8695652173913043,-0.3939859024321777,1.008449653951601,2.0420056898728944e-05,0.12965218722820282
3279,47.29931972789116,49,48,0.9629931972789115,-0.19509106328382586,3.5602612135864056,2.9889053621445782e-05,12.212898254394531
3280,48.68707482993197,49,48,0.9768707482993197,0.009968708194463716,1.1010143327660507,3.205359462299384e-05,6.190893173217773
3281,40.95652173913044,46,40,0.8695652173913043,-0.18663443414516223,0.036175366207676474,3.205363827873953e-05,0.12008509784936905
3282,38.1063829787234,47,40,0.851063829787234,-0.09630711578756745,0.1948754747912389,3.2053663744591177e-05,0.0434463694691658
3283,43.888888888888886,45,40,0.8888888888888888,-0.011031850470394566,1.7300285187220763,3.0375460482900962e-05,0.07992188632488251
3284,63.95652173913044,23,20,0.8695652173913043,0.0611587738558228,10.947092225593462,2.999993012053892e-05,0.12228237092494965
3285,40.95652173913044,46,40,0.8695652173913043,0.016815684929497365,1.7063808895573338,2.9919719963800162e-05,0.02187531255185604
3286,-9.541666666666657,96,83,0.8645833333333334,0.0487834071582256,0.06000156079822694,2.991622568515595e-05,0.014767171815037727
3287,48.68707482993197,49,48,0.9768707482993197,0.08874232336816494,1.139465984914068,3.171322896378115e-05,5.5014519691467285
3288,-5.961538461538453,104,103,0.9803846153846154,-0.04264971342938843,0.9480209389099274,3.145632945233956e-05,0.46359381079673767
3289,40.95652173913044,46,40,0.8695652173913043,-0.12413629175171081,0.3778718383002957,3.0772891477681696e-05,0.05140422657132149
3290,48.68707482993197,49,48,0.9768707482993197,-0.00431083641686314,0.06628757836938348,3.192710573785007e-05,4.41477108001709
3291,40.95652173913044,46,40,0.8695652173913043,-0.23858480858413003,0.08005701426279899,3.184977322234772e-05,0.1395827680826187
3292,47.29931972789116,49,48,0.9629931972789115,-0.0922672741809496,0.29293735046923275,3.4469092497602105e-05,6.673113822937012
3293,-4.91585760517799,103,102,0.98084142394822,0.00776052276227901,0.09934618293029918,3.496662975521758e-05,3.512371063232422
3294,-9.541666666666657,96,83,0.8645833333333334,0.046950133512837056,1.0937380005661963,3.4967015380971134e-05,0.00687495619058609
3295,40.95652173913044,46,40,0.8695652173913043,-0.2660637532928375,0.022655798138125318,3.473726610536687e-05,0.03437691181898117
3296,-9.541666666666657,96,83,0.8645833333333334,0.0491407608314951,1.305837679735805,3.4599030186655e-05,0.011795591562986374
3297,40.95652173913044,46,40,0.8695652173913043,-0.25388143874670277,0.036049967857678666,3.459158324403688e-05,0.07728692144155502
3298,40.95652173913044,46,40,0.8695652173913043,-0.2297494032618701,0.09792080024534755,3.4128799597965553e-05,0.007747780065983534
3299,-7.631578947368411,95,83,0.8736842105263158,0.04212778602190869,0.550478648218118,3.3264386729570106e-05,0.0008805193938314915
3300,-9.541666666666657,96,83,0.8645833333333334,0.03404633366162457,0.7357971309712695,3.326435398776084e-05,0.015158661641180515
3301,46.46153846153847,52,52,0.9846153846153847,0.12032848160649223,0.36191359984930216,3.329840910737403e-05,0.62748122215271
3302,48.68707482993197,49,48,0.9768707482993197,0.016797715383796152,0.35947710209745143,3.332725100335665e-05,0.828886866569519
3303,43.888888888888886,45,40,0.8888888888888888,-0.11684582890440964,0.914715990109725,3.332728738314472e-05,0.08893468230962753
3304,43.60377358490567,53,52,0.9660377358490566,0.13396878243366928,0.12213512288004935,3.325419675093144e-05,0.4128168821334839
3305,-108.53945249597423,207,204,0.9846054750402576,0.1533371450064624,0.7155989723607821,3.583263242035173e-05,6.351650238037109
3306,47.625850340136054,49,48,0.9662585034013605,-0.03928182574409078,0.06224853125498368,3.589674815884791e-05,1.161819577217102
3307,47.266666666666666,50,49,0.9726666666666667,-0.014521992412099394,0.03950803377419798,3.689340883283876e-05,4.540891647338867
3308,63.95652173913044,23,20,0.8695652173913043,-0.05268354260942942,2.4713924633691353,3.689332152134739e-05,0.05841580405831337
3309,40.95652173913044,46,40,0.8695652173913043,-0.2464086316049361,0.03078965392066202,3.689382356242277e-05,0.17199741303920746
3310,-8.937694704049846,107,106,0.9806230529595016,0.09458213661989645,0.17895333706815936,3.7329471524572e-05,2.554671049118042
3311,46.733333333333334,50,49,0.9673333333333334,-0.043084235319156505,0.706420503304571,3.93945119867567e-05,5.914608478546143
3312,63.95652173913044,23,20,0.8695652173913043,-0.06303288961146336,0.32755491941548276,3.939448652090505e-05,0.07516079396009445
3313,-105.54575163398692,204,201,0.9845424836601308,0.15036413849817085,0.5618470186398752,4.094809992238879e-05,4.893046855926514
3314,46.733333333333334,50,49,0.9673333333333334,-0.03295926145065664,0.9732397914322917,4.239916961523704e-05,4.9842729568481445
3315,40.95652173913044,46,40,0.8695652173913043,-0.2788822248330689,0.06605569718476545,4.2400002712383866e-05,0.2067643404006958
3316,-9.541666666666657,96,83,0.8645833333333334,0.11645894197954476,0.5864331099071625,4.230959893902764e-05,0.006253757048398256
3317,-7.631578947368411,95,83,0.8736842105263158,0.07444922874674376,0.20316524182179224,4.0954062569653615e-05,0.09147508442401886
3318,59.33333333333334,24,20,0.8333333333333334,-0.01849578633937199,0.5442128834000642,4.083582098246552e-05,0.09486651420593262
3319,40.95652173913044,46,40,0.8695652173913043,-0.14054810731431644,0.10412430031107345,4.083534440724179e-05,0.05069025233387947
3320,63.95652173913044,23,20,0.8695652173913043,0.05411770086175238,1.9136595941135779,4.083553722011857e-05,0.04701921343803406
3321,43.888888888888886,45,40,0.8888888888888888,-0.11005924488149432,0.23793335107153712,4.083630847162567e-05,0.027649832889437675
3322,63.95652173913044,23,20,0.8695652173913043,0.03661594767383747,0.9898062391188562,4.028044349979609e-05,0.04823426529765129
3323,43.704402515723274,53,52,0.9670440251572328,0.104348776218121,0.5223241346095477,4.02787045459263e-05,0.20813509821891785
3324,-7.631578947368411,95,83,0.8736842105263158,0.07518669112232601,0.1890019769277147,4.027939939987846e-05,0.02824280597269535
3325,40.95652173913044,46,40,0.8695652173913043,-0.21222615741612572,0.3264171513812238,4.027938120998442e-05,0.05000319331884384
3326,-4.2549019607843235,102,100,0.9774509803921568,0.07149722593700725,0.3159026772315578,4.070832801517099e-05,2.4630184173583984
3327,-9.541666666666657,96,83,0.8645833333333334,0.05484984805377735,0.5908588857240942,4.070848081028089e-05,0.012640561908483505
3328,-5.702127659574472,94,83,0.8829787234042553,0.03030316323020088,0.2310974884216539,3.7835368857486174e-05,0.02870793826878071
3329,-7.631578947368411,95,83,0.8736842105263158,0.019098784321574414,0.42403055355724917,3.7817655538674444e-05,0.0010227067396044731
3330,48.68707482993197,49,48,0.9768707482993197,-0.04185535401421703,2.0231079804376755,3.7973652069922537e-05,1.6960068941116333
3331,-99.21885521885523,198,196,0.9878114478114478,0.05784967999327417,0.5611086998802722,3.9015190850477666e-05,4.092007160186768
3332,46.733333333333334,50,49,0.9673333333333334,0.010200491521374033,0.9973954538783651,3.9017431845422834e-05,0.2597156763076782
3333,63.95652173913044,23,20,0.8695652173913043,0.07435888193867868,0.11425564347175055,3.8790243706898764e-05,0.05822139233350754
3334,40.95652173913044,46,40,0.8695652173913043,-0.12295924129618818,0.013112626391366865,3.8785827200626954e-05,0.017916364595294
3335,-7.631578947368411,95,83,0.8736842105263158,-0.025818886377515504,0.041216772895017545,3.833705704892054e-05,0.003292503533884883
3336,-9.541666666666657,96,83,0.8645833333333334,-0.027863789484364077,0.07501909466545445,3.751864642254077e-05,0.006356682628393173
3337,47.29931972789116,49,48,0.9629931972789115,0.006114777747466523,0.04358688154558976,3.734478377737105e-05,0.2813611924648285
3338,-108.53945249597423,207,204,0.9846054750402576,0.028271817764745272,0.20117221691081472,4.0763876313576475e-05,7.440113067626953
3339,40.95652173913044,46,40,0.8695652173913043,-0.07214463632772095,0.30499725456249327,4.0686445572646335e-05,0.08173541724681854
3340,46.7516339869281,51,51,0.977516339869281,0.06419547442047335,0.4430521178012134,4.0692462789593264e-05,0.3258400857448578
3341,-9.541666666666657,96,83,0.8645833333333334,-0.03870752620161966,0.009340654762987005,4.06924809794873e-05,0.0020828088745474815
3342,-9.541666666666657,96,83,0.8645833333333334,-0.03797523489565835,0.0119794022924973,4.05310929636471e-05,0.02069685608148575
3343,43.8930817610063,53,52,0.9689308176100629,0.0726180483633866,0.05762896196114298,4.0545295632909983e-05,0.5259255170822144
3344,38.1063829787234,47,40,0.851063829787234,-0.1244540256716391,0.026166518804780523,4.0545779484091327e-05,0.10849370062351227
3345,40.95652173913044,46,40,0.8695652173913043,-0.10632842427952482,0.012905323312836309,4.052985968883149e-05,0.06873796880245209
3346,40.95652173913044,46,40,0.8695652173913043,-0.12793198003646467,0.028967099571669097,4.0471426473231986e-05,0.09303361922502518
3347,40.95652173913044,46,40,0.8695652173913043,-0.1172043360038515,0.044277053438360525,4.047092443215661e-05,0.1124403178691864
3348,-109.9326923076923,208,204,0.9806730769230769,0.3707390056768771,0.12814961387342363,4.9136004236061126e-05,11.976333618164062
3349,48.68707482993197,49,48,0.9768707482993197,-0.028166473154112515,0.22202739321769382,4.93009174533654e-05,1.5198378562927246
3350,48.68707482993197,49,48,0.9768707482993197,-0.004282726434245987,0.14383588606137038,4.952434028382413e-05,1.8003437519073486
3351,-108.53945249597423,207,204,0.9846054750402576,0.07743105741347162,0.22187429450060092,5.205704292166047e-05,6.740868091583252
3352,-7.631578947368411,95,83,0.8736842105263158,-0.03306203290334475,0.01886312761163153,5.170147051103413e-05,0.01759229227900505
3353,-4.91585760517799,103,102,0.98084142394822,-0.020161011407289264,0.162192426134897,5.1770515710813925e-05,1.779281735420227
3354,-4.91585760517799,103,102,0.98084142394822,-0.0258725937241846,0.10502647735156292,5.184194378671236e-05,1.2172393798828125
3355,48.102040816326536,49,48,0.9710204081632653,0.04892674563370303,0.042665261835076275,5.185608461033553e-05,0.41817593574523926
3356,-108.53945249597423,207,204,0.9846054750402576,-0.07045398210934617,1.182673033016529,4.8297275498043746e-05,2.267302989959717
3357,40.95652173913044,46,40,0.8695652173913043,-0.08754076674694033,0.05461302920294576,4.8297690227627754e-05,0.09621824324131012
3358,-9.541666666666657,96,83,0.8645833333333334,-0.03186070169567756,0.12665295764315193,4.829770477954298e-05,0.0010318374261260033
3359,-9.541666666666657,96,83,0.8645833333333334,-0.02292830306279825,0.12131681107145065,4.8250392865156755e-05,0.03477952629327774
3360,47.29931972789116,49,48,0.9629931972789115,-0.019813010781232987,0.07705258803372361,4.8258272727252916e-05,1.0223016738891602
3361,40.95652173913044,46,40,0.8695652173913043,-0.07515671660621592,0.03857163511638717,4.825828000321053e-05,0.05146538093686104
3362,63.95652173913044,23,20,0.8695652173913043,0.08375258885098447,0.6006941111927233,4.817048829863779e-05,0.21774844825267792
3363,-105.54575163398692,204,201,0.9845424836601308,0.05143959174462598,0.6423030066046006,4.8183719627559185e-05,1.9554837942123413
3364,40.95652173913044,46,40,0.8695652173913043,-0.10675791878884411,0.021518992019706418,4.641824125428684e-05,0.002236610744148493
3365,63.95652173913044,23,20,0.8695652173913043,0.04706829148221914,0.022597007567959793,4.631313277059235e-05,0.09431039541959763
3366,63.95652173913044,23,20,0.8695652173913043,0.01007726886018645,0.018577775138469477,4.628870010492392e-05,0.0270189568400383
3367,-7.1079365079365004,105,104,0.978920634920635,0.012824502643411506,0.5164031112878561,4.700916542788036e-05,3.4180331230163574
3368,63.95652173913044,23,20,0.8695652173913043,-0.01726542615051585,0.33665057402225784,4.700889257946983e-05,0.03455774858593941
3369,-2.8151815181518174,101,100,0.9818481848184818,-0.00127638123728957,0.7654753769389169,4.651264680433087e-05,0.3593708872795105
3370,48.102040816326536,49,48,0.9710204081632653,-0.055638532361229176,1.864460729201049,4.738642383017577e-05,3.738269567489624
3371,40.95652173913044,46,40,0.8695652173913043,-0.16625647625687634,0.3100076755531425,4.7386984078912064e-05,0.08814430981874466
3372,-4.915032679738559,102,100,0.9708496732026144,0.021891432433054803,0.22375947559907605,4.833142884308472e-05,3.946180582046509
3373,40.95652173913044,46,40,0.8695652173913043,-0.1301273016961204,0.025541599244091273,4.833158527617343e-05,0.11012351512908936
3374,49.02721088435375,49,49,0.9802721088435374,-0.024081218397455473,0.04258214993908416,4.840224210056476e-05,1.0388622283935547
3375,38.1063829787234,47,40,0.851063829787234,-0.0918783007091406,0.015631795875365617,4.840207475353964e-05,0.04065418615937233
3376,-105.4673202614379,204,202,0.9853267973856209,-0.004547779903511184,0.5878941000627748,4.8748526751296595e-05,2.4300575256347656
3377,-105.44117647058823,204,202,0.9855882352941177,0.003726810891364174,0.5230267263850069,4.8703343054512516e-05,1.8014352321624756
3378,-5.961538461538453,104,103,0.9803846153846154,-0.02231924240868399,0.030726004414036917,4.876818638877012e-05,1.104772686958313
3379,-2.953795379537965,101,100,0.9804620462046204,-0.011678864018215052,0.14260003521742257,3.940481838071719e-05,0.8914285898208618
3380,47.13333333333334,50,49,0.9713333333333334,0.09638927583203061,1.1813015582973803,3.7184399843681604e-05,2.043952465057373
3381,-106.9479674796748,205,202,0.980520325203252,0.09867206330583454,0.04262952281020978,3.761317202588543e-05,2.913431167602539
3382,-5.702127659574472,94,83,0.8829787234042553,-0.0720547987183977,0.12479530524235806,3.761271364055574e-05,0.01029781810939312
3383,-7.631578947368411,95,83,0.8736842105263158,-0.06501073809101854,0.02699076705858263,3.761176049010828e-05,0.010803870856761932
3384,-2.953795379537965,101,100,0.9804620462046204,-0.012091970517636774,0.22828491743201132,3.768146052607335e-05,1.3915451765060425
3385,63.95652173913044,23,20,0.8695652173913043,0.09863235532848943,2.8132016310976287,3.7682068068534136e-05,0.06753642857074738
3386,47.13333333333334,50,49,0.9713333333333334,0.04939408800925671,0.09555169065737346,4.0405117033515126e-05,6.396762371063232
3387,40.95652173913044,46,40,0.8695652173913043,-0.14263175799067085,0.026501093494384786,3.8368827517842874e-05,0.04666844755411148
3388,-9.541666666666657,96,83,0.8645833333333334,-0.05820888095205845,0.20393512059538488,3.8371552363969386e-05,0.029142362996935844
3389,38.1063829787234,47,40,0.851063829787234,-0.2330070350863025,0.3731230368623617,3.83713559131138e-05,0.03461175039410591
3390,-105.44117647058823,204,202,0.9855882352941177,0.18719225052145205,0.05481018939771218,3.7594418245134875e-05,3.4366888999938965
3391,47.625850340136054,49,48,0.9662585034013605,-0.12192724185720394,1.3241218812735838,3.9444188587367535e-05,5.165604591369629
3392,-6.480769230769226,104,102,0.9751923076923077,0.0074197753119770804,0.05779957670385718,3.6447043385123834e-05,1.0971086025238037
3393,63.95652173913044,23,20,0.8695652173913043,-0.01699312964653199,0.015179844259581188,3.584504156606272e-05,0.05601934716105461
3394,59.33333333333334,24,20,0.8333333333333334,-0.051334022329456275,0.08774790784652353,3.584782825782895e-05,0.15244314074516296
3395,38.1063829787234,47,40,0.851063829787234,-0.19352363810412498,0.0757014052930026,3.585014565032907e-05,0.1530415117740631
3396,43.704402515723274,53,52,0.9670440251572328,0.04829695110245342,0.07802255205333353,3.684552575577982e-05,3.7076303958892822
3397,-104.93760262725779,203,200,0.980623973727422,-0.012813950912548222,0.7092235905889318,3.6846566217718646e-05,0.06115425005555153
3398,40.95652173913044,46,40,0.8695652173913043,-0.11937452944039251,0.13153065132219943,3.68472610716708e-05,0.07149471342563629
3399,47.13333333333334,50,49,0.9713333333333334,0.057997553505157055,0.1141357365808775,3.75266645278316e-05,3.041856527328491
3400,-4.533980582524279,103,102,0.9846601941747573,0.016693995841061238,0.035890494124771286,3.7638586945831776e-05,1.6623668670654297
3401,63.95652173913044,23,20,0.8695652173913043,0.03540401821373962,1.470529622488499,3.76378302462399e-05,0.08320581167936325
3402,-9.541666666666657,96,83,0.8645833333333334,-0.02523013864947643,0.20542839976946595,3.7565623642876744e-05,0.011725490912795067
3403,-9.541666666666657,96,83,0.8645833333333334,-0.027834647618135477,0.22006771391861174,3.7564608646789566e-05,0.005423443391919136
3404,-2.8151815181518174,101,100,0.9818481848184818,0.013223128327410905,0.00627695568432876,3.754149656742811e-05,0.06355533748865128
3405,-4.91585760517799,103,102,0.98084142394822,0.019605297846827692,0.0038985678786377445,3.527872831909917e-05,0.7566556334495544
3406,-105.54575163398692,204,201,0.9845424836601308,0.04608236285327935,0.08419001339598918,3.516168726491742e-05,0.55991131067276
3407,40.95652173913044,46,40,0.8695652173913043,-0.22457349297565088,0.06570040380062991,3.373653453309089e-05,0.19945476949214935
3408,-7.1079365079365004,105,104,0.978920634920635,0.039790059803907714,0.004669658952563327,3.3960637665586546e-05,2.2512357234954834
3409,40.95652173913044,46,40,0.8695652173913043,-0.1886553624373164,0.0748283837355648,3.3957461710087955e-05,0.009488066658377647
3410,-7.631578947368411,95,83,0.8736842105263158,-0.012681790064561937,0.013180297972704397,3.365495285834186e-05,0.011843467131257057
3411,-7.631578947368411,95,83,0.8736842105263158,-0.005127666106176321,0.007087597683327809,3.125635703327134e-05,0.01856878027319908
3412,-5.317152103559877,103,101,0.9768284789644013,0.027784890081206187,0.040599505397713606,3.124826980638318e-05,0.23721855878829956
3413,43.888888888888886,45,40,0.8888888888888888,-0.11194306226900608,0.0899804628454495,2.99787334370194e-05,0.0204960647970438
3414,46.733333333333334,50,49,0.9673333333333334,0.03307627777297739,0.07930694735409993,2.841516470653005e-05,1.3725236654281616
3415,-2.8151815181518174,101,100,0.9818481848184818,0.015788853951050896,0.18791573426393524,2.8407204808900133e-05,0.0953180119395256
3416,63.95652173913044,23,20,0.8695652173913043,0.028107324260118416,0.4035973293922801,2.840844535967335e-05,0.09760769456624985
3417,47.266666666666666,50,49,0.9726666666666667,0.05440162392457637,0.08796682236824438,2.8401753297657706e-05,0.20588406920433044
3418,-110.85964912280701,209,206,0.9814035087719298,0.07415424771246848,0.038255908253471166,2.8452117476263084e-05,1.3425819873809814
3419,59.33333333333334,24,20,0.8333333333333334,-0.0487118181954429,0.17874372123890936,2.8453081540646963e-05,0.0975184217095375
3420,40.95652173913044,46,40,0.8695652173913043,-0.1572215671515096,0.04622227660926992,2.8455195206333883e-05,0.11194422841072083
3421,40.95652173913044,46,40,0.8695652173913043,-0.14937894459990275,0.041355523851338054,2.8490165277617052e-05,0.7669183015823364
3422,40.95652173913044,46,40,0.8695652173913043,-0.1560492350572531,0.020462351505265097,2.8489977921708487e-05,0.06382523477077484
3423,46.7516339869281,51,51,0.977516339869281,0.05516833058349713,0.08794782962772701,2.9048829674138688e-05,2.8640248775482178
3424,-4.59223300970875,103,102,0.9840776699029126,0.003320680664955944,0.0027681299243439983,2.9041511879768223e-05,0.4345398247241974
3425,-3.764705882352942,102,101,0.9823529411764705,0.013667540879906959,0.005362927334747548,2.903473978221882e-05,0.19569826126098633
3426,47.29931972789116,49,48,0.9629931972789115,-0.04369027539219417,0.0468157775991771,2.9690225346712396e-05,3.566009044647217
3427,-5.71844660194175,103,101,0.9728155339805825,0.012809912664988985,0.005139782074337768,2.9696082492591813e-05,0.7328259348869324
3428,46.733333333333334,50,49,0.9673333333333334,0.01774174128325967,0.05855266797906489,2.9846067263861187e-05,1.2939504384994507
3429,-7.631578947368411,95,83,0.8736842105263158,-0.019774323509423652,0.035697746180999315,2.9845983590348624e-05,0.02018054760992527
3430,63.95652173913044,23,20,0.8695652173913043,0.031229121978867624,0.7674246262971867,2.960576966870576e-05,0.0742841362953186
3431,49.02721088435375,49,49,0.9802721088435374,-0.036567955214356074,0.04193870846543746,2.888747440010775e-05,1.4030040502548218
3432,-109.40064102564102,208,206,0.9859935897435897,0.050662734110185424,0.2345787519275663,2.8967679099878296e-05,1.502083659172058
3433,-7.051282051282058,104,101,0.9694871794871794,0.01582882897522139,0.005212578014567454,2.8969981940463185e-05,0.6221168041229248
3434,40.95652173913044,46,40,0.8695652173913043,-0.18088605636626198,0.08616859348907924,2.896989644796122e-05,0.005611893720924854
3435,-9.541666666666657,96,83,0.8645833333333334,0.022399189530290187,0.0769280768405956,2.8969780032639392e-05,0.01739398017525673
3436,40.95652173913044,46,40,0.8695652173913043,-0.20761879894553203,0.12054075491775386,2.896995283663273e-05,0.027147656306624413
3437,63.95652173913044,23,20,0.8695652173913043,-0.0647812160354988,0.01191998050659926,2.89748622890329e-05,0.024602195248007774
3438,-5.961538461538453,104,103,0.9803846153846154,0.0021068212795114505,0.1075343310969892,2.5787667254917324e-05,0.4385070204734802
3439,47.29931972789116,49,48,0.9629931972789115,-0.028085703450528854,0.36689147701096175,2.629040682222694e-05,2.6684072017669678
3440,63.95652173913044,23,20,0.8695652173913043,-0.039376543141770526,0.2786661419358154,2.629165828693658e-05,0.08490810543298721
3441,-4.2549019607843235,102,100,0.9774509803921568,0.02378978684431776,0.24430596985487016,2.63133679254679e-05,0.8036490082740784
3442,63.95652173913044,23,20,0.8695652173913043,0.009469156415434554,0.4645585553705992,2.6313358830520883e-05,0.0500728078186512
3443,43.888888888888886,45,40,0.8888888888888888,-0.10770258680071265,0.15395670118568597,2.6308527594665065e-05,0.037475794553756714
3444,-9.541666666666657,96,83,0.8645833333333334,-0.006756387406767317,0.01427326551152186,2.630742164910771e-05,0.008286534808576107
3445,-110.85964912280701,209,206,0.9814035087719298,0.09513203089611011,0.08363947033316757,2.6350275220465846e-05,1.0443696975708008
3446,-5.961538461538453,104,103,0.9803846153846154,-0.014477811256270456,0.04450514531945888,2.6353825887781568e-05,0.5295670032501221
3447,38.1063829787234,47,40,0.851063829787234,-0.15310168245923705,0.06305397041474237,2.6353525754529983e-05,0.09451568126678467
3448,-9.541666666666657,96,83,0.8645833333333334,-0.006455943354808369,0.08184148300079537,1.7721771655487828e-05,0.003746490925550461
3449,63.95652173913044,23,20,0.8695652173913043,-0.009898538822199043,0.15823964377942845,1.7564076188136823e-05,0.0740562304854393
3450,-5.961538461538453,104,103,0.9803846153846154,-0.010799190383746576,0.006345657933570989,1.7346348613500595e-05,0.4124103784561157
3451,-9.541666666666657,96,83,0.8645833333333334,-0.003083253561840138,0.09393681414219021,1.4615045074606314e-05,0.00993441790342331
3452,63.95652173913044,23,20,0.8695652173913043,0.022285259054849238,0.02842447351734123,1.4615666259487625e-05,0.10856973379850388
3453,47.266666666666666,50,49,0.9726666666666667,0.05979270216403165,0.22524389065831585,1.4776335774513427e-05,2.356055736541748
3454,-104.93760262725779,203,200,0.980623973727422,0.052490087776392184,0.3128105537041338,1.4866963283566292e-05,1.7192878723144531
3455,43.888888888888886,45,40,0.8888888888888888,-0.13325860902978093,0.018850149891938228,1.4855718291073572e-05,0.026271604001522064
3456,59.33333333333334,24,20,0.8333333333333334,-0.05509367927152198,0.6086950769848514,1.4540250049321912e-05,0.015202033333480358
3457,-106.9479674796748,205,202,0.980520325203252,0.07701223577016303,0.11331790041962063,1.4848570572212338e-05,2.2420883178710938
3458,-9.541666666666657,96,83,0.8645833333333334,-0.01295531743102174,0.016129309610705956,1.4848556929791812e-05,0.01145002618432045
3459,-4.91585760517799,103,102,0.98084142394822,0.0037997148374171452,0.08743930399277479,1.4865096090943553e-05,0.5393316745758057
3460,-5.110032362459549,103,101,0.9788996763754045,0.014165778794733797,0.07469507204051284,1.4816347174928524e-05,0.5868224501609802
3461,40.95652173913044,46,40,0.8695652173913043,-0.0994479893861353,0.03224574909791045,1.4816234397585504e-05,0.020386146381497383
3462,63.95652173913044,23,20,0.8695652173913043,0.011862182547929478,0.4846881346863678,1.4813447705819272e-05,0.00582763971760869
3463,63.95652173913044,23,20,0.8695652173913043,-0.046442771639704006,0.4705774148823321,1.4584662494598888e-05,0.09434647113084793
3464,-109.40064102564102,208,206,0.9859935897435897,0.02674532529295559,0.126602713108653,1.4708128219353966e-05,1.4396140575408936
3465,-9.043613707165107,107,105,0.979563862928349,-0.01450691695517875,0.004036084185734376,1.4862025636830367e-05,1.6236249208450317
3466,-102.70149253731343,201,198,0.9829850746268657,0.01737646533886859,0.2049543092085521,1.5047013221192174e-05,1.7912412881851196
3467,-9.541666666666657,96,83,0.8645833333333334,-0.017616432197257836,0.038339771429767806,1.4347977412398905e-05,0.008304201066493988
3468,40.95652173913044,46,40,0.8695652173913043,-0.17606499946714393,0.0936889561060179,1.434821115253726e-05,0.07444985955953598
3469,63.95652173913044,23,20,0.8695652173913043,-0.047856876097289947,0.05649505320460868,1.434240402886644e-05,0.11352318525314331
3470,-3.4224422442244276,101,99,0.9757755775577558,-0.001190203253942215,0.19557208067168452,1.348044679616578e-05,0.6498927474021912
3471,40.95652173913044,46,40,0.8695652173913043,-0.16314466155301943,0.044082203537474385,1.3481063433573581e-05,0.12413161247968674
3472,-7.631578947368411,95,83,0.8736842105263158,-0.041637181049111405,0.024577181764760127,1.2546905054477975e-05,0.0033720163628458977
3473,46.626666666666665,50,49,0.9662666666666667,-0.014959832209195278,0.12110067036013258,1.2682869964919519e-05,1.4649572372436523
3474,-6.480769230769226,104,102,0.9751923076923077,-0.017703618485295766,0.06387592531109626,1.269914810109185e-05,1.2120341062545776
3475,46.7516339869281,51,51,0.977516339869281,0.01881087980455215,0.08782174869857329,1.3273535842017736e-05,3.0282750129699707
3476,-7.631578947368411,95,83,0.8736842105263158,-0.05667984716058072,0.0203796186902914,1.2909019460494164e-05,0.014875494875013828
3477,63.95652173913044,23,20,0.8695652173913043,0.02115060743221875,0.2985450658909619,1.270405755349202e-05,0.09519558399915695
3478,-7.631578947368411,95,83,0.8736842105263158,-0.05325860359221224,0.019080547773997467,1.2623791008081753e-05,0.02204611711204052
3479,-9.541666666666657,96,83,0.8645833333333334,-0.037988836568274564,0.007618674764428789,1.2569641512527596e-05,0.023692768067121506
3480,40.95652173913044,46,40,0.8695652173913043,-0.12041291834341905,0.012627211566748286,1.2323150258453097e-05,0.04950879514217377
3481,-9.541666666666657,96,83,0.8645833333333334,-0.04728574962744858,0.0017323760764440474,1.1783279660448898e-05,0.007666428107768297
3482,-7.631578947368411,95,83,0.8736842105263158,-0.04444766035771863,0.028237940419768875,1.1783305126300547e-05,0.015150725841522217
3483,40.95652173913044,46,40,0.8695652173913043,-0.15612545605199557,0.025801771215848004,1.1783195077441633e-05,0.017290307208895683
3484,40.95652173913044,46,40,0.8695652173913043,-0.14955200187432638,0.01858537579465036,1.1653153705992736e-05,0.16767151653766632
3485,63.95652173913044,23,20,0.8695652173913043,0.004006589663276827,0.04449592364370614,1.1653090041363612e-05,0.04940977692604065
3486,63.95652173913044,23,20,0.8695652173913043,-0.018039187787508126,0.06409447830087345,9.166782547254115e-06,0.08505086600780487
3487,59.33333333333334,24,20,0.8333333333333334,-0.027735461746488,0.13459245511829465,9.167076314042788e-06,0.09477293491363525
3488,40.95652173913044,46,40,0.8695652173913043,-0.11351060025538118,0.025294811095555092,9.167169082502369e-06,0.06098923087120056
3489,43.8930817610063,53,52,0.9689308176100629,0.05743211799994965,0.12712924732344555,9.766191396920476e-06,3.1460928916931152
3490,46.56410256410257,52,52,0.9856410256410256,0.09228842572418117,0.21911225396610945,9.38811990636168e-06,2.561048984527588
3491,-7.631578947368411,95,83,0.8736842105263158,-0.03705689940602497,0.07589879580966104,7.793791155563667e-06,0.016124708577990532
3492,-7.1079365079365004,105,104,0.978920634920635,0.02253286120868836,0.1387315344537892,8.640306987217627e-06,3.8384134769439697
3493,38.1063829787234,47,40,0.851063829787234,-0.18073261454446765,0.4354010779564357,8.640386113256682e-06,0.025115923956036568
3494,40.95652173913044,46,40,0.8695652173913043,-0.16657814244445035,0.17307356101038174,8.639355655759573e-06,0.036150410771369934
3495,40.95652173913044,46,40,0.8695652173913043,-0.15733051349161542,0.10363085632340763,8.638378858449869e-06,0.01877378672361374
3496,43.704402515723274,53,52,0.9670440251572328,0.06876572615444493,0.33413217188996214,8.004250958038028e-06,1.8727976083755493
3497,-5.702127659574472,94,83,0.8829787234042553,-0.02425793761796058,0.0033905056852869524,8.003788934729528e-06,0.0078689930960536
3498,63.95652173913044,23,20,0.8695652173913043,-0.012913972401065621,0.19128267112923114,8.004650226212107e-06,0.14006932079792023
3499,-105.44117647058823,204,202,0.9855882352941177,0.03052507318822162,0.012229152960893877,7.441653906425927e-06,0.7078198194503784
3500,63.95652173913044,23,20,0.8695652173913043,0.019137699071507086,0.21579749309834995,7.28414170225733e-06,0.024216940626502037
3501,43.8930817610063,53,52,0.9689308176100629,0.07370175765597092,0.13083935973781924,8.118660844047554e-06,3.6458518505096436
3502,-5.317152103559877,103,101,0.9768284789644013,0.00591758398862935,0.03652020899757456,8.200660886359401e-06,1.1773616075515747
3503,63.95652173913044,23,20,0.8695652173913043,-0.06186664479901083,0.014101748054947905,8.201333912438713e-06,0.10969267785549164
3504,63.95652173913044,23,20,0.8695652173913043,-0.05922644325642068,0.03274403556500438,8.200847332773264e-06,0.0015731538878753781
3505,-100.71524288107203,199,196,0.9828475711892797,0.004562653069299927,0.2627979198909421,8.170410183083732e-06,0.21819879114627838
3506,47.625850340136054,49,48,0.9662585034013605,-0.0723489201668599,0.6939384199300392,8.962575520854443e-06,3.625955581665039
3507,63.95652173913044,23,20,0.8695652173913043,-0.13025644504068623,0.016097292167458477,8.961587809608318e-06,0.14716491103172302
3508,47.13333333333334,50,49,0.9713333333333334,-0.00205803912275071,0.22196036010742137,1.0093268429045565e-05,4.919668674468994
3509,40.95652173913044,46,40,0.8695652173913043,-0.14013917807324106,0.016913057328221237,1.0093146556755528e-05,0.017594359815120697
3510,-9.541666666666657,96,83,0.8645833333333334,0.007961938943196856,0.12698699090440285,1.0093290256918408e-05,0.014721735380589962
3511,-99.21885521885523,198,196,0.9878114478114478,0.039661584801941714,0.03220400669748002,1.016663827613229e-05,1.0103932619094849
3512,63.95652173913044,23,20,0.8695652173913043,-0.006649793902183898,1.35583950464259,1.0160700185224414e-05,0.037896256893873215
3513,59.33333333333334,24,20,0.8333333333333334,-0.07275922836333848,0.4434745381184795,1.0160882084164768e-05,0.09798926115036011
3514,40.95652173913044,46,40,0.8695652173913043,-0.1057060620842094,0.19771455814029196,1.0057628969661891e-05,0.05157334730029106
3515,-7.631578947368411,95,83,0.8736842105263158,-0.013205658276433496,0.003827578395039721,1.0056311111839022e-05,0.011295720003545284
3516,63.95652173913044,23,20,0.8695652173913043,-0.021560830718954094,0.5081776311417636,1.005610465654172e-05,0.014160864055156708
3517,-106.9479674796748,205,202,0.980520325203252,0.08273459083240846,0.1679374148658302,1.0115269105881453e-05,0.9473615884780884
3518,46.56410256410257,52,52,0.9856410256410256,0.05034565044320516,0.05420461778879826,1.0041116183856502e-05,0.9693427085876465
3519,40.95652173913044,46,40,0.8695652173913043,-0.18813307474920293,0.04737545381304731,1.0040922461485025e-05,0.03472356125712395
3520,40.95652173913044,46,40,0.8695652173913043,-0.20393886938518335,0.08161591328032904,1.0040679626399651e-05,0.007385859731584787
3521,-7.631578947368411,95,83,0.8736842105263158,0.008342011795321014,0.041415438195074095,1.0002049748436548e-05,0.015108642168343067
3522,40.95652173913044,46,40,0.8695652173913043,-0.19165861319561373,0.08122598420448135,1.0001828741224017e-05,0.0973011925816536
3523,-9.541666666666657,96,83,0.8645833333333334,0.011454798619752182,0.13994224801993416,9.513416443951428e-06,0.005466016475111246
3524,-110.85964912280701,209,206,0.9814035087719298,0.02114803578815838,0.061419984626043436,9.531252544547897e-06,0.6678245663642883
3525,-7.051282051282058,104,101,0.9694871794871794,0.021916944916585118,0.025593884580268518,9.651167601987254e-06,1.3580783605575562
3526,63.95652173913044,23,20,0.8695652173913043,-0.051100889289955376,0.03872797871515954,8.884721864887979e-06,0.06838369369506836
3527,40.95652173913044,46,40,0.8695652173913043,-0.07390822581510292,0.012648811849991686,8.849386176734697e-06,0.0072929589077830315
3528,40.95652173913044,46,40,0.8695652173913043,-0.06234128401410999,0.016856098338038805,8.74996476341039e-06,0.014158028177917004
3529,63.95652173913044,23,20,0.8695652173913043,-0.01733859636260604,0.13818226464743866,8.74987290444551e-06,0.03752405196428299
3530,-106.9479674796748,205,202,0.980520325203252,0.0648381282002808,0.1436666405690955,8.825693839753512e-06,1.1014771461486816
3531,-5.71844660194175,103,101,0.9728155339805825,0.043054213713465295,0.007122655374728161,8.790595529717393e-06,1.200021505355835
3532,59.33333333333334,24,20,0.8333333333333334,-0.028652065900132584,0.04875141625640289,8.654277735331561e-06,0.060440219938755035
3533,-2.8151815181518174,101,100,0.9818481848184818,0.02638513562153122,0.040074748113010636,8.63507102621952e-06,0.2690753936767578
3534,49.36879432624113,47,46,0.9636879432624114,0.06449060770624476,0.07467032447167021,8.648808034195099e-06,0.4719221591949463
3535,-100.66834170854271,199,196,0.9833165829145729,0.04241050559026731,0.45854704750659997,8.795770554570481e-06,1.5598833560943604
3536,-4.91585760517799,103,102,0.98084142394822,0.017568663395231,0.003002354539158574,8.828653335513081e-06,0.7586039900779724
3537,-8.937694704049846,107,106,0.9806230529595016,0.02338669314495972,0.009245550492413435,8.952582902566064e-06,1.4571772813796997
3538,-5.961538461538453,104,103,0.9803846153846154,0.006713827465276325,0.002181091585814026,8.963859727373347e-06,0.6273558139801025
3539,-3.4224422442244276,101,99,0.9757755775577558,0.039169440193803334,0.029442533789481445,8.562436960346531e-06,1.0495396852493286
3540,43.888888888888886,45,40,0.8888888888888888,-0.022863960142331052,0.2039380627606412,8.561958566133399e-06,0.026541324332356453
3541,43.888888888888886,45,40,0.8888888888888888,-0.029071258131807554,0.18089268491014288,8.530837476428133e-06,0.09449099749326706
3542,38.1063829787234,47,40,0.851063829787234,-0.07377227986762591,0.030516268412412728,8.531302228220738e-06,0.08897679299116135
3543,-100.66834170854271,199,196,0.9833165829145729,0.01387274050824,0.14939740749063116,8.560118658351712e-06,0.769159197807312
3544,40.95652173913044,46,40,0.8695652173913043,-0.03526172691941554,0.012022041894688584,8.560246897104662e-06,0.0368616096675396
3545,63.95652173913044,23,20,0.8695652173913043,-0.061826548801946046,0.036104294929362624,8.504194738634396e-06,0.13458417356014252
3546,-9.541666666666657,96,83,0.8645833333333334,-0.02431478034552015,0.03100133216322365,8.491576409141999e-06,0.020064011216163635
3547,43.8930817610063,53,52,0.9689308176100629,0.18752901176856085,0.2439875282862296,8.741627425479237e-06,1.960047960281372
3548,-110.85964912280701,209,206,0.9814035087719298,0.04735057306506274,0.030983509733458762,8.882482688932214e-06,1.5685420036315918
3549,-7.631578947368411,95,83,0.8736842105263158,-0.01849673230344706,0.002268590743978255,8.88213708094554e-06,0.009366030804812908
3550,-100.66834170854271,199,196,0.9833165829145729,0.05131403359677891,0.023608506245669465,9.050909284269437e-06,1.76063072681427
3551,63.95652173913044,23,20,0.8695652173913043,-0.14613681425907998,0.6424735258868424,9.05193155631423e-06,0.12174328416585922
3552,-2.953795379537965,101,100,0.9804620462046204,0.022243707371146115,0.03170215003105875,9.093892913369928e-06,0.9195749759674072
3553,-7.1079365079365004,105,104,0.978920634920635,0.005713156935966171,0.007881229574124092,8.898047781258356e-06,1.807239294052124
3554,49.02721088435375,49,49,0.9802721088435374,0.1026734072601947,0.36863690024733725,9.059559488378e-06,2.1742911338806152
3555,-5.702127659574472,94,83,0.8829787234042553,-0.02234339406830088,0.0019886144502057577,9.059555850399192e-06,0.001178273349069059
3556,48.102040816326536,49,48,0.9710204081632653,0.03653232190667191,0.25086548903020744,9.343230885860976e-06,2.0678226947784424
3557,-7.1079365079365004,105,104,0.978920634920635,0.001601941394549538,0.019283421701063223,9.088711522053927e-06,0.8510679006576538
3558,48.68707482993197,49,48,0.9768707482993197,0.025928832674708246,0.05452855083029817,1.1510681360960007e-05,6.2456865310668945
3559,-9.541666666666657,96,83,0.8645833333333334,0.005191744568662671,0.1655954485046351,1.149216950580012e-05,0.010908377356827259
3560,38.1063829787234,47,40,0.851063829787234,-0.13306858087582896,0.01222620295358361,1.146980321209412e-05,0.003134679514914751
3561,40.95652173913044,46,40,0.8695652173913043,-0.130974553584565,0.12626219887439677,1.1469875971670263e-05,0.05454675108194351
3562,-9.541666666666657,96,83,0.8645833333333334,0.007457913467987964,0.11408505903798112,1.1469897799543105e-05,0.0038182754069566727
3563,-105.44117647058823,204,202,0.9855882352941177,0.01913327367031048,0.23871319678347086,1.1489998541946989e-05,0.5596137642860413
3564,63.95652173913044,23,20,0.8695652173913043,-0.061442517766408855,1.6188103599975783,1.1358632036717609e-05,0.047001589089632034
3565,40.95652173913044,46,40,0.8695652173913043,-0.11933171970395051,0.2513039293248063,1.1189050383109134e-05,0.04720012843608856
3566,40.95652173913044,46,40,0.8695652173913043,-0.1420570563725505,0.16469404437151258,1.0980072147503961e-05,0.11882486939430237
3567,-109.40064102564102,208,206,0.9859935897435897,0.07699606955637589,0.021271872345546644,1.1035377610824071e-05,0.8900343179702759
3568,-5.961538461538453,104,103,0.9803846153846154,-0.005776499785419276,0.0948460205677815,1.106327908928506e-05,0.6259620785713196
3569,43.888888888888886,45,40,0.8888888888888888,-0.13777580006626522,0.20035837405986678,1.1062906196457334e-05,0.06109008565545082
3570,46.46153846153847,52,52,0.9846153846153847,0.15170745073938097,0.03957344257079143,1.1141223694721702e-05,1.3857604265213013
3571,43.8930817610063,53,52,0.9689308176100629,0.09814359013525614,0.18474220268700847,1.1143411938974168e-05,0.28638944029808044
3572,63.95652173913044,23,20,0.8695652173913043,-0.14660862616574377,0.01740109467965567,1.1143444680783432e-05,0.0789719745516777
3573,63.95652173913044,23,20,0.8695652173913043,-0.15791353398708452,0.021855531754015445,1.102352234738646e-05,0.1625964194536209
3574,63.95652173913044,23,20,0.8695652173913043,-0.1533788926247439,0.016866863825104494,1.0923881745839026e-05,0.0018446408212184906
3575,47.29931972789116,49,48,0.9629931972789115,-0.07426656255478292,0.46626520669229643,1.0790093256218825e-05,2.6368439197540283
3576,-105.54575163398692,204,201,0.9845424836601308,0.06501721233043578,0.015633886509807765,1.081005666492274e-05,0.5106889009475708
3577,-7.631578947368411,95,83,0.8736842105263158,-0.013669290494107145,0.009992465473170507,1.0809923878696281e-05,0.010722947306931019
3578,-5.702127659574472,94,83,0.8829787234042553,-0.02772740638670257,0.08713703151590162,1.0809806553879753e-05,3.503319385345094e-05
3579,-4.915032679738559,102,100,0.9708496732026144,0.019285511930041466,0.06877286692644688,1.0998473953804933e-05,1.7013455629348755
3580,40.95652173913044,46,40,0.8695652173913043,-0.09125428367588029,0.4599734008679919,1.0998494872183073e-05,0.05501445010304451
3581,-4.2549019607843235,102,100,0.9774509803921568,0.006656153888933071,0.029121240391327526,1.1145961252623238e-05,1.5137850046157837
3582,-7.631578947368411,95,83,0.8736842105263158,-0.006055350201791043,0.004493698500775794,1.1145938515255693e-05,0.010138150304555893
3583,47.625850340136054,49,48,0.9662585034013605,0.015127117586169025,0.7423033136534923,1.1158435881952755e-05,0.4813529849052429
3584,-108.53945249597423,207,204,0.9846054750402576,-0.046170537321007274,0.35329041857276167,1.1157530934724491e-05,0.11082138866186142
3585,63.95652173913044,23,20,0.8695652173913043,-0.006913550971148652,3.580398257505744,1.1157491826452315e-05,0.028470145538449287
3586,63.95652173913044,23,20,0.8695652173913043,-0.04643317933475544,2.3493677427649358,1.1157385415572207e-05,0.06900090724229813
3587,63.95652173913044,23,20,0.8695652173913043,-0.06727918067304017,0.878968402881414,1.115710438170936e-05,0.00395713746547699
3588,63.95652173913044,23,20,0.8695652173913043,-0.14880063584132586,0.0674074442026722,1.1157773769809864e-05,0.1333896368741989
3589,-7.631578947368411,95,83,0.8736842105263158,0.013261038598997743,0.21781144043141357,1.0554016625974327e-05,0.020167017355561256
3590,-7.631578947368411,95,83,0.8736842105263158,0.016838850529211413,0.28821598199638543,1.014583176583983e-05,0.046147238463163376
3591,63.95652173913044,23,20,0.8695652173913043,-0.2502232646984339,1.9924887843262695,1.014587815006962e-05,0.040883731096982956
3592,59.33333333333334,24,20,0.8333333333333334,-0.2825910383453447,2.964357190172251,9.241565749107394e-06,0.10892320424318314
3593,-5.702127659574472,94,83,0.8829787234042553,0.02483323508124613,0.007910053935065275,9.241498446499463e-06,0.010390723124146461
3594,-2.8151815181518174,101,100,0.9818481848184818,0.03257520152476445,0.05003005477789198,9.24292271520244e-06,0.13787344098091125
3595,46.626666666666665,50,49,0.9662666666666667,-0.02431774804393466,0.03098803291420893,1.0030252269643825e-05,3.6047356128692627
3596,63.95652173913044,23,20,0.8695652173913043,-0.006455064711190062,2.694379327710804,9.801022315514274e-06,0.07253038883209229
3597,-5.702127659574472,94,83,0.8829787234042553,-0.008585440589861548,0.03524906044185541,9.80103050096659e-06,0.009372521191835403
3598,-3.4224422442244276,101,99,0.9757755775577558,0.019420248125969253,0.04929758914909294,9.847030923992861e-06,0.8098256587982178
3599,63.95652173913044,23,20,0.8695652173913043,0.035227320238846005,4.494081159214443,9.810652045416646e-06,0.010846121236681938
3600,63.95652173913044,23,20,0.8695652173913043,0.030131433140923036,3.5236099765613216,9.810963092604652e-06,0.03715984895825386
3601,59.33333333333334,24,20,0.8333333333333334,-0.03237285696195613,0.5996675179903512,9.013233466248494e-06,0.08536466956138611
3602,-108.53945249597423,207,204,0.9846054750402576,0.03999678548096708,0.0477210849139671,8.973437616077717e-06,0.8697966933250427
3603,40.95652173913044,46,40,0.8695652173913043,-0.23475886413530134,0.10834070707025845,8.97325935511617e-06,0.0908249169588089
3604,-104.76026272577997,203,200,0.9823973727422003,0.0351726002909345,0.11736172962159515,9.184838745568413e-06,1.830060601234436
3605,40.95652173913044,46,40,0.8695652173913043,-0.25437878713728423,0.6075638922291695,9.181495443044696e-06,0.019954580813646317
3606,-4.59223300970875,103,102,0.9840776699029126,0.0304304510203508,0.2812044191232774,8.378717211598996e-06,0.38953784108161926
3607,-109.9326923076923,208,204,0.9806730769230769,0.03910058925479376,0.11378829425672013,8.921902008296456e-06,3.0125768184661865
3608,46.7516339869281,51,51,0.977516339869281,-0.05439665762008359,2.357215111680901,7.57208317736513e-06,1.8719090223312378
3609,40.95652173913044,46,40,0.8695652173913043,-0.22325904598699253,0.5584242127223078,7.572271897515748e-06,0.044463466852903366
3610,59.33333333333334,24,20,0.8333333333333334,-0.08810565866224351,0.6753631687323818,7.573106358904624e-06,0.09211805462837219
3611,40.95652173913044,46,40,0.8695652173913043,-0.09847307735526556,0.013413214426027942,7.524735337938182e-06,0.0074327741749584675
3612,63.95652173913044,23,20,0.8695652173913043,0.05220964808904682,0.9323668075039198,7.5246052801958285e-06,0.01573447696864605
3613,46.733333333333334,50,49,0.9673333333333334,0.0662378607319738,0.2633428840356551,7.523417025367962e-06,0.20045164227485657
3614,59.33333333333334,24,20,0.8333333333333334,0.08852519134597969,0.6417050764922365,7.5241446211293805e-06,0.0910336822271347
3615,-7.051282051282058,104,101,0.9694871794871794,0.055280406873830144,0.2537319018356031,7.607614861626644e-06,1.2915047407150269
3616,40.95652173913044,46,40,0.8695652173913043,-0.07682087243210844,0.2305946175095297,7.608603482367471e-06,0.10843034088611603
3617,-3.3594771241830017,102,101,0.9864052287581699,0.05788489574110389,0.03497937825613776,7.581033514725277e-06,0.6037576198577881
3618,63.95652173913044,23,20,0.8695652173913043,0.05053463316289708,0.5221089848471517,7.508733233407838e-06,0.06029362231492996
3619,63.95652173913044,23,20,0.8695652173913043,0.00923296631140147,0.13044026178140133,7.510319846915081e-06,0.14652150869369507
3620,59.33333333333334,24,20,0.8333333333333334,-0.04552624224652391,0.36053551260634686,7.510881459893426e-06,0.07613421231508255
3621,-7.1079365079365004,105,104,0.978920634920635,0.04729613803851973,0.058862507171939304,7.898841431597248e-06,2.6593589782714844
3622,43.704402515723274,53,52,0.9670440251572328,0.06900096788907513,1.077933794919403,8.34129150462104e-06,2.541553020477295
3623,-9.043613707165107,107,105,0.979563862928349,0.05467095762796781,0.04907285079074091,8.510751285939477e-06,1.807356357574463
3624,43.888888888888886,45,40,0.8888888888888888,-0.2546603913833678,0.23388519552828946,8.501288903062232e-06,0.28215935826301575
3625,-6.480769230769226,104,102,0.9751923076923077,0.07686380209995834,0.01968648573900353,8.668156624480616e-06,2.190372943878174
3626,-110.85964912280701,209,206,0.9814035087719298,0.1591291910315782,0.030001361184134254,9.082043106900528e-06,2.7650365829467773
3627,-7.631578947368411,95,83,0.8736842105263158,-0.05070479470077771,0.011951161803493399,9.081974894797895e-06,0.007417165674269199
3628,38.1063829787234,47,40,0.851063829787234,-0.2276143865415179,0.5819307631545111,9.082847100216895e-06,0.09106085449457169
3629,63.95652173913044,23,20,0.8695652173913043,-0.058421926710479966,0.17207161805287363,9.082539691007696e-06,0.023342067375779152
3630,46.7516339869281,51,51,0.977516339869281,0.05784869642175061,0.13720211600813403,9.041663361131214e-06,0.6101466417312622
3631,-8.937694704049846,107,106,0.9806230529595016,-0.03840304512187509,0.1262122043531223,9.000928002933506e-06,0.7979042530059814
3632,43.888888888888886,45,40,0.8888888888888888,-0.07634527551999781,0.2636410954978823,9.001697435451206e-06,0.1115809828042984
3633,63.95652173913044,23,20,0.8695652173913043,0.027864967795721896,0.7500018557793179,9.003801096696407e-06,0.09285124391317368
3634,40.95652173913044,46,40,0.8695652173913043,-0.06280203000937945,0.16017693385824572,8.999302735901438e-06,0.06158140301704407
3635,-4.2549019607843235,102,100,0.9774509803921568,-0.03163864720793383,0.014619935046411792,8.941287887864746e-06,1.169028401374817
3636,40.95652173913044,46,40,0.8695652173913043,-0.07736122186850025,0.11689428372269983,8.92108346306486e-06,0.07961774617433548
3637,-9.043613707165107,107,105,0.979563862928349,-0.05474276442067172,0.03418857933834066,8.907508345146198e-06,1.3700991868972778
3638,47.625850340136054,49,48,0.9662585034013605,0.05052045567096641,0.043214887923477274,1.000200973066967e-05,4.116678237915039
3639,63.95652173913044,23,20,0.8695652173913043,-0.00843600934240385,0.29018051250520216,9.947173566615675e-06,0.06007266044616699
3640,43.888888888888886,45,40,0.8888888888888888,-0.10525674247583083,0.10159910849089826,9.949252671503928e-06,0.17990539968013763
3641,-7.051282051282058,104,101,0.9694871794871794,-0.015466280528528387,0.028124868229814814,9.94808397081215e-06,0.11639100313186646
3642,40.95652173913044,46,40,0.8695652173913043,-0.15666900681526386,0.040827918898915835,9.948031220119447e-06,0.08426415920257568
3643,-5.71844660194175,103,101,0.9728155339805825,0.005713415693109569,0.10664713810459792,1.0018916327680927e-05,1.362624168395996
3644,-102.70149253731343,201,198,0.9829850746268657,0.07559576861412576,0.3356341267652833,1.0142891369468998e-05,1.5296666622161865
3645,38.1063829787234,47,40,0.851063829787234,-0.17661189775844832,0.30527894816680234,1.0141624443349428e-05,0.028176765888929367
3646,-105.44117647058823,204,202,0.9855882352941177,0.05475009169737888,0.2720003179082801,1.0276899956807029e-05,1.6095186471939087
3647,-104.1881188118812,202,198,0.9781188118811881,0.06490592180591281,0.36154813011945697,1.0108936294273008e-05,1.4572343826293945
3648,-5.317152103559877,103,101,0.9768284789644013,-0.01553340920042817,0.14642794263719833,1.0000390830100514e-05,0.6312091946601868
3649,-9.541666666666657,96,83,0.8645833333333334,-0.08321849351171551,0.0023756500323284246,1.0000330803450197e-05,0.005461656488478184
3650,43.888888888888886,45,40,0.8888888888888888,-0.11173750408488559,0.02697398583722954,9.842211511568166e-06,0.0992700532078743
3651,-9.541666666666657,96,83,0.8645833333333334,-0.08257789124639814,0.0023480794381847934,9.840875463851262e-06,0.025392858311533928
3652,63.95652173913044,23,20,0.8695652173913043,-0.04373086518933178,0.0236454348641022,9.804326509765815e-06,0.05177414417266846
3653,40.95652173913044,46,40,0.8695652173913043,-0.09503128783474857,0.01161935355902366,9.630018212192226e-06,0.013532735407352448
3654,40.95652173913044,46,40,0.8695652173913043,-0.10191164150819532,0.01820385391259549,9.305730600317474e-06,0.04178515821695328
3655,-3.4224422442244276,101,99,0.9757755775577558,-0.017028502778585364,0.35513883031718496,9.30763144424418e-06,0.3560342490673065
3656,43.704402515723274,53,52,0.9670440251572328,0.12246963040513606,0.10686202866360994,1.1225243724766187e-05,5.87462043762207
3657,-5.702127659574472,94,83,0.8829787234042553,-0.093699783362581,0.16298784601463617,1.1190460099896882e-05,0.006303295027464628
3658,-5.702127659574472,94,83,0.8829787234042553,-0.09908259958223198,0.16071432663107119,8.693581548868679e-06,0.03362693265080452
3659,40.95652173913044,46,40,0.8695652173913043,-0.08286383740863812,0.011281533285306178,8.693955351191107e-06,0.05555201694369316
3660,40.95652173913044,46,40,0.8695652173913043,-0.10274526935349826,0.010429203048280482,8.697220437170472e-06,0.20910698175430298
3661,43.888888888888886,45,40,0.8888888888888888,-0.07163844192018587,0.055397877011756025,8.697066732565872e-06,0.03579699620604515
3662,63.95652173913044,23,20,0.8695652173913043,-0.02821752624322471,0.045541039946538575,8.697902558196802e-06,0.09719415754079819
3663,-108.53945249597423,207,204,0.9846054750402576,-0.026303525836149623,0.05066204989457701,8.703774255991448e-06,0.6584423780441284
3664,63.95652173913044,23,20,0.8695652173913043,-0.02704842915706962,0.01289040241607775,8.705064828973264e-06,0.13926656544208527
3665,63.95652173913044,23,20,0.8695652173913043,-0.014902698876539944,0.011943900326627954,8.704922947799787e-06,0.026845581829547882
3666,-100.66834170854271,199,196,0.9833165829145729,0.006798159342357078,0.08149645126014335,8.723175596969668e-06,0.7323914766311646
3667,40.95652173913044,46,40,0.8695652173913043,-0.10705910669639707,0.054900558761484364,8.691861694387626e-06,0.1020452082157135
3668,-110.85964912280701,209,206,0.9814035087719298,0.049295549571483355,0.024218450674534486,8.799873285170179e-06,1.5577808618545532
3669,59.33333333333334,24,20,0.8333333333333334,-0.05162325307173887,0.32668304587869557,8.799512215773575e-06,0.012489914894104004
3670,-9.541666666666657,96,83,0.8645833333333334,-0.05307371964613594,0.015561330860667856,8.65256333781872e-06,0.01146439928561449
3671,-5.702127659574472,94,83,0.8829787234042553,-0.0607533355423584,0.24517773984278932,8.641697604616638e-06,0.030820341780781746
3672,-109.9326923076923,208,204,0.9806730769230769,0.10855287884484909,0.04172530911426834,9.13482017494971e-06,3.027409076690674
3673,-9.541666666666657,96,83,0.8645833333333334,-0.041461212207195786,0.013058985059235305,9.13225539989071e-06,0.05073104798793793
3674,-5.961538461538453,104,103,0.9803846153846154,-0.004284660044636013,0.14943928990371222,9.12990617507603e-06,0.285249799489975
3675,47.625850340136054,49,48,0.9662585034013605,0.03722198651838049,0.09211966583777502,1.0312715858162846e-05,5.020500659942627
3676,59.33333333333334,24,20,0.8333333333333334,-0.017797274810618546,0.10703367353440987,1.0308770470146555e-05,0.12279283255338669
3677,63.95652173913044,23,20,0.8695652173913043,-0.007032894005874368,0.6011670014993794,1.0309211575076915e-05,0.05571601912379265
3678,63.95652173913044,23,20,0.8695652173913043,0.001353896789510145,0.21947020300216202,1.0309384379070252e-05,0.031155841425061226
3679,63.95652173913044,23,20,0.8695652173913043,-0.04613250903594235,0.020890168610085524,1.0167948857997544e-05,0.08660998940467834
3680,40.95652173913044,46,40,0.8695652173913043,-0.11987471411322304,0.07999263800570532,1.0168130756937899e-05,0.06981971859931946
3681,-7.631578947368411,95,83,0.8736842105263158,-0.05989588937020329,0.04059789699393842,1.0056128303403966e-05,0.015569658018648624
3682,46.7516339869281,51,51,0.977516339869281,0.011650150227618727,0.7503361480843189,1.031406191032147e-05,1.9127728939056396
3683,-100.66834170854271,199,196,0.9833165829145729,-0.008532426757736423,0.8543706445753242,1.0299181667505763e-05,0.49260708689689636
3684,46.626666666666665,50,49,0.9662666666666667,-0.0498250602868211,1.2946704328905136,1.1858487596327905e-05,4.922766208648682
3685,-5.702127659574472,94,83,0.8829787234042553,-0.056950054539385064,0.001666716933864396,1.1858461220981553e-05,0.018559511750936508
3686,-9.541666666666657,96,83,0.8645833333333334,-0.056950792086581714,0.049241989932250374,1.1858173820655793e-05,0.011478913947939873
3687,63.95652173913044,23,20,0.8695652173913043,-0.12901538683627223,0.07931399919047522,1.1859025107696652e-05,0.11756707727909088
3688,-8.937694704049846,107,106,0.9806230529595016,0.003824009280366525,0.09510489182862841,1.2109318049624562e-05,2.122985363006592
3689,43.704402515723274,53,52,0.9670440251572328,0.09075729853453142,0.06600090979597795,1.2282273928576615e-05,1.5749632120132446
3690,59.33333333333334,24,20,0.8333333333333334,-0.10516346582880942,0.016968274491944157,1.2282243915251456e-05,0.034603945910930634
3691,-8.937694704049846,107,106,0.9806230529595016,-0.0036180751371290825,0.36273936540260476,1.2656750186579302e-05,2.577662944793701
3692,40.95652173913044,46,40,0.8695652173913043,-0.10239052285987782,0.1207790895016975,1.2656022590817884e-05,0.040724363178014755
3693,-7.631578947368411,95,83,0.8736842105263158,-0.05033505801964111,0.15003497945321478,1.2656081707973499e-05,0.019558100029826164
3694,-7.631578947368411,95,83,0.8736842105263158,-0.06120160151579057,0.20884051954074895,1.2657008483074605e-05,0.0333830788731575
3695,63.95652173913044,23,20,0.8695652173913043,-0.0260915183632362,1.4363340089233694,1.1794580132118426e-05,0.02540237456560135
3696,-109.9326923076923,208,204,0.9806730769230769,0.117857907497523,0.023475465833662012,1.2266910744074266e-05,2.946230411529541
3697,43.888888888888886,45,40,0.8888888888888888,-0.07939691700767071,0.4471618933034549,1.2266911653568968e-05,0.008959141559898853
3698,-9.541666666666657,96,83,0.8645833333333334,-0.05790235397142851,0.0021288097374016495,1.2244732715771534e-05,0.02473093941807747
3699,-2.8151815181518174,101,100,0.9818481848184818,0.0030996836354972856,0.14708085809683002,1.2243019227753393e-05,0.125559002161026
3700,-8.937694704049846,107,106,0.9806230529595016,-0.015498601233285392,0.012348825396821406,1.2384173714963254e-05,1.712410807609558
3701,43.8930817610063,53,52,0.9689308176100629,0.09385169021636841,0.06300393133102844,1.3720997230848297e-05,4.487987518310547
3702,48.102040816326536,49,48,0.9710204081632653,-0.002191411537111776,0.11462732736567816,1.5070345398271456e-05,4.615054130554199
3703,47.13333333333334,50,49,0.9713333333333334,0.010633960161575473,0.17330487679539353,2.4428654796793126e-05,12.28896713256836
3704,63.95652173913044,23,20,0.8695652173913043,-0.14726492480804154,0.016585258635252842,2.4214690711232834e-05,0.11228152364492416
3705,-9.541666666666657,96,83,0.8645833333333334,-0.04396811256994937,0.16641621979183718,2.4214536097133532e-05,0.005538820289075375
3706,40.95652173913044,46,40,0.8695652173913043,-0.1600296394043994,0.030988093390683757,2.4203096472774632e-05,0.07220384478569031
3707,40.95652173913044,46,40,0.8695652173913043,-0.15767515751576866,0.020765393606815508,2.3620381398359314e-05,0.03369300812482834
3708,-4.91585760517799,103,102,0.98084142394822,-0.011391033153201446,0.008313822318485542,2.3426393454428762e-05,0.7356242537498474
3709,-9.541666666666657,96,83,0.8645833333333334,-0.04149541944161683,0.10351354819877584,2.3426677216775715e-05,0.011368273757398129
3710,40.95652173913044,46,40,0.8695652173913043,-0.1414128106807766,0.08676523314452034,2.342662810406182e-05,0.07662661373615265
3711,63.95652173913044,23,20,0.8695652173913043,-0.0804602934945251,0.8272320978063803,2.3426558982464485e-05,0.11458871513605118
3712,43.8930817610063,53,52,0.9689308176100629,0.09676696586323034,0.08682842329294901,2.5998702767537907e-05,6.584052562713623
3713,-3.764705882352942,102,101,0.9823529411764705,0.023513245470331068,0.030378892757005223,2.6428315322846174e-05,2.518679141998291
3714,-3.4224422442244276,101,99,0.9757755775577558,0.005339465868490871,0.03959794599713503,2.648339795996435e-05,0.8247315883636475
3715,63.95652173913044,23,20,0.8695652173913043,-0.05825995317714727,0.1720425520634885,2.636024510138668e-05,0.016041072085499763
3716,49.36879432624113,47,46,0.9636879432624114,-0.0738010659308756,0.23526502659171247,2.8221200409461744e-05,5.661294937133789
3717,-4.91585760517799,103,102,0.98084142394822,-0.001696189811816018,0.006522296966911485,2.8271258997847326e-05,1.0123803615570068
3718,49.02721088435375,49,49,0.9802721088435374,-0.03667442527320475,0.037198850350283426,2.9410703064058907e-05,4.515412330627441
3719,-100.66834170854271,199,196,0.9833165829145729,-0.01728113700179191,0.8238952018211008,2.946550739579834e-05,0.7377539277076721
3720,-104.1881188118812,202,198,0.9781188118811881,0.005914017387668174,0.5749984132161582,2.951107126136776e-05,0.6604890823364258
3721,40.95652173913044,46,40,0.8695652173913043,-0.08430512526371103,0.016114390873599227,2.8999807909713127e-05,0.035177040845155716
3722,-5.71844660194175,103,101,0.9728155339805825,0.052404611055692385,0.11890328841756306,2.9234890462248586e-05,2.8163514137268066
3723,-105.54575163398692,204,201,0.9845424836601308,0.07209330203228254,0.02086500788698531,2.9021666705375537e-05,0.5514823198318481
3724,43.8930817610063,53,52,0.9689308176100629,0.11569340615369215,0.04123733455220724,2.9145930966478772e-05,1.247603178024292
3725,59.33333333333334,24,20,0.8333333333333334,-0.09850469122284267,0.02477063017531833,2.8795435355277732e-05,0.049556564539670944
3726,-7.631578947368411,95,83,0.8736842105263158,-0.024991996026301422,0.08055015500860856,2.8246677175047807e-05,0.02854292280972004
3727,-11.432989690721655,97,83,0.8556701030927835,-0.004970213429544401,0.009479352299727465,2.8246675356058404e-05,0.007031167391687632
3728,63.95652173913044,23,20,0.8695652173913043,-0.06009667043008449,0.19692449577712345,2.8246915462659672e-05,0.0386904776096344
3729,48.102040816326536,49,48,0.9710204081632653,0.07445396735090348,0.05904287302303146,2.8307522370596416e-05,0.7848594188690186
3730,63.95652173913044,23,20,0.8695652173913043,-0.09781911947175104,0.206751828200872,2.826637137332e-05,0.04724089056253433
3731,-9.541666666666657,96,83,0.8645833333333334,0.004892944280982192,0.03170047009092425,2.8203570764162578e-05,0.028573039919137955
3732,46.46153846153847,52,52,0.9846153846153847,0.08031817365449001,0.05871435104481115,2.8227854272699915e-05,0.9196031093597412
3733,63.95652173913044,23,20,0.8695652173913043,-0.11874680674827687,0.06411659389966218,2.8227881557540968e-05,0.07831482589244843
3734,-9.541666666666657,96,83,0.8645833333333334,-0.008121899569573543,0.009485310675474203,2.8228578230482526e-05,0.014114401303231716
3735,-9.541666666666657,96,83,0.8645833333333334,-0.02736822973344033,0.016292012272566714,2.8106320314691402e-05,0.03841616213321686
3736,40.95652173913044,46,40,0.8695652173913043,-0.19813320459661554,0.08181477177505414,2.8107702746638097e-05,0.050682831555604935
3737,43.888888888888886,45,40,0.8888888888888888,-0.17344210003466287,0.018866713312768457,2.794576357700862e-05,0.005783200729638338
3738,-7.631578947368411,95,83,0.8736842105263158,-0.03303822926190492,0.019033991881277468,2.7033402147935703e-05,0.007623810321092606
3739,-7.631578947368411,95,83,0.8736842105263158,-0.043981735590236326,0.012438395114380753,2.703373320400715e-05,0.013006896711885929
3740,-7.631578947368411,95,83,0.8736842105263158,-0.014339882243973534,0.016985559200037813,2.703454447328113e-05,0.05306464061141014
3741,63.95652173913044,23,20,0.8695652173913043,-0.07907102316835335,0.24356394208253113,2.703012251004111e-05,0.14719703793525696
3742,43.8930817610063,53,52,0.9689308176100629,0.08719258698611773,0.09061930460289602,2.7115034754388034e-05,0.9635106921195984
3743,-108.53945249597423,207,204,0.9846054750402576,0.0886824673162345,0.06266948624442319,2.7916648832615465e-05,3.7206544876098633
3744,-7.631578947368411,95,83,0.8736842105263158,-0.013953471308923326,0.013335833081444329,2.7731806767405942e-05,0.009003441780805588
3745,-7.631578947368411,95,83,0.8736842105263158,-0.010279186641128035,0.038796568678586496,2.773217420326546e-05,0.00903637520968914
3746,46.7516339869281,51,51,0.977516339869281,0.026862866033926656,0.1479658817985735,2.794655301840976e-05,2.8727598190307617
3747,-9.541666666666657,96,83,0.8645833333333334,0.0007797991468123655,0.1328877830344641,2.776659675873816e-05,0.015603924170136452
3748,40.95652173913044,46,40,0.8695652173913043,-0.1702813838385282,0.017421977449054313,2.7719594072550535e-05,0.02556058205664158
3749,63.95652173913044,23,20,0.8695652173913043,-0.0759774197185834,0.09407629346022084,2.7718959245248698e-05,0.057821691036224365
3750,-9.541666666666657,96,83,0.8645833333333334,0.02044295742553004,0.20505494914744163,2.7719819627236575e-05,0.008587771095335484
3751,-105.44117647058823,204,202,0.9855882352941177,0.005252328152478334,0.34400255320284995,2.7876749300048687e-05,1.342042088508606
3752,47.13333333333334,50,49,0.9713333333333334,0.07988842251839488,0.07385350219868769,2.80198801192455e-05,1.827690839767456
3753,-108.53945249597423,207,204,0.9846054750402576,0.08486516394701878,0.20908816872164773,2.8673823180724867e-05,2.9923298358917236
3754,63.95652173913044,23,20,0.8695652173913043,-0.07194208209693898,0.3237619694764078,2.8673766792053357e-05,0.050612933933734894
3755,43.888888888888886,45,40,0.8888888888888888,-0.1288302976486193,0.10074241587583041,2.8654163543251343e-05,0.018361998721957207
3756,-9.043613707165107,107,105,0.979563862928349,0.07938896630522446,0.012414155702077323,2.7776000933954492e-05,3.997878313064575
3757,-9.541666666666657,96,83,0.8645833333333334,0.08779603742851805,0.03562897482596366,2.777572262857575e-05,0.03346608579158783
3758,47.13333333333334,50,49,0.9713333333333334,0.05608034229784842,0.04479025463840092,2.8186133931740187e-05,2.7662911415100098
3759,-5.961538461538453,104,103,0.9803846153846154,0.019364290040627452,0.01343574691668897,2.831268466252368e-05,1.2556253671646118
3760,-4.2549019607843235,102,100,0.9774509803921568,0.0313031891320843,0.030650729385512138,2.9063192414469086e-05,3.331887722015381
3761,63.95652173913044,23,20,0.8695652173913043,-0.07078373623266998,0.1364542255379564,2.9063263355055824e-05,0.10364034026861191
3762,-104.76026272577997,203,200,0.9823973727422003,0.043277970755127626,0.186287807409916,2.9423730666167103e-05,2.285978317260742
3763,-100.66834170854271,199,196,0.9833165829145729,0.015055311176940155,0.351169175879438,2.9553497370216064e-05,1.5269273519515991
3764,-9.541666666666657,96,83,0.8645833333333334,-0.01981277729638009,0.05998584179166529,2.9553404601756483e-05,0.02476365491747856
3765,63.95652173913044,23,20,0.8695652173913043,-0.061140790223703334,0.03068704654343879,2.955339186883066e-05,0.07124017924070358
3766,-9.043613707165107,107,105,0.979563862928349,-0.003139974190091266,0.009228367931761516,3.0206656447262503e-05,3.2588133811950684
3767,63.95652173913044,23,20,0.8695652173913043,-0.06791566149553319,0.01242136555555362,3.020648000529036e-05,0.06297557801008224
3768,-9.541666666666657,96,83,0.8645833333333334,-0.0005069193829712049,0.009291840185409626,3.0038005206733942e-05,0.01955549605190754
3769,63.95652173913044,23,20,0.8695652173913043,-0.08043620206791502,0.02790112611379527,3.003794336109422e-05,0.07163599878549576
3770,63.95652173913044,23,20,0.8695652173913043,-0.09869282239696986,0.03530537704794767,3.0038710974622518e-05,0.17034566402435303
3771,-11.432989690721655,97,83,0.8556701030927835,0.036733336247380066,0.021148144688898574,3.003898382303305e-05,0.017424633726477623
3772,-106.9479674796748,205,202,0.980520325203252,0.15087260620261134,0.1163301684217063,2.9626125979120843e-05,1.666911005973816
3773,-9.541666666666657,96,83,0.8645833333333334,-0.002431983955830219,0.0026723113589033343,2.9625964089063928e-05,0.03811107948422432
3774,40.95652173913044,46,40,0.8695652173913043,-0.1339917073332515,0.0182844692921611,2.9617385735036805e-05,0.06280453503131866
3775,-109.40064102564102,208,206,0.9859935897435897,0.047270005197222464,0.037459087545179404,2.8317184842308052e-05,1.7005997896194458
3776,-112.32698412698412,210,206,0.9767301587301588,0.008561419130488357,0.22638178923717062,2.831703568517696e-05,0.035049423575401306
3777,-104.76026272577997,203,200,0.9823973727422003,-0.016386241615806044,0.23378073722110979,2.8345806640572846e-05,0.6323146820068359
3778,40.95652173913044,46,40,0.8695652173913043,-0.12449772814375137,0.06502716359671307,2.8346117687760852e-05,0.10183421522378922
3779,38.1063829787234,47,40,0.851063829787234,-0.1406179687473923,0.017576755608405215,2.834594670275692e-05,0.048504333943128586
3780,-105.54575163398692,204,201,0.9845424836601308,0.016254174679828624,0.16826591199025168,2.835076884366572e-05,0.23609597980976105
3781,-7.631578947368411,95,83,0.8736842105263158,-0.05940957391091928,0.016937749912545652,2.8350890715955757e-05,0.0177307091653347
3782,59.33333333333334,24,20,0.8333333333333334,0.016666220220940886,0.24162975981850465,2.8134609237895347e-05,0.10364196449518204
3783,63.95652173913044,23,20,0.8695652173913043,0.02966638204179617,0.8014650187771011,2.811778904288076e-05,0.060506001114845276
3784,63.95652173913044,23,20,0.8695652173913043,0.0007057262166654255,0.2538269157121036,2.6630250431480817e-05,0.059015266597270966
3785,63.95652173913044,23,20,0.8695652173913043,-0.03281555602819708,0.010331055923823385,2.6630208594724536e-05,2.0423613023012877e-05
3786,63.95652173913044,23,20,0.8695652173913043,-0.08566050661033842,0.18498580019100938,2.663044142536819e-05,0.07364024221897125
3787,63.95652173913044,23,20,0.8695652173913043,-0.08635202011510046,0.4106383738597117,2.6629806598066352e-05,0.0470045767724514
3788,-7.631578947368411,95,83,0.8736842105263158,0.000990004852994275,0.011801900620302189,2.63536367128836e-05,0.04501507803797722
3789,-9.541666666666657,96,83,0.8645833333333334,-0.0037176089044095306,0.004456415871851263,2.6200352294836193e-05,0.023859968408942223
3790,-9.541666666666657,96,83,0.8645833333333334,-0.0104589527072676,0.003070103673868174,2.620032500999514e-05,0.004343265667557716
3791,-9.541666666666657,96,83,0.8645833333333334,-0.0023668807171119965,0.0040742814308855416,2.5790428480831906e-05,0.0177441518753767
3792,-106.9479674796748,205,202,0.980520325203252,0.1466118999858441,0.02370206235425415,2.5879056920530275e-05,1.1903159618377686
3793,-105.4673202614379,204,202,0.9853267973856209,0.11032459521046553,0.024581973849296255,2.5900855689542368e-05,0.5949697494506836
3794,-8.937694704049846,107,106,0.9806230529595016,-0.014467674727685287,0.011121176216923748,2.6341260308981873e-05,2.6906306743621826
3795,40.95652173913044,46,40,0.8695652173913043,-0.07349155811516539,0.1597436316330212,2.634122756717261e-05,0.00044948089634999633
3796,63.95652173913044,23,20,0.8695652173913043,-0.02468568250219505,0.0757941336122201,2.5812241801759228e-05,0.08156049996614456
3797,40.95652173913044,46,40,0.8695652173913043,-0.060288419144058025,0.04502782724703103,2.5812241801759228e-05,0.03449402377009392
3798,-4.59223300970875,103,102,0.9840776699029126,-0.03365221125936557,0.025684679403766866,2.582481647550594e-05,0.4561040699481964
3799,-7.631578947368411,95,83,0.8736842105263158,-0.04004263519078677,0.06163414911935776,2.5823888790910132e-05,0.008924429304897785
3800,-5.961538461538453,104,103,0.9803846153846154,-0.033161398297963274,0.048714354204925224,2.5642195396358147e-05,0.013179131783545017
3801,59.33333333333334,24,20,0.8333333333333334,0.02399630061336211,0.028005690356369684,2.4397875677095726e-05,0.17822051048278809
3802,-7.631578947368411,95,83,0.8736842105263158,-0.03798686775505189,0.03990980624550525,2.3055041310726665e-05,0.004712987691164017
3803,59.33333333333334,24,20,0.8333333333333334,0.01156604257903382,0.060705452552000216,1.3542468877858482e-05,0.12618263065814972
3804,43.60377358490567,53,52,0.9660377358490566,0.26363762347481284,0.05530089083859673,1.3626768122776411e-05,1.001491665840149
3805,-9.541666666666657,96,83,0.8645833333333334,-0.027015074997411404,0.06338245602318728,1.3626706277136691e-05,0.004606928676366806
3806,47.29931972789116,49,48,0.9629931972789115,0.06698001579242607,0.3098011106579064,1.606571277079638e-05,6.134712219238281
3807,-5.961538461538453,104,103,0.9803846153846154,0.0011401548209599283,0.025810325043272176,1.6080284694908187e-05,0.6387889385223389
3808,-4.59223300970875,103,102,0.9840776699029126,0.00843298659691527,0.07306748984198012,1.6060525013017468e-05,0.33657345175743103
3809,46.733333333333334,50,49,0.9673333333333334,0.027186779214474655,0.7952091136007642,1.6973552192212082e-05,3.7381458282470703
3810,43.8930817610063,53,52,0.9689308176100629,0.11163505022875597,0.7090119667983242,1.8085494957631454e-05,4.176086902618408
3811,63.95652173913044,23,20,0.8695652173913043,-0.17649668560841292,0.12210005599077256,1.808550769055728e-05,0.11532043665647507
3812,63.95652173913044,23,20,0.8695652173913043,-0.13002277039504406,0.013853949533678467,1.5345829524449073e-05,0.09889861941337585
3813,40.95652173913044,46,40,0.8695652173913043,-0.1716926035751385,0.01758629595470662,1.498787423770409e-05,0.0474403090775013
3814,46.7516339869281,51,51,0.977516339869281,0.09947386234127986,0.42795625407993043,1.5010406968940515e-05,0.8700761198997498
3815,-6.480769230769226,104,102,0.9751923076923077,0.04250712397895783,0.32417747576988454,1.5580288163619116e-05,3.1347286701202393
3816,40.95652173913044,46,40,0.8695652173913043,-0.16215509693984131,0.22497983063237526,1.3510741155187134e-05,0.03674378991127014
3817,40.95652173913044,46,40,0.8695652173913043,-0.1516235708709246,0.35382304095770056,1.3467815733747557e-05,0.04206204414367676
3818,40.95652173913044,46,40,0.8695652173913043,-0.16212700726191542,0.44041162796565914,1.2113798220525496e-05,0.05627812445163727
3819,40.95652173913044,46,40,0.8695652173913043,-0.15826064875454904,0.4875353885269471,1.2101754691684619e-05,0.20156633853912354
3820,59.33333333333334,24,20,0.8333333333333334,-0.07944976352155209,1.4412239313313175,1.2090127711417153e-05,0.009928280487656593
3821,63.95652173913044,23,20,0.8695652173913043,-0.06606851877268127,2.596314894715866,1.2090262316633016e-05,0.007880480028688908
3822,46.626666666666665,50,49,0.9662666666666667,-0.0719869873051664,0.12176291353328571,1.2152326235082e-05,2.687422513961792
3823,-100.66834170854271,199,196,0.9833165829145729,-0.02230749145794228,1.6586160537858063,1.2144614629505668e-05,0.35827505588531494
3824,-109.9326923076923,208,204,0.9806730769230769,0.0036614158314253304,0.9764116792528762,1.2141548722865991e-05,1.224623441696167
3825,-104.93760262725779,203,200,0.980623973727422,0.020960827738042198,0.5564002093233398,1.2226566468598321e-05,1.3179582357406616
3826,63.95652173913044,23,20,0.8695652173913043,-0.17431616937255726,0.01501678051761246,1.2226508260937408e-05,0.019245943054556847
3827,-105.44117647058823,204,202,0.9855882352941177,0.11530140936224685,0.026429140878870966,1.225919731950853e-05,0.8873910307884216
3828,40.95652173913044,46,40,0.8695652173913043,-0.3476036023970437,0.14197891635294013,1.2263066309969872e-05,0.22729068994522095
3829,47.13333333333334,50,49,0.9713333333333334,-0.042842767017962746,0.3403040139213382,1.3505890819942579e-05,4.416773796081543
3830,-109.9326923076923,208,204,0.9806730769230769,0.21870898383446222,0.17536172090695,1.4430398550757673e-05,3.9928717613220215
3831,47.266666666666666,50,49,0.9726666666666667,-0.033126784509001084,0.04763446601900512,1.5062818420119584e-05,3.0847511291503906
3832,63.95652173913044,23,20,0.8695652173913043,-0.11032959088151983,1.1243370030793625,1.4999119230196811e-05,0.10644721239805222
3833,46.626666666666665,50,49,0.9662666666666667,-0.04623158921345335,0.15697917608473944,1.5221323337755166e-05,2.0319201946258545
3834,47.266666666666666,50,49,0.9726666666666667,-0.0025022814539568117,0.2516155173188013,1.6225063518504612e-05,3.9224071502685547
3835,40.95652173913044,46,40,0.8695652173913043,-0.17414893848217616,0.22169776993809645,1.6225902072619647e-05,0.1149597242474556
3836,-8.937694704049846,107,106,0.9806230529595016,0.003562010092181488,0.513952070786858,1.910818536998704e-05,6.971550941467285
3837,63.95652173913044,23,20,0.8695652173913043,-0.0684618771992973,1.1678860857768691,1.9108705600956455e-05,0.0668143704533577
3838,47.29931972789116,49,48,0.9629931972789115,-0.12369055366734472,0.042903632019282156,2.1094034309498966e-05,5.541128158569336
3839,-8.937694704049846,107,106,0.9806230529595016,-0.020601900634578924,0.06213868475180975,2.150949694623705e-05,2.723400115966797
3840,63.95652173913044,23,20,0.8695652173913043,-0.06341197037954771,0.2932137274027191,2.1510104488697834e-05,0.08234290778636932
3841,-7.631578947368411,95,83,0.8736842105263158,-0.007169141849885818,0.18408080567458976,2.1508418285520747e-05,0.009498444385826588
3842,63.95652173913044,23,20,0.8695652173913043,-0.05195932401608849,0.02117566639526558,2.1467885744641535e-05,0.09226946532726288
3843,43.888888888888886,45,40,0.8888888888888888,-0.17211512867311285,0.027254541610320607,2.066505294351373e-05,0.006435476243495941
3844,59.33333333333334,24,20,0.8333333333333334,-0.09169476452370873,0.31610388700523373,2.0665635020122863e-05,0.08939851820468903
3845,-7.1079365079365004,105,104,0.978920634920635,-0.007062279858315205,0.011931468418717187,2.0863501049461775e-05,1.8940383195877075
3846,-7.631578947368411,95,83,0.8736842105263158,0.0017025762332423255,0.22598839772658708,2.0311077605583705e-05,0.006259883753955364
3847,63.95652173913044,23,20,0.8695652173913043,-0.025578428480002913,0.16551891795500318,2.0311888874857686e-05,0.09320370852947235
3848,63.95652173913044,23,20,0.8695652173913043,0.007946549360427824,0.15071273261758478,2.0312369088060223e-05,0.07929951697587967
3849,-4.91585760517799,103,102,0.98084142394822,-0.014978163607726552,0.0024132836003206014,2.0340934497653507e-05,0.8414010405540466
3850,63.95652173913044,23,20,0.8695652173913043,0.0018946890751294632,0.04566342683578739,2.034100361925084e-05,0.014208905398845673
3851,63.95652173913044,23,20,0.8695652173913043,0.0021566599619120552,0.012582756244384125,2.0253346519893967e-05,0.05260641127824783
3852,-5.702127659574472,94,83,0.8829787234042553,-0.0068744419161248516,0.10306683856785437,2.001545908569824e-05,0.004730591084808111
3853,63.95652173913044,23,20,0.8695652173913043,-0.011003672832885059,0.05817838609296899,1.951370359165594e-05,0.0374094657599926
3854,47.29931972789116,49,48,0.9629931972789115,-0.04970654095981786,0.6353497661057332,2.010632488236297e-05,2.999373435974121
3855,-8.937694704049846,107,106,0.9806230529595016,-0.005858769365521517,0.02435498850048296,2.0161483917036094e-05,1.047108769416809
3856,-109.9326923076923,208,204,0.9806730769230769,0.035492597417324134,2.4582409559914478,1.927932862599846e-05,1.0728784799575806
3857,-6.480769230769226,104,102,0.9751923076923077,0.0024935900588950516,0.0021450631552882705,1.929320569615811e-05,0.5564722418785095
3858,63.95652173913044,23,20,0.8695652173913043,-0.018220399344158977,0.024326687746426323,1.8790518879541196e-05,0.05538582801818848
3859,40.95652173913044,46,40,0.8695652173913043,-0.10935438892713023,0.02686339858609088,1.870893538580276e-05,0.054780926555395126
3860,63.95652173913044,23,20,0.8695652173913043,-0.02251667730160989,0.023475370516836236,1.8056536646327004e-05,0.06659100949764252
3861,40.95652173913044,46,40,0.8695652173913043,-0.09215666292584501,0.018937073915864744,1.805594547477085e-05,0.01644558645784855
3862,40.95652173913044,46,40,0.8695652173913043,-0.061974000599263945,0.023678521468688096,1.7747624951880425e-05,0.030569318681955338
3863,-100.66834170854271,199,196,0.9833165829145729,0.07501322041071383,0.6355939025099145,1.7687716535874642e-05,1.1544568538665771
3864,49.36879432624113,47,46,0.9636879432624114,-0.024149807924452205,0.055100421885555306,1.9392809917917475e-05,5.254578590393066
3865,-9.043613707165107,107,105,0.979563862928349,0.008882814069937297,0.27724561138530357,1.974693441297859e-05,2.3897318840026855
3866,-9.541666666666657,96,83,0.8645833333333334,-0.0004727027267747985,0.006848634239419306,1.9087799955741502e-05,0.018152013421058655
3867,59.33333333333334,24,20,0.8333333333333334,0.016080614554084605,0.038893128313340686,1.9088174667558633e-05,0.11454127728939056
3868,-104.1881188118812,202,198,0.9781188118811881,0.09359176105275359,0.18867634315661297,1.920103022712283e-05,1.3312420845031738
3869,40.95652173913044,46,40,0.8695652173913043,-0.043494262750868984,0.12761808157077803,1.9200962924514897e-05,0.057712845504283905
3870,43.888888888888886,45,40,0.8888888888888888,-0.03699153705019853,0.29519021078788654,1.9199698726879433e-05,0.05103300139307976
3871,40.95652173913044,46,40,0.8695652173913043,-0.03793070913434349,0.06271275406124921,1.9199678717995994e-05,0.06214751675724983
3872,-4.59223300970875,103,102,0.9840776699029126,0.005562237015645621,0.30845789792175593,1.904102464322932e-05,0.5031740069389343
3873,49.02721088435375,49,49,0.9802721088435374,0.0475678214668136,0.07465209697333011,1.9721750504686497e-05,3.314552068710327
3874,-6.480769230769226,104,102,0.9751923076923077,-0.01185178075627473,0.10786228039434483,2.007503280765377e-05,2.414008617401123
3875,-9.541666666666657,96,83,0.8645833333333334,-0.039395279172822484,0.007198313430912673,1.9901157429558225e-05,0.0012155637377873063
3876,40.95652173913044,46,40,0.8695652173913043,-0.11853306922648699,0.10049531908206077,1.990195050893817e-05,0.1442023515701294
3877,-9.043613707165107,107,105,0.979563862928349,-0.0344030245025804,0.01617009223127291,2.0029447114211507e-05,1.5816175937652588
3878,63.95652173913044,23,20,0.8695652173913043,-0.05844142733985791,0.23069350870868277,2.002926339628175e-05,0.08192265778779984
3879,-7.631578947368411,95,83,0.8736842105263158,-0.05284877808537658,0.001548526638962728,2.002927431021817e-05,0.016866449266672134
3880,-108.53945249597423,207,204,0.9846054750402576,-0.03259393496730501,0.04482921437006038,2.0041721654706635e-05,0.5196399092674255
3881,63.95652173913044,23,20,0.8695652173913043,-0.024521619406868922,0.07133571423348428,2.0042516553075984e-05,0.13501638174057007
3882,49.36879432624113,47,46,0.9636879432624114,-0.016329338641074997,0.4011620347918061,2.0441686501726508e-05,2.535463809967041
3883,49.02721088435375,49,49,0.9802721088435374,0.02225665453477177,0.05006544719440642,2.0454541299841367e-05,0.466496080160141
3884,-104.93760262725779,203,200,0.980623973727422,0.00471631670956782,0.036026520160384545,2.049386421276722e-05,0.8061956763267517
3885,63.95652173913044,23,20,0.8695652173913043,-0.003275008923083078,0.17069934304595336,2.049415525107179e-05,0.09264136850833893
3886,48.68707482993197,49,48,0.9768707482993197,0.03449243217229281,0.04193469336499527,2.224228228442371e-05,5.341152667999268
3887,40.95652173913044,46,40,0.8695652173913043,-0.07776359985109593,0.012206423413175571,2.224253876192961e-05,0.10180822014808655
3888,-108.53945249597423,207,204,0.9846054750402576,0.06012093528446454,0.04708728183988492,2.230979225714691e-05,1.0119402408599854
3889,-7.051282051282058,104,101,0.9694871794871794,0.0013967445938760648,0.08644637081024525,2.238409979327116e-05,1.0733922719955444
3890,-9.541666666666657,96,83,0.8645833333333334,-0.041056848188382844,0.00303263410203622,2.2384136173059233e-05,0.011692031286656857
3891,-4.91585760517799,103,102,0.98084142394822,0.003029509926711249,0.10443416545006638,2.2419273591367528e-05,0.7386736273765564
3892,-7.631578947368411,95,83,0.8736842105263158,-0.04930390494905623,0.0052789007908737515,2.2328893464873545e-05,0.013656207360327244
3893,-9.541666666666657,96,83,0.8645833333333334,-0.038376582651039826,0.017537664857858556,2.230505197076127e-05,0.014241324737668037
3894,63.95652173913044,23,20,0.8695652173913043,-0.09268791353292727,0.020163530243002024,2.1844620277988724e-05,0.1457122564315796
3895,-9.541666666666657,96,83,0.8645833333333334,-0.03586303301045746,0.03209624948003391,2.18446584767662e-05,0.0064467634074389935
3896,-5.317152103559877,103,101,0.9768284789644013,0.003990477375494795,0.028776582985449883,2.1897360056755133e-05,0.8716814517974854
3897,-9.541666666666657,96,83,0.8645833333333334,-0.03415822787360412,0.02155660974358245,2.189753831771668e-05,0.012404851615428925
3898,40.95652173913044,46,40,0.8695652173913043,-0.14307524753326106,0.019210416900922473,2.1882407963857986e-05,0.15125584602355957
3899,46.733333333333334,50,49,0.9673333333333334,0.010636080077995658,0.14294764082187816,2.1887633920414373e-05,0.2623657286167145
3900,-7.631578947368411,95,83,0.8736842105263158,-0.03719526654262495,0.003694460001373414,2.188751386711374e-05,0.005430473014712334
3901,-5.702127659574472,94,83,0.8829787234042553,-0.0337135051066042,0.043204875749144195,2.1886609829380177e-05,0.012484605424106121
3902,-11.432989690721655,97,83,0.8556701030927835,-0.0206939702308091,0.07995108212355244,2.1886726244702004e-05,0.021329406648874283
3903,40.95652173913044,46,40,0.8695652173913043,-0.07636960495074163,0.025479645410021012,2.1886446120333858e-05,0.006612690165638924
3904,-7.631578947368411,95,83,0.8736842105263158,-0.027009588946100394,0.01232892772166655,2.1829711840837263e-05,0.011414162814617157
3905,59.33333333333334,24,20,0.8333333333333334,-0.06327626175334444,0.008202386231340952,2.1830255718668923e-05,0.14588423073291779
3906,47.266666666666666,50,49,0.9726666666666667,0.0738077780723927,0.08198999300005472,2.0290224711061455e-05,3.534806251525879
3907,-9.541666666666657,96,83,0.8645833333333334,-0.024535991252378153,0.001730058738979648,2.0263380065443926e-05,0.012475144118070602
3908,-3.4224422442244276,101,99,0.9757755775577558,0.013600605989937396,0.25821824725283066,2.027626396738924e-05,0.5628904104232788
3909,46.46153846153847,52,52,0.9846153846153847,0.07628265594044437,0.08904527748622176,1.9435969079495408e-05,0.5556830167770386
3910,49.02721088435375,49,49,0.9802721088435374,-0.004338427425608415,0.08404583010411848,1.8435142919770442e-05,1.1673356294631958
3911,48.102040816326536,49,48,0.9710204081632653,-0.048993516465515086,0.3236442183347039,1.8513128452468663e-05,1.1850777864456177
3912,-8.937694704049846,107,106,0.9806230529595016,0.0156665638755037,0.01971592748741285,1.864668956841342e-05,1.5376062393188477
3913,63.95652173913044,23,20,0.8695652173913043,-0.13022825623880951,0.025390322390240763,1.864652949734591e-05,0.0389024093747139
3914,38.1063829787234,47,40,0.851063829787234,-0.20321670947487291,0.21317273663210745,1.8591643311083317e-05,0.024443192407488823
3915,-1.4466666666666583,100,99,0.9855333333333334,0.004110914414695355,0.14440260396927063,1.8068139979732223e-05,1.0234627723693848
3916,-7.631578947368411,95,83,0.8736842105263158,-0.03770494688723147,0.003085767858066532,1.8068121789838187e-05,0.006638126447796822
3917,-7.631578947368411,95,83,0.8736842105263158,-0.039261996771358554,0.005279912523284209,1.806808722903952e-05,0.004922200925648212
3918,-7.051282051282058,104,101,0.9694871794871794,-0.008594841896912066,0.00694299921436878,1.807847547752317e-05,0.4746133089065552
3919,-5.110032362459549,103,101,0.9788996763754045,-0.013353666163421707,0.0045933755904842555,1.8087193893734366e-05,0.49022749066352844
3920,59.33333333333334,24,20,0.8333333333333334,-0.03524525721331884,0.44442591727307246,1.8087213902617805e-05,0.009288801811635494
3921,-9.541666666666657,96,83,0.8645833333333334,-0.033830584769905414,0.06334035728152707,1.8087239368469454e-05,0.0027829951141029596
3922,48.68707482993197,49,48,0.9768707482993197,-0.011197243596257067,0.27323503634707436,1.9096854884992354e-05,4.831563949584961
3923,40.95652173913044,46,40,0.8695652173913043,-0.10929878208082755,0.24257541304368652,1.9090823116130196e-05,0.0004561142413876951
3924,63.95652173913044,23,20,0.8695652173913043,-0.07236192274240238,1.1461942481662106,1.9004497517016716e-05,0.1307840794324875
3925,-7.631578947368411,95,83,0.8736842105263158,-0.02006924824621592,0.006248188641796902,1.8901282601291314e-05,0.03157841041684151
3926,63.95652173913044,23,20,0.8695652173913043,-0.08427010451919159,0.3256883437410494,1.890160456241574e-05,0.09697509557008743
3927,-7.631578947368411,95,83,0.8736842105263158,-0.014034367882786114,0.011340156105183784,1.8854425434255973e-05,0.00508613046258688
3928,40.95652173913044,46,40,0.8695652173913043,-0.1879290941425893,0.060814343391031755,1.8852071661967784e-05,0.02087255008518696
3929,47.625850340136054,49,48,0.9662585034013605,-0.09986504638831661,0.5598802043198716,1.7708951418171637e-05,1.174278736114502
3930,40.95652173913044,46,40,0.8695652173913043,-0.17701221990500926,0.044465528967089565,1.6748403140809387e-05,0.0028564282692968845
3931,-104.93760262725779,203,200,0.980623973727422,0.006595608386173236,0.22305624220324266,1.622907439013943e-05,1.2152808904647827
3932,48.68707482993197,49,48,0.9768707482993197,-0.023831362040937165,0.044159308317787804,1.6862213669810444e-05,3.155867576599121
3933,-7.1079365079365004,105,104,0.978920634920635,0.009811736186009501,0.060298357564331384,1.6691854398231953e-05,1.1382083892822266
3934,63.95652173913044,23,20,0.8695652173913043,-0.030055964409257285,0.6030211730975186,1.5722036550869234e-05,0.09782321006059647
3935,-9.541666666666657,96,83,0.8645833333333334,-0.00226770732927406,0.004343895005555848,1.572132168803364e-05,0.001604679273441434
3936,-5.702127659574472,94,83,0.8829787234042553,-0.010955749850694474,0.10720465436408061,1.2753871487802826e-05,0.02832699567079544
3937,40.95652173913044,46,40,0.8695652173913043,-0.10568383316785912,0.09466781810110358,1.2753972441714723e-05,0.08415187150239944
3938,40.95652173913044,46,40,0.8695652173913043,-0.08278663828241406,0.0955249509984264,1.0846047189261299e-05,0.006996700540184975
3939,-7.631578947368411,95,83,0.8736842105263158,0.006004429336485373,0.03254724147207521,1.0402098268968984e-05,0.02554716356098652
3940,-9.541666666666657,96,83,0.8645833333333334,0.00040519779965109137,0.004123112933133,1.040185452438891e-05,0.0036046786699444056
3941,47.266666666666666,50,49,0.9726666666666667,0.06920656289339888,0.055036946710544044,1.0573731742624659e-05,1.6536462306976318
3942,48.68707482993197,49,48,0.9768707482993197,0.004830691093438588,0.0350560767512853,1.0808777005877346e-05,1.9554353952407837
3943,-104.76026272577997,203,200,0.9823973727422003,0.06735579173209771,0.043532560379922765,1.1045056453440338e-05,1.9565229415893555
3944,-5.71844660194175,103,101,0.9728155339805825,0.027488157827900928,0.07827716996922787,1.128469557443168e-05,1.9922882318496704
3945,-7.051282051282058,104,101,0.9694871794871794,0.013991847139614322,0.026049718534874124,1.1137625733681489e-05,1.077178955078125
3946,63.95652173913044,23,20,0.8695652173913043,-0.07029664104084077,0.09851359310739305,1.1137960427731741e-05,0.09132102876901627
3947,-7.631578947368411,95,83,0.8736842105263158,0.0023794422331775422,0.04039770383066921,1.1137614819745068e-05,0.0020391945727169514
3948,43.8930817610063,53,52,0.9689308176100629,0.022949173338702167,0.6518875928526051,1.1759507287933957e-05,3.1732709407806396
3949,63.95652173913044,23,20,0.8695652173913043,-0.06379321774113578,0.14120766297679666,1.1714521860994864e-05,0.08010350167751312
3950,-3.4224422442244276,101,99,0.9757755775577558,0.0006954197855001887,0.017710986036979313,1.1768490367103368e-05,0.9215209484100342
3951,-4.2549019607843235,102,100,0.9774509803921568,-0.0008466068312883994,0.005204321536085965,1.182120649900753e-05,0.9199852347373962
3952,-7.631578947368411,95,83,0.8736842105263158,-0.012954701756115128,0.030160021444740854,1.1821241059806198e-05,0.006566493771970272
3953,40.95652173913044,46,40,0.8695652173913043,-0.11207572378214081,0.01823827295568381,1.182101095764665e-05,0.026678254827857018
3954,-3.3594771241830017,102,101,0.9864052287581699,-0.012791512670608622,0.003214223709792463,1.1265108696534298e-05,0.26227518916130066
3955,40.95652173913044,46,40,0.8695652173913043,-0.09508636640083523,0.013985276420258153,1.1201052984688431e-05,0.05216068774461746
3956,40.95652173913044,46,40,0.8695652173913043,-0.07301918118059803,0.040115108607222734,1.1132065083074849e-05,0.0648900717496872
3957,-105.4673202614379,204,202,0.9853267973856209,-0.04061612470503684,0.23191773581533903,1.1116223504359368e-05,0.215232253074646
3958,63.95652173913044,23,20,0.8695652173913043,-0.005125018386024749,0.6667332471760135,1.1116419955214951e-05,0.08783282339572906
3959,46.626666666666665,50,49,0.9662666666666667,0.034208645100420654,0.03543308395747591,1.1926724255317822e-05,3.638139247894287
3960,-109.40064102564102,208,206,0.9859935897435897,-9.538085398219653e-05,0.0810454235743619,1.219825389853213e-05,2.0803229808807373
3961,-9.541666666666657,96,83,0.8645833333333334,0.002082751488060808,0.05368208623928816,1.2198420336062554e-05,0.026587119325995445
3962,-9.541666666666657,96,83,0.8645833333333334,0.015631654534729478,0.02274199119586522,1.2198278454889078e-05,0.004322675056755543
3963,-9.541666666666657,96,83,0.8645833333333334,0.0325000194429208,0.03172889473766409,1.2114032870158553e-05,0.007423753850162029
3964,-9.541666666666657,96,83,0.8645833333333334,0.050031569964531286,0.01289763232754889,1.0408813977846876e-05,0.03224813565611839
3965,-102.70149253731343,201,198,0.9829850746268657,0.11894344370746833,0.03079440834662517,1.0844234566320665e-05,3.587211847305298
3966,47.625850340136054,49,48,0.9662585034013605,-0.04645788277446172,0.5893983394437409,1.2292606697883457e-05,4.8277106285095215
3967,63.95652173913044,23,20,0.8695652173913043,-0.05135712936458958,0.019601538085010972,1.2292314750084188e-05,0.08269792050123215
3968,-7.051282051282058,104,101,0.9694871794871794,0.008358744800308848,0.01494751099402233,1.223733397637261e-05,0.9411438703536987
3969,47.13333333333334,50,49,0.9713333333333334,0.06158574782153415,0.12898884106215336,1.3691362255485728e-05,4.88966178894043
3970,59.33333333333334,24,20,0.8333333333333334,-0.04070181446357424,0.06357197430265193,1.369135770801222e-05,0.031213190406560898
3971,-4.2549019607843235,102,100,0.9774509803921568,-0.0024599186373448346,0.04968125266994891,1.3780210792901926e-05,1.1520358324050903
3972,40.95652173913044,46,40,0.8695652173913043,-0.08026537105678244,0.06599850136930478,1.3761603440798353e-05,0.06531237810850143
3973,-9.541666666666657,96,83,0.8645833333333334,-0.03289592343273284,0.016642086927090356,1.3057927390036639e-05,0.0026546113658696413
3974,63.95652173913044,23,20,0.8695652173913043,0.016625851450953633,0.9291610947656608,1.2670706382778008e-05,0.000427936582127586
3975,-7.631578947368411,95,83,0.8736842105263158,-0.029395536233550956,0.0015624454764031626,1.2670762771449517e-05,0.008704204112291336
3976,-9.043613707165107,107,105,0.979563862928349,-0.025924669151758343,0.008210718287060617,1.2726901331916451e-05,0.8605092763900757
3977,40.95652173913044,46,40,0.8695652173913043,-0.09455867472928503,0.07853548334175642,1.255217102880124e-05,0.12449256330728531
3978,-109.9326923076923,208,204,0.9806730769230769,0.03348917828991205,0.10620853257351329,1.2936807252117433e-05,2.398397922515869
3979,43.888888888888886,45,40,0.8888888888888888,-0.0867873763472744,0.18952866719604705,1.293657987844199e-05,0.0235679242759943
3980,-104.76026272577997,203,200,0.9823973727422003,0.04079407869795659,0.09667688227195205,1.3106741789670195e-05,1.6841667890548706
3981,-99.21885521885523,198,196,0.9878114478114478,0.03303015913197488,0.14416495652018518,1.3132457752362825e-05,0.5794383883476257
3982,63.95652173913044,23,20,0.8695652173913043,-0.05068716688579882,0.08631678598237613,1.2755206626025029e-05,0.08599307388067245
3983,-102.70149253731343,201,198,0.9829850746268657,0.0424557935958092,0.0633793289066986,1.2883876479463652e-05,1.4872980117797852
3984,46.626666666666665,50,49,0.9662666666666667,-0.006677302111656402,0.19380683230006213,1.284208246943308e-05,0.2522388994693756
3985,-110.85964912280701,209,206,0.9814035087719298,0.05293620471786775,0.039929122295989404,1.2893551684101112e-05,0.8736921548843384
3986,46.56410256410257,52,52,0.9856410256410256,0.06497102168109237,0.038864588927452814,1.1147595614602324e-05,0.25118035078048706
3987,43.888888888888886,45,40,0.8888888888888888,-0.13429339723506928,0.016490063685338896,1.1147144505230244e-05,0.003926610108464956
3988,47.13333333333334,50,49,0.9713333333333334,-0.005645057666822802,0.2805539841021556,1.2739184967358597e-05,5.205066204071045
3989,-104.93760262725779,203,200,0.980623973727422,0.05108034786408666,0.04616152867622598,1.2762012374878395e-05,1.2269575595855713
3990,-3.4224422442244276,101,99,0.9757755775577558,0.00176795995189255,0.14720360133346186,1.278923900827067e-05,0.6235897541046143
3991,-4.2549019607843235,102,100,0.9774509803921568,0.01912901417518524,0.08504897358708385,1.3010446309635881e-05,2.0117897987365723
3992,43.888888888888886,45,40,0.8888888888888888,-0.14579811302542112,0.0169837105114356,1.3010449038119987e-05,0.012615149840712547
3993,38.1063829787234,47,40,0.851063829787234,-0.18743586976415827,0.12346322978599478,1.301108659390593e-05,0.13968290388584137
3994,47.13333333333334,50,49,0.9713333333333334,-0.028967888519245255,0.04784478525703406,1.3231838238425553e-05,1.93661630153656
3995,40.95652173913044,46,40,0.8695652173913043,-0.12469481695922013,0.036579794535292365,1.323174456047127e-05,0.01923925057053566
3996,63.95652173913044,23,20,0.8695652173913043,-0.008752425458055768,0.2887411786308025,1.317945498158224e-05,0.10723531246185303
3997,-5.317152103559877,103,101,0.9768284789644013,-0.03997485307945077,0.014503279594966424,1.3198469787312206e-05,0.5058757066726685
3998,40.95652173913044,46,40,0.8695652173913043,-0.13198036784615397,0.18629662748424636,1.3197937732911669e-05,0.10213156789541245
3999,49.36879432624113,47,46,0.9636879432624114,-0.06430884221506261,0.08814898538522055,1.5009552043920849e-05,5.512473106384277
4000,48.102040816326536,49,48,0.9710204081632653,0.04804864282283883,0.31489345505166405,1.7050702808774076e-05,5.895310878753662
4001,46.626666666666665,50,49,0.9662666666666667,0.0027694857223821145,0.23497974354237172,1.706472903606482e-05,0.34175562858581543
4002,-110.85964912280701,209,206,0.9814035087719298,-0.0693740321967109,0.4708379584931517,1.7068728993763216e-05,0.14531515538692474
4003,-9.541666666666657,96,83,0.8645833333333334,-0.016975387556612986,0.05284409241977195,1.7068701708922163e-05,0.003965768497437239
4004,-7.1079365079365004,105,104,0.978920634920635,-0.010802428331551962,0.01284433010128963,1.7216758351423778e-05,1.402585744857788
4005,46.7516339869281,51,51,0.977516339869281,0.013944522125770631,0.0916924218860018,1.7513044440420344e-05,2.357421398162842
4006,-102.70149253731343,201,198,0.9829850746268657,0.06663586042981778,0.025180551174254946,1.7137172108050436e-05,2.179689884185791
4007,43.888888888888886,45,40,0.8888888888888888,-0.12857706161821625,0.03672987424053842,1.7137273971457034e-05,0.10964955389499664
4008,-4.2549019607843235,102,100,0.9774509803921568,0.04177466205857419,0.15635718461658515,1.8842412828234956e-05,5.209203720092773
4009,-11.432989690721655,97,83,0.8556701030927835,0.013086971070435993,0.056051681867911284,1.882798460428603e-05,0.0029388798866420984
4010,63.95652173913044,23,20,0.8695652173913043,-0.04522962388227825,0.05712998239147549,1.8752254618448205e-05,0.029983777552843094
4011,47.29931972789116,49,48,0.9629931972789115,-0.045110544800741614,0.5351819033340869,1.8662445654626936e-05,0.3399551510810852
4012,-7.631578947368411,95,83,0.8736842105263158,-0.004579493742866703,0.009276000882455131,1.8502663806430064e-05,0.004452469293028116
4013,-4.59223300970875,103,102,0.9840776699029126,0.014137763630799327,0.04740965149335929,1.8520855519454926e-05,0.46873027086257935
4014,59.33333333333334,24,20,0.8333333333333334,-0.004416178338431109,0.044083542598881434,1.852063178375829e-05,0.016806067898869514
4015,-99.21885521885523,198,196,0.9878114478114478,0.08318272723732412,0.03356117553332744,1.8552296751295216e-05,1.236233115196228
4016,63.95652173913044,23,20,0.8695652173913043,0.03596325237390374,0.42721222832916794,1.855227856140118e-05,0.06667091697454453
4017,47.13333333333334,50,49,0.9713333333333334,0.07529937824428626,0.055546804207748345,1.933946077770088e-05,3.6690011024475098
4018,40.95652173913044,46,40,0.8695652173913043,-0.06295982588653715,0.02748403142939182,1.9318789782118984e-05,0.09495247900485992
4019,-4.59223300970875,103,102,0.9840776699029126,0.006271669246189049,0.010948122807873417,1.9308903574710712e-05,0.3402402997016907
4020,-7.1079365079365004,105,104,0.978920634920635,-0.0009938901168205945,0.059942828764817324,1.946854536072351e-05,1.5032250881195068
4021,47.625850340136054,49,48,0.9662585034013605,-0.007977770489656422,0.25495907454154493,1.9496625100146048e-05,0.5819103717803955
4022,63.95652173913044,23,20,0.8695652173913043,-0.038245142419743416,0.011151242037112557,1.8102167814504355e-05,0.003843457205221057
4023,-9.541666666666657,96,83,0.8645833333333334,-0.0005111334510274901,0.13069936954740335,1.810214962461032e-05,0.004229146055877209
4024,47.625850340136054,49,48,0.9662585034013605,-0.0032300389677573094,0.23282531956634703,2.075305746984668e-05,6.642379283905029
4025,40.95652173913044,46,40,0.8695652173913043,-0.09306621769330548,0.01634304694497768,2.075326665362809e-05,0.050160739570856094
4026,63.95652173913044,23,20,0.8695652173913043,-0.03601040592775462,0.09392888112035891,2.0753199351020157e-05,0.0846681147813797
4027,-7.631578947368411,95,83,0.8736842105263158,-0.016341180210474704,0.0034057691381834125,2.0753306671394967e-05,0.019063593819737434
4028,40.95652173913044,46,40,0.8695652173913043,-0.0749489699244208,0.028057602444181862,2.075300108117517e-05,0.04276232793927193
4029,-7.1079365079365004,105,104,0.978920634920635,0.013573777554860018,0.0037081839414189743,2.0876927010249346e-05,1.7999347448349
4030,-108.53945249597423,207,204,0.9846054750402576,0.04629898674041435,0.0335464025058018,2.1049350834800862e-05,1.5744574069976807
4031,49.36879432624113,47,46,0.9636879432624114,-0.023212980500296965,0.037887170854216556,2.1497353372978978e-05,3.121715784072876
4032,-7.631578947368411,95,83,0.8736842105263158,-0.025058741156428255,0.013983929028970835,2.0930920072714798e-05,0.014450276270508766
4033,-9.541666666666657,96,83,0.8645833333333334,-0.01649991355787961,0.007454293372642872,2.0835603208979592e-05,0.0136673329398036
4034,47.266666666666666,50,49,0.9726666666666667,0.09110937802077501,0.2372894340958993,2.2348633137880825e-05,5.098998546600342
4035,63.95652173913044,23,20,0.8695652173913043,-0.006996436349709256,0.40175790376481757,2.2348398488247767e-05,0.05765955522656441
4036,47.29931972789116,49,48,0.9629931972789115,0.011977721642338679,0.05160116336672904,2.240574758616276e-05,1.1516233682632446
4037,63.95652173913044,23,20,0.8695652173913043,-0.0920994536544697,0.012950215671251897,2.2405789422919042e-05,0.09683981537818909
4038,-104.76026272577997,203,200,0.9823973727422003,0.08225694960352156,0.017736740860390995,2.3005224647931755e-05,2.9598240852355957
4039,-7.051282051282058,104,101,0.9694871794871794,0.026546358100253478,0.012386724475449334,2.342961306567304e-05,2.4921772480010986
4040,-9.541666666666657,96,83,0.8645833333333334,0.018807872649972524,0.025892086542185666,2.342988045711536e-05,0.030656171962618828
4041,-108.53945249597423,207,204,0.9846054750402576,0.06308075104485988,0.04199340450882657,2.3683927793172188e-05,2.4507415294647217
4042,40.95652173913044,46,40,0.8695652173913043,-0.21105938732875984,0.33490155281013756,2.3466222046408802e-05,0.08760659396648407
4043,-4.59223300970875,103,102,0.9840776699029126,0.015102009438919595,0.005078478601352298,2.3284221242647618e-05,1.0038748979568481
4044,59.33333333333334,24,20,0.8333333333333334,-0.1318534072803459,1.1976574265853186,2.3019307263894007e-05,0.11084295064210892
4045,-4.59223300970875,103,102,0.9840776699029126,-0.002248566017065426,0.0017553496885026262,2.299797415616922e-05,0.9196957945823669
4046,48.68707482993197,49,48,0.9768707482993197,-0.011894770803763777,0.03166486077520547,2.3931563191581517e-05,4.008979797363281
4047,38.1063829787234,47,40,0.851063829787234,-0.11792511586372711,0.024083073590350224,2.393142676737625e-05,0.07868169993162155
4048,-4.59223300970875,103,102,0.9840776699029126,-0.012446339819501162,0.0016007798857508916,2.3396261894959025e-05,0.6949927806854248
4049,48.68707482993197,49,48,0.9768707482993197,0.018385569499445475,0.7863542899228868,2.4073409804259427e-05,3.4301421642303467
4050,40.95652173913044,46,40,0.8695652173913043,-0.0608516229228826,0.5883989949871601,2.4005990781006403e-05,0.02977382019162178
4051,63.95652173913044,23,20,0.8695652173913043,0.0885102742613526,1.8770106948570842,2.3937533114803955e-05,0.0089387446641922
4052,-5.702127659574472,94,83,0.8829787234042553,-0.014871341426783147,0.003456036896001956,2.393756221863441e-05,0.010152815841138363
4053,40.95652173913044,46,40,0.8695652173913043,-0.05825520247867644,0.09961361447229855,2.3937585865496658e-05,0.02188264951109886
4054,46.626666666666665,50,49,0.9662666666666667,0.03993272951410631,0.09272042077601128,2.407895226497203e-05,1.4259235858917236
4055,-109.40064102564102,208,206,0.9859935897435897,-0.032548750263822174,0.4963723784989126,2.4375862267334014e-05,2.0715129375457764
4056,-5.317152103559877,103,101,0.9768284789644013,0.0082077906545742,0.005112481809988356,2.4467759430990554e-05,1.1150703430175781
4057,-7.631578947368411,95,83,0.8736842105263158,0.01648392431479806,0.008776749495715636,2.4462113287881948e-05,0.005787222646176815
4058,-9.541666666666657,96,83,0.8645833333333334,0.05535369630115383,0.08489326123467988,2.4462164219585247e-05,0.01023348979651928
4059,-6.480769230769226,104,102,0.9751923076923077,0.024760987088856545,0.014834150610947618,2.3858634449425153e-05,1.6099982261657715
4060,-4.2549019607843235,102,100,0.9774509803921568,0.0423373779820988,0.13547575177346877,2.5770841602934524e-05,5.924257755279541
4061,59.33333333333334,24,20,0.8333333333333334,-0.20668523990934773,3.469152962267138,2.577094164735172e-05,0.07664381712675095
4062,63.95652173913044,23,20,0.8695652173913043,-0.17362486323827397,0.5622067434545683,2.5772909793886356e-05,0.19828274846076965
4063,40.95652173913044,46,40,0.8695652173913043,-0.16828495442950953,0.02522246829900099,2.5773171728360467e-05,0.08630139380693436
4064,46.626666666666665,50,49,0.9662666666666667,0.014186657398170155,0.06556568498014848,2.6320023607695475e-05,3.0125064849853516
4065,-106.9479674796748,205,202,0.980520325203252,0.04885180531142885,0.023979520375818398,2.5696608645375818e-05,1.721629023551941
4066,-7.631578947368411,95,83,0.8736842105263158,-0.047849476142630465,0.027989202932574925,2.428562584100291e-05,0.018769405782222748
4067,-9.541666666666657,96,83,0.8645833333333334,-0.04583191266155495,0.009345309057309148,2.4285436666104943e-05,0.004338985309004784
4068,47.29931972789116,49,48,0.9629931972789115,0.09839474241863577,2.9354683632712177,2.4341523385373875e-05,1.389061450958252
4069,-4.915032679738559,102,100,0.9708496732026144,0.017773110139979065,0.004465459858016512,2.2998725398792885e-05,1.412780523300171
4070,46.46153846153847,52,52,0.9846153846153847,0.13503514056287688,4.036036529419668,2.3212400265038013e-05,1.8942599296569824
4071,-7.631578947368411,95,83,0.8736842105263158,-0.03990539902181922,0.006443437251178772,2.3135709852795117e-05,0.0037575445603579283
4072,63.95652173913044,23,20,0.8695652173913043,0.07112678606405654,7.9818416835656025,2.313549157406669e-05,0.020686207339167595
4073,-99.21885521885523,198,196,0.9878114478114478,-0.001923125320989982,0.25261287646437325,2.3136253730626777e-05,0.14109475910663605
4074,63.95652173913044,23,20,0.8695652173913043,-0.04076722810805222,2.5733352263469422,2.313639924977906e-05,0.052623916417360306
4075,-105.4673202614379,204,202,0.9853267973856209,0.02479436530859553,0.025263403955631213,2.3208558559417725e-05,1.118905782699585
4076,46.46153846153847,52,52,0.9846153846153847,-0.014432079199490744,0.9206876744410285,2.318985752935987e-05,0.648485004901886
4077,-105.44117647058823,204,202,0.9855882352941177,0.04588200012216292,0.039532167646197,2.3271637473953888e-05,1.2052751779556274
4078,48.68707482993197,49,48,0.9768707482993197,-0.12256849179362916,4.391827783341325,2.4102699171635322e-05,4.357175350189209
4079,46.46153846153847,52,52,0.9846153846153847,-0.031148989094502255,3.420065674215544,2.4376226065214723e-05,2.1322808265686035
4080,40.95652173913044,46,40,0.8695652173913043,-0.3021938647329989,0.6172144417713668,2.41921534325229e-05,0.00497421296313405
4081,-104.76026272577997,203,200,0.9823973727422003,0.05147234931783974,0.17668523372453013,2.4257116820081137e-05,1.1545970439910889
4082,40.95652173913044,46,40,0.8695652173913043,-0.1634584805706254,0.026225870777427218,2.4257173208752647e-05,0.04425785690546036
4083,43.888888888888886,45,40,0.8888888888888888,-0.12264281807256339,0.5497091288681806,2.4110842787194997e-05,0.056402787566185
4084,-6.480769230769226,104,102,0.9751923076923077,0.0412353046987748,0.24679504787694295,2.4278928322019055e-05,1.6111336946487427
4085,63.95652173913044,23,20,0.8695652173913043,0.014581600298409547,5.653325276278281,2.422678517177701e-05,0.06384941190481186
4086,-9.541666666666657,96,83,0.8645833333333334,-0.004318751382413666,0.2379879494056283,2.4224447770393454e-05,0.022307248786091805
4087,43.888888888888886,45,40,0.8888888888888888,-0.061445197748753344,1.6832804395508234,2.422482066322118e-05,0.11027277261018753
4088,63.95652173913044,23,20,0.8695652173913043,0.04305626620134717,5.018683937667561,2.25714120460907e-05,0.0035377030726522207
4089,63.95652173913044,23,20,0.8695652173913043,0.017196458180478658,2.971861402074151,2.2477997845271602e-05,0.05750097334384918
4090,38.1063829787234,47,40,0.851063829787234,-0.14805696807184177,0.013425449961067442,2.2453366909758188e-05,0.0936782956123352
4091,63.95652173913044,23,20,0.8695652173913043,-0.04999887444929629,0.05172156580817955,2.219719681306742e-05,0.04263569414615631
4092,-7.631578947368411,95,83,0.8736842105263158,-0.03144085741428171,0.16726271000598236,2.2197193175088614e-05,0.033809226006269455
4093,-2.8151815181518174,101,100,0.9818481848184818,0.07364157735429444,0.05613540450579741,2.222980219812598e-05,0.7034999132156372
4094,47.29931972789116,49,48,0.9629931972789115,-0.1147120935223711,4.875680482674738,2.3104399588191882e-05,4.258690357208252
4095,-6.480769230769226,104,102,0.9751923076923077,0.07618899663134171,0.013978572179222548,2.33603914239211e-05,1.9953631162643433
4096,-9.541666666666657,96,83,0.8645833333333334,-0.007059272195689914,0.4060802750366028,2.335991848667618e-05,0.017747992649674416
4097,59.33333333333334,24,20,0.8333333333333334,-0.20337460508744698,3.229445198847259,2.3341955966316164e-05,0.03936522454023361
4098,46.7516339869281,51,51,0.977516339869281,-0.0025222311039858614,0.5797726230897258,2.3350019546342082e-05,0.33963844180107117
4099,-9.541666666666657,96,83,0.8645833333333334,0.03272386936748717,0.009190011867151682,2.1482614101842046e-05,0.03277939558029175
4100,-9.541666666666657,96,83,0.8645833333333334,0.08647638408069724,0.040985697892434336,1.930497273860965e-05,0.04597461596131325
4101,-9.541666666666657,96,83,0.8645833333333334,0.09167899952603875,0.07222476509629927,1.9301085558254272e-05,0.033386535942554474
4102,40.95652173913044,46,40,0.8695652173913043,-0.04498298799899203,1.5783178178957316,1.9301642169011757e-05,0.0786750540137291
4103,-3.4224422442244276,101,99,0.9757755775577558,0.10548764022179341,0.1800845168368035,2.1721281882491894e-05,6.374044418334961
4104,-4.91585760517799,103,102,0.98084142394822,0.02445489406649926,0.010996313635129443,2.2283504222286865e-05,3.4191155433654785
4105,-100.66834170854271,199,196,0.9833165829145729,-0.004247836559521936,0.12366761633246012,2.1891462893108837e-05,0.3610936105251312
4106,-109.40064102564102,208,206,0.9859935897435897,-0.04222093401448036,0.052998317838606396,2.1788391677546315e-05,1.7038637399673462
4107,49.36879432624113,47,46,0.9636879432624114,0.00797703932503957,4.442576441398367,2.232606493635103e-05,2.795691728591919
4108,-2.8151815181518174,101,100,0.9818481848184818,-0.05194614604305059,0.09261124822881367,2.0769222828675993e-05,0.6456413269042969
4109,63.95652173913044,23,20,0.8695652173913043,0.0665520745815229,8.321818916104723,2.076926830341108e-05,0.01820228435099125
4110,40.95652173913044,46,40,0.8695652173913043,-0.043479483602823166,1.5312006142213996,2.0769241018570028e-05,0.025187427178025246
4111,-7.631578947368411,95,83,0.8736842105263158,-0.047663463098103875,0.27300917312399775,2.0758227037731558e-05,0.0006412515067495406
4112,40.95652173913044,46,40,0.8695652173913043,-0.10250909744513592,0.26526606797344154,2.0758247046614997e-05,0.005793232470750809
4113,-7.631578947368411,95,83,0.8736842105263158,-0.060091663879688895,0.27314041817813933,2.0750265321112238e-05,0.004582562949508429
4114,43.888888888888886,45,40,0.8888888888888888,-0.1836950428041746,0.04129727861739951,2.0750247131218202e-05,0.012538437731564045
4115,63.95652173913044,23,20,0.8695652173913043,-0.15952712858501172,0.022501413138002135,2.0670191588578746e-05,0.10712035000324249
4116,46.46153846153847,52,52,0.9846153846153847,0.09740172591092744,0.16070791865151435,2.0713332560262643e-05,0.930383563041687
4117,-108.45893719806763,207,204,0.9854106280193237,0.09922979837198298,0.01486658612172901,1.987946052395273e-05,0.9915902614593506
4118,46.7516339869281,51,51,0.977516339869281,0.022702877396972188,0.49928087954668854,2.059825783362612e-05,3.2990918159484863
4119,-9.541666666666657,96,83,0.8645833333333334,-0.06269389939424741,0.25134033324654764,2.0595396563294344e-05,0.0072382474318146706
4120,63.95652173913044,23,20,0.8695652173913043,-0.1933322216682427,0.18915537463931287,2.0473520635277964e-05,0.02347741648554802
4121,46.626666666666665,50,49,0.9662666666666667,-0.0788762522084312,0.0737861125571726,2.0661715097958222e-05,1.9073554277420044
4122,48.102040816326536,49,48,0.9710204081632653,-0.019521037248324546,0.41706347591406967,2.0756710000569e-05,1.15281343460083
4123,46.626666666666665,50,49,0.9662666666666667,-0.08567743585439302,1.1120733425278928,2.0794555894099176e-05,0.708200216293335
4124,-9.541666666666657,96,83,0.8645833333333334,-0.018593195563823883,0.004778583058146221,1.7983060388360173e-05,0.003151624696329236
4125,-9.541666666666657,96,83,0.8645833333333334,-0.021354712727099212,0.0026645716486486115,1.798316225176677e-05,0.014498033560812473
4126,49.02721088435375,49,49,0.9802721088435374,-0.08158988994486549,3.1497833083708926,1.8007634935202077e-05,0.8074148297309875
4127,-6.480769230769226,104,102,0.9751923076923077,0.09080484342456614,0.1270662687395237,1.8078451830660924e-05,1.244744896888733
4128,38.1063829787234,47,40,0.851063829787234,-0.20337511381649165,0.6539556932589505,1.807815715437755e-05,0.002852454548701644
4129,43.704402515723274,53,52,0.9670440251572328,-0.0475613637653467,2.0797083023056495,2.0883435354335234e-05,7.1302642822265625
4130,40.95652173913044,46,40,0.8695652173913043,-0.2144324184503148,0.6016099635756947,2.0771774870809168e-05,0.0374114029109478
4131,40.95652173913044,46,40,0.8695652173913043,-0.27591844384005526,0.36455324529592303,2.008847877732478e-05,0.13386183977127075
4132,-5.71844660194175,103,101,0.9728155339805825,0.01719306191961756,0.09244988250693353,2.010867501667235e-05,0.8592853546142578
4133,-5.702127659574472,94,83,0.8829787234042553,-0.06301132055750713,0.0823427999465332,2.0108713215449825e-05,0.007335122674703598
4134,40.95652173913044,46,40,0.8695652173913043,-0.2313909745953424,0.1082886903490118,1.8337368601351045e-05,0.019323019310832024
4135,63.95652173913044,23,20,0.8695652173913043,-0.1296637532341265,0.3317516673666661,1.8337501387577504e-05,0.06414344161748886
4136,-106.9479674796748,205,202,0.980520325203252,-0.04766236325286358,0.2175853987267079,1.8225930034532212e-05,0.8589355945587158
4137,63.95652173913044,23,20,0.8695652173913043,-0.06523651731413338,0.3249017172008548,1.822416015784256e-05,0.029968375340104103
4138,40.95652173913044,46,40,0.8695652173913043,-0.18452352484882795,0.11665864593435704,1.779504236765206e-05,0.06702787429094315
4139,-3.3594771241830017,102,101,0.9864052287581699,0.005012834302928759,0.004123816427758345,1.750508636177983e-05,0.7235345244407654
4140,-4.59223300970875,103,102,0.9840776699029126,0.015481540176637054,0.003289686602821959,1.7501010006526485e-05,0.3235761821269989
4141,-5.961538461538453,104,103,0.9803846153846154,0.009266358316494656,0.004335709746160682,1.720559157547541e-05,0.2085658609867096
4142,63.95652173913044,23,20,0.8695652173913043,-0.01971815935826271,0.41207455006457394,1.7204823961947113e-05,0.03829246386885643
4143,46.733333333333334,50,49,0.9673333333333334,0.05091238881405147,0.04902161721234499,1.7266209397348575e-05,1.0183022022247314
4144,40.95652173913044,46,40,0.8695652173913043,-0.14221018096554872,0.016329488462462516,1.726672053337097e-05,0.13400670886039734
4145,-3.4224422442244276,101,99,0.9757755775577558,0.012488128092445816,0.1400344587673369,1.7240627130377106e-05,0.4609903395175934
4146,40.95652173913044,46,40,0.8695652173913043,-0.17988574121781653,0.04459319575579457,1.613084168639034e-05,0.08752575516700745
4147,-5.702127659574472,94,83,0.8829787234042553,-0.04522412214464566,0.006299372982266252,1.612988307897467e-05,0.006563349161297083
4148,63.95652173913044,23,20,0.8695652173913043,-0.07878413473554247,0.015215983008090461,1.6123949535540305e-05,0.10408993810415268
4149,63.95652173913044,23,20,0.8695652173913043,-0.048013206195584246,0.012812407756781496,1.5285360859706998e-05,0.1349477916955948
4150,-108.53945249597423,207,204,0.9846054750402576,0.10822277664584752,0.9675495526329018,1.530502049718052e-05,0.9249593615531921
4151,-9.541666666666657,96,83,0.8645833333333334,-0.028703547208692726,0.06320093078183928,1.5304962289519608e-05,0.01658734679222107
4152,63.95652173913044,23,20,0.8695652173913043,-0.024476530810616737,0.031098282737858085,1.5306515706470236e-05,0.09725043922662735
4153,46.7516339869281,51,51,0.977516339869281,0.07735389593784207,0.059494243395338486,1.5311830793507397e-05,0.23688501119613647
4154,40.95652173913044,46,40,0.8695652173913043,-0.12376800948979394,0.022637045091966068,1.523836726846639e-05,0.038081806153059006
4155,38.1063829787234,47,40,0.851063829787234,-0.14872237579720604,0.10845256774731706,1.5044654901430476e-05,0.052508383989334106
4156,38.1063829787234,47,40,0.851063829787234,-0.12097634015117364,0.054287250303801944,1.5003618500486482e-05,0.004772542975842953
4157,40.95652173913044,46,40,0.8695652173913043,-0.06909804290944521,0.055211453577762803,1.5003597582108341e-05,0.008759871125221252
4158,46.46153846153847,52,52,0.9846153846153847,0.16759822657070345,0.3645697470551852,1.5546738723060116e-05,2.7400646209716797
4159,-9.541666666666657,96,83,0.8645833333333334,-0.03000525434345036,0.1475481724878078,1.5430185158038512e-05,0.005301578436046839
4160,-9.541666666666657,96,83,0.8645833333333334,-0.03059133106137324,0.1304349922841795,1.3399182535067666e-05,0.006595136597752571
4161,40.95652173913044,46,40,0.8695652173913043,-0.08427249150221883,0.014760249424968348,1.3398745068116114e-05,0.036521296948194504
4162,-108.45893719806763,207,204,0.9854106280193237,-8.875960578247444e-05,0.6080418888311784,1.3706291611015331e-05,2.413830518722534
4163,59.33333333333334,24,20,0.8333333333333334,-0.04373423052857106,0.06691202853105693,1.3705668607144617e-05,0.037895187735557556
4164,40.95652173913044,46,40,0.8695652173913043,-0.10430803971907496,0.011476608825234078,1.307585171161918e-05,0.05314122140407562
4165,46.46153846153847,52,52,0.9846153846153847,0.1175955145470691,0.04946400579851746,1.3144404874765314e-05,1.672706961631775
4166,43.60377358490567,53,52,0.9660377358490566,0.11799235912201311,0.10519405657984038,1.3143579053576104e-05,0.25428324937820435
4167,-109.9326923076923,208,204,0.9806730769230769,0.09675570901597652,0.3960210341427681,1.3383451914705802e-05,2.164954662322998
4168,-109.40064102564102,208,206,0.9859935897435897,0.09624136891939888,0.351370142922048,1.3548265997087583e-05,2.5044333934783936
4169,-9.541666666666657,96,83,0.8645833333333334,0.0812263365619117,0.30821268255957196,1.346469343843637e-05,0.017252501100301743
4170,38.1063829787234,47,40,0.851063829787234,-0.23472643589411746,0.2916130249604869,1.3294958080223296e-05,0.14299431443214417
4171,63.95652173913044,23,20,0.8695652173913043,-0.08255497947825319,0.017165524887055028,1.3295276403368916e-05,0.03443671762943268
4172,-5.961538461538453,104,103,0.9803846153846154,0.03912439112664667,0.13972287905764433,1.3301241779117845e-05,0.5758289694786072
4173,-4.91585760517799,103,102,0.98084142394822,0.051870745043178575,0.1663303721172947,1.33152743728715e-05,0.2791626751422882
4174,-5.702127659574472,94,83,0.8829787234042553,0.040187492183520135,0.020178105613512853,1.3314688658283558e-05,0.01136916596442461
4175,63.95652173913044,23,20,0.8695652173913043,-0.057858748637954704,0.37562124733796054,1.326534038526006e-05,0.06923659890890121
4176,40.95652173913044,46,40,0.8695652173913043,-0.14722762004837975,0.014021308782084407,1.3254314580990467e-05,0.03533225506544113
4177,63.95652173913044,23,20,0.8695652173913043,-0.03362121088335357,0.3353150760680743,1.319187958870316e-05,0.06882008910179138
4178,-100.66834170854271,199,196,0.9833165829145729,0.022527462371946697,0.8277784404483791,1.1916609764739405e-05,0.37820589542388916
4179,40.95652173913044,46,40,0.8695652173913043,-0.16582797447469444,0.011914721813522301,1.1577359146031085e-05,0.1040283665060997
4180,-9.541666666666657,96,83,0.8645833333333334,0.009579850476001184,0.2520616212588034,1.157752558356151e-05,0.016365621238946915
4181,46.733333333333334,50,49,0.9673333333333334,-0.021604384796106046,0.08538148292312187,1.1833739335997961e-05,2.017085075378418
4182,-6.480769230769226,104,102,0.9751923076923077,0.021825625201190312,0.004754758697996408,1.1832521522592288e-05,0.06250754743814468
4183,-4.91585760517799,103,102,0.98084142394822,0.027359067251602476,0.026494668765354848,1.1829580216726754e-05,0.14711473882198334
4184,-104.76026272577997,203,200,0.9823973727422003,0.028936266961125057,0.21927215113958365,1.183728363685077e-05,1.653369665145874
4185,-9.541666666666657,96,83,0.8645833333333334,0.009337131546828914,0.08265274011629786,1.1836702469736338e-05,0.007508809212595224
4186,48.68707482993197,49,48,0.9768707482993197,-0.014074245035516242,0.10733077972285798,1.2271774721739348e-05,2.46642804145813
4187,-7.631578947368411,95,83,0.8736842105263158,0.012921121832562221,0.0068148762900500405,1.2270327715668827e-05,0.012831197120249271
4188,-7.1079365079365004,105,104,0.978920634920635,0.02576966121266921,0.014109498143606401,1.228819110110635e-05,0.7613173127174377
4189,59.33333333333334,24,20,0.8333333333333334,-0.012519325588073116,0.31770165797115624,1.2287802746868692e-05,0.022419266402721405
4190,63.95652173913044,23,20,0.8695652173913043,-0.018057325297036186,0.831097986197193,1.2287638128327671e-05,0.08417191356420517
4191,-4.59223300970875,103,102,0.9840776699029126,0.0230491335911438,0.01588638595584811,1.2285037882975303e-05,0.18976153433322906
4192,43.704402515723274,53,52,0.9670440251572328,0.008974282472888718,0.23982230134224444,1.3814378689858131e-05,4.813027381896973
4193,-105.54575163398692,204,201,0.9845424836601308,-0.032445549916550145,0.015612212961079158,1.3809123629471287e-05,0.619207501411438
4194,-3.4224422442244276,101,99,0.9757755775577558,0.005306462258954239,0.0037999542739274306,1.2602102287928574e-05,0.35556599497795105
4195,40.95652173913044,46,40,0.8695652173913043,-0.21561272345229554,0.3478010006617751,1.2402036190906074e-05,0.05885465443134308
4196,-7.631578947368411,95,83,0.8736842105263158,-0.05112140602852833,0.21031525853962169,1.2401918866089545e-05,0.00020878012583125383
4197,-7.631578947368411,95,83,0.8736842105263158,-0.050000299908674606,0.16064667110791023,1.2401544154272415e-05,0.011793658137321472
4198,-4.59223300970875,103,102,0.9840776699029126,-0.006107669644588309,0.00466362246556742,1.2404844710545149e-05,0.12212187051773071
4199,63.95652173913044,23,20,0.8695652173913043,-0.1003206668185328,0.07999784341567029,1.2404643712216057e-05,0.0074300020933151245
4200,-5.317152103559877,103,101,0.9768284789644013,0.009560620667807329,0.005627118287956548,1.240379879163811e-05,0.05851733312010765
4201,63.95652173913044,23,20,0.8695652173913043,-0.06724736285309518,0.03655599674598875,1.2404749213601463e-05,0.08024496585130692
4202,40.95652173913044,46,40,0.8695652173913043,-0.09980178393448647,0.011303928625549853,1.2403825166984461e-05,0.032655466347932816
4203,-5.71844660194175,103,101,0.9728155339805825,0.051905757102640254,0.027481750712190275,1.0333110367355403e-05,2.4124832153320312
4204,-7.631578947368411,95,83,0.8736842105263158,-0.016024537839484765,0.0022770145718054857,9.661067451816052e-06,0.022456664592027664
4205,63.95652173913044,23,20,0.8695652173913043,0.03740309381834095,0.7943753131444862,9.657309419708326e-06,0.017044365406036377
4206,40.95652173913044,46,40,0.8695652173913043,-0.05782983334762548,0.09030840317696942,9.496754501014948e-06,0.07753055542707443
4207,-106.9479674796748,205,202,0.980520325203252,0.03766999949024269,0.049341451218379795,8.986331522464752e-06,0.3151860237121582
4208,-109.9326923076923,208,204,0.9806730769230769,0.04465624360052778,0.03177167622462211,9.374192813993432e-06,2.7479422092437744
4209,63.95652173913044,23,20,0.8695652173913043,-0.01357171873041807,0.2483414957984449,9.375562513014302e-06,0.12004732340574265
4210,-9.541666666666657,96,83,0.8645833333333334,-0.06182188280365608,0.17720019257248654,9.375394256494474e-06,0.003390659810975194
4211,-7.051282051282058,104,101,0.9694871794871794,-0.023797357346813985,0.12336165246823444,9.374187357025221e-06,0.1558978408575058
4212,38.1063829787234,47,40,0.851063829787234,-0.12888032412138273,0.22212944718800465,9.374367436976172e-06,0.031258475035429
4213,-105.54575163398692,204,201,0.9845424836601308,-0.0019394526188340748,0.3787052458899756,9.420698916073889e-06,1.0263869762420654
4214,-7.631578947368411,95,83,0.8736842105263158,-0.050122522659847846,0.05529857455104601,9.42059159569908e-06,0.0069382814690470695
4215,63.95652173913044,23,20,0.8695652173913043,-0.05635659945619409,0.03785277481173921,9.42011956794886e-06,0.07865241169929504
4216,-102.70149253731343,201,198,0.9829850746268657,0.11583550560174949,0.15955417607184358,9.741635949467309e-06,2.570976734161377
4217,-3.3594771241830017,102,101,0.9864052287581699,0.0311904095233243,0.07932877089604795,9.701763701741584e-06,0.35312047600746155
4218,-7.631578947368411,95,83,0.8736842105263158,-0.016516502985950865,0.0022126347541817637,8.95834182301769e-06,0.005207317415624857
4219,-110.85964912280701,209,206,0.9814035087719298,0.09873895224083687,0.06038541162896049,9.357687304145657e-06,2.762852668762207
4220,40.95652173913044,46,40,0.8695652173913043,-0.03978102291259944,0.017866990561470786,9.358200259157456e-06,0.06211280822753906
4221,63.95652173913044,23,20,0.8695652173913043,-0.02679653381886915,0.015581625042962344,9.184625923808198e-06,0.03974629193544388
4222,-6.480769230769226,104,102,0.9751923076923077,-0.014469062396412963,0.00340171723338755,9.071914973901585e-06,0.38832712173461914
4223,46.733333333333334,50,49,0.9673333333333334,0.09766995362650732,0.11650032937235544,9.935702109942213e-06,3.6488354206085205
4224,40.95652173913044,46,40,0.8695652173913043,-0.055417049494451476,0.02635114068817579,9.935540219885297e-06,0.04482816159725189
4225,-105.44117647058823,204,202,0.9855882352941177,-0.04598150897318942,0.05493439691138712,9.948347724275663e-06,0.6880276799201965
4226,43.888888888888886,45,40,0.8888888888888888,-0.06328252960884129,0.014720054164449659,9.927414794219658e-06,0.00994457583874464
4227,43.888888888888886,45,40,0.8888888888888888,-0.08771213668362066,0.013738343942749894,9.860574209596962e-06,0.06223447993397713
4228,63.95652173913044,23,20,0.8695652173913043,-0.056664975665022155,0.02032371162765756,9.861065336735919e-06,0.05301090329885483
4229,-5.71844660194175,103,101,0.9728155339805825,0.0016410452472152208,0.05424096237526798,6.8803697104158346e-06,0.7973153591156006
4230,47.13333333333334,50,49,0.9713333333333334,0.028526655574733367,0.10338106366663642,1.6580044757574797e-05,12.49748420715332
4231,-9.541666666666657,96,83,0.8645833333333334,-0.022076992775964754,0.008819198944497234,1.6579177099629305e-05,0.022999616339802742
4232,-7.1079365079365004,105,104,0.978920634920635,-0.007932395703609816,0.08074076057644981,1.6762340237619355e-05,1.9224786758422852
4233,-100.66834170854271,199,196,0.9833165829145729,0.01182075369444075,0.012851473620288377,1.678389344306197e-05,0.5929753184318542
4234,40.95652173913044,46,40,0.8695652173913043,-0.0948572210206251,0.01681043093653245,1.678402077232022e-05,0.05157290771603584
4235,-3.4224422442244276,101,99,0.9757755775577558,0.012390783969884467,0.13740667884604435,1.6787220374681056e-05,0.2417585551738739
4236,59.33333333333334,24,20,0.8333333333333334,-0.0811032191140697,0.06060003107906293,1.674205850576982e-05,0.02096213400363922
4237,47.13333333333334,50,49,0.9713333333333334,0.01615409107771925,0.043903518820004254,2.1676763935829513e-05,8.996337890625
4238,40.95652173913044,46,40,0.8695652173913043,-0.08707930810737707,0.028908529128870177,2.167680395359639e-05,0.07716374844312668
4239,43.60377358490567,53,52,0.9660377358490566,0.08304060466582186,0.054759418835416795,2.2245312720770016e-05,3.2618045806884766
4240,46.733333333333334,50,49,0.9673333333333334,0.012852306653043044,0.034379699128358254,2.25372477871133e-05,2.3713417053222656
4241,40.95652173913044,46,40,0.8695652173913043,-0.13154577743216578,0.011978842634574636,2.2530299247591756e-05,0.09065056592226028
4242,-105.4673202614379,204,202,0.9853267973856209,-0.05393752272843511,0.03964816587432104,2.253035745525267e-05,0.3081008493900299
4243,-109.9326923076923,208,204,0.9806730769230769,-0.03846763070797677,0.03161694099966437,2.2555403120350093e-05,0.9209245443344116
4244,-4.59223300970875,103,102,0.9840776699029126,0.0014314755151758618,0.013816035017366016,2.256600600958336e-05,0.3002393841743469
4245,-104.76026272577997,203,200,0.9823973727422003,0.03265169558119396,0.014344152673182451,2.2795151380705647e-05,1.8846004009246826
4246,-7.631578947368411,95,83,0.8736842105263158,-0.034292487199763855,0.023915977926110003,2.279522959725e-05,0.004877032712101936
4247,-5.702127659574472,94,83,0.8829787234042553,-0.03272969663533587,0.0026679358067678233,2.2795144104748033e-05,0.02978462167084217
4248,63.95652173913044,23,20,0.8695652173913043,-0.13265904541020745,0.12759382646413542,2.279500404256396e-05,0.01762886345386505
4249,-7.631578947368411,95,83,0.8736842105263158,0.00023139958398132876,0.010650422166124274,2.279469663335476e-05,0.008045963011682034
4250,63.95652173913044,23,20,0.8695652173913043,-0.1361884471734811,0.23026433439792982,2.2727026589564048e-05,0.0730476900935173
4251,40.95652173913044,46,40,0.8695652173913043,-0.1784556471700487,0.01236922631349091,2.272704296046868e-05,0.11969920247793198
4252,46.626666666666665,50,49,0.9662666666666667,-0.044902381780019596,0.09322069948628027,2.277253952343017e-05,0.7379058003425598
4253,-104.76026272577997,203,200,0.9823973727422003,0.27132882043156314,0.09705054277946619,2.4003822545637377e-05,4.3716511726379395
4254,-105.44117647058823,204,202,0.9855882352941177,0.17626646158270304,0.01599115768843918,2.413087713648565e-05,1.3606455326080322
4255,43.8930817610063,53,52,0.9689308176100629,0.011798325337622373,0.06665513553855673,2.4353736080229282e-05,1.9833658933639526
4256,47.625850340136054,49,48,0.9662585034013605,-0.05441517919788197,0.05572582250257829,2.4468370611430146e-05,1.464486002922058
4257,59.33333333333334,24,20,0.8333333333333334,-0.10813064284047869,0.21136673096501113,2.4468605261063203e-05,0.12302897870540619
4258,-105.4673202614379,204,202,0.9853267973856209,-0.06683467043399668,1.646789869634903,2.409297667327337e-05,0.8848195672035217
4259,63.95652173913044,23,20,0.8695652173913043,-0.04193637934546757,0.6854579969379938,2.4093076717690565e-05,0.023324787616729736
4260,48.68707482993197,49,48,0.9768707482993197,-0.04185707445009257,0.029309378419679177,2.5593717509764247e-05,5.029414653778076
4261,49.02721088435375,49,49,0.9802721088435374,-0.056877920319237774,0.03067402415089049,2.5638517399784178e-05,0.7468242049217224
4262,46.56410256410257,52,52,0.9856410256410256,0.037087655579711054,0.03691004128148734,2.526083517295774e-05,0.42384329438209534
4263,59.33333333333334,24,20,0.8333333333333334,-0.15121427552730893,0.046571150606183664,2.526082971598953e-05,0.06170359253883362
4264,43.8930817610063,53,52,0.9689308176100629,0.006864240249115028,0.11918861124642266,2.52789232035866e-05,0.4365026354789734
4265,-9.541666666666657,96,83,0.8645833333333334,-0.04011346508963243,0.37276566890472146,2.513087929401081e-05,0.005718044936656952
4266,43.888888888888886,45,40,0.8888888888888888,-0.16002860820299247,0.06125648772642833,2.512340506655164e-05,0.07417342066764832
4267,40.95652173913044,46,40,0.8695652173913043,-0.15113024895080684,0.013009598752469764,2.4801383915473707e-05,0.015638533979654312
4268,47.29931972789116,49,48,0.9629931972789115,-0.04692120385062459,0.0831912369552974,2.653622141224332e-05,6.123260974884033
4269,-9.541666666666657,96,83,0.8645833333333334,-0.027413762773903727,0.21351368081420705,2.653603041835595e-05,0.0007616174989379942
4270,59.33333333333334,24,20,0.8333333333333334,-0.046730444777494995,0.3653937310153881,2.6536645236774348e-05,0.03133265674114227
4271,47.625850340136054,49,48,0.9662585034013605,0.0093423591403905,0.13237497688382405,2.8789690986741334e-05,6.303153991699219
4272,63.95652173913044,23,20,0.8695652173913043,-0.06476434326577873,1.6265438410124327,2.8748339900630526e-05,0.13400031626224518
4273,-9.541666666666657,96,83,0.8645833333333334,-0.030495547715020166,0.11070135853749959,2.8753178412443958e-05,0.014668593183159828
4274,38.1063829787234,47,40,0.851063829787234,-0.127403243579991,0.011409668443038989,2.875328209483996e-05,0.018388781696558
4275,-5.702127659574472,94,83,0.8829787234042553,-0.028822788643580566,0.0033901447097183794,2.8753869628417306e-05,0.000662520993500948
4276,-109.40064102564102,208,206,0.9859935897435897,-0.04050871937993605,0.5500120164751441,2.901752304751426e-05,1.8118985891342163
4277,63.95652173913044,23,20,0.8695652173913043,-0.06590983280325524,0.237906958027855,2.9018367058597505e-05,0.021972617134451866
4278,63.95652173913044,23,20,0.8695652173913043,-0.10798123960239536,0.17089957616961726,2.899652099586092e-05,0.051004309207201004
4279,40.95652173913044,46,40,0.8695652173913043,-0.12745930384122062,0.019317176418137905,2.8998356356169097e-05,0.07411251217126846
4280,46.7516339869281,51,51,0.977516339869281,0.05285184425032653,0.09179596881659258,2.9568298486992717e-05,3.3399689197540283
4281,-3.4224422442244276,101,99,0.9757755775577558,0.06994513528228288,0.4793963215644437,2.9460210498655215e-05,0.8171731233596802
4282,40.95652173913044,46,40,0.8695652173913043,-0.12720704171962893,0.02025939671215582,2.9457794880727306e-05,0.004963427782058716
4283,-109.40064102564102,208,206,0.9859935897435897,0.07603870820694465,0.023235809406948707,3.0481418434646912e-05,3.838061571121216
4284,47.29931972789116,49,48,0.9629931972789115,-0.03873088746266262,0.19284709962490254,3.046206256840378e-05,2.0868334770202637
4285,40.95652173913044,46,40,0.8695652173913043,-0.10315172956001106,0.01950468157069918,3.0462157155852765e-05,0.00023409989080391824
4286,-4.91585760517799,103,102,0.98084142394822,0.04550961280197868,0.19127517993962684,3.0291890652733855e-05,1.1938663721084595
4287,-8.937694704049846,107,106,0.9806230529595016,0.036350892228658734,0.05915416200124746,3.058275251532905e-05,1.9553577899932861
4288,-7.631578947368411,95,83,0.8736842105263158,-0.012797559056252794,0.002407188870378961,3.0525916372425854e-05,0.0020858433563262224
4289,-105.44117647058823,204,202,0.9855882352941177,-0.003783127331914244,0.24296750149098792,3.072653271374293e-05,1.5966570377349854
4290,-7.631578947368411,95,83,0.8736842105263158,-0.019630376016152695,0.004394244676642557,3.072702747886069e-05,0.01145376916974783
4291,-6.480769230769226,104,102,0.9751923076923077,0.02734081240721362,0.0037428343009629494,3.07548361888621e-05,0.571812093257904
4292,40.95652173913044,46,40,0.8695652173913043,-0.05959869240177795,0.3671523799514489,2.9437223929562606e-05,0.00011871483002323657
4293,63.95652173913044,23,20,0.8695652173913043,0.0030189943404366204,1.473795088628549,2.940085505542811e-05,0.056570880115032196
4294,63.95652173913044,23,20,0.8695652173913043,0.01739702861709702,0.8139385964474712,2.938706529675983e-05,0.09856907278299332
4295,-7.631578947368411,95,83,0.8736842105263158,-0.02669937630045638,0.0671805829429827,2.9386277674348094e-05,0.015255961567163467
4296,-2.8151815181518174,101,100,0.9818481848184818,0.005247755734558268,0.017537056397771256,2.9386503229034133e-05,0.011106749065220356
4297,40.95652173913044,46,40,0.8695652173913043,-0.17117936025715608,0.19674988950866013,2.938651232398115e-05,0.013199392706155777
4298,-5.702127659574472,94,83,0.8829787234042553,-0.03171600326390944,0.12096732430706192,2.9388058464974165e-05,0.006437062751501799
4299,38.1063829787234,47,40,0.851063829787234,-0.22700804242390404,0.7299674344925418,2.938808211183641e-05,0.0046068113297224045
4300,40.95652173913044,46,40,0.8695652173913043,-0.1928307274879444,0.28689664924013414,2.9386565074673854e-05,0.013266222551465034
4301,46.7516339869281,51,51,0.977516339869281,0.018609641767550145,0.2508516841858537,2.938906072813552e-05,0.08918852359056473
4302,43.888888888888886,45,40,0.8888888888888888,-0.10426608269881399,0.04569257425157147,2.9388798793661408e-05,0.13601334393024445
4303,49.36879432624113,47,46,0.9636879432624114,-0.0039167199717512775,0.05783373316718743,3.000772812811192e-05,4.311036109924316
4304,38.1063829787234,47,40,0.851063829787234,-0.05112132544283554,0.028615829756132114,3.000762990268413e-05,0.03674563020467758
4305,-108.53945249597423,207,204,0.9846054750402576,-0.03198308545255062,0.2958250113107999,3.0475324820145033e-05,2.540644884109497
4306,63.95652173913044,23,20,0.8695652173913043,0.07106392714558751,1.6526719846244662,3.0475330277113244e-05,0.0786956399679184
4307,-105.4673202614379,204,202,0.9853267973856209,0.004080571462470207,0.11563727172053591,3.06428519252222e-05,1.5243031978607178
4308,43.888888888888886,45,40,0.8888888888888888,0.016361170050004148,0.6590197707834768,3.010531327163335e-05,0.02147212065756321
4309,46.626666666666665,50,49,0.9662666666666667,0.12191120841322345,0.2123382897181001,3.016827758983709e-05,0.8113117218017578
4310,-9.043613707165107,107,105,0.979563862928349,0.0441380367043337,0.015416109169347145,3.035237023141235e-05,1.531699299812317
4311,-9.541666666666657,96,83,0.8645833333333334,0.028289683040725322,0.06610740316860478,3.0346924177138135e-05,0.003981704358011484
4312,63.95652173913044,23,20,0.8695652173913043,-0.0923587317338388,0.2796480596816764,3.0347940992214717e-05,0.21464110910892487
4313,-11.432989690721655,97,83,0.8556701030927835,0.046458104180402415,0.2249756494703915,3.0256811442086473e-05,0.03200790286064148
4314,-104.76026272577997,203,200,0.9823973727422003,0.12010673521695026,0.06168915656267515,3.089793608523905e-05,3.0327248573303223
4315,63.95652173913044,23,20,0.8695652173913043,-0.07039595460486225,0.8502531203787367,3.089811798417941e-05,0.017724862322211266
4316,40.95652173913044,46,40,0.8695652173913043,-0.1773908506738735,0.23328719890055627,3.042783100681845e-05,0.07583018392324448
4317,49.36879432624113,47,46,0.9636879432624114,-0.1031545833635843,0.6511311272370222,3.347551682963967e-05,7.307013511657715
4318,63.95652173913044,23,20,0.8695652173913043,0.01599700488380318,0.02960601016485498,3.3474763768026605e-05,0.09496592730283737
4319,63.95652173913044,23,20,0.8695652173913043,0.01858689246682843,0.3209602236887031,3.290107997599989e-05,0.07643667608499527
4320,59.33333333333334,24,20,0.8333333333333334,0.0246547560077488,0.0828268559592053,3.29010836139787e-05,0.062086787074804306
4321,-109.9326923076923,208,204,0.9806730769230769,0.04005300929943871,0.1517206861009116,3.3519219869049266e-05,2.880476951599121
4322,40.95652173913044,46,40,0.8695652173913043,-0.0220126214044285,0.28786441079934555,3.3495914976811036e-05,0.018539199605584145
4323,-6.480769230769226,104,102,0.9751923076923077,0.006354192508807099,0.017204288354575544,3.292352266726084e-05,1.2027099132537842
4324,-9.541666666666657,96,83,0.8645833333333334,-0.004467381574784213,0.11478918623701995,3.292296969448216e-05,0.008208363316953182
4325,-105.44117647058823,204,202,0.9855882352941177,0.02096930411146292,0.20204231972200262,3.2908112189034e-05,0.5483978986740112
4326,40.95652173913044,46,40,0.8695652173913043,-0.03129567073153794,0.26164216188525047,3.290794120403007e-05,0.029233364388346672
4327,-102.70149253731343,201,198,0.9829850746268657,0.04947993107457477,0.11997922335374511,3.3134783734567463e-05,1.6966307163238525
4328,43.888888888888886,45,40,0.8888888888888888,-0.020797318885342975,0.42244930187403185,3.313530032755807e-05,0.008480517193675041
4329,49.36879432624113,47,46,0.9636879432624114,-0.00835935845157465,0.04559071491739619,3.309956446173601e-05,0.9309272170066833
4330,63.95652173913044,23,20,0.8695652173913043,-0.011031835535959544,0.20927974810394823,2.3755404981784523e-05,0.0060769133269786835
4331,-109.40064102564102,208,206,0.9859935897435897,0.0842082554087791,0.03831396502562885,2.4224567823694088e-05,2.65722393989563
4332,46.733333333333334,50,49,0.9673333333333334,0.06425487502058047,0.11638715880459571,2.4073433451121673e-05,1.4014226198196411
4333,43.888888888888886,45,40,0.8888888888888888,-0.0992887675580505,0.012720417634194015,2.4042205041041598e-05,0.044903308153152466
4334,-7.631578947368411,95,83,0.8736842105263158,-0.00917950415919222,0.005829514336875472,2.40425142692402e-05,0.014406055212020874
4335,63.95652173913044,23,20,0.8695652173913043,-0.0866714649594087,0.32039454622297114,2.4034812668105587e-05,0.03799089416861534
4336,-7.631578947368411,95,83,0.8736842105263158,-0.008392677117457836,0.01294490419370957,2.40347162616672e-05,0.010753709822893143
4337,59.33333333333334,24,20,0.8333333333333334,-0.12670705612777056,0.8236535865294776,1.914739732455928e-05,0.14370763301849365
4338,-7.631578947368411,95,83,0.8736842105263158,-0.013151051169188577,0.007551407524920536,1.9147322745993733e-05,0.007795656565576792
4339,-7.1079365079365004,105,104,0.978920634920635,-0.00503836785378553,0.016476816492802863,1.8757826182991266e-05,2.0336203575134277
4340,-100.66834170854271,199,196,0.9833165829145729,0.007421418549663805,0.040364099952627686,1.8512324459152296e-05,1.3594659566879272
4341,-7.631578947368411,95,83,0.8736842105263158,-0.01838176344378528,0.0019514353776259854,1.851179877121467e-05,0.004780310206115246
4342,63.95652173913044,23,20,0.8695652173913043,-0.007672950162714187,0.8037962086882171,1.8504348190617748e-05,0.06739671528339386
4343,40.95652173913044,46,40,0.8695652173913043,-0.07165970520699716,0.12284402729318002,1.8457720216247253e-05,0.09736446291208267
4344,-7.631578947368411,95,83,0.8736842105263158,-0.000834165238757123,0.0035442590594100126,1.8453642042004503e-05,0.021433928981423378
4345,-105.44117647058823,204,202,0.9855882352941177,0.03824327708813842,0.026066356966931294,1.8245764294988476e-05,0.2493957281112671
4346,47.29931972789116,49,48,0.9629931972789115,0.003708238997358393,0.04256273323932991,1.8860104319173843e-05,3.157304525375366
4347,40.95652173913044,46,40,0.8695652173913043,-0.06506777857072166,0.06591605526046086,1.8860348063753918e-05,0.08246540278196335
4348,46.56410256410257,52,52,0.9856410256410256,0.04883598882431173,0.19214619836266422,1.893337321234867e-05,1.1111841201782227
4349,63.95652173913044,23,20,0.8695652173913043,-0.0320301426251719,0.3383462472298806,1.8934319086838514e-05,0.15212756395339966
4350,-11.432989690721655,97,83,0.8556701030927835,-0.006610475464640331,0.21987624386398863,1.8934309991891496e-05,0.022659769281744957
4351,-100.66834170854271,199,196,0.9833165829145729,0.03476413510202071,0.15969943202647532,1.900242205010727e-05,1.033576250076294
4352,46.733333333333334,50,49,0.9673333333333334,-0.006914179385702823,0.907074275035967,1.8967368305311538e-05,0.08775142580270767
4353,46.7516339869281,51,51,0.977516339869281,0.010786266610411736,0.8108472182740246,1.805811916710809e-05,2.2598137855529785
4354,63.95652173913044,23,20,0.8695652173913043,-0.11008949093411502,0.06890728165742077,1.792773764464073e-05,0.10057887434959412
4355,63.95652173913044,23,20,0.8695652173913043,-0.09702536291717934,0.021909305547495705,1.7708402083371766e-05,0.04061523452401161
4356,-9.541666666666657,96,83,0.8645833333333334,-0.014884901312598231,0.1695866830912408,1.7590367860975675e-05,0.019287854433059692
4357,-105.4673202614379,204,202,0.9853267973856209,0.06278238374149242,0.08191362874178154,1.760819213814102e-05,0.48044493794441223
4358,-7.631578947368411,95,83,0.8736842105263158,-0.01752931337209418,0.027402287883111505,1.7552443750901148e-05,0.007030457258224487
4359,47.13333333333334,50,49,0.9713333333333334,0.057093991047654225,0.03442217660132041,1.7559461412020028e-05,0.2850008010864258
4360,47.266666666666666,50,49,0.9726666666666667,0.0936452015200615,0.03523601188813785,1.6969574062386528e-05,3.946711301803589
4361,-108.53945249597423,207,204,0.9846054750402576,0.08164876860598307,0.12851341728457888,1.7014479453791864e-05,1.112990379333496
4362,47.13333333333334,50,49,0.9713333333333334,0.0782821574859903,0.03194874957554239,1.7457143258070573e-05,2.7977263927459717
4363,59.33333333333334,24,20,0.8333333333333334,-0.05684470191226865,0.059920558450507144,1.7457117792218924e-05,0.04920569062232971
4364,-110.85964912280701,209,206,0.9814035087719298,0.07628760668487011,0.20275495621042525,1.7697726434562355e-05,1.9618483781814575
4365,-106.9479674796748,205,202,0.980520325203252,0.06773546294370844,0.19871032382412313,1.7738000678946264e-05,0.7417659759521484
4366,-5.71844660194175,103,101,0.9728155339805825,0.01070504004243844,0.033327156795269215,1.828237873269245e-05,2.922734022140503
4367,48.68707482993197,49,48,0.9768707482993197,-0.05801218879321368,0.09413852592218896,1.828355379984714e-05,0.18015125393867493
4368,63.95652173913044,23,20,0.8695652173913043,-0.06854906821979512,0.3063529534303248,1.597922710061539e-05,0.08994397521018982
4369,-5.961538461538453,104,103,0.9803846153846154,-0.003265480438166435,0.013956769626021374,1.6020952898543328e-05,0.8511267900466919
4370,-6.480769230769226,104,102,0.9751923076923077,0.0005026672667099934,0.0022299774535873423,1.60217587108491e-05,0.15667453408241272
4371,40.95652173913044,46,40,0.8695652173913043,-0.18645581464645034,0.01707186625277446,1.3524178939405829e-05,0.09347236901521683
4372,48.68707482993197,49,48,0.9768707482993197,-0.07666997559302047,0.10346165885822997,1.4972041753935628e-05,4.777932643890381
4373,-108.53945249597423,207,204,0.9846054750402576,0.023335323919973516,0.3773098904879315,1.522555794508662e-05,2.0880956649780273
4374,-9.541666666666657,96,83,0.8645833333333334,-0.025409428087868946,0.1430412661927889,1.5225574315991253e-05,0.010190154425799847
4375,-102.70149253731343,201,198,0.9829850746268657,0.007451136288753663,0.3215212080495513,1.5333851479226723e-05,1.4041656255722046
4376,-9.541666666666657,96,83,0.8645833333333334,-0.013273941829055502,0.11418193856948589,1.5148156307986937e-05,0.015538216568529606
4377,63.95652173913044,23,20,0.8695652173913043,-0.04853911147870349,1.0290140752170798,1.5148338206927292e-05,0.04865757375955582
4378,-102.70149253731343,201,198,0.9829850746268657,0.05599226484485342,0.07329345996422049,1.5387295206892304e-05,2.047358989715576
4379,40.95652173913044,46,40,0.8695652173913043,-0.09975301085199817,0.06702897624478542,1.5387173334602267e-05,0.054425742477178574
4380,40.95652173913044,46,40,0.8695652173913043,-0.14668311001500456,0.0545223819490559,1.4659424778074026e-05,0.16438080370426178
4381,-2.8151815181518174,101,100,0.9818481848184818,0.021318172504720678,0.32100534742501075,1.4629070392402355e-05,0.07117941975593567
4382,46.7516339869281,51,51,0.977516339869281,0.014117682748831267,0.040057313765908376,1.5753554180264473e-05,4.182063102722168
4383,-5.961538461538453,104,103,0.9803846153846154,0.0054822240433907155,0.12631876731656397,1.5056893062137533e-05,1.783128023147583
4384,46.7516339869281,51,51,0.977516339869281,-0.03008075610242086,0.04459601900350223,1.4916777217877097e-05,1.6060981750488281
4385,-9.541666666666657,96,83,0.8645833333333334,-0.014044232798294587,0.04086997761418981,1.4916772670403589e-05,0.005791705101728439
4386,-3.3594771241830017,102,101,0.9864052287581699,-0.0036256801200643222,0.1119829070792387,1.496375807619188e-05,1.4967213869094849
4387,-8.937694704049846,107,106,0.9806230529595016,0.0007872450000832032,0.006938614051438529,1.5107122635527048e-05,2.4995386600494385
4388,63.95652173913044,23,20,0.8695652173913043,-0.08718386381224263,0.1799462294700449,1.5108848856471013e-05,0.15430228412151337
4389,63.95652173913044,23,20,0.8695652173913043,-0.05038681501400788,0.10548005385921044,1.4968673895054962e-05,8.028693264350295e-05
4390,40.95652173913044,46,40,0.8695652173913043,-0.12837993060747976,0.03377952146401331,1.4969516996643506e-05,0.10961923748254776
4391,63.95652173913044,23,20,0.8695652173913043,-0.03990018442654091,0.017582483964907025,1.495475044066552e-05,0.03283834457397461
4392,-2.8151815181518174,101,100,0.9818481848184818,-0.01988278035446278,0.008909412016670615,1.4963035937398672e-05,0.44830307364463806
4393,-100.66834170854271,199,196,0.9833165829145729,-0.052779855522353536,0.05862444740918575,1.4987473150540609e-05,0.7175723910331726
4394,63.95652173913044,23,20,0.8695652173913043,-0.046659435238325386,0.011791322133902327,1.4986990208853967e-05,0.008262618444859982
4395,63.95652173913044,23,20,0.8695652173913043,-0.05060262886581768,0.013308850469714528,1.4986966561991721e-05,0.0034676832146942616
4396,40.95652173913044,46,40,0.8695652173913043,-0.09512788477513823,0.07185795359418368,1.4987233953434043e-05,0.04716837778687477
4397,47.29931972789116,49,48,0.9629931972789115,0.015223832675759219,0.4830722288764773,1.7304744687862694e-05,6.080724716186523
4398,-4.2549019607843235,102,100,0.9774509803921568,0.001819809583971864,0.009916103248572007,1.7526555893709883e-05,1.9292422533035278
4399,43.888888888888886,45,40,0.8888888888888888,-0.029681323206328245,0.07420939366557944,1.752665775711648e-05,0.03621862828731537
4400,46.46153846153847,52,52,0.9846153846153847,0.14923774050945138,0.05052719152236396,1.7567823306308128e-05,0.782425582408905
4401,-105.54575163398692,204,201,0.9845424836601308,0.044398341804794204,0.061057647560255446,1.7569143892615102e-05,0.11911053955554962
4402,40.95652173913044,46,40,0.8695652173913043,-0.07458287760618987,0.01166160499149188,1.756875826686155e-05,0.10882769525051117
4403,-99.21885521885523,198,196,0.9878114478114478,0.048849350190945655,0.011515389102898677,1.6435837096651085e-05,0.8973710536956787
4404,-1.4466666666666583,100,99,0.9855333333333334,0.0014855735895925725,0.021515724754613677,1.6508436601725407e-05,1.1806718111038208
4405,40.95652173913044,46,40,0.8695652173913043,-0.07823936072679688,0.01105789039159455,1.613690983504057e-05,0.01309213973581791
4406,48.68707482993197,49,48,0.9768707482993197,0.0036708278134334194,0.08441062919892772,1.7045038475771435e-05,3.7886569499969482
4407,43.704402515723274,53,52,0.9670440251572328,0.09967943368569565,0.1653685468297681,1.7062875485862605e-05,1.619071364402771
4408,-11.432989690721655,97,83,0.8556701030927835,-0.021271164154313738,0.4099137308694759,1.7062897313735448e-05,0.01778295263648033
4409,40.95652173913044,46,40,0.8695652173913043,-0.09610361313104931,0.02134235301309073,1.702561894489918e-05,0.06784894317388535
4410,-7.1079365079365004,105,104,0.978920634920635,-0.011973432741034174,0.11573277715289483,1.7086584193748422e-05,1.8309755325317383
4411,-7.631578947368411,95,83,0.8736842105263158,-0.030530172108001352,0.08347908695410922,1.7086589650716633e-05,0.0016203256091102958
4412,-7.631578947368411,95,83,0.8736842105263158,-0.025256204814240846,0.06059355733111044,1.7083950297092088e-05,0.006312467623502016
4413,59.33333333333334,24,20,0.8333333333333334,-0.06943672930958655,0.07299964865924219,1.7084343198803253e-05,0.09576157480478287
4414,-7.631578947368411,95,83,0.8736842105263158,-0.008101865691287458,0.016032991526242487,1.6522762962267734e-05,0.004837867338210344
4415,38.1063829787234,47,40,0.851063829787234,-0.12013003427409785,0.08189255612998125,1.6522839359822683e-05,0.05297015979886055
4416,-9.541666666666657,96,83,0.8645833333333334,0.014366628100347612,0.04077655787605938,1.65226429089671e-05,0.00013466141535900533
4417,-2.953795379537965,101,100,0.9804620462046204,0.04316200546256463,0.14112153527700605,1.349278500129003e-05,2.2598390579223633
4418,59.33333333333334,24,20,0.8333333333333334,-0.04124632817774909,0.08176769572917277,1.349266131001059e-05,0.08521641790866852
4419,40.95652173913044,46,40,0.8695652173913043,-0.0776048193583847,0.0706953320268533,1.3492777725332417e-05,0.0861189216375351
4420,59.33333333333334,24,20,0.8333333333333334,-0.012890942440208164,0.1354782704587052,1.349266131001059e-05,0.04814694821834564
4421,47.13333333333334,50,49,0.9713333333333334,0.07177718018420766,0.027414958354686547,1.3074633898213506e-05,0.9665338397026062
4422,40.95652173913044,46,40,0.8695652173913043,-0.07079528701183335,0.047036516663231276,1.3074760317977052e-05,0.04811583459377289
4423,-9.043613707165107,107,105,0.979563862928349,0.009985957403372936,0.021062619722510195,1.3076115465082694e-05,1.2114508152008057
4424,47.29931972789116,49,48,0.9629931972789115,-0.022114414971782126,0.16060190561726984,1.3555924851971213e-05,2.749443292617798
4425,-5.961538461538453,104,103,0.9803846153846154,0.003408518107115899,0.041791536106660004,1.3612693692266475e-05,1.1221240758895874
4426,47.625850340136054,49,48,0.9662585034013605,-0.06364293115754549,0.13911718046845323,1.3962438970338553e-05,2.3611936569213867
4427,46.626666666666665,50,49,0.9662666666666667,0.034393280203585785,0.1235523243733434,1.3853989003109746e-05,1.0654643774032593
4428,-104.76026272577997,203,200,0.9823973727422003,0.06126275458859709,0.10925326325873214,1.3970530744700227e-05,1.364815592765808
4429,-9.541666666666657,96,83,0.8645833333333334,-0.03197899628941059,0.029980770410159743,1.3917117030359805e-05,0.012188000604510307
4430,-9.541666666666657,96,83,0.8645833333333334,-0.032945006740874305,0.03637128083251044,1.3917126125306822e-05,0.00025197365903295577
4431,38.1063829787234,47,40,0.851063829787234,-0.12785542280835216,0.011996454156037117,1.3479887456924189e-05,0.08589448034763336
4432,-4.59223300970875,103,102,0.9840776699029126,8.01512190742315e-05,0.04904929123073166,1.3394780580711085e-05,0.7350265383720398
4433,-105.54575163398692,204,201,0.9845424836601308,0.042831607594466393,0.07041407505716486,1.3399598174146377e-05,0.2779995799064636
4434,46.46153846153847,52,52,0.9846153846153847,0.07243972490222417,0.21436201001916366,1.351113951386651e-05,1.356602430343628
4435,63.95652173913044,23,20,0.8695652173913043,-0.013189724444146123,0.8970324034393471,1.3511144970834721e-05,0.015278815291821957
4436,-9.541666666666657,96,83,0.8645833333333334,-0.031850309081463024,0.028559794029592918,1.3511135875887703e-05,0.008334650658071041
4437,46.626666666666665,50,49,0.9662666666666667,-0.03091646018228289,0.2001913048400361,1.3529232091968879e-05,0.5441662073135376
4438,47.625850340136054,49,48,0.9662585034013605,-0.09765341552745888,0.28277842680969023,1.4180985090206377e-05,3.2568962574005127
4439,40.95652173913044,46,40,0.8695652173913043,-0.15306238240099646,0.021360906027481974,1.3918716831540223e-05,0.09803006798028946
4440,43.8930817610063,53,52,0.9689308176100629,0.01843839147414883,0.2070707375059193,1.4217538591765333e-05,2.5728323459625244
4441,46.626666666666665,50,49,0.9662666666666667,-0.025897091751543755,0.18104426481495572,1.4682850633107591e-05,2.791142702102661
4442,43.8930817610063,53,52,0.9689308176100629,0.05104920717630179,0.10657622410774081,1.490079921495635e-05,1.8334951400756836
4443,40.95652173913044,46,40,0.8695652173913043,-0.10610017168323793,0.021260049042216955,1.49005682033021e-05,0.0010983346728608012
4444,-2.953795379537965,101,100,0.9804620462046204,0.007589278849280845,0.1904202488001843,1.5224361050059088e-05,2.26613187789917
4445,46.56410256410257,52,52,0.9856410256410256,0.05090700620221256,0.07065905278862772,1.6320896975230426e-05,4.259701251983643
4446,-7.631578947368411,95,83,0.8736842105263158,-0.028472660299513564,0.008784985090109457,1.5722469470347278e-05,0.04110090434551239
4447,-7.631578947368411,95,83,0.8736842105263158,-0.028687041495629728,0.003705537145310262,1.5722431271569803e-05,0.02995792217552662
4448,-9.541666666666657,96,83,0.8645833333333334,-0.028229089774413296,0.02759804274087936,1.5649084161850624e-05,0.012288360856473446
4449,-7.631578947368411,95,83,0.8736842105263158,-0.02665695824998693,0.004002609030926196,1.5648010958102532e-05,0.009255759418010712
4450,-5.71844660194175,103,101,0.9728155339805825,0.003449788992948344,0.02558260450421923,1.581433207320515e-05,1.639418363571167
4451,-110.85964912280701,209,206,0.9814035087719298,0.0004373909584871569,0.01544612228604385,1.5866007743170485e-05,1.3832075595855713
4452,46.733333333333334,50,49,0.9673333333333334,-0.01721416256261321,0.2242886497062404,1.6124909961945377e-05,2.0706257820129395
4453,-5.961538461538453,104,103,0.9803846153846154,-0.014204433472537747,0.042579680338929435,1.58860220835777e-05,1.2474360466003418
4454,-9.541666666666657,96,83,0.8645833333333334,0.001646744567267433,0.04469441324380089,1.5885361790424213e-05,0.024338604882359505
4455,-5.71844660194175,103,101,0.9728155339805825,0.024995005988116326,0.03406857602599776,1.6468538888148032e-05,3.1577911376953125
4456,59.33333333333334,24,20,0.8333333333333334,-0.10046701729152119,0.01148116103078678,1.646877353778109e-05,0.04652364179491997
4457,-9.541666666666657,96,83,0.8645833333333334,0.010946634503852692,0.03292189590633687,1.6459993275930174e-05,0.028904765844345093
4458,-106.9479674796748,205,202,0.980520325203252,0.029896641816147707,0.04157345353807746,1.649416117288638e-05,0.6620493531227112
4459,43.888888888888886,45,40,0.8888888888888888,-0.13175356578358333,0.1523436802434457,1.649241676204838e-05,0.06634144484996796
4460,-105.4673202614379,204,202,0.9853267973856209,0.03681035738960853,0.047038719919735766,1.54917379404651e-05,0.26772817969322205
4461,-2.8151815181518174,101,100,0.9818481848184818,-0.0038042082468265903,0.0722630314943688,1.5434916349477135e-05,0.17648479342460632
4462,47.29931972789116,49,48,0.9629931972789115,-0.01626177620492797,0.04204638075258915,1.7192296581924893e-05,5.982026100158691
4463,63.95652173913044,23,20,0.8695652173913043,-0.0628842425185212,1.1620043778773663,1.7192471204907633e-05,0.07075762748718262
4464,40.95652173913044,46,40,0.8695652173913043,-0.10886958646733547,0.06884030253992512,1.6971162040135823e-05,0.09185604751110077
4465,63.95652173913044,23,20,0.8695652173913043,-0.05214849613298611,0.7042521599831844,1.6942429283517413e-05,0.10994766652584076
4466,43.704402515723274,53,52,0.9670440251572328,0.05216803792016478,0.109985658771933,1.6599695300101303e-05,1.6981807947158813
4467,63.95652173913044,23,20,0.8695652173913043,-0.09658659801309,0.14476446361983228,1.6598654838162474e-05,0.1702170968055725
4468,63.95652173913044,23,20,0.8695652173913043,-0.10727797076094703,0.036889107447704746,1.65982582984725e-05,0.017948385328054428
4469,-5.702127659574472,94,83,0.8829787234042553,-0.010320928069802449,0.030918447185704828,1.6556867194594815e-05,0.002047527814283967
4470,-9.541666666666657,96,83,0.8645833333333334,-0.004146975452840707,0.26934720526711553,1.655586856941227e-05,0.0010221463162451982
4471,43.888888888888886,45,40,0.8888888888888888,-0.2211053221126349,0.07907310698075776,1.6555666661588475e-05,0.07016491889953613
4472,40.95652173913044,46,40,0.8695652173913043,-0.21094870488030892,0.20694096248348348,1.512106155132642e-05,0.10036999732255936
4473,47.266666666666666,50,49,0.9726666666666667,0.02590663886699751,0.5700871271234322,1.663771763560362e-05,5.334467887878418
4474,-7.631578947368411,95,83,0.8736842105263158,-0.019070136660047865,0.06574096487743308,1.663771763560362e-05,0.009645388461649418
4475,-5.71844660194175,103,101,0.9728155339805825,0.00690576577534352,0.026340523379341448,1.6619216694380157e-05,1.2937179803848267
4476,46.46153846153847,52,52,0.9846153846153847,0.11825937066588356,0.045949158957120595,1.7080752513720654e-05,2.7533819675445557
4477,-105.44117647058823,204,202,0.9855882352941177,0.004971911081565693,0.6316763972881201,1.7082553313230164e-05,0.14064545929431915
4478,40.95652173913044,46,40,0.8695652173913043,-0.086336001878621,0.02701534113125703,1.6814414266264066e-05,0.06911226361989975
4479,40.95652173913044,46,40,0.8695652173913043,-0.08057775471829132,0.028614931558846146,1.681391404417809e-05,0.04870979115366936
4480,-5.317152103559877,103,101,0.9768284789644013,0.014301045111402816,0.04343182318324683,1.7013284377753735e-05,1.76313054561615
4481,-7.631578947368411,95,83,0.8736842105263158,0.02031536659592348,0.012582005324970945,1.701269138720818e-05,0.004128510132431984
4482,-4.91585760517799,103,102,0.98084142394822,0.026503413768349027,0.09289361268237556,1.6066745956777595e-05,1.4485434293746948
4483,-11.432989690721655,97,83,0.8556701030927835,0.03244789860725916,0.03918616716207991,1.587438782735262e-05,0.04607095196843147
4484,-11.432989690721655,97,83,0.8556701030927835,0.014149514875271052,0.03220845480804815,1.5715650079073384e-05,0.008817335590720177
4485,59.33333333333334,24,20,0.8333333333333334,-0.01467923913787672,0.10025945791927326,1.5715639165136963e-05,0.04992644861340523
4486,49.02721088435375,49,49,0.9802721088435374,-0.02425692573897109,0.05142031796249391,1.5575082215946168e-05,0.12182676792144775
4487,48.102040816326536,49,48,0.9710204081632653,0.035213973846596525,0.035924059551128096,1.5242836525430903e-05,1.0756300687789917
4488,-2.953795379537965,101,100,0.9804620462046204,0.033398049164843124,0.1881704094743694,1.5932111637084745e-05,3.3033676147460938
4489,43.888888888888886,45,40,0.8888888888888888,-0.07009594727682611,0.11028895611956828,1.5932064343360253e-05,0.027109604328870773
4490,40.95652173913044,46,40,0.8695652173913043,-0.07282219214808805,0.01278984032887509,1.5931696907500736e-05,0.0011833284515887499
4491,47.266666666666666,50,49,0.9726666666666667,0.028416625426653574,0.13961694623577614,1.738144965202082e-05,4.90207576751709
4492,-8.937694704049846,107,106,0.9806230529595016,-0.012014895113629201,0.006328901420989963,1.77307338162791e-05,2.369744062423706
4493,-5.71844660194175,103,101,0.9728155339805825,-0.004858940632605169,0.0038404743739159364,1.7960079276235774e-05,2.0267791748046875
4494,-9.541666666666657,96,83,0.8645833333333334,-0.04255881516446891,0.04777447811379965,1.796023570932448e-05,0.02385590970516205
4495,-103.45214521452145,202,200,0.9854785478547855,0.005496939679104251,0.021730937761149316,1.7964977814699523e-05,0.23713751137256622
4496,-6.480769230769226,104,102,0.9751923076923077,-0.013313286424173842,0.0030315275393588974,1.810424873838201e-05,1.470194697380066
4497,43.8930817610063,53,52,0.9689308176100629,0.032000946678292674,0.46141354204410945,1.6759355276008137e-05,3.9539616107940674
4498,-2.953795379537965,101,100,0.9804620462046204,0.014053099160624083,0.07406153727634626,1.7302620108239353e-05,3.579580545425415
4499,-7.631578947368411,95,83,0.8736842105263158,-0.02979790751192013,0.0023010207383833414,1.730257281451486e-05,0.013100694864988327
4500,49.02721088435375,49,49,0.9802721088435374,-0.01826520262890252,0.3269526053540517,1.7457576177548617e-05,1.9208345413208008
4501,63.95652173913044,23,20,0.8695652173913043,-0.07146950222886517,0.03451624429078182,1.745540248521138e-05,0.046734634786844254
4502,63.95652173913044,23,20,0.8695652173913043,-0.06095693122915691,0.07601135000399495,1.7454685803386383e-05,0.046786077320575714
4503,-5.961538461538453,104,103,0.9803846153846154,0.003944368400591536,0.03973619765008097,1.745950612530578e-05,0.9472423195838928
4504,47.13333333333334,50,49,0.9713333333333334,0.015106461290841366,0.05558333018446859,1.8548524167272262e-05,4.251171588897705
4505,48.68707482993197,49,48,0.9768707482993197,-0.05020607146923339,0.03947419641476191,1.927433731907513e-05,3.3855974674224854
4506,-2.8151815181518174,101,100,0.9818481848184818,0.015759084315273952,0.1076447040291247,1.836667252064217e-05,0.1447136104106903
4507,63.95652173913044,23,20,0.8695652173913043,-0.014950331802310757,0.3506253660862017,1.821780278987717e-05,0.0352533757686615
4508,43.8930817610063,53,52,0.9689308176100629,0.07941750498638456,0.04832077917391864,1.8285823898622766e-05,1.1115808486938477
4509,63.95652173913044,23,20,0.8695652173913043,-0.07310663367070447,0.19814430232367464,1.8285900296177715e-05,0.07668552547693253
4510,46.56410256410257,52,52,0.9856410256410256,0.026995854004473907,0.031941730790504996,1.8193273717770353e-05,1.2419779300689697
4511,-9.541666666666657,96,83,0.8645833333333334,-0.01803642577908704,0.1178619198340003,1.8193337382399477e-05,0.023402808234095573
4512,-9.541666666666657,96,83,0.8645833333333334,-0.016801642689785012,0.14659108655502928,1.819336466724053e-05,0.01633002795279026
4513,47.13333333333334,50,49,0.9713333333333334,-0.05491171827776675,0.7471184056339695,1.8774926502374e-05,3.0541319847106934
4514,47.13333333333334,50,49,0.9713333333333334,-0.038619473435720586,0.556919926732359,1.877500289992895e-05,0.04014984518289566
4515,-7.051282051282058,104,101,0.9694871794871794,0.011729357641788063,0.010589834388496611,1.879901537904516e-05,0.6331149339675903
4516,63.95652173913044,23,20,0.8695652173913043,-0.10660694756504085,0.025571612456335657,1.8799377357936464e-05,0.09572525322437286
4517,63.95652173913044,23,20,0.8695652173913043,-0.08738363330746779,0.18608360479700714,1.8484905012883246e-05,0.09481777995824814
4518,-105.44117647058823,204,202,0.9855882352941177,0.03962094996616872,0.013165204220798607,1.8510378140490502e-05,0.6357628107070923
4519,48.102040816326536,49,48,0.9710204081632653,0.017906658135476317,0.43815248810107654,1.8761385945254005e-05,2.0347847938537598
4520,63.95652173913044,23,20,0.8695652173913043,-0.03709856554473845,0.9386416820730421,1.876155693025794e-05,0.02915431186556816
4521,-5.71844660194175,103,101,0.9728155339805825,0.03210586891731148,0.0372338961355036,1.9316945326863788e-05,3.1479642391204834
4522,-3.4224422442244276,101,99,0.9757755775577558,0.020210370794157165,0.058999174812621444,1.9330731447553262e-05,0.49296265840530396
4523,46.7516339869281,51,51,0.977516339869281,-0.030675823603326244,0.34026474803130036,1.956673077074811e-05,2.2968990802764893
4524,63.95652173913044,23,20,0.8695652173913043,-0.0773790553174365,0.19002104440959577,1.910173705255147e-05,0.09452568739652634
4525,-7.1079365079365004,105,104,0.978920634920635,-0.013293224459026476,0.0515781444497792,1.903392512758728e-05,0.37979137897491455
4526,-7.631578947368411,95,83,0.8736842105263158,-0.029926210066491876,0.02421925767850064,1.8685632312553935e-05,0.0027881390415132046
4527,-7.631578947368411,95,83,0.8736842105263158,-0.03026549342371254,0.030715314922947407,1.8611064660944976e-05,0.00112915167119354
4528,48.68707482993197,49,48,0.9768707482993197,-0.08411437969397895,0.19184563132284893,1.936559237947222e-05,3.7364258766174316
4529,47.29931972789116,49,48,0.9629931972789115,-0.12482831322059837,0.28379331400923746,1.949593934114091e-05,1.4732677936553955
4530,-9.541666666666657,96,83,0.8645833333333334,-0.013067247170269525,0.04650587864101414,1.9496075765346177e-05,0.027408763766288757
4531,43.888888888888886,45,40,0.8888888888888888,-0.15380239257651362,0.2583840609450228,1.949704710568767e-05,0.16515858471393585
4532,-8.937694704049846,107,106,0.9806230529595016,0.006076572378734461,0.016471019685832842,1.9525945390341803e-05,0.997562825679779
4533,-4.91585760517799,103,102,0.98084142394822,0.012242060967444872,0.0795131576733226,1.9521488866303116e-05,0.11850780248641968
4534,-9.541666666666657,96,83,0.8645833333333334,0.0375343785918858,0.009250324957108756,1.9403030819376e-05,0.02234971895813942
4535,-105.54575163398692,204,201,0.9845424836601308,0.0335554834916951,0.11247253977102799,1.9426424842095003e-05,0.5830770134925842
4536,-6.480769230769226,104,102,0.9751923076923077,0.02079066003060459,0.10628577916368671,1.949615398189053e-05,1.0371524095535278
4537,46.46153846153847,52,52,0.9846153846153847,0.15831584858636358,4.3950962982083706,2.0729503376060165e-05,4.510646343231201
4538,43.8930817610063,53,52,0.9689308176100629,0.067638103288715,1.2045551039091151,2.0261430108803324e-05,1.8883014917373657
4539,63.95652173913044,23,20,0.8695652173913043,0.006404152737104596,0.47117168332040915,2.0260773453628644e-05,0.020379863679409027
4540,40.95652173913044,46,40,0.8695652173913043,-0.1952965224624137,0.03612327235992918,1.9875169527949765e-05,0.10287153720855713
4541,-9.541666666666657,96,83,0.8645833333333334,-0.0594534904606121,0.6919840445647092,1.937172419275157e-05,0.0016081228386610746
4542,40.95652173913044,46,40,0.8695652173913043,-0.2610268295906053,0.4479662204344379,1.9180997696821578e-05,0.02022838592529297
4543,-7.631578947368411,95,83,0.8736842105263158,-0.06224063725782969,1.0897239199375237,1.918100315378979e-05,0.008125843480229378
4544,48.102040816326536,49,48,0.9710204081632653,-0.07805208263008012,1.9587130002994648,2.1647643734468147e-05,6.696115493774414
4545,-9.541666666666657,96,83,0.8645833333333334,-0.03769126886527374,1.3271538033859067,2.0531959307845682e-05,0.012156364507973194
4546,63.95652173913044,23,20,0.8695652173913043,-0.08558118356904743,0.007827399664805057,2.0531977497739717e-05,0.07395780831575394
4547,-9.541666666666657,96,83,0.8645833333333334,-0.022719283670170398,0.8437135114580844,2.0531857444439083e-05,0.0027618708554655313
4548,-5.702127659574472,94,83,0.8829787234042553,-0.005648528452582013,0.3694388753612494,2.0531837435555644e-05,0.006250318605452776
4549,43.888888888888886,45,40,0.8888888888888888,-0.04992363582186954,0.4957152923395584,2.0531801055767573e-05,0.022367961704730988
4550,-106.9479674796748,205,202,0.980520325203252,0.02609327715427378,3.470492721720664,2.0454088371479884e-05,1.1887164115905762
4551,63.95652173913044,23,20,0.8695652173913043,0.054318784054657954,2.1829000603503843,2.033305645454675e-05,0.08370043337345123
4552,-100.66834170854271,199,196,0.9833165829145729,0.027772209921785473,1.722200200021819,2.0060868337168358e-05,0.08216676861047745
4553,40.95652173913044,46,40,0.8695652173913043,-0.06422904135052931,0.23904901527616407,1.9956867618020624e-05,0.009312828071415424
4554,63.95652173913044,23,20,0.8695652173913043,0.037052489342272565,0.7088918395180137,1.9956627511419356e-05,0.04024341329932213
4555,38.1063829787234,47,40,0.851063829787234,-0.09516422071783381,0.03527558589380109,1.9313087250338867e-05,0.006906113587319851
4556,63.95652173913044,23,20,0.8695652173913043,-0.04603709744598916,0.018317155335093815,1.9313281882205047e-05,0.10490504652261734
4557,-7.631578947368411,95,83,0.8736842105263158,-0.03956650889051616,0.03652101645704894,1.931298538693227e-05,0.013364207930862904
4558,-105.44117647058823,204,202,0.9855882352941177,0.28216458645669906,2.0462627090768692,1.9535549654392526e-05,1.9099414348602295
4559,-7.631578947368411,95,83,0.8736842105263158,-0.0060299574726627725,0.14705484195948162,1.953583887370769e-05,0.03226366639137268
4560,-3.4224422442244276,101,99,0.9757755775577558,0.02457532049209221,0.2678292989708308,1.955229163286276e-05,0.4984607696533203
4561,63.95652173913044,23,20,0.8695652173913043,-0.08080719204349407,0.9754337611794277,1.9551805962692015e-05,0.1089116632938385
4562,63.95652173913044,23,20,0.8695652173913043,-0.08831915847224536,0.5871331122196903,1.7366297470289283e-05,0.03659611567854881
4563,63.95652173913044,23,20,0.8695652173913043,-0.03811672847223235,0.14005842976493454,1.7366221072734334e-05,0.056220218539237976
4564,48.102040816326536,49,48,0.9710204081632653,0.0499631689636999,0.307482349581619,1.7650711015448906e-05,2.1564879417419434
4565,-9.541666666666657,96,83,0.8645833333333334,0.017051886257775095,0.6717838821401662,1.7650341760599986e-05,0.007071668282151222
4566,49.36879432624113,47,46,0.9636879432624114,-0.01636561716894036,0.0307634038616591,1.7904168998938985e-05,2.7099356651306152
4567,46.733333333333334,50,49,0.9673333333333334,0.03921251225263234,0.2394942852756022,1.7903284970088862e-05,0.03714936971664429
4568,63.95652173913044,23,20,0.8695652173913043,0.07179487152689035,2.019066303528774,1.7903503248817287e-05,0.0986236184835434
4569,40.95652173913044,46,40,0.8695652173913043,-0.05673894970709625,0.34771054223817544,1.790347960195504e-05,0.0711142048239708
4570,59.33333333333334,24,20,0.8333333333333334,0.04926460239357766,0.3116195612125179,1.7903603293234482e-05,0.02161155268549919
4571,-3.4224422442244276,101,99,0.9757755775577558,-0.016594212395201424,0.0032172407547077005,1.7904847481986508e-05,0.09214170277118683
4572,43.8930817610063,53,52,0.9689308176100629,0.049371717870826615,0.1893015062859509,1.8510087102185935e-05,3.21055006980896
4573,-5.71844660194175,103,101,0.9728155339805825,-0.008317491133916999,0.07647218957105865,1.6867215890670195e-05,1.0161018371582031
4574,43.8930817610063,53,52,0.9689308176100629,0.054813293692632215,0.9364272465422232,1.7404850950697437e-05,2.941699743270874
4575,43.8930817610063,53,52,0.9689308176100629,0.085564508507332,1.408971259132045,1.813794187910389e-05,3.692780017852783
4576,43.888888888888886,45,40,0.8888888888888888,-0.22818657239713502,0.15546810414978385,1.7657881471677683e-05,0.08966799080371857
4577,-100.66834170854271,199,196,0.9833165829145729,-0.04536166923929125,4.63452187695702,1.7660375306149945e-05,0.17019833624362946
4578,-108.53945249597423,207,204,0.9846054750402576,-0.026603904485550087,3.940512866838914,1.7832633602665737e-05,1.7332839965820312
4579,63.95652173913044,23,20,0.8695652173913043,-0.10197171221989265,0.286742778016726,1.783281004463788e-05,0.07193023711442947
4580,-4.2549019607843235,102,100,0.9774509803921568,0.03622589015815376,0.011949542522441625,1.770658855093643e-05,0.980374276638031
4581,-100.66834170854271,199,196,0.9833165829145729,0.01834889190301713,1.374983440922658,1.770650669641327e-05,0.09190560132265091
4582,43.888888888888886,45,40,0.8888888888888888,-0.17295681459654588,0.031247260784445396,1.758746657287702e-05,0.11601848900318146
4583,63.95652173913044,23,20,0.8695652173913043,-0.06539327424980002,0.2729485418304076,1.7587344700586982e-05,0.03376344218850136
4584,-103.45214521452145,202,200,0.9854785478547855,0.0833979086613103,0.08455679805946603,1.765325760061387e-05,1.0861644744873047
4585,-3.764705882352942,102,101,0.9823529411764705,0.046895550139936404,0.6201247614004681,1.9171184248989448e-05,5.045793533325195
4586,49.02721088435375,49,49,0.9802721088435374,0.06578891456130398,0.07680243737410075,1.9198541849618778e-05,0.7916533946990967
4587,-104.93760262725779,203,200,0.980623973727422,0.07973662209080179,0.02409572424370757,1.916178734973073e-05,1.0455739498138428
4588,-7.631578947368411,95,83,0.8736842105263158,0.023169450569433536,0.04559738757849674,1.8537917640060186e-05,0.008048509247601032
4589,46.46153846153847,52,52,0.9846153846153847,0.09629524339505835,0.08625804822723948,1.885287019831594e-05,2.1716175079345703
4590,-7.631578947368411,95,83,0.8736842105263158,0.001559194952299947,0.08431859765322726,1.885287019831594e-05,0.0017106824088841677
4591,-11.432989690721655,97,83,0.8556701030927835,0.008663810211054113,0.4620828608212206,1.7308650058112107e-05,0.012161634862422943
4592,63.95652173913044,23,20,0.8695652173913043,-0.07349813593475574,0.437497768642757,1.6997400962281972e-05,0.05994396284222603
4593,43.8930817610063,53,52,0.9689308176100629,0.07730135219975409,0.21973226340517016,1.6892456187633798e-05,1.3425716161727905
4594,46.626666666666665,50,49,0.9662666666666667,-0.028291925146787023,0.3751485431722311,1.7021287931129336e-05,1.3845182657241821
4595,43.8930817610063,53,52,0.9689308176100629,0.07555336288605474,0.3897854514664054,1.8520629964768887e-05,5.0176520347595215
4596,-105.54575163398692,204,201,0.9845424836601308,0.017208781993904625,0.03006898383407235,1.8414271835354157e-05,0.4829290509223938
4597,63.95652173913044,23,20,0.8695652173913043,-0.10631342006729483,0.08587833585755789,1.7488404409959912e-05,0.005040982738137245
4598,-1.4466666666666583,100,99,0.9855333333333334,-0.01037059691377399,0.24335520041416234,1.6716669051675126e-05,0.11406733840703964
4599,46.56410256410257,52,52,0.9856410256410256,0.04672629209595058,0.16298007967069195,1.7452608517487533e-05,3.4516360759735107
4600,59.33333333333334,24,20,0.8333333333333334,-0.14707891671423567,0.057216819593406854,1.7220205336343497e-05,0.06602045148611069
4601,47.29931972789116,49,48,0.9629931972789115,-0.045247382216070324,0.3928774136968818,2.06949971470749e-05,7.5799078941345215
4602,49.02721088435375,49,49,0.9802721088435374,-0.0007316857159960222,0.05122186904196577,2.0704595954157412e-05,0.518608808517456
4603,-4.59223300970875,103,102,0.9840776699029126,-0.00904150814490734,0.023066294587391026,2.0639372451114468e-05,0.15201346576213837
4604,-105.54575163398692,204,201,0.9845424836601308,-0.008031721741673437,0.08159932656222162,1.9591199816204607e-05,0.3895553946495056
4605,63.95652173913044,23,20,0.8695652173913043,-0.04929856993817339,2.2667051693486826,1.8909178834292106e-05,0.004878601524978876
4606,63.95652173913044,23,20,0.8695652173913043,-0.06862411817110114,2.2377297134747707,1.8907825506175868e-05,0.1406434029340744
4607,63.95652173913044,23,20,0.8695652173913043,-0.05285079426391803,1.6376481789109931,1.8907834601122886e-05,0.019825028255581856
4608,48.68707482993197,49,48,0.9768707482993197,-0.023853163587517656,0.051528559837056065,1.9753835658775643e-05,3.955843448638916
4609,40.95652173913044,46,40,0.8695652173913043,-0.20318554996447347,0.022436420533315626,1.9753804735955782e-05,0.028814176097512245
4610,-5.702127659574472,94,83,0.8829787234042553,-0.0307498988572803,0.25945257122817467,1.967193566088099e-05,0.030912937596440315
4611,-2.953795379537965,101,100,0.9804620462046204,-0.004413097047349823,0.02923492075495336,1.9757670088438317e-05,1.108353614807129
4612,43.888888888888886,45,40,0.8888888888888888,-0.2327008040167584,0.02744408899906281,1.975747181859333e-05,0.03506166487932205
4613,63.95652173913044,23,20,0.8695652173913043,-0.12201099116828118,0.018575844932547714,1.920316026371438e-05,0.028337081894278526
4614,-9.541666666666657,96,83,0.8645833333333334,-0.02312406435567027,0.5425507476498823,1.9202941984985955e-05,0.01363440603017807
4615,-9.541666666666657,96,83,0.8645833333333334,-0.02901069549187696,0.4445361420712716,1.917486406455282e-05,0.03478699550032616
4616,-2.953795379537965,101,100,0.9804620462046204,0.006642997758629088,0.032649124327617254,1.925023752846755e-05,1.067954659461975
4617,63.95652173913044,23,20,0.8695652173913043,-0.06365886228729778,0.21504612835895465,1.924998105096165e-05,0.038126278668642044
4618,-105.54575163398692,204,201,0.9845424836601308,0.009278556328581544,0.10074138171478793,1.9237901142332703e-05,0.4694325625896454
4619,-108.53945249597423,207,204,0.9846054750402576,0.029152508063916047,0.053723437904060804,1.9247063391958363e-05,2.0394139289855957
4620,47.29931972789116,49,48,0.9629931972789115,-0.024454103059816434,0.06966148606601763,1.93103333003819e-05,1.015873670578003
4621,59.33333333333334,24,20,0.8333333333333334,-0.056839490996708264,0.02097800044013809,1.869172410806641e-05,0.1072421744465828
4622,-108.53945249597423,207,204,0.9846054750402576,0.044233176755466,0.02815085702239533,1.8881193682318553e-05,1.7987874746322632
4623,63.95652173913044,23,20,0.8695652173913043,-0.00524811605373543,0.5930624430498156,1.8559965610620566e-05,0.0010444846702739596
4624,-109.40064102564102,208,206,0.9859935897435897,0.027220397471866192,0.028355114981413465,1.8955048290081322e-05,2.544818162918091
4625,43.888888888888886,45,40,0.8888888888888888,-0.09218489147860964,0.2188565169722618,1.894738852570299e-05,0.04492560774087906
4626,-9.043613707165107,107,105,0.979563862928349,-0.0013424037023929412,0.004499074530663449,1.912406150950119e-05,1.7228033542633057
4627,-7.631578947368411,95,83,0.8736842105263158,-0.023141117592729188,0.011430839061307988,1.9124063328490593e-05,0.0011102952994406223
4628,-4.91585760517799,103,102,0.98084142394822,0.008118648062028555,0.044880284465784764,1.8239812561660074e-05,0.273664653301239
4629,59.33333333333334,24,20,0.8333333333333334,-0.035351275371795055,0.076165741537352,1.809067907743156e-05,0.02615181915462017
4630,40.95652173913044,46,40,0.8695652173913043,-0.11855761854744173,0.03058829516878915,1.8091031961375847e-05,0.08660770207643509
4631,63.95652173913044,23,20,0.8695652173913043,-0.022627166956695532,0.09496552587326722,1.8089625882566907e-05,0.07788398861885071
4632,59.33333333333334,24,20,0.8333333333333334,-0.01791387704633962,0.06076937668474747,1.803923623810988e-05,0.046592552214860916
4633,-5.961538461538453,104,103,0.9803846153846154,0.001388364091793214,0.01971719306252575,1.804115527193062e-05,0.2669436037540436
4634,-99.21885521885523,198,196,0.9878114478114478,0.007281580798877489,0.13152311901135977,1.806435830076225e-05,0.7072737216949463
4635,43.8930817610063,53,52,0.9689308176100629,0.05506141563790834,0.06525190011819859,1.8138960513169877e-05,1.128205418586731
4636,63.95652173913044,23,20,0.8695652173913043,0.0016846130821193128,0.041038161148384766,1.8081693269778043e-05,0.05261304974555969
4637,-9.541666666666657,96,83,0.8645833333333334,-0.019352005638623382,0.05036045265979244,1.6851232430781238e-05,0.013384192250669003
4638,59.33333333333334,24,20,0.8333333333333334,-0.08166284192066087,0.44407260231733403,1.6633830455248244e-05,0.05096645653247833
4639,40.95652173913044,46,40,0.8695652173913043,-0.147667319357069,0.04120100454051634,1.6634277926641516e-05,0.07445085048675537
4640,48.68707482993197,49,48,0.9768707482993197,-0.009596033005608184,0.13138361616803662,1.7599530110601336e-05,3.978923797607422
4641,48.102040816326536,49,48,0.9710204081632653,0.06856178728452011,0.11557709957518725,1.7629792637308128e-05,0.743690550327301
4642,38.1063829787234,47,40,0.851063829787234,-0.15529692936661377,0.038375717166226675,1.7629683497943915e-05,0.0008849151781760156
4643,63.95652173913044,23,20,0.8695652173913043,-0.024266064901397044,0.3351659735328925,1.7629698049859144e-05,0.0038474055472761393
4644,-9.541666666666657,96,83,0.8645833333333334,-0.032921664453468225,0.018683783319509067,1.4878772162774112e-05,0.011589360423386097
4645,-3.3594771241830017,102,101,0.9864052287581699,-0.011206000601129595,0.17345104970370612,1.4884972188156098e-05,0.3401767909526825
4646,38.1063829787234,47,40,0.851063829787234,-0.10147013461988763,0.04408608507600913,1.4885104974382557e-05,0.0710408091545105
4647,-106.9479674796748,205,202,0.980520325203252,0.04174959604685242,0.029999153627154922,1.4951792763895355e-05,1.0693753957748413
4648,47.266666666666666,50,49,0.9726666666666667,0.04004757398204939,0.25196796939533606,1.4954840480640996e-05,0.2622818350791931
4649,-5.317152103559877,103,101,0.9768284789644013,-0.008876300218285227,0.032845721720352675,1.4955626284063328e-05,0.08272691071033478
4650,43.888888888888886,45,40,0.8888888888888888,-0.0919784450379666,0.4592067145660028,1.4862327589071356e-05,0.03266812488436699
4651,-9.541666666666657,96,83,0.8645833333333334,-0.03889321527269374,0.03454434566421288,1.4861907402519137e-05,0.0007588801090605557
4652,63.95652173913044,23,20,0.8695652173913043,-0.02662831815541722,0.506775346490528,1.4861826457490679e-05,0.03394705057144165
4653,-5.961538461538453,104,103,0.9803846153846154,-0.014496572782270789,0.00789670140255154,1.4863875549053773e-05,0.2385757863521576
4654,-100.66834170854271,199,196,0.9833165829145729,-0.013726929533497856,0.10946011922372781,1.4872926840325817e-05,0.4388427138328552
4655,63.95652173913044,23,20,0.8695652173913043,-0.0743953751934896,0.03114026749566534,1.4873306099616457e-05,0.07787827402353287
4656,40.95652173913044,46,40,0.8695652173913043,-0.19401178778924333,0.04039443259156883,1.4872768588247709e-05,0.051446784287691116
4657,-5.961538461538453,104,103,0.9803846153846154,-0.009241261691548708,0.023541507515841668,1.4873821783112362e-05,0.19745860993862152
4658,59.33333333333334,24,20,0.8333333333333334,-0.08490294125658693,0.3134225102472499,1.4660112356068566e-05,0.028667978942394257
4659,-102.70149253731343,201,198,0.9829850746268657,0.011010470990896595,0.009569325489728107,1.4786319297854789e-05,1.4770126342773438
4660,48.102040816326536,49,48,0.9710204081632653,-0.023951279303702222,0.07350985291682756,1.57856302394066e-05,4.025200366973877
4661,63.95652173913044,23,20,0.8695652173913043,-0.01952368517797254,0.18995912106226287,1.5785133655299433e-05,0.02122282236814499
4662,-1.4466666666666583,100,99,0.9855333333333334,-0.0023608003440126345,0.1863253223200962,1.5786446965648793e-05,0.1559283286333084
4663,-9.541666666666657,96,83,0.8645833333333334,-0.046768076783507695,0.013170775196967592,1.5786321455379948e-05,0.012823228724300861
4664,43.8930817610063,53,52,0.9689308176100629,0.016318200338917954,0.05725005024273888,1.5551288015558384e-05,0.9977566599845886
4665,-5.71844660194175,103,101,0.9728155339805825,0.00874220918313906,0.023162762337717916,1.59063874889398e-05,2.4540481567382812
4666,-104.76026272577997,203,200,0.9823973727422003,0.02538099056886267,0.014058363056806394,1.5590887414873578e-05,1.73137629032135
4667,-104.1881188118812,202,198,0.9781188118811881,0.02154419062734911,0.00980568840131291,1.5707477359683253e-05,1.4953454732894897
4668,-7.631578947368411,95,83,0.8736842105263158,-0.04131527702929816,0.004014674457644058,1.5706544218119234e-05,0.020111726596951485
4669,43.8930817610063,53,52,0.9689308176100629,0.03353113280749698,0.11898821402015791,1.601704570930451e-05,2.1353626251220703
4670,63.95652173913044,23,20,0.8695652173913043,-0.049579330363485496,0.05871323411483953,1.6017171219573356e-05,0.025257885456085205
4671,40.95652173913044,46,40,0.8695652173913043,-0.19812363712844672,0.031613375931943466,1.6017776943044737e-05,0.009774450212717056
4672,48.68707482993197,49,48,0.9768707482993197,-0.03237280043377242,0.18789041605604667,1.6590303857810795e-05,4.401413440704346
4673,-9.541666666666657,96,83,0.8645833333333334,-0.03985111431891397,0.0477287688918756,1.653739127505105e-05,0.010014769621193409
4674,48.68707482993197,49,48,0.9768707482993197,-0.020109122511669852,0.10798080066053473,1.6635456631775014e-05,3.1039328575134277
4675,-6.480769230769226,104,102,0.9751923076923077,-0.011589806758748322,0.02154126418416421,1.5818997781025246e-05,0.5972812175750732
4676,-7.631578947368411,95,83,0.8736842105263158,-0.04916671968296171,0.0026389088407262028,1.58186667249538e-05,0.005477283615618944
4677,46.733333333333334,50,49,0.9673333333333334,0.0513558798152296,0.07217834881711914,1.590370447956957e-05,1.1830143928527832
4678,40.95652173913044,46,40,0.8695652173913043,-0.16166180891286785,0.040894113528098505,1.571828943269793e-05,0.1350584328174591
4679,-9.541666666666657,96,83,0.8645833333333334,-0.050505807535500935,0.0061342786877006256,1.5718096619821154e-05,0.006197943817824125
4680,-5.961538461538453,104,103,0.9803846153846154,-0.003574900897699962,0.08257724553839856,1.5662151781725697e-05,0.27900636196136475
4681,46.56410256410257,52,52,0.9856410256410256,0.10817302650232241,0.11215501833260139,1.5715413610450923e-05,0.9644579291343689
4682,40.95652173913044,46,40,0.8695652173913043,-0.14726199596819356,0.055345106425414126,1.5714940673206e-05,0.05876637250185013
4683,59.33333333333334,24,20,0.8333333333333334,-0.058374537230974965,0.011547946950965393,1.5714967958047055e-05,0.04516666382551193
4684,-9.541666666666657,96,83,0.8645833333333334,-0.046028533876715017,0.005497672662431822,1.5637275282642804e-05,0.003475716570392251
4685,43.888888888888886,45,40,0.8888888888888888,-0.15569705084908492,0.13068491156545115,1.4026350072526839e-05,0.01295034121721983
4686,43.888888888888886,45,40,0.8888888888888888,-0.1595063460745223,0.13326817978447414,1.397822688886663e-05,0.057988233864307404
4687,59.33333333333334,24,20,0.8333333333333334,-0.06552038627160073,0.011567841339602758,1.3897141798224766e-05,0.08645083010196686
4688,-9.541666666666657,96,83,0.8645833333333334,-0.04202385712395085,0.0028429703332623103,1.389728731737705e-05,0.016143256798386574
4689,63.95652173913044,23,20,0.8695652173913043,-0.033097599009579426,0.44664648626495307,1.3633868547913153e-05,0.08329314738512039
4690,63.95652173913044,23,20,0.8695652173913043,-0.03575507596679017,0.34377627642902553,1.3633929484058172e-05,0.08748061954975128
4691,63.95652173913044,23,20,0.8695652173913043,-0.04310745149058448,0.16218417523500658,1.363376486551715e-05,0.0378745011985302
4692,-9.541666666666657,96,83,0.8645833333333334,-0.0163108110440362,0.01089277876855587,1.363390856568003e-05,0.013054334558546543
4693,-3.4224422442244276,101,99,0.9757755775577558,-0.000986473266479715,0.4498180877876202,1.3564832443080377e-05,0.6057139039039612
4694,-9.541666666666657,96,83,0.8645833333333334,-0.005595502266807273,0.033403016694470274,1.3457838576869108e-05,0.006487428210675716
4695,46.733333333333334,50,49,0.9673333333333334,0.05352926788472967,1.1084188259538692,1.2097842045477591e-05,2.1042439937591553
4696,63.95652173913044,23,20,0.8695652173913043,-0.10715079593791188,0.2689370307208776,1.2075604900019243e-05,0.09734465181827545
4697,48.68707482993197,49,48,0.9768707482993197,-0.03214067618566396,0.6578244624155438,1.5278223145287484e-05,7.382493495941162
4698,-7.631578947368411,95,83,0.8736842105263158,-0.02578659321284249,0.017741611782120914,1.5274601537385024e-05,0.011383880861103535
4699,43.888888888888886,45,40,0.8888888888888888,-0.18077498605271103,0.05512043292522861,1.4621815353166312e-05,0.07690442353487015
4700,-4.59223300970875,103,102,0.9840776699029126,-0.00454079440128452,0.0477394019667176,1.4637580534326844e-05,0.3580772280693054
4701,-104.1881188118812,202,198,0.9781188118811881,0.014611601527715123,0.04150055920191727,1.1383813216525596e-05,1.5368157625198364
4702,40.95652173913044,46,40,0.8695652173913043,-0.10661079494957448,0.22910106171530764,1.1372142580512445e-05,0.03146590292453766
4703,-100.66834170854271,199,196,0.9833165829145729,-0.013505438582540163,0.06509704296363104,1.1397944945201743e-05,0.612866222858429
4704,-108.53945249597423,207,204,0.9846054750402576,0.04322884986715857,0.0162023902031844,1.184401389764389e-05,2.669487953186035
4705,63.95652173913044,23,20,0.8695652173913043,0.007176860499384929,2.6001879680548843,1.1844843356811907e-05,0.14406003057956696
4706,63.95652173913044,23,20,0.8695652173913043,0.0024400744077865966,2.118265052099241,1.1844155778817367e-05,0.07003597170114517
4707,-7.631578947368411,95,83,0.8736842105263158,-0.04785440662326357,0.008864222289911522,1.1844235814351123e-05,0.010552057065069675
4708,43.888888888888886,45,40,0.8888888888888888,-0.1674083737093497,0.22381212299342967,1.0894536899286322e-05,0.1561187505722046
4709,-3.764705882352942,102,101,0.9823529411764705,0.010790240342373636,0.06532561978531885,1.1323497346893419e-05,2.644075632095337
4710,-11.432989690721655,97,83,0.8556701030927835,-0.010771945511805825,0.16008108833741652,1.1323573744448368e-05,0.03414400666952133
4711,-100.66834170854271,199,196,0.9833165829145729,0.03595740854088267,0.02408058820487245,1.1395319233997725e-05,1.5529128313064575
4712,-108.53945249597423,207,204,0.9846054750402576,0.06891003069068968,0.06099692502360044,1.2666690054174978e-05,4.589222431182861
4713,-5.702127659574472,94,83,0.8829787234042553,-0.01596667693209497,0.00881448753845912,1.266662457055645e-05,0.023329246789216995
4714,-2.953795379537965,101,100,0.9804620462046204,0.019421686531503557,0.02365211637154538,1.30105581774842e-05,2.445512294769287
4715,47.266666666666666,50,49,0.9726666666666667,0.010176554106791968,1.9239204215183798,1.43866036523832e-05,4.656013488769531
4716,-7.631578947368411,95,83,0.8736842105263158,-0.02332751032605529,0.17213700933015033,1.4321881280920934e-05,0.02402333728969097
4717,59.33333333333334,24,20,0.8333333333333334,-0.13773400888590004,2.631310395178758,1.432208955520764e-05,0.06812305003404617
4718,63.95652173913044,23,20,0.8695652173913043,-0.09133930926509493,0.4162654400190746,1.4311723134596832e-05,0.1455058604478836
4719,-9.541666666666657,96,83,0.8645833333333334,-0.018097061042459117,0.16852231098261305,1.4060883586353157e-05,0.003809593617916107
4720,43.8930817610063,53,52,0.9689308176100629,0.07429469956241519,0.07641380504850304,1.399901884724386e-05,0.270550400018692
4721,63.95652173913044,23,20,0.8695652173913043,0.019151083806832503,0.9848190179348713,1.399837765347911e-05,0.012517888098955154
4722,47.29931972789116,49,48,0.9629931972789115,0.025448392773553152,0.2221217211558818,1.4435760931519326e-05,3.2156429290771484
4723,-99.21885521885523,198,196,0.9878114478114478,-0.007383053533713937,1.0141107134559597,1.4437602658290416e-05,0.20062050223350525
4724,40.95652173913044,46,40,0.8695652173913043,-0.10681895784748008,0.2828518757079692,1.40259198815329e-05,0.0562315508723259
4725,-3.4224422442244276,101,99,0.9757755775577558,0.003531393373061242,0.002276591845208426,1.403288115398027e-05,0.2949458658695221
4726,-8.937694704049846,107,106,0.9806230529595016,0.004141227715410544,0.01762139534508181,1.4032864783075638e-05,1.722664713859558
4727,43.8930817610063,53,52,0.9689308176100629,0.050989219180635814,0.10469044994914611,1.4055148312763777e-05,0.558262825012207
4728,-5.961538461538453,104,103,0.9803846153846154,-0.0003617157984336927,0.01823716094803141,1.4067816664464772e-05,0.5099404454231262
4729,-4.59223300970875,103,102,0.9840776699029126,0.007781928528054927,0.06038977889699745,1.4123781511443667e-05,0.9153959155082703
4730,-7.631578947368411,95,83,0.8736842105263158,-0.015980967120185596,0.004300696287908302,1.4123163964541163e-05,0.022489016875624657
4731,-5.702127659574472,94,83,0.8829787234042553,-0.011717759175652986,0.024666124569426514,1.4122986613074318e-05,0.013850212097167969
4732,-4.91585760517799,103,102,0.98084142394822,0.012615837544715377,0.1400214271299533,1.4152987205307e-05,0.6688356995582581
4733,-104.76026272577997,203,200,0.9823973727422003,0.11151162300620854,0.03277600081207477,1.4596492292184848e-05,2.682947874069214
4734,-8.937694704049846,107,106,0.9806230529595016,0.010841444584069961,0.04518970863497374,1.572108521941118e-05,4.343692779541016
4735,47.625850340136054,49,48,0.9662585034013605,-0.10206669336567664,0.6272818038230081,1.5729225196992047e-05,1.2731724977493286
4736,-9.043613707165107,107,105,0.979563862928349,0.00321115775389913,0.004620443050889678,1.5948835425660945e-05,1.957699179649353
4737,-110.85964912280701,209,206,0.9814035087719298,0.034895550732387266,0.21584340980493552,1.59554292622488e-05,0.25882163643836975
4738,63.95652173913044,23,20,0.8695652173913043,-0.10335659445397027,0.12546646382145754,1.595518369867932e-05,0.022996963933110237
4739,40.95652173913044,46,40,0.8695652173913043,-0.20967739890093995,0.02501064372447459,1.595502362761181e-05,0.046932995319366455
4740,63.95652173913044,23,20,0.8695652173913043,-0.05972953028918937,0.4638173426037895,1.4933310012565926e-05,0.04524943232536316
4741,59.33333333333334,24,20,0.8333333333333334,-0.09978619157254798,0.09314153511959944,1.4888400983181782e-05,0.016184672713279724
4742,-5.702127659574472,94,83,0.8829787234042553,-0.037345779258657785,0.0018904318967518376,1.4888371879351325e-05,0.010233171284198761
4743,63.95652173913044,23,20,0.8695652173913043,-0.03509738556613229,0.8832059847377529,1.4888489204167854e-05,0.02682950533926487
4744,-7.1079365079365004,105,104,0.978920634920635,-0.009567637338236068,0.010099624258646368,1.4891839782649186e-05,0.387299120426178
4745,43.704402515723274,53,52,0.9670440251572328,0.07388941510774316,0.04107670202336067,1.661332498770207e-05,5.193212509155273
4746,-7.631578947368411,95,83,0.8736842105263158,-0.03269176435662757,0.034195924515733736,1.6613099433016032e-05,0.003307446138933301
4747,-9.541666666666657,96,83,0.8645833333333334,-0.028883345236408786,0.1203517619550742,1.6551162843825296e-05,0.004398344084620476
4748,47.266666666666666,50,49,0.9726666666666667,0.02302573581035139,0.0952054277442862,1.7308639144175686e-05,3.4725406169891357
4749,-110.85964912280701,209,206,0.9814035087719298,0.02424357798744796,0.46461508768657206,1.7323880456387997e-05,0.4872908592224121
4750,38.1063829787234,47,40,0.851063829787234,-0.2577525873603008,0.15051678018161851,1.7323900465271436e-05,0.03790237009525299
4751,63.95652173913044,23,20,0.8695652173913043,-0.09422245965761533,0.04153874960368853,1.732420605549123e-05,0.0782667025923729
4752,63.95652173913044,23,20,0.8695652173913043,-0.09206907850830248,0.10396638545959291,1.732425153022632e-05,0.04497275501489639
4753,-9.043613707165107,107,105,0.979563862928349,0.00347411460889413,0.026648486316579262,1.7534699509269558e-05,1.886260747909546
4754,-5.702127659574472,94,83,0.8829787234042553,-0.03481803447857601,0.013837631521095458,1.7524494978715666e-05,0.006201155483722687
4755,40.95652173913044,46,40,0.8695652173913043,-0.20626594811540144,0.02528359367523321,1.7524669601698406e-05,0.09510161727666855
4756,-100.66834170854271,199,196,0.9833165829145729,0.07090624154568954,0.11800296500633824,1.7582000509719364e-05,1.0014878511428833
4757,43.8930817610063,53,52,0.9689308176100629,0.09325722251849289,0.06076680529715195,1.798022822185885e-05,2.5217034816741943
4758,-100.66834170854271,199,196,0.9833165829145729,0.07263655499830148,0.08394768799307693,1.805512874852866e-05,1.1203243732452393
4759,-7.631578947368411,95,83,0.8736842105263158,-0.03695082744479805,0.011586956734654041,1.7923768609762192e-05,0.01712813973426819
4760,59.33333333333334,24,20,0.8333333333333334,-0.04809989810837578,0.04490759152087387,1.691117176960688e-05,0.04606166109442711
4761,-9.541666666666657,96,83,0.8645833333333334,-0.032187132824674336,0.005661933484410741,1.6911168131628074e-05,0.02055470645427704
4762,63.95652173913044,23,20,0.8695652173913043,-0.011051571988957676,0.4247918719565522,1.6910624253796414e-05,0.01994495280086994
4763,-7.631578947368411,95,83,0.8736842105263158,-0.024490540217055212,0.00948842365026105,1.691065881459508e-05,0.030885837972164154
4764,-9.043613707165107,107,105,0.979563862928349,-0.009369500398403119,0.08757807068559882,1.6861940821399912e-05,0.3838173747062683
4765,-5.702127659574472,94,83,0.8829787234042553,-0.009704436053038279,0.02360502965703068,1.649987098062411e-05,0.015426157042384148
4766,-4.91585760517799,103,102,0.98084142394822,0.006652304281146673,0.1793389026088053,1.631800114409998e-05,0.12615174055099487
4767,46.626666666666665,50,49,0.9662666666666667,-0.021374578330704885,0.5083595928004883,1.675707426329609e-05,3.091940402984619
4768,63.95652173913044,23,20,0.8695652173913043,-0.0778071666051332,0.013237055499743633,1.6757092453190126e-05,0.02360471524298191
4769,48.102040816326536,49,48,0.9710204081632653,-0.010779154490988763,0.3161993445895632,2.0360150301712565e-05,7.99402379989624
4770,47.29931972789116,49,48,0.9629931972789115,-0.047083033506714056,0.2926690421532308,2.182768912462052e-05,5.009969711303711
4771,63.95652173913044,23,20,0.8695652173913043,-0.045315657660097486,0.3032223289284717,2.1827423552167602e-05,0.04145576059818268
4772,-3.4224422442244276,101,99,0.9757755775577558,-0.00810098462649056,0.10691509526019076,2.070437403745018e-05,0.14361894130706787
4773,59.33333333333334,24,20,0.8333333333333334,-0.0349210110034619,0.12120362956613207,2.070444134005811e-05,0.019178098067641258
4774,-7.631578947368411,95,83,0.8736842105263158,-0.027053392918332975,0.004876970504410744,2.0147168470430188e-05,0.008120434358716011
4775,-4.59223300970875,103,102,0.9840776699029126,-0.017570793359261257,0.026108134671261076,2.011875039897859e-05,0.11030744016170502
4776,-4.2549019607843235,102,100,0.9774509803921568,-0.01199638937486621,0.026852602001427098,2.0120056433370337e-05,0.2585779130458832
4777,43.888888888888886,45,40,0.8888888888888888,-0.1246658244133414,0.5611636181978095,2.001992834266275e-05,0.05823749676346779
4778,63.95652173913044,23,20,0.8695652173913043,-0.008336951317232888,1.2252500881427366,2.0019420844619162e-05,0.062271881848573685
4779,-106.9479674796748,205,202,0.980520325203252,-0.04916100201571119,0.09995901192375123,2.0071332983206958e-05,0.8256918787956238
4780,63.95652173913044,23,20,0.8695652173913043,-0.02939166627800205,0.5631191967655372,2.0063194824615493e-05,0.04991671070456505
4781,-105.54575163398692,204,201,0.9845424836601308,-0.01919594860885354,0.040027588054126303,2.021572072408162e-05,1.7215617895126343
4782,63.95652173913044,23,20,0.8695652173913043,-0.10690560904254198,0.043229668925924614,2.0217057681293227e-05,0.1819160431623459
4783,63.95652173913044,23,20,0.8695652173913043,-0.07261465502779174,0.012049619325466665,2.0217430574120954e-05,0.04644538462162018
4784,-9.541666666666657,96,83,0.8645833333333334,0.028069006817247555,0.13014266029947305,2.021762338699773e-05,0.034158091992139816
4785,47.266666666666666,50,49,0.9726666666666667,0.0032455677871450206,0.44779168521776086,2.0507859517238103e-05,2.2512319087982178
4786,43.8930817610063,53,52,0.9689308176100629,-0.006596738590246787,0.5356573277143326,2.0510398826445453e-05,0.3132604658603668
4787,-9.541666666666657,96,83,0.8645833333333334,0.06752302243330632,0.03820294584225925,2.051041337836068e-05,0.013506031595170498
4788,-105.54575163398692,204,201,0.9845424836601308,0.14968392717721235,0.0939634009777473,2.0592478904291056e-05,1.0692533254623413
4789,-9.541666666666657,96,83,0.8645833333333334,0.06427527330318128,0.05974441737944147,2.059252256003674e-05,0.024233298376202583
4790,-9.541666666666657,96,83,0.8645833333333334,0.020529535434903323,0.05511465720588528,2.0592338842106983e-05,0.024576103314757347
4791,46.56410256410257,52,52,0.9856410256410256,0.03125797247880158,0.07422692949897391,2.1296935301506892e-05,3.316394805908203
4792,40.95652173913044,46,40,0.8695652173913043,-0.23800386551775432,0.03907421023018687,2.1297977582435124e-05,0.15766426920890808
4793,38.1063829787234,47,40,0.851063829787234,-0.2373924584899214,0.09778339983521733,2.1271634977892973e-05,0.08482077717781067
4794,-5.317152103559877,103,101,0.9768284789644013,0.007328228980754803,0.00531695464383004,2.1322115571820177e-05,0.8547199368476868
4795,63.95652173913044,23,20,0.8695652173913043,-0.010232094000485858,0.3249317801731722,2.1058776837890036e-05,0.01141892746090889
4796,40.95652173913044,46,40,0.8695652173913043,-0.12514001414820086,0.13838674343698187,2.105895873683039e-05,0.11415951699018478
4797,40.95652173913044,46,40,0.8695652173913043,-0.10810896906605194,0.16835514378408245,1.7692220353637822e-05,0.07558885961771011
4798,-110.85964912280701,209,206,0.9814035087719298,0.02548254998601962,0.9992930954707847,1.7842483430285938e-05,1.6178134679794312
4799,40.95652173913044,46,40,0.8695652173913043,-0.029351294317393695,0.24596098087863183,1.7842059605754912e-05,0.02690500020980835
4800,-7.631578947368411,95,83,0.8736842105263158,-0.014048568297883037,0.05348075951928413,1.7836871847976e-05,0.005708050448447466
4801,47.13333333333334,50,49,0.9713333333333334,0.1733096005218234,0.3289962020865309,1.890597923193127e-05,4.489480972290039
4802,40.95652173913044,46,40,0.8695652173913043,-0.036079724343551334,0.154421973005722,1.890611747512594e-05,0.05121609941124916
4803,40.95652173913044,46,40,0.8695652173913043,-0.07009013535096642,0.07120638222948918,1.8891189029091038e-05,0.15375153720378876
4804,-2.953795379537965,101,100,0.9804620462046204,0.02089795186663167,0.02883791022633887,1.855456139310263e-05,1.2006019353866577
4805,63.95652173913044,23,20,0.8695652173913043,0.010213356120011952,0.01565781580825032,1.8553540940047242e-05,0.07356183230876923
4806,48.68707482993197,49,48,0.9768707482993197,0.017135577435645644,0.1740711647483167,2.014079291257076e-05,5.033048152923584
4807,47.266666666666666,50,49,0.9726666666666667,0.06957415186093474,0.3596249673090579,2.2150130462250672e-05,5.7211174964904785
4808,47.29931972789116,49,48,0.9629931972789115,0.008170495982016135,0.8823917686831593,2.232013503089547e-05,1.6366393566131592
4809,-5.961538461538453,104,103,0.9803846153846154,0.008338988458272745,0.0021843386028821683,2.1917137928539887e-05,0.7548611164093018
4810,-9.541666666666657,96,83,0.8645833333333334,-0.0035563891535730363,0.15365342529219717,2.1917003323324025e-05,0.008063497953116894
4811,40.95652173913044,46,40,0.8695652173913043,-0.1818439364697042,0.16783847013490316,2.1759104129159823e-05,0.016961919143795967
4812,-3.3594771241830017,102,101,0.9864052287581699,0.028497291072159953,0.02708272700372291,2.0597988623194396e-05,1.6246824264526367
4813,-106.9479674796748,205,202,0.980520325203252,0.07193662153809177,0.09947014380826841,2.110997957061045e-05,2.8118467330932617
4814,-9.541666666666657,96,83,0.8645833333333334,-0.016146683370607207,0.06853584627725501,2.0720275642815977e-05,0.01319886278361082
4815,46.733333333333334,50,49,0.9673333333333334,0.020504578395186712,0.11678492383063789,1.973412508959882e-05,2.2379050254821777
4816,63.95652173913044,23,20,0.8695652173913043,-0.015293874116181883,0.0328734098258926,1.9734465240617283e-05,0.0895385816693306
4817,59.33333333333334,24,20,0.8333333333333334,-0.03328161919489503,0.08837905874543672,1.9734123270609416e-05,0.053497426211833954
4818,63.95652173913044,23,20,0.8695652173913043,0.013173444487108554,0.10891222358463892,1.97330882656388e-05,0.02413252182304859
4819,40.95652173913044,46,40,0.8695652173913043,-0.11416152851396077,0.0388154921310111,1.9733455701498315e-05,0.0948479175567627
4820,-9.541666666666657,96,83,0.8645833333333334,-0.026738526991182177,0.0773723553707245,1.972850259335246e-05,0.006487893871963024
4821,-7.051282051282058,104,101,0.9694871794871794,0.00014149448235745155,0.04252560617324122,1.989642987609841e-05,1.6421736478805542
4822,63.95652173913044,23,20,0.8695652173913043,-0.010855419097936192,0.178245147120764,1.925387914525345e-05,0.11497487127780914
4823,63.95652173913044,23,20,0.8695652173913043,-0.00803872543249895,0.11968252891955183,1.925086326082237e-05,0.07118993997573853
4824,63.95652173913044,23,20,0.8695652173913043,-0.01527573831299378,0.0651661778158692,1.925071410369128e-05,0.015623319894075394
4825,-2.8151815181518174,101,100,0.9818481848184818,0.013244453807111256,0.0239254816532827,1.92814532056218e-05,0.7879558205604553
4826,-7.631578947368411,95,83,0.8736842105263158,-0.017304358606111236,0.00393602561992527,1.910487117129378e-05,0.004396957345306873
4827,40.95652173913044,46,40,0.8695652173913043,-0.1439083349023349,0.08231302094041704,1.908711601572577e-05,0.025993240997195244
4828,59.33333333333334,24,20,0.8333333333333334,-0.07856996495874569,0.707785463421766,1.9071971109951846e-05,0.022575410082936287
4829,-104.76026272577997,203,200,0.9823973727422003,0.07003031888530131,0.239867894651846,1.9336592231411487e-05,2.2757134437561035
4830,46.626666666666665,50,49,0.9662666666666667,-0.015538282540262571,0.07573165982412045,1.93905652849935e-05,0.9176449179649353
4831,-7.1079365079365004,105,104,0.978920634920635,0.019312188360082416,0.003962076460269019,1.973394500964787e-05,2.3876938819885254
4832,38.1063829787234,47,40,0.851063829787234,-0.1081262914926242,0.01731674781048845,1.9709448679350317e-05,0.04720698297023773
4833,63.95652173913044,23,20,0.8695652173913043,0.004971340854922346,0.4292018132443616,1.927207995322533e-05,0.050933193415403366
4834,38.1063829787234,47,40,0.851063829787234,-0.08589870889818485,0.038930676949858745,1.8100561646861024e-05,0.020793354138731956
4835,-104.76026272577997,203,200,0.9823973727422003,0.03979108226233663,0.24593218728109967,1.80546358024003e-05,0.9499382972717285
4836,-9.541666666666657,96,83,0.8645833333333334,-0.02076247555366706,0.014079883592547898,1.780611273716204e-05,0.021699026226997375
4837,-5.702127659574472,94,83,0.8829787234042553,-0.03320163630996831,0.05514558538012068,1.7803899027057923e-05,0.019654104486107826
4838,-9.541666666666657,96,83,0.8645833333333334,-0.034813780627331425,0.0047744298932858465,1.780378988769371e-05,0.0029256916604936123
4839,63.95652173913044,23,20,0.8695652173913043,0.030272653771021396,0.5881965499404131,1.780342063284479e-05,0.046251244843006134
4840,-6.480769230769226,104,102,0.9751923076923077,0.009015814521355442,0.019822237834305673,1.7959106116904877e-05,1.5387940406799316
4841,38.1063829787234,47,40,0.851063829787234,-0.07634443678125535,0.015358313158358783,1.7959360775421374e-05,0.037906140089035034
4842,-3.4224422442244276,101,99,0.9757755775577558,0.008086192976553816,0.12947053956112886,1.799588426365517e-05,0.7315281629562378
4843,47.266666666666666,50,49,0.9726666666666667,0.06438216169097344,0.041207801766776075,1.8111964891431853e-05,1.4168646335601807
4844,-4.59223300970875,103,102,0.9840776699029126,0.0027173450926927245,0.0671192953690703,1.8118356820195913e-05,0.4928469955921173
4845,-4.91585760517799,103,102,0.98084142394822,0.00255865429233448,0.04184508730287051,1.6482917999383062e-05,0.43341830372810364
4846,-105.54575163398692,204,201,0.9845424836601308,0.022849388579468832,0.05934682831134395,1.6519270502612926e-05,0.7643093466758728
4847,-9.541666666666657,96,83,0.8645833333333334,-0.03719403091050921,0.033069289801379874,1.6519248674740084e-05,0.015469701960682869
4848,-9.541666666666657,96,83,0.8645833333333334,-0.022603887260778777,0.059748837535595595,1.5769292076583952e-05,0.008280222304165363
4849,-11.432989690721655,97,83,0.8556701030927835,-0.010550058100761817,0.17454704858788966,1.5752451872685924e-05,0.013846703805029392
4850,-3.3594771241830017,102,101,0.9864052287581699,-0.0014473530732193787,0.035255909202610965,1.5786954463692382e-05,0.793662428855896
4851,-7.631578947368411,95,83,0.8736842105263158,-0.006418682561161404,0.012909651808236444,1.5786554286023602e-05,0.00473918579518795
4852,-8.937694704049846,107,106,0.9806230529595016,0.00608561779013084,0.006935122385895137,1.6023861462599598e-05,2.021310329437256
4853,-100.66834170854271,199,196,0.9833165829145729,0.02859556913895095,0.048515332968606766,1.582924960530363e-05,0.4781090319156647
4854,-7.631578947368411,95,83,0.8736842105263158,0.016266314113636327,0.008399208720674733,1.5829240510356613e-05,0.008831167593598366
4855,43.704402515723274,53,52,0.9670440251572328,0.020681533695058096,2.0737905238647194,1.5830220945645124e-05,0.2225162386894226
4856,43.888888888888886,45,40,0.8888888888888888,-0.3013682925775356,0.3511107687126014,1.5775187421240844e-05,0.08423765748739243
4857,40.95652173913044,46,40,0.8695652173913043,-0.2331056767173436,0.27270531069286136,1.5365487342933193e-05,0.058270443230867386
4858,63.95652173913044,23,20,0.8695652173913043,-0.06639329725130949,0.09264580231108255,1.529733526695054e-05,0.06245061010122299
4859,-7.631578947368411,95,83,0.8736842105263158,-0.03417493535244631,0.07843404224382938,1.5297327990992926e-05,0.013272774405777454
4860,-9.541666666666657,96,83,0.8645833333333334,-0.051094564084371186,0.008302986646017127,1.5297167919925414e-05,0.015616079792380333
4861,40.95652173913044,46,40,0.8695652173913043,0.02940270921678234,0.7807052657831548,1.529737164673861e-05,0.053323015570640564
4862,43.8930817610063,53,52,0.9689308176100629,0.18807573572873082,2.0725235128758186,1.726930531731341e-05,5.626214027404785
4863,40.95652173913044,46,40,0.8695652173913043,0.018325192558506842,0.8885328271729591,1.7269203453906812e-05,0.0018930899677798152
4864,-5.961538461538453,104,103,0.9803846153846154,-0.007302353270215889,0.038435224778649586,1.7283697161474265e-05,0.619940996170044
4865,40.95652173913044,46,40,0.8695652173913043,-0.03882407754281303,0.4223372643808041,1.728365350572858e-05,0.008652706630527973
4866,47.29931972789116,49,48,0.9629931972789115,0.03598439796061825,0.14323764481167725,1.7951108020497486e-05,3.306305170059204
4867,47.13333333333334,50,49,0.9713333333333334,0.07759519307765483,0.07593827772521067,1.7404299796908163e-05,0.7791410684585571
4868,63.95652173913044,23,20,0.8695652173913043,-0.04001200797519289,0.05094395449671363,1.740432344377041e-05,0.061096519231796265
4869,-6.480769230769226,104,102,0.9751923076923077,0.00305516066530434,0.017524984072209093,1.353829156869324e-05,1.386529803276062
4870,-6.480769230769226,104,102,0.9751923076923077,-0.0024907971341777964,0.022013233720912243,1.1969324987148866e-05,1.0295253992080688
4871,63.95652173913044,23,20,0.8695652173913043,-0.129546919631224,0.6336147089563227,1.1969154911639635e-05,0.017822925001382828
4872,-5.110032362459549,103,101,0.9788996763754045,-0.006322561650306646,0.009628318627928045,1.202160547109088e-05,1.1245136260986328
4873,-7.051282051282058,104,101,0.9694871794871794,-0.008497539974364532,0.04495455094045877,1.204309501190437e-05,0.7768988013267517
4874,63.95652173913044,23,20,0.8695652173913043,-0.11824608883506471,0.5564003555421095,1.2043260539940093e-05,0.032114483416080475
4875,-9.043613707165107,107,105,0.979563862928349,-0.006448188603142611,0.033621244234314604,1.2192404938105028e-05,1.7603724002838135
4876,-110.85964912280701,209,206,0.9814035087719298,0.050897398415245626,0.1004610861483717,1.2200569472042844e-05,0.7717455625534058
4877,46.7516339869281,51,51,0.977516339869281,-0.0038175858021303744,0.35418654769008334,1.2255562978680246e-05,0.7747066617012024
4878,-2.8151815181518174,101,100,0.9818481848184818,-0.002146901059938977,0.050237519638237284,1.2264938050066121e-05,0.2545379102230072
4879,-110.85964912280701,209,206,0.9814035087719298,0.06644405088389532,0.09536312498145992,1.2252955457370263e-05,0.6493220925331116
4880,-7.631578947368411,95,83,0.8736842105263158,-0.0668078769602829,0.21504969303185137,1.2252497072040569e-05,0.012177789583802223
4881,-7.051282051282058,104,101,0.9694871794871794,0.0007317305768622102,0.003590935657950239,1.2127952686569188e-05,0.7739372849464417
4882,-9.043613707165107,107,105,0.979563862928349,-0.006407638313974616,0.010540040035503238,1.2249000974406954e-05,1.6156818866729736
4883,40.95652173913044,46,40,0.8695652173913043,-0.11870204230672243,0.3319021749276274,1.224979951075511e-05,0.06874570995569229
4884,48.68707482993197,49,48,0.9768707482993197,-0.03311566438963931,0.3921658227106235,1.3378138646658044e-05,4.110701560974121
4885,-4.2549019607843235,102,100,0.9774509803921568,0.0057985438819844895,0.14410649285563487,1.3117485650582239e-05,1.4490842819213867
4886,-6.480769230769226,104,102,0.9751923076923077,0.0011161180251120762,0.061597501255565186,1.3145730008545797e-05,1.0389354228973389
4887,-7.1079365079365004,105,104,0.978920634920635,3.854647161460889e-06,0.07206172129913307,1.3493761798599735e-05,2.6012587547302246
4888,-9.541666666666657,96,83,0.8645833333333334,-0.0752394134599399,0.046989229281621914,1.3452498933474999e-05,0.0016464237123727798
4889,-107.9243156199678,207,206,0.990756843800322,0.07378222692049505,0.017853376319196253,1.3572837815445382e-05,1.6406505107879639
4890,49.70748299319729,49,49,0.9870748299319728,0.019189580266287223,0.8327438638534364,1.3706006029678974e-05,1.2616770267486572
4891,63.95652173913044,23,20,0.8695652173913043,-0.0021186629678027202,2.88694766762207,1.31122842503828e-05,0.02876950614154339
4892,-108.45893719806763,207,204,0.9854106280193237,0.05109923032527708,0.029927767739517334,1.3407172446022741e-05,2.4054815769195557
4893,-9.541666666666657,96,83,0.8645833333333334,-0.05446509559845936,0.22445764987577937,1.3406117432168685e-05,0.016296038404107094
4894,-104.76026272577997,203,200,0.9823973727422003,0.05002083868807361,0.0832356558572565,1.3534167010220699e-05,1.7929143905639648
4895,63.95652173913044,23,20,0.8695652173913043,-0.07640981381697998,0.23069600241612065,1.3534509889723267e-05,0.04526130110025406
4896,-5.961538461538453,104,103,0.9803846153846154,-0.02290304883337413,0.04186658681004478,1.3541628504754044e-05,0.6637891530990601
4897,-9.541666666666657,96,83,0.8645833333333334,-0.03657093588117277,0.42285744784994117,1.3540691725211218e-05,0.007894452661275864
4898,-7.051282051282058,104,101,0.9694871794871794,-0.018159235380213246,0.017387516231419865,1.3421850781014655e-05,0.07950834184885025
4899,40.95652173913044,46,40,0.8695652173913043,-0.28229306700939105,0.41170177108512007,1.3423117707134224e-05,0.09241074323654175
4900,-9.541666666666657,96,83,0.8645833333333334,-0.025647376922279363,0.33842804949198785,1.3423053133010399e-05,0.01826634630560875
4901,-9.541666666666657,96,83,0.8645833333333334,-0.021596061101718078,0.29635842718141686,1.228696510224836e-05,0.007265915162861347
4902,-9.541666666666657,96,83,0.8645833333333334,-0.02516362606584721,0.14987666304269234,1.228657038154779e-05,0.0030815505888313055
4903,47.29931972789116,49,48,0.9629931972789115,-0.06677863931966499,0.9800408683530076,1.3396438589552417e-05,4.102442741394043
4904,-9.541666666666657,96,83,0.8645833333333334,-0.030343396388127886,0.021396892945407364,1.3325698091648519e-05,0.025553889572620392
4905,-102.70149253731343,201,198,0.9829850746268657,0.10426251480420393,0.04990421196700904,1.4945640032237861e-05,5.273020267486572
4906,40.95652173913044,46,40,0.8695652173913043,-0.06607062357306859,0.144652254045595,1.3264926565170754e-05,0.06092606857419014
4907,-11.432989690721655,97,83,0.8556701030927835,-0.0363561863243107,0.005685120548477842,1.1073099813074805e-05,0.03311920911073685
4908,-109.9326923076923,208,204,0.9806730769230769,0.09726787734337151,0.04442419506204804,1.2583648640429601e-05,5.424736499786377
4909,-7.631578947368411,95,83,0.8736842105263158,-0.051615267811641274,0.20251932438081746,1.2577322195284069e-05,0.012736043892800808
4910,63.95652173913044,23,20,0.8695652173913043,0.06923612131504342,3.163256775233478,1.2577965208038222e-05,0.04249989241361618
4911,-7.1079365079365004,105,104,0.978920634920635,-0.005500474806312994,0.2825837428746494,1.27104594866978e-05,1.8147085905075073
4912,63.95652173913044,23,20,0.8695652173913043,0.008340814907569438,1.1021340247912406,1.2612056707439478e-05,0.05632519721984863
4913,-2.8151815181518174,101,100,0.9818481848184818,-0.008212688937064172,0.4225380086717353,1.2241295735293534e-05,0.2784896492958069
4914,-5.702127659574472,94,83,0.8829787234042553,-0.053493357263278085,0.09452137817984432,1.2241280273883604e-05,0.015033751726150513
4915,43.8930817610063,53,52,0.9689308176100629,0.01888260182724683,0.6488496846816693,1.5014055861684028e-05,6.769301891326904
4916,63.95652173913044,23,20,0.8695652173913043,-0.09430283364781644,0.25231976845417137,1.5012929907243233e-05,0.014019492082297802
4917,-104.76026272577997,203,200,0.9823973727422003,-0.048857776694347876,0.28770784585267645,1.503311978012789e-05,0.8015346527099609
4918,-9.541666666666657,96,83,0.8645833333333334,0.006975449980810566,0.15634771878391365,1.5032922419777606e-05,0.00010854992433451116
4919,63.95652173913044,23,20,0.8695652173913043,-0.1273421801688528,0.45302457026848814,1.5032210285426117e-05,0.04914276301860809
4920,-109.40064102564102,208,206,0.9859935897435897,0.023273188187995595,0.04619371002637615,1.6990999938570894e-05,5.868027687072754
4921,-9.541666666666657,96,83,0.8645833333333334,0.05220166922867975,0.08661208524278545,1.6874952052603476e-05,0.01923435740172863
4922,-105.4673202614379,204,202,0.9853267973856209,0.038476276042379735,0.017665648406772462,1.6869846149347723e-05,0.29186388850212097
4923,-108.53945249597423,207,204,0.9846054750402576,0.09797270672691331,0.042266149592844526,2.0443289031391032e-05,7.903041839599609
4924,-7.1079365079365004,105,104,0.978920634920635,0.027993328536919066,0.1508242863669136,2.0976021914975718e-05,3.296461820602417
4925,63.95652173913044,23,20,0.8695652173913043,-0.04314031957960651,0.10071386043688735,2.097167816828005e-05,0.0032542976550757885
4926,-9.541666666666657,96,83,0.8645833333333334,0.04577812667733028,0.10598274928525564,2.0971630874555558e-05,0.008171197026968002
4927,-8.937694704049846,107,106,0.9806230529595016,0.025691918807131748,0.03165337309763605,2.1507430574274622e-05,3.3321633338928223
4928,47.29931972789116,49,48,0.9629931972789115,-0.022388114330216743,0.1356396331808476,2.7230926207266748e-05,9.311455726623535
4929,46.56410256410257,52,52,0.9856410256410256,0.022064112158573734,0.04362646427899686,2.7126310669700615e-05,1.259116768836975
4930,-9.541666666666657,96,83,0.8645833333333334,0.0066398929491029435,0.14693426763437029,2.7045767637901008e-05,0.016553547233343124
4931,63.95652173913044,23,20,0.8695652173913043,-0.019607354170432245,0.42246101997052465,2.6767505914904177e-05,0.008728067390620708
4932,63.95652173913044,23,20,0.8695652173913043,-0.015595091558807894,0.23904663570903928,2.6766974769998342e-05,0.002913037547841668
4933,-5.961538461538453,104,103,0.9803846153846154,0.03479343261648971,0.03014494240109783,2.6770141630549915e-05,0.10677739232778549
4934,-7.1079365079365004,105,104,0.978920634920635,0.03828781995270081,0.04928993252108482,2.688537279027514e-05,1.1586823463439941
4935,-105.54575163398692,204,201,0.9845424836601308,-0.0028725980470625245,0.4186442471537879,2.6866833650274202e-05,0.6995038986206055
4936,-3.4224422442244276,101,99,0.9757755775577558,0.10603554430298442,0.04723064435573731,2.6883926693699323e-05,0.350638747215271
4937,46.7516339869281,51,51,0.977516339869281,-0.0682276224321631,0.7600089814005301,2.691412009880878e-05,0.5215620398521423
4938,40.95652173913044,46,40,0.8695652173913043,-0.22930351454211362,0.2185781821408015,2.6916532078757882e-05,0.14266447722911835
4939,59.33333333333334,24,20,0.8333333333333334,-0.10020900779636577,0.4883784181578754,2.691683403099887e-05,0.06617958098649979
4940,-5.702127659574472,94,83,0.8829787234042553,-0.1137574888243762,0.014230274662484945,2.6810266717802733e-05,0.05578837916254997
4941,59.33333333333334,24,20,0.8333333333333334,-0.05250041576618969,0.011068570729071858,2.681099795154296e-05,0.05317506566643715
4942,-4.2549019607843235,102,100,0.9774509803921568,-0.004676867524226415,0.01595198638270504,2.679592762433458e-05,0.4005641043186188
4943,40.95652173913044,46,40,0.8695652173913043,-0.09441626061561692,0.1687299551446042,2.663763916643802e-05,0.02600930444896221
4944,47.29931972789116,49,48,0.9629931972789115,-0.04600031912464253,0.1485128463412133,2.9732982511632144e-05,6.926055431365967
4945,-9.541666666666657,96,83,0.8645833333333334,-0.11095266785036983,0.06018014143361366,2.9728444133070298e-05,0.012272175401449203
4946,40.95652173913044,46,40,0.8695652173913043,-0.05803584684468177,0.5368263097727919,2.9680180887226015e-05,0.03137315809726715
4947,40.95652173913044,46,40,0.8695652173913043,-0.06732383336855463,0.5944576106714511,2.9680979423574172e-05,0.08929995447397232
4948,46.46153846153847,52,52,0.9846153846153847,0.04227013378279487,0.8810329349516337,3.054154876735993e-05,3.622056245803833
4949,-99.21885521885523,198,196,0.9878114478114478,-0.0031537072949272974,0.14536407238517063,3.054106855415739e-05,0.10495606809854507
4950,-109.9326923076923,208,204,0.9806730769230769,-0.009418713921047357,0.017613732952010772,3.05512803606689e-05,0.9031601548194885
4951,40.95652173913044,46,40,0.8695652173913043,-0.07348905195294719,0.24164554304542973,3.0551484087482095e-05,0.037120793014764786
4952,46.56410256410257,52,52,0.9856410256410256,0.014555886757189995,0.1518204540690533,3.0376293580047786e-05,0.8637677431106567
4953,46.46153846153847,52,52,0.9846153846153847,0.07706061999516578,0.03244768337564374,3.087002187385224e-05,2.8061230182647705
4954,-7.1079365079365004,105,104,0.978920634920635,0.0009606879468397906,0.3620822647257676,3.154340083710849e-05,3.3627867698669434
4955,-108.53945249597423,207,204,0.9846054750402576,0.07542334198848522,0.309624506398347,3.161911809002049e-05,1.1962134838104248
4956,48.102040816326536,49,48,0.9710204081632653,-0.03732767108322621,0.9928435202851347,4.170284591964446e-05,12.774298667907715
4957,43.888888888888886,45,40,0.8888888888888888,-0.2099428248930053,0.07527991482538904,4.170279498794116e-05,0.012921398505568504
4958,46.46153846153847,52,52,0.9846153846153847,0.035110243839259425,0.6256266468913559,4.174421701463871e-05,0.8708234429359436
4959,-9.541666666666657,96,83,0.8645833333333334,-0.08520883731863194,0.22418276762246778,4.1744195186765864e-05,0.008957872167229652
4960,63.95652173913044,23,20,0.8695652173913043,-0.06265434968846506,0.06716732682873783,4.174471177975647e-05,0.07308139652013779
4961,43.888888888888886,45,40,0.8888888888888888,-0.16197293405230084,0.028312309557659177,4.174471541773528e-05,0.054831940680742264
4962,48.68707482993197,49,48,0.9768707482993197,-0.019025374589595856,0.14958087988527424,4.1086033888859674e-05,4.567874908447266
4963,63.95652173913044,23,20,0.8695652173913043,-0.02565683148391429,0.6507594620997079,4.108601569896564e-05,0.04769447073340416
4964,-110.85964912280701,209,206,0.9814035087719298,0.0013222444809821922,0.3545791032670185,4.106148480786942e-05,0.1620524376630783
4965,-9.541666666666657,96,83,0.8645833333333334,-0.08116034007881012,0.052728260032967315,4.106158303329721e-05,0.01808144897222519
4966,59.33333333333334,24,20,0.8333333333333334,-0.07502393442875643,0.2538338297558097,4.0401788282906637e-05,0.17268426716327667
4967,63.95652173913044,23,20,0.8695652173913043,-0.011709258715370652,0.9662103780732156,4.0365452150581405e-05,0.05259812995791435
4968,59.33333333333334,24,20,0.8333333333333334,-0.061761982346979494,0.09749593804975554,4.0365375753026456e-05,0.0444083996117115
4969,-109.40064102564102,208,206,0.9859935897435897,0.07983765008942949,0.020548356568980256,4.038221595692448e-05,1.4808320999145508
4970,40.95652173913044,46,40,0.8695652173913043,-0.14375743964501453,0.02575404476576919,4.0315630030818284e-05,0.0357075110077858
4971,-7.631578947368411,95,83,0.8736842105263158,-0.06110791365620116,0.022408320447625425,4.031578646390699e-05,0.03319338709115982
4972,40.95652173913044,46,40,0.8695652173913043,-0.15300437327355,0.040342446578281024,4.023507426609285e-05,0.06525830179452896
4973,-11.432989690721655,97,83,0.8556701030927835,-0.03569628868186214,0.03977857686788512,4.019503103336319e-05,0.02425047568976879
4974,-4.91585760517799,103,102,0.98084142394822,0.02161024837325634,0.47989135846424474,4.019514744868502e-05,0.09058842062950134
4975,38.1063829787234,47,40,0.851063829787234,-0.16648641269534892,0.14601003648060934,3.999480395577848e-05,0.08379676938056946
4976,48.102040816326536,49,48,0.9710204081632653,-0.00039400085502760973,0.2070046999710829,4.032361539429985e-05,2.5288140773773193
4977,40.95652173913044,46,40,0.8695652173913043,-0.09026066484382689,0.01790834240060779,4.0294362406712025e-05,0.04094087705016136
4978,43.8930817610063,53,52,0.9689308176100629,0.04900480916489869,0.04097636196188681,4.071435614605434e-05,2.7076988220214844
4979,-108.53945249597423,207,204,0.9846054750402576,0.047753425991890225,0.02914361657760633,4.083258318132721e-05,1.4755537509918213
4980,40.95652173913044,46,40,0.8695652173913043,-0.07342117730851783,0.0903793793104976,4.0832412196323276e-05,0.0229685977101326
4981,-8.937694704049846,107,106,0.9806230529595016,0.07141782168118861,0.09536413592921278,4.509125210461207e-05,8.298110961914062
4982,-5.317152103559877,103,101,0.9768284789644013,0.015735597983253392,0.08649922715321601,4.4930977310286835e-05,0.3553057014942169
4983,-7.631578947368411,95,83,0.8736842105263158,-0.08057152878160423,0.03697943319941021,4.493087180890143e-05,0.027924619615077972
4984,49.36879432624113,47,46,0.9636879432624114,-0.040720509901366,0.03768553730528401,4.4881966459797695e-05,4.011941432952881
4985,59.33333333333334,24,20,0.8333333333333334,0.0009276138977014625,0.4207935129065149,4.474452362046577e-05,0.0805024728178978
4986,63.95652173913044,23,20,0.8695652173913043,0.0004489168438794877,1.0952994294382046,4.4671040086541325e-05,0.1300189048051834
4987,46.733333333333334,50,49,0.9673333333333334,0.021484584475960133,0.029517662171869574,4.428825923241675e-05,0.896725058555603
4988,-7.051282051282058,104,101,0.9694871794871794,-0.0020580100274791846,0.005997560608061975,4.43832395831123e-05,1.168884038925171
4989,-6.480769230769226,104,102,0.9751923076923077,-0.006710627090021903,0.007131669354676906,4.420857658260502e-05,0.25818032026290894
4990,-105.44117647058823,204,202,0.9855882352941177,-0.054350352247291844,0.28639607892677316,4.4124721171101555e-05,0.1313297599554062
4991,40.95652173913044,46,40,0.8695652173913043,-0.1985037537479144,0.21755370534009355,4.412476482684724e-05,0.06775930523872375
4992,-7.631578947368411,95,83,0.8736842105263158,-0.029965521900474856,0.003179563785152764,4.374423224362545e-05,0.029935387894511223
4993,-7.1079365079365004,105,104,0.978920634920635,0.04196961089124329,0.1884861902728474,4.653018186218105e-05,6.664566516876221
4994,-2.8151815181518174,101,100,0.9818481848184818,-0.013954359110350367,0.46079991090595374,4.632832497009076e-05,0.31238871812820435
4995,-9.541666666666657,96,83,0.8645833333333334,-0.012667082418108322,0.026347167940995554,4.632844138541259e-05,0.012143556959927082
4996,63.95652173913044,23,20,0.8695652173913043,-0.09484553087969516,0.368411228235054,4.629710747394711e-05,0.06423131376504898
4997,-104.76026272577997,203,200,0.9823973727422003,0.038120460437198744,0.02394242713500693,4.636832090909593e-05,1.026287317276001
4998,46.46153846153847,52,52,0.9846153846153847,0.029375815876045763,0.4468299051471316,4.643394277081825e-05,1.0908852815628052
4999,48.68707482993197,49,48,0.9768707482993197,-0.04436009995145995,0.41943377327689124,4.768086000694893e-05,4.578318119049072
